{
  "type": "FeatureCollection",
  "name": "09000_栃木県",
  "features": [
    {
      "type": "Feature",
      "geometry": {
        "type": "Point",
        "coordinates": [
          140.018847,
          36.759941
        ]
      },
      "properties": {
        "NO": "1",
        "共通ID": "E0921400005111",
        "施設・場所名": "下河戸南多目的集会施設",
        "住所": "栃木県さくら市下河戸328-2",
        "指定緊急避難場所との住所同一": "1",
        "その他市町村長が必要と認める事項": null,
        "受入対象者": null,
        "備考": ""
      }
    },
    {
      "type": "Feature",
      "geometry": {
        "type": "Point",
        "coordinates": [
          140.038191,
          36.705681
        ]
      },
      "properties": {
        "NO": "2",
        "共通ID": "E0921400006111",
        "施設・場所名": "葛城公民館",
        "住所": "栃木県さくら市葛城1455-1",
        "指定緊急避難場所との住所同一": "1",
        "その他市町村長が必要と認める事項": null,
        "受入対象者": null,
        "備考": ""
      }
    },
    {
      "type": "Feature",
      "geometry": {
        "type": "Point",
        "coordinates": [
          140.008779,
          36.737672
        ]
      },
      "properties": {
        "NO": "3",
        "共通ID": "E0921400007111",
        "施設・場所名": "松田多目的集会施設",
        "住所": "栃木県さくら市喜連川2489-1",
        "指定緊急避難場所との住所同一": "1",
        "その他市町村長が必要と認める事項": null,
        "受入対象者": null,
        "備考": ""
      }
    },
    {
      "type": "Feature",
      "geometry": {
        "type": "Point",
        "coordinates": [
          140.00283,
          36.733493
        ]
      },
      "properties": {
        "NO": "4",
        "共通ID": "E0921400008111",
        "施設・場所名": "西河原公民館",
        "住所": "栃木県さくら市喜連川2965-1",
        "指定緊急避難場所との住所同一": "1",
        "その他市町村長が必要と認める事項": null,
        "受入対象者": null,
        "備考": ""
      }
    },
    {
      "type": "Feature",
      "geometry": {
        "type": "Point",
        "coordinates": [
          140.025628,
          36.72089
        ]
      },
      "properties": {
        "NO": "5",
        "共通ID": "E0921400009111",
        "施設・場所名": "喜連川小学校",
        "住所": "栃木県さくら市喜連川3911",
        "指定緊急避難場所との住所同一": "1",
        "その他市町村長が必要と認める事項": null,
        "受入対象者": null,
        "備考": ""
      }
    },
    {
      "type": "Feature",
      "geometry": {
        "type": "Point",
        "coordinates": [
          140.032766,
          36.715424
        ]
      },
      "properties": {
        "NO": "6",
        "共通ID": "E0921400010111",
        "施設・場所名": "道の駅きつれがわ",
        "住所": "栃木県さくら市喜連川4145-10",
        "指定緊急避難場所との住所同一": "1",
        "その他市町村長が必要と認める事項": null,
        "受入対象者": null,
        "備考": ""
      }
    },
    {
      "type": "Feature",
      "geometry": {
        "type": "Point",
        "coordinates": [
          140.035226,
          36.72112
        ]
      },
      "properties": {
        "NO": "7",
        "共通ID": "E0921400012111",
        "施設・場所名": "旧喜連川高等学校",
        "住所": "栃木県さくら市喜連川561",
        "指定緊急避難場所との住所同一": "1",
        "その他市町村長が必要と認める事項": null,
        "受入対象者": null,
        "備考": ""
      }
    },
    {
      "type": "Feature",
      "geometry": {
        "type": "Point",
        "coordinates": [
          140.032862,
          36.731658
        ]
      },
      "properties": {
        "NO": "8",
        "共通ID": "E0921400013111",
        "施設・場所名": "喜連川中学校",
        "住所": "栃木県さくら市喜連川5691",
        "指定緊急避難場所との住所同一": "1",
        "その他市町村長が必要と認める事項": null,
        "受入対象者": null,
        "備考": ""
      }
    },
    {
      "type": "Feature",
      "geometry": {
        "type": "Point",
        "coordinates": [
          140.030847,
          36.723101
        ]
      },
      "properties": {
        "NO": "9",
        "共通ID": "E0921400014111",
        "施設・場所名": "喜連川保健センター",
        "住所": "栃木県さくら市喜連川807-8",
        "指定緊急避難場所との住所同一": "1",
        "その他市町村長が必要と認める事項": null,
        "受入対象者": null,
        "備考": ""
      }
    },
    {
      "type": "Feature",
      "geometry": {
        "type": "Point",
        "coordinates": [
          140.030926,
          36.72257
        ]
      },
      "properties": {
        "NO": "10",
        "共通ID": "E0921400015111",
        "施設・場所名": "わくわく保育園",
        "住所": "栃木県さくら市喜連川837-1",
        "指定緊急避難場所との住所同一": "1",
        "その他市町村長が必要と認める事項": null,
        "受入対象者": null,
        "備考": ""
      }
    },
    {
      "type": "Feature",
      "geometry": {
        "type": "Point",
        "coordinates": [
          140.004227,
          36.685016
        ]
      },
      "properties": {
        "NO": "11",
        "共通ID": "E0921400018111",
        "施設・場所名": "熟田小学校",
        "住所": "栃木県さくら市狭間田1702",
        "指定緊急避難場所との住所同一": "1",
        "その他市町村長が必要と認める事項": null,
        "受入対象者": null,
        "備考": ""
      }
    },
    {
      "type": "Feature",
      "geometry": {
        "type": "Point",
        "coordinates": [
          139.96261,
          36.663632
        ]
      },
      "properties": {
        "NO": "12",
        "共通ID": "E0921400021111",
        "施設・場所名": "南小学校",
        "住所": "栃木県さくら市氏家1061-3",
        "指定緊急避難場所との住所同一": "1",
        "その他市町村長が必要と認める事項": "",
        "受入対象者": "",
        "備考": ""
      }
    },
    {
      "type": "Feature",
      "geometry": {
        "type": "Point",
        "coordinates": [
          139.962738,
          36.686453
        ]
      },
      "properties": {
        "NO": "13",
        "共通ID": "E0921400024111",
        "施設・場所名": "氏家小学校",
        "住所": "栃木県さくら市氏家2491",
        "指定緊急避難場所との住所同一": "1",
        "その他市町村長が必要と認める事項": null,
        "受入対象者": null,
        "備考": ""
      }
    },
    {
      "type": "Feature",
      "geometry": {
        "type": "Point",
        "coordinates": [
          139.968822,
          36.686057
        ]
      },
      "properties": {
        "NO": "14",
        "共通ID": "E0921400027111",
        "施設・場所名": "氏家体育館",
        "住所": "栃木県さくら市氏家2730",
        "指定緊急避難場所との住所同一": "1",
        "その他市町村長が必要と認める事項": null,
        "受入対象者": null,
        "備考": ""
      }
    },
    {
      "type": "Feature",
      "geometry": {
        "type": "Point",
        "coordinates": [
          139.965756,
          36.689593
        ]
      },
      "properties": {
        "NO": "15",
        "共通ID": "E0921400028111",
        "施設・場所名": "さくら清修高等学校",
        "住所": "栃木県さくら市氏家2807",
        "指定緊急避難場所との住所同一": "1",
        "その他市町村長が必要と認める事項": null,
        "受入対象者": null,
        "備考": ""
      }
    },
    {
      "type": "Feature",
      "geometry": {
        "type": "Point",
        "coordinates": [
          139.969682,
          36.700702
        ]
      },
      "properties": {
        "NO": "16",
        "共通ID": "E0921400029111",
        "施設・場所名": "氏家中学校",
        "住所": "栃木県さくら市氏家3243",
        "指定緊急避難場所との住所同一": "1",
        "その他市町村長が必要と認める事項": null,
        "受入対象者": null,
        "備考": ""
      }
    },
    {
      "type": "Feature",
      "geometry": {
        "type": "Point",
        "coordinates": [
          139.962415,
          36.705842
        ]
      },
      "properties": {
        "NO": "17",
        "共通ID": "E0921400030111",
        "施設・場所名": "ふれあい保育園",
        "住所": "栃木県さくら市氏家3263-6",
        "指定緊急避難場所との住所同一": "1",
        "その他市町村長が必要と認める事項": null,
        "受入対象者": null,
        "備考": ""
      }
    },
    {
      "type": "Feature",
      "geometry": {
        "type": "Point",
        "coordinates": [
          139.9694,
          36.707273
        ]
      },
      "properties": {
        "NO": "18",
        "共通ID": "E0921400031111",
        "施設・場所名": "上松山小学校",
        "住所": "栃木県さくら市氏家3496",
        "指定緊急避難場所との住所同一": "1",
        "その他市町村長が必要と認める事項": null,
        "受入対象者": null,
        "備考": ""
      }
    },
    {
      "type": "Feature",
      "geometry": {
        "type": "Point",
        "coordinates": [
          140.049291,
          36.734648
        ]
      },
      "properties": {
        "NO": "19",
        "共通ID": "E0921400032111",
        "施設・場所名": "金鹿体育館",
        "住所": "栃木県さくら市鹿子畑1221",
        "指定緊急避難場所との住所同一": "1",
        "その他市町村長が必要と認める事項": "",
        "受入対象者": "",
        "備考": ""
      }
    },
    {
      "type": "Feature",
      "geometry": {
        "type": "Point",
        "coordinates": [
          140.001183,
          36.70009
        ]
      },
      "properties": {
        "NO": "20",
        "共通ID": "E0921400034111",
        "施設・場所名": "たいよう保育園",
        "住所": "栃木県さくら市松山796-1",
        "指定緊急避難場所との住所同一": "1",
        "その他市町村長が必要と認める事項": null,
        "受入対象者": null,
        "備考": ""
      }
    },
    {
      "type": "Feature",
      "geometry": {
        "type": "Point",
        "coordinates": [
          140.00313,
          36.773813
        ]
      },
      "properties": {
        "NO": "21",
        "共通ID": "E0921400042111",
        "施設・場所名": "河戸体育館",
        "住所": "栃木県さくら市上河戸1826",
        "指定緊急避難場所との住所同一": "1",
        "その他市町村長が必要と認める事項": "",
        "受入対象者": "",
        "備考": ""
      }
    },
    {
      "type": "Feature",
      "geometry": {
        "type": "Point",
        "coordinates": [
          140.006731,
          36.715306
        ]
      },
      "properties": {
        "NO": "22",
        "共通ID": "E0921400043111",
        "施設・場所名": "早乙女公民館",
        "住所": "栃木県さくら市早乙女860",
        "指定緊急避難場所との住所同一": "1",
        "その他市町村長が必要と認める事項": null,
        "受入対象者": null,
        "備考": ""
      }
    },
    {
      "type": "Feature",
      "geometry": {
        "type": "Point",
        "coordinates": [
          139.954378,
          36.681815
        ]
      },
      "properties": {
        "NO": "23",
        "共通ID": "E0921400045111",
        "施設・場所名": "あおぞら保育園",
        "住所": "栃木県さくら市草川42",
        "指定緊急避難場所との住所同一": "1",
        "その他市町村長が必要と認める事項": null,
        "受入対象者": null,
        "備考": ""
      }
    },
    {
      "type": "Feature",
      "geometry": {
        "type": "Point",
        "coordinates": [
          139.946544,
          36.714755
        ]
      },
      "properties": {
        "NO": "24",
        "共通ID": "E0921400047111",
        "施設・場所名": "押上小学校",
        "住所": "栃木県さくら市長久保814",
        "指定緊急避難場所との住所同一": "1",
        "その他市町村長が必要と認める事項": null,
        "受入対象者": null,
        "備考": ""
      }
    },
    {
      "type": "Feature",
      "geometry": {
        "type": "Point",
        "coordinates": [
          139.968882,
          36.716001
        ]
      },
      "properties": {
        "NO": "25",
        "共通ID": "E0921400048111",
        "施設・場所名": "女性アグリセンター",
        "住所": "栃木県さくら市箱森新田157",
        "指定緊急避難場所との住所同一": "1",
        "その他市町村長が必要と認める事項": null,
        "受入対象者": null,
        "備考": ""
      }
    },
    {
      "type": "Feature",
      "geometry": {
        "type": "Point",
        "coordinates": [
          140.063313,
          36.762202
        ]
      },
      "properties": {
        "NO": "26",
        "共通ID": "E0921400050112",
        "施設・場所名": "穂積体育館",
        "住所": "栃木県さくら市穂積478",
        "指定緊急避難場所との住所同一": "1",
        "その他市町村長が必要と認める事項": "",
        "受入対象者": "",
        "備考": ""
      }
    },
    {
      "type": "Feature",
      "geometry": {
        "type": "Point",
        "coordinates": [
          139.987731,
          36.750138
        ]
      },
      "properties": {
        "NO": "27",
        "共通ID": "E0921400052111",
        "施設・場所名": "鷲宿体育館",
        "住所": "栃木県さくら市鷲宿6105",
        "指定緊急避難場所との住所同一": "1",
        "その他市町村長が必要と認める事項": "",
        "受入対象者": "",
        "備考": ""
      }
    },
    {
      "type": "Feature",
      "geometry": {
        "type": "Point",
        "coordinates": [
          139.967546,
          36.684503
        ]
      },
      "properties": {
        "NO": "28",
        "共通ID": "E0921400054111",
        "施設・場所名": "氏家保健センター",
        "住所": "栃木県さくら市櫻野1319-3",
        "指定緊急避難場所との住所同一": "1",
        "その他市町村長が必要と認める事項": null,
        "受入対象者": null,
        "備考": ""
      }
    },
    {
      "type": "Feature",
      "geometry": {
        "type": "Point",
        "coordinates": [
          139.967739,
          36.684912
        ]
      },
      "properties": {
        "NO": "29",
        "共通ID": "E0921400055111",
        "施設・場所名": "氏家図書館",
        "住所": "栃木県さくら市櫻野1321",
        "指定緊急避難場所との住所同一": "1",
        "その他市町村長が必要と認める事項": null,
        "受入対象者": null,
        "備考": ""
      }
    },
    {
      "type": "Feature",
      "geometry": {
        "type": "Point",
        "coordinates": [
          139.968403,
          36.685024
        ]
      },
      "properties": {
        "NO": "30",
        "共通ID": "E0921400056111",
        "施設・場所名": "氏家公民館",
        "住所": "栃木県さくら市櫻野1322-8",
        "指定緊急避難場所との住所同一": "1",
        "その他市町村長が必要と認める事項": null,
        "受入対象者": null,
        "備考": ""
      }
    },
    {
      "type": "Feature",
      "geometry": {
        "type": "Point",
        "coordinates": [
          139.970281,
          36.686596
        ]
      },
      "properties": {
        "NO": "31",
        "共通ID": "E0921400057111",
        "施設・場所名": "氏家福祉センター",
        "住所": "栃木県さくら市櫻野1329",
        "指定緊急避難場所との住所同一": "1",
        "その他市町村長が必要と認める事項": null,
        "受入対象者": null,
        "備考": ""
      }
    },
    {
      "type": "Feature",
      "geometry": {
        "type": "Point",
        "coordinates": [
          139.991506,
          36.571492
        ]
      },
      "properties": {
        "NO": "32",
        "共通ID": "E0920100001121",
        "施設・場所名": "ゆいの杜小学校",
        "住所": "栃木県宇都宮市ゆいの杜3-15-30",
        "指定緊急避難場所との住所同一": "1",
        "その他市町村長が必要と認める事項": null,
        "受入対象者": "要配慮者",
        "備考": ""
      }
    },
    {
      "type": "Feature",
      "geometry": {
        "type": "Point",
        "coordinates": [
          139.991389,
          36.571485
        ]
      },
      "properties": {
        "NO": "33",
        "共通ID": "E0920100001111",
        "施設・場所名": "ゆいの杜小学校",
        "住所": "栃木県宇都宮市ゆいの杜3-15-30",
        "指定緊急避難場所との住所同一": "1",
        "その他市町村長が必要と認める事項": null,
        "受入対象者": null,
        "備考": ""
      }
    },
    {
      "type": "Feature",
      "geometry": {
        "type": "Point",
        "coordinates": [
          139.879917,
          36.553344
        ]
      },
      "properties": {
        "NO": "34",
        "共通ID": "E0920100005121",
        "施設・場所名": "一条中学校",
        "住所": "栃木県宇都宮市一条1-4-7",
        "指定緊急避難場所との住所同一": "",
        "その他市町村長が必要と認める事項": "",
        "受入対象者": "要配慮者",
        "備考": ""
      }
    },
    {
      "type": "Feature",
      "geometry": {
        "type": "Point",
        "coordinates": [
          139.879972,
          36.553385
        ]
      },
      "properties": {
        "NO": "35",
        "共通ID": "E0920100005111",
        "施設・場所名": "一条中学校",
        "住所": "栃木県宇都宮市一条1-4-7",
        "指定緊急避難場所との住所同一": "",
        "その他市町村長が必要と認める事項": "",
        "受入対象者": "",
        "備考": ""
      }
    },
    {
      "type": "Feature",
      "geometry": {
        "type": "Point",
        "coordinates": [
          139.879403,
          36.618113
        ]
      },
      "properties": {
        "NO": "36",
        "共通ID": "E0920100010121",
        "施設・場所名": "豊郷北小学校",
        "住所": "栃木県宇都宮市横山町411-3",
        "指定緊急避難場所との住所同一": "",
        "その他市町村長が必要と認める事項": null,
        "受入対象者": "要配慮者",
        "備考": ""
      }
    },
    {
      "type": "Feature",
      "geometry": {
        "type": "Point",
        "coordinates": [
          139.879452,
          36.618089
        ]
      },
      "properties": {
        "NO": "37",
        "共通ID": "E0920100010111",
        "施設・場所名": "豊郷北小学校",
        "住所": "栃木県宇都宮市横山町411-3",
        "指定緊急避難場所との住所同一": "",
        "その他市町村長が必要と認める事項": null,
        "受入対象者": null,
        "備考": ""
      }
    },
    {
      "type": "Feature",
      "geometry": {
        "type": "Point",
        "coordinates": [
          139.894571,
          36.517416
        ]
      },
      "properties": {
        "NO": "38",
        "共通ID": "E0920100011111",
        "施設・場所名": "横川中央小学校",
        "住所": "栃木県宇都宮市屋板町1072",
        "指定緊急避難場所との住所同一": "",
        "その他市町村長が必要と認める事項": "",
        "受入対象者": "",
        "備考": ""
      }
    },
    {
      "type": "Feature",
      "geometry": {
        "type": "Point",
        "coordinates": [
          139.894682,
          36.517437
        ]
      },
      "properties": {
        "NO": "39",
        "共通ID": "E0920100011121",
        "施設・場所名": "横川中央小学校",
        "住所": "栃木県宇都宮市屋板町1072",
        "指定緊急避難場所との住所同一": "",
        "その他市町村長が必要と認める事項": "",
        "受入対象者": "要配慮者",
        "備考": ""
      }
    },
    {
      "type": "Feature",
      "geometry": {
        "type": "Point",
        "coordinates": [
          139.903733,
          36.519069
        ]
      },
      "properties": {
        "NO": "40",
        "共通ID": "E0920100012111",
        "施設・場所名": "横川中学校",
        "住所": "栃木県宇都宮市屋板町143",
        "指定緊急避難場所との住所同一": "",
        "その他市町村長が必要と認める事項": "",
        "受入対象者": "",
        "備考": ""
      }
    },
    {
      "type": "Feature",
      "geometry": {
        "type": "Point",
        "coordinates": [
          139.903658,
          36.519071
        ]
      },
      "properties": {
        "NO": "41",
        "共通ID": "E0920100012121",
        "施設・場所名": "横川中学校",
        "住所": "栃木県宇都宮市屋板町143",
        "指定緊急避難場所との住所同一": "",
        "その他市町村長が必要と認める事項": "",
        "受入対象者": "要配慮者",
        "備考": ""
      }
    },
    {
      "type": "Feature",
      "geometry": {
        "type": "Point",
        "coordinates": [
          139.893899,
          36.521566
        ]
      },
      "properties": {
        "NO": "42",
        "共通ID": "E0920100013111",
        "施設・場所名": "サンアビリティーズ",
        "住所": "栃木県宇都宮市屋板町251-1",
        "指定緊急避難場所との住所同一": "",
        "その他市町村長が必要と認める事項": "",
        "受入対象者": "",
        "備考": ""
      }
    },
    {
      "type": "Feature",
      "geometry": {
        "type": "Point",
        "coordinates": [
          139.89396,
          36.521583
        ]
      },
      "properties": {
        "NO": "43",
        "共通ID": "E0920100013121",
        "施設・場所名": "サンアビリティーズ",
        "住所": "栃木県宇都宮市屋板町251-1",
        "指定緊急避難場所との住所同一": "",
        "その他市町村長が必要と認める事項": "",
        "受入対象者": "要配慮者",
        "備考": ""
      }
    },
    {
      "type": "Feature",
      "geometry": {
        "type": "Point",
        "coordinates": [
          139.898979,
          36.516854
        ]
      },
      "properties": {
        "NO": "44",
        "共通ID": "E0920100014121",
        "施設・場所名": "横川地区市民センター",
        "住所": "栃木県宇都宮市屋板町576-1",
        "指定緊急避難場所との住所同一": "",
        "その他市町村長が必要と認める事項": "",
        "受入対象者": "要配慮者",
        "備考": ""
      }
    },
    {
      "type": "Feature",
      "geometry": {
        "type": "Point",
        "coordinates": [
          139.898908,
          36.51682
        ]
      },
      "properties": {
        "NO": "45",
        "共通ID": "E0920100014111",
        "施設・場所名": "横川地区市民センター",
        "住所": "栃木県宇都宮市屋板町576-1",
        "指定緊急避難場所との住所同一": "",
        "その他市町村長が必要と認める事項": "",
        "受入対象者": "",
        "備考": ""
      }
    },
    {
      "type": "Feature",
      "geometry": {
        "type": "Point",
        "coordinates": [
          139.943895,
          36.597649
        ]
      },
      "properties": {
        "NO": "46",
        "共通ID": "E0920100015111",
        "施設・場所名": "岡本コミュニティプラザ",
        "住所": "栃木県宇都宮市下岡本町1954-10",
        "指定緊急避難場所との住所同一": "1",
        "その他市町村長が必要と認める事項": null,
        "受入対象者": null,
        "備考": ""
      }
    },
    {
      "type": "Feature",
      "geometry": {
        "type": "Point",
        "coordinates": [
          139.943908,
          36.597697
        ]
      },
      "properties": {
        "NO": "47",
        "共通ID": "E0920100015121",
        "施設・場所名": "岡本コミュニティプラザ",
        "住所": "栃木県宇都宮市下岡本町1954-10",
        "指定緊急避難場所との住所同一": "1",
        "その他市町村長が必要と認める事項": null,
        "受入対象者": "要配慮者",
        "備考": ""
      }
    },
    {
      "type": "Feature",
      "geometry": {
        "type": "Point",
        "coordinates": [
          139.906053,
          36.533031
        ]
      },
      "properties": {
        "NO": "48",
        "共通ID": "E0920100021121",
        "施設・場所名": "横川東小学校",
        "住所": "栃木県宇都宮市下栗町963",
        "指定緊急避難場所との住所同一": "1",
        "その他市町村長が必要と認める事項": null,
        "受入対象者": "要配慮者",
        "備考": ""
      }
    },
    {
      "type": "Feature",
      "geometry": {
        "type": "Point",
        "coordinates": [
          139.906094,
          36.533018
        ]
      },
      "properties": {
        "NO": "49",
        "共通ID": "E0920100021111",
        "施設・場所名": "横川東小学校",
        "住所": "栃木県宇都宮市下栗町963",
        "指定緊急避難場所との住所同一": "1",
        "その他市町村長が必要と認める事項": null,
        "受入対象者": null,
        "備考": ""
      }
    },
    {
      "type": "Feature",
      "geometry": {
        "type": "Point",
        "coordinates": [
          139.932237,
          36.506707
        ]
      },
      "properties": {
        "NO": "50",
        "共通ID": "E0920100022121",
        "施設・場所名": "瑞穂野地区市民センター",
        "住所": "栃木県宇都宮市下桑島町1030-1",
        "指定緊急避難場所との住所同一": "",
        "その他市町村長が必要と認める事項": "",
        "受入対象者": "要配慮者",
        "備考": ""
      }
    },
    {
      "type": "Feature",
      "geometry": {
        "type": "Point",
        "coordinates": [
          139.932234,
          36.506636
        ]
      },
      "properties": {
        "NO": "51",
        "共通ID": "E0920100022111",
        "施設・場所名": "瑞穂野地区市民センター",
        "住所": "栃木県宇都宮市下桑島町1030-1",
        "指定緊急避難場所との住所同一": "",
        "その他市町村長が必要と認める事項": "",
        "受入対象者": "",
        "備考": ""
      }
    },
    {
      "type": "Feature",
      "geometry": {
        "type": "Point",
        "coordinates": [
          139.930234,
          36.507169
        ]
      },
      "properties": {
        "NO": "52",
        "共通ID": "E0920100023111",
        "施設・場所名": "瑞穂野中学校",
        "住所": "栃木県宇都宮市下桑島町1078",
        "指定緊急避難場所との住所同一": "1",
        "その他市町村長が必要と認める事項": null,
        "受入対象者": null,
        "備考": ""
      }
    },
    {
      "type": "Feature",
      "geometry": {
        "type": "Point",
        "coordinates": [
          139.930053,
          36.507174
        ]
      },
      "properties": {
        "NO": "53",
        "共通ID": "E0920100023121",
        "施設・場所名": "瑞穂野中学校",
        "住所": "栃木県宇都宮市下桑島町1078",
        "指定緊急避難場所との住所同一": "1",
        "その他市町村長が必要と認める事項": null,
        "受入対象者": "要配慮者",
        "備考": ""
      }
    },
    {
      "type": "Feature",
      "geometry": {
        "type": "Point",
        "coordinates": [
          139.942529,
          36.508219
        ]
      },
      "properties": {
        "NO": "54",
        "共通ID": "E0920100024111",
        "施設・場所名": "瑞穂野北小学校",
        "住所": "栃木県宇都宮市下桑島町465",
        "指定緊急避難場所との住所同一": "",
        "その他市町村長が必要と認める事項": "",
        "受入対象者": "",
        "備考": ""
      }
    },
    {
      "type": "Feature",
      "geometry": {
        "type": "Point",
        "coordinates": [
          139.942482,
          36.508275
        ]
      },
      "properties": {
        "NO": "55",
        "共通ID": "E0920100024121",
        "施設・場所名": "瑞穂野北小学校",
        "住所": "栃木県宇都宮市下桑島町465",
        "指定緊急避難場所との住所同一": "",
        "その他市町村長が必要と認める事項": "",
        "受入対象者": "要配慮者",
        "備考": ""
      }
    },
    {
      "type": "Feature",
      "geometry": {
        "type": "Point",
        "coordinates": [
          139.838741,
          36.568709
        ]
      },
      "properties": {
        "NO": "56",
        "共通ID": "E0920100025121",
        "施設・場所名": "明保小学校",
        "住所": "栃木県宇都宮市下荒針町3456-2",
        "指定緊急避難場所との住所同一": "1",
        "その他市町村長が必要と認める事項": null,
        "受入対象者": "要配慮者",
        "備考": ""
      }
    },
    {
      "type": "Feature",
      "geometry": {
        "type": "Point",
        "coordinates": [
          139.838885,
          36.568731
        ]
      },
      "properties": {
        "NO": "57",
        "共通ID": "E0920100025111",
        "施設・場所名": "明保小学校",
        "住所": "栃木県宇都宮市下荒針町3456-2",
        "指定緊急避難場所との住所同一": "1",
        "その他市町村長が必要と認める事項": null,
        "受入対象者": null,
        "備考": ""
      }
    },
    {
      "type": "Feature",
      "geometry": {
        "type": "Point",
        "coordinates": [
          139.84701,
          36.569349
        ]
      },
      "properties": {
        "NO": "58",
        "共通ID": "E0920100025122",
        "施設・場所名": "明保地域コミュニティセンター",
        "住所": "栃木県宇都宮市下荒針町3456-2",
        "指定緊急避難場所との住所同一": "1",
        "その他市町村長が必要と認める事項": null,
        "受入対象者": "要配慮者",
        "備考": ""
      }
    },
    {
      "type": "Feature",
      "geometry": {
        "type": "Point",
        "coordinates": [
          139.84701,
          36.569326
        ]
      },
      "properties": {
        "NO": "59",
        "共通ID": "E0920100025112",
        "施設・場所名": "明保地域コミュニティセンター",
        "住所": "栃木県宇都宮市下荒針町3456-2",
        "指定緊急避難場所との住所同一": "1",
        "その他市町村長が必要と認める事項": null,
        "受入対象者": null,
        "備考": ""
      }
    },
    {
      "type": "Feature",
      "geometry": {
        "type": "Point",
        "coordinates": [
          139.914161,
          36.688763
        ]
      },
      "properties": {
        "NO": "60",
        "共通ID": "E0920100026111",
        "施設・場所名": "上河内東小学校",
        "住所": "栃木県宇都宮市下小倉町1302",
        "指定緊急避難場所との住所同一": "",
        "その他市町村長が必要と認める事項": "",
        "受入対象者": "",
        "備考": ""
      }
    },
    {
      "type": "Feature",
      "geometry": {
        "type": "Point",
        "coordinates": [
          139.914106,
          36.68879
        ]
      },
      "properties": {
        "NO": "61",
        "共通ID": "E0920100026121",
        "施設・場所名": "上河内東小学校",
        "住所": "栃木県宇都宮市下小倉町1302",
        "指定緊急避難場所との住所同一": "",
        "その他市町村長が必要と認める事項": "",
        "受入対象者": "要配慮者",
        "備考": ""
      }
    },
    {
      "type": "Feature",
      "geometry": {
        "type": "Point",
        "coordinates": [
          139.81108,
          36.680262
        ]
      },
      "properties": {
        "NO": "62",
        "共通ID": "E0920100028121",
        "施設・場所名": "篠井地区市民センター",
        "住所": "栃木県宇都宮市下小池町466-1",
        "指定緊急避難場所との住所同一": "1",
        "その他市町村長が必要と認める事項": null,
        "受入対象者": "要配慮者",
        "備考": ""
      }
    },
    {
      "type": "Feature",
      "geometry": {
        "type": "Point",
        "coordinates": [
          139.811227,
          36.680267
        ]
      },
      "properties": {
        "NO": "63",
        "共通ID": "E0920100028111",
        "施設・場所名": "篠井地区市民センター",
        "住所": "栃木県宇都宮市下小池町466-1",
        "指定緊急避難場所との住所同一": "1",
        "その他市町村長が必要と認める事項": null,
        "受入対象者": null,
        "備考": ""
      }
    },
    {
      "type": "Feature",
      "geometry": {
        "type": "Point",
        "coordinates": [
          139.813171,
          36.681819
        ]
      },
      "properties": {
        "NO": "64",
        "共通ID": "E0920100029111",
        "施設・場所名": "篠井小学校",
        "住所": "栃木県宇都宮市下小池町569-37",
        "指定緊急避難場所との住所同一": "1",
        "その他市町村長が必要と認める事項": null,
        "受入対象者": null,
        "備考": ""
      }
    },
    {
      "type": "Feature",
      "geometry": {
        "type": "Point",
        "coordinates": [
          139.812998,
          36.681802
        ]
      },
      "properties": {
        "NO": "65",
        "共通ID": "E0920100029121",
        "施設・場所名": "篠井小学校",
        "住所": "栃木県宇都宮市下小池町569-37",
        "指定緊急避難場所との住所同一": "1",
        "その他市町村長が必要と認める事項": null,
        "受入対象者": "要配慮者",
        "備考": ""
      }
    },
    {
      "type": "Feature",
      "geometry": {
        "type": "Point",
        "coordinates": [
          139.904637,
          36.638018
        ]
      },
      "properties": {
        "NO": "66",
        "共通ID": "E0920100030111",
        "施設・場所名": "田原中学校",
        "住所": "栃木県宇都宮市下田原町1722",
        "指定緊急避難場所との住所同一": "1",
        "その他市町村長が必要と認める事項": null,
        "受入対象者": null,
        "備考": ""
      }
    },
    {
      "type": "Feature",
      "geometry": {
        "type": "Point",
        "coordinates": [
          139.904707,
          36.637998
        ]
      },
      "properties": {
        "NO": "67",
        "共通ID": "E0920100030121",
        "施設・場所名": "田原中学校",
        "住所": "栃木県宇都宮市下田原町1722",
        "指定緊急避難場所との住所同一": "1",
        "その他市町村長が必要と認める事項": null,
        "受入対象者": "要配慮者",
        "備考": ""
      }
    },
    {
      "type": "Feature",
      "geometry": {
        "type": "Point",
        "coordinates": [
          139.841715,
          36.527706
        ]
      },
      "properties": {
        "NO": "68",
        "共通ID": "E0920100031111",
        "施設・場所名": "姿川中央小学校",
        "住所": "栃木県宇都宮市下砥上町121",
        "指定緊急避難場所との住所同一": "1",
        "その他市町村長が必要と認める事項": null,
        "受入対象者": null,
        "備考": ""
      }
    },
    {
      "type": "Feature",
      "geometry": {
        "type": "Point",
        "coordinates": [
          139.841632,
          36.527717
        ]
      },
      "properties": {
        "NO": "69",
        "共通ID": "E0920100031121",
        "施設・場所名": "姿川中央小学校",
        "住所": "栃木県宇都宮市下砥上町121",
        "指定緊急避難場所との住所同一": "1",
        "その他市町村長が必要と認める事項": null,
        "受入対象者": "要配慮者",
        "備考": ""
      }
    },
    {
      "type": "Feature",
      "geometry": {
        "type": "Point",
        "coordinates": [
          139.887754,
          36.485499
        ]
      },
      "properties": {
        "NO": "70",
        "共通ID": "E0920100032111",
        "施設・場所名": "雀宮東小学校",
        "住所": "栃木県宇都宮市下反町町256-1",
        "指定緊急避難場所との住所同一": "",
        "その他市町村長が必要と認める事項": "",
        "受入対象者": "",
        "備考": ""
      }
    },
    {
      "type": "Feature",
      "geometry": {
        "type": "Point",
        "coordinates": [
          139.887637,
          36.485526
        ]
      },
      "properties": {
        "NO": "71",
        "共通ID": "E0920100032121",
        "施設・場所名": "雀宮東小学校",
        "住所": "栃木県宇都宮市下反町町256-1",
        "指定緊急避難場所との住所同一": "",
        "その他市町村長が必要と認める事項": "",
        "受入対象者": "要配慮者",
        "備考": ""
      }
    },
    {
      "type": "Feature",
      "geometry": {
        "type": "Point",
        "coordinates": [
          139.945976,
          36.558946
        ]
      },
      "properties": {
        "NO": "72",
        "共通ID": "E0920100033111",
        "施設・場所名": "平石地区市民センター",
        "住所": "栃木県宇都宮市下平出町158-1",
        "指定緊急避難場所との住所同一": "1",
        "その他市町村長が必要と認める事項": null,
        "受入対象者": null,
        "備考": ""
      }
    },
    {
      "type": "Feature",
      "geometry": {
        "type": "Point",
        "coordinates": [
          139.945959,
          36.55899
        ]
      },
      "properties": {
        "NO": "73",
        "共通ID": "E0920100033121",
        "施設・場所名": "平石地区市民センター",
        "住所": "栃木県宇都宮市下平出町158-1",
        "指定緊急避難場所との住所同一": "1",
        "その他市町村長が必要と認める事項": null,
        "受入対象者": "要配慮者",
        "備考": ""
      }
    },
    {
      "type": "Feature",
      "geometry": {
        "type": "Point",
        "coordinates": [
          139.945695,
          36.554497
        ]
      },
      "properties": {
        "NO": "74",
        "共通ID": "E0920100034121",
        "施設・場所名": "平石中央小学校",
        "住所": "栃木県宇都宮市下平出町479",
        "指定緊急避難場所との住所同一": "1",
        "その他市町村長が必要と認める事項": null,
        "受入対象者": "要配慮者",
        "備考": ""
      }
    },
    {
      "type": "Feature",
      "geometry": {
        "type": "Point",
        "coordinates": [
          139.945744,
          36.554476
        ]
      },
      "properties": {
        "NO": "75",
        "共通ID": "E0920100034111",
        "施設・場所名": "平石中央小学校",
        "住所": "栃木県宇都宮市下平出町479",
        "指定緊急避難場所との住所同一": "1",
        "その他市町村長が必要と認める事項": null,
        "受入対象者": null,
        "備考": ""
      }
    },
    {
      "type": "Feature",
      "geometry": {
        "type": "Point",
        "coordinates": [
          139.924396,
          36.59963
        ]
      },
      "properties": {
        "NO": "76",
        "共通ID": "E0920100035121",
        "施設・場所名": "海道小学校",
        "住所": "栃木県宇都宮市海道町35-1",
        "指定緊急避難場所との住所同一": "",
        "その他市町村長が必要と認める事項": null,
        "受入対象者": "要配慮者",
        "備考": ""
      }
    },
    {
      "type": "Feature",
      "geometry": {
        "type": "Point",
        "coordinates": [
          139.924503,
          36.599591
        ]
      },
      "properties": {
        "NO": "77",
        "共通ID": "E0920100035111",
        "施設・場所名": "海道小学校",
        "住所": "栃木県宇都宮市海道町35-1",
        "指定緊急避難場所との住所同一": "",
        "その他市町村長が必要と認める事項": null,
        "受入対象者": null,
        "備考": ""
      }
    },
    {
      "type": "Feature",
      "geometry": {
        "type": "Point",
        "coordinates": [
          139.888388,
          36.683868
        ]
      },
      "properties": {
        "NO": "78",
        "共通ID": "E0920100039111",
        "施設・場所名": "上河内西小学校",
        "住所": "栃木県宇都宮市関白町471",
        "指定緊急避難場所との住所同一": "1",
        "その他市町村長が必要と認める事項": null,
        "受入対象者": null,
        "備考": ""
      }
    },
    {
      "type": "Feature",
      "geometry": {
        "type": "Point",
        "coordinates": [
          139.88833,
          36.683894
        ]
      },
      "properties": {
        "NO": "79",
        "共通ID": "E0920100039121",
        "施設・場所名": "上河内西小学校",
        "住所": "栃木県宇都宮市関白町471",
        "指定緊急避難場所との住所同一": "1",
        "その他市町村長が必要と認める事項": null,
        "受入対象者": "要配慮者",
        "備考": ""
      }
    },
    {
      "type": "Feature",
      "geometry": {
        "type": "Point",
        "coordinates": [
          139.898508,
          36.59791
        ]
      },
      "properties": {
        "NO": "80",
        "共通ID": "E0920100040121",
        "施設・場所名": "豊郷中央小学校",
        "住所": "栃木県宇都宮市関堀町337",
        "指定緊急避難場所との住所同一": "1",
        "その他市町村長が必要と認める事項": null,
        "受入対象者": "要配慮者",
        "備考": ""
      }
    },
    {
      "type": "Feature",
      "geometry": {
        "type": "Point",
        "coordinates": [
          139.898584,
          36.597928
        ]
      },
      "properties": {
        "NO": "81",
        "共通ID": "E0920100040111",
        "施設・場所名": "豊郷中央小学校",
        "住所": "栃木県宇都宮市関堀町337",
        "指定緊急避難場所との住所同一": "1",
        "その他市町村長が必要と認める事項": null,
        "受入対象者": null,
        "備考": ""
      }
    },
    {
      "type": "Feature",
      "geometry": {
        "type": "Point",
        "coordinates": [
          139.897316,
          36.600356
        ]
      },
      "properties": {
        "NO": "82",
        "共通ID": "E0920100041121",
        "施設・場所名": "豊郷中学校",
        "住所": "栃木県宇都宮市関堀町350",
        "指定緊急避難場所との住所同一": "1",
        "その他市町村長が必要と認める事項": null,
        "受入対象者": "要配慮者",
        "備考": ""
      }
    },
    {
      "type": "Feature",
      "geometry": {
        "type": "Point",
        "coordinates": [
          139.897181,
          36.600467
        ]
      },
      "properties": {
        "NO": "83",
        "共通ID": "E0920100041111",
        "施設・場所名": "豊郷中学校",
        "住所": "栃木県宇都宮市関堀町350",
        "指定緊急避難場所との住所同一": "1",
        "その他市町村長が必要と認める事項": null,
        "受入対象者": null,
        "備考": ""
      }
    },
    {
      "type": "Feature",
      "geometry": {
        "type": "Point",
        "coordinates": [
          139.902976,
          36.587771
        ]
      },
      "properties": {
        "NO": "84",
        "共通ID": "E0920100043111",
        "施設・場所名": "豊郷地区市民センター",
        "住所": "栃木県宇都宮市岩曽町825-1",
        "指定緊急避難場所との住所同一": "1",
        "その他市町村長が必要と認める事項": null,
        "受入対象者": null,
        "備考": ""
      }
    },
    {
      "type": "Feature",
      "geometry": {
        "type": "Point",
        "coordinates": [
          139.90297,
          36.587816
        ]
      },
      "properties": {
        "NO": "85",
        "共通ID": "E0920100043121",
        "施設・場所名": "豊郷地区市民センター",
        "住所": "栃木県宇都宮市岩曽町825-1",
        "指定緊急避難場所との住所同一": "1",
        "その他市町村長が必要と認める事項": null,
        "受入対象者": "要配慮者",
        "備考": ""
      }
    },
    {
      "type": "Feature",
      "geometry": {
        "type": "Point",
        "coordinates": [
          139.872893,
          36.542128
        ]
      },
      "properties": {
        "NO": "86",
        "共通ID": "E0920100046111",
        "施設・場所名": "宮の原地域コミュニティセンター",
        "住所": "栃木県宇都宮市宮原4-1-14",
        "指定緊急避難場所との住所同一": "1",
        "その他市町村長が必要と認める事項": null,
        "受入対象者": null,
        "備考": ""
      }
    },
    {
      "type": "Feature",
      "geometry": {
        "type": "Point",
        "coordinates": [
          139.873215,
          36.54274
        ]
      },
      "properties": {
        "NO": "87",
        "共通ID": "E0920100046112",
        "施設・場所名": "宮の原小学校",
        "住所": "栃木県宇都宮市宮原4-1-14",
        "指定緊急避難場所との住所同一": "1",
        "その他市町村長が必要と認める事項": null,
        "受入対象者": null,
        "備考": ""
      }
    },
    {
      "type": "Feature",
      "geometry": {
        "type": "Point",
        "coordinates": [
          139.872843,
          36.542098
        ]
      },
      "properties": {
        "NO": "88",
        "共通ID": "E0920100046121",
        "施設・場所名": "宮の原地域コミュニティセンター",
        "住所": "栃木県宇都宮市宮原4-1-14",
        "指定緊急避難場所との住所同一": "1",
        "その他市町村長が必要と認める事項": null,
        "受入対象者": "要配慮者",
        "備考": ""
      }
    },
    {
      "type": "Feature",
      "geometry": {
        "type": "Point",
        "coordinates": [
          139.873353,
          36.54279
        ]
      },
      "properties": {
        "NO": "89",
        "共通ID": "E0920100046122",
        "施設・場所名": "宮の原小学校",
        "住所": "栃木県宇都宮市宮原4-1-14",
        "指定緊急避難場所との住所同一": "1",
        "その他市町村長が必要と認める事項": null,
        "受入対象者": "要配慮者",
        "備考": ""
      }
    },
    {
      "type": "Feature",
      "geometry": {
        "type": "Point",
        "coordinates": [
          139.895206,
          36.572094
        ]
      },
      "properties": {
        "NO": "90",
        "共通ID": "E0920100050111",
        "施設・場所名": "錦小学校",
        "住所": "栃木県宇都宮市錦2-7-15",
        "指定緊急避難場所との住所同一": "1",
        "その他市町村長が必要と認める事項": null,
        "受入対象者": null,
        "備考": ""
      }
    },
    {
      "type": "Feature",
      "geometry": {
        "type": "Point",
        "coordinates": [
          139.895177,
          36.572119
        ]
      },
      "properties": {
        "NO": "91",
        "共通ID": "E0920100050121",
        "施設・場所名": "錦小学校",
        "住所": "栃木県宇都宮市錦2-7-15",
        "指定緊急避難場所との住所同一": "1",
        "その他市町村長が必要と認める事項": null,
        "受入対象者": "要配慮者",
        "備考": ""
      }
    },
    {
      "type": "Feature",
      "geometry": {
        "type": "Point",
        "coordinates": [
          139.832321,
          36.590061
        ]
      },
      "properties": {
        "NO": "92",
        "共通ID": "E0920100053111",
        "施設・場所名": "城山東小学校",
        "住所": "栃木県宇都宮市駒生町2360",
        "指定緊急避難場所との住所同一": "1",
        "その他市町村長が必要と認める事項": null,
        "受入対象者": null,
        "備考": ""
      }
    },
    {
      "type": "Feature",
      "geometry": {
        "type": "Point",
        "coordinates": [
          139.83219,
          36.590031
        ]
      },
      "properties": {
        "NO": "93",
        "共通ID": "E0920100053121",
        "施設・場所名": "城山東小学校",
        "住所": "栃木県宇都宮市駒生町2360",
        "指定緊急避難場所との住所同一": "1",
        "その他市町村長が必要と認める事項": null,
        "受入対象者": "要配慮者",
        "備考": ""
      }
    },
    {
      "type": "Feature",
      "geometry": {
        "type": "Point",
        "coordinates": [
          139.848612,
          36.583184
        ]
      },
      "properties": {
        "NO": "94",
        "共通ID": "E0920100054111",
        "施設・場所名": "宝木小学校",
        "住所": "栃木県宇都宮市駒生町3364-29",
        "指定緊急避難場所との住所同一": "",
        "その他市町村長が必要と認める事項": null,
        "受入対象者": null,
        "備考": ""
      }
    },
    {
      "type": "Feature",
      "geometry": {
        "type": "Point",
        "coordinates": [
          139.849367,
          36.58278
        ]
      },
      "properties": {
        "NO": "95",
        "共通ID": "E0920100054112",
        "施設・場所名": "宝木地域コミュニティセンター",
        "住所": "栃木県宇都宮市駒生町3364-29",
        "指定緊急避難場所との住所同一": "",
        "その他市町村長が必要と認める事項": null,
        "受入対象者": null,
        "備考": ""
      }
    },
    {
      "type": "Feature",
      "geometry": {
        "type": "Point",
        "coordinates": [
          139.848726,
          36.583179
        ]
      },
      "properties": {
        "NO": "96",
        "共通ID": "E0920100054121",
        "施設・場所名": "宝木小学校",
        "住所": "栃木県宇都宮市駒生町3364-29",
        "指定緊急避難場所との住所同一": "",
        "その他市町村長が必要と認める事項": null,
        "受入対象者": "要配慮者",
        "備考": ""
      }
    },
    {
      "type": "Feature",
      "geometry": {
        "type": "Point",
        "coordinates": [
          139.849358,
          36.582853
        ]
      },
      "properties": {
        "NO": "97",
        "共通ID": "E0920100054122",
        "施設・場所名": "宝木地域コミュニティセンター",
        "住所": "栃木県宇都宮市駒生町3364-29",
        "指定緊急避難場所との住所同一": "",
        "その他市町村長が必要と認める事項": null,
        "受入対象者": "要配慮者",
        "備考": ""
      }
    },
    {
      "type": "Feature",
      "geometry": {
        "type": "Point",
        "coordinates": [
          139.902445,
          36.560349
        ]
      },
      "properties": {
        "NO": "98",
        "共通ID": "E0920100057111",
        "施設・場所名": "今泉地域コミュニティセンター",
        "住所": "栃木県宇都宮市元今泉1-7-29",
        "指定緊急避難場所との住所同一": "1",
        "その他市町村長が必要と認める事項": null,
        "受入対象者": null,
        "備考": ""
      }
    },
    {
      "type": "Feature",
      "geometry": {
        "type": "Point",
        "coordinates": [
          139.90296,
          36.561263
        ]
      },
      "properties": {
        "NO": "99",
        "共通ID": "E0920100057112",
        "施設・場所名": "今泉小学校",
        "住所": "栃木県宇都宮市元今泉1-7-29",
        "指定緊急避難場所との住所同一": "1",
        "その他市町村長が必要と認める事項": null,
        "受入対象者": null,
        "備考": ""
      }
    },
    {
      "type": "Feature",
      "geometry": {
        "type": "Point",
        "coordinates": [
          139.902442,
          36.560395
        ]
      },
      "properties": {
        "NO": "100",
        "共通ID": "E0920100057121",
        "施設・場所名": "今泉地域コミュニティセンター",
        "住所": "栃木県宇都宮市元今泉1-7-29",
        "指定緊急避難場所との住所同一": "1",
        "その他市町村長が必要と認める事項": null,
        "受入対象者": "要配慮者",
        "備考": ""
      }
    },
    {
      "type": "Feature",
      "geometry": {
        "type": "Point",
        "coordinates": [
          139.903039,
          36.561253
        ]
      },
      "properties": {
        "NO": "101",
        "共通ID": "E0920100057122",
        "施設・場所名": "今泉小学校",
        "住所": "栃木県宇都宮市元今泉1-7-29",
        "指定緊急避難場所との住所同一": "1",
        "その他市町村長が必要と認める事項": null,
        "受入対象者": "要配慮者",
        "備考": ""
      }
    },
    {
      "type": "Feature",
      "geometry": {
        "type": "Point",
        "coordinates": [
          139.910815,
          36.561134
        ]
      },
      "properties": {
        "NO": "102",
        "共通ID": "E0920100058121",
        "施設・場所名": "宇都宮市体育館",
        "住所": "栃木県宇都宮市元今泉5-6-18",
        "指定緊急避難場所との住所同一": "1",
        "その他市町村長が必要と認める事項": null,
        "受入対象者": "要配慮者",
        "備考": ""
      }
    },
    {
      "type": "Feature",
      "geometry": {
        "type": "Point",
        "coordinates": [
          139.910763,
          36.561089
        ]
      },
      "properties": {
        "NO": "103",
        "共通ID": "E0920100058111",
        "施設・場所名": "宇都宮市体育館",
        "住所": "栃木県宇都宮市元今泉5-6-18",
        "指定緊急避難場所との住所同一": "1",
        "その他市町村長が必要と認める事項": null,
        "受入対象者": null,
        "備考": ""
      }
    },
    {
      "type": "Feature",
      "geometry": {
        "type": "Point",
        "coordinates": [
          139.76413,
          36.609519
        ]
      },
      "properties": {
        "NO": "104",
        "共通ID": "E0920100060121",
        "施設・場所名": "城山西小学校",
        "住所": "栃木県宇都宮市古賀志町583",
        "指定緊急避難場所との住所同一": "",
        "その他市町村長が必要と認める事項": null,
        "受入対象者": "要配慮者",
        "備考": ""
      }
    },
    {
      "type": "Feature",
      "geometry": {
        "type": "Point",
        "coordinates": [
          139.764149,
          36.609464
        ]
      },
      "properties": {
        "NO": "105",
        "共通ID": "E0920100060111",
        "施設・場所名": "城山西小学校",
        "住所": "栃木県宇都宮市古賀志町583",
        "指定緊急避難場所との住所同一": "",
        "その他市町村長が必要と認める事項": null,
        "受入対象者": null,
        "備考": ""
      }
    },
    {
      "type": "Feature",
      "geometry": {
        "type": "Point",
        "coordinates": [
          139.868117,
          36.572793
        ]
      },
      "properties": {
        "NO": "106",
        "共通ID": "E0920100061121",
        "施設・場所名": "戸祭地域コミュニティセンター",
        "住所": "栃木県宇都宮市戸祭1-10-25",
        "指定緊急避難場所との住所同一": "1",
        "その他市町村長が必要と認める事項": null,
        "受入対象者": "要配慮者",
        "備考": ""
      }
    },
    {
      "type": "Feature",
      "geometry": {
        "type": "Point",
        "coordinates": [
          139.867009,
          36.572957
        ]
      },
      "properties": {
        "NO": "107",
        "共通ID": "E0920100061122",
        "施設・場所名": "戸祭小学校",
        "住所": "栃木県宇都宮市戸祭1-10-25",
        "指定緊急避難場所との住所同一": "1",
        "その他市町村長が必要と認める事項": null,
        "受入対象者": "要配慮者",
        "備考": ""
      }
    },
    {
      "type": "Feature",
      "geometry": {
        "type": "Point",
        "coordinates": [
          139.868084,
          36.57279
        ]
      },
      "properties": {
        "NO": "108",
        "共通ID": "E0920100061112",
        "施設・場所名": "戸祭地域コミュニティセンター",
        "住所": "栃木県宇都宮市戸祭1-10-25",
        "指定緊急避難場所との住所同一": "1",
        "その他市町村長が必要と認める事項": null,
        "受入対象者": null,
        "備考": ""
      }
    },
    {
      "type": "Feature",
      "geometry": {
        "type": "Point",
        "coordinates": [
          139.866931,
          36.572931
        ]
      },
      "properties": {
        "NO": "109",
        "共通ID": "E0920100061111",
        "施設・場所名": "戸祭小学校",
        "住所": "栃木県宇都宮市戸祭1-10-25",
        "指定緊急避難場所との住所同一": "1",
        "その他市町村長が必要と認める事項": null,
        "受入対象者": null,
        "備考": ""
      }
    },
    {
      "type": "Feature",
      "geometry": {
        "type": "Point",
        "coordinates": [
          139.882686,
          36.568992
        ]
      },
      "properties": {
        "NO": "110",
        "共通ID": "E0920100063111",
        "施設・場所名": "昭和小学校",
        "住所": "栃木県宇都宮市戸祭元町1-15",
        "指定緊急避難場所との住所同一": "1",
        "その他市町村長が必要と認める事項": null,
        "受入対象者": null,
        "備考": ""
      }
    },
    {
      "type": "Feature",
      "geometry": {
        "type": "Point",
        "coordinates": [
          139.882577,
          36.568977
        ]
      },
      "properties": {
        "NO": "111",
        "共通ID": "E0920100063121",
        "施設・場所名": "昭和小学校",
        "住所": "栃木県宇都宮市戸祭元町1-15",
        "指定緊急避難場所との住所同一": "1",
        "その他市町村長が必要と認める事項": null,
        "受入対象者": "要配慮者",
        "備考": ""
      }
    },
    {
      "type": "Feature",
      "geometry": {
        "type": "Point",
        "coordinates": [
          139.87482,
          36.577169
        ]
      },
      "properties": {
        "NO": "112",
        "共通ID": "E0920100064121",
        "施設・場所名": "昭和地域コミュニティセンター",
        "住所": "栃木県宇都宮市戸祭町3043-1",
        "指定緊急避難場所との住所同一": "",
        "その他市町村長が必要と認める事項": null,
        "受入対象者": "要配慮者",
        "備考": ""
      }
    },
    {
      "type": "Feature",
      "geometry": {
        "type": "Point",
        "coordinates": [
          139.874777,
          36.577149
        ]
      },
      "properties": {
        "NO": "113",
        "共通ID": "E0920100064111",
        "施設・場所名": "昭和地域コミュニティセンター",
        "住所": "栃木県宇都宮市戸祭町3043-1",
        "指定緊急避難場所との住所同一": "",
        "その他市町村長が必要と認める事項": null,
        "受入対象者": null,
        "備考": ""
      }
    },
    {
      "type": "Feature",
      "geometry": {
        "type": "Point",
        "coordinates": [
          139.864523,
          36.49581
        ]
      },
      "properties": {
        "NO": "114",
        "共通ID": "E0920100065121",
        "施設・場所名": "五代小学校",
        "住所": "栃木県宇都宮市五代2-22-33",
        "指定緊急避難場所との住所同一": "1",
        "その他市町村長が必要と認める事項": null,
        "受入対象者": "要配慮者",
        "備考": ""
      }
    },
    {
      "type": "Feature",
      "geometry": {
        "type": "Point",
        "coordinates": [
          139.864621,
          36.495753
        ]
      },
      "properties": {
        "NO": "115",
        "共通ID": "E0920100065111",
        "施設・場所名": "五代小学校",
        "住所": "栃木県宇都宮市五代2-22-33",
        "指定緊急避難場所との住所同一": "1",
        "その他市町村長が必要と認める事項": null,
        "受入対象者": null,
        "備考": ""
      }
    },
    {
      "type": "Feature",
      "geometry": {
        "type": "Point",
        "coordinates": [
          139.929384,
          36.594017
        ]
      },
      "properties": {
        "NO": "116",
        "共通ID": "E0920100066121",
        "施設・場所名": "御幸が原地域コミュニティセンター",
        "住所": "栃木県宇都宮市御幸ケ原53-2",
        "指定緊急避難場所との住所同一": "",
        "その他市町村長が必要と認める事項": null,
        "受入対象者": "要配慮者",
        "備考": ""
      }
    },
    {
      "type": "Feature",
      "geometry": {
        "type": "Point",
        "coordinates": [
          139.929359,
          36.593959
        ]
      },
      "properties": {
        "NO": "117",
        "共通ID": "E0920100066111",
        "施設・場所名": "御幸が原地域コミュニティセンター",
        "住所": "栃木県宇都宮市御幸ケ原53-2",
        "指定緊急避難場所との住所同一": "",
        "その他市町村長が必要と認める事項": null,
        "受入対象者": null,
        "備考": ""
      }
    },
    {
      "type": "Feature",
      "geometry": {
        "type": "Point",
        "coordinates": [
          139.928961,
          36.594443
        ]
      },
      "properties": {
        "NO": "118",
        "共通ID": "E0920100067121",
        "施設・場所名": "御幸が原小学校",
        "住所": "栃木県宇都宮市御幸ケ原町53-2",
        "指定緊急避難場所との住所同一": "",
        "その他市町村長が必要と認める事項": null,
        "受入対象者": "要配慮者",
        "備考": ""
      }
    },
    {
      "type": "Feature",
      "geometry": {
        "type": "Point",
        "coordinates": [
          139.929056,
          36.594427
        ]
      },
      "properties": {
        "NO": "119",
        "共通ID": "E0920100067111",
        "施設・場所名": "御幸が原小学校",
        "住所": "栃木県宇都宮市御幸ケ原町53-2",
        "指定緊急避難場所との住所同一": "",
        "その他市町村長が必要と認める事項": null,
        "受入対象者": null,
        "備考": ""
      }
    },
    {
      "type": "Feature",
      "geometry": {
        "type": "Point",
        "coordinates": [
          139.924637,
          36.575932
        ]
      },
      "properties": {
        "NO": "120",
        "共通ID": "E0920100068121",
        "施設・場所名": "御幸地域コミュニティセンター",
        "住所": "栃木県宇都宮市御幸本町4638-1",
        "指定緊急避難場所との住所同一": "1",
        "その他市町村長が必要と認める事項": null,
        "受入対象者": "要配慮者",
        "備考": ""
      }
    },
    {
      "type": "Feature",
      "geometry": {
        "type": "Point",
        "coordinates": [
          139.924649,
          36.575904
        ]
      },
      "properties": {
        "NO": "121",
        "共通ID": "E0920100068111",
        "施設・場所名": "御幸地域コミュニティセンター",
        "住所": "栃木県宇都宮市御幸本町4638-1",
        "指定緊急避難場所との住所同一": "1",
        "その他市町村長が必要と認める事項": null,
        "受入対象者": null,
        "備考": ""
      }
    },
    {
      "type": "Feature",
      "geometry": {
        "type": "Point",
        "coordinates": [
          139.925786,
          36.576087
        ]
      },
      "properties": {
        "NO": "122",
        "共通ID": "E0920100068112",
        "施設・場所名": "御幸小学校",
        "住所": "栃木県宇都宮市御幸本町4638-1",
        "指定緊急避難場所との住所同一": "1",
        "その他市町村長が必要と認める事項": null,
        "受入対象者": null,
        "備考": ""
      }
    },
    {
      "type": "Feature",
      "geometry": {
        "type": "Point",
        "coordinates": [
          139.925752,
          36.576125
        ]
      },
      "properties": {
        "NO": "123",
        "共通ID": "E0920100068122",
        "施設・場所名": "御幸小学校",
        "住所": "栃木県宇都宮市御幸本町4638-1",
        "指定緊急避難場所との住所同一": "1",
        "その他市町村長が必要と認める事項": null,
        "受入対象者": "要配慮者",
        "備考": ""
      }
    },
    {
      "type": "Feature",
      "geometry": {
        "type": "Point",
        "coordinates": [
          139.864542,
          36.523159
        ]
      },
      "properties": {
        "NO": "124",
        "共通ID": "E0920100069111",
        "施設・場所名": "南生涯学習センター",
        "住所": "栃木県宇都宮市江曽島2-4-23",
        "指定緊急避難場所との住所同一": "",
        "その他市町村長が必要と認める事項": null,
        "受入対象者": null,
        "備考": ""
      }
    },
    {
      "type": "Feature",
      "geometry": {
        "type": "Point",
        "coordinates": [
          139.864606,
          36.523151
        ]
      },
      "properties": {
        "NO": "125",
        "共通ID": "E0920100069121",
        "施設・場所名": "南生涯学習センター",
        "住所": "栃木県宇都宮市江曽島2-4-23",
        "指定緊急避難場所との住所同一": "",
        "その他市町村長が必要と認める事項": null,
        "受入対象者": "要配慮者",
        "備考": ""
      }
    },
    {
      "type": "Feature",
      "geometry": {
        "type": "Point",
        "coordinates": [
          139.89908,
          36.568103
        ]
      },
      "properties": {
        "NO": "126",
        "共通ID": "E0920100071121",
        "施設・場所名": "錦地域コミュニティセンター",
        "住所": "栃木県宇都宮市今泉町143-6",
        "指定緊急避難場所との住所同一": "",
        "その他市町村長が必要と認める事項": null,
        "受入対象者": "要配慮者",
        "備考": ""
      }
    },
    {
      "type": "Feature",
      "geometry": {
        "type": "Point",
        "coordinates": [
          139.899142,
          36.568071
        ]
      },
      "properties": {
        "NO": "127",
        "共通ID": "E0920100071111",
        "施設・場所名": "錦地域コミュニティセンター",
        "住所": "栃木県宇都宮市今泉町143-6",
        "指定緊急避難場所との住所同一": "",
        "その他市町村長が必要と認める事項": null,
        "受入対象者": null,
        "備考": ""
      }
    },
    {
      "type": "Feature",
      "geometry": {
        "type": "Point",
        "coordinates": [
          139.915748,
          36.573191
        ]
      },
      "properties": {
        "NO": "128",
        "共通ID": "E0920100074121",
        "施設・場所名": "青少年活動センター",
        "住所": "栃木県宇都宮市今泉町3007",
        "指定緊急避難場所との住所同一": "1",
        "その他市町村長が必要と認める事項": null,
        "受入対象者": "要配慮者",
        "備考": ""
      }
    },
    {
      "type": "Feature",
      "geometry": {
        "type": "Point",
        "coordinates": [
          139.915849,
          36.573173
        ]
      },
      "properties": {
        "NO": "129",
        "共通ID": "E0920100074111",
        "施設・場所名": "青少年活動センター",
        "住所": "栃木県宇都宮市今泉町3007",
        "指定緊急避難場所との住所同一": "1",
        "その他市町村長が必要と認める事項": null,
        "受入対象者": null,
        "備考": ""
      }
    },
    {
      "type": "Feature",
      "geometry": {
        "type": "Point",
        "coordinates": [
          139.89877,
          36.571714
        ]
      },
      "properties": {
        "NO": "130",
        "共通ID": "E0920100075121",
        "施設・場所名": "陽北中学校",
        "住所": "栃木県宇都宮市今泉町47-2",
        "指定緊急避難場所との住所同一": "1",
        "その他市町村長が必要と認める事項": null,
        "受入対象者": "要配慮者",
        "備考": ""
      }
    },
    {
      "type": "Feature",
      "geometry": {
        "type": "Point",
        "coordinates": [
          139.8989,
          36.571731
        ]
      },
      "properties": {
        "NO": "131",
        "共通ID": "E0920100075111",
        "施設・場所名": "陽北中学校",
        "住所": "栃木県宇都宮市今泉町47-2",
        "指定緊急避難場所との住所同一": "1",
        "その他市町村長が必要と認める事項": null,
        "受入対象者": null,
        "備考": ""
      }
    },
    {
      "type": "Feature",
      "geometry": {
        "type": "Point",
        "coordinates": [
          139.855961,
          36.590466
        ]
      },
      "properties": {
        "NO": "132",
        "共通ID": "E0920100077122",
        "施設・場所名": "細谷小学校",
        "住所": "栃木県宇都宮市細谷1-4-38",
        "指定緊急避難場所との住所同一": "1",
        "その他市町村長が必要と認める事項": null,
        "受入対象者": "要配慮者",
        "備考": ""
      }
    },
    {
      "type": "Feature",
      "geometry": {
        "type": "Point",
        "coordinates": [
          139.855979,
          36.590444
        ]
      },
      "properties": {
        "NO": "133",
        "共通ID": "E0920100077111",
        "施設・場所名": "細谷小学校",
        "住所": "栃木県宇都宮市細谷1-4-38",
        "指定緊急避難場所との住所同一": "1",
        "その他市町村長が必要と認める事項": null,
        "受入対象者": null,
        "備考": ""
      }
    },
    {
      "type": "Feature",
      "geometry": {
        "type": "Point",
        "coordinates": [
          139.855357,
          36.590995
        ]
      },
      "properties": {
        "NO": "134",
        "共通ID": "E0920100077112",
        "施設・場所名": "細谷地域コミュニティセンター",
        "住所": "栃木県宇都宮市細谷1-4-38",
        "指定緊急避難場所との住所同一": "1",
        "その他市町村長が必要と認める事項": null,
        "受入対象者": null,
        "備考": ""
      }
    },
    {
      "type": "Feature",
      "geometry": {
        "type": "Point",
        "coordinates": [
          139.855323,
          36.590969
        ]
      },
      "properties": {
        "NO": "135",
        "共通ID": "E0920100077121",
        "施設・場所名": "細谷地域コミュニティセンター",
        "住所": "栃木県宇都宮市細谷1-4-38",
        "指定緊急避難場所との住所同一": "1",
        "その他市町村長が必要と認める事項": null,
        "受入対象者": "要配慮者",
        "備考": ""
      }
    },
    {
      "type": "Feature",
      "geometry": {
        "type": "Point",
        "coordinates": [
          139.848376,
          36.595911
        ]
      },
      "properties": {
        "NO": "136",
        "共通ID": "E0920100079111",
        "施設・場所名": "宝木中学校",
        "住所": "栃木県宇都宮市細谷町604",
        "指定緊急避難場所との住所同一": "",
        "その他市町村長が必要と認める事項": null,
        "受入対象者": null,
        "備考": ""
      }
    },
    {
      "type": "Feature",
      "geometry": {
        "type": "Point",
        "coordinates": [
          139.848465,
          36.595902
        ]
      },
      "properties": {
        "NO": "137",
        "共通ID": "E0920100079121",
        "施設・場所名": "宝木中学校",
        "住所": "栃木県宇都宮市細谷町604",
        "指定緊急避難場所との住所同一": "",
        "その他市町村長が必要と認める事項": null,
        "受入対象者": "要配慮者",
        "備考": ""
      }
    },
    {
      "type": "Feature",
      "geometry": {
        "type": "Point",
        "coordinates": [
          139.868413,
          36.563204
        ]
      },
      "properties": {
        "NO": "138",
        "共通ID": "E0920100080122",
        "施設・場所名": "桜小学校",
        "住所": "栃木県宇都宮市桜3-2-22",
        "指定緊急避難場所との住所同一": "1",
        "その他市町村長が必要と認める事項": null,
        "受入対象者": "要配慮者",
        "備考": ""
      }
    },
    {
      "type": "Feature",
      "geometry": {
        "type": "Point",
        "coordinates": [
          139.869665,
          36.563051
        ]
      },
      "properties": {
        "NO": "139",
        "共通ID": "E0920100080111",
        "施設・場所名": "桜地域コミュニティセンター",
        "住所": "栃木県宇都宮市桜3-2-22",
        "指定緊急避難場所との住所同一": "1",
        "その他市町村長が必要と認める事項": null,
        "受入対象者": null,
        "備考": ""
      }
    },
    {
      "type": "Feature",
      "geometry": {
        "type": "Point",
        "coordinates": [
          139.868319,
          36.563245
        ]
      },
      "properties": {
        "NO": "140",
        "共通ID": "E0920100080112",
        "施設・場所名": "桜小学校",
        "住所": "栃木県宇都宮市桜3-2-22",
        "指定緊急避難場所との住所同一": "1",
        "その他市町村長が必要と認める事項": null,
        "受入対象者": null,
        "備考": ""
      }
    },
    {
      "type": "Feature",
      "geometry": {
        "type": "Point",
        "coordinates": [
          139.869692,
          36.56307
        ]
      },
      "properties": {
        "NO": "141",
        "共通ID": "E0920100080121",
        "施設・場所名": "桜地域コミュニティセンター",
        "住所": "栃木県宇都宮市桜3-2-22",
        "指定緊急避難場所との住所同一": "1",
        "その他市町村長が必要と認める事項": null,
        "受入対象者": "要配慮者",
        "備考": ""
      }
    },
    {
      "type": "Feature",
      "geometry": {
        "type": "Point",
        "coordinates": [
          139.863078,
          36.499781
        ]
      },
      "properties": {
        "NO": "142",
        "共通ID": "E0920100085121",
        "施設・場所名": "若松原中学校",
        "住所": "栃木県宇都宮市若松原3-19-27",
        "指定緊急避難場所との住所同一": "1",
        "その他市町村長が必要と認める事項": null,
        "受入対象者": "要配慮者",
        "備考": ""
      }
    },
    {
      "type": "Feature",
      "geometry": {
        "type": "Point",
        "coordinates": [
          139.862948,
          36.49979
        ]
      },
      "properties": {
        "NO": "143",
        "共通ID": "E0920100085111",
        "施設・場所名": "若松原中学校",
        "住所": "栃木県宇都宮市若松原3-19-27",
        "指定緊急避難場所との住所同一": "1",
        "その他市町村長が必要と認める事項": null,
        "受入対象者": null,
        "備考": ""
      }
    },
    {
      "type": "Feature",
      "geometry": {
        "type": "Point",
        "coordinates": [
          139.863265,
          36.500293
        ]
      },
      "properties": {
        "NO": "144",
        "共通ID": "E0920100085112",
        "施設・場所名": "五代若松原地域コミュニティセンター",
        "住所": "栃木県宇都宮市若松原3-19-27",
        "指定緊急避難場所との住所同一": "1",
        "その他市町村長が必要と認める事項": null,
        "受入対象者": null,
        "備考": ""
      }
    },
    {
      "type": "Feature",
      "geometry": {
        "type": "Point",
        "coordinates": [
          139.863242,
          36.500322
        ]
      },
      "properties": {
        "NO": "145",
        "共通ID": "E0920100085122",
        "施設・場所名": "五代若松原地域コミュニティセンター",
        "住所": "栃木県宇都宮市若松原3-19-27",
        "指定緊急避難場所との住所同一": "1",
        "その他市町村長が必要と認める事項": null,
        "受入対象者": "要配慮者",
        "備考": ""
      }
    },
    {
      "type": "Feature",
      "geometry": {
        "type": "Point",
        "coordinates": [
          139.861505,
          36.587327
        ]
      },
      "properties": {
        "NO": "146",
        "共通ID": "E0920100088111",
        "施設・場所名": "北生涯学習センター",
        "住所": "栃木県宇都宮市若草3-12-25",
        "指定緊急避難場所との住所同一": "1",
        "その他市町村長が必要と認める事項": null,
        "受入対象者": null,
        "備考": ""
      }
    },
    {
      "type": "Feature",
      "geometry": {
        "type": "Point",
        "coordinates": [
          139.861604,
          36.587348
        ]
      },
      "properties": {
        "NO": "147",
        "共通ID": "E0920100088121",
        "施設・場所名": "北生涯学習センター",
        "住所": "栃木県宇都宮市若草3-12-25",
        "指定緊急避難場所との住所同一": "1",
        "その他市町村長が必要と認める事項": null,
        "受入対象者": "要配慮者",
        "備考": ""
      }
    },
    {
      "type": "Feature",
      "geometry": {
        "type": "Point",
        "coordinates": [
          139.878051,
          36.523088
        ]
      },
      "properties": {
        "NO": "148",
        "共通ID": "E0920100092111",
        "施設・場所名": "横川西小学校",
        "住所": "栃木県宇都宮市上横田町850",
        "指定緊急避難場所との住所同一": "1",
        "その他市町村長が必要と認める事項": null,
        "受入対象者": null,
        "備考": ""
      }
    },
    {
      "type": "Feature",
      "geometry": {
        "type": "Point",
        "coordinates": [
          139.877924,
          36.523128
        ]
      },
      "properties": {
        "NO": "149",
        "共通ID": "E0920100092121",
        "施設・場所名": "横川西小学校",
        "住所": "栃木県宇都宮市上横田町850",
        "指定緊急避難場所との住所同一": "1",
        "その他市町村長が必要と認める事項": null,
        "受入対象者": "要配慮者",
        "備考": ""
      }
    },
    {
      "type": "Feature",
      "geometry": {
        "type": "Point",
        "coordinates": [
          139.867349,
          36.590619
        ]
      },
      "properties": {
        "NO": "150",
        "共通ID": "E0920100094111",
        "施設・場所名": "上戸祭小学校",
        "住所": "栃木県宇都宮市上戸祭町271-1",
        "指定緊急避難場所との住所同一": "",
        "その他市町村長が必要と認める事項": null,
        "受入対象者": null,
        "備考": ""
      }
    },
    {
      "type": "Feature",
      "geometry": {
        "type": "Point",
        "coordinates": [
          139.867349,
          36.590688
        ]
      },
      "properties": {
        "NO": "151",
        "共通ID": "E0920100094121",
        "施設・場所名": "上戸祭小学校",
        "住所": "栃木県宇都宮市上戸祭町271-1",
        "指定緊急避難場所との住所同一": "",
        "その他市町村長が必要と認める事項": null,
        "受入対象者": "要配慮者",
        "備考": ""
      }
    },
    {
      "type": "Feature",
      "geometry": {
        "type": "Point",
        "coordinates": [
          139.908696,
          36.635907
        ]
      },
      "properties": {
        "NO": "152",
        "共通ID": "E0920100097111",
        "施設・場所名": "田原コミュニティプラザ",
        "住所": "栃木県宇都宮市上田原町1",
        "指定緊急避難場所との住所同一": "1",
        "その他市町村長が必要と認める事項": null,
        "受入対象者": null,
        "備考": ""
      }
    },
    {
      "type": "Feature",
      "geometry": {
        "type": "Point",
        "coordinates": [
          139.908686,
          36.635974
        ]
      },
      "properties": {
        "NO": "153",
        "共通ID": "E0920100097121",
        "施設・場所名": "田原コミュニティプラザ",
        "住所": "栃木県宇都宮市上田原町1",
        "指定緊急避難場所との住所同一": "1",
        "その他市町村長が必要と認める事項": null,
        "受入対象者": "要配慮者",
        "備考": ""
      }
    },
    {
      "type": "Feature",
      "geometry": {
        "type": "Point",
        "coordinates": [
          139.903612,
          36.640528
        ]
      },
      "properties": {
        "NO": "154",
        "共通ID": "E0920100099111",
        "施設・場所名": "田原小学校",
        "住所": "栃木県宇都宮市上田原町355",
        "指定緊急避難場所との住所同一": "1",
        "その他市町村長が必要と認める事項": null,
        "受入対象者": null,
        "備考": ""
      }
    },
    {
      "type": "Feature",
      "geometry": {
        "type": "Point",
        "coordinates": [
          139.903722,
          36.640542
        ]
      },
      "properties": {
        "NO": "155",
        "共通ID": "E0920100099121",
        "施設・場所名": "田原小学校",
        "住所": "栃木県宇都宮市上田原町355",
        "指定緊急避難場所との住所同一": "1",
        "その他市町村長が必要と認める事項": null,
        "受入対象者": "要配慮者",
        "備考": ""
      }
    },
    {
      "type": "Feature",
      "geometry": {
        "type": "Point",
        "coordinates": [
          139.966666,
          36.524309
        ]
      },
      "properties": {
        "NO": "156",
        "共通ID": "E0920100101111",
        "施設・場所名": "清原南小学校",
        "住所": "栃木県宇都宮市上籠谷町1401",
        "指定緊急避難場所との住所同一": "1",
        "その他市町村長が必要と認める事項": null,
        "受入対象者": null,
        "備考": ""
      }
    },
    {
      "type": "Feature",
      "geometry": {
        "type": "Point",
        "coordinates": [
          139.966557,
          36.5243
        ]
      },
      "properties": {
        "NO": "157",
        "共通ID": "E0920100101121",
        "施設・場所名": "清原南小学校",
        "住所": "栃木県宇都宮市上籠谷町1401",
        "指定緊急避難場所との住所同一": "1",
        "その他市町村長が必要と認める事項": null,
        "受入対象者": "要配慮者",
        "備考": ""
      }
    },
    {
      "type": "Feature",
      "geometry": {
        "type": "Point",
        "coordinates": [
          139.904093,
          36.549105
        ]
      },
      "properties": {
        "NO": "158",
        "共通ID": "E0920100102111",
        "施設・場所名": "城東地域コミュニティセンター",
        "住所": "栃木県宇都宮市城東2-23-1",
        "指定緊急避難場所との住所同一": "",
        "その他市町村長が必要と認める事項": null,
        "受入対象者": null,
        "備考": ""
      }
    },
    {
      "type": "Feature",
      "geometry": {
        "type": "Point",
        "coordinates": [
          139.904059,
          36.549147
        ]
      },
      "properties": {
        "NO": "159",
        "共通ID": "E0920100102121",
        "施設・場所名": "城東地域コミュニティセンター",
        "住所": "栃木県宇都宮市城東2-23-1",
        "指定緊急避難場所との住所同一": "",
        "その他市町村長が必要と認める事項": null,
        "受入対象者": "要配慮者",
        "備考": ""
      }
    },
    {
      "type": "Feature",
      "geometry": {
        "type": "Point",
        "coordinates": [
          139.903424,
          36.550722
        ]
      },
      "properties": {
        "NO": "160",
        "共通ID": "E0920100103121",
        "施設・場所名": "城東小学校",
        "住所": "栃木県宇都宮市城東2-5-17",
        "指定緊急避難場所との住所同一": "1",
        "その他市町村長が必要と認める事項": null,
        "受入対象者": "要配慮者",
        "備考": ""
      }
    },
    {
      "type": "Feature",
      "geometry": {
        "type": "Point",
        "coordinates": [
          139.903594,
          36.550717
        ]
      },
      "properties": {
        "NO": "161",
        "共通ID": "E0920100103111",
        "施設・場所名": "城東小学校",
        "住所": "栃木県宇都宮市城東2-5-17",
        "指定緊急避難場所との住所同一": "1",
        "その他市町村長が必要と認める事項": null,
        "受入対象者": null,
        "備考": ""
      }
    },
    {
      "type": "Feature",
      "geometry": {
        "type": "Point",
        "coordinates": [
          139.873453,
          36.486156
        ]
      },
      "properties": {
        "NO": "162",
        "共通ID": "E0920100104111",
        "施設・場所名": "雀宮地区市民センター",
        "住所": "栃木県宇都宮市新富町9-4",
        "指定緊急避難場所との住所同一": "1",
        "その他市町村長が必要と認める事項": null,
        "受入対象者": null,
        "備考": ""
      }
    },
    {
      "type": "Feature",
      "geometry": {
        "type": "Point",
        "coordinates": [
          139.873372,
          36.486191
        ]
      },
      "properties": {
        "NO": "163",
        "共通ID": "E0920100104121",
        "施設・場所名": "雀宮地区市民センター",
        "住所": "栃木県宇都宮市新富町9-4",
        "指定緊急避難場所との住所同一": "1",
        "その他市町村長が必要と認める事項": null,
        "受入対象者": "要配慮者",
        "備考": ""
      }
    },
    {
      "type": "Feature",
      "geometry": {
        "type": "Point",
        "coordinates": [
          139.837962,
          36.61628
        ]
      },
      "properties": {
        "NO": "164",
        "共通ID": "E0920100108111",
        "施設・場所名": "国本中学校",
        "住所": "栃木県宇都宮市新里町丁1608-19",
        "指定緊急避難場所との住所同一": "",
        "その他市町村長が必要と認める事項": null,
        "受入対象者": null,
        "備考": ""
      }
    },
    {
      "type": "Feature",
      "geometry": {
        "type": "Point",
        "coordinates": [
          139.838052,
          36.616297
        ]
      },
      "properties": {
        "NO": "165",
        "共通ID": "E0920100108121",
        "施設・場所名": "国本中学校",
        "住所": "栃木県宇都宮市新里町丁1608-19",
        "指定緊急避難場所との住所同一": "",
        "その他市町村長が必要と認める事項": null,
        "受入対象者": "要配慮者",
        "備考": ""
      }
    },
    {
      "type": "Feature",
      "geometry": {
        "type": "Point",
        "coordinates": [
          139.822202,
          36.625539
        ]
      },
      "properties": {
        "NO": "166",
        "共通ID": "E0920100109121",
        "施設・場所名": "国本西小学校",
        "住所": "栃木県宇都宮市新里町丁292",
        "指定緊急避難場所との住所同一": "1",
        "その他市町村長が必要と認める事項": null,
        "受入対象者": "要配慮者",
        "備考": ""
      }
    },
    {
      "type": "Feature",
      "geometry": {
        "type": "Point",
        "coordinates": [
          139.822282,
          36.625505
        ]
      },
      "properties": {
        "NO": "167",
        "共通ID": "E0920100109111",
        "施設・場所名": "国本西小学校",
        "住所": "栃木県宇都宮市新里町丁292",
        "指定緊急避難場所との住所同一": "1",
        "その他市町村長が必要と認める事項": null,
        "受入対象者": null,
        "備考": ""
      }
    },
    {
      "type": "Feature",
      "geometry": {
        "type": "Point",
        "coordinates": [
          139.852304,
          36.49436
        ]
      },
      "properties": {
        "NO": "168",
        "共通ID": "E0920100112111",
        "施設・場所名": "新田小学校",
        "住所": "栃木県宇都宮市針ケ谷1-18-21",
        "指定緊急避難場所との住所同一": "1",
        "その他市町村長が必要と認める事項": null,
        "受入対象者": null,
        "備考": ""
      }
    },
    {
      "type": "Feature",
      "geometry": {
        "type": "Point",
        "coordinates": [
          139.852208,
          36.494377
        ]
      },
      "properties": {
        "NO": "169",
        "共通ID": "E0920100112121",
        "施設・場所名": "新田小学校",
        "住所": "栃木県宇都宮市針ケ谷1-18-21",
        "指定緊急避難場所との住所同一": "1",
        "その他市町村長が必要と認める事項": null,
        "受入対象者": "要配慮者",
        "備考": ""
      }
    },
    {
      "type": "Feature",
      "geometry": {
        "type": "Point",
        "coordinates": [
          139.922129,
          36.511361
        ]
      },
      "properties": {
        "NO": "170",
        "共通ID": "E0920100113111",
        "施設・場所名": "瑞穂台小学校",
        "住所": "栃木県宇都宮市瑞穂1-22",
        "指定緊急避難場所との住所同一": "1",
        "その他市町村長が必要と認める事項": null,
        "受入対象者": null,
        "備考": ""
      }
    },
    {
      "type": "Feature",
      "geometry": {
        "type": "Point",
        "coordinates": [
          139.922057,
          36.511377
        ]
      },
      "properties": {
        "NO": "171",
        "共通ID": "E0920100113121",
        "施設・場所名": "瑞穂台小学校",
        "住所": "栃木県宇都宮市瑞穂1-22",
        "指定緊急避難場所との住所同一": "1",
        "その他市町村長が必要と認める事項": null,
        "受入対象者": "要配慮者",
        "備考": ""
      }
    },
    {
      "type": "Feature",
      "geometry": {
        "type": "Point",
        "coordinates": [
          139.874363,
          36.491904
        ]
      },
      "properties": {
        "NO": "172",
        "共通ID": "E0920100114111",
        "施設・場所名": "雀宮中央小学校",
        "住所": "栃木県宇都宮市雀の宮3-10-13",
        "指定緊急避難場所との住所同一": "1",
        "その他市町村長が必要と認める事項": null,
        "受入対象者": null,
        "備考": ""
      }
    },
    {
      "type": "Feature",
      "geometry": {
        "type": "Point",
        "coordinates": [
          139.874239,
          36.491905
        ]
      },
      "properties": {
        "NO": "173",
        "共通ID": "E0920100114121",
        "施設・場所名": "雀宮中央小学校",
        "住所": "栃木県宇都宮市雀の宮3-10-13",
        "指定緊急避難場所との住所同一": "1",
        "その他市町村長が必要と認める事項": null,
        "受入対象者": "要配慮者",
        "備考": ""
      }
    },
    {
      "type": "Feature",
      "geometry": {
        "type": "Point",
        "coordinates": [
          139.863012,
          36.48792
        ]
      },
      "properties": {
        "NO": "174",
        "共通ID": "E0920100115111",
        "施設・場所名": "雀宮中学校",
        "住所": "栃木県宇都宮市雀の宮7-28-16",
        "指定緊急避難場所との住所同一": "1",
        "その他市町村長が必要と認める事項": null,
        "受入対象者": null,
        "備考": ""
      }
    },
    {
      "type": "Feature",
      "geometry": {
        "type": "Point",
        "coordinates": [
          139.862928,
          36.487946
        ]
      },
      "properties": {
        "NO": "175",
        "共通ID": "E0920100115121",
        "施設・場所名": "雀宮中学校",
        "住所": "栃木県宇都宮市雀の宮7-28-16",
        "指定緊急避難場所との住所同一": "1",
        "その他市町村長が必要と認める事項": null,
        "受入対象者": "要配慮者",
        "備考": ""
      }
    },
    {
      "type": "Feature",
      "geometry": {
        "type": "Point",
        "coordinates": [
          139.874996,
          36.56993
        ]
      },
      "properties": {
        "NO": "176",
        "共通ID": "E0920100116121",
        "施設・場所名": "星が丘中学校",
        "住所": "栃木県宇都宮市星が丘2-3-31",
        "指定緊急避難場所との住所同一": "1",
        "その他市町村長が必要と認める事項": null,
        "受入対象者": "要配慮者",
        "備考": ""
      }
    },
    {
      "type": "Feature",
      "geometry": {
        "type": "Point",
        "coordinates": [
          139.875154,
          36.569978
        ]
      },
      "properties": {
        "NO": "177",
        "共通ID": "E0920100116111",
        "施設・場所名": "星が丘中学校",
        "住所": "栃木県宇都宮市星が丘2-3-31",
        "指定緊急避難場所との住所同一": "1",
        "その他市町村長が必要と認める事項": null,
        "受入対象者": null,
        "備考": ""
      }
    },
    {
      "type": "Feature",
      "geometry": {
        "type": "Point",
        "coordinates": [
          139.983084,
          36.545681
        ]
      },
      "properties": {
        "NO": "178",
        "共通ID": "E0920100117111",
        "施設・場所名": "清原体育館",
        "住所": "栃木県宇都宮市清原工業団地14",
        "指定緊急避難場所との住所同一": "",
        "その他市町村長が必要と認める事項": null,
        "受入対象者": null,
        "備考": ""
      }
    },
    {
      "type": "Feature",
      "geometry": {
        "type": "Point",
        "coordinates": [
          139.983025,
          36.545737
        ]
      },
      "properties": {
        "NO": "179",
        "共通ID": "E0920100117121",
        "施設・場所名": "清原体育館",
        "住所": "栃木県宇都宮市清原工業団地14",
        "指定緊急避難場所との住所同一": "",
        "その他市町村長が必要と認める事項": null,
        "受入対象者": "要配慮者",
        "備考": ""
      }
    },
    {
      "type": "Feature",
      "geometry": {
        "type": "Point",
        "coordinates": [
          139.982226,
          36.546613
        ]
      },
      "properties": {
        "NO": "180",
        "共通ID": "E0920100118121",
        "施設・場所名": "清原地区市民センター",
        "住所": "栃木県宇都宮市清原工業団地15-4",
        "指定緊急避難場所との住所同一": "1",
        "その他市町村長が必要と認める事項": null,
        "受入対象者": "要配慮者",
        "備考": ""
      }
    },
    {
      "type": "Feature",
      "geometry": {
        "type": "Point",
        "coordinates": [
          139.982256,
          36.546567
        ]
      },
      "properties": {
        "NO": "181",
        "共通ID": "E0920100118111",
        "施設・場所名": "清原地区市民センター",
        "住所": "栃木県宇都宮市清原工業団地15-4",
        "指定緊急避難場所との住所同一": "1",
        "その他市町村長が必要と認める事項": null,
        "受入対象者": null,
        "備考": ""
      }
    },
    {
      "type": "Feature",
      "geometry": {
        "type": "Point",
        "coordinates": [
          139.877759,
          36.559315
        ]
      },
      "properties": {
        "NO": "182",
        "共通ID": "E0920100119121",
        "施設・場所名": "西地域コミュニティセンター",
        "住所": "栃木県宇都宮市西1-2-13",
        "指定緊急避難場所との住所同一": "1",
        "その他市町村長が必要と認める事項": null,
        "受入対象者": "要配慮者",
        "備考": ""
      }
    },
    {
      "type": "Feature",
      "geometry": {
        "type": "Point",
        "coordinates": [
          139.87813,
          36.559714
        ]
      },
      "properties": {
        "NO": "183",
        "共通ID": "E0920100119112",
        "施設・場所名": "西小学校",
        "住所": "栃木県宇都宮市西1-2-13",
        "指定緊急避難場所との住所同一": "1",
        "その他市町村長が必要と認める事項": null,
        "受入対象者": null,
        "備考": ""
      }
    },
    {
      "type": "Feature",
      "geometry": {
        "type": "Point",
        "coordinates": [
          139.877759,
          36.559308
        ]
      },
      "properties": {
        "NO": "184",
        "共通ID": "E0920100119111",
        "施設・場所名": "西地域コミュニティセンター",
        "住所": "栃木県宇都宮市西1-2-13",
        "指定緊急避難場所との住所同一": "1",
        "その他市町村長が必要と認める事項": null,
        "受入対象者": null,
        "備考": ""
      }
    },
    {
      "type": "Feature",
      "geometry": {
        "type": "Point",
        "coordinates": [
          139.878273,
          36.559704
        ]
      },
      "properties": {
        "NO": "185",
        "共通ID": "E0920100119122",
        "施設・場所名": "西小学校",
        "住所": "栃木県宇都宮市西1-2-13",
        "指定緊急避難場所との住所同一": "1",
        "その他市町村長が必要と認める事項": null,
        "受入対象者": "要配慮者",
        "備考": ""
      }
    },
    {
      "type": "Feature",
      "geometry": {
        "type": "Point",
        "coordinates": [
          139.861497,
          36.567689
        ]
      },
      "properties": {
        "NO": "186",
        "共通ID": "E0920100120121",
        "施設・場所名": "西生涯学習センター",
        "住所": "栃木県宇都宮市西一の沢町17-32",
        "指定緊急避難場所との住所同一": "",
        "その他市町村長が必要と認める事項": null,
        "受入対象者": "要配慮者",
        "備考": ""
      }
    },
    {
      "type": "Feature",
      "geometry": {
        "type": "Point",
        "coordinates": [
          139.861495,
          36.567675
        ]
      },
      "properties": {
        "NO": "187",
        "共通ID": "E0920100120111",
        "施設・場所名": "西生涯学習センター",
        "住所": "栃木県宇都宮市西一の沢町17-32",
        "指定緊急避難場所との住所同一": "",
        "その他市町村長が必要と認める事項": null,
        "受入対象者": null,
        "備考": ""
      }
    },
    {
      "type": "Feature",
      "geometry": {
        "type": "Point",
        "coordinates": [
          139.940218,
          36.492273
        ]
      },
      "properties": {
        "NO": "188",
        "共通ID": "E0920100121111",
        "施設・場所名": "瑞穂野南小学校",
        "住所": "栃木県宇都宮市西刑部町444",
        "指定緊急避難場所との住所同一": "",
        "その他市町村長が必要と認める事項": "",
        "受入対象者": "",
        "備考": ""
      }
    },
    {
      "type": "Feature",
      "geometry": {
        "type": "Point",
        "coordinates": [
          139.940083,
          36.492291
        ]
      },
      "properties": {
        "NO": "189",
        "共通ID": "E0920100121121",
        "施設・場所名": "瑞穂野南小学校",
        "住所": "栃木県宇都宮市西刑部町444",
        "指定緊急避難場所との住所同一": "",
        "その他市町村長が必要と認める事項": "",
        "受入対象者": "要配慮者",
        "備考": ""
      }
    },
    {
      "type": "Feature",
      "geometry": {
        "type": "Point",
        "coordinates": [
          139.872705,
          36.5541
        ]
      },
      "properties": {
        "NO": "190",
        "共通ID": "E0920100122112",
        "施設・場所名": "西原小学校",
        "住所": "栃木県宇都宮市西原2-5-42",
        "指定緊急避難場所との住所同一": "1",
        "その他市町村長が必要と認める事項": null,
        "受入対象者": null,
        "備考": ""
      }
    },
    {
      "type": "Feature",
      "geometry": {
        "type": "Point",
        "coordinates": [
          139.872414,
          36.554499
        ]
      },
      "properties": {
        "NO": "191",
        "共通ID": "E0920100122111",
        "施設・場所名": "西原地域コミュニティセンター",
        "住所": "栃木県宇都宮市西原2-5-42",
        "指定緊急避難場所との住所同一": "1",
        "その他市町村長が必要と認める事項": null,
        "受入対象者": null,
        "備考": ""
      }
    },
    {
      "type": "Feature",
      "geometry": {
        "type": "Point",
        "coordinates": [
          139.872789,
          36.554081
        ]
      },
      "properties": {
        "NO": "192",
        "共通ID": "E0920100122122",
        "施設・場所名": "西原小学校",
        "住所": "栃木県宇都宮市西原2-5-42",
        "指定緊急避難場所との住所同一": "1",
        "その他市町村長が必要と認める事項": null,
        "受入対象者": "要配慮者",
        "備考": ""
      }
    },
    {
      "type": "Feature",
      "geometry": {
        "type": "Point",
        "coordinates": [
          139.87242,
          36.554508
        ]
      },
      "properties": {
        "NO": "193",
        "共通ID": "E0920100122121",
        "施設・場所名": "西原地域コミュニティセンター",
        "住所": "栃木県宇都宮市西原2-5-42",
        "指定緊急避難場所との住所同一": "1",
        "その他市町村長が必要と認める事項": null,
        "受入対象者": "要配慮者",
        "備考": ""
      }
    },
    {
      "type": "Feature",
      "geometry": {
        "type": "Point",
        "coordinates": [
          139.856722,
          36.536117
        ]
      },
      "properties": {
        "NO": "194",
        "共通ID": "E0920100123121",
        "施設・場所名": "姿川中学校",
        "住所": "栃木県宇都宮市西川田町1038",
        "指定緊急避難場所との住所同一": "1",
        "その他市町村長が必要と認める事項": null,
        "受入対象者": "要配慮者",
        "備考": ""
      }
    },
    {
      "type": "Feature",
      "geometry": {
        "type": "Point",
        "coordinates": [
          139.856823,
          36.536141
        ]
      },
      "properties": {
        "NO": "195",
        "共通ID": "E0920100123111",
        "施設・場所名": "姿川中学校",
        "住所": "栃木県宇都宮市西川田町1038",
        "指定緊急避難場所との住所同一": "1",
        "その他市町村長が必要と認める事項": null,
        "受入対象者": null,
        "備考": ""
      }
    },
    {
      "type": "Feature",
      "geometry": {
        "type": "Point",
        "coordinates": [
          139.854465,
          36.535948
        ]
      },
      "properties": {
        "NO": "196",
        "共通ID": "E0920100124121",
        "施設・場所名": "姿川地区市民センター",
        "住所": "栃木県宇都宮市西川田町1038-1",
        "指定緊急避難場所との住所同一": "1",
        "その他市町村長が必要と認める事項": null,
        "受入対象者": "要配慮者",
        "備考": ""
      }
    },
    {
      "type": "Feature",
      "geometry": {
        "type": "Point",
        "coordinates": [
          139.854508,
          36.535945
        ]
      },
      "properties": {
        "NO": "197",
        "共通ID": "E0920100124111",
        "施設・場所名": "姿川地区市民センター",
        "住所": "栃木県宇都宮市西川田町1038-1",
        "指定緊急避難場所との住所同一": "1",
        "その他市町村長が必要と認める事項": null,
        "受入対象者": null,
        "備考": ""
      }
    },
    {
      "type": "Feature",
      "geometry": {
        "type": "Point",
        "coordinates": [
          139.843063,
          36.511303
        ]
      },
      "properties": {
        "NO": "198",
        "共通ID": "E0920100125121",
        "施設・場所名": "姿川第一小学校",
        "住所": "栃木県宇都宮市西川田本町3-11-15",
        "指定緊急避難場所との住所同一": "1",
        "その他市町村長が必要と認める事項": null,
        "受入対象者": "要配慮者",
        "備考": ""
      }
    },
    {
      "type": "Feature",
      "geometry": {
        "type": "Point",
        "coordinates": [
          139.843116,
          36.511254
        ]
      },
      "properties": {
        "NO": "199",
        "共通ID": "E0920100125111",
        "施設・場所名": "姿川第一小学校",
        "住所": "栃木県宇都宮市西川田本町3-11-15",
        "指定緊急避難場所との住所同一": "1",
        "その他市町村長が必要と認める事項": null,
        "受入対象者": null,
        "備考": ""
      }
    },
    {
      "type": "Feature",
      "geometry": {
        "type": "Point",
        "coordinates": [
          139.929085,
          36.54054
        ]
      },
      "properties": {
        "NO": "200",
        "共通ID": "E0920100126111",
        "施設・場所名": "石井地域コミュニティセンター",
        "住所": "栃木県宇都宮市石井町1213",
        "指定緊急避難場所との住所同一": "1",
        "その他市町村長が必要と認める事項": null,
        "受入対象者": null,
        "備考": ""
      }
    },
    {
      "type": "Feature",
      "geometry": {
        "type": "Point",
        "coordinates": [
          139.929892,
          36.540361
        ]
      },
      "properties": {
        "NO": "201",
        "共通ID": "E0920100126122",
        "施設・場所名": "石井小学校",
        "住所": "栃木県宇都宮市石井町1213",
        "指定緊急避難場所との住所同一": "1",
        "その他市町村長が必要と認める事項": null,
        "受入対象者": "要配慮者",
        "備考": ""
      }
    },
    {
      "type": "Feature",
      "geometry": {
        "type": "Point",
        "coordinates": [
          139.929034,
          36.540478
        ]
      },
      "properties": {
        "NO": "202",
        "共通ID": "E0920100126121",
        "施設・場所名": "石井地域コミュニティセンター",
        "住所": "栃木県宇都宮市石井町1213",
        "指定緊急避難場所との住所同一": "1",
        "その他市町村長が必要と認める事項": null,
        "受入対象者": "要配慮者",
        "備考": ""
      }
    },
    {
      "type": "Feature",
      "geometry": {
        "type": "Point",
        "coordinates": [
          139.929961,
          36.540384
        ]
      },
      "properties": {
        "NO": "203",
        "共通ID": "E0920100126112",
        "施設・場所名": "石井小学校",
        "住所": "栃木県宇都宮市石井町1213",
        "指定緊急避難場所との住所同一": "1",
        "その他市町村長が必要と認める事項": null,
        "受入対象者": null,
        "備考": ""
      }
    },
    {
      "type": "Feature",
      "geometry": {
        "type": "Point",
        "coordinates": [
          139.928866,
          36.544533
        ]
      },
      "properties": {
        "NO": "204",
        "共通ID": "E0920100127121",
        "施設・場所名": "陽東中学校",
        "住所": "栃木県宇都宮市石井町2800-42",
        "指定緊急避難場所との住所同一": "1",
        "その他市町村長が必要と認める事項": null,
        "受入対象者": "要配慮者",
        "備考": ""
      }
    },
    {
      "type": "Feature",
      "geometry": {
        "type": "Point",
        "coordinates": [
          139.928981,
          36.544542
        ]
      },
      "properties": {
        "NO": "205",
        "共通ID": "E0920100127111",
        "施設・場所名": "陽東中学校",
        "住所": "栃木県宇都宮市石井町2800-42",
        "指定緊急避難場所との住所同一": "1",
        "その他市町村長が必要と認める事項": null,
        "受入対象者": null,
        "備考": ""
      }
    },
    {
      "type": "Feature",
      "geometry": {
        "type": "Point",
        "coordinates": [
          139.919142,
          36.567076
        ]
      },
      "properties": {
        "NO": "206",
        "共通ID": "E0920100132111",
        "施設・場所名": "泉が丘中学校",
        "住所": "栃木県宇都宮市泉が丘4-11-40",
        "指定緊急避難場所との住所同一": "1",
        "その他市町村長が必要と認める事項": null,
        "受入対象者": null,
        "備考": ""
      }
    },
    {
      "type": "Feature",
      "geometry": {
        "type": "Point",
        "coordinates": [
          139.91892,
          36.56705
        ]
      },
      "properties": {
        "NO": "207",
        "共通ID": "E0920100132121",
        "施設・場所名": "泉が丘中学校",
        "住所": "栃木県宇都宮市泉が丘4-11-40",
        "指定緊急避難場所との住所同一": "1",
        "その他市町村長が必要と認める事項": null,
        "受入対象者": "要配慮者",
        "備考": ""
      }
    },
    {
      "type": "Feature",
      "geometry": {
        "type": "Point",
        "coordinates": [
          139.919802,
          36.567411
        ]
      },
      "properties": {
        "NO": "208",
        "共通ID": "E0920100133111",
        "施設・場所名": "泉が丘地域コミュニティセンター",
        "住所": "栃木県宇都宮市泉が丘7-12-14",
        "指定緊急避難場所との住所同一": "1",
        "その他市町村長が必要と認める事項": null,
        "受入対象者": null,
        "備考": ""
      }
    },
    {
      "type": "Feature",
      "geometry": {
        "type": "Point",
        "coordinates": [
          139.920344,
          36.567026
        ]
      },
      "properties": {
        "NO": "209",
        "共通ID": "E0920100133112",
        "施設・場所名": "泉が丘小学校",
        "住所": "栃木県宇都宮市泉が丘7-12-14",
        "指定緊急避難場所との住所同一": "1",
        "その他市町村長が必要と認める事項": null,
        "受入対象者": null,
        "備考": ""
      }
    },
    {
      "type": "Feature",
      "geometry": {
        "type": "Point",
        "coordinates": [
          139.919793,
          36.567425
        ]
      },
      "properties": {
        "NO": "210",
        "共通ID": "E0920100133121",
        "施設・場所名": "泉が丘地域コミュニティセンター",
        "住所": "栃木県宇都宮市泉が丘7-12-14",
        "指定緊急避難場所との住所同一": "1",
        "その他市町村長が必要と認める事項": null,
        "受入対象者": "要配慮者",
        "備考": ""
      }
    },
    {
      "type": "Feature",
      "geometry": {
        "type": "Point",
        "coordinates": [
          139.92024,
          36.567036
        ]
      },
      "properties": {
        "NO": "211",
        "共通ID": "E0920100133122",
        "施設・場所名": "泉が丘小学校",
        "住所": "栃木県宇都宮市泉が丘7-12-14",
        "指定緊急避難場所との住所同一": "1",
        "その他市町村長が必要と認める事項": null,
        "受入対象者": "要配慮者",
        "備考": ""
      }
    },
    {
      "type": "Feature",
      "geometry": {
        "type": "Point",
        "coordinates": [
          139.825687,
          36.589101
        ]
      },
      "properties": {
        "NO": "212",
        "共通ID": "E0920100136111",
        "施設・場所名": "城山地区市民センター",
        "住所": "栃木県宇都宮市大谷町1059-5",
        "指定緊急避難場所との住所同一": "1",
        "その他市町村長が必要と認める事項": null,
        "受入対象者": null,
        "備考": ""
      }
    },
    {
      "type": "Feature",
      "geometry": {
        "type": "Point",
        "coordinates": [
          139.825568,
          36.58908
        ]
      },
      "properties": {
        "NO": "213",
        "共通ID": "E0920100136121",
        "施設・場所名": "城山地区市民センター",
        "住所": "栃木県宇都宮市大谷町1059-5",
        "指定緊急避難場所との住所同一": "1",
        "その他市町村長が必要と認める事項": null,
        "受入対象者": "要配慮者",
        "備考": ""
      }
    },
    {
      "type": "Feature",
      "geometry": {
        "type": "Point",
        "coordinates": [
          139.813086,
          36.594099
        ]
      },
      "properties": {
        "NO": "214",
        "共通ID": "E0920100140111",
        "施設・場所名": "城山中央小学校",
        "住所": "栃木県宇都宮市大谷町1402",
        "指定緊急避難場所との住所同一": "",
        "その他市町村長が必要と認める事項": null,
        "受入対象者": null,
        "備考": ""
      }
    },
    {
      "type": "Feature",
      "geometry": {
        "type": "Point",
        "coordinates": [
          139.813024,
          36.594063
        ]
      },
      "properties": {
        "NO": "215",
        "共通ID": "E0920100140121",
        "施設・場所名": "城山中央小学校",
        "住所": "栃木県宇都宮市大谷町1402",
        "指定緊急避難場所との住所同一": "",
        "その他市町村長が必要と認める事項": null,
        "受入対象者": "要配慮者",
        "備考": ""
      }
    },
    {
      "type": "Feature",
      "geometry": {
        "type": "Point",
        "coordinates": [
          139.812898,
          36.592479
        ]
      },
      "properties": {
        "NO": "216",
        "共通ID": "E0920100141111",
        "施設・場所名": "城山中学校",
        "住所": "栃木県宇都宮市大谷町1423",
        "指定緊急避難場所との住所同一": "1",
        "その他市町村長が必要と認める事項": null,
        "受入対象者": null,
        "備考": ""
      }
    },
    {
      "type": "Feature",
      "geometry": {
        "type": "Point",
        "coordinates": [
          139.812729,
          36.592535
        ]
      },
      "properties": {
        "NO": "217",
        "共通ID": "E0920100141121",
        "施設・場所名": "城山中学校",
        "住所": "栃木県宇都宮市大谷町1423",
        "指定緊急避難場所との住所同一": "1",
        "その他市町村長が必要と認める事項": null,
        "受入対象者": "要配慮者",
        "備考": ""
      }
    },
    {
      "type": "Feature",
      "geometry": {
        "type": "Point",
        "coordinates": [
          139.86376,
          36.534111
        ]
      },
      "properties": {
        "NO": "218",
        "共通ID": "E0920100145122",
        "施設・場所名": "陽南小学校",
        "住所": "栃木県宇都宮市大和1-10-15",
        "指定緊急避難場所との住所同一": "1",
        "その他市町村長が必要と認める事項": null,
        "受入対象者": "要配慮者",
        "備考": ""
      }
    },
    {
      "type": "Feature",
      "geometry": {
        "type": "Point",
        "coordinates": [
          139.863096,
          36.534113
        ]
      },
      "properties": {
        "NO": "219",
        "共通ID": "E0920100145111",
        "施設・場所名": "陽南地域コミュニティセンター",
        "住所": "栃木県宇都宮市大和1-10-15",
        "指定緊急避難場所との住所同一": "1",
        "その他市町村長が必要と認める事項": null,
        "受入対象者": null,
        "備考": ""
      }
    },
    {
      "type": "Feature",
      "geometry": {
        "type": "Point",
        "coordinates": [
          139.863853,
          36.5341
        ]
      },
      "properties": {
        "NO": "220",
        "共通ID": "E0920100145112",
        "施設・場所名": "陽南小学校",
        "住所": "栃木県宇都宮市大和1-10-15",
        "指定緊急避難場所との住所同一": "1",
        "その他市町村長が必要と認める事項": null,
        "受入対象者": null,
        "備考": ""
      }
    },
    {
      "type": "Feature",
      "geometry": {
        "type": "Point",
        "coordinates": [
          139.86313,
          36.534146
        ]
      },
      "properties": {
        "NO": "221",
        "共通ID": "E0920100145121",
        "施設・場所名": "陽南地域コミュニティセンター",
        "住所": "栃木県宇都宮市大和1-10-15",
        "指定緊急避難場所との住所同一": "1",
        "その他市町村長が必要と認める事項": null,
        "受入対象者": "要配慮者",
        "備考": ""
      }
    },
    {
      "type": "Feature",
      "geometry": {
        "type": "Point",
        "coordinates": [
          139.907949,
          36.580031
        ]
      },
      "properties": {
        "NO": "222",
        "共通ID": "E0920100147111",
        "施設・場所名": "豊郷南小学校",
        "住所": "栃木県宇都宮市竹林町532",
        "指定緊急避難場所との住所同一": "1",
        "その他市町村長が必要と認める事項": null,
        "受入対象者": null,
        "備考": ""
      }
    },
    {
      "type": "Feature",
      "geometry": {
        "type": "Point",
        "coordinates": [
          139.907902,
          36.580052
        ]
      },
      "properties": {
        "NO": "223",
        "共通ID": "E0920100147121",
        "施設・場所名": "豊郷南小学校",
        "住所": "栃木県宇都宮市竹林町532",
        "指定緊急避難場所との住所同一": "1",
        "その他市町村長が必要と認める事項": null,
        "受入対象者": "要配慮者",
        "備考": ""
      }
    },
    {
      "type": "Feature",
      "geometry": {
        "type": "Point",
        "coordinates": [
          139.882659,
          36.559442
        ]
      },
      "properties": {
        "NO": "224",
        "共通ID": "E0920100148111",
        "施設・場所名": "中央生涯学習センター",
        "住所": "栃木県宇都宮市中央1-1-13",
        "指定緊急避難場所との住所同一": "1",
        "その他市町村長が必要と認める事項": null,
        "受入対象者": null,
        "備考": ""
      }
    },
    {
      "type": "Feature",
      "geometry": {
        "type": "Point",
        "coordinates": [
          139.882652,
          36.559454
        ]
      },
      "properties": {
        "NO": "225",
        "共通ID": "E0920100148121",
        "施設・場所名": "中央生涯学習センター",
        "住所": "栃木県宇都宮市中央1-1-13",
        "指定緊急避難場所との住所同一": "1",
        "その他市町村長が必要と認める事項": null,
        "受入対象者": "要配慮者",
        "備考": ""
      }
    },
    {
      "type": "Feature",
      "geometry": {
        "type": "Point",
        "coordinates": [
          139.88497,
          36.55923
        ]
      },
      "properties": {
        "NO": "226",
        "共通ID": "E0920100149111",
        "施設・場所名": "中央地域コミュニティセンター",
        "住所": "栃木県宇都宮市中央本町1-29",
        "指定緊急避難場所との住所同一": "1",
        "その他市町村長が必要と認める事項": null,
        "受入対象者": null,
        "備考": ""
      }
    },
    {
      "type": "Feature",
      "geometry": {
        "type": "Point",
        "coordinates": [
          139.88472,
          36.559257
        ]
      },
      "properties": {
        "NO": "227",
        "共通ID": "E0920100149122",
        "施設・場所名": "中央小学校",
        "住所": "栃木県宇都宮市中央本町1-29",
        "指定緊急避難場所との住所同一": "1",
        "その他市町村長が必要と認める事項": null,
        "受入対象者": "要配慮者",
        "備考": ""
      }
    },
    {
      "type": "Feature",
      "geometry": {
        "type": "Point",
        "coordinates": [
          139.884844,
          36.559222
        ]
      },
      "properties": {
        "NO": "228",
        "共通ID": "E0920100149121",
        "施設・場所名": "中央地域コミュニティセンター",
        "住所": "栃木県宇都宮市中央本町1-29",
        "指定緊急避難場所との住所同一": "1",
        "その他市町村長が必要と認める事項": null,
        "受入対象者": "要配慮者",
        "備考": ""
      }
    },
    {
      "type": "Feature",
      "geometry": {
        "type": "Point",
        "coordinates": [
          139.88464,
          36.559278
        ]
      },
      "properties": {
        "NO": "229",
        "共通ID": "E0920100149112",
        "施設・場所名": "中央小学校",
        "住所": "栃木県宇都宮市中央本町1-29",
        "指定緊急避難場所との住所同一": "1",
        "その他市町村長が必要と認める事項": null,
        "受入対象者": null,
        "備考": ""
      }
    },
    {
      "type": "Feature",
      "geometry": {
        "type": "Point",
        "coordinates": [
          139.951545,
          36.612401
        ]
      },
      "properties": {
        "NO": "230",
        "共通ID": "E0920100150111",
        "施設・場所名": "岡本北小学校",
        "住所": "栃木県宇都宮市中岡本町2481-2",
        "指定緊急避難場所との住所同一": "1",
        "その他市町村長が必要と認める事項": null,
        "受入対象者": null,
        "備考": ""
      }
    },
    {
      "type": "Feature",
      "geometry": {
        "type": "Point",
        "coordinates": [
          139.951605,
          36.61242
        ]
      },
      "properties": {
        "NO": "231",
        "共通ID": "E0920100150121",
        "施設・場所名": "岡本北小学校",
        "住所": "栃木県宇都宮市中岡本町2481-2",
        "指定緊急避難場所との住所同一": "1",
        "その他市町村長が必要と認める事項": null,
        "受入対象者": "要配慮者",
        "備考": ""
      }
    },
    {
      "type": "Feature",
      "geometry": {
        "type": "Point",
        "coordinates": [
          139.953156,
          36.602033
        ]
      },
      "properties": {
        "NO": "232",
        "共通ID": "E0920100152111",
        "施設・場所名": "岡本小学校",
        "住所": "栃木県宇都宮市中岡本町2623",
        "指定緊急避難場所との住所同一": "1",
        "その他市町村長が必要と認める事項": null,
        "受入対象者": null,
        "備考": ""
      }
    },
    {
      "type": "Feature",
      "geometry": {
        "type": "Point",
        "coordinates": [
          139.953068,
          36.602028
        ]
      },
      "properties": {
        "NO": "233",
        "共通ID": "E0920100152121",
        "施設・場所名": "岡本小学校",
        "住所": "栃木県宇都宮市中岡本町2623",
        "指定緊急避難場所との住所同一": "1",
        "その他市町村長が必要と認める事項": null,
        "受入対象者": "要配慮者",
        "備考": ""
      }
    },
    {
      "type": "Feature",
      "geometry": {
        "type": "Point",
        "coordinates": [
          139.944926,
          36.617543
        ]
      },
      "properties": {
        "NO": "234",
        "共通ID": "E0920100153121",
        "施設・場所名": "古里中学校",
        "住所": "栃木県宇都宮市中岡本町3130",
        "指定緊急避難場所との住所同一": "1",
        "その他市町村長が必要と認める事項": null,
        "受入対象者": "要配慮者",
        "備考": ""
      }
    },
    {
      "type": "Feature",
      "geometry": {
        "type": "Point",
        "coordinates": [
          139.94482,
          36.617517
        ]
      },
      "properties": {
        "NO": "235",
        "共通ID": "E0920100153111",
        "施設・場所名": "古里中学校",
        "住所": "栃木県宇都宮市中岡本町3130",
        "指定緊急避難場所との住所同一": "1",
        "その他市町村長が必要と認める事項": null,
        "受入対象者": null,
        "備考": ""
      }
    },
    {
      "type": "Feature",
      "geometry": {
        "type": "Point",
        "coordinates": [
          139.943145,
          36.616218
        ]
      },
      "properties": {
        "NO": "236",
        "共通ID": "E0920100156111",
        "施設・場所名": "河内地区市民センター",
        "住所": "栃木県宇都宮市中岡本町3321-4",
        "指定緊急避難場所との住所同一": "",
        "その他市町村長が必要と認める事項": "",
        "受入対象者": "",
        "備考": ""
      }
    },
    {
      "type": "Feature",
      "geometry": {
        "type": "Point",
        "coordinates": [
          139.943054,
          36.616183
        ]
      },
      "properties": {
        "NO": "237",
        "共通ID": "E0920100156121",
        "施設・場所名": "河内地区市民センター",
        "住所": "栃木県宇都宮市中岡本町3321-4",
        "指定緊急避難場所との住所同一": "",
        "その他市町村長が必要と認める事項": "",
        "受入対象者": "要配慮者",
        "備考": ""
      }
    },
    {
      "type": "Feature",
      "geometry": {
        "type": "Point",
        "coordinates": [
          139.931742,
          36.606806
        ]
      },
      "properties": {
        "NO": "238",
        "共通ID": "E0920100157121",
        "施設・場所名": "岡本西小学校",
        "住所": "栃木県宇都宮市中岡本町3709-2",
        "指定緊急避難場所との住所同一": "1",
        "その他市町村長が必要と認める事項": null,
        "受入対象者": "要配慮者",
        "備考": ""
      }
    },
    {
      "type": "Feature",
      "geometry": {
        "type": "Point",
        "coordinates": [
          139.931669,
          36.606794
        ]
      },
      "properties": {
        "NO": "239",
        "共通ID": "E0920100157111",
        "施設・場所名": "岡本西小学校",
        "住所": "栃木県宇都宮市中岡本町3709-2",
        "指定緊急避難場所との住所同一": "1",
        "その他市町村長が必要と認める事項": null,
        "受入対象者": null,
        "備考": ""
      }
    },
    {
      "type": "Feature",
      "geometry": {
        "type": "Point",
        "coordinates": [
          139.931171,
          36.60848
        ]
      },
      "properties": {
        "NO": "240",
        "共通ID": "E0920100158121",
        "施設・場所名": "河内中学校",
        "住所": "栃木県宇都宮市中岡本町3743",
        "指定緊急避難場所との住所同一": "1",
        "その他市町村長が必要と認める事項": null,
        "受入対象者": "要配慮者",
        "備考": ""
      }
    },
    {
      "type": "Feature",
      "geometry": {
        "type": "Point",
        "coordinates": [
          139.931289,
          36.608496
        ]
      },
      "properties": {
        "NO": "241",
        "共通ID": "E0920100158111",
        "施設・場所名": "河内中学校",
        "住所": "栃木県宇都宮市中岡本町3743",
        "指定緊急避難場所との住所同一": "1",
        "その他市町村長が必要と認める事項": null,
        "受入対象者": null,
        "備考": ""
      }
    },
    {
      "type": "Feature",
      "geometry": {
        "type": "Point",
        "coordinates": [
          139.908722,
          36.56857
        ]
      },
      "properties": {
        "NO": "242",
        "共通ID": "E0920100159111",
        "施設・場所名": "東生涯学習センター",
        "住所": "栃木県宇都宮市中今泉3-5-1",
        "指定緊急避難場所との住所同一": "1",
        "その他市町村長が必要と認める事項": null,
        "受入対象者": null,
        "備考": ""
      }
    },
    {
      "type": "Feature",
      "geometry": {
        "type": "Point",
        "coordinates": [
          139.908711,
          36.568595
        ]
      },
      "properties": {
        "NO": "243",
        "共通ID": "E0920100159121",
        "施設・場所名": "東生涯学習センター",
        "住所": "栃木県宇都宮市中今泉3-5-1",
        "指定緊急避難場所との住所同一": "1",
        "その他市町村長が必要と認める事項": null,
        "受入対象者": "要配慮者",
        "備考": ""
      }
    },
    {
      "type": "Feature",
      "geometry": {
        "type": "Point",
        "coordinates": [
          139.901991,
          36.684222
        ]
      },
      "properties": {
        "NO": "244",
        "共通ID": "E0920100160121",
        "施設・場所名": "上河内中学校",
        "住所": "栃木県宇都宮市中里町162",
        "指定緊急避難場所との住所同一": "1",
        "その他市町村長が必要と認める事項": null,
        "受入対象者": "要配慮者",
        "備考": ""
      }
    },
    {
      "type": "Feature",
      "geometry": {
        "type": "Point",
        "coordinates": [
          139.902099,
          36.684229
        ]
      },
      "properties": {
        "NO": "245",
        "共通ID": "E0920100160111",
        "施設・場所名": "上河内中学校",
        "住所": "栃木県宇都宮市中里町162",
        "指定緊急避難場所との住所同一": "1",
        "その他市町村長が必要と認める事項": null,
        "受入対象者": null,
        "備考": ""
      }
    },
    {
      "type": "Feature",
      "geometry": {
        "type": "Point",
        "coordinates": [
          139.901237,
          36.68309
        ]
      },
      "properties": {
        "NO": "246",
        "共通ID": "E0920100161111",
        "施設・場所名": "上河内地区市民センター",
        "住所": "栃木県宇都宮市中里町181-3",
        "指定緊急避難場所との住所同一": "",
        "その他市町村長が必要と認める事項": null,
        "受入対象者": null,
        "備考": ""
      }
    },
    {
      "type": "Feature",
      "geometry": {
        "type": "Point",
        "coordinates": [
          139.901147,
          36.683043
        ]
      },
      "properties": {
        "NO": "247",
        "共通ID": "E0920100161121",
        "施設・場所名": "上河内地区市民センター",
        "住所": "栃木県宇都宮市中里町181-3",
        "指定緊急避難場所との住所同一": "",
        "その他市町村長が必要と認める事項": null,
        "受入対象者": "要配慮者",
        "備考": ""
      }
    },
    {
      "type": "Feature",
      "geometry": {
        "type": "Point",
        "coordinates": [
          139.901612,
          36.68174
        ]
      },
      "properties": {
        "NO": "248",
        "共通ID": "E0920100162111",
        "施設・場所名": "上河内体育館",
        "住所": "栃木県宇都宮市中里町182-1",
        "指定緊急避難場所との住所同一": "1",
        "その他市町村長が必要と認める事項": null,
        "受入対象者": null,
        "備考": ""
      }
    },
    {
      "type": "Feature",
      "geometry": {
        "type": "Point",
        "coordinates": [
          139.901618,
          36.681777
        ]
      },
      "properties": {
        "NO": "249",
        "共通ID": "E0920100162121",
        "施設・場所名": "上河内体育館",
        "住所": "栃木県宇都宮市中里町182-1",
        "指定緊急避難場所との住所同一": "1",
        "その他市町村長が必要と認める事項": null,
        "受入対象者": "要配慮者",
        "備考": ""
      }
    },
    {
      "type": "Feature",
      "geometry": {
        "type": "Point",
        "coordinates": [
          139.902796,
          36.681796
        ]
      },
      "properties": {
        "NO": "250",
        "共通ID": "E0920100163111",
        "施設・場所名": "上河内中央小学校",
        "住所": "栃木県宇都宮市中里町201-1",
        "指定緊急避難場所との住所同一": "1",
        "その他市町村長が必要と認める事項": null,
        "受入対象者": null,
        "備考": ""
      }
    },
    {
      "type": "Feature",
      "geometry": {
        "type": "Point",
        "coordinates": [
          139.902872,
          36.681828
        ]
      },
      "properties": {
        "NO": "251",
        "共通ID": "E0920100163121",
        "施設・場所名": "上河内中央小学校",
        "住所": "栃木県宇都宮市中里町201-1",
        "指定緊急避難場所との住所同一": "1",
        "その他市町村長が必要と認める事項": null,
        "受入対象者": "要配慮者",
        "備考": ""
      }
    },
    {
      "type": "Feature",
      "geometry": {
        "type": "Point",
        "coordinates": [
          139.854992,
          36.545612
        ]
      },
      "properties": {
        "NO": "252",
        "共通ID": "E0920100165111",
        "施設・場所名": "宮の原中学校",
        "住所": "栃木県宇都宮市鶴田町261-3",
        "指定緊急避難場所との住所同一": "",
        "その他市町村長が必要と認める事項": null,
        "受入対象者": null,
        "備考": ""
      }
    },
    {
      "type": "Feature",
      "geometry": {
        "type": "Point",
        "coordinates": [
          139.855088,
          36.545628
        ]
      },
      "properties": {
        "NO": "253",
        "共通ID": "E0920100165121",
        "施設・場所名": "宮の原中学校",
        "住所": "栃木県宇都宮市鶴田町261-3",
        "指定緊急避難場所との住所同一": "",
        "その他市町村長が必要と認める事項": null,
        "受入対象者": "要配慮者",
        "備考": ""
      }
    },
    {
      "type": "Feature",
      "geometry": {
        "type": "Point",
        "coordinates": [
          139.863406,
          36.55375
        ]
      },
      "properties": {
        "NO": "254",
        "共通ID": "E0920100166122",
        "施設・場所名": "富士見小学校",
        "住所": "栃木県宇都宮市鶴田町2708-3",
        "指定緊急避難場所との住所同一": "",
        "その他市町村長が必要と認める事項": null,
        "受入対象者": "要配慮者",
        "備考": ""
      }
    },
    {
      "type": "Feature",
      "geometry": {
        "type": "Point",
        "coordinates": [
          139.862857,
          36.554258
        ]
      },
      "properties": {
        "NO": "255",
        "共通ID": "E0920100166111",
        "施設・場所名": "富士見地域コミュニティセンター",
        "住所": "栃木県宇都宮市鶴田町2708-3",
        "指定緊急避難場所との住所同一": "",
        "その他市町村長が必要と認める事項": null,
        "受入対象者": null,
        "備考": ""
      }
    },
    {
      "type": "Feature",
      "geometry": {
        "type": "Point",
        "coordinates": [
          139.863651,
          36.553814
        ]
      },
      "properties": {
        "NO": "256",
        "共通ID": "E0920100166112",
        "施設・場所名": "富士見小学校",
        "住所": "栃木県宇都宮市鶴田町2708-3",
        "指定緊急避難場所との住所同一": "",
        "その他市町村長が必要と認める事項": null,
        "受入対象者": null,
        "備考": ""
      }
    },
    {
      "type": "Feature",
      "geometry": {
        "type": "Point",
        "coordinates": [
          139.862806,
          36.554233
        ]
      },
      "properties": {
        "NO": "257",
        "共通ID": "E0920100166121",
        "施設・場所名": "富士見地域コミュニティセンター",
        "住所": "栃木県宇都宮市鶴田町2708-3",
        "指定緊急避難場所との住所同一": "",
        "その他市町村長が必要と認める事項": null,
        "受入対象者": "要配慮者",
        "備考": ""
      }
    },
    {
      "type": "Feature",
      "geometry": {
        "type": "Point",
        "coordinates": [
          139.888798,
          36.555826
        ]
      },
      "properties": {
        "NO": "258",
        "共通ID": "E0920100167111",
        "施設・場所名": "旭中学校",
        "住所": "栃木県宇都宮市天神1-1-42",
        "指定緊急避難場所との住所同一": "1",
        "その他市町村長が必要と認める事項": null,
        "受入対象者": null,
        "備考": ""
      }
    },
    {
      "type": "Feature",
      "geometry": {
        "type": "Point",
        "coordinates": [
          139.888668,
          36.555843
        ]
      },
      "properties": {
        "NO": "259",
        "共通ID": "E0920100167121",
        "施設・場所名": "旭中学校",
        "住所": "栃木県宇都宮市天神1-1-42",
        "指定緊急避難場所との住所同一": "1",
        "その他市町村長が必要と認める事項": null,
        "受入対象者": "要配慮者",
        "備考": ""
      }
    },
    {
      "type": "Feature",
      "geometry": {
        "type": "Point",
        "coordinates": [
          139.846982,
          36.544643
        ]
      },
      "properties": {
        "NO": "260",
        "共通ID": "E0920100170111",
        "施設・場所名": "姿川第二小学校",
        "住所": "栃木県宇都宮市砥上町52",
        "指定緊急避難場所との住所同一": "1",
        "その他市町村長が必要と認める事項": null,
        "受入対象者": null,
        "備考": ""
      }
    },
    {
      "type": "Feature",
      "geometry": {
        "type": "Point",
        "coordinates": [
          139.846856,
          36.544631
        ]
      },
      "properties": {
        "NO": "261",
        "共通ID": "E0920100170121",
        "施設・場所名": "姿川第二小学校",
        "住所": "栃木県宇都宮市砥上町52",
        "指定緊急避難場所との住所同一": "1",
        "その他市町村長が必要と認める事項": null,
        "受入対象者": "要配慮者",
        "備考": ""
      }
    },
    {
      "type": "Feature",
      "geometry": {
        "type": "Point",
        "coordinates": [
          139.891663,
          36.565673
        ]
      },
      "properties": {
        "NO": "262",
        "共通ID": "E0920100173121",
        "施設・場所名": "東地域コミュニティセンター",
        "住所": "栃木県宇都宮市東塙田1-6-14",
        "指定緊急避難場所との住所同一": "1",
        "その他市町村長が必要と認める事項": null,
        "受入対象者": "要配慮者",
        "備考": ""
      }
    },
    {
      "type": "Feature",
      "geometry": {
        "type": "Point",
        "coordinates": [
          139.891678,
          36.565682
        ]
      },
      "properties": {
        "NO": "263",
        "共通ID": "E0920100173111",
        "施設・場所名": "東地域コミュニティセンター",
        "住所": "栃木県宇都宮市東塙田1-6-14",
        "指定緊急避難場所との住所同一": "1",
        "その他市町村長が必要と認める事項": null,
        "受入対象者": null,
        "備考": ""
      }
    },
    {
      "type": "Feature",
      "geometry": {
        "type": "Point",
        "coordinates": [
          139.891148,
          36.565201
        ]
      },
      "properties": {
        "NO": "264",
        "共通ID": "E0920100173112",
        "施設・場所名": "東小学校",
        "住所": "栃木県宇都宮市東塙田1-6-14",
        "指定緊急避難場所との住所同一": "1",
        "その他市町村長が必要と認める事項": null,
        "受入対象者": null,
        "備考": ""
      }
    },
    {
      "type": "Feature",
      "geometry": {
        "type": "Point",
        "coordinates": [
          139.89112,
          36.565214
        ]
      },
      "properties": {
        "NO": "265",
        "共通ID": "E0920100173122",
        "施設・場所名": "東小学校",
        "住所": "栃木県宇都宮市東塙田1-6-14",
        "指定緊急避難場所との住所同一": "1",
        "その他市町村長が必要と認める事項": null,
        "受入対象者": "要配慮者",
        "備考": ""
      }
    },
    {
      "type": "Feature",
      "geometry": {
        "type": "Point",
        "coordinates": [
          139.976711,
          36.5627
        ]
      },
      "properties": {
        "NO": "266",
        "共通ID": "E0920100175111",
        "施設・場所名": "清原中央小学校",
        "住所": "栃木県宇都宮市道場宿町848",
        "指定緊急避難場所との住所同一": "1",
        "その他市町村長が必要と認める事項": null,
        "受入対象者": null,
        "備考": ""
      }
    },
    {
      "type": "Feature",
      "geometry": {
        "type": "Point",
        "coordinates": [
          139.976492,
          36.562729
        ]
      },
      "properties": {
        "NO": "267",
        "共通ID": "E0920100175121",
        "施設・場所名": "清原中央小学校",
        "住所": "栃木県宇都宮市道場宿町848",
        "指定緊急避難場所との住所同一": "1",
        "その他市町村長が必要と認める事項": null,
        "受入対象者": "要配慮者",
        "備考": ""
      }
    },
    {
      "type": "Feature",
      "geometry": {
        "type": "Point",
        "coordinates": [
          139.839518,
          36.656017
        ]
      },
      "properties": {
        "NO": "268",
        "共通ID": "E0920100177111",
        "施設・場所名": "晃陽中学校",
        "住所": "栃木県宇都宮市徳次郎町1964",
        "指定緊急避難場所との住所同一": "1",
        "その他市町村長が必要と認める事項": null,
        "受入対象者": null,
        "備考": ""
      }
    },
    {
      "type": "Feature",
      "geometry": {
        "type": "Point",
        "coordinates": [
          139.839333,
          36.655993
        ]
      },
      "properties": {
        "NO": "269",
        "共通ID": "E0920100177121",
        "施設・場所名": "晃陽中学校",
        "住所": "栃木県宇都宮市徳次郎町1964",
        "指定緊急避難場所との住所同一": "1",
        "その他市町村長が必要と認める事項": null,
        "受入対象者": "要配慮者",
        "備考": ""
      }
    },
    {
      "type": "Feature",
      "geometry": {
        "type": "Point",
        "coordinates": [
          139.848751,
          36.645289
        ]
      },
      "properties": {
        "NO": "270",
        "共通ID": "E0920100181111",
        "施設・場所名": "富屋小学校",
        "住所": "栃木県宇都宮市徳次郎町66-1",
        "指定緊急避難場所との住所同一": "1",
        "その他市町村長が必要と認める事項": null,
        "受入対象者": null,
        "備考": ""
      }
    },
    {
      "type": "Feature",
      "geometry": {
        "type": "Point",
        "coordinates": [
          139.848622,
          36.645284
        ]
      },
      "properties": {
        "NO": "271",
        "共通ID": "E0920100181121",
        "施設・場所名": "富屋小学校",
        "住所": "栃木県宇都宮市徳次郎町66-1",
        "指定緊急避難場所との住所同一": "1",
        "その他市町村長が必要と認める事項": null,
        "受入対象者": "要配慮者",
        "備考": ""
      }
    },
    {
      "type": "Feature",
      "geometry": {
        "type": "Point",
        "coordinates": [
          139.847573,
          36.644748
        ]
      },
      "properties": {
        "NO": "272",
        "共通ID": "E0920100182111",
        "施設・場所名": "富屋地区市民センター",
        "住所": "栃木県宇都宮市徳次郎町80-2",
        "指定緊急避難場所との住所同一": "1",
        "その他市町村長が必要と認める事項": null,
        "受入対象者": null,
        "備考": ""
      }
    },
    {
      "type": "Feature",
      "geometry": {
        "type": "Point",
        "coordinates": [
          139.847495,
          36.64472
        ]
      },
      "properties": {
        "NO": "273",
        "共通ID": "E0920100182121",
        "施設・場所名": "富屋地区市民センター",
        "住所": "栃木県宇都宮市徳次郎町80-2",
        "指定緊急避難場所との住所同一": "1",
        "その他市町村長が必要と認める事項": null,
        "受入対象者": "要配慮者",
        "備考": ""
      }
    },
    {
      "type": "Feature",
      "geometry": {
        "type": "Point",
        "coordinates": [
          139.892891,
          36.554545
        ]
      },
      "properties": {
        "NO": "274",
        "共通ID": "E0920100183121",
        "施設・場所名": "簗瀬地域コミュニティセンター",
        "住所": "栃木県宇都宮市南大通り2-6-6",
        "指定緊急避難場所との住所同一": "1",
        "その他市町村長が必要と認める事項": null,
        "受入対象者": "要配慮者",
        "備考": ""
      }
    },
    {
      "type": "Feature",
      "geometry": {
        "type": "Point",
        "coordinates": [
          139.892888,
          36.554521
        ]
      },
      "properties": {
        "NO": "275",
        "共通ID": "E0920100183111",
        "施設・場所名": "簗瀬地域コミュニティセンター",
        "住所": "栃木県宇都宮市南大通り2-6-6",
        "指定緊急避難場所との住所同一": "1",
        "その他市町村長が必要と認める事項": null,
        "受入対象者": null,
        "備考": ""
      }
    },
    {
      "type": "Feature",
      "geometry": {
        "type": "Point",
        "coordinates": [
          139.89334,
          36.554617
        ]
      },
      "properties": {
        "NO": "276",
        "共通ID": "E0920100183112",
        "施設・場所名": "簗瀬小学校",
        "住所": "栃木県宇都宮市南大通り2-6-6",
        "指定緊急避難場所との住所同一": "1",
        "その他市町村長が必要と認める事項": null,
        "受入対象者": null,
        "備考": ""
      }
    },
    {
      "type": "Feature",
      "geometry": {
        "type": "Point",
        "coordinates": [
          139.893489,
          36.554581
        ]
      },
      "properties": {
        "NO": "277",
        "共通ID": "E0920100183122",
        "施設・場所名": "簗瀬小学校",
        "住所": "栃木県宇都宮市南大通り2-6-6",
        "指定緊急避難場所との住所同一": "1",
        "その他市町村長が必要と認める事項": null,
        "受入対象者": "要配慮者",
        "備考": ""
      }
    },
    {
      "type": "Feature",
      "geometry": {
        "type": "Point",
        "coordinates": [
          139.865852,
          36.482008
        ]
      },
      "properties": {
        "NO": "278",
        "共通ID": "E0920100184111",
        "施設・場所名": "雀宮南小学校",
        "住所": "栃木県宇都宮市南町3-3",
        "指定緊急避難場所との住所同一": "1",
        "その他市町村長が必要と認める事項": null,
        "受入対象者": null,
        "備考": ""
      }
    },
    {
      "type": "Feature",
      "geometry": {
        "type": "Point",
        "coordinates": [
          139.865778,
          36.482036
        ]
      },
      "properties": {
        "NO": "279",
        "共通ID": "E0920100184121",
        "施設・場所名": "雀宮南小学校",
        "住所": "栃木県宇都宮市南町3-3",
        "指定緊急避難場所との住所同一": "1",
        "その他市町村長が必要と認める事項": null,
        "受入対象者": "要配慮者",
        "備考": ""
      }
    },
    {
      "type": "Feature",
      "geometry": {
        "type": "Point",
        "coordinates": [
          139.864889,
          36.48214
        ]
      },
      "properties": {
        "NO": "280",
        "共通ID": "E0920100185121",
        "施設・場所名": "雀宮体育館",
        "住所": "栃木県宇都宮市南町6-3",
        "指定緊急避難場所との住所同一": "1",
        "その他市町村長が必要と認める事項": null,
        "受入対象者": "要配慮者",
        "備考": ""
      }
    },
    {
      "type": "Feature",
      "geometry": {
        "type": "Point",
        "coordinates": [
          139.864923,
          36.482093
        ]
      },
      "properties": {
        "NO": "281",
        "共通ID": "E0920100185111",
        "施設・場所名": "雀宮体育館",
        "住所": "栃木県宇都宮市南町6-3",
        "指定緊急避難場所との住所同一": "1",
        "その他市町村長が必要と認める事項": null,
        "受入対象者": null,
        "備考": ""
      }
    },
    {
      "type": "Feature",
      "geometry": {
        "type": "Point",
        "coordinates": [
          139.864417,
          36.48249
        ]
      },
      "properties": {
        "NO": "282",
        "共通ID": "E0920100185112",
        "施設・場所名": "雀宮南地区学習等併用施設",
        "住所": "栃木県宇都宮市南町6-3",
        "指定緊急避難場所との住所同一": "1",
        "その他市町村長が必要と認める事項": null,
        "受入対象者": null,
        "備考": ""
      }
    },
    {
      "type": "Feature",
      "geometry": {
        "type": "Point",
        "coordinates": [
          139.864389,
          36.482503
        ]
      },
      "properties": {
        "NO": "283",
        "共通ID": "E0920100185122",
        "施設・場所名": "雀宮南地区学習等併用施設",
        "住所": "栃木県宇都宮市南町6-3",
        "指定緊急避難場所との住所同一": "1",
        "その他市町村長が必要と認める事項": null,
        "受入対象者": "要配慮者",
        "備考": ""
      }
    },
    {
      "type": "Feature",
      "geometry": {
        "type": "Point",
        "coordinates": [
          139.939855,
          36.636889
        ]
      },
      "properties": {
        "NO": "284",
        "共通ID": "E0920100187111",
        "施設・場所名": "白沢小学校",
        "住所": "栃木県宇都宮市白沢町1643",
        "指定緊急避難場所との住所同一": "1",
        "その他市町村長が必要と認める事項": null,
        "受入対象者": null,
        "備考": ""
      }
    },
    {
      "type": "Feature",
      "geometry": {
        "type": "Point",
        "coordinates": [
          139.939769,
          36.636895
        ]
      },
      "properties": {
        "NO": "285",
        "共通ID": "E0920100187121",
        "施設・場所名": "白沢小学校",
        "住所": "栃木県宇都宮市白沢町1643",
        "指定緊急避難場所との住所同一": "1",
        "その他市町村長が必要と認める事項": null,
        "受入対象者": "要配慮者",
        "備考": ""
      }
    },
    {
      "type": "Feature",
      "geometry": {
        "type": "Point",
        "coordinates": [
          139.980462,
          36.595647
        ]
      },
      "properties": {
        "NO": "286",
        "共通ID": "E0920100193121",
        "施設・場所名": "清原北小学校",
        "住所": "栃木県宇都宮市板戸町1765",
        "指定緊急避難場所との住所同一": "1",
        "その他市町村長が必要と認める事項": null,
        "受入対象者": "要配慮者",
        "備考": ""
      }
    },
    {
      "type": "Feature",
      "geometry": {
        "type": "Point",
        "coordinates": [
          139.980549,
          36.595638
        ]
      },
      "properties": {
        "NO": "287",
        "共通ID": "E0920100193111",
        "施設・場所名": "清原北小学校",
        "住所": "栃木県宇都宮市板戸町1765",
        "指定緊急避難場所との住所同一": "1",
        "その他市町村長が必要と認める事項": null,
        "受入対象者": null,
        "備考": ""
      }
    },
    {
      "type": "Feature",
      "geometry": {
        "type": "Point",
        "coordinates": [
          139.996654,
          36.532229
        ]
      },
      "properties": {
        "NO": "288",
        "共通ID": "E0920100197111",
        "施設・場所名": "清原東小学校",
        "住所": "栃木県宇都宮市氷室町1713-1",
        "指定緊急避難場所との住所同一": "",
        "その他市町村長が必要と認める事項": null,
        "受入対象者": null,
        "備考": ""
      }
    },
    {
      "type": "Feature",
      "geometry": {
        "type": "Point",
        "coordinates": [
          139.996693,
          36.532245
        ]
      },
      "properties": {
        "NO": "289",
        "共通ID": "E0920100197121",
        "施設・場所名": "清原東小学校",
        "住所": "栃木県宇都宮市氷室町1713-1",
        "指定緊急避難場所との住所同一": "",
        "その他市町村長が必要と認める事項": null,
        "受入対象者": "要配慮者",
        "備考": ""
      }
    },
    {
      "type": "Feature",
      "geometry": {
        "type": "Point",
        "coordinates": [
          139.95174,
          36.575942
        ]
      },
      "properties": {
        "NO": "290",
        "共通ID": "E0920100204111",
        "施設・場所名": "平石北小学校",
        "住所": "栃木県宇都宮市平出町1804-2",
        "指定緊急避難場所との住所同一": "1",
        "その他市町村長が必要と認める事項": null,
        "受入対象者": null,
        "備考": ""
      }
    },
    {
      "type": "Feature",
      "geometry": {
        "type": "Point",
        "coordinates": [
          139.95162,
          36.575938
        ]
      },
      "properties": {
        "NO": "291",
        "共通ID": "E0920100204121",
        "施設・場所名": "平石北小学校",
        "住所": "栃木県宇都宮市平出町1804-2",
        "指定緊急避難場所との住所同一": "1",
        "その他市町村長が必要と認める事項": null,
        "受入対象者": "要配慮者",
        "備考": ""
      }
    },
    {
      "type": "Feature",
      "geometry": {
        "type": "Point",
        "coordinates": [
          139.939079,
          36.5744
        ]
      },
      "properties": {
        "NO": "292",
        "共通ID": "E0920100205121",
        "施設・場所名": "鬼怒中学校",
        "住所": "栃木県宇都宮市平出町3764-10",
        "指定緊急避難場所との住所同一": "1",
        "その他市町村長が必要と認める事項": null,
        "受入対象者": "要配慮者",
        "備考": ""
      }
    },
    {
      "type": "Feature",
      "geometry": {
        "type": "Point",
        "coordinates": [
          139.939295,
          36.574404
        ]
      },
      "properties": {
        "NO": "293",
        "共通ID": "E0920100205111",
        "施設・場所名": "鬼怒中学校",
        "住所": "栃木県宇都宮市平出町3764-10",
        "指定緊急避難場所との住所同一": "1",
        "その他市町村長が必要と認める事項": null,
        "受入対象者": null,
        "備考": ""
      }
    },
    {
      "type": "Feature",
      "geometry": {
        "type": "Point",
        "coordinates": [
          139.844302,
          36.596052
        ]
      },
      "properties": {
        "NO": "294",
        "共通ID": "E0920100206111",
        "施設・場所名": "西が岡小学校",
        "住所": "栃木県宇都宮市宝木町2-1075-12",
        "指定緊急避難場所との住所同一": "",
        "その他市町村長が必要と認める事項": null,
        "受入対象者": null,
        "備考": ""
      }
    },
    {
      "type": "Feature",
      "geometry": {
        "type": "Point",
        "coordinates": [
          139.844467,
          36.596031
        ]
      },
      "properties": {
        "NO": "295",
        "共通ID": "E0920100206121",
        "施設・場所名": "西が岡小学校",
        "住所": "栃木県宇都宮市宝木町2-1075-12",
        "指定緊急避難場所との住所同一": "",
        "その他市町村長が必要と認める事項": null,
        "受入対象者": "要配慮者",
        "備考": ""
      }
    },
    {
      "type": "Feature",
      "geometry": {
        "type": "Point",
        "coordinates": [
          139.854399,
          36.606561
        ]
      },
      "properties": {
        "NO": "296",
        "共通ID": "E0920100207111",
        "施設・場所名": "晃宝小学校",
        "住所": "栃木県宇都宮市宝木本町1263-1",
        "指定緊急避難場所との住所同一": "1",
        "その他市町村長が必要と認める事項": null,
        "受入対象者": null,
        "備考": ""
      }
    },
    {
      "type": "Feature",
      "geometry": {
        "type": "Point",
        "coordinates": [
          139.854347,
          36.60653
        ]
      },
      "properties": {
        "NO": "297",
        "共通ID": "E0920100207121",
        "施設・場所名": "晃宝小学校",
        "住所": "栃木県宇都宮市宝木本町1263-1",
        "指定緊急避難場所との住所同一": "1",
        "その他市町村長が必要と認める事項": null,
        "受入対象者": "要配慮者",
        "備考": ""
      }
    },
    {
      "type": "Feature",
      "geometry": {
        "type": "Point",
        "coordinates": [
          139.839732,
          36.614549
        ]
      },
      "properties": {
        "NO": "298",
        "共通ID": "E0920100208111",
        "施設・場所名": "国本中央小学校",
        "住所": "栃木県宇都宮市宝木本町1864-1",
        "指定緊急避難場所との住所同一": "",
        "その他市町村長が必要と認める事項": null,
        "受入対象者": null,
        "備考": ""
      }
    },
    {
      "type": "Feature",
      "geometry": {
        "type": "Point",
        "coordinates": [
          139.839637,
          36.614547
        ]
      },
      "properties": {
        "NO": "299",
        "共通ID": "E0920100208121",
        "施設・場所名": "国本中央小学校",
        "住所": "栃木県宇都宮市宝木本町1864-1",
        "指定緊急避難場所との住所同一": "",
        "その他市町村長が必要と認める事項": null,
        "受入対象者": "要配慮者",
        "備考": ""
      }
    },
    {
      "type": "Feature",
      "geometry": {
        "type": "Point",
        "coordinates": [
          139.839635,
          36.615104
        ]
      },
      "properties": {
        "NO": "300",
        "共通ID": "E0920100209111",
        "施設・場所名": "国本地区市民センター",
        "住所": "栃木県宇都宮市宝木本町1868-1",
        "指定緊急避難場所との住所同一": "1",
        "その他市町村長が必要と認める事項": null,
        "受入対象者": null,
        "備考": ""
      }
    },
    {
      "type": "Feature",
      "geometry": {
        "type": "Point",
        "coordinates": [
          139.839741,
          36.615098
        ]
      },
      "properties": {
        "NO": "301",
        "共通ID": "E0920100209121",
        "施設・場所名": "国本地区市民センター",
        "住所": "栃木県宇都宮市宝木本町1868-1",
        "指定緊急避難場所との住所同一": "1",
        "その他市町村長が必要と認める事項": null,
        "受入対象者": "要配慮者",
        "備考": ""
      }
    },
    {
      "type": "Feature",
      "geometry": {
        "type": "Point",
        "coordinates": [
          139.919301,
          36.552418
        ]
      },
      "properties": {
        "NO": "302",
        "共通ID": "E0920100210111",
        "施設・場所名": "峰地域コミュニティセンター",
        "住所": "栃木県宇都宮市峰3-20-17",
        "指定緊急避難場所との住所同一": "1",
        "その他市町村長が必要と認める事項": null,
        "受入対象者": null,
        "備考": ""
      }
    },
    {
      "type": "Feature",
      "geometry": {
        "type": "Point",
        "coordinates": [
          139.919799,
          36.552655
        ]
      },
      "properties": {
        "NO": "303",
        "共通ID": "E0920100210122",
        "施設・場所名": "峰小学校",
        "住所": "栃木県宇都宮市峰3-20-17",
        "指定緊急避難場所との住所同一": "1",
        "その他市町村長が必要と認める事項": null,
        "受入対象者": "要配慮者",
        "備考": ""
      }
    },
    {
      "type": "Feature",
      "geometry": {
        "type": "Point",
        "coordinates": [
          139.919337,
          36.552394
        ]
      },
      "properties": {
        "NO": "304",
        "共通ID": "E0920100210121",
        "施設・場所名": "峰地域コミュニティセンター",
        "住所": "栃木県宇都宮市峰3-20-17",
        "指定緊急避難場所との住所同一": "1",
        "その他市町村長が必要と認める事項": null,
        "受入対象者": "要配慮者",
        "備考": ""
      }
    },
    {
      "type": "Feature",
      "geometry": {
        "type": "Point",
        "coordinates": [
          139.919909,
          36.552632
        ]
      },
      "properties": {
        "NO": "305",
        "共通ID": "E0920100210112",
        "施設・場所名": "峰小学校",
        "住所": "栃木県宇都宮市峰3-20-17",
        "指定緊急避難場所との住所同一": "1",
        "その他市町村長が必要と認める事項": null,
        "受入対象者": null,
        "備考": ""
      }
    },
    {
      "type": "Feature",
      "geometry": {
        "type": "Point",
        "coordinates": [
          139.867934,
          36.548311
        ]
      },
      "properties": {
        "NO": "306",
        "共通ID": "E0920100219111",
        "施設・場所名": "明保野体育館",
        "住所": "栃木県宇都宮市明保野町7-9",
        "指定緊急避難場所との住所同一": "",
        "その他市町村長が必要と認める事項": null,
        "受入対象者": null,
        "備考": ""
      }
    },
    {
      "type": "Feature",
      "geometry": {
        "type": "Point",
        "coordinates": [
          139.868028,
          36.548334
        ]
      },
      "properties": {
        "NO": "307",
        "共通ID": "E0920100219121",
        "施設・場所名": "明保野体育館",
        "住所": "栃木県宇都宮市明保野町7-9",
        "指定緊急避難場所との住所同一": "",
        "その他市町村長が必要と認める事項": null,
        "受入対象者": "要配慮者",
        "備考": ""
      }
    },
    {
      "type": "Feature",
      "geometry": {
        "type": "Point",
        "coordinates": [
          139.858957,
          36.573457
        ]
      },
      "properties": {
        "NO": "308",
        "共通ID": "E0920100220121",
        "施設・場所名": "陽西中学校",
        "住所": "栃木県宇都宮市陽西町1-16",
        "指定緊急避難場所との住所同一": "1",
        "その他市町村長が必要と認める事項": null,
        "受入対象者": "要配慮者",
        "備考": ""
      }
    },
    {
      "type": "Feature",
      "geometry": {
        "type": "Point",
        "coordinates": [
          139.859098,
          36.573431
        ]
      },
      "properties": {
        "NO": "309",
        "共通ID": "E0920100220111",
        "施設・場所名": "陽西中学校",
        "住所": "栃木県宇都宮市陽西町1-16",
        "指定緊急避難場所との住所同一": "1",
        "その他市町村長が必要と認める事項": null,
        "受入対象者": null,
        "備考": ""
      }
    },
    {
      "type": "Feature",
      "geometry": {
        "type": "Point",
        "coordinates": [
          139.926458,
          36.552993
        ]
      },
      "properties": {
        "NO": "310",
        "共通ID": "E0920100221121",
        "施設・場所名": "陽東地域コミュニティセンター",
        "住所": "栃木県宇都宮市陽東2-16-36",
        "指定緊急避難場所との住所同一": "1",
        "その他市町村長が必要と認める事項": null,
        "受入対象者": "要配慮者",
        "備考": ""
      }
    },
    {
      "type": "Feature",
      "geometry": {
        "type": "Point",
        "coordinates": [
          139.926755,
          36.552284
        ]
      },
      "properties": {
        "NO": "311",
        "共通ID": "E0920100221112",
        "施設・場所名": "陽東小学校",
        "住所": "栃木県宇都宮市陽東2-16-36",
        "指定緊急避難場所との住所同一": "1",
        "その他市町村長が必要と認める事項": null,
        "受入対象者": null,
        "備考": ""
      }
    },
    {
      "type": "Feature",
      "geometry": {
        "type": "Point",
        "coordinates": [
          139.926471,
          36.552973
        ]
      },
      "properties": {
        "NO": "312",
        "共通ID": "E0920100221111",
        "施設・場所名": "陽東地域コミュニティセンター",
        "住所": "栃木県宇都宮市陽東2-16-36",
        "指定緊急避難場所との住所同一": "1",
        "その他市町村長が必要と認める事項": null,
        "受入対象者": null,
        "備考": ""
      }
    },
    {
      "type": "Feature",
      "geometry": {
        "type": "Point",
        "coordinates": [
          139.926857,
          36.552272
        ]
      },
      "properties": {
        "NO": "313",
        "共通ID": "E0920100221122",
        "施設・場所名": "陽東小学校",
        "住所": "栃木県宇都宮市陽東2-16-36",
        "指定緊急避難場所との住所同一": "1",
        "その他市町村長が必要と認める事項": null,
        "受入対象者": "要配慮者",
        "備考": ""
      }
    },
    {
      "type": "Feature",
      "geometry": {
        "type": "Point",
        "coordinates": [
          139.876122,
          36.535305
        ]
      },
      "properties": {
        "NO": "314",
        "共通ID": "E0920100223121",
        "施設・場所名": "陽南中学校",
        "住所": "栃木県宇都宮市陽南2-4-58",
        "指定緊急避難場所との住所同一": "1",
        "その他市町村長が必要と認める事項": null,
        "受入対象者": "要配慮者",
        "備考": ""
      }
    },
    {
      "type": "Feature",
      "geometry": {
        "type": "Point",
        "coordinates": [
          139.875974,
          36.535279
        ]
      },
      "properties": {
        "NO": "315",
        "共通ID": "E0920100223111",
        "施設・場所名": "陽南中学校",
        "住所": "栃木県宇都宮市陽南2-4-58",
        "指定緊急避難場所との住所同一": "1",
        "その他市町村長が必要と認める事項": null,
        "受入対象者": null,
        "備考": ""
      }
    },
    {
      "type": "Feature",
      "geometry": {
        "type": "Point",
        "coordinates": [
          139.886303,
          36.643725
        ]
      },
      "properties": {
        "NO": "316",
        "共通ID": "E0920100226111",
        "施設・場所名": "田原西小学校",
        "住所": "栃木県宇都宮市立伏町8-1",
        "指定緊急避難場所との住所同一": "1",
        "その他市町村長が必要と認める事項": null,
        "受入対象者": null,
        "備考": ""
      }
    },
    {
      "type": "Feature",
      "geometry": {
        "type": "Point",
        "coordinates": [
          139.886256,
          36.64349
        ]
      },
      "properties": {
        "NO": "317",
        "共通ID": "E0920100226121",
        "施設・場所名": "田原西小学校",
        "住所": "栃木県宇都宮市立伏町8-1",
        "指定緊急避難場所との住所同一": "1",
        "その他市町村長が必要と認める事項": null,
        "受入対象者": "要配慮者",
        "備考": ""
      }
    },
    {
      "type": "Feature",
      "geometry": {
        "type": "Point",
        "coordinates": [
          139.859756,
          36.522264
        ]
      },
      "properties": {
        "NO": "318",
        "共通ID": "E0920100227121",
        "施設・場所名": "緑が丘小学校",
        "住所": "栃木県宇都宮市緑3-3-12",
        "指定緊急避難場所との住所同一": "1",
        "その他市町村長が必要と認める事項": null,
        "受入対象者": "要配慮者",
        "備考": ""
      }
    },
    {
      "type": "Feature",
      "geometry": {
        "type": "Point",
        "coordinates": [
          139.859855,
          36.522216
        ]
      },
      "properties": {
        "NO": "319",
        "共通ID": "E0920100227111",
        "施設・場所名": "緑が丘小学校",
        "住所": "栃木県宇都宮市緑3-3-12",
        "指定緊急避難場所との住所同一": "1",
        "その他市町村長が必要と認める事項": null,
        "受入対象者": null,
        "備考": ""
      }
    },
    {
      "type": "Feature",
      "geometry": {
        "type": "Point",
        "coordinates": [
          139.858506,
          36.521313
        ]
      },
      "properties": {
        "NO": "320",
        "共通ID": "E0920100228121",
        "施設・場所名": "緑ヶ丘地域コミュニティセンター",
        "住所": "栃木県宇都宮市緑3-5-3",
        "指定緊急避難場所との住所同一": "",
        "その他市町村長が必要と認める事項": null,
        "受入対象者": "要配慮者",
        "備考": ""
      }
    },
    {
      "type": "Feature",
      "geometry": {
        "type": "Point",
        "coordinates": [
          139.858526,
          36.521292
        ]
      },
      "properties": {
        "NO": "321",
        "共通ID": "E0920100228111",
        "施設・場所名": "緑ヶ丘地域コミュニティセンター",
        "住所": "栃木県宇都宮市緑3-5-3",
        "指定緊急避難場所との住所同一": "",
        "その他市町村長が必要と認める事項": null,
        "受入対象者": null,
        "備考": ""
      }
    },
    {
      "type": "Feature",
      "geometry": {
        "type": "Point",
        "coordinates": [
          139.862178,
          36.5177
        ]
      },
      "properties": {
        "NO": "322",
        "共通ID": "E0920100229121",
        "施設・場所名": "陽光小学校",
        "住所": "栃木県宇都宮市緑5-3-16",
        "指定緊急避難場所との住所同一": "",
        "その他市町村長が必要と認める事項": null,
        "受入対象者": "要配慮者",
        "備考": ""
      }
    },
    {
      "type": "Feature",
      "geometry": {
        "type": "Point",
        "coordinates": [
          139.862324,
          36.517655
        ]
      },
      "properties": {
        "NO": "323",
        "共通ID": "E0920100229111",
        "施設・場所名": "陽光小学校",
        "住所": "栃木県宇都宮市緑5-3-16",
        "指定緊急避難場所との住所同一": "",
        "その他市町村長が必要と認める事項": null,
        "受入対象者": null,
        "備考": ""
      }
    },
    {
      "type": "Feature",
      "geometry": {
        "type": "Point",
        "coordinates": [
          139.862671,
          36.51636
        ]
      },
      "properties": {
        "NO": "324",
        "共通ID": "E0920100230111",
        "施設・場所名": "陽光地域コミュニティセンター",
        "住所": "栃木県宇都宮市緑5-8-8",
        "指定緊急避難場所との住所同一": "",
        "その他市町村長が必要と認める事項": null,
        "受入対象者": null,
        "備考": ""
      }
    },
    {
      "type": "Feature",
      "geometry": {
        "type": "Point",
        "coordinates": [
          139.862666,
          36.516379
        ]
      },
      "properties": {
        "NO": "325",
        "共通ID": "E0920100230121",
        "施設・場所名": "陽光地域コミュニティセンター",
        "住所": "栃木県宇都宮市緑5-8-8",
        "指定緊急避難場所との住所同一": "",
        "その他市町村長が必要と認める事項": null,
        "受入対象者": "要配慮者",
        "備考": ""
      }
    },
    {
      "type": "Feature",
      "geometry": {
        "type": "Point",
        "coordinates": [
          139.972901,
          36.541497
        ]
      },
      "properties": {
        "NO": "326",
        "共通ID": "E0920100232111",
        "施設・場所名": "清原中学校",
        "住所": "栃木県宇都宮市鐺山町231",
        "指定緊急避難場所との住所同一": "1",
        "その他市町村長が必要と認める事項": null,
        "受入対象者": null,
        "備考": ""
      }
    },
    {
      "type": "Feature",
      "geometry": {
        "type": "Point",
        "coordinates": [
          139.972964,
          36.541544
        ]
      },
      "properties": {
        "NO": "327",
        "共通ID": "E0920100232121",
        "施設・場所名": "清原中学校",
        "住所": "栃木県宇都宮市鐺山町231",
        "指定緊急避難場所との住所同一": "1",
        "その他市町村長が必要と認める事項": null,
        "受入対象者": "要配慮者",
        "備考": ""
      }
    },
    {
      "type": "Feature",
      "geometry": {
        "type": "Point",
        "coordinates": [
          140.089187,
          36.463674
        ]
      },
      "properties": {
        "NO": "328",
        "共通ID": "E0934200001111",
        "施設・場所名": "益子町保健センター",
        "住所": "栃木県益子町大字益子1591-3",
        "指定緊急避難場所との住所同一": "1",
        "その他市町村長が必要と認める事項": null,
        "受入対象者": null,
        "備考": ""
      }
    },
    {
      "type": "Feature",
      "geometry": {
        "type": "Point",
        "coordinates": [
          140.099877,
          36.469843
        ]
      },
      "properties": {
        "NO": "329",
        "共通ID": "E0934200002111",
        "施設・場所名": "益子中学校",
        "住所": "栃木県益子町大字益子3618",
        "指定緊急避難場所との住所同一": "1",
        "その他市町村長が必要と認める事項": null,
        "受入対象者": null,
        "備考": ""
      }
    },
    {
      "type": "Feature",
      "geometry": {
        "type": "Point",
        "coordinates": [
          140.098726,
          36.470228
        ]
      },
      "properties": {
        "NO": "330",
        "共通ID": "E0934200003112",
        "施設・場所名": "益子町民会館",
        "住所": "栃木県益子町大字益子3667-3",
        "指定緊急避難場所との住所同一": "1",
        "その他市町村長が必要と認める事項": null,
        "受入対象者": null,
        "備考": ""
      }
    },
    {
      "type": "Feature",
      "geometry": {
        "type": "Point",
        "coordinates": [
          140.099398,
          36.470437
        ]
      },
      "properties": {
        "NO": "331",
        "共通ID": "E0934200003111",
        "施設・場所名": "益子町総合体育館",
        "住所": "栃木県益子町大字益子3667-3",
        "指定緊急避難場所との住所同一": "1",
        "その他市町村長が必要と認める事項": null,
        "受入対象者": null,
        "備考": ""
      }
    },
    {
      "type": "Feature",
      "geometry": {
        "type": "Point",
        "coordinates": [
          140.118562,
          36.466939
        ]
      },
      "properties": {
        "NO": "332",
        "共通ID": "E0934200004111",
        "施設・場所名": "フォレストイン益子",
        "住所": "栃木県益子町大字益子4231",
        "指定緊急避難場所との住所同一": "1",
        "その他市町村長が必要と認める事項": null,
        "受入対象者": null,
        "備考": ""
      }
    },
    {
      "type": "Feature",
      "geometry": {
        "type": "Point",
        "coordinates": [
          140.097125,
          36.459901
        ]
      },
      "properties": {
        "NO": "333",
        "共通ID": "E0934200006111",
        "施設・場所名": "益子小学校",
        "住所": "栃木県益子町大字益子4665",
        "指定緊急避難場所との住所同一": "1",
        "その他市町村長が必要と認める事項": null,
        "受入対象者": null,
        "備考": ""
      }
    },
    {
      "type": "Feature",
      "geometry": {
        "type": "Point",
        "coordinates": [
          140.108141,
          36.49769
        ]
      },
      "properties": {
        "NO": "334",
        "共通ID": "E0934200008111",
        "施設・場所名": "七井中学校",
        "住所": "栃木県益子町大字七井371",
        "指定緊急避難場所との住所同一": "1",
        "その他市町村長が必要と認める事項": null,
        "受入対象者": null,
        "備考": ""
      }
    },
    {
      "type": "Feature",
      "geometry": {
        "type": "Point",
        "coordinates": [
          140.091649,
          36.435205
        ]
      },
      "properties": {
        "NO": "335",
        "共通ID": "E0934200011111",
        "施設・場所名": "農村環境改善センター",
        "住所": "栃木県益子町大字前沢490-1",
        "指定緊急避難場所との住所同一": "1",
        "その他市町村長が必要と認める事項": null,
        "受入対象者": null,
        "備考": ""
      }
    },
    {
      "type": "Feature",
      "geometry": {
        "type": "Point",
        "coordinates": [
          140.102319,
          36.49412
        ]
      },
      "properties": {
        "NO": "336",
        "共通ID": "E0934200012111",
        "施設・場所名": "七井小学校",
        "住所": "栃木県益子町大字大沢202",
        "指定緊急避難場所との住所同一": "1",
        "その他市町村長が必要と認める事項": null,
        "受入対象者": null,
        "備考": ""
      }
    },
    {
      "type": "Feature",
      "geometry": {
        "type": "Point",
        "coordinates": [
          140.114674,
          36.494874
        ]
      },
      "properties": {
        "NO": "337",
        "共通ID": "E0934200013111",
        "施設・場所名": "北運動場体育館",
        "住所": "栃木県益子町大字大沢3535",
        "指定緊急避難場所との住所同一": "1",
        "その他市町村長が必要と認める事項": null,
        "受入対象者": null,
        "備考": ""
      }
    },
    {
      "type": "Feature",
      "geometry": {
        "type": "Point",
        "coordinates": [
          140.113966,
          36.49491
        ]
      },
      "properties": {
        "NO": "338",
        "共通ID": "E0934200013112",
        "施設・場所名": "あぐり館",
        "住所": "栃木県益子町大字大沢3535",
        "指定緊急避難場所との住所同一": "1",
        "その他市町村長が必要と認める事項": null,
        "受入対象者": null,
        "備考": ""
      }
    },
    {
      "type": "Feature",
      "geometry": {
        "type": "Point",
        "coordinates": [
          140.085544,
          36.429377
        ]
      },
      "properties": {
        "NO": "339",
        "共通ID": "E0934200014111",
        "施設・場所名": "田野小学校",
        "住所": "栃木県益子町大字長堤400",
        "指定緊急避難場所との住所同一": "1",
        "その他市町村長が必要と認める事項": null,
        "受入対象者": null,
        "備考": ""
      }
    },
    {
      "type": "Feature",
      "geometry": {
        "type": "Point",
        "coordinates": [
          140.086123,
          36.43062
        ]
      },
      "properties": {
        "NO": "340",
        "共通ID": "E0934200015111",
        "施設・場所名": "田野中学校",
        "住所": "栃木県益子町大字長堤402",
        "指定緊急避難場所との住所同一": "1",
        "その他市町村長が必要と認める事項": null,
        "受入対象者": null,
        "備考": ""
      }
    },
    {
      "type": "Feature",
      "geometry": {
        "type": "Point",
        "coordinates": [
          140.08218,
          36.466762
        ]
      },
      "properties": {
        "NO": "341",
        "共通ID": "E0934200016111",
        "施設・場所名": "益子西小学校",
        "住所": "栃木県益子町大字塙1344",
        "指定緊急避難場所との住所同一": "1",
        "その他市町村長が必要と認める事項": null,
        "受入対象者": null,
        "備考": ""
      }
    },
    {
      "type": "Feature",
      "geometry": {
        "type": "Point",
        "coordinates": [
          140.085889,
          36.488707
        ]
      },
      "properties": {
        "NO": "342",
        "共通ID": "E0934200017111",
        "施設・場所名": "県立益子芳星高校",
        "住所": "栃木県益子町大字塙2382-1",
        "指定緊急避難場所との住所同一": "1",
        "その他市町村長が必要と認める事項": null,
        "受入対象者": null,
        "備考": ""
      }
    },
    {
      "type": "Feature",
      "geometry": {
        "type": "Point",
        "coordinates": [
          139.856769,
          36.781722
        ]
      },
      "properties": {
        "NO": "343",
        "共通ID": "E0938400001111",
        "施設・場所名": "認定しおやこども園",
        "住所": "栃木県塩谷町大字玉生1057-83",
        "指定緊急避難場所との住所同一": "1",
        "その他市町村長が必要と認める事項": null,
        "受入対象者": null,
        "備考": ""
      }
    },
    {
      "type": "Feature",
      "geometry": {
        "type": "Point",
        "coordinates": [
          139.853801,
          36.777263
        ]
      },
      "properties": {
        "NO": "344",
        "共通ID": "E0938400002112",
        "施設・場所名": "塩谷町立玉生小学校",
        "住所": "栃木県塩谷町大字玉生395",
        "指定緊急避難場所との住所同一": "1",
        "その他市町村長が必要と認める事項": "",
        "受入対象者": "",
        "備考": ""
      }
    },
    {
      "type": "Feature",
      "geometry": {
        "type": "Point",
        "coordinates": [
          139.849949,
          36.770398
        ]
      },
      "properties": {
        "NO": "345",
        "共通ID": "E0938400003121",
        "施設・場所名": "介護老人保健施設　アグリケアコートしおや",
        "住所": "栃木県塩谷町大字玉生570-1",
        "指定緊急避難場所との住所同一": "",
        "その他市町村長が必要と認める事項": "",
        "受入対象者": "要配慮者",
        "備考": ""
      }
    },
    {
      "type": "Feature",
      "geometry": {
        "type": "Point",
        "coordinates": [
          139.860577,
          36.774986
        ]
      },
      "properties": {
        "NO": "346",
        "共通ID": "E0938400004121",
        "施設・場所名": "サービス付き高齢者向け住宅　アグリケアガーデンしおや",
        "住所": "栃木県塩谷町大字玉生915",
        "指定緊急避難場所との住所同一": "",
        "その他市町村長が必要と認める事項": "",
        "受入対象者": "要配慮者",
        "備考": ""
      }
    },
    {
      "type": "Feature",
      "geometry": {
        "type": "Point",
        "coordinates": [
          139.857025,
          36.778879
        ]
      },
      "properties": {
        "NO": "347",
        "共通ID": "E0938400025111",
        "施設・場所名": "塩谷町役場",
        "住所": "栃木県塩谷町大字玉生955-3",
        "指定緊急避難場所との住所同一": "1",
        "その他市町村長が必要と認める事項": "",
        "受入対象者": "",
        "備考": ""
      }
    },
    {
      "type": "Feature",
      "geometry": {
        "type": "Point",
        "coordinates": [
          139.846563,
          36.800538
        ]
      },
      "properties": {
        "NO": "348",
        "共通ID": "E0938400005111",
        "施設・場所名": "熊ノ木体育館（星ふる学校くまの木）",
        "住所": "栃木県塩谷町大字熊ノ木802",
        "指定緊急避難場所との住所同一": "1",
        "その他市町村長が必要と認める事項": "",
        "受入対象者": "",
        "備考": ""
      }
    },
    {
      "type": "Feature",
      "geometry": {
        "type": "Point",
        "coordinates": [
          139.853706,
          36.786446
        ]
      },
      "properties": {
        "NO": "349",
        "共通ID": "E0938400006111",
        "施設・場所名": "自然休養村センター",
        "住所": "栃木県塩谷町大字熊ノ木987-2",
        "指定緊急避難場所との住所同一": "1",
        "その他市町村長が必要と認める事項": "",
        "受入対象者": "",
        "備考": ""
      }
    },
    {
      "type": "Feature",
      "geometry": {
        "type": "Point",
        "coordinates": [
          139.822646,
          36.848008
        ]
      },
      "properties": {
        "NO": "350",
        "共通ID": "E0938400007112",
        "施設・場所名": "交流促進センター",
        "住所": "栃木県塩谷町大字上寺島1618-4",
        "指定緊急避難場所との住所同一": "1",
        "その他市町村長が必要と認める事項": "",
        "受入対象者": "",
        "備考": ""
      }
    },
    {
      "type": "Feature",
      "geometry": {
        "type": "Point",
        "coordinates": [
          139.817488,
          36.756638
        ]
      },
      "properties": {
        "NO": "351",
        "共通ID": "E0938400008121",
        "施設・場所名": "特別養護老人ホームせせらぎ",
        "住所": "栃木県塩谷町大字上沢968",
        "指定緊急避難場所との住所同一": "",
        "その他市町村長が必要と認める事項": "",
        "受入対象者": "要配慮者",
        "備考": ""
      }
    },
    {
      "type": "Feature",
      "geometry": {
        "type": "Point",
        "coordinates": [
          139.780581,
          36.76604
        ]
      },
      "properties": {
        "NO": "352",
        "共通ID": "E0938400009111",
        "施設・場所名": "ふにゅう保育園",
        "住所": "栃木県塩谷町大字船生3600-1",
        "指定緊急避難場所との住所同一": "1",
        "その他市町村長が必要と認める事項": null,
        "受入対象者": null,
        "備考": ""
      }
    },
    {
      "type": "Feature",
      "geometry": {
        "type": "Point",
        "coordinates": [
          139.785727,
          36.768923
        ]
      },
      "properties": {
        "NO": "353",
        "共通ID": "E0938400010111",
        "施設・場所名": "塩谷町立船生小学校",
        "住所": "栃木県塩谷町大字船生3660",
        "指定緊急避難場所との住所同一": "1",
        "その他市町村長が必要と認める事項": null,
        "受入対象者": null,
        "備考": ""
      }
    },
    {
      "type": "Feature",
      "geometry": {
        "type": "Point",
        "coordinates": [
          139.780819,
          36.76475
        ]
      },
      "properties": {
        "NO": "354",
        "共通ID": "E0938400011111",
        "施設・場所名": "道の駅　湧水の郷しおや",
        "住所": "栃木県塩谷町大字船生3733-1",
        "指定緊急避難場所との住所同一": "1",
        "その他市町村長が必要と認める事項": null,
        "受入対象者": null,
        "備考": ""
      }
    },
    {
      "type": "Feature",
      "geometry": {
        "type": "Point",
        "coordinates": [
          139.7902,
          36.760573
        ]
      },
      "properties": {
        "NO": "355",
        "共通ID": "E0938400012122",
        "施設・場所名": "グループホーム　かわむら",
        "住所": "栃木県塩谷町大字船生3844-46",
        "指定緊急避難場所との住所同一": "",
        "その他市町村長が必要と認める事項": "",
        "受入対象者": "要配慮者",
        "備考": ""
      }
    },
    {
      "type": "Feature",
      "geometry": {
        "type": "Point",
        "coordinates": [
          139.790092,
          36.760725
        ]
      },
      "properties": {
        "NO": "356",
        "共通ID": "E0938400012121",
        "施設・場所名": "小規模多機能ホームかわむら",
        "住所": "栃木県塩谷町大字船生3844-46",
        "指定緊急避難場所との住所同一": "",
        "その他市町村長が必要と認める事項": "",
        "受入対象者": "要配慮者",
        "備考": ""
      }
    },
    {
      "type": "Feature",
      "geometry": {
        "type": "Point",
        "coordinates": [
          139.766296,
          36.769626
        ]
      },
      "properties": {
        "NO": "357",
        "共通ID": "E0938400013111",
        "施設・場所名": "旧船生西小学校",
        "住所": "栃木県塩谷町大字船生6000",
        "指定緊急避難場所との住所同一": "1",
        "その他市町村長が必要と認める事項": "",
        "受入対象者": "",
        "備考": ""
      }
    },
    {
      "type": "Feature",
      "geometry": {
        "type": "Point",
        "coordinates": [
          139.80111,
          36.771355
        ]
      },
      "properties": {
        "NO": "358",
        "共通ID": "E0938400014111",
        "施設・場所名": "塩谷町生涯学習センター",
        "住所": "栃木県塩谷町大字船生989-1",
        "指定緊急避難場所との住所同一": "1",
        "その他市町村長が必要と認める事項": null,
        "受入対象者": null,
        "備考": ""
      }
    },
    {
      "type": "Feature",
      "geometry": {
        "type": "Point",
        "coordinates": [
          139.904808,
          36.73011
        ]
      },
      "properties": {
        "NO": "359",
        "共通ID": "E0938400015111",
        "施設・場所名": "旧大久保小学校（こども未来館しおらんど）",
        "住所": "栃木県塩谷町大字大久保1401",
        "指定緊急避難場所との住所同一": "1",
        "その他市町村長が必要と認める事項": "",
        "受入対象者": "",
        "備考": ""
      }
    },
    {
      "type": "Feature",
      "geometry": {
        "type": "Point",
        "coordinates": [
          139.875938,
          36.738286
        ]
      },
      "properties": {
        "NO": "360",
        "共通ID": "E0938400016111",
        "施設・場所名": "大宮コミュニティセンター",
        "住所": "栃木県塩谷町大字大宮1028-2",
        "指定緊急避難場所との住所同一": "1",
        "その他市町村長が必要と認める事項": null,
        "受入対象者": null,
        "備考": ""
      }
    },
    {
      "type": "Feature",
      "geometry": {
        "type": "Point",
        "coordinates": [
          139.871476,
          36.741063
        ]
      },
      "properties": {
        "NO": "361",
        "共通ID": "E0938400017111",
        "施設・場所名": "おおみや保育園",
        "住所": "栃木県塩谷町大字大宮2108-1",
        "指定緊急避難場所との住所同一": "1",
        "その他市町村長が必要と認める事項": null,
        "受入対象者": null,
        "備考": ""
      }
    },
    {
      "type": "Feature",
      "geometry": {
        "type": "Point",
        "coordinates": [
          139.87276,
          36.742813
        ]
      },
      "properties": {
        "NO": "362",
        "共通ID": "E0938400018111",
        "施設・場所名": "塩谷町立大宮小学校",
        "住所": "栃木県塩谷町大字大宮2166",
        "指定緊急避難場所との住所同一": "1",
        "その他市町村長が必要と認める事項": null,
        "受入対象者": null,
        "備考": ""
      }
    },
    {
      "type": "Feature",
      "geometry": {
        "type": "Point",
        "coordinates": [
          139.867222,
          36.741227
        ]
      },
      "properties": {
        "NO": "363",
        "共通ID": "E0938400019111",
        "施設・場所名": "日々輝学園高等学校",
        "住所": "栃木県塩谷町大字大宮2475-1",
        "指定緊急避難場所との住所同一": "1",
        "その他市町村長が必要と認める事項": null,
        "受入対象者": null,
        "備考": ""
      }
    },
    {
      "type": "Feature",
      "geometry": {
        "type": "Point",
        "coordinates": [
          139.871099,
          36.750605
        ]
      },
      "properties": {
        "NO": "364",
        "共通ID": "E0938400020111",
        "施設・場所名": "日々輝学園高等学校開桜館",
        "住所": "栃木県塩谷町大字大宮2579-1",
        "指定緊急避難場所との住所同一": "1",
        "その他市町村長が必要と認める事項": "",
        "受入対象者": "",
        "備考": ""
      }
    },
    {
      "type": "Feature",
      "geometry": {
        "type": "Point",
        "coordinates": [
          139.882487,
          36.758238
        ]
      },
      "properties": {
        "NO": "365",
        "共通ID": "E0938400021111",
        "施設・場所名": "田所体育館（旧田所小学校体育館）",
        "住所": "栃木県塩谷町大字田所973",
        "指定緊急避難場所との住所同一": "1",
        "その他市町村長が必要と認める事項": "",
        "受入対象者": "",
        "備考": ""
      }
    },
    {
      "type": "Feature",
      "geometry": {
        "type": "Point",
        "coordinates": [
          139.840233,
          36.76205
        ]
      },
      "properties": {
        "NO": "366",
        "共通ID": "E0938400022111",
        "施設・場所名": "塩谷町立塩谷中学校",
        "住所": "栃木県塩谷町大字飯岡1248",
        "指定緊急避難場所との住所同一": "1",
        "その他市町村長が必要と認める事項": null,
        "受入対象者": null,
        "備考": ""
      }
    },
    {
      "type": "Feature",
      "geometry": {
        "type": "Point",
        "coordinates": [
          139.864249,
          36.781627
        ]
      },
      "properties": {
        "NO": "367",
        "共通ID": "E0938400024121",
        "施設・場所名": "特別養護老人ホーム星の郷",
        "住所": "栃木県塩谷町田所2191-19",
        "指定緊急避難場所との住所同一": "",
        "その他市町村長が必要と認める事項": "",
        "受入対象者": "要配慮者",
        "備考": ""
      }
    },
    {
      "type": "Feature",
      "geometry": {
        "type": "Point",
        "coordinates": [
          139.844763,
          36.369815
        ]
      },
      "properties": {
        "NO": "368",
        "共通ID": "E0921600001111",
        "施設・場所名": "国分寺武道館",
        "住所": "栃木県下野市駅東7-3-13",
        "指定緊急避難場所との住所同一": "1",
        "その他市町村長が必要と認める事項": null,
        "受入対象者": null,
        "備考": ""
      }
    },
    {
      "type": "Feature",
      "geometry": {
        "type": "Point",
        "coordinates": [
          139.84447,
          36.370844
        ]
      },
      "properties": {
        "NO": "369",
        "共通ID": "E0921600002111",
        "施設・場所名": "国分寺東児童館",
        "住所": "栃木県下野市駅東7-4",
        "指定緊急避難場所との住所同一": "1",
        "その他市町村長が必要と認める事項": null,
        "受入対象者": null,
        "備考": ""
      }
    },
    {
      "type": "Feature",
      "geometry": {
        "type": "Point",
        "coordinates": [
          139.843684,
          36.445209
        ]
      },
      "properties": {
        "NO": "370",
        "共通ID": "E0921600003121",
        "施設・場所名": "保健福祉センターきらら館",
        "住所": "栃木県下野市下古山1220",
        "指定緊急避難場所との住所同一": "1",
        "その他市町村長が必要と認める事項": "",
        "受入対象者": "要配慮者",
        "備考": ""
      }
    },
    {
      "type": "Feature",
      "geometry": {
        "type": "Point",
        "coordinates": [
          139.843684,
          36.445209
        ]
      },
      "properties": {
        "NO": "371",
        "共通ID": "E0921600003111",
        "施設・場所名": "保健福祉センターきらら館",
        "住所": "栃木県下野市下古山1220",
        "指定緊急避難場所との住所同一": "1",
        "その他市町村長が必要と認める事項": null,
        "受入対象者": null,
        "備考": ""
      }
    },
    {
      "type": "Feature",
      "geometry": {
        "type": "Point",
        "coordinates": [
          139.85926,
          36.445227
        ]
      },
      "properties": {
        "NO": "372",
        "共通ID": "E0921600004111",
        "施設・場所名": "古山小学校",
        "住所": "栃木県下野市下古山3-1-9",
        "指定緊急避難場所との住所同一": "1",
        "その他市町村長が必要と認める事項": null,
        "受入対象者": null,
        "備考": ""
      }
    },
    {
      "type": "Feature",
      "geometry": {
        "type": "Point",
        "coordinates": [
          139.858733,
          36.449121
        ]
      },
      "properties": {
        "NO": "373",
        "共通ID": "E0921600005111",
        "施設・場所名": "グリムの館",
        "住所": "栃木県下野市下古山747",
        "指定緊急避難場所との住所同一": "1",
        "その他市町村長が必要と認める事項": null,
        "受入対象者": null,
        "備考": ""
      }
    },
    {
      "type": "Feature",
      "geometry": {
        "type": "Point",
        "coordinates": [
          139.842102,
          36.450029
        ]
      },
      "properties": {
        "NO": "374",
        "共通ID": "E0921600006111",
        "施設・場所名": "ふれあいセンター",
        "住所": "栃木県下野市下長田146",
        "指定緊急避難場所との住所同一": "1",
        "その他市町村長が必要と認める事項": null,
        "受入対象者": null,
        "備考": ""
      }
    },
    {
      "type": "Feature",
      "geometry": {
        "type": "Point",
        "coordinates": [
          139.888761,
          36.367755
        ]
      },
      "properties": {
        "NO": "375",
        "共通ID": "E0921600007111",
        "施設・場所名": "旧吉田西小学校",
        "住所": "栃木県下野市下坪山959",
        "指定緊急避難場所との住所同一": "1",
        "その他市町村長が必要と認める事項": "",
        "受入対象者": "",
        "備考": ""
      }
    },
    {
      "type": "Feature",
      "geometry": {
        "type": "Point",
        "coordinates": [
          139.862426,
          36.431912
        ]
      },
      "properties": {
        "NO": "376",
        "共通ID": "E0921600008111",
        "施設・場所名": "石橋小学校",
        "住所": "栃木県下野市花の木1-4",
        "指定緊急避難場所との住所同一": "1",
        "その他市町村長が必要と認める事項": null,
        "受入対象者": null,
        "備考": ""
      }
    },
    {
      "type": "Feature",
      "geometry": {
        "type": "Point",
        "coordinates": [
          139.862297,
          36.393711
        ]
      },
      "properties": {
        "NO": "377",
        "共通ID": "E0921600009111",
        "施設・場所名": "祇園小学校",
        "住所": "栃木県下野市祇󠄀園2-21-3",
        "指定緊急避難場所との住所同一": "1",
        "その他市町村長が必要と認める事項": null,
        "受入対象者": null,
        "備考": ""
      }
    },
    {
      "type": "Feature",
      "geometry": {
        "type": "Point",
        "coordinates": [
          139.8603,
          36.390079
        ]
      },
      "properties": {
        "NO": "378",
        "共通ID": "E0921600011111",
        "施設・場所名": "南河内第二中学校",
        "住所": "栃木県下野市祇󠄀園4-16-3",
        "指定緊急避難場所との住所同一": "1",
        "その他市町村長が必要と認める事項": null,
        "受入対象者": null,
        "備考": ""
      }
    },
    {
      "type": "Feature",
      "geometry": {
        "type": "Point",
        "coordinates": [
          139.811318,
          36.385515
        ]
      },
      "properties": {
        "NO": "379",
        "共通ID": "E0921600013111",
        "施設・場所名": "国分寺聖武館",
        "住所": "栃木県下野市国分寺628-2",
        "指定緊急避難場所との住所同一": "1",
        "その他市町村長が必要と認める事項": null,
        "受入対象者": null,
        "備考": ""
      }
    },
    {
      "type": "Feature",
      "geometry": {
        "type": "Point",
        "coordinates": [
          139.831368,
          36.425877
        ]
      },
      "properties": {
        "NO": "380",
        "共通ID": "E0921600014111",
        "施設・場所名": "細谷小学校",
        "住所": "栃木県下野市細谷693",
        "指定緊急避難場所との住所同一": "1",
        "その他市町村長が必要と認める事項": null,
        "受入対象者": null,
        "備考": ""
      }
    },
    {
      "type": "Feature",
      "geometry": {
        "type": "Point",
        "coordinates": [
          139.902976,
          36.397492
        ]
      },
      "properties": {
        "NO": "381",
        "共通ID": "E0921600015121",
        "施設・場所名": "ふれあい館",
        "住所": "栃木県下野市三王山698-5",
        "指定緊急避難場所との住所同一": "1",
        "その他市町村長が必要と認める事項": null,
        "受入対象者": "要配慮者",
        "備考": ""
      }
    },
    {
      "type": "Feature",
      "geometry": {
        "type": "Point",
        "coordinates": [
          139.902976,
          36.397492
        ]
      },
      "properties": {
        "NO": "382",
        "共通ID": "E0921600015111",
        "施設・場所名": "ふれあい館",
        "住所": "栃木県下野市三王山698-5",
        "指定緊急避難場所との住所同一": "1",
        "その他市町村長が必要と認める事項": null,
        "受入対象者": null,
        "備考": ""
      }
    },
    {
      "type": "Feature",
      "geometry": {
        "type": "Point",
        "coordinates": [
          139.851333,
          36.370605
        ]
      },
      "properties": {
        "NO": "383",
        "共通ID": "E0921600016111",
        "施設・場所名": "コミュニティセンター友愛館",
        "住所": "栃木県下野市柴1019-1",
        "指定緊急避難場所との住所同一": "1",
        "その他市町村長が必要と認める事項": null,
        "受入対象者": null,
        "備考": ""
      }
    },
    {
      "type": "Feature",
      "geometry": {
        "type": "Point",
        "coordinates": [
          139.849528,
          36.372278
        ]
      },
      "properties": {
        "NO": "384",
        "共通ID": "E0921600017111",
        "施設・場所名": "国分寺東小学校",
        "住所": "栃木県下野市柴897-1",
        "指定緊急避難場所との住所同一": "1",
        "その他市町村長が必要と認める事項": null,
        "受入対象者": null,
        "備考": ""
      }
    },
    {
      "type": "Feature",
      "geometry": {
        "type": "Point",
        "coordinates": [
          139.841474,
          36.387446
        ]
      },
      "properties": {
        "NO": "385",
        "共通ID": "E0921600018111",
        "施設・場所名": "国分寺公民館",
        "住所": "栃木県下野市小金井1127",
        "指定緊急避難場所との住所同一": "1",
        "その他市町村長が必要と認める事項": null,
        "受入対象者": null,
        "備考": ""
      }
    },
    {
      "type": "Feature",
      "geometry": {
        "type": "Point",
        "coordinates": [
          139.836122,
          36.384104
        ]
      },
      "properties": {
        "NO": "386",
        "共通ID": "E0921600019111",
        "施設・場所名": "国分寺Ｂ＆Ｇ海洋センター体育館",
        "住所": "栃木県下野市小金井277-2",
        "指定緊急避難場所との住所同一": "1",
        "その他市町村長が必要と認める事項": null,
        "受入対象者": null,
        "備考": ""
      }
    },
    {
      "type": "Feature",
      "geometry": {
        "type": "Point",
        "coordinates": [
          139.839389,
          36.380181
        ]
      },
      "properties": {
        "NO": "387",
        "共通ID": "E0921600020111",
        "施設・場所名": "国分寺中学校",
        "住所": "栃木県下野市小金井4-1-8",
        "指定緊急避難場所との住所同一": "1",
        "その他市町村長が必要と認める事項": null,
        "受入対象者": null,
        "備考": ""
      }
    },
    {
      "type": "Feature",
      "geometry": {
        "type": "Point",
        "coordinates": [
          139.840625,
          36.380856
        ]
      },
      "properties": {
        "NO": "388",
        "共通ID": "E0921600021111",
        "施設・場所名": "国分寺小学校",
        "住所": "栃木県下野市小金井4-2-3",
        "指定緊急避難場所との住所同一": "1",
        "その他市町村長が必要と認める事項": null,
        "受入対象者": null,
        "備考": ""
      }
    },
    {
      "type": "Feature",
      "geometry": {
        "type": "Point",
        "coordinates": [
          139.836253,
          36.376702
        ]
      },
      "properties": {
        "NO": "389",
        "共通ID": "E0921600022111",
        "施設・場所名": "国分寺駅西児童館",
        "住所": "栃木県下野市小金井5-22-1",
        "指定緊急避難場所との住所同一": "1",
        "その他市町村長が必要と認める事項": null,
        "受入対象者": null,
        "備考": ""
      }
    },
    {
      "type": "Feature",
      "geometry": {
        "type": "Point",
        "coordinates": [
          139.837299,
          36.385086
        ]
      },
      "properties": {
        "NO": "390",
        "共通ID": "E0921600023121",
        "施設・場所名": "保健福祉センターゆうゆう館",
        "住所": "栃木県下野市小金井789",
        "指定緊急避難場所との住所同一": "1",
        "その他市町村長が必要と認める事項": null,
        "受入対象者": "要配慮者",
        "備考": ""
      }
    },
    {
      "type": "Feature",
      "geometry": {
        "type": "Point",
        "coordinates": [
          139.837299,
          36.385086
        ]
      },
      "properties": {
        "NO": "391",
        "共通ID": "E0921600023111",
        "施設・場所名": "保健福祉センターゆうゆう館",
        "住所": "栃木県下野市小金井789",
        "指定緊急避難場所との住所同一": "1",
        "その他市町村長が必要と認める事項": "",
        "受入対象者": "",
        "備考": ""
      }
    },
    {
      "type": "Feature",
      "geometry": {
        "type": "Point",
        "coordinates": [
          139.860116,
          36.465489
        ]
      },
      "properties": {
        "NO": "392",
        "共通ID": "E0921600024111",
        "施設・場所名": "石橋北小学校",
        "住所": "栃木県下野市上古山1932",
        "指定緊急避難場所との住所同一": "1",
        "その他市町村長が必要と認める事項": null,
        "受入対象者": null,
        "備考": ""
      }
    },
    {
      "type": "Feature",
      "geometry": {
        "type": "Point",
        "coordinates": [
          139.878279,
          36.384315
        ]
      },
      "properties": {
        "NO": "393",
        "共通ID": "E0921600025111",
        "施設・場所名": "南河内体育センター",
        "住所": "栃木県下野市仁良川1141",
        "指定緊急避難場所との住所同一": "1",
        "その他市町村長が必要と認める事項": null,
        "受入対象者": null,
        "備考": ""
      }
    },
    {
      "type": "Feature",
      "geometry": {
        "type": "Point",
        "coordinates": [
          139.877244,
          36.37701
        ]
      },
      "properties": {
        "NO": "394",
        "共通ID": "E0921600026111",
        "施設・場所名": "仁良川コミュニティセンター",
        "住所": "栃木県下野市仁良川1468",
        "指定緊急避難場所との住所同一": "1",
        "その他市町村長が必要と認める事項": null,
        "受入対象者": null,
        "備考": ""
      }
    },
    {
      "type": "Feature",
      "geometry": {
        "type": "Point",
        "coordinates": [
          139.845711,
          36.438544
        ]
      },
      "properties": {
        "NO": "395",
        "共通ID": "E0921600027111",
        "施設・場所名": "石橋中学校",
        "住所": "栃木県下野市石橋1130",
        "指定緊急避難場所との住所同一": "1",
        "その他市町村長が必要と認める事項": null,
        "受入対象者": null,
        "備考": ""
      }
    },
    {
      "type": "Feature",
      "geometry": {
        "type": "Point",
        "coordinates": [
          139.858064,
          36.438803
        ]
      },
      "properties": {
        "NO": "396",
        "共通ID": "E0921600028111",
        "施設・場所名": "石橋高等学校",
        "住所": "栃木県下野市石橋845",
        "指定緊急避難場所との住所同一": "1",
        "その他市町村長が必要と認める事項": null,
        "受入対象者": null,
        "備考": ""
      }
    },
    {
      "type": "Feature",
      "geometry": {
        "type": "Point",
        "coordinates": [
          139.81897,
          36.39192
        ]
      },
      "properties": {
        "NO": "397",
        "共通ID": "E0921600029111",
        "施設・場所名": "旧国分寺西小学校",
        "住所": "栃木県下野市川中子3278",
        "指定緊急避難場所との住所同一": "1",
        "その他市町村長が必要と認める事項": null,
        "受入対象者": null,
        "備考": ""
      }
    },
    {
      "type": "Feature",
      "geometry": {
        "type": "Point",
        "coordinates": [
          139.857663,
          36.431941
        ]
      },
      "properties": {
        "NO": "398",
        "共通ID": "E0921600030112",
        "施設・場所名": "スポーツ交流館",
        "住所": "栃木県下野市大松山1-7-1",
        "指定緊急避難場所との住所同一": "1",
        "その他市町村長が必要と認める事項": null,
        "受入対象者": null,
        "備考": ""
      }
    },
    {
      "type": "Feature",
      "geometry": {
        "type": "Point",
        "coordinates": [
          139.857108,
          36.431812
        ]
      },
      "properties": {
        "NO": "399",
        "共通ID": "E0921600030111",
        "施設・場所名": "石橋体育センター",
        "住所": "栃木県下野市大松山1-7-1",
        "指定緊急避難場所との住所同一": "1",
        "その他市町村長が必要と認める事項": null,
        "受入対象者": null,
        "備考": ""
      }
    },
    {
      "type": "Feature",
      "geometry": {
        "type": "Point",
        "coordinates": [
          139.8563,
          36.430638
        ]
      },
      "properties": {
        "NO": "400",
        "共通ID": "E0921600031111",
        "施設・場所名": "石橋図書館",
        "住所": "栃木県下野市大松山1-7-3",
        "指定緊急避難場所との住所同一": "1",
        "その他市町村長が必要と認める事項": null,
        "受入対象者": null,
        "備考": ""
      }
    },
    {
      "type": "Feature",
      "geometry": {
        "type": "Point",
        "coordinates": [
          139.910248,
          36.382581
        ]
      },
      "properties": {
        "NO": "401",
        "共通ID": "E0921600032111",
        "施設・場所名": "旧吉田東小学校",
        "住所": "栃木県下野市中川島7",
        "指定緊急避難場所との住所同一": "1",
        "その他市町村長が必要と認める事項": null,
        "受入対象者": null,
        "備考": ""
      }
    },
    {
      "type": "Feature",
      "geometry": {
        "type": "Point",
        "coordinates": [
          139.877574,
          36.384669
        ]
      },
      "properties": {
        "NO": "402",
        "共通ID": "E0921600033111",
        "施設・場所名": "南河内公民館",
        "住所": "栃木県下野市田中681-1",
        "指定緊急避難場所との住所同一": "1",
        "その他市町村長が必要と認める事項": null,
        "受入対象者": null,
        "備考": ""
      }
    },
    {
      "type": "Feature",
      "geometry": {
        "type": "Point",
        "coordinates": [
          139.909062,
          36.37425
        ]
      },
      "properties": {
        "NO": "403",
        "共通ID": "E0921600034112",
        "施設・場所名": "南河内東体育館",
        "住所": "栃木県下野市本吉田783",
        "指定緊急避難場所との住所同一": "1",
        "その他市町村長が必要と認める事項": null,
        "受入対象者": null,
        "備考": ""
      }
    },
    {
      "type": "Feature",
      "geometry": {
        "type": "Point",
        "coordinates": [
          139.909395,
          36.374483
        ]
      },
      "properties": {
        "NO": "404",
        "共通ID": "E0921600034111",
        "施設・場所名": "南河内東公民館",
        "住所": "栃木県下野市本吉田783",
        "指定緊急避難場所との住所同一": "1",
        "その他市町村長が必要と認める事項": null,
        "受入対象者": null,
        "備考": ""
      }
    },
    {
      "type": "Feature",
      "geometry": {
        "type": "Point",
        "coordinates": [
          139.874047,
          36.395423
        ]
      },
      "properties": {
        "NO": "405",
        "共通ID": "E0921600035111",
        "施設・場所名": "薬師寺コミュニティセンター",
        "住所": "栃木県下野市薬師寺1387-25",
        "指定緊急避難場所との住所同一": "1",
        "その他市町村長が必要と認める事項": null,
        "受入対象者": null,
        "備考": ""
      }
    },
    {
      "type": "Feature",
      "geometry": {
        "type": "Point",
        "coordinates": [
          139.877096,
          36.395093
        ]
      },
      "properties": {
        "NO": "406",
        "共通ID": "E0921600036111",
        "施設・場所名": "旧薬師寺小学校",
        "住所": "栃木県下野市薬師寺1412",
        "指定緊急避難場所との住所同一": "1",
        "その他市町村長が必要と認める事項": "",
        "受入対象者": "",
        "備考": ""
      }
    },
    {
      "type": "Feature",
      "geometry": {
        "type": "Point",
        "coordinates": [
          139.876553,
          36.386809
        ]
      },
      "properties": {
        "NO": "407",
        "共通ID": "E0921600037111",
        "施設・場所名": "南河内小中学校",
        "住所": "栃木県下野市薬師寺986",
        "指定緊急避難場所との住所同一": "1",
        "その他市町村長が必要と認める事項": null,
        "受入対象者": null,
        "備考": ""
      }
    },
    {
      "type": "Feature",
      "geometry": {
        "type": "Point",
        "coordinates": [
          139.856365,
          36.386983
        ]
      },
      "properties": {
        "NO": "408",
        "共通ID": "E0921600039111",
        "施設・場所名": "緑小学校",
        "住所": "栃木県下野市緑3-16-1",
        "指定緊急避難場所との住所同一": "1",
        "その他市町村長が必要と認める事項": null,
        "受入対象者": null,
        "備考": ""
      }
    },
    {
      "type": "Feature",
      "geometry": {
        "type": "Point",
        "coordinates": [
          139.98739,
          36.620591
        ]
      },
      "properties": {
        "NO": "409",
        "共通ID": "E0938600002111",
        "施設・場所名": "西小学校",
        "住所": "栃木県高根沢町光陽台3-2-3",
        "指定緊急避難場所との住所同一": "1",
        "その他市町村長が必要と認める事項": "",
        "受入対象者": "",
        "備考": ""
      }
    },
    {
      "type": "Feature",
      "geometry": {
        "type": "Point",
        "coordinates": [
          140.057111,
          36.641242
        ]
      },
      "properties": {
        "NO": "410",
        "共通ID": "E0938600005111",
        "施設・場所名": "台新田公民館",
        "住所": "栃木県高根沢町大字亀梨478",
        "指定緊急避難場所との住所同一": "1",
        "その他市町村長が必要と認める事項": "",
        "受入対象者": "",
        "備考": ""
      }
    },
    {
      "type": "Feature",
      "geometry": {
        "type": "Point",
        "coordinates": [
          140.051258,
          36.616769
        ]
      },
      "properties": {
        "NO": "411",
        "共通ID": "E0938600006111",
        "施設・場所名": "桑窪公民館",
        "住所": "栃木県高根沢町大字桑窪405",
        "指定緊急避難場所との住所同一": "1",
        "その他市町村長が必要と認める事項": "",
        "受入対象者": "",
        "備考": ""
      }
    },
    {
      "type": "Feature",
      "geometry": {
        "type": "Point",
        "coordinates": [
          140.027991,
          36.596482
        ]
      },
      "properties": {
        "NO": "412",
        "共通ID": "E0938600007111",
        "施設・場所名": "上高根沢小学校",
        "住所": "栃木県高根沢町大字上高根沢2080",
        "指定緊急避難場所との住所同一": "1",
        "その他市町村長が必要と認める事項": "",
        "受入対象者": "",
        "備考": ""
      }
    },
    {
      "type": "Feature",
      "geometry": {
        "type": "Point",
        "coordinates": [
          140.05328,
          36.632677
        ]
      },
      "properties": {
        "NO": "413",
        "共通ID": "E0938600008111",
        "施設・場所名": "道の駅たかねざわ　元気あっぷむら",
        "住所": "栃木県高根沢町大字上柏崎588-1",
        "指定緊急避難場所との住所同一": "1",
        "その他市町村長が必要と認める事項": "",
        "受入対象者": "",
        "備考": "想定収容人員：指定避難所としては182名　指定緊急避難場所としては1500名"
      }
    },
    {
      "type": "Feature",
      "geometry": {
        "type": "Point",
        "coordinates": [
          139.998647,
          36.640728
        ]
      },
      "properties": {
        "NO": "414",
        "共通ID": "E0938600010111",
        "施設・場所名": "中央小学校",
        "住所": "栃木県高根沢町大字石末2247",
        "指定緊急避難場所との住所同一": "1",
        "その他市町村長が必要と認める事項": "",
        "受入対象者": "",
        "備考": ""
      }
    },
    {
      "type": "Feature",
      "geometry": {
        "type": "Point",
        "coordinates": [
          140.0322,
          36.62481
        ]
      },
      "properties": {
        "NO": "415",
        "共通ID": "E0938600012111",
        "施設・場所名": "東小学校・北高根沢中学校",
        "住所": "栃木県高根沢町大字太田753",
        "指定緊急避難場所との住所同一": "1",
        "その他市町村長が必要と認める事項": "",
        "受入対象者": "",
        "備考": ""
      }
    },
    {
      "type": "Feature",
      "geometry": {
        "type": "Point",
        "coordinates": [
          139.985063,
          36.661032
        ]
      },
      "properties": {
        "NO": "416",
        "共通ID": "E0938600013111",
        "施設・場所名": "大谷集落センター",
        "住所": "栃木県高根沢町大字大谷922",
        "指定緊急避難場所との住所同一": "1",
        "その他市町村長が必要と認める事項": "",
        "受入対象者": "",
        "備考": ""
      }
    },
    {
      "type": "Feature",
      "geometry": {
        "type": "Point",
        "coordinates": [
          139.976241,
          36.638512
        ]
      },
      "properties": {
        "NO": "417",
        "共通ID": "E0938600014111",
        "施設・場所名": "阿久津中学校",
        "住所": "栃木県高根沢町大字中阿久津1470",
        "指定緊急避難場所との住所同一": "1",
        "その他市町村長が必要と認める事項": "",
        "受入対象者": "",
        "備考": ""
      }
    },
    {
      "type": "Feature",
      "geometry": {
        "type": "Point",
        "coordinates": [
          140.078575,
          36.611049
        ]
      },
      "properties": {
        "NO": "418",
        "共通ID": "E0938600015111",
        "施設・場所名": "柏崎公民館",
        "住所": "栃木県高根沢町大字中柏崎246-4",
        "指定緊急避難場所との住所同一": "1",
        "その他市町村長が必要と認める事項": "",
        "受入対象者": "",
        "備考": ""
      }
    },
    {
      "type": "Feature",
      "geometry": {
        "type": "Point",
        "coordinates": [
          140.036174,
          36.656299
        ]
      },
      "properties": {
        "NO": "419",
        "共通ID": "E0938600016111",
        "施設・場所名": "北小学校",
        "住所": "栃木県高根沢町大字飯室876",
        "指定緊急避難場所との住所同一": "1",
        "その他市町村長が必要と認める事項": "",
        "受入対象者": "",
        "備考": ""
      }
    },
    {
      "type": "Feature",
      "geometry": {
        "type": "Point",
        "coordinates": [
          140.029355,
          36.658506
        ]
      },
      "properties": {
        "NO": "420",
        "共通ID": "E0938600017111",
        "施設・場所名": "高根沢高校",
        "住所": "栃木県高根沢町大字文挟32-2",
        "指定緊急避難場所との住所同一": "1",
        "その他市町村長が必要と認める事項": "",
        "受入対象者": "",
        "備考": ""
      }
    },
    {
      "type": "Feature",
      "geometry": {
        "type": "Point",
        "coordinates": [
          140.029742,
          36.655341
        ]
      },
      "properties": {
        "NO": "421",
        "共通ID": "E0938600020111",
        "施設・場所名": "仁井田ふれあい広場",
        "住所": "栃木県高根沢町大字平田2012-2",
        "指定緊急避難場所との住所同一": "1",
        "その他市町村長が必要と認める事項": "",
        "受入対象者": "",
        "備考": ""
      }
    },
    {
      "type": "Feature",
      "geometry": {
        "type": "Point",
        "coordinates": [
          139.974439,
          36.628117
        ]
      },
      "properties": {
        "NO": "422",
        "共通ID": "E0938600022111",
        "施設・場所名": "阿久津小学校",
        "住所": "栃木県高根沢町大字宝積寺1178",
        "指定緊急避難場所との住所同一": "1",
        "その他市町村長が必要と認める事項": "",
        "受入対象者": "",
        "備考": ""
      }
    },
    {
      "type": "Feature",
      "geometry": {
        "type": "Point",
        "coordinates": [
          139.982093,
          36.627492
        ]
      },
      "properties": {
        "NO": "423",
        "共通ID": "E0938600023111",
        "施設・場所名": "図書館中央館",
        "住所": "栃木県高根沢町大字宝積寺1220-2",
        "指定緊急避難場所との住所同一": "1",
        "その他市町村長が必要と認める事項": "",
        "受入対象者": "",
        "備考": ""
      }
    },
    {
      "type": "Feature",
      "geometry": {
        "type": "Point",
        "coordinates": [
          139.605426,
          36.407608
        ]
      },
      "properties": {
        "NO": "424",
        "共通ID": "E0920400001111",
        "施設・場所名": "葛生あくと福祉センター",
        "住所": "栃木県佐野市あくと町3084",
        "指定緊急避難場所との住所同一": "1",
        "その他市町村長が必要と認める事項": null,
        "受入対象者": null,
        "備考": ""
      }
    },
    {
      "type": "Feature",
      "geometry": {
        "type": "Point",
        "coordinates": [
          139.611059,
          36.318266
        ]
      },
      "properties": {
        "NO": "425",
        "共通ID": "E0920400002111",
        "施設・場所名": "犬伏東小学校",
        "住所": "栃木県佐野市伊勢山町1534",
        "指定緊急避難場所との住所同一": "1",
        "その他市町村長が必要と認める事項": null,
        "受入対象者": null,
        "備考": ""
      }
    },
    {
      "type": "Feature",
      "geometry": {
        "type": "Point",
        "coordinates": [
          139.627266,
          36.422995
        ]
      },
      "properties": {
        "NO": "426",
        "共通ID": "E0920400003111",
        "施設・場所名": "会沢地区コミュニティセンター",
        "住所": "栃木県佐野市会沢町681",
        "指定緊急避難場所との住所同一": "1",
        "その他市町村長が必要と認める事項": null,
        "受入対象者": null,
        "備考": ""
      }
    },
    {
      "type": "Feature",
      "geometry": {
        "type": "Point",
        "coordinates": [
          139.608311,
          36.404424
        ]
      },
      "properties": {
        "NO": "427",
        "共通ID": "E0920400004111",
        "施設・場所名": "旧葛生小学校",
        "住所": "栃木県佐野市葛生西1-12-1",
        "指定緊急避難場所との住所同一": "1",
        "その他市町村長が必要と認める事項": "",
        "受入対象者": "",
        "備考": "洪水時、２階以上は利用可能"
      }
    },
    {
      "type": "Feature",
      "geometry": {
        "type": "Point",
        "coordinates": [
          139.611516,
          36.410783
        ]
      },
      "properties": {
        "NO": "428",
        "共通ID": "E0920400005111",
        "施設・場所名": "葛生義務教育学校",
        "住所": "栃木県佐野市葛生西3-4-1",
        "指定緊急避難場所との住所同一": "1",
        "その他市町村長が必要と認める事項": "",
        "受入対象者": "",
        "備考": ""
      }
    },
    {
      "type": "Feature",
      "geometry": {
        "type": "Point",
        "coordinates": [
          139.611843,
          36.401652
        ]
      },
      "properties": {
        "NO": "429",
        "共通ID": "E0920400006111",
        "施設・場所名": "葛生地区公民館",
        "住所": "栃木県佐野市葛生東1-11-15",
        "指定緊急避難場所との住所同一": "1",
        "その他市町村長が必要と認める事項": null,
        "受入対象者": null,
        "備考": ""
      }
    },
    {
      "type": "Feature",
      "geometry": {
        "type": "Point",
        "coordinates": [
          139.61398,
          36.402439
        ]
      },
      "properties": {
        "NO": "430",
        "共通ID": "E0920400007111",
        "施設・場所名": "くずう保育園",
        "住所": "栃木県佐野市葛生東1-15-20",
        "指定緊急避難場所との住所同一": "1",
        "その他市町村長が必要と認める事項": null,
        "受入対象者": null,
        "備考": ""
      }
    },
    {
      "type": "Feature",
      "geometry": {
        "type": "Point",
        "coordinates": [
          139.520872,
          36.400981
        ]
      },
      "properties": {
        "NO": "431",
        "共通ID": "E0920400008111",
        "施設・場所名": "新合総合センター",
        "住所": "栃木県佐野市閑馬町361-1",
        "指定緊急避難場所との住所同一": "1",
        "その他市町村長が必要と認める事項": null,
        "受入対象者": null,
        "備考": ""
      }
    },
    {
      "type": "Feature",
      "geometry": {
        "type": "Point",
        "coordinates": [
          139.518511,
          36.400845
        ]
      },
      "properties": {
        "NO": "432",
        "共通ID": "E0920400009111",
        "施設・場所名": "遠原の里福祉センター",
        "住所": "栃木県佐野市閑馬町515-3",
        "指定緊急避難場所との住所同一": "1",
        "その他市町村長が必要と認める事項": "",
        "受入対象者": "",
        "備考": ""
      }
    },
    {
      "type": "Feature",
      "geometry": {
        "type": "Point",
        "coordinates": [
          139.571107,
          36.397762
        ]
      },
      "properties": {
        "NO": "433",
        "共通ID": "E0920400010111",
        "施設・場所名": "旧三好小学校",
        "住所": "栃木県佐野市岩崎町1341",
        "指定緊急避難場所との住所同一": "1",
        "その他市町村長が必要と認める事項": "",
        "受入対象者": "",
        "備考": ""
      }
    },
    {
      "type": "Feature",
      "geometry": {
        "type": "Point",
        "coordinates": [
          139.577206,
          36.347554
        ]
      },
      "properties": {
        "NO": "434",
        "共通ID": "E0920400011111",
        "施設・場所名": "新吉水地区コミュニティセンター",
        "住所": "栃木県佐野市吉水駅前1-19-6",
        "指定緊急避難場所との住所同一": "1",
        "その他市町村長が必要と認める事項": null,
        "受入対象者": null,
        "備考": ""
      }
    },
    {
      "type": "Feature",
      "geometry": {
        "type": "Point",
        "coordinates": [
          139.573928,
          36.351065
        ]
      },
      "properties": {
        "NO": "435",
        "共通ID": "E0920400012111",
        "施設・場所名": "吉水小学校",
        "住所": "栃木県佐野市吉水町832",
        "指定緊急避難場所との住所同一": "1",
        "その他市町村長が必要と認める事項": null,
        "受入対象者": null,
        "備考": ""
      }
    },
    {
      "type": "Feature",
      "geometry": {
        "type": "Point",
        "coordinates": [
          139.572151,
          36.311875
        ]
      },
      "properties": {
        "NO": "436",
        "共通ID": "E0920400013111",
        "施設・場所名": "佐野地区公民館",
        "住所": "栃木県佐野市金井上町2519",
        "指定緊急避難場所との住所同一": "1",
        "その他市町村長が必要と認める事項": null,
        "受入対象者": null,
        "備考": ""
      }
    },
    {
      "type": "Feature",
      "geometry": {
        "type": "Point",
        "coordinates": [
          139.580557,
          36.310587
        ]
      },
      "properties": {
        "NO": "437",
        "共通ID": "E0920400014111",
        "施設・場所名": "佐野小学校",
        "住所": "栃木県佐野市金屋下町10",
        "指定緊急避難場所との住所同一": "1",
        "その他市町村長が必要と認める事項": null,
        "受入対象者": null,
        "備考": ""
      }
    },
    {
      "type": "Feature",
      "geometry": {
        "type": "Point",
        "coordinates": [
          139.601915,
          36.32234
        ]
      },
      "properties": {
        "NO": "438",
        "共通ID": "E0920400015111",
        "施設・場所名": "犬伏地区公民館",
        "住所": "栃木県佐野市犬伏下町1798",
        "指定緊急避難場所との住所同一": "1",
        "その他市町村長が必要と認める事項": null,
        "受入対象者": null,
        "備考": ""
      }
    },
    {
      "type": "Feature",
      "geometry": {
        "type": "Point",
        "coordinates": [
          139.599083,
          36.323692
        ]
      },
      "properties": {
        "NO": "439",
        "共通ID": "E0920400016111",
        "施設・場所名": "犬伏小学校",
        "住所": "栃木県佐野市犬伏下町1983",
        "指定緊急避難場所との住所同一": "1",
        "その他市町村長が必要と認める事項": null,
        "受入対象者": null,
        "備考": ""
      }
    },
    {
      "type": "Feature",
      "geometry": {
        "type": "Point",
        "coordinates": [
          139.574328,
          36.393268
        ]
      },
      "properties": {
        "NO": "440",
        "共通ID": "E0920400017111",
        "施設・場所名": "三好生活改善センター",
        "住所": "栃木県佐野市戸室町1183",
        "指定緊急避難場所との住所同一": "1",
        "その他市町村長が必要と認める事項": "",
        "受入対象者": "",
        "備考": "洪水時は使用制限のある避難所"
      }
    },
    {
      "type": "Feature",
      "geometry": {
        "type": "Point",
        "coordinates": [
          139.570253,
          36.380169
        ]
      },
      "properties": {
        "NO": "441",
        "共通ID": "E0920400018111",
        "施設・場所名": "あそ野学園義務教育学校",
        "住所": "栃木県佐野市戸室町156",
        "指定緊急避難場所との住所同一": "1",
        "その他市町村長が必要と認める事項": null,
        "受入対象者": null,
        "備考": ""
      }
    },
    {
      "type": "Feature",
      "geometry": {
        "type": "Point",
        "coordinates": [
          139.568971,
          36.374633
        ]
      },
      "properties": {
        "NO": "442",
        "共通ID": "E0920400019111",
        "施設・場所名": "田沼中央公民館",
        "住所": "栃木県佐野市戸奈良町1-1",
        "指定緊急避難場所との住所同一": "1",
        "その他市町村長が必要と認める事項": null,
        "受入対象者": null,
        "備考": ""
      }
    },
    {
      "type": "Feature",
      "geometry": {
        "type": "Point",
        "coordinates": [
          139.557654,
          36.378135
        ]
      },
      "properties": {
        "NO": "443",
        "共通ID": "E0920400020111",
        "施設・場所名": "旧戸奈良小学校",
        "住所": "栃木県佐野市戸奈良町1140",
        "指定緊急避難場所との住所同一": "1",
        "その他市町村長が必要と認める事項": "",
        "受入対象者": "",
        "備考": ""
      }
    },
    {
      "type": "Feature",
      "geometry": {
        "type": "Point",
        "coordinates": [
          139.537108,
          36.38533
        ]
      },
      "properties": {
        "NO": "444",
        "共通ID": "E0920400021111",
        "施設・場所名": "有限会社ヤマダ佐野工場（旧山形小学校）",
        "住所": "栃木県佐野市山形町649-2",
        "指定緊急避難場所との住所同一": "1",
        "その他市町村長が必要と認める事項": "",
        "受入対象者": "",
        "備考": "洪水時、２階以上は利用可能\n土砂災害危険時は使用制限のある避難所"
      }
    },
    {
      "type": "Feature",
      "geometry": {
        "type": "Point",
        "coordinates": [
          139.576153,
          36.301579
        ]
      },
      "properties": {
        "NO": "445",
        "共通ID": "E0920400022111",
        "施設・場所名": "植野地区公民館",
        "住所": "栃木県佐野市寺中町2297-1",
        "指定緊急避難場所との住所同一": "1",
        "その他市町村長が必要と認める事項": null,
        "受入対象者": null,
        "備考": ""
      }
    },
    {
      "type": "Feature",
      "geometry": {
        "type": "Point",
        "coordinates": [
          139.579092,
          36.316486
        ]
      },
      "properties": {
        "NO": "446",
        "共通ID": "E0920400023111",
        "施設・場所名": "佐野駅前交流プラザ（ぱるぽーと）",
        "住所": "栃木県佐野市若松町481-4",
        "指定緊急避難場所との住所同一": "1",
        "その他市町村長が必要と認める事項": null,
        "受入対象者": null,
        "備考": ""
      }
    },
    {
      "type": "Feature",
      "geometry": {
        "type": "Point",
        "coordinates": [
          139.541211,
          36.364401
        ]
      },
      "properties": {
        "NO": "447",
        "共通ID": "E0920400024111",
        "施設・場所名": "出流原小学校",
        "住所": "栃木県佐野市出流原町1038-1",
        "指定緊急避難場所との住所同一": "1",
        "その他市町村長が必要と認める事項": null,
        "受入対象者": null,
        "備考": ""
      }
    },
    {
      "type": "Feature",
      "geometry": {
        "type": "Point",
        "coordinates": [
          139.55035,
          36.360928
        ]
      },
      "properties": {
        "NO": "448",
        "共通ID": "E0920400025111",
        "施設・場所名": "赤見中学校",
        "住所": "栃木県佐野市出流原町628-1",
        "指定緊急避難場所との住所同一": "1",
        "その他市町村長が必要と認める事項": null,
        "受入対象者": null,
        "備考": ""
      }
    },
    {
      "type": "Feature",
      "geometry": {
        "type": "Point",
        "coordinates": [
          139.541564,
          36.295443
        ]
      },
      "properties": {
        "NO": "449",
        "共通ID": "E0920400026111",
        "施設・場所名": "教育センター",
        "住所": "栃木県佐野市上羽田町1134-1",
        "指定緊急避難場所との住所同一": "1",
        "その他市町村長が必要と認める事項": null,
        "受入対象者": null,
        "備考": ""
      }
    },
    {
      "type": "Feature",
      "geometry": {
        "type": "Point",
        "coordinates": [
          139.540869,
          36.296065
        ]
      },
      "properties": {
        "NO": "450",
        "共通ID": "E0920400027111",
        "施設・場所名": "吾妻小学校",
        "住所": "栃木県佐野市上羽田町1369-1",
        "指定緊急避難場所との住所同一": "1",
        "その他市町村長が必要と認める事項": null,
        "受入対象者": null,
        "備考": ""
      }
    },
    {
      "type": "Feature",
      "geometry": {
        "type": "Point",
        "coordinates": [
          139.583053,
          36.300023
        ]
      },
      "properties": {
        "NO": "451",
        "共通ID": "E0920400028111",
        "施設・場所名": "南中学校",
        "住所": "栃木県佐野市植下町1205",
        "指定緊急避難場所との住所同一": "1",
        "その他市町村長が必要と認める事項": null,
        "受入対象者": null,
        "備考": ""
      }
    },
    {
      "type": "Feature",
      "geometry": {
        "type": "Point",
        "coordinates": [
          139.577355,
          36.300626
        ]
      },
      "properties": {
        "NO": "452",
        "共通ID": "E0920400029111",
        "施設・場所名": "植野小学校",
        "住所": "栃木県佐野市植上町1272",
        "指定緊急避難場所との住所同一": "1",
        "その他市町村長が必要と認める事項": null,
        "受入対象者": null,
        "備考": ""
      }
    },
    {
      "type": "Feature",
      "geometry": {
        "type": "Point",
        "coordinates": [
          139.543322,
          36.486372
        ]
      },
      "properties": {
        "NO": "453",
        "共通ID": "E0920400030111",
        "施設・場所名": "氷室地区公民館",
        "住所": "栃木県佐野市水木町846",
        "指定緊急避難場所との住所同一": "1",
        "その他市町村長が必要と認める事項": null,
        "受入対象者": null,
        "備考": ""
      }
    },
    {
      "type": "Feature",
      "geometry": {
        "type": "Point",
        "coordinates": [
          139.5618,
          36.355364
        ]
      },
      "properties": {
        "NO": "454",
        "共通ID": "E0920400031111",
        "施設・場所名": "石塚小学校",
        "住所": "栃木県佐野市石塚町1408-2",
        "指定緊急避難場所との住所同一": "1",
        "その他市町村長が必要と認める事項": null,
        "受入対象者": null,
        "備考": ""
      }
    },
    {
      "type": "Feature",
      "geometry": {
        "type": "Point",
        "coordinates": [
          139.539125,
          36.351969
        ]
      },
      "properties": {
        "NO": "455",
        "共通ID": "E0920400032111",
        "施設・場所名": "赤見地区公民館",
        "住所": "栃木県佐野市赤見町3082",
        "指定緊急避難場所との住所同一": "1",
        "その他市町村長が必要と認める事項": null,
        "受入対象者": null,
        "備考": ""
      }
    },
    {
      "type": "Feature",
      "geometry": {
        "type": "Point",
        "coordinates": [
          139.53952,
          36.35289
        ]
      },
      "properties": {
        "NO": "456",
        "共通ID": "E0920400033111",
        "施設・場所名": "赤見小学校",
        "住所": "栃木県佐野市赤見町3229",
        "指定緊急避難場所との住所同一": "1",
        "その他市町村長が必要と認める事項": null,
        "受入対象者": null,
        "備考": ""
      }
    },
    {
      "type": "Feature",
      "geometry": {
        "type": "Point",
        "coordinates": [
          139.593559,
          36.430849
        ]
      },
      "properties": {
        "NO": "457",
        "共通ID": "E0920400034111",
        "施設・場所名": "常盤地区公民館",
        "住所": "栃木県佐野市仙波町167",
        "指定緊急避難場所との住所同一": "1",
        "その他市町村長が必要と認める事項": null,
        "受入対象者": null,
        "備考": ""
      }
    },
    {
      "type": "Feature",
      "geometry": {
        "type": "Point",
        "coordinates": [
          139.566405,
          36.270807
        ]
      },
      "properties": {
        "NO": "458",
        "共通ID": "E0920400035111",
        "施設・場所名": "旧船津川小学校",
        "住所": "栃木県佐野市船津川町6001",
        "指定緊急避難場所との住所同一": "1",
        "その他市町村長が必要と認める事項": "",
        "受入対象者": "",
        "備考": "洪水時は使用制限のある避難所"
      }
    },
    {
      "type": "Feature",
      "geometry": {
        "type": "Point",
        "coordinates": [
          139.540279,
          36.295795
        ]
      },
      "properties": {
        "NO": "459",
        "共通ID": "E0920400036111",
        "施設・場所名": "吾妻地区公民館",
        "住所": "栃木県佐野市村上町9",
        "指定緊急避難場所との住所同一": "1",
        "その他市町村長が必要と認める事項": null,
        "受入対象者": null,
        "備考": ""
      }
    },
    {
      "type": "Feature",
      "geometry": {
        "type": "Point",
        "coordinates": [
          139.597604,
          36.381072
        ]
      },
      "properties": {
        "NO": "460",
        "共通ID": "E0920400037111",
        "施設・場所名": "多田小学校",
        "住所": "栃木県佐野市多田町998",
        "指定緊急避難場所との住所同一": "1",
        "その他市町村長が必要と認める事項": null,
        "受入対象者": null,
        "備考": ""
      }
    },
    {
      "type": "Feature",
      "geometry": {
        "type": "Point",
        "coordinates": [
          139.561423,
          36.315015
        ]
      },
      "properties": {
        "NO": "461",
        "共通ID": "E0920400038111",
        "施設・場所名": "西中学校",
        "住所": "栃木県佐野市大橋町2026",
        "指定緊急避難場所との住所同一": "1",
        "その他市町村長が必要と認める事項": null,
        "受入対象者": null,
        "備考": ""
      }
    },
    {
      "type": "Feature",
      "geometry": {
        "type": "Point",
        "coordinates": [
          139.576568,
          36.309628
        ]
      },
      "properties": {
        "NO": "462",
        "共通ID": "E0920400039111",
        "施設・場所名": "天明小学校",
        "住所": "栃木県佐野市大祝町2311",
        "指定緊急避難場所との住所同一": "1",
        "その他市町村長が必要と認める事項": null,
        "受入対象者": null,
        "備考": ""
      }
    },
    {
      "type": "Feature",
      "geometry": {
        "type": "Point",
        "coordinates": [
          139.604811,
          36.385978
        ]
      },
      "properties": {
        "NO": "463",
        "共通ID": "E0920400040111",
        "施設・場所名": "旧葛生南小学校",
        "住所": "栃木県佐野市中町1104",
        "指定緊急避難場所との住所同一": "1",
        "その他市町村長が必要と認める事項": "",
        "受入対象者": "",
        "備考": "洪水時、２階以上は利用可能"
      }
    },
    {
      "type": "Feature",
      "geometry": {
        "type": "Point",
        "coordinates": [
          139.539354,
          36.436553
        ]
      },
      "properties": {
        "NO": "464",
        "共通ID": "E0920400041111",
        "施設・場所名": "旧野上小学校",
        "住所": "栃木県佐野市長谷場町499",
        "指定緊急避難場所との住所同一": "1",
        "その他市町村長が必要と認める事項": "",
        "受入対象者": "",
        "備考": ""
      }
    },
    {
      "type": "Feature",
      "geometry": {
        "type": "Point",
        "coordinates": [
          139.575941,
          36.366281
        ]
      },
      "properties": {
        "NO": "465",
        "共通ID": "E0920400042111",
        "施設・場所名": "田沼小学校",
        "住所": "栃木県佐野市田沼町603",
        "指定緊急避難場所との住所同一": "1",
        "その他市町村長が必要と認める事項": null,
        "受入対象者": null,
        "備考": ""
      }
    },
    {
      "type": "Feature",
      "geometry": {
        "type": "Point",
        "coordinates": [
          139.590631,
          36.360692
        ]
      },
      "properties": {
        "NO": "466",
        "共通ID": "E0920400043111",
        "施設・場所名": "栃本小学校",
        "住所": "栃木県佐野市栃本町1037",
        "指定緊急避難場所との住所同一": "1",
        "その他市町村長が必要と認める事項": null,
        "受入対象者": null,
        "備考": ""
      }
    },
    {
      "type": "Feature",
      "geometry": {
        "type": "Point",
        "coordinates": [
          139.586959,
          36.359882
        ]
      },
      "properties": {
        "NO": "467",
        "共通ID": "E0920400044111",
        "施設・場所名": "栃本地区コミュニティセンター",
        "住所": "栃木県佐野市栃本町2047-5",
        "指定緊急避難場所との住所同一": "1",
        "その他市町村長が必要と認める事項": null,
        "受入対象者": null,
        "備考": ""
      }
    },
    {
      "type": "Feature",
      "geometry": {
        "type": "Point",
        "coordinates": [
          139.579206,
          36.363666
        ]
      },
      "properties": {
        "NO": "468",
        "共通ID": "E0920400045111",
        "施設・場所名": "田沼東中学校",
        "住所": "栃木県佐野市栃本町2287",
        "指定緊急避難場所との住所同一": "1",
        "その他市町村長が必要と認める事項": null,
        "受入対象者": null,
        "備考": ""
      }
    },
    {
      "type": "Feature",
      "geometry": {
        "type": "Point",
        "coordinates": [
          139.576747,
          36.362754
        ]
      },
      "properties": {
        "NO": "469",
        "共通ID": "E0920400046111",
        "施設・場所名": "田沼地区公民館",
        "住所": "栃木県佐野市栃本町2384-3",
        "指定緊急避難場所との住所同一": "1",
        "その他市町村長が必要と認める事項": null,
        "受入対象者": null,
        "備考": ""
      }
    },
    {
      "type": "Feature",
      "geometry": {
        "type": "Point",
        "coordinates": [
          139.601134,
          36.285333
        ]
      },
      "properties": {
        "NO": "470",
        "共通ID": "E0920400047111",
        "施設・場所名": "界地区公民館",
        "住所": "栃木県佐野市馬門町1510-1",
        "指定緊急避難場所との住所同一": "1",
        "その他市町村長が必要と認める事項": null,
        "受入対象者": null,
        "備考": ""
      }
    },
    {
      "type": "Feature",
      "geometry": {
        "type": "Point",
        "coordinates": [
          139.598376,
          36.285566
        ]
      },
      "properties": {
        "NO": "471",
        "共通ID": "E0920400048111",
        "施設・場所名": "界小学校",
        "住所": "栃木県佐野市馬門町1539",
        "指定緊急避難場所との住所同一": "1",
        "その他市町村長が必要と認める事項": null,
        "受入対象者": null,
        "備考": ""
      }
    },
    {
      "type": "Feature",
      "geometry": {
        "type": "Point",
        "coordinates": [
          139.521456,
          36.459397
        ]
      },
      "properties": {
        "NO": "472",
        "共通ID": "E0920400049111",
        "施設・場所名": "野上基幹集落センター",
        "住所": "栃木県佐野市白岩町486-1",
        "指定緊急避難場所との住所同一": "1",
        "その他市町村長が必要と認める事項": null,
        "受入対象者": null,
        "備考": ""
      }
    },
    {
      "type": "Feature",
      "geometry": {
        "type": "Point",
        "coordinates": [
          139.466192,
          36.455459
        ]
      },
      "properties": {
        "NO": "473",
        "共通ID": "E0920400050111",
        "施設・場所名": "癒し野Ｊ・Ｕ・Ｎ（旧飛駒小学校）",
        "住所": "栃木県佐野市飛駒町1497",
        "指定緊急避難場所との住所同一": "1",
        "その他市町村長が必要と認める事項": "",
        "受入対象者": "",
        "備考": "洪水時、２回以上は利用可能"
      }
    },
    {
      "type": "Feature",
      "geometry": {
        "type": "Point",
        "coordinates": [
          139.467291,
          36.45465
        ]
      },
      "properties": {
        "NO": "474",
        "共通ID": "E0920400051111",
        "施設・場所名": "飛駒基幹集落センター",
        "住所": "栃木県佐野市飛駒町1576-2",
        "指定緊急避難場所との住所同一": "1",
        "その他市町村長が必要と認める事項": null,
        "受入対象者": null,
        "備考": ""
      }
    },
    {
      "type": "Feature",
      "geometry": {
        "type": "Point",
        "coordinates": [
          139.590655,
          36.321346
        ]
      },
      "properties": {
        "NO": "475",
        "共通ID": "E0920400052111",
        "施設・場所名": "北中学校",
        "住所": "栃木県佐野市富岡町93",
        "指定緊急避難場所との住所同一": "1",
        "その他市町村長が必要と認める事項": null,
        "受入対象者": null,
        "備考": ""
      }
    },
    {
      "type": "Feature",
      "geometry": {
        "type": "Point",
        "coordinates": [
          139.550666,
          36.325016
        ]
      },
      "properties": {
        "NO": "476",
        "共通ID": "E0920400053111",
        "施設・場所名": "旗川地区公民館",
        "住所": "栃木県佐野市並木町957-1",
        "指定緊急避難場所との住所同一": "1",
        "その他市町村長が必要と認める事項": null,
        "受入対象者": null,
        "備考": ""
      }
    },
    {
      "type": "Feature",
      "geometry": {
        "type": "Point",
        "coordinates": [
          139.549442,
          36.324079
        ]
      },
      "properties": {
        "NO": "477",
        "共通ID": "E0920400054111",
        "施設・場所名": "旗川小学校",
        "住所": "栃木県佐野市並木町964",
        "指定緊急避難場所との住所同一": "1",
        "その他市町村長が必要と認める事項": null,
        "受入対象者": null,
        "備考": ""
      }
    },
    {
      "type": "Feature",
      "geometry": {
        "type": "Point",
        "coordinates": [
          139.590721,
          36.43375
        ]
      },
      "properties": {
        "NO": "478",
        "共通ID": "E0920400055111",
        "施設・場所名": "旧常盤中学校",
        "住所": "栃木県佐野市豊代町2167",
        "指定緊急避難場所との住所同一": "1",
        "その他市町村長が必要と認める事項": "",
        "受入対象者": "",
        "備考": "洪水時、２階上は利用可能\n土砂災害危険時は使用制限のある避難所"
      }
    },
    {
      "type": "Feature",
      "geometry": {
        "type": "Point",
        "coordinates": [
          139.579664,
          36.323829
        ]
      },
      "properties": {
        "NO": "479",
        "共通ID": "E0920400056111",
        "施設・場所名": "城北小学校",
        "住所": "栃木県佐野市堀米町1156",
        "指定緊急避難場所との住所同一": "1",
        "その他市町村長が必要と認める事項": null,
        "受入対象者": null,
        "備考": ""
      }
    },
    {
      "type": "Feature",
      "geometry": {
        "type": "Point",
        "coordinates": [
          139.579966,
          36.324944
        ]
      },
      "properties": {
        "NO": "480",
        "共通ID": "E0920400057111",
        "施設・場所名": "城北地区公民館",
        "住所": "栃木県佐野市堀米町1173",
        "指定緊急避難場所との住所同一": "1",
        "その他市町村長が必要と認める事項": null,
        "受入対象者": null,
        "備考": ""
      }
    },
    {
      "type": "Feature",
      "geometry": {
        "type": "Point",
        "coordinates": [
          139.582376,
          36.321147
        ]
      },
      "properties": {
        "NO": "481",
        "共通ID": "E0920400058111",
        "施設・場所名": "佐野武道館",
        "住所": "栃木県佐野市堀米町167-1",
        "指定緊急避難場所との住所同一": "1",
        "その他市町村長が必要と認める事項": null,
        "受入対象者": null,
        "備考": ""
      }
    },
    {
      "type": "Feature",
      "geometry": {
        "type": "Point",
        "coordinates": [
          140.10212,
          36.54328
        ]
      },
      "properties": {
        "NO": "482",
        "共通ID": "E0934400002111",
        "施設・場所名": "市貝町役場",
        "住所": "栃木県市貝町大字市塙1280",
        "指定緊急避難場所との住所同一": "1",
        "その他市町村長が必要と認める事項": null,
        "受入対象者": null,
        "備考": ""
      }
    },
    {
      "type": "Feature",
      "geometry": {
        "type": "Point",
        "coordinates": [
          140.109321,
          36.539967
        ]
      },
      "properties": {
        "NO": "483",
        "共通ID": "E0934400003111",
        "施設・場所名": "市貝町保健福祉センター",
        "住所": "栃木県市貝町大字市塙1720-1",
        "指定緊急避難場所との住所同一": "1",
        "その他市町村長が必要と認める事項": null,
        "受入対象者": null,
        "備考": ""
      }
    },
    {
      "type": "Feature",
      "geometry": {
        "type": "Point",
        "coordinates": [
          140.105176,
          36.534087
        ]
      },
      "properties": {
        "NO": "484",
        "共通ID": "E0934400004111",
        "施設・場所名": "市貝小学校",
        "住所": "栃木県市貝町大字市塙2184",
        "指定緊急避難場所との住所同一": "1",
        "その他市町村長が必要と認める事項": null,
        "受入対象者": null,
        "備考": ""
      }
    },
    {
      "type": "Feature",
      "geometry": {
        "type": "Point",
        "coordinates": [
          140.106787,
          36.545169
        ]
      },
      "properties": {
        "NO": "485",
        "共通ID": "E0934400005111",
        "施設・場所名": "市貝中学校",
        "住所": "栃木県市貝町大字市塙4072",
        "指定緊急避難場所との住所同一": "1",
        "その他市町村長が必要と認める事項": null,
        "受入対象者": null,
        "備考": ""
      }
    },
    {
      "type": "Feature",
      "geometry": {
        "type": "Point",
        "coordinates": [
          140.089841,
          36.530002
        ]
      },
      "properties": {
        "NO": "486",
        "共通ID": "E0934400006111",
        "施設・場所名": "市貝町中央公民館",
        "住所": "栃木県市貝町大字上根1577",
        "指定緊急避難場所との住所同一": "1",
        "その他市町村長が必要と認める事項": null,
        "受入対象者": null,
        "備考": ""
      }
    },
    {
      "type": "Feature",
      "geometry": {
        "type": "Point",
        "coordinates": [
          140.108395,
          36.580395
        ]
      },
      "properties": {
        "NO": "487",
        "共通ID": "E0934400014111",
        "施設・場所名": "市貝町きら里館",
        "住所": "栃木県市貝町大字杉山2504",
        "指定緊急避難場所との住所同一": "1",
        "その他市町村長が必要と認める事項": "",
        "受入対象者": "",
        "備考": ""
      }
    },
    {
      "type": "Feature",
      "geometry": {
        "type": "Point",
        "coordinates": [
          140.066529,
          36.515769
        ]
      },
      "properties": {
        "NO": "488",
        "共通ID": "E0934400009111",
        "施設・場所名": "市貝町ふれあい館",
        "住所": "栃木県市貝町大字赤羽2648-1",
        "指定緊急避難場所との住所同一": "1",
        "その他市町村長が必要と認める事項": null,
        "受入対象者": null,
        "備考": ""
      }
    },
    {
      "type": "Feature",
      "geometry": {
        "type": "Point",
        "coordinates": [
          140.068014,
          36.515227
        ]
      },
      "properties": {
        "NO": "489",
        "共通ID": "E0934400010111",
        "施設・場所名": "赤羽小学校",
        "住所": "栃木県市貝町大字赤羽2711",
        "指定緊急避難場所との住所同一": "1",
        "その他市町村長が必要と認める事項": null,
        "受入対象者": null,
        "備考": ""
      }
    },
    {
      "type": "Feature",
      "geometry": {
        "type": "Point",
        "coordinates": [
          140.112467,
          36.586534
        ]
      },
      "properties": {
        "NO": "490",
        "共通ID": "E0934400011111",
        "施設・場所名": "旧小貝中央小学校",
        "住所": "栃木県市貝町大字続谷1143-3",
        "指定緊急避難場所との住所同一": "1",
        "その他市町村長が必要と認める事項": null,
        "受入対象者": null,
        "備考": ""
      }
    },
    {
      "type": "Feature",
      "geometry": {
        "type": "Point",
        "coordinates": [
          140.108503,
          36.568792
        ]
      },
      "properties": {
        "NO": "491",
        "共通ID": "E0934400012111",
        "施設・場所名": "小貝小学校",
        "住所": "栃木県市貝町大字文谷1188",
        "指定緊急避難場所との住所同一": "1",
        "その他市町村長が必要と認める事項": null,
        "受入対象者": null,
        "備考": ""
      }
    },
    {
      "type": "Feature",
      "geometry": {
        "type": "Point",
        "coordinates": [
          139.770345,
          36.521502
        ]
      },
      "properties": {
        "NO": "492",
        "共通ID": "E0920500003111",
        "施設・場所名": "県立鹿沼南高等学校",
        "住所": "栃木県鹿沼市みなみ町8-73",
        "指定緊急避難場所との住所同一": "1",
        "その他市町村長が必要と認める事項": "",
        "受入対象者": "",
        "備考": ""
      }
    },
    {
      "type": "Feature",
      "geometry": {
        "type": "Point",
        "coordinates": [
          139.754332,
          36.493661
        ]
      },
      "properties": {
        "NO": "493",
        "共通ID": "E0920500065111",
        "施設・場所名": "南押原中学校",
        "住所": "栃木県鹿沼市磯町1085",
        "指定緊急避難場所との住所同一": "1",
        "その他市町村長が必要と認める事項": "",
        "受入対象者": "",
        "備考": ""
      }
    },
    {
      "type": "Feature",
      "geometry": {
        "type": "Point",
        "coordinates": [
          139.755008,
          36.492131
        ]
      },
      "properties": {
        "NO": "494",
        "共通ID": "E0920500005111",
        "施設・場所名": "南押原小学校",
        "住所": "栃木県鹿沼市磯町117",
        "指定緊急避難場所との住所同一": "1",
        "その他市町村長が必要と認める事項": "",
        "受入対象者": "",
        "備考": ""
      }
    },
    {
      "type": "Feature",
      "geometry": {
        "type": "Point",
        "coordinates": [
          139.688647,
          36.558315
        ]
      },
      "properties": {
        "NO": "495",
        "共通ID": "E0920500008111",
        "施設・場所名": "加園小学校",
        "住所": "栃木県鹿沼市加園2800",
        "指定緊急避難場所との住所同一": "1",
        "その他市町村長が必要と認める事項": "",
        "受入対象者": "",
        "備考": ""
      }
    },
    {
      "type": "Feature",
      "geometry": {
        "type": "Point",
        "coordinates": [
          139.740564,
          36.556436
        ]
      },
      "properties": {
        "NO": "496",
        "共通ID": "E0920500009111",
        "施設・場所名": "県立鹿沼商工高等学校",
        "住所": "栃木県鹿沼市花岡町180-1",
        "指定緊急避難場所との住所同一": "1",
        "その他市町村長が必要と認める事項": "",
        "受入対象者": "",
        "備考": ""
      }
    },
    {
      "type": "Feature",
      "geometry": {
        "type": "Point",
        "coordinates": [
          139.703517,
          36.50978
        ]
      },
      "properties": {
        "NO": "497",
        "共通ID": "E0920500011111",
        "施設・場所名": "清洲第一小学校",
        "住所": "栃木県鹿沼市久野620-1",
        "指定緊急避難場所との住所同一": "1",
        "その他市町村長が必要と認める事項": "",
        "受入対象者": "",
        "備考": ""
      }
    },
    {
      "type": "Feature",
      "geometry": {
        "type": "Point",
        "coordinates": [
          139.732069,
          36.591772
        ]
      },
      "properties": {
        "NO": "498",
        "共通ID": "E0920500012111",
        "施設・場所名": "菊沢西小学校",
        "住所": "栃木県鹿沼市見野75",
        "指定緊急避難場所との住所同一": "1",
        "その他市町村長が必要と認める事項": "",
        "受入対象者": "",
        "備考": ""
      }
    },
    {
      "type": "Feature",
      "geometry": {
        "type": "Point",
        "coordinates": [
          139.747629,
          36.585434
        ]
      },
      "properties": {
        "NO": "499",
        "共通ID": "E0920500013111",
        "施設・場所名": "菊沢コミュニティセンター",
        "住所": "栃木県鹿沼市御成橋町2-2197-1",
        "指定緊急避難場所との住所同一": "1",
        "その他市町村長が必要と認める事項": "",
        "受入対象者": "",
        "備考": ""
      }
    },
    {
      "type": "Feature",
      "geometry": {
        "type": "Point",
        "coordinates": [
          139.747629,
          36.585434
        ]
      },
      "properties": {
        "NO": "500",
        "共通ID": "E0920500013121",
        "施設・場所名": "菊沢コミュニティセンター",
        "住所": "栃木県鹿沼市御成橋町2-2197-1",
        "指定緊急避難場所との住所同一": "1",
        "その他市町村長が必要と認める事項": "",
        "受入対象者": "要配慮者",
        "備考": ""
      }
    },
    {
      "type": "Feature",
      "geometry": {
        "type": "Point",
        "coordinates": [
          139.660124,
          36.508831
        ]
      },
      "properties": {
        "NO": "501",
        "共通ID": "E0920500014111",
        "施設・場所名": "粟野中学校",
        "住所": "栃木県鹿沼市口粟野1160",
        "指定緊急避難場所との住所同一": "1",
        "その他市町村長が必要と認める事項": "",
        "受入対象者": "",
        "備考": ""
      }
    },
    {
      "type": "Feature",
      "geometry": {
        "type": "Point",
        "coordinates": [
          139.667686,
          36.522344
        ]
      },
      "properties": {
        "NO": "502",
        "共通ID": "E0920500066111",
        "施設・場所名": "粟野勤労者体育センター",
        "住所": "栃木県鹿沼市口粟野1771-1",
        "指定緊急避難場所との住所同一": "1",
        "その他市町村長が必要と認める事項": "",
        "受入対象者": "",
        "備考": ""
      }
    },
    {
      "type": "Feature",
      "geometry": {
        "type": "Point",
        "coordinates": [
          139.66744,
          36.521953
        ]
      },
      "properties": {
        "NO": "503",
        "共通ID": "E0920500016111",
        "施設・場所名": "粟野コミュニティセンター",
        "住所": "栃木県鹿沼市口粟野1780",
        "指定緊急避難場所との住所同一": "1",
        "その他市町村長が必要と認める事項": "",
        "受入対象者": "",
        "備考": ""
      }
    },
    {
      "type": "Feature",
      "geometry": {
        "type": "Point",
        "coordinates": [
          139.66744,
          36.521953
        ]
      },
      "properties": {
        "NO": "504",
        "共通ID": "E0920500016121",
        "施設・場所名": "粟野コミュニティセンター",
        "住所": "栃木県鹿沼市口粟野1780",
        "指定緊急避難場所との住所同一": "1",
        "その他市町村長が必要と認める事項": "",
        "受入対象者": "要配慮者",
        "備考": ""
      }
    },
    {
      "type": "Feature",
      "geometry": {
        "type": "Point",
        "coordinates": [
          139.672753,
          36.517641
        ]
      },
      "properties": {
        "NO": "505",
        "共通ID": "E0920500018111",
        "施設・場所名": "粟野小学校",
        "住所": "栃木県鹿沼市口粟野802",
        "指定緊急避難場所との住所同一": "1",
        "その他市町村長が必要と認める事項": "",
        "受入対象者": "",
        "備考": ""
      }
    },
    {
      "type": "Feature",
      "geometry": {
        "type": "Point",
        "coordinates": [
          139.744541,
          36.564801
        ]
      },
      "properties": {
        "NO": "506",
        "共通ID": "E0920500020111",
        "施設・場所名": "中央小学校",
        "住所": "栃木県鹿沼市今宮町1624",
        "指定緊急避難場所との住所同一": "1",
        "その他市町村長が必要と認める事項": "",
        "受入対象者": "",
        "備考": ""
      }
    },
    {
      "type": "Feature",
      "geometry": {
        "type": "Point",
        "coordinates": [
          139.600135,
          36.49785
        ]
      },
      "properties": {
        "NO": "507",
        "共通ID": "E0920500023111",
        "施設・場所名": "永野小学校",
        "住所": "栃木県鹿沼市上永野310",
        "指定緊急避難場所との住所同一": "1",
        "その他市町村長が必要と認める事項": "",
        "受入対象者": "",
        "備考": ""
      }
    },
    {
      "type": "Feature",
      "geometry": {
        "type": "Point",
        "coordinates": [
          139.802939,
          36.524875
        ]
      },
      "properties": {
        "NO": "508",
        "共通ID": "E0920500026111",
        "施設・場所名": "石川小学校",
        "住所": "栃木県鹿沼市上石川1344",
        "指定緊急避難場所との住所同一": "1",
        "その他市町村長が必要と認める事項": "",
        "受入対象者": "",
        "備考": ""
      }
    },
    {
      "type": "Feature",
      "geometry": {
        "type": "Point",
        "coordinates": [
          139.799567,
          36.530308
        ]
      },
      "properties": {
        "NO": "509",
        "共通ID": "E0920500027111",
        "施設・場所名": "北犬飼コミュニティセンター",
        "住所": "栃木県鹿沼市上石川1465-4",
        "指定緊急避難場所との住所同一": "1",
        "その他市町村長が必要と認める事項": "",
        "受入対象者": "",
        "備考": ""
      }
    },
    {
      "type": "Feature",
      "geometry": {
        "type": "Point",
        "coordinates": [
          139.799567,
          36.530308
        ]
      },
      "properties": {
        "NO": "510",
        "共通ID": "E0920500027121",
        "施設・場所名": "北犬飼コミュニティセンター",
        "住所": "栃木県鹿沼市上石川1465-4",
        "指定緊急避難場所との住所同一": "1",
        "その他市町村長が必要と認める事項": "",
        "受入対象者": "要配慮者",
        "備考": ""
      }
    },
    {
      "type": "Feature",
      "geometry": {
        "type": "Point",
        "coordinates": [
          139.678638,
          36.543549
        ]
      },
      "properties": {
        "NO": "511",
        "共通ID": "E0920500028111",
        "施設・場所名": "上南摩小学校",
        "住所": "栃木県鹿沼市上南摩町732",
        "指定緊急避難場所との住所同一": "1",
        "その他市町村長が必要と認める事項": "",
        "受入対象者": "",
        "備考": ""
      }
    },
    {
      "type": "Feature",
      "geometry": {
        "type": "Point",
        "coordinates": [
          139.715773,
          36.565588
        ]
      },
      "properties": {
        "NO": "512",
        "共通ID": "E0920500029111",
        "施設・場所名": "東大芦コミュニティセンター",
        "住所": "栃木県鹿沼市上日向375",
        "指定緊急避難場所との住所同一": "1",
        "その他市町村長が必要と認める事項": "",
        "受入対象者": "",
        "備考": ""
      }
    },
    {
      "type": "Feature",
      "geometry": {
        "type": "Point",
        "coordinates": [
          139.715773,
          36.565588
        ]
      },
      "properties": {
        "NO": "513",
        "共通ID": "E0920500029121",
        "施設・場所名": "東大芦コミュニティセンター",
        "住所": "栃木県鹿沼市上日向375",
        "指定緊急避難場所との住所同一": "1",
        "その他市町村長が必要と認める事項": "",
        "受入対象者": "要配慮者",
        "備考": ""
      }
    },
    {
      "type": "Feature",
      "geometry": {
        "type": "Point",
        "coordinates": [
          139.710539,
          36.56975
        ]
      },
      "properties": {
        "NO": "514",
        "共通ID": "E0920500030111",
        "施設・場所名": "西小学校",
        "住所": "栃木県鹿沼市上日向606",
        "指定緊急避難場所との住所同一": "1",
        "その他市町村長が必要と認める事項": "",
        "受入対象者": "",
        "備考": ""
      }
    },
    {
      "type": "Feature",
      "geometry": {
        "type": "Point",
        "coordinates": [
          139.815561,
          36.544082
        ]
      },
      "properties": {
        "NO": "515",
        "共通ID": "E0920500032111",
        "施設・場所名": "津田小学校",
        "住所": "栃木県鹿沼市深津1390",
        "指定緊急避難場所との住所同一": "1",
        "その他市町村長が必要と認める事項": "",
        "受入対象者": "",
        "備考": ""
      }
    },
    {
      "type": "Feature",
      "geometry": {
        "type": "Point",
        "coordinates": [
          139.71831,
          36.495809
        ]
      },
      "properties": {
        "NO": "516",
        "共通ID": "E0920500033121",
        "施設・場所名": "清洲コミュニティセンター",
        "住所": "栃木県鹿沼市深程116-1",
        "指定緊急避難場所との住所同一": "1",
        "その他市町村長が必要と認める事項": "",
        "受入対象者": "要配慮者",
        "備考": ""
      }
    },
    {
      "type": "Feature",
      "geometry": {
        "type": "Point",
        "coordinates": [
          139.71831,
          36.495809
        ]
      },
      "properties": {
        "NO": "517",
        "共通ID": "E0920500033111",
        "施設・場所名": "清洲コミュニティセンター",
        "住所": "栃木県鹿沼市深程116-1",
        "指定緊急避難場所との住所同一": "1",
        "その他市町村長が必要と認める事項": "",
        "受入対象者": "",
        "備考": ""
      }
    },
    {
      "type": "Feature",
      "geometry": {
        "type": "Point",
        "coordinates": [
          139.767402,
          36.581805
        ]
      },
      "properties": {
        "NO": "518",
        "共通ID": "E0920500034111",
        "施設・場所名": "菊沢東小学校",
        "住所": "栃木県鹿沼市仁神堂町530",
        "指定緊急避難場所との住所同一": "1",
        "その他市町村長が必要と認める事項": "",
        "受入対象者": "",
        "備考": ""
      }
    },
    {
      "type": "Feature",
      "geometry": {
        "type": "Point",
        "coordinates": [
          139.702631,
          36.521469
        ]
      },
      "properties": {
        "NO": "519",
        "共通ID": "E0920500035111",
        "施設・場所名": "南摩中学校",
        "住所": "栃木県鹿沼市西沢町1414",
        "指定緊急避難場所との住所同一": "1",
        "その他市町村長が必要と認める事項": "",
        "受入対象者": "",
        "備考": ""
      }
    },
    {
      "type": "Feature",
      "geometry": {
        "type": "Point",
        "coordinates": [
          139.769574,
          36.550717
        ]
      },
      "properties": {
        "NO": "520",
        "共通ID": "E0920500037111",
        "施設・場所名": "みどりが丘小学校",
        "住所": "栃木県鹿沼市西茂呂3-7-19",
        "指定緊急避難場所との住所同一": "1",
        "その他市町村長が必要と認める事項": "",
        "受入対象者": "",
        "備考": ""
      }
    },
    {
      "type": "Feature",
      "geometry": {
        "type": "Point",
        "coordinates": [
          139.746308,
          36.573963
        ]
      },
      "properties": {
        "NO": "521",
        "共通ID": "E0920500039111",
        "施設・場所名": "北小学校",
        "住所": "栃木県鹿沼市泉町2457",
        "指定緊急避難場所との住所同一": "1",
        "その他市町村長が必要と認める事項": "",
        "受入対象者": "",
        "備考": ""
      }
    },
    {
      "type": "Feature",
      "geometry": {
        "type": "Point",
        "coordinates": [
          139.78841,
          36.499613
        ]
      },
      "properties": {
        "NO": "522",
        "共通ID": "E0920500041111",
        "施設・場所名": "池ノ森小学校",
        "住所": "栃木県鹿沼市池ノ森757-1",
        "指定緊急避難場所との住所同一": "1",
        "その他市町村長が必要と認める事項": "",
        "受入対象者": "",
        "備考": ""
      }
    },
    {
      "type": "Feature",
      "geometry": {
        "type": "Point",
        "coordinates": [
          139.607844,
          36.520281
        ]
      },
      "properties": {
        "NO": "523",
        "共通ID": "E0920500043121",
        "施設・場所名": "粕尾コミュニティセンター",
        "住所": "栃木県鹿沼市中粕尾273-2",
        "指定緊急避難場所との住所同一": "1",
        "その他市町村長が必要と認める事項": "",
        "受入対象者": "要配慮者",
        "備考": ""
      }
    },
    {
      "type": "Feature",
      "geometry": {
        "type": "Point",
        "coordinates": [
          139.607844,
          36.520281
        ]
      },
      "properties": {
        "NO": "524",
        "共通ID": "E0920500043111",
        "施設・場所名": "粕尾コミュニティセンター",
        "住所": "栃木県鹿沼市中粕尾273-2",
        "指定緊急避難場所との住所同一": "1",
        "その他市町村長が必要と認める事項": "",
        "受入対象者": "",
        "備考": ""
      }
    },
    {
      "type": "Feature",
      "geometry": {
        "type": "Point",
        "coordinates": [
          139.753161,
          36.564441
        ]
      },
      "properties": {
        "NO": "525",
        "共通ID": "E0920500045111",
        "施設・場所名": "東小学校",
        "住所": "栃木県鹿沼市東末広町1082",
        "指定緊急避難場所との住所同一": "1",
        "その他市町村長が必要と認める事項": "",
        "受入対象者": "",
        "備考": ""
      }
    },
    {
      "type": "Feature",
      "geometry": {
        "type": "Point",
        "coordinates": [
          139.767023,
          36.497298
        ]
      },
      "properties": {
        "NO": "526",
        "共通ID": "E0920500046111",
        "施設・場所名": "藤江地区コミュニティセンター",
        "住所": "栃木県鹿沼市藤江町833-3",
        "指定緊急避難場所との住所同一": "1",
        "その他市町村長が必要と認める事項": "",
        "受入対象者": "",
        "備考": ""
      }
    },
    {
      "type": "Feature",
      "geometry": {
        "type": "Point",
        "coordinates": [
          139.772617,
          36.518197
        ]
      },
      "properties": {
        "NO": "527",
        "共通ID": "E0920500047111",
        "施設・場所名": "みなみ小学校",
        "住所": "栃木県鹿沼市南上野町503",
        "指定緊急避難場所との住所同一": "1",
        "その他市町村長が必要と認める事項": "",
        "受入対象者": "",
        "備考": ""
      }
    },
    {
      "type": "Feature",
      "geometry": {
        "type": "Point",
        "coordinates": [
          139.730448,
          36.563317
        ]
      },
      "properties": {
        "NO": "528",
        "共通ID": "E0920500048111",
        "施設・場所名": "西中学校",
        "住所": "栃木県鹿沼市日吉町527",
        "指定緊急避難場所との住所同一": "1",
        "その他市町村長が必要と認める事項": "",
        "受入対象者": "",
        "備考": ""
      }
    },
    {
      "type": "Feature",
      "geometry": {
        "type": "Point",
        "coordinates": [
          139.704012,
          36.641377
        ]
      },
      "properties": {
        "NO": "529",
        "共通ID": "E0920500050111",
        "施設・場所名": "板荷小学校",
        "住所": "栃木県鹿沼市板荷2775",
        "指定緊急避難場所との住所同一": "1",
        "その他市町村長が必要と認める事項": "",
        "受入対象者": "",
        "備考": ""
      }
    },
    {
      "type": "Feature",
      "geometry": {
        "type": "Point",
        "coordinates": [
          139.696649,
          36.64143
        ]
      },
      "properties": {
        "NO": "530",
        "共通ID": "E0920500051111",
        "施設・場所名": "板荷コミュニティセンター",
        "住所": "栃木県鹿沼市板荷3051-1",
        "指定緊急避難場所との住所同一": "1",
        "その他市町村長が必要と認める事項": "",
        "受入対象者": "",
        "備考": ""
      }
    },
    {
      "type": "Feature",
      "geometry": {
        "type": "Point",
        "coordinates": [
          139.696649,
          36.64143
        ]
      },
      "properties": {
        "NO": "531",
        "共通ID": "E0920500051121",
        "施設・場所名": "板荷コミュニティセンター",
        "住所": "栃木県鹿沼市板荷3051-1",
        "指定緊急避難場所との住所同一": "1",
        "その他市町村長が必要と認める事項": "",
        "受入対象者": "要配慮者",
        "備考": ""
      }
    },
    {
      "type": "Feature",
      "geometry": {
        "type": "Point",
        "coordinates": [
          139.758461,
          36.562928
        ]
      },
      "properties": {
        "NO": "532",
        "共通ID": "E0920500052111",
        "施設・場所名": "東中学校",
        "住所": "栃木県鹿沼市府中町393",
        "指定緊急避難場所との住所同一": "1",
        "その他市町村長が必要と認める事項": "",
        "受入対象者": "",
        "備考": ""
      }
    },
    {
      "type": "Feature",
      "geometry": {
        "type": "Point",
        "coordinates": [
          139.751509,
          36.569786
        ]
      },
      "properties": {
        "NO": "533",
        "共通ID": "E0920500053121",
        "施設・場所名": "情報センター",
        "住所": "栃木県鹿沼市文化橋町1982-18",
        "指定緊急避難場所との住所同一": "1",
        "その他市町村長が必要と認める事項": "",
        "受入対象者": "要配慮者",
        "備考": ""
      }
    },
    {
      "type": "Feature",
      "geometry": {
        "type": "Point",
        "coordinates": [
          139.751509,
          36.569786
        ]
      },
      "properties": {
        "NO": "534",
        "共通ID": "E0920500053111",
        "施設・場所名": "情報センター",
        "住所": "栃木県鹿沼市文化橋町1982-18",
        "指定緊急避難場所との住所同一": "1",
        "その他市町村長が必要と認める事項": "",
        "受入対象者": "",
        "備考": ""
      }
    },
    {
      "type": "Feature",
      "geometry": {
        "type": "Point",
        "coordinates": [
          139.7269,
          36.495418
        ]
      },
      "properties": {
        "NO": "535",
        "共通ID": "E0920500054111",
        "施設・場所名": "清洲第二小学校",
        "住所": "栃木県鹿沼市北半田1515",
        "指定緊急避難場所との住所同一": "1",
        "その他市町村長が必要と認める事項": "",
        "受入対象者": "",
        "備考": ""
      }
    },
    {
      "type": "Feature",
      "geometry": {
        "type": "Point",
        "coordinates": [
          139.750263,
          36.558056
        ]
      },
      "properties": {
        "NO": "536",
        "共通ID": "E0920500055111",
        "施設・場所名": "県立鹿沼高等学校",
        "住所": "栃木県鹿沼市万町960",
        "指定緊急避難場所との住所同一": "1",
        "その他市町村長が必要と認める事項": "",
        "受入対象者": "",
        "備考": ""
      }
    },
    {
      "type": "Feature",
      "geometry": {
        "type": "Point",
        "coordinates": [
          139.778401,
          36.550539
        ]
      },
      "properties": {
        "NO": "537",
        "共通ID": "E0920500056111",
        "施設・場所名": "さつきが丘小学校",
        "住所": "栃木県鹿沼市茂呂1086-5",
        "指定緊急避難場所との住所同一": "1",
        "その他市町村長が必要と認める事項": "",
        "受入対象者": "",
        "備考": ""
      }
    },
    {
      "type": "Feature",
      "geometry": {
        "type": "Point",
        "coordinates": [
          139.71623,
          36.51944
        ]
      },
      "properties": {
        "NO": "538",
        "共通ID": "E0920500057111",
        "施設・場所名": "南摩コミュニティセンター",
        "住所": "栃木県鹿沼市油田町924-5",
        "指定緊急避難場所との住所同一": "1",
        "その他市町村長が必要と認める事項": "",
        "受入対象者": "",
        "備考": ""
      }
    },
    {
      "type": "Feature",
      "geometry": {
        "type": "Point",
        "coordinates": [
          139.71623,
          36.51944
        ]
      },
      "properties": {
        "NO": "539",
        "共通ID": "E0920500057121",
        "施設・場所名": "南摩コミュニティセンター",
        "住所": "栃木県鹿沼市油田町924-5",
        "指定緊急避難場所との住所同一": "1",
        "その他市町村長が必要と認める事項": "",
        "受入対象者": "要配慮者",
        "備考": ""
      }
    },
    {
      "type": "Feature",
      "geometry": {
        "type": "Point",
        "coordinates": [
          139.77045,
          36.557595
        ]
      },
      "properties": {
        "NO": "540",
        "共通ID": "E0920500058121",
        "施設・場所名": "東部台コミュニティセンター",
        "住所": "栃木県鹿沼市緑町1-3-36",
        "指定緊急避難場所との住所同一": "1",
        "その他市町村長が必要と認める事項": "",
        "受入対象者": "要配慮者",
        "備考": ""
      }
    },
    {
      "type": "Feature",
      "geometry": {
        "type": "Point",
        "coordinates": [
          139.77045,
          36.557595
        ]
      },
      "properties": {
        "NO": "541",
        "共通ID": "E0920500058111",
        "施設・場所名": "東部台コミュニティセンター",
        "住所": "栃木県鹿沼市緑町1-3-36",
        "指定緊急避難場所との住所同一": "1",
        "その他市町村長が必要と認める事項": "",
        "受入対象者": "",
        "備考": ""
      }
    },
    {
      "type": "Feature",
      "geometry": {
        "type": "Point",
        "coordinates": [
          139.747062,
          36.505005
        ]
      },
      "properties": {
        "NO": "542",
        "共通ID": "E0920500059111",
        "施設・場所名": "南押原コミュニティセンター",
        "住所": "栃木県鹿沼市楡木町1080",
        "指定緊急避難場所との住所同一": "1",
        "その他市町村長が必要と認める事項": "",
        "受入対象者": "",
        "備考": ""
      }
    },
    {
      "type": "Feature",
      "geometry": {
        "type": "Point",
        "coordinates": [
          139.747062,
          36.505005
        ]
      },
      "properties": {
        "NO": "543",
        "共通ID": "E0920500059121",
        "施設・場所名": "南押原コミュニティセンター",
        "住所": "栃木県鹿沼市楡木町1080",
        "指定緊急避難場所との住所同一": "1",
        "その他市町村長が必要と認める事項": "",
        "受入対象者": "要配慮者",
        "備考": ""
      }
    },
    {
      "type": "Feature",
      "geometry": {
        "type": "Point",
        "coordinates": [
          139.753966,
          36.507209
        ]
      },
      "properties": {
        "NO": "544",
        "共通ID": "E0920500060111",
        "施設・場所名": "楡木小学校",
        "住所": "栃木県鹿沼市楡木町70-2",
        "指定緊急避難場所との住所同一": "1",
        "その他市町村長が必要と認める事項": "",
        "受入対象者": "",
        "備考": ""
      }
    },
    {
      "type": "Feature",
      "geometry": {
        "type": "Point",
        "coordinates": [
          139.752498,
          36.537324
        ]
      },
      "properties": {
        "NO": "545",
        "共通ID": "E0920500061111",
        "施設・場所名": "北押原コミュニティセンター",
        "住所": "栃木県鹿沼市樅山町162-2",
        "指定緊急避難場所との住所同一": "1",
        "その他市町村長が必要と認める事項": "",
        "受入対象者": "",
        "備考": ""
      }
    },
    {
      "type": "Feature",
      "geometry": {
        "type": "Point",
        "coordinates": [
          139.752498,
          36.537324
        ]
      },
      "properties": {
        "NO": "546",
        "共通ID": "E0920500061121",
        "施設・場所名": "北押原コミュニティセンター",
        "住所": "栃木県鹿沼市樅山町162-2",
        "指定緊急避難場所との住所同一": "1",
        "その他市町村長が必要と認める事項": "",
        "受入対象者": "要配慮者",
        "備考": ""
      }
    },
    {
      "type": "Feature",
      "geometry": {
        "type": "Point",
        "coordinates": [
          139.748623,
          36.534578
        ]
      },
      "properties": {
        "NO": "547",
        "共通ID": "E0920500062111",
        "施設・場所名": "北押原小学校",
        "住所": "栃木県鹿沼市樅山町82",
        "指定緊急避難場所との住所同一": "1",
        "その他市町村長が必要と認める事項": "",
        "受入対象者": "",
        "備考": ""
      }
    },
    {
      "type": "Feature",
      "geometry": {
        "type": "Point",
        "coordinates": [
          139.827951,
          36.354187
        ]
      },
      "properties": {
        "NO": "548",
        "共通ID": "E0920800001111",
        "施設・場所名": "羽川小学校",
        "住所": "栃木県小山市羽川125",
        "指定緊急避難場所との住所同一": "1",
        "その他市町村長が必要と認める事項": "",
        "受入対象者": "",
        "備考": ""
      }
    },
    {
      "type": "Feature",
      "geometry": {
        "type": "Point",
        "coordinates": [
          139.835667,
          36.350452
        ]
      },
      "properties": {
        "NO": "549",
        "共通ID": "E0920800002111",
        "施設・場所名": "桑市民交流センター",
        "住所": "栃木県小山市羽川858-1",
        "指定緊急避難場所との住所同一": "1",
        "その他市町村長が必要と認める事項": "",
        "受入対象者": "",
        "備考": ""
      }
    },
    {
      "type": "Feature",
      "geometry": {
        "type": "Point",
        "coordinates": [
          139.807364,
          36.311815
        ]
      },
      "properties": {
        "NO": "550",
        "共通ID": "E0920800003111",
        "施設・場所名": "白鷗大学本キャンパス",
        "住所": "栃木県小山市駅東通り2-2-2",
        "指定緊急避難場所との住所同一": "1",
        "その他市町村長が必要と認める事項": "",
        "受入対象者": "",
        "備考": ""
      }
    },
    {
      "type": "Feature",
      "geometry": {
        "type": "Point",
        "coordinates": [
          139.814545,
          36.304752
        ]
      },
      "properties": {
        "NO": "551",
        "共通ID": "E0920800006111",
        "施設・場所名": "旭小学校",
        "住所": "栃木県小山市駅南町5-6-69",
        "指定緊急避難場所との住所同一": "1",
        "その他市町村長が必要と認める事項": "",
        "受入対象者": "",
        "備考": ""
      }
    },
    {
      "type": "Feature",
      "geometry": {
        "type": "Point",
        "coordinates": [
          139.89794,
          36.349087
        ]
      },
      "properties": {
        "NO": "552",
        "共通ID": "E0920800007111",
        "施設・場所名": "アグリの森（旧延島小学校）",
        "住所": "栃木県小山市延島1019",
        "指定緊急避難場所との住所同一": "1",
        "その他市町村長が必要と認める事項": "",
        "受入対象者": "",
        "備考": ""
      }
    },
    {
      "type": "Feature",
      "geometry": {
        "type": "Point",
        "coordinates": [
          139.832016,
          36.277415
        ]
      },
      "properties": {
        "NO": "553",
        "共通ID": "E0920800102111",
        "施設・場所名": "大谷市民交流センター",
        "住所": "栃木県小山市横倉499-6",
        "指定緊急避難場所との住所同一": "1",
        "その他市町村長が必要と認める事項": "",
        "受入対象者": "",
        "備考": ""
      }
    },
    {
      "type": "Feature",
      "geometry": {
        "type": "Point",
        "coordinates": [
          139.829835,
          36.28228
        ]
      },
      "properties": {
        "NO": "554",
        "共通ID": "E0920800008111",
        "施設・場所名": "関東職業能力開発大学校",
        "住所": "栃木県小山市横倉612-1",
        "指定緊急避難場所との住所同一": "1",
        "その他市町村長が必要と認める事項": "",
        "受入対象者": "",
        "備考": ""
      }
    },
    {
      "type": "Feature",
      "geometry": {
        "type": "Point",
        "coordinates": [
          139.822169,
          36.279251
        ]
      },
      "properties": {
        "NO": "555",
        "共通ID": "E0920800009111",
        "施設・場所名": "大谷東小学校",
        "住所": "栃木県小山市横倉新田271",
        "指定緊急避難場所との住所同一": "1",
        "その他市町村長が必要と認める事項": "",
        "受入対象者": "",
        "備考": ""
      }
    },
    {
      "type": "Feature",
      "geometry": {
        "type": "Point",
        "coordinates": [
          139.821877,
          36.275372
        ]
      },
      "properties": {
        "NO": "556",
        "共通ID": "E0920800011111",
        "施設・場所名": "大谷中学校",
        "住所": "栃木県小山市横倉新田97",
        "指定緊急避難場所との住所同一": "1",
        "その他市町村長が必要と認める事項": "",
        "受入対象者": "",
        "備考": ""
      }
    },
    {
      "type": "Feature",
      "geometry": {
        "type": "Point",
        "coordinates": [
          139.755058,
          36.262857
        ]
      },
      "properties": {
        "NO": "557",
        "共通ID": "E0920800012111",
        "施設・場所名": "乙女中学校",
        "住所": "栃木県小山市乙女1731",
        "指定緊急避難場所との住所同一": "1",
        "その他市町村長が必要と認める事項": "",
        "受入対象者": "",
        "備考": ""
      }
    },
    {
      "type": "Feature",
      "geometry": {
        "type": "Point",
        "coordinates": [
          139.749485,
          36.262637
        ]
      },
      "properties": {
        "NO": "558",
        "共通ID": "E0920800013111",
        "施設・場所名": "乙女小学校",
        "住所": "栃木県小山市乙女1954",
        "指定緊急避難場所との住所同一": "1",
        "その他市町村長が必要と認める事項": "",
        "受入対象者": "",
        "備考": ""
      }
    },
    {
      "type": "Feature",
      "geometry": {
        "type": "Point",
        "coordinates": [
          139.747824,
          36.252204
        ]
      },
      "properties": {
        "NO": "559",
        "共通ID": "E0920800014121",
        "施設・場所名": "（福）パステルＣＳＷおとめ",
        "住所": "栃木県小山市乙女625-2",
        "指定緊急避難場所との住所同一": "",
        "その他市町村長が必要と認める事項": null,
        "受入対象者": "要配慮者",
        "備考": ""
      }
    },
    {
      "type": "Feature",
      "geometry": {
        "type": "Point",
        "coordinates": [
          139.74601,
          36.252334
        ]
      },
      "properties": {
        "NO": "560",
        "共通ID": "E0920800015121",
        "施設・場所名": "（医）光風会通所リハビリテーション晃南",
        "住所": "栃木県小山市乙女795",
        "指定緊急避難場所との住所同一": "",
        "その他市町村長が必要と認める事項": null,
        "受入対象者": "要配慮者",
        "備考": ""
      }
    },
    {
      "type": "Feature",
      "geometry": {
        "type": "Point",
        "coordinates": [
          139.745671,
          36.252092
        ]
      },
      "properties": {
        "NO": "561",
        "共通ID": "E0920800015122",
        "施設・場所名": "（医）光風会晃南",
        "住所": "栃木県小山市乙女795",
        "指定緊急避難場所との住所同一": "",
        "その他市町村長が必要と認める事項": null,
        "受入対象者": "要配慮者",
        "備考": ""
      }
    },
    {
      "type": "Feature",
      "geometry": {
        "type": "Point",
        "coordinates": [
          139.760408,
          36.308192
        ]
      },
      "properties": {
        "NO": "562",
        "共通ID": "E0920800016111",
        "施設・場所名": "道の駅思川",
        "住所": "栃木県小山市下国府塚25-1",
        "指定緊急避難場所との住所同一": "1",
        "その他市町村長が必要と認める事項": "",
        "受入対象者": "",
        "備考": ""
      }
    },
    {
      "type": "Feature",
      "geometry": {
        "type": "Point",
        "coordinates": [
          139.761419,
          36.31731
        ]
      },
      "properties": {
        "NO": "563",
        "共通ID": "E0920800017111",
        "施設・場所名": "美田中学校",
        "住所": "栃木県小山市下国府塚287",
        "指定緊急避難場所との住所同一": "1",
        "その他市町村長が必要と認める事項": "",
        "受入対象者": "",
        "備考": ""
      }
    },
    {
      "type": "Feature",
      "geometry": {
        "type": "Point",
        "coordinates": [
          139.74899,
          36.328262
        ]
      },
      "properties": {
        "NO": "564",
        "共通ID": "E0920800018121",
        "施設・場所名": "（福）薫風会初田郷富士見荘",
        "住所": "栃木県小山市下初田537-2",
        "指定緊急避難場所との住所同一": "",
        "その他市町村長が必要と認める事項": null,
        "受入対象者": "要配慮者",
        "備考": ""
      }
    },
    {
      "type": "Feature",
      "geometry": {
        "type": "Point",
        "coordinates": [
          139.708833,
          36.247388
        ]
      },
      "properties": {
        "NO": "565",
        "共通ID": "E0920800019111",
        "施設・場所名": "下生井小学校",
        "住所": "栃木県小山市下生井1546",
        "指定緊急避難場所との住所同一": "1",
        "その他市町村長が必要と認める事項": null,
        "受入対象者": null,
        "備考": ""
      }
    },
    {
      "type": "Feature",
      "geometry": {
        "type": "Point",
        "coordinates": [
          139.782804,
          36.300821
        ]
      },
      "properties": {
        "NO": "566",
        "共通ID": "E0920800020112",
        "施設・場所名": "県立県南体育館",
        "住所": "栃木県小山市外城371-1",
        "指定緊急避難場所との住所同一": "1",
        "その他市町村長が必要と認める事項": "",
        "受入対象者": "",
        "備考": ""
      }
    },
    {
      "type": "Feature",
      "geometry": {
        "type": "Point",
        "coordinates": [
          139.781463,
          36.300294
        ]
      },
      "properties": {
        "NO": "567",
        "共通ID": "E0920800020111",
        "施設・場所名": "県立温水プール館",
        "住所": "栃木県小山市外城371-1",
        "指定緊急避難場所との住所同一": "1",
        "その他市町村長が必要と認める事項": "",
        "受入対象者": "",
        "備考": ""
      }
    },
    {
      "type": "Feature",
      "geometry": {
        "type": "Point",
        "coordinates": [
          139.868241,
          36.329477
        ]
      },
      "properties": {
        "NO": "568",
        "共通ID": "E0920800021111",
        "施設・場所名": "萱橋小学校",
        "住所": "栃木県小山市萱橋1169-1",
        "指定緊急避難場所との住所同一": "1",
        "その他市町村長が必要と認める事項": "",
        "受入対象者": "",
        "備考": ""
      }
    },
    {
      "type": "Feature",
      "geometry": {
        "type": "Point",
        "coordinates": [
          139.762844,
          36.267941
        ]
      },
      "properties": {
        "NO": "569",
        "共通ID": "E0920800022121",
        "施設・場所名": "（福）厚生会穂の香苑",
        "住所": "栃木県小山市間々田1442",
        "指定緊急避難場所との住所同一": "",
        "その他市町村長が必要と認める事項": null,
        "受入対象者": "要配慮者",
        "備考": ""
      }
    },
    {
      "type": "Feature",
      "geometry": {
        "type": "Point",
        "coordinates": [
          139.764018,
          36.269167
        ]
      },
      "properties": {
        "NO": "570",
        "共通ID": "E0920800023111",
        "施設・場所名": "間々田小学校",
        "住所": "栃木県小山市間々田1512",
        "指定緊急避難場所との住所同一": "1",
        "その他市町村長が必要と認める事項": "",
        "受入対象者": "",
        "備考": ""
      }
    },
    {
      "type": "Feature",
      "geometry": {
        "type": "Point",
        "coordinates": [
          139.761323,
          36.270862
        ]
      },
      "properties": {
        "NO": "571",
        "共通ID": "E0920800024111",
        "施設・場所名": "間々田市民交流センター",
        "住所": "栃木県小山市間々田1960-1",
        "指定緊急避難場所との住所同一": "1",
        "その他市町村長が必要と認める事項": "",
        "受入対象者": "",
        "備考": ""
      }
    },
    {
      "type": "Feature",
      "geometry": {
        "type": "Point",
        "coordinates": [
          139.780505,
          36.258616
        ]
      },
      "properties": {
        "NO": "572",
        "共通ID": "E0920800025111",
        "施設・場所名": "小山南高等学校",
        "住所": "栃木県小山市間々田23-1",
        "指定緊急避難場所との住所同一": "1",
        "その他市町村長が必要と認める事項": "",
        "受入対象者": "",
        "備考": ""
      }
    },
    {
      "type": "Feature",
      "geometry": {
        "type": "Point",
        "coordinates": [
          139.766379,
          36.276263
        ]
      },
      "properties": {
        "NO": "573",
        "共通ID": "E0920800026111",
        "施設・場所名": "間々田中学校",
        "住所": "栃木県小山市間々田2364",
        "指定緊急避難場所との住所同一": "1",
        "その他市町村長が必要と認める事項": "",
        "受入対象者": "",
        "備考": ""
      }
    },
    {
      "type": "Feature",
      "geometry": {
        "type": "Point",
        "coordinates": [
          139.777188,
          36.257176
        ]
      },
      "properties": {
        "NO": "574",
        "共通ID": "E0920800028111",
        "施設・場所名": "間々田東小学校",
        "住所": "栃木県小山市間々田57-2",
        "指定緊急避難場所との住所同一": "1",
        "その他市町村長が必要と認める事項": "",
        "受入対象者": "",
        "備考": ""
      }
    },
    {
      "type": "Feature",
      "geometry": {
        "type": "Point",
        "coordinates": [
          139.777565,
          36.271315
        ]
      },
      "properties": {
        "NO": "575",
        "共通ID": "E0920800029121",
        "施設・場所名": "（福）彰義重政会一桃舎",
        "住所": "栃木県小山市間々田750-1",
        "指定緊急避難場所との住所同一": "",
        "その他市町村長が必要と認める事項": null,
        "受入対象者": "要配慮者",
        "備考": ""
      }
    },
    {
      "type": "Feature",
      "geometry": {
        "type": "Point",
        "coordinates": [
          139.821802,
          36.346286
        ]
      },
      "properties": {
        "NO": "576",
        "共通ID": "E0920800030121",
        "施設・場所名": "（医）朝日会思川ケアステージ",
        "住所": "栃木県小山市喜沢660",
        "指定緊急避難場所との住所同一": "",
        "その他市町村長が必要と認める事項": null,
        "受入対象者": "要配慮者",
        "備考": ""
      }
    },
    {
      "type": "Feature",
      "geometry": {
        "type": "Point",
        "coordinates": [
          139.822457,
          36.346299
        ]
      },
      "properties": {
        "NO": "577",
        "共通ID": "E0920800030122",
        "施設・場所名": "（医）朝日会朝日病院",
        "住所": "栃木県小山市喜沢660",
        "指定緊急避難場所との住所同一": "",
        "その他市町村長が必要と認める事項": null,
        "受入対象者": "要配慮者",
        "備考": ""
      }
    },
    {
      "type": "Feature",
      "geometry": {
        "type": "Point",
        "coordinates": [
          139.798428,
          36.313576
        ]
      },
      "properties": {
        "NO": "578",
        "共通ID": "E0920800031111",
        "施設・場所名": "小山第一小学校",
        "住所": "栃木県小山市宮本町1-3-1",
        "指定緊急避難場所との住所同一": "1",
        "その他市町村長が必要と認める事項": "",
        "受入対象者": "",
        "備考": ""
      }
    },
    {
      "type": "Feature",
      "geometry": {
        "type": "Point",
        "coordinates": [
          139.799941,
          36.310068
        ]
      },
      "properties": {
        "NO": "579",
        "共通ID": "E0920800032111",
        "施設・場所名": "小山第二小学校",
        "住所": "栃木県小山市宮本町2-9-20",
        "指定緊急避難場所との住所同一": "1",
        "その他市町村長が必要と認める事項": "",
        "受入対象者": "",
        "備考": ""
      }
    },
    {
      "type": "Feature",
      "geometry": {
        "type": "Point",
        "coordinates": [
          139.827344,
          36.313878
        ]
      },
      "properties": {
        "NO": "580",
        "共通ID": "E0920800034111",
        "施設・場所名": "勤労者体育センター",
        "住所": "栃木県小山市犬塚3-1-2",
        "指定緊急避難場所との住所同一": "1",
        "その他市町村長が必要と認める事項": "",
        "受入対象者": "",
        "備考": ""
      }
    },
    {
      "type": "Feature",
      "geometry": {
        "type": "Point",
        "coordinates": [
          139.83253,
          36.314698
        ]
      },
      "properties": {
        "NO": "581",
        "共通ID": "E0920800035111",
        "施設・場所名": "小山第三中学校",
        "住所": "栃木県小山市犬塚3-29-1",
        "指定緊急避難場所との住所同一": "1",
        "その他市町村長が必要と認める事項": "",
        "受入対象者": "",
        "備考": ""
      }
    },
    {
      "type": "Feature",
      "geometry": {
        "type": "Point",
        "coordinates": [
          139.833292,
          36.306755
        ]
      },
      "properties": {
        "NO": "582",
        "共通ID": "E0920800036111",
        "施設・場所名": "大谷北小学校",
        "住所": "栃木県小山市犬塚5-6-10",
        "指定緊急避難場所との住所同一": "1",
        "その他市町村長が必要と認める事項": "",
        "受入対象者": "",
        "備考": ""
      }
    },
    {
      "type": "Feature",
      "geometry": {
        "type": "Point",
        "coordinates": [
          139.832793,
          36.322516
        ]
      },
      "properties": {
        "NO": "583",
        "共通ID": "E0920800037121",
        "施設・場所名": "（医）星野会つむぎの郷",
        "住所": "栃木県小山市犬塚62",
        "指定緊急避難場所との住所同一": "",
        "その他市町村長が必要と認める事項": null,
        "受入対象者": "要配慮者",
        "備考": ""
      }
    },
    {
      "type": "Feature",
      "geometry": {
        "type": "Point",
        "coordinates": [
          139.837202,
          36.335791
        ]
      },
      "properties": {
        "NO": "584",
        "共通ID": "E0920800038121",
        "施設・場所名": "（福）洗心会サンフラワーワークセンター",
        "住所": "栃木県小山市犬塚7-20-2",
        "指定緊急避難場所との住所同一": "",
        "その他市町村長が必要と認める事項": null,
        "受入対象者": "要配慮者",
        "備考": ""
      }
    },
    {
      "type": "Feature",
      "geometry": {
        "type": "Point",
        "coordinates": [
          139.888144,
          36.338981
        ]
      },
      "properties": {
        "NO": "585",
        "共通ID": "E0920800040121",
        "施設・場所名": "（福）くすの木会きぬの里",
        "住所": "栃木県小山市高椅132-1",
        "指定緊急避難場所との住所同一": "",
        "その他市町村長が必要と認める事項": null,
        "受入対象者": "要配慮者",
        "備考": ""
      }
    },
    {
      "type": "Feature",
      "geometry": {
        "type": "Point",
        "coordinates": [
          139.809061,
          36.357138
        ]
      },
      "properties": {
        "NO": "586",
        "共通ID": "E0920800041111",
        "施設・場所名": "羽川西小学校",
        "住所": "栃木県小山市黒本771-2",
        "指定緊急避難場所との住所同一": "1",
        "その他市町村長が必要と認める事項": "",
        "受入対象者": "",
        "備考": ""
      }
    },
    {
      "type": "Feature",
      "geometry": {
        "type": "Point",
        "coordinates": [
          139.815826,
          36.353451
        ]
      },
      "properties": {
        "NO": "587",
        "共通ID": "E0920800042121",
        "施設・場所名": "（福）ソフィア会おはようの家",
        "住所": "栃木県小山市三拝川岸127-1",
        "指定緊急避難場所との住所同一": "",
        "その他市町村長が必要と認める事項": null,
        "受入対象者": "要配慮者",
        "備考": ""
      }
    },
    {
      "type": "Feature",
      "geometry": {
        "type": "Point",
        "coordinates": [
          139.805838,
          36.32625
        ]
      },
      "properties": {
        "NO": "588",
        "共通ID": "E0920800044111",
        "施設・場所名": "若木小学校",
        "住所": "栃木県小山市若木町2-6-44",
        "指定緊急避難場所との住所同一": "1",
        "その他市町村長が必要と認める事項": "",
        "受入対象者": "",
        "備考": ""
      }
    },
    {
      "type": "Feature",
      "geometry": {
        "type": "Point",
        "coordinates": [
          139.80689,
          36.328061
        ]
      },
      "properties": {
        "NO": "589",
        "共通ID": "E0920800045111",
        "施設・場所名": "小山高等学校",
        "住所": "栃木県小山市若木町2-8-51",
        "指定緊急避難場所との住所同一": "1",
        "その他市町村長が必要と認める事項": "",
        "受入対象者": "",
        "備考": ""
      }
    },
    {
      "type": "Feature",
      "geometry": {
        "type": "Point",
        "coordinates": [
          139.801826,
          36.33231
        ]
      },
      "properties": {
        "NO": "590",
        "共通ID": "E0920800046111",
        "施設・場所名": "小山中学校",
        "住所": "栃木県小山市渋井779-1",
        "指定緊急避難場所との住所同一": "1",
        "その他市町村長が必要と認める事項": "",
        "受入対象者": "",
        "備考": ""
      }
    },
    {
      "type": "Feature",
      "geometry": {
        "type": "Point",
        "coordinates": [
          139.830336,
          36.345286
        ]
      },
      "properties": {
        "NO": "591",
        "共通ID": "E0920800047111",
        "施設・場所名": "桑中学校",
        "住所": "栃木県小山市出井1859",
        "指定緊急避難場所との住所同一": "1",
        "その他市町村長が必要と認める事項": "",
        "受入対象者": "",
        "備考": ""
      }
    },
    {
      "type": "Feature",
      "geometry": {
        "type": "Point",
        "coordinates": [
          139.837111,
          36.335545
        ]
      },
      "properties": {
        "NO": "592",
        "共通ID": "E0920800048121",
        "施設・場所名": "（福）洗心会サンフラワーケアセンター",
        "住所": "栃木県小山市出井1933-1",
        "指定緊急避難場所との住所同一": "",
        "その他市町村長が必要と認める事項": null,
        "受入対象者": "要配慮者",
        "備考": ""
      }
    },
    {
      "type": "Feature",
      "geometry": {
        "type": "Point",
        "coordinates": [
          139.836323,
          36.334836
        ]
      },
      "properties": {
        "NO": "593",
        "共通ID": "E0920800049121",
        "施設・場所名": "（福）洗心会サンフラワー療護園",
        "住所": "栃木県小山市出井1936",
        "指定緊急避難場所との住所同一": "",
        "その他市町村長が必要と認める事項": null,
        "受入対象者": "要配慮者",
        "備考": ""
      }
    },
    {
      "type": "Feature",
      "geometry": {
        "type": "Point",
        "coordinates": [
          139.836422,
          36.335313
        ]
      },
      "properties": {
        "NO": "594",
        "共通ID": "E0920800049122",
        "施設・場所名": "（福）洗心会サンフラワーショートステイ",
        "住所": "栃木県小山市出井1936",
        "指定緊急避難場所との住所同一": "",
        "その他市町村長が必要と認める事項": null,
        "受入対象者": "要配慮者",
        "備考": ""
      }
    },
    {
      "type": "Feature",
      "geometry": {
        "type": "Point",
        "coordinates": [
          139.836987,
          36.334525
        ]
      },
      "properties": {
        "NO": "595",
        "共通ID": "E0920800050121",
        "施設・場所名": "（福）洗心会サンフラワーガーデン",
        "住所": "栃木県小山市出井1938",
        "指定緊急避難場所との住所同一": "",
        "その他市町村長が必要と認める事項": null,
        "受入対象者": "要配慮者",
        "備考": ""
      }
    },
    {
      "type": "Feature",
      "geometry": {
        "type": "Point",
        "coordinates": [
          139.83711,
          36.333779
        ]
      },
      "properties": {
        "NO": "596",
        "共通ID": "E0920800051121",
        "施設・場所名": "（福）洗心会サンフラワーグリーンホーム",
        "住所": "栃木県小山市出井1939",
        "指定緊急避難場所との住所同一": "",
        "その他市町村長が必要と認める事項": null,
        "受入対象者": "要配慮者",
        "備考": ""
      }
    },
    {
      "type": "Feature",
      "geometry": {
        "type": "Point",
        "coordinates": [
          139.818168,
          36.30152
        ]
      },
      "properties": {
        "NO": "597",
        "共通ID": "E0920800052121",
        "施設・場所名": "（福）延寿会春わらう舎",
        "住所": "栃木県小山市小山1509-1",
        "指定緊急避難場所との住所同一": "",
        "その他市町村長が必要と認める事項": null,
        "受入対象者": "要配慮者",
        "備考": ""
      }
    },
    {
      "type": "Feature",
      "geometry": {
        "type": "Point",
        "coordinates": [
          139.781745,
          36.346318
        ]
      },
      "properties": {
        "NO": "598",
        "共通ID": "E0920800053111",
        "施設・場所名": "豊田中学校",
        "住所": "栃木県小山市松沼397",
        "指定緊急避難場所との住所同一": "1",
        "その他市町村長が必要と認める事項": "",
        "受入対象者": "",
        "備考": ""
      }
    },
    {
      "type": "Feature",
      "geometry": {
        "type": "Point",
        "coordinates": [
          139.78375,
          36.347651
        ]
      },
      "properties": {
        "NO": "599",
        "共通ID": "E0920800054111",
        "施設・場所名": "豊田小学校",
        "住所": "栃木県小山市松沼416-1",
        "指定緊急避難場所との住所同一": "1",
        "その他市町村長が必要と認める事項": "",
        "受入対象者": "",
        "備考": ""
      }
    },
    {
      "type": "Feature",
      "geometry": {
        "type": "Point",
        "coordinates": [
          139.768866,
          36.351806
        ]
      },
      "properties": {
        "NO": "600",
        "共通ID": "E0920800056111",
        "施設・場所名": "小山西高等学校",
        "住所": "栃木県小山市松沼741",
        "指定緊急避難場所との住所同一": "1",
        "その他市町村長が必要と認める事項": "",
        "受入対象者": "",
        "備考": ""
      }
    },
    {
      "type": "Feature",
      "geometry": {
        "type": "Point",
        "coordinates": [
          139.776337,
          36.332613
        ]
      },
      "properties": {
        "NO": "601",
        "共通ID": "E0920800057121",
        "施設・場所名": "（福）薫風会富士見荘",
        "住所": "栃木県小山市上石塚15",
        "指定緊急避難場所との住所同一": "",
        "その他市町村長が必要と認める事項": null,
        "受入対象者": "要配慮者",
        "備考": ""
      }
    },
    {
      "type": "Feature",
      "geometry": {
        "type": "Point",
        "coordinates": [
          139.803378,
          36.314939
        ]
      },
      "properties": {
        "NO": "602",
        "共通ID": "E0920800059121",
        "施設・場所名": "（医）博愛会祇園荘",
        "住所": "栃木県小山市城山町2-7-18",
        "指定緊急避難場所との住所同一": "",
        "その他市町村長が必要と認める事項": null,
        "受入対象者": "要配慮者",
        "備考": ""
      }
    },
    {
      "type": "Feature",
      "geometry": {
        "type": "Point",
        "coordinates": [
          139.816042,
          36.307576
        ]
      },
      "properties": {
        "NO": "603",
        "共通ID": "E0920800060111",
        "施設・場所名": "小山城東小学校",
        "住所": "栃木県小山市城東1-16-1",
        "指定緊急避難場所との住所同一": "1",
        "その他市町村長が必要と認める事項": "",
        "受入対象者": "",
        "備考": ""
      }
    },
    {
      "type": "Feature",
      "geometry": {
        "type": "Point",
        "coordinates": [
          139.820039,
          36.324238
        ]
      },
      "properties": {
        "NO": "604",
        "共通ID": "E0920800062111",
        "施設・場所名": "小山城北小学校",
        "住所": "栃木県小山市城北5-18-1",
        "指定緊急避難場所との住所同一": "1",
        "その他市町村長が必要と認める事項": "",
        "受入対象者": "",
        "備考": ""
      }
    },
    {
      "type": "Feature",
      "geometry": {
        "type": "Point",
        "coordinates": [
          139.788085,
          36.296484
        ]
      },
      "properties": {
        "NO": "605",
        "共通ID": "E0920800065111",
        "施設・場所名": "小山第三小学校",
        "住所": "栃木県小山市神鳥谷4-7-51",
        "指定緊急避難場所との住所同一": "1",
        "その他市町村長が必要と認める事項": "",
        "受入対象者": "",
        "備考": ""
      }
    },
    {
      "type": "Feature",
      "geometry": {
        "type": "Point",
        "coordinates": [
          139.803117,
          36.29303
        ]
      },
      "properties": {
        "NO": "606",
        "共通ID": "E0920800066111",
        "施設・場所名": "小山城南高等学校",
        "住所": "栃木県小山市西城南4-26-1",
        "指定緊急避難場所との住所同一": "1",
        "その他市町村長が必要と認める事項": "",
        "受入対象者": "",
        "備考": ""
      }
    },
    {
      "type": "Feature",
      "geometry": {
        "type": "Point",
        "coordinates": [
          139.797979,
          36.294169
        ]
      },
      "properties": {
        "NO": "607",
        "共通ID": "E0920800067111",
        "施設・場所名": "小山城南小学校",
        "住所": "栃木県小山市西城南5-29-1",
        "指定緊急避難場所との住所同一": "1",
        "その他市町村長が必要と認める事項": "",
        "受入対象者": "",
        "備考": ""
      }
    },
    {
      "type": "Feature",
      "geometry": {
        "type": "Point",
        "coordinates": [
          139.778062,
          36.338701
        ]
      },
      "properties": {
        "NO": "608",
        "共通ID": "E0920800069121",
        "施設・場所名": "（医）さくら会さくら野",
        "住所": "栃木県小山市卒島110",
        "指定緊急避難場所との住所同一": "",
        "その他市町村長が必要と認める事項": null,
        "受入対象者": "要配慮者",
        "備考": ""
      }
    },
    {
      "type": "Feature",
      "geometry": {
        "type": "Point",
        "coordinates": [
          139.777542,
          36.338112
        ]
      },
      "properties": {
        "NO": "609",
        "共通ID": "E0920800070121",
        "施設・場所名": "（医）さくら会グループホームさくらの家",
        "住所": "栃木県小山市卒島98",
        "指定緊急避難場所との住所同一": "",
        "その他市町村長が必要と認める事項": null,
        "受入対象者": "要配慮者",
        "備考": ""
      }
    },
    {
      "type": "Feature",
      "geometry": {
        "type": "Point",
        "coordinates": [
          139.793554,
          36.315761
        ]
      },
      "properties": {
        "NO": "610",
        "共通ID": "E0920800071111",
        "施設・場所名": "白鷗大学大行寺キャンパス",
        "住所": "栃木県小山市大行寺1117",
        "指定緊急避難場所との住所同一": "1",
        "その他市町村長が必要と認める事項": "",
        "受入対象者": "",
        "備考": ""
      }
    },
    {
      "type": "Feature",
      "geometry": {
        "type": "Point",
        "coordinates": [
          139.785785,
          36.35891
        ]
      },
      "properties": {
        "NO": "611",
        "共通ID": "E0920800072111",
        "施設・場所名": "旧豊田北小学校",
        "住所": "栃木県小山市大本808",
        "指定緊急避難場所との住所同一": "1",
        "その他市町村長が必要と認める事項": "",
        "受入対象者": "",
        "備考": ""
      }
    },
    {
      "type": "Feature",
      "geometry": {
        "type": "Point",
        "coordinates": [
          139.800072,
          36.313431
        ]
      },
      "properties": {
        "NO": "612",
        "共通ID": "E0920800073111",
        "施設・場所名": "小山市立文化センター",
        "住所": "栃木県小山市中央町1-1-1",
        "指定緊急避難場所との住所同一": "1",
        "その他市町村長が必要と認める事項": "",
        "受入対象者": "",
        "備考": ""
      }
    },
    {
      "type": "Feature",
      "geometry": {
        "type": "Point",
        "coordinates": [
          139.834321,
          36.323592
        ]
      },
      "properties": {
        "NO": "613",
        "共通ID": "E0920800075121",
        "施設・場所名": "（福）小山清風会しょうし苑",
        "住所": "栃木県小山市中久喜1273-1",
        "指定緊急避難場所との住所同一": "",
        "その他市町村長が必要と認める事項": null,
        "受入対象者": "要配慮者",
        "備考": ""
      }
    },
    {
      "type": "Feature",
      "geometry": {
        "type": "Point",
        "coordinates": [
          139.834262,
          36.322859
        ]
      },
      "properties": {
        "NO": "614",
        "共通ID": "E0920800076121",
        "施設・場所名": "（福）小山清風会デイサービスセンターコスモス",
        "住所": "栃木県小山市中久喜1620-1",
        "指定緊急避難場所との住所同一": "",
        "その他市町村長が必要と認める事項": null,
        "受入対象者": "要配慮者",
        "備考": ""
      }
    },
    {
      "type": "Feature",
      "geometry": {
        "type": "Point",
        "coordinates": [
          139.842554,
          36.318565
        ]
      },
      "properties": {
        "NO": "615",
        "共通ID": "E0920800077111",
        "施設・場所名": "小山工業高等専門学校",
        "住所": "栃木県小山市中久喜771",
        "指定緊急避難場所との住所同一": "1",
        "その他市町村長が必要と認める事項": "",
        "受入対象者": "",
        "備考": ""
      }
    },
    {
      "type": "Feature",
      "geometry": {
        "type": "Point",
        "coordinates": [
          139.735907,
          36.293093
        ]
      },
      "properties": {
        "NO": "616",
        "共通ID": "E0920800078111",
        "施設・場所名": "寒川小学校",
        "住所": "栃木県小山市中里861",
        "指定緊急避難場所との住所同一": "1",
        "その他市町村長が必要と認める事項": "",
        "受入対象者": "",
        "備考": ""
      }
    },
    {
      "type": "Feature",
      "geometry": {
        "type": "Point",
        "coordinates": [
          139.804053,
          36.273301
        ]
      },
      "properties": {
        "NO": "617",
        "共通ID": "E0920800079111",
        "施設・場所名": "小山市立体育館（小山思いの森敷地内）",
        "住所": "栃木県小山市塚崎1408-1",
        "指定緊急避難場所との住所同一": "1",
        "その他市町村長が必要と認める事項": "",
        "受入対象者": "",
        "備考": ""
      }
    },
    {
      "type": "Feature",
      "geometry": {
        "type": "Point",
        "coordinates": [
          139.81476,
          36.262926
        ]
      },
      "properties": {
        "NO": "618",
        "共通ID": "E0920800080121",
        "施設・場所名": "（福）丹緑会栗林荘",
        "住所": "栃木県小山市塚崎463-1",
        "指定緊急避難場所との住所同一": "",
        "その他市町村長が必要と認める事項": null,
        "受入対象者": "要配慮者",
        "備考": ""
      }
    },
    {
      "type": "Feature",
      "geometry": {
        "type": "Point",
        "coordinates": [
          139.798252,
          36.306219
        ]
      },
      "properties": {
        "NO": "619",
        "共通ID": "E0920800081111",
        "施設・場所名": "小山第二中学校",
        "住所": "栃木県小山市天神町1-6-36",
        "指定緊急避難場所との住所同一": "1",
        "その他市町村長が必要と認める事項": "",
        "受入対象者": "",
        "備考": ""
      }
    },
    {
      "type": "Feature",
      "geometry": {
        "type": "Point",
        "coordinates": [
          139.865565,
          36.355349
        ]
      },
      "properties": {
        "NO": "620",
        "共通ID": "E0920800082111",
        "施設・場所名": "小山北桜高等学校",
        "住所": "栃木県小山市東山田448-29",
        "指定緊急避難場所との住所同一": "1",
        "その他市町村長が必要と認める事項": "",
        "受入対象者": "",
        "備考": ""
      }
    },
    {
      "type": "Feature",
      "geometry": {
        "type": "Point",
        "coordinates": [
          139.81068,
          36.295355
        ]
      },
      "properties": {
        "NO": "621",
        "共通ID": "E0920800083111",
        "施設・場所名": "小山城南中学校",
        "住所": "栃木県小山市東城南1-22-9",
        "指定緊急避難場所との住所同一": "1",
        "その他市町村長が必要と認める事項": "",
        "受入対象者": "",
        "備考": ""
      }
    },
    {
      "type": "Feature",
      "geometry": {
        "type": "Point",
        "coordinates": [
          139.81493,
          36.292749
        ]
      },
      "properties": {
        "NO": "622",
        "共通ID": "E0920800085111",
        "施設・場所名": "東城南小学校",
        "住所": "栃木県小山市東城南3-9-5",
        "指定緊急避難場所との住所同一": "1",
        "その他市町村長が必要と認める事項": "",
        "受入対象者": "",
        "備考": ""
      }
    },
    {
      "type": "Feature",
      "geometry": {
        "type": "Point",
        "coordinates": [
          139.807859,
          36.293197
        ]
      },
      "properties": {
        "NO": "623",
        "共通ID": "E0920800086111",
        "施設・場所名": "小山城南市民交流センター",
        "住所": "栃木県小山市東城南4-1-12",
        "指定緊急避難場所との住所同一": "1",
        "その他市町村長が必要と認める事項": "",
        "受入対象者": "",
        "備考": ""
      }
    },
    {
      "type": "Feature",
      "geometry": {
        "type": "Point",
        "coordinates": [
          139.810302,
          36.350114
        ]
      },
      "properties": {
        "NO": "624",
        "共通ID": "E0920800088121",
        "施設・場所名": "（福）ソフィア会えいぶるの里",
        "住所": "栃木県小山市東島田2403-2",
        "指定緊急避難場所との住所同一": "",
        "その他市町村長が必要と認める事項": null,
        "受入対象者": "要配慮者",
        "備考": ""
      }
    },
    {
      "type": "Feature",
      "geometry": {
        "type": "Point",
        "coordinates": [
          139.805057,
          36.253172
        ]
      },
      "properties": {
        "NO": "625",
        "共通ID": "E0920800089111",
        "施設・場所名": "大谷南小学校",
        "住所": "栃木県小山市東野田2147",
        "指定緊急避難場所との住所同一": "1",
        "その他市町村長が必要と認める事項": "",
        "受入対象者": "",
        "備考": ""
      }
    },
    {
      "type": "Feature",
      "geometry": {
        "type": "Point",
        "coordinates": [
          139.799264,
          36.246636
        ]
      },
      "properties": {
        "NO": "626",
        "共通ID": "E0920800090121",
        "施設・場所名": "（福）紫雲会花見ヶ丘学園",
        "住所": "栃木県小山市東野田635",
        "指定緊急避難場所との住所同一": "",
        "その他市町村長が必要と認める事項": null,
        "受入対象者": "要配慮者",
        "備考": ""
      }
    },
    {
      "type": "Feature",
      "geometry": {
        "type": "Point",
        "coordinates": [
          139.738247,
          36.318041
        ]
      },
      "properties": {
        "NO": "627",
        "共通ID": "E0920800091111",
        "施設・場所名": "中小学校",
        "住所": "栃木県小山市南小林109",
        "指定緊急避難場所との住所同一": "1",
        "その他市町村長が必要と認める事項": "",
        "受入対象者": "",
        "備考": ""
      }
    },
    {
      "type": "Feature",
      "geometry": {
        "type": "Point",
        "coordinates": [
          139.768703,
          36.245989
        ]
      },
      "properties": {
        "NO": "628",
        "共通ID": "E0920800092121",
        "施設・場所名": "（医）信誠会苅部太陽の家",
        "住所": "栃木県小山市南飯田317-5",
        "指定緊急避難場所との住所同一": "",
        "その他市町村長が必要と認める事項": null,
        "受入対象者": "要配慮者",
        "備考": ""
      }
    },
    {
      "type": "Feature",
      "geometry": {
        "type": "Point",
        "coordinates": [
          139.771803,
          36.312286
        ]
      },
      "properties": {
        "NO": "629",
        "共通ID": "E0920800093111",
        "施設・場所名": "穂積小学校",
        "住所": "栃木県小山市萩島27",
        "指定緊急避難場所との住所同一": "1",
        "その他市町村長が必要と認める事項": "",
        "受入対象者": "",
        "備考": ""
      }
    },
    {
      "type": "Feature",
      "geometry": {
        "type": "Point",
        "coordinates": [
          139.895377,
          36.32917
        ]
      },
      "properties": {
        "NO": "630",
        "共通ID": "E0920800095111",
        "施設・場所名": "絹義務教育学校・西校舎",
        "住所": "栃木県小山市福良2240-1",
        "指定緊急避難場所との住所同一": "1",
        "その他市町村長が必要と認める事項": "",
        "受入対象者": "",
        "備考": ""
      }
    },
    {
      "type": "Feature",
      "geometry": {
        "type": "Point",
        "coordinates": [
          139.896309,
          36.330431
        ]
      },
      "properties": {
        "NO": "631",
        "共通ID": "E0920800096111",
        "施設・場所名": "絹義務教育学校・東校舎",
        "住所": "栃木県小山市福良2246",
        "指定緊急避難場所との住所同一": "1",
        "その他市町村長が必要と認める事項": "",
        "受入対象者": "",
        "備考": ""
      }
    },
    {
      "type": "Feature",
      "geometry": {
        "type": "Point",
        "coordinates": [
          139.773978,
          36.256383
        ]
      },
      "properties": {
        "NO": "632",
        "共通ID": "E0920800097121",
        "施設・場所名": "（福）孝友会ひらわの郷",
        "住所": "栃木県小山市平和256",
        "指定緊急避難場所との住所同一": "",
        "その他市町村長が必要と認める事項": null,
        "受入対象者": "要配慮者",
        "備考": ""
      }
    },
    {
      "type": "Feature",
      "geometry": {
        "type": "Point",
        "coordinates": [
          139.773749,
          36.256017
        ]
      },
      "properties": {
        "NO": "633",
        "共通ID": "E0920800098121",
        "施設・場所名": "（福）孝友会グループホームひらわ",
        "住所": "栃木県小山市平和263-4",
        "指定緊急避難場所との住所同一": "",
        "その他市町村長が必要と認める事項": null,
        "受入対象者": "要配慮者",
        "備考": ""
      }
    },
    {
      "type": "Feature",
      "geometry": {
        "type": "Point",
        "coordinates": [
          139.805037,
          36.320169
        ]
      },
      "properties": {
        "NO": "634",
        "共通ID": "E0920800099121",
        "施設・場所名": "（ＮＰＯ）小山そよかぜ小山ひまわり",
        "住所": "栃木県小山市本郷町2-8-21",
        "指定緊急避難場所との住所同一": "",
        "その他市町村長が必要と認める事項": null,
        "受入対象者": "要配慮者",
        "備考": ""
      }
    },
    {
      "type": "Feature",
      "geometry": {
        "type": "Point",
        "coordinates": [
          139.743129,
          36.270782
        ]
      },
      "properties": {
        "NO": "635",
        "共通ID": "E0920800100111",
        "施設・場所名": "旧網戸小学校",
        "住所": "栃木県小山市網戸1514",
        "指定緊急避難場所との住所同一": "1",
        "その他市町村長が必要と認める事項": "",
        "受入対象者": "",
        "備考": ""
      }
    },
    {
      "type": "Feature",
      "geometry": {
        "type": "Point",
        "coordinates": [
          139.89121,
          36.313392
        ]
      },
      "properties": {
        "NO": "636",
        "共通ID": "E0920800101111",
        "施設・場所名": "小山ベースボールビレッジ（旧梁小学校）",
        "住所": "栃木県小山市梁67",
        "指定緊急避難場所との住所同一": "1",
        "その他市町村長が必要と認める事項": "",
        "受入対象者": "",
        "備考": ""
      }
    },
    {
      "type": "Feature",
      "geometry": {
        "type": "Point",
        "coordinates": [
          139.909921,
          36.439274
        ]
      },
      "properties": {
        "NO": "637",
        "共通ID": "E0930100001111",
        "施設・場所名": "上三川町役場",
        "住所": "栃木県上三川町しらさぎ1-1",
        "指定緊急避難場所との住所同一": "1",
        "その他市町村長が必要と認める事項": "",
        "受入対象者": "",
        "備考": ""
      }
    },
    {
      "type": "Feature",
      "geometry": {
        "type": "Point",
        "coordinates": [
          139.914066,
          36.411264
        ]
      },
      "properties": {
        "NO": "638",
        "共通ID": "E0930100002111",
        "施設・場所名": "坂上小学校",
        "住所": "栃木県上三川町坂上628",
        "指定緊急避難場所との住所同一": "1",
        "その他市町村長が必要と認める事項": "",
        "受入対象者": "",
        "備考": ""
      }
    },
    {
      "type": "Feature",
      "geometry": {
        "type": "Point",
        "coordinates": [
          139.909402,
          36.437124
        ]
      },
      "properties": {
        "NO": "639",
        "共通ID": "E0930100016121",
        "施設・場所名": "上三川いきいきプラザ",
        "住所": "栃木県上三川町上蒲生127-1",
        "指定緊急避難場所との住所同一": "1",
        "その他市町村長が必要と認める事項": "",
        "受入対象者": "高齢者、障がい者、乳幼児等",
        "備考": ""
      }
    },
    {
      "type": "Feature",
      "geometry": {
        "type": "Point",
        "coordinates": [
          139.901983,
          36.457166
        ]
      },
      "properties": {
        "NO": "640",
        "共通ID": "E0930100003111",
        "施設・場所名": "北小学校",
        "住所": "栃木県上三川町上蒲生1725",
        "指定緊急避難場所との住所同一": "1",
        "その他市町村長が必要と認める事項": "",
        "受入対象者": "",
        "備考": ""
      }
    },
    {
      "type": "Feature",
      "geometry": {
        "type": "Point",
        "coordinates": [
          139.907028,
          36.426758
        ]
      },
      "properties": {
        "NO": "641",
        "共通ID": "E0930100006111",
        "施設・場所名": "体育センター",
        "住所": "栃木県上三川町上三川4270",
        "指定緊急避難場所との住所同一": "1",
        "その他市町村長が必要と認める事項": "",
        "受入対象者": "",
        "備考": ""
      }
    },
    {
      "type": "Feature",
      "geometry": {
        "type": "Point",
        "coordinates": [
          139.909052,
          36.427761
        ]
      },
      "properties": {
        "NO": "642",
        "共通ID": "E0930100007111",
        "施設・場所名": "上三川中学校",
        "住所": "栃木県上三川町上三川4279",
        "指定緊急避難場所との住所同一": "1",
        "その他市町村長が必要と認める事項": "",
        "受入対象者": "",
        "備考": ""
      }
    },
    {
      "type": "Feature",
      "geometry": {
        "type": "Point",
        "coordinates": [
          139.909544,
          36.434237
        ]
      },
      "properties": {
        "NO": "643",
        "共通ID": "E0930100008111",
        "施設・場所名": "上三川小学校",
        "住所": "栃木県上三川町上三川4594",
        "指定緊急避難場所との住所同一": "1",
        "その他市町村長が必要と認める事項": "",
        "受入対象者": "",
        "備考": ""
      }
    },
    {
      "type": "Feature",
      "geometry": {
        "type": "Point",
        "coordinates": [
          139.914045,
          36.434594
        ]
      },
      "properties": {
        "NO": "644",
        "共通ID": "E0930100009111",
        "施設・場所名": "町立図書館",
        "住所": "栃木県上三川町上三川5040",
        "指定緊急避難場所との住所同一": "1",
        "その他市町村長が必要と認める事項": "",
        "受入対象者": "",
        "備考": ""
      }
    },
    {
      "type": "Feature",
      "geometry": {
        "type": "Point",
        "coordinates": [
          139.91646,
          36.436667
        ]
      },
      "properties": {
        "NO": "645",
        "共通ID": "E0930100010111",
        "施設・場所名": "上三川ふれあいの家ひまわり",
        "住所": "栃木県上三川町上三川5082-15",
        "指定緊急避難場所との住所同一": "1",
        "その他市町村長が必要と認める事項": "",
        "受入対象者": "",
        "備考": ""
      }
    },
    {
      "type": "Feature",
      "geometry": {
        "type": "Point",
        "coordinates": [
          139.922381,
          36.476581
        ]
      },
      "properties": {
        "NO": "646",
        "共通ID": "E0930100011111",
        "施設・場所名": "本郷北小学校",
        "住所": "栃木県上三川町西汗1585",
        "指定緊急避難場所との住所同一": "1",
        "その他市町村長が必要と認める事項": "",
        "受入対象者": "",
        "備考": ""
      }
    },
    {
      "type": "Feature",
      "geometry": {
        "type": "Point",
        "coordinates": [
          139.879827,
          36.42779
        ]
      },
      "properties": {
        "NO": "647",
        "共通ID": "E0930100012111",
        "施設・場所名": "明治南小学校",
        "住所": "栃木県上三川町多功1412",
        "指定緊急避難場所との住所同一": "1",
        "その他市町村長が必要と認める事項": "",
        "受入対象者": "",
        "備考": ""
      }
    },
    {
      "type": "Feature",
      "geometry": {
        "type": "Point",
        "coordinates": [
          139.869192,
          36.415957
        ]
      },
      "properties": {
        "NO": "648",
        "共通ID": "E0930100013111",
        "施設・場所名": "上三川高等学校",
        "住所": "栃木県上三川町多功994-4",
        "指定緊急避難場所との住所同一": "1",
        "その他市町村長が必要と認める事項": "",
        "受入対象者": "",
        "備考": ""
      }
    },
    {
      "type": "Feature",
      "geometry": {
        "type": "Point",
        "coordinates": [
          139.888573,
          36.442441
        ]
      },
      "properties": {
        "NO": "649",
        "共通ID": "E0930100014111",
        "施設・場所名": "明治中学校",
        "住所": "栃木県上三川町大山25",
        "指定緊急避難場所との住所同一": "1",
        "その他市町村長が必要と認める事項": "",
        "受入対象者": "",
        "備考": ""
      }
    },
    {
      "type": "Feature",
      "geometry": {
        "type": "Point",
        "coordinates": [
          139.880965,
          36.442756
        ]
      },
      "properties": {
        "NO": "650",
        "共通ID": "E0930100015111",
        "施設・場所名": "明治小学校",
        "住所": "栃木県上三川町大山524",
        "指定緊急避難場所との住所同一": "1",
        "その他市町村長が必要と認める事項": "",
        "受入対象者": "",
        "備考": ""
      }
    },
    {
      "type": "Feature",
      "geometry": {
        "type": "Point",
        "coordinates": [
          139.909346,
          36.436222
        ]
      },
      "properties": {
        "NO": "651",
        "共通ID": "E0930100019111",
        "施設・場所名": "上三川町ＯＲＩＧＡＭＩプラザ",
        "住所": "栃木県上三川町大字上三川4173-1",
        "指定緊急避難場所との住所同一": "1",
        "その他市町村長が必要と認める事項": "",
        "受入対象者": "",
        "備考": ""
      }
    },
    {
      "type": "Feature",
      "geometry": {
        "type": "Point",
        "coordinates": [
          139.869543,
          36.415954
        ]
      },
      "properties": {
        "NO": "652",
        "共通ID": "E0921600040111",
        "施設・場所名": "上三川高等学校",
        "住所": "栃木県上三川町大字多功994-4",
        "指定緊急避難場所との住所同一": "1",
        "その他市町村長が必要と認める事項": null,
        "受入対象者": null,
        "備考": ""
      }
    },
    {
      "type": "Feature",
      "geometry": {
        "type": "Point",
        "coordinates": [
          139.936174,
          36.468266
        ]
      },
      "properties": {
        "NO": "653",
        "共通ID": "E0930100017111",
        "施設・場所名": "本郷中学校",
        "住所": "栃木県上三川町東汗520",
        "指定緊急避難場所との住所同一": "1",
        "その他市町村長が必要と認める事項": "",
        "受入対象者": "",
        "備考": ""
      }
    },
    {
      "type": "Feature",
      "geometry": {
        "type": "Point",
        "coordinates": [
          139.938146,
          36.459835
        ]
      },
      "properties": {
        "NO": "654",
        "共通ID": "E0930100018111",
        "施設・場所名": "本郷小学校",
        "住所": "栃木県上三川町東蓼沼251",
        "指定緊急避難場所との住所同一": "1",
        "その他市町村長が必要と認める事項": "",
        "受入対象者": "",
        "備考": ""
      }
    },
    {
      "type": "Feature",
      "geometry": {
        "type": "Point",
        "coordinates": [
          139.967607,
          36.385994
        ]
      },
      "properties": {
        "NO": "655",
        "共通ID": "E0920900001111",
        "施設・場所名": "生涯学習館",
        "住所": "栃木県真岡市さくら1-15-1",
        "指定緊急避難場所との住所同一": "1",
        "その他市町村長が必要と認める事項": null,
        "受入対象者": null,
        "備考": ""
      }
    },
    {
      "type": "Feature",
      "geometry": {
        "type": "Point",
        "coordinates": [
          139.976184,
          36.487747
        ]
      },
      "properties": {
        "NO": "656",
        "共通ID": "E0920900003111",
        "施設・場所名": "大内西小学校",
        "住所": "栃木県真岡市下籠谷2472-1",
        "指定緊急避難場所との住所同一": "1",
        "その他市町村長が必要と認める事項": null,
        "受入対象者": null,
        "備考": ""
      }
    },
    {
      "type": "Feature",
      "geometry": {
        "type": "Point",
        "coordinates": [
          139.986447,
          36.480273
        ]
      },
      "properties": {
        "NO": "657",
        "共通ID": "E0920900004111",
        "施設・場所名": "真岡北陵高等学校",
        "住所": "栃木県真岡市下籠谷396",
        "指定緊急避難場所との住所同一": "1",
        "その他市町村長が必要と認める事項": null,
        "受入対象者": null,
        "備考": ""
      }
    },
    {
      "type": "Feature",
      "geometry": {
        "type": "Point",
        "coordinates": [
          139.982822,
          36.459175
        ]
      },
      "properties": {
        "NO": "658",
        "共通ID": "E0920900005111",
        "施設・場所名": "亀山小学校",
        "住所": "栃木県真岡市亀山1037-3",
        "指定緊急避難場所との住所同一": "1",
        "その他市町村長が必要と認める事項": null,
        "受入対象者": null,
        "備考": ""
      }
    },
    {
      "type": "Feature",
      "geometry": {
        "type": "Point",
        "coordinates": [
          139.961844,
          36.380454
        ]
      },
      "properties": {
        "NO": "659",
        "共通ID": "E0920900006111",
        "施設・場所名": "久下田中学校",
        "住所": "栃木県真岡市久下田1304",
        "指定緊急避難場所との住所同一": "1",
        "その他市町村長が必要と認める事項": null,
        "受入対象者": null,
        "備考": ""
      }
    },
    {
      "type": "Feature",
      "geometry": {
        "type": "Point",
        "coordinates": [
          139.967372,
          36.370844
        ]
      },
      "properties": {
        "NO": "660",
        "共通ID": "E0920900007111",
        "施設・場所名": "久下田小学校",
        "住所": "栃木県真岡市久下田491",
        "指定緊急避難場所との住所同一": "1",
        "その他市町村長が必要と認める事項": null,
        "受入対象者": null,
        "備考": ""
      }
    },
    {
      "type": "Feature",
      "geometry": {
        "type": "Point",
        "coordinates": [
          139.99096,
          36.439027
        ]
      },
      "properties": {
        "NO": "661",
        "共通ID": "E0920900009111",
        "施設・場所名": "真岡西小学校",
        "住所": "栃木県真岡市熊倉3-33-6",
        "指定緊急避難場所との住所同一": "1",
        "その他市町村長が必要と認める事項": null,
        "受入対象者": null,
        "備考": ""
      }
    },
    {
      "type": "Feature",
      "geometry": {
        "type": "Point",
        "coordinates": [
          140.016245,
          36.43906
        ]
      },
      "properties": {
        "NO": "662",
        "共通ID": "E0920900010112",
        "施設・場所名": "真岡市公民館",
        "住所": "栃木県真岡市荒町1201",
        "指定緊急避難場所との住所同一": "1",
        "その他市町村長が必要と認める事項": null,
        "受入対象者": null,
        "備考": ""
      }
    },
    {
      "type": "Feature",
      "geometry": {
        "type": "Point",
        "coordinates": [
          140.016755,
          36.439012
        ]
      },
      "properties": {
        "NO": "663",
        "共通ID": "E0920900010111",
        "施設・場所名": "真岡市民会館",
        "住所": "栃木県真岡市荒町1201",
        "指定緊急避難場所との住所同一": "1",
        "その他市町村長が必要と認める事項": null,
        "受入対象者": null,
        "備考": ""
      }
    },
    {
      "type": "Feature",
      "geometry": {
        "type": "Point",
        "coordinates": [
          140.017284,
          36.395131
        ]
      },
      "properties": {
        "NO": "664",
        "共通ID": "E0920900011111",
        "施設・場所名": "物部中学校",
        "住所": "栃木県真岡市高田1838",
        "指定緊急避難場所との住所同一": "1",
        "その他市町村長が必要と認める事項": null,
        "受入対象者": null,
        "備考": ""
      }
    },
    {
      "type": "Feature",
      "geometry": {
        "type": "Point",
        "coordinates": [
          140.023756,
          36.395641
        ]
      },
      "properties": {
        "NO": "665",
        "共通ID": "E0920900012111",
        "施設・場所名": "物部地域体育館",
        "住所": "栃木県真岡市高田2645",
        "指定緊急避難場所との住所同一": "1",
        "その他市町村長が必要と認める事項": null,
        "受入対象者": null,
        "備考": ""
      }
    },
    {
      "type": "Feature",
      "geometry": {
        "type": "Point",
        "coordinates": [
          139.934347,
          36.380499
        ]
      },
      "properties": {
        "NO": "666",
        "共通ID": "E0920900013111",
        "施設・場所名": "旧長沼地域体育館",
        "住所": "栃木県真岡市砂ヶ原1280",
        "指定緊急避難場所との住所同一": "1",
        "その他市町村長が必要と認める事項": null,
        "受入対象者": null,
        "備考": ""
      }
    },
    {
      "type": "Feature",
      "geometry": {
        "type": "Point",
        "coordinates": [
          140.003829,
          36.448374
        ]
      },
      "properties": {
        "NO": "667",
        "共通ID": "E0920900014111",
        "施設・場所名": "真岡工業高等学校",
        "住所": "栃木県真岡市寺久保1-2-9",
        "指定緊急避難場所との住所同一": "1",
        "その他市町村長が必要と認める事項": null,
        "受入対象者": null,
        "備考": ""
      }
    },
    {
      "type": "Feature",
      "geometry": {
        "type": "Point",
        "coordinates": [
          139.97781,
          36.419049
        ]
      },
      "properties": {
        "NO": "668",
        "共通ID": "E0920900015111",
        "施設・場所名": "旧中村東小学校",
        "住所": "栃木県真岡市寺内1191",
        "指定緊急避難場所との住所同一": "1",
        "その他市町村長が必要と認める事項": null,
        "受入対象者": null,
        "備考": ""
      }
    },
    {
      "type": "Feature",
      "geometry": {
        "type": "Point",
        "coordinates": [
          140.041616,
          36.430308
        ]
      },
      "properties": {
        "NO": "669",
        "共通ID": "E0920900017111",
        "施設・場所名": "山前小学校",
        "住所": "栃木県真岡市小林672-2",
        "指定緊急避難場所との住所同一": "1",
        "その他市町村長が必要と認める事項": null,
        "受入対象者": null,
        "備考": ""
      }
    },
    {
      "type": "Feature",
      "geometry": {
        "type": "Point",
        "coordinates": [
          140.045387,
          36.430771
        ]
      },
      "properties": {
        "NO": "670",
        "共通ID": "E0920900018111",
        "施設・場所名": "山前中学校",
        "住所": "栃木県真岡市小林784",
        "指定緊急避難場所との住所同一": "1",
        "その他市町村長が必要と認める事項": null,
        "受入対象者": null,
        "備考": ""
      }
    },
    {
      "type": "Feature",
      "geometry": {
        "type": "Point",
        "coordinates": [
          140.040607,
          36.432229
        ]
      },
      "properties": {
        "NO": "671",
        "共通ID": "E0920900019111",
        "施設・場所名": "真岡市公民館山前分館",
        "住所": "栃木県真岡市小林935-1",
        "指定緊急避難場所との住所同一": "1",
        "その他市町村長が必要と認める事項": null,
        "受入対象者": null,
        "備考": ""
      }
    },
    {
      "type": "Feature",
      "geometry": {
        "type": "Point",
        "coordinates": [
          139.982099,
          36.446985
        ]
      },
      "properties": {
        "NO": "672",
        "共通ID": "E0920900020111",
        "施設・場所名": "真岡西中学校",
        "住所": "栃木県真岡市西高間木531",
        "指定緊急避難場所との住所同一": "1",
        "その他市町村長が必要と認める事項": null,
        "受入対象者": null,
        "備考": ""
      }
    },
    {
      "type": "Feature",
      "geometry": {
        "type": "Point",
        "coordinates": [
          139.979675,
          36.446604
        ]
      },
      "properties": {
        "NO": "673",
        "共通ID": "E0920900021111",
        "施設・場所名": "真岡市公民館真岡西分館",
        "住所": "栃木県真岡市西高間木539-1",
        "指定緊急避難場所との住所同一": "1",
        "その他市町村長が必要と認める事項": null,
        "受入対象者": null,
        "備考": ""
      }
    },
    {
      "type": "Feature",
      "geometry": {
        "type": "Point",
        "coordinates": [
          140.056297,
          36.451698
        ]
      },
      "properties": {
        "NO": "674",
        "共通ID": "E0920900022111",
        "施設・場所名": "西田井小学校",
        "住所": "栃木県真岡市西田井1505-2",
        "指定緊急避難場所との住所同一": "1",
        "その他市町村長が必要と認める事項": null,
        "受入対象者": null,
        "備考": ""
      }
    },
    {
      "type": "Feature",
      "geometry": {
        "type": "Point",
        "coordinates": [
          139.969642,
          36.386993
        ]
      },
      "properties": {
        "NO": "675",
        "共通ID": "E0920900023111",
        "施設・場所名": "二宮コミュニティセンター",
        "住所": "栃木県真岡市石島893-15",
        "指定緊急避難場所との住所同一": "1",
        "その他市町村長が必要と認める事項": null,
        "受入対象者": null,
        "備考": ""
      }
    },
    {
      "type": "Feature",
      "geometry": {
        "type": "Point",
        "coordinates": [
          140.050044,
          36.484188
        ]
      },
      "properties": {
        "NO": "676",
        "共通ID": "E0920900024111",
        "施設・場所名": "大内東小学校",
        "住所": "栃木県真岡市赤羽30-1",
        "指定緊急避難場所との住所同一": "1",
        "その他市町村長が必要と認める事項": null,
        "受入対象者": null,
        "備考": ""
      }
    },
    {
      "type": "Feature",
      "geometry": {
        "type": "Point",
        "coordinates": [
          140.004736,
          36.435227
        ]
      },
      "properties": {
        "NO": "677",
        "共通ID": "E0920900025111",
        "施設・場所名": "真岡女子高等学校",
        "住所": "栃木県真岡市台町2815",
        "指定緊急避難場所との住所同一": "1",
        "その他市町村長が必要と認める事項": null,
        "受入対象者": null,
        "備考": ""
      }
    },
    {
      "type": "Feature",
      "geometry": {
        "type": "Point",
        "coordinates": [
          140.00676,
          36.443398
        ]
      },
      "properties": {
        "NO": "678",
        "共通ID": "E0920900026111",
        "施設・場所名": "真岡小学校",
        "住所": "栃木県真岡市台町4184",
        "指定緊急避難場所との住所同一": "1",
        "その他市町村長が必要と認める事項": null,
        "受入対象者": null,
        "備考": ""
      }
    },
    {
      "type": "Feature",
      "geometry": {
        "type": "Point",
        "coordinates": [
          139.95681,
          36.424697
        ]
      },
      "properties": {
        "NO": "679",
        "共通ID": "E0920900027111",
        "施設・場所名": "中村中学校",
        "住所": "栃木県真岡市中203",
        "指定緊急避難場所との住所同一": "1",
        "その他市町村長が必要と認める事項": null,
        "受入対象者": null,
        "備考": ""
      }
    },
    {
      "type": "Feature",
      "geometry": {
        "type": "Point",
        "coordinates": [
          139.959179,
          36.423906
        ]
      },
      "properties": {
        "NO": "680",
        "共通ID": "E0920900029111",
        "施設・場所名": "真岡市公民館中村分館",
        "住所": "栃木県真岡市中247",
        "指定緊急避難場所との住所同一": "1",
        "その他市町村長が必要と認める事項": null,
        "受入対象者": null,
        "備考": ""
      }
    },
    {
      "type": "Feature",
      "geometry": {
        "type": "Point",
        "coordinates": [
          139.954641,
          36.420735
        ]
      },
      "properties": {
        "NO": "681",
        "共通ID": "E0920900030111",
        "施設・場所名": "中村小学校",
        "住所": "栃木県真岡市中302",
        "指定緊急避難場所との住所同一": "1",
        "その他市町村長が必要と認める事項": null,
        "受入対象者": null,
        "備考": ""
      }
    },
    {
      "type": "Feature",
      "geometry": {
        "type": "Point",
        "coordinates": [
          139.930224,
          36.360964
        ]
      },
      "properties": {
        "NO": "682",
        "共通ID": "E0920900031111",
        "施設・場所名": "長沼中学校",
        "住所": "栃木県真岡市長沼706",
        "指定緊急避難場所との住所同一": "1",
        "その他市町村長が必要と認める事項": null,
        "受入対象者": null,
        "備考": ""
      }
    },
    {
      "type": "Feature",
      "geometry": {
        "type": "Point",
        "coordinates": [
          139.930436,
          36.360062
        ]
      },
      "properties": {
        "NO": "683",
        "共通ID": "E0920900032111",
        "施設・場所名": "長沼小学校",
        "住所": "栃木県真岡市長沼716",
        "指定緊急避難場所との住所同一": "1",
        "その他市町村長が必要と認める事項": null,
        "受入対象者": null,
        "備考": ""
      }
    },
    {
      "type": "Feature",
      "geometry": {
        "type": "Point",
        "coordinates": [
          139.96412,
          36.445699
        ]
      },
      "properties": {
        "NO": "684",
        "共通ID": "E0920900033111",
        "施設・場所名": "長田小学校",
        "住所": "栃木県真岡市長田1302-1",
        "指定緊急避難場所との住所同一": "1",
        "その他市町村長が必要と認める事項": null,
        "受入対象者": null,
        "備考": ""
      }
    },
    {
      "type": "Feature",
      "geometry": {
        "type": "Point",
        "coordinates": [
          140.014278,
          36.438553
        ]
      },
      "properties": {
        "NO": "685",
        "共通ID": "E0920900034111",
        "施設・場所名": "真岡市総合体育館",
        "住所": "栃木県真岡市田町1251-1",
        "指定緊急避難場所との住所同一": "1",
        "その他市町村長が必要と認める事項": null,
        "受入対象者": null,
        "備考": ""
      }
    },
    {
      "type": "Feature",
      "geometry": {
        "type": "Point",
        "coordinates": [
          140.022146,
          36.438547
        ]
      },
      "properties": {
        "NO": "686",
        "共通ID": "E0920900035111",
        "施設・場所名": "真岡東中学校",
        "住所": "栃木県真岡市田町1256-18",
        "指定緊急避難場所との住所同一": "1",
        "その他市町村長が必要と認める事項": null,
        "受入対象者": null,
        "備考": ""
      }
    },
    {
      "type": "Feature",
      "geometry": {
        "type": "Point",
        "coordinates": [
          140.015482,
          36.437157
        ]
      },
      "properties": {
        "NO": "687",
        "共通ID": "E0920900036111",
        "施設・場所名": "真岡市武道体育館",
        "住所": "栃木県真岡市田町1330",
        "指定緊急避難場所との住所同一": "1",
        "その他市町村長が必要と認める事項": null,
        "受入対象者": null,
        "備考": ""
      }
    },
    {
      "type": "Feature",
      "geometry": {
        "type": "Point",
        "coordinates": [
          140.021164,
          36.442634
        ]
      },
      "properties": {
        "NO": "688",
        "共通ID": "E0920900037111",
        "施設・場所名": "真岡東小学校",
        "住所": "栃木県真岡市東光寺1-4-1",
        "指定緊急避難場所との住所同一": "1",
        "その他市町村長が必要と認める事項": null,
        "受入対象者": null,
        "備考": ""
      }
    },
    {
      "type": "Feature",
      "geometry": {
        "type": "Point",
        "coordinates": [
          140.009675,
          36.423471
        ]
      },
      "properties": {
        "NO": "689",
        "共通ID": "E0920900038111",
        "施設・場所名": "旧東沼小学校",
        "住所": "栃木県真岡市東沼657",
        "指定緊急避難場所との住所同一": "1",
        "その他市町村長が必要と認める事項": null,
        "受入対象者": null,
        "備考": ""
      }
    },
    {
      "type": "Feature",
      "geometry": {
        "type": "Point",
        "coordinates": [
          140.036045,
          36.415635
        ]
      },
      "properties": {
        "NO": "690",
        "共通ID": "E0920900039111",
        "施設・場所名": "旧山前南小学校",
        "住所": "栃木県真岡市東大島713",
        "指定緊急避難場所との住所同一": "1",
        "その他市町村長が必要と認める事項": null,
        "受入対象者": null,
        "備考": ""
      }
    },
    {
      "type": "Feature",
      "geometry": {
        "type": "Point",
        "coordinates": [
          140.00006,
          36.439576
        ]
      },
      "properties": {
        "NO": "691",
        "共通ID": "E0920900040111",
        "施設・場所名": "真岡高等学校",
        "住所": "栃木県真岡市白布ケ丘24-1",
        "指定緊急避難場所との住所同一": "1",
        "その他市町村長が必要と認める事項": null,
        "受入対象者": null,
        "備考": ""
      }
    },
    {
      "type": "Feature",
      "geometry": {
        "type": "Point",
        "coordinates": [
          140.021021,
          36.480355
        ]
      },
      "properties": {
        "NO": "692",
        "共通ID": "E0920900041111",
        "施設・場所名": "大内中学校",
        "住所": "栃木県真岡市飯貝1159",
        "指定緊急避難場所との住所同一": "1",
        "その他市町村長が必要と認める事項": null,
        "受入対象者": null,
        "備考": ""
      }
    },
    {
      "type": "Feature",
      "geometry": {
        "type": "Point",
        "coordinates": [
          140.021414,
          36.476664
        ]
      },
      "properties": {
        "NO": "693",
        "共通ID": "E0920900042111",
        "施設・場所名": "大内中央小学校",
        "住所": "栃木県真岡市飯貝457-1",
        "指定緊急避難場所との住所同一": "1",
        "その他市町村長が必要と認める事項": null,
        "受入対象者": null,
        "備考": ""
      }
    },
    {
      "type": "Feature",
      "geometry": {
        "type": "Point",
        "coordinates": [
          140.017635,
          36.47622
        ]
      },
      "properties": {
        "NO": "694",
        "共通ID": "E0920900043111",
        "施設・場所名": "真岡市公民館大内分館",
        "住所": "栃木県真岡市飯貝529",
        "指定緊急避難場所との住所同一": "1",
        "その他市町村長が必要と認める事項": null,
        "受入対象者": null,
        "備考": ""
      }
    },
    {
      "type": "Feature",
      "geometry": {
        "type": "Point",
        "coordinates": [
          140.004935,
          36.396591
        ]
      },
      "properties": {
        "NO": "695",
        "共通ID": "E0920900044111",
        "施設・場所名": "物部小学校",
        "住所": "栃木県真岡市物井1180",
        "指定緊急避難場所との住所同一": "1",
        "その他市町村長が必要と認める事項": null,
        "受入対象者": null,
        "備考": ""
      }
    },
    {
      "type": "Feature",
      "geometry": {
        "type": "Point",
        "coordinates": [
          139.995064,
          36.44373
        ]
      },
      "properties": {
        "NO": "696",
        "共通ID": "E0920900046111",
        "施設・場所名": "真岡中学校",
        "住所": "栃木県真岡市並木町3-120",
        "指定緊急避難場所との住所同一": "1",
        "その他市町村長が必要と認める事項": null,
        "受入対象者": null,
        "備考": ""
      }
    },
    {
      "type": "Feature",
      "geometry": {
        "type": "Point",
        "coordinates": [
          139.950364,
          36.446472
        ]
      },
      "properties": {
        "NO": "697",
        "共通ID": "E0920900047111",
        "施設・場所名": "自然教育センター",
        "住所": "栃木県真岡市柳林1140-2",
        "指定緊急避難場所との住所同一": "1",
        "その他市町村長が必要と認める事項": null,
        "受入対象者": null,
        "備考": ""
      }
    },
    {
      "type": "Feature",
      "geometry": {
        "type": "Point",
        "coordinates": [
          139.832042,
          36.479919
        ]
      },
      "properties": {
        "NO": "698",
        "共通ID": "E0936100001111",
        "施設・場所名": "南犬飼地区公民館",
        "住所": "栃木県壬生町大字安塚1179",
        "指定緊急避難場所との住所同一": "1",
        "その他市町村長が必要と認める事項": null,
        "受入対象者": null,
        "備考": ""
      }
    },
    {
      "type": "Feature",
      "geometry": {
        "type": "Point",
        "coordinates": [
          139.831063,
          36.489779
        ]
      },
      "properties": {
        "NO": "699",
        "共通ID": "E0936100002111",
        "施設・場所名": "安塚小学校",
        "住所": "栃木県壬生町大字安塚2078",
        "指定緊急避難場所との住所同一": "1",
        "その他市町村長が必要と認める事項": null,
        "受入対象者": null,
        "備考": ""
      }
    },
    {
      "type": "Feature",
      "geometry": {
        "type": "Point",
        "coordinates": [
          139.777374,
          36.474585
        ]
      },
      "properties": {
        "NO": "700",
        "共通ID": "E0936100003111",
        "施設・場所名": "羽生田小学校",
        "住所": "栃木県壬生町大字羽生田2139-1",
        "指定緊急避難場所との住所同一": "1",
        "その他市町村長が必要と認める事項": null,
        "受入対象者": null,
        "備考": ""
      }
    },
    {
      "type": "Feature",
      "geometry": {
        "type": "Point",
        "coordinates": [
          139.809622,
          36.462547
        ]
      },
      "properties": {
        "NO": "701",
        "共通ID": "E0936100004111",
        "施設・場所名": "総合公園",
        "住所": "栃木県壬生町大字国谷783-1",
        "指定緊急避難場所との住所同一": "1",
        "その他市町村長が必要と認める事項": null,
        "受入対象者": null,
        "備考": ""
      }
    },
    {
      "type": "Feature",
      "geometry": {
        "type": "Point",
        "coordinates": [
          139.787724,
          36.451941
        ]
      },
      "properties": {
        "NO": "702",
        "共通ID": "E0936100005111",
        "施設・場所名": "嘉陽が丘ふれあい広場",
        "住所": "栃木県壬生町大字上稲葉1056-8",
        "指定緊急避難場所との住所同一": "1",
        "その他市町村長が必要と認める事項": null,
        "受入対象者": null,
        "備考": ""
      }
    },
    {
      "type": "Feature",
      "geometry": {
        "type": "Point",
        "coordinates": [
          139.778036,
          36.450645
        ]
      },
      "properties": {
        "NO": "703",
        "共通ID": "E0936100006111",
        "施設・場所名": "稲葉小学校",
        "住所": "栃木県壬生町大字上稲葉881",
        "指定緊急避難場所との住所同一": "1",
        "その他市町村長が必要と認める事項": null,
        "受入対象者": null,
        "備考": ""
      }
    },
    {
      "type": "Feature",
      "geometry": {
        "type": "Point",
        "coordinates": [
          139.779511,
          36.448507
        ]
      },
      "properties": {
        "NO": "704",
        "共通ID": "E0936100007111",
        "施設・場所名": "稲葉地区公民館",
        "住所": "栃木県壬生町大字上稲葉932",
        "指定緊急避難場所との住所同一": "1",
        "その他市町村長が必要と認める事項": null,
        "受入対象者": null,
        "備考": ""
      }
    },
    {
      "type": "Feature",
      "geometry": {
        "type": "Point",
        "coordinates": [
          139.817387,
          36.447022
        ]
      },
      "properties": {
        "NO": "705",
        "共通ID": "E0936100008121",
        "施設・場所名": "グループホーム元気",
        "住所": "栃木県壬生町大字壬生甲2224-1",
        "指定緊急避難場所との住所同一": "1",
        "その他市町村長が必要と認める事項": null,
        "受入対象者": "要配慮者",
        "備考": ""
      }
    },
    {
      "type": "Feature",
      "geometry": {
        "type": "Point",
        "coordinates": [
          139.79568,
          36.439034
        ]
      },
      "properties": {
        "NO": "706",
        "共通ID": "E0936100009111",
        "施設・場所名": "壬生中学校",
        "住所": "栃木県壬生町大字壬生甲2770",
        "指定緊急避難場所との住所同一": "1",
        "その他市町村長が必要と認める事項": null,
        "受入対象者": null,
        "備考": ""
      }
    },
    {
      "type": "Feature",
      "geometry": {
        "type": "Point",
        "coordinates": [
          139.815484,
          36.443539
        ]
      },
      "properties": {
        "NO": "707",
        "共通ID": "E0936100010111",
        "施設・場所名": "総合運動場",
        "住所": "栃木県壬生町大字壬生甲3828",
        "指定緊急避難場所との住所同一": "1",
        "その他市町村長が必要と認める事項": null,
        "受入対象者": null,
        "備考": ""
      }
    },
    {
      "type": "Feature",
      "geometry": {
        "type": "Point",
        "coordinates": [
          139.812458,
          36.442941
        ]
      },
      "properties": {
        "NO": "708",
        "共通ID": "E0936100011121",
        "施設・場所名": "壬生町保健福祉センター",
        "住所": "栃木県壬生町大字壬生甲3843-1",
        "指定緊急避難場所との住所同一": "1",
        "その他市町村長が必要と認める事項": null,
        "受入対象者": "要配慮者",
        "備考": ""
      }
    },
    {
      "type": "Feature",
      "geometry": {
        "type": "Point",
        "coordinates": [
          139.808485,
          36.428963
        ]
      },
      "properties": {
        "NO": "709",
        "共通ID": "E0936100012111",
        "施設・場所名": "ふれあい交流館",
        "住所": "栃木県壬生町大字壬生甲604-6",
        "指定緊急避難場所との住所同一": "1",
        "その他市町村長が必要と認める事項": null,
        "受入対象者": null,
        "備考": ""
      }
    },
    {
      "type": "Feature",
      "geometry": {
        "type": "Point",
        "coordinates": [
          139.837342,
          36.460533
        ]
      },
      "properties": {
        "NO": "710",
        "共通ID": "E0936100013111",
        "施設・場所名": "睦小学校",
        "住所": "栃木県壬生町大字壬生丁230-1",
        "指定緊急避難場所との住所同一": "1",
        "その他市町村長が必要と認める事項": null,
        "受入対象者": null,
        "備考": ""
      }
    },
    {
      "type": "Feature",
      "geometry": {
        "type": "Point",
        "coordinates": [
          139.836525,
          36.45934
        ]
      },
      "properties": {
        "NO": "711",
        "共通ID": "E0936100021121",
        "施設・場所名": "壬生町就労支援施設むつみの森",
        "住所": "栃木県壬生町大字壬生丁２３２番地３",
        "指定緊急避難場所との住所同一": "",
        "その他市町村長が必要と認める事項": "",
        "受入対象者": "身体障害者（視覚障害者、聴覚障害者、肢体不自由者）、知的障害者、精神障害者（発達障害者を含む）、身体障害児（視覚障害児、聴覚障害児、肢体不自由児）、知的障害児、精神障害児（発達障害児を含む）",
        "備考": ""
      }
    },
    {
      "type": "Feature",
      "geometry": {
        "type": "Point",
        "coordinates": [
          139.836486,
          36.458931
        ]
      },
      "properties": {
        "NO": "712",
        "共通ID": "E0936100021122",
        "施設・場所名": "壬生町こども発達支援センタードリームキッズ",
        "住所": "栃木県壬生町大字壬生丁２３２番地３",
        "指定緊急避難場所との住所同一": "",
        "その他市町村長が必要と認める事項": "",
        "受入対象者": "身体障害者（視覚障害者、聴覚障害者、肢体不自由者）、知的障害者、精神障害者（発達障害者を含む）、身体障害児（視覚障害児、聴覚障害児、肢体不自由児）、知的障害児、精神障害児（発達障害児を含む）",
        "備考": ""
      }
    },
    {
      "type": "Feature",
      "geometry": {
        "type": "Point",
        "coordinates": [
          139.815552,
          36.416233
        ]
      },
      "properties": {
        "NO": "713",
        "共通ID": "E0936100014111",
        "施設・場所名": "藤井小学校",
        "住所": "栃木県壬生町大字藤井1267",
        "指定緊急避難場所との住所同一": "1",
        "その他市町村長が必要と認める事項": null,
        "受入対象者": null,
        "備考": ""
      }
    },
    {
      "type": "Feature",
      "geometry": {
        "type": "Point",
        "coordinates": [
          139.810038,
          36.485529
        ]
      },
      "properties": {
        "NO": "714",
        "共通ID": "E0936100015111",
        "施設・場所名": "壬生北小学校",
        "住所": "栃木県壬生町大字北小林190",
        "指定緊急避難場所との住所同一": "1",
        "その他市町村長が必要と認める事項": null,
        "受入対象者": null,
        "備考": ""
      }
    },
    {
      "type": "Feature",
      "geometry": {
        "type": "Point",
        "coordinates": [
          139.824676,
          36.479141
        ]
      },
      "properties": {
        "NO": "715",
        "共通ID": "E0936100016111",
        "施設・場所名": "南犬飼中学校",
        "住所": "栃木県壬生町大字北小林743",
        "指定緊急避難場所との住所同一": "1",
        "その他市町村長が必要と認める事項": null,
        "受入対象者": null,
        "備考": ""
      }
    },
    {
      "type": "Feature",
      "geometry": {
        "type": "Point",
        "coordinates": [
          139.820707,
          36.475164
        ]
      },
      "properties": {
        "NO": "716",
        "共通ID": "E0936100017121",
        "施設・場所名": "しもつけ荘",
        "住所": "栃木県壬生町大字北小林812",
        "指定緊急避難場所との住所同一": "1",
        "その他市町村長が必要と認める事項": null,
        "受入対象者": "要配慮者",
        "備考": ""
      }
    },
    {
      "type": "Feature",
      "geometry": {
        "type": "Point",
        "coordinates": [
          139.797419,
          36.427833
        ]
      },
      "properties": {
        "NO": "717",
        "共通ID": "E0936100018111",
        "施設・場所名": "壬生中央公民館",
        "住所": "栃木県壬生町本丸1-8",
        "指定緊急避難場所との住所同一": "1",
        "その他市町村長が必要と認める事項": null,
        "受入対象者": null,
        "備考": ""
      }
    },
    {
      "type": "Feature",
      "geometry": {
        "type": "Point",
        "coordinates": [
          139.798572,
          36.425547
        ]
      },
      "properties": {
        "NO": "718",
        "共通ID": "E0936100019111",
        "施設・場所名": "壬生小学校",
        "住所": "栃木県壬生町本丸2-3-7",
        "指定緊急避難場所との住所同一": "1",
        "その他市町村長が必要と認める事項": null,
        "受入対象者": null,
        "備考": ""
      }
    },
    {
      "type": "Feature",
      "geometry": {
        "type": "Point",
        "coordinates": [
          139.821621,
          36.455227
        ]
      },
      "properties": {
        "NO": "719",
        "共通ID": "E0936100020111",
        "施設・場所名": "壬生東小学校",
        "住所": "栃木県壬生町落合3-5-21",
        "指定緊急避難場所との住所同一": "1",
        "その他市町村長が必要と認める事項": null,
        "受入対象者": null,
        "備考": ""
      }
    },
    {
      "type": "Feature",
      "geometry": {
        "type": "Point",
        "coordinates": [
          139.454883,
          36.334564
        ]
      },
      "properties": {
        "NO": "720",
        "共通ID": "E0920200001111",
        "施設・場所名": "とうこうコミュニティセンター",
        "住所": "栃木県足利市伊勢町3-7-5",
        "指定緊急避難場所との住所同一": "1",
        "その他市町村長が必要と認める事項": "",
        "受入対象者": "",
        "備考": ""
      }
    },
    {
      "type": "Feature",
      "geometry": {
        "type": "Point",
        "coordinates": [
          139.454902,
          36.334598
        ]
      },
      "properties": {
        "NO": "721",
        "共通ID": "E0920200001121",
        "施設・場所名": "とうこうコミュニティセンター",
        "住所": "栃木県足利市伊勢町3-7-5",
        "指定緊急避難場所との住所同一": "1",
        "その他市町村長が必要と認める事項": null,
        "受入対象者": "要配慮者",
        "備考": ""
      }
    },
    {
      "type": "Feature",
      "geometry": {
        "type": "Point",
        "coordinates": [
          139.505359,
          36.290111
        ]
      },
      "properties": {
        "NO": "722",
        "共通ID": "E0920200004111",
        "施設・場所名": "久野小学校",
        "住所": "栃木県足利市久保田町216",
        "指定緊急避難場所との住所同一": "1",
        "その他市町村長が必要と認める事項": "",
        "受入対象者": "",
        "備考": ""
      }
    },
    {
      "type": "Feature",
      "geometry": {
        "type": "Point",
        "coordinates": [
          139.505277,
          36.290145
        ]
      },
      "properties": {
        "NO": "723",
        "共通ID": "E0920200004121",
        "施設・場所名": "久野小学校",
        "住所": "栃木県足利市久保田町216",
        "指定緊急避難場所との住所同一": "1",
        "その他市町村長が必要と認める事項": null,
        "受入対象者": "要配慮者",
        "備考": ""
      }
    },
    {
      "type": "Feature",
      "geometry": {
        "type": "Point",
        "coordinates": [
          139.532645,
          36.321566
        ]
      },
      "properties": {
        "NO": "724",
        "共通ID": "E0920200005111",
        "施設・場所名": "富田中学校",
        "住所": "栃木県足利市駒場町359",
        "指定緊急避難場所との住所同一": "1",
        "その他市町村長が必要と認める事項": "",
        "受入対象者": "",
        "備考": ""
      }
    },
    {
      "type": "Feature",
      "geometry": {
        "type": "Point",
        "coordinates": [
          139.532483,
          36.321565
        ]
      },
      "properties": {
        "NO": "725",
        "共通ID": "E0920200005121",
        "施設・場所名": "富田中学校",
        "住所": "栃木県足利市駒場町359",
        "指定緊急避難場所との住所同一": "1",
        "その他市町村長が必要と認める事項": null,
        "受入対象者": "要配慮者",
        "備考": ""
      }
    },
    {
      "type": "Feature",
      "geometry": {
        "type": "Point",
        "coordinates": [
          139.530009,
          36.318177
        ]
      },
      "properties": {
        "NO": "726",
        "共通ID": "E0920200006111",
        "施設・場所名": "富田小学校",
        "住所": "栃木県足利市駒場町625",
        "指定緊急避難場所との住所同一": "1",
        "その他市町村長が必要と認める事項": "",
        "受入対象者": "",
        "備考": ""
      }
    },
    {
      "type": "Feature",
      "geometry": {
        "type": "Point",
        "coordinates": [
          139.529912,
          36.318193
        ]
      },
      "properties": {
        "NO": "727",
        "共通ID": "E0920200006121",
        "施設・場所名": "富田小学校",
        "住所": "栃木県足利市駒場町625",
        "指定緊急避難場所との住所同一": "1",
        "その他市町村長が必要と認める事項": null,
        "受入対象者": "要配慮者",
        "備考": ""
      }
    },
    {
      "type": "Feature",
      "geometry": {
        "type": "Point",
        "coordinates": [
          139.45482,
          36.37202
        ]
      },
      "properties": {
        "NO": "728",
        "共通ID": "E0920200007121",
        "施設・場所名": "民俗資料室体育館",
        "住所": "栃木県足利市月谷町1105",
        "指定緊急避難場所との住所同一": "1",
        "その他市町村長が必要と認める事項": null,
        "受入対象者": "要配慮者",
        "備考": ""
      }
    },
    {
      "type": "Feature",
      "geometry": {
        "type": "Point",
        "coordinates": [
          139.45482,
          36.371966
        ]
      },
      "properties": {
        "NO": "729",
        "共通ID": "E0920200007111",
        "施設・場所名": "旧月谷分校体育館",
        "住所": "栃木県足利市月谷町1105",
        "指定緊急避難場所との住所同一": "1",
        "その他市町村長が必要と認める事項": "",
        "受入対象者": "",
        "備考": ""
      }
    },
    {
      "type": "Feature",
      "geometry": {
        "type": "Point",
        "coordinates": [
          139.42744,
          36.348923
        ]
      },
      "properties": {
        "NO": "730",
        "共通ID": "E0920200008121",
        "施設・場所名": "三重小学校",
        "住所": "栃木県足利市五十部町1060",
        "指定緊急避難場所との住所同一": "1",
        "その他市町村長が必要と認める事項": null,
        "受入対象者": "要配慮者",
        "備考": ""
      }
    },
    {
      "type": "Feature",
      "geometry": {
        "type": "Point",
        "coordinates": [
          139.427581,
          36.348898
        ]
      },
      "properties": {
        "NO": "731",
        "共通ID": "E0920200008111",
        "施設・場所名": "三重小学校",
        "住所": "栃木県足利市五十部町1060",
        "指定緊急避難場所との住所同一": "1",
        "その他市町村長が必要と認める事項": "",
        "受入対象者": "",
        "備考": ""
      }
    },
    {
      "type": "Feature",
      "geometry": {
        "type": "Point",
        "coordinates": [
          139.492549,
          36.282367
        ]
      },
      "properties": {
        "NO": "732",
        "共通ID": "E0920200010121",
        "施設・場所名": "愛宕台中学校",
        "住所": "栃木県足利市高松町433",
        "指定緊急避難場所との住所同一": "1",
        "その他市町村長が必要と認める事項": null,
        "受入対象者": "要配慮者",
        "備考": ""
      }
    },
    {
      "type": "Feature",
      "geometry": {
        "type": "Point",
        "coordinates": [
          139.492689,
          36.282376
        ]
      },
      "properties": {
        "NO": "733",
        "共通ID": "E0920200010111",
        "施設・場所名": "愛宕台中学校",
        "住所": "栃木県足利市高松町433",
        "指定緊急避難場所との住所同一": "1",
        "その他市町村長が必要と認める事項": "",
        "受入対象者": "",
        "備考": ""
      }
    },
    {
      "type": "Feature",
      "geometry": {
        "type": "Point",
        "coordinates": [
          139.409942,
          36.352765
        ]
      },
      "properties": {
        "NO": "734",
        "共通ID": "E0920200011121",
        "施設・場所名": "山前小学校",
        "住所": "栃木県足利市山下町1297",
        "指定緊急避難場所との住所同一": "1",
        "その他市町村長が必要と認める事項": null,
        "受入対象者": "要配慮者",
        "備考": ""
      }
    },
    {
      "type": "Feature",
      "geometry": {
        "type": "Point",
        "coordinates": [
          139.409879,
          36.352757
        ]
      },
      "properties": {
        "NO": "735",
        "共通ID": "E0920200011111",
        "施設・場所名": "山前小学校",
        "住所": "栃木県足利市山下町1297",
        "指定緊急避難場所との住所同一": "1",
        "その他市町村長が必要と認める事項": "",
        "受入対象者": "",
        "備考": ""
      }
    },
    {
      "type": "Feature",
      "geometry": {
        "type": "Point",
        "coordinates": [
          139.415134,
          36.346953
        ]
      },
      "properties": {
        "NO": "736",
        "共通ID": "E0920200012121",
        "施設・場所名": "西中学校",
        "住所": "栃木県足利市山下町2539",
        "指定緊急避難場所との住所同一": "1",
        "その他市町村長が必要と認める事項": null,
        "受入対象者": "要配慮者",
        "備考": ""
      }
    },
    {
      "type": "Feature",
      "geometry": {
        "type": "Point",
        "coordinates": [
          139.415236,
          36.346961
        ]
      },
      "properties": {
        "NO": "737",
        "共通ID": "E0920200012111",
        "施設・場所名": "西中学校",
        "住所": "栃木県足利市山下町2539",
        "指定緊急避難場所との住所同一": "1",
        "その他市町村長が必要と認める事項": "",
        "受入対象者": "",
        "備考": ""
      }
    },
    {
      "type": "Feature",
      "geometry": {
        "type": "Point",
        "coordinates": [
          139.46678,
          36.33417
        ]
      },
      "properties": {
        "NO": "738",
        "共通ID": "E0920200013121",
        "施設・場所名": "東山小学校",
        "住所": "栃木県足利市助戸仲町806",
        "指定緊急避難場所との住所同一": "1",
        "その他市町村長が必要と認める事項": null,
        "受入対象者": "要配慮者",
        "備考": ""
      }
    },
    {
      "type": "Feature",
      "geometry": {
        "type": "Point",
        "coordinates": [
          139.466707,
          36.334154
        ]
      },
      "properties": {
        "NO": "739",
        "共通ID": "E0920200013111",
        "施設・場所名": "東山小学校",
        "住所": "栃木県足利市助戸仲町806",
        "指定緊急避難場所との住所同一": "1",
        "その他市町村長が必要と認める事項": "",
        "受入対象者": "",
        "備考": ""
      }
    },
    {
      "type": "Feature",
      "geometry": {
        "type": "Point",
        "coordinates": [
          139.475244,
          36.277423
        ]
      },
      "properties": {
        "NO": "740",
        "共通ID": "E0920200014121",
        "施設・場所名": "筑波小学校",
        "住所": "栃木県足利市小曽根町517",
        "指定緊急避難場所との住所同一": "1",
        "その他市町村長が必要と認める事項": null,
        "受入対象者": "要配慮者",
        "備考": ""
      }
    },
    {
      "type": "Feature",
      "geometry": {
        "type": "Point",
        "coordinates": [
          139.4751,
          36.277364
        ]
      },
      "properties": {
        "NO": "741",
        "共通ID": "E0920200014111",
        "施設・場所名": "筑波小学校",
        "住所": "栃木県足利市小曽根町517",
        "指定緊急避難場所との住所同一": "1",
        "その他市町村長が必要と認める事項": "",
        "受入対象者": "",
        "備考": ""
      }
    },
    {
      "type": "Feature",
      "geometry": {
        "type": "Point",
        "coordinates": [
          139.377169,
          36.37577
        ]
      },
      "properties": {
        "NO": "742",
        "共通ID": "E0920200015111",
        "施設・場所名": "小俣小学校",
        "住所": "栃木県足利市小俣町670-1",
        "指定緊急避難場所との住所同一": "1",
        "その他市町村長が必要と認める事項": "",
        "受入対象者": "",
        "備考": ""
      }
    },
    {
      "type": "Feature",
      "geometry": {
        "type": "Point",
        "coordinates": [
          139.377309,
          36.375781
        ]
      },
      "properties": {
        "NO": "743",
        "共通ID": "E0920200015121",
        "施設・場所名": "小俣小学校",
        "住所": "栃木県足利市小俣町670-1",
        "指定緊急避難場所との住所同一": "1",
        "その他市町村長が必要と認める事項": null,
        "受入対象者": "要配慮者",
        "備考": ""
      }
    },
    {
      "type": "Feature",
      "geometry": {
        "type": "Point",
        "coordinates": [
          139.484025,
          36.318105
        ]
      },
      "properties": {
        "NO": "744",
        "共通ID": "E0920200016111",
        "施設・場所名": "毛野南小学校",
        "住所": "栃木県足利市常見町1-4",
        "指定緊急避難場所との住所同一": "1",
        "その他市町村長が必要と認める事項": "",
        "受入対象者": "",
        "備考": ""
      }
    },
    {
      "type": "Feature",
      "geometry": {
        "type": "Point",
        "coordinates": [
          139.483902,
          36.318152
        ]
      },
      "properties": {
        "NO": "745",
        "共通ID": "E0920200016121",
        "施設・場所名": "毛野南小学校",
        "住所": "栃木県足利市常見町1-4",
        "指定緊急避難場所との住所同一": "1",
        "その他市町村長が必要と認める事項": null,
        "受入対象者": "要配慮者",
        "備考": ""
      }
    },
    {
      "type": "Feature",
      "geometry": {
        "type": "Point",
        "coordinates": [
          139.468082,
          36.326907
        ]
      },
      "properties": {
        "NO": "746",
        "共通ID": "E0920200017121",
        "施設・場所名": "第三中学校",
        "住所": "栃木県足利市常盤町67",
        "指定緊急避難場所との住所同一": "1",
        "その他市町村長が必要と認める事項": null,
        "受入対象者": "要配慮者",
        "備考": ""
      }
    },
    {
      "type": "Feature",
      "geometry": {
        "type": "Point",
        "coordinates": [
          139.467977,
          36.326939
        ]
      },
      "properties": {
        "NO": "747",
        "共通ID": "E0920200017111",
        "施設・場所名": "第三中学校",
        "住所": "栃木県足利市常盤町67",
        "指定緊急避難場所との住所同一": "1",
        "その他市町村長が必要と認める事項": "",
        "受入対象者": "",
        "備考": ""
      }
    },
    {
      "type": "Feature",
      "geometry": {
        "type": "Point",
        "coordinates": [
          139.477088,
          36.361083
        ]
      },
      "properties": {
        "NO": "748",
        "共通ID": "E0920200018121",
        "施設・場所名": "北中学校",
        "住所": "栃木県足利市菅田町100",
        "指定緊急避難場所との住所同一": "1",
        "その他市町村長が必要と認める事項": null,
        "受入対象者": "要配慮者",
        "備考": ""
      }
    },
    {
      "type": "Feature",
      "geometry": {
        "type": "Point",
        "coordinates": [
          139.477003,
          36.361085
        ]
      },
      "properties": {
        "NO": "749",
        "共通ID": "E0920200018111",
        "施設・場所名": "北中学校",
        "住所": "栃木県足利市菅田町100",
        "指定緊急避難場所との住所同一": "1",
        "その他市町村長が必要と認める事項": "",
        "受入対象者": "",
        "備考": ""
      }
    },
    {
      "type": "Feature",
      "geometry": {
        "type": "Point",
        "coordinates": [
          139.44179,
          36.340492
        ]
      },
      "properties": {
        "NO": "750",
        "共通ID": "E0920200019111",
        "施設・場所名": "さいこうふれあいセンター",
        "住所": "栃木県足利市西宮町2838",
        "指定緊急避難場所との住所同一": "1",
        "その他市町村長が必要と認める事項": "",
        "受入対象者": "",
        "備考": ""
      }
    },
    {
      "type": "Feature",
      "geometry": {
        "type": "Point",
        "coordinates": [
          139.441715,
          36.340498
        ]
      },
      "properties": {
        "NO": "751",
        "共通ID": "E0920200019121",
        "施設・場所名": "さいこうふれあいセンター",
        "住所": "栃木県足利市西宮町2838",
        "指定緊急避難場所との住所同一": "1",
        "その他市町村長が必要と認める事項": null,
        "受入対象者": "要配慮者",
        "備考": ""
      }
    },
    {
      "type": "Feature",
      "geometry": {
        "type": "Point",
        "coordinates": [
          139.442038,
          36.347707
        ]
      },
      "properties": {
        "NO": "752",
        "共通ID": "E0920200020121",
        "施設・場所名": "第一中学校",
        "住所": "栃木県足利市西宮町3045",
        "指定緊急避難場所との住所同一": "1",
        "その他市町村長が必要と認める事項": null,
        "受入対象者": "要配慮者",
        "備考": ""
      }
    },
    {
      "type": "Feature",
      "geometry": {
        "type": "Point",
        "coordinates": [
          139.442067,
          36.347645
        ]
      },
      "properties": {
        "NO": "753",
        "共通ID": "E0920200020111",
        "施設・場所名": "第一中学校",
        "住所": "栃木県足利市西宮町3045",
        "指定緊急避難場所との住所同一": "1",
        "その他市町村長が必要と認める事項": "",
        "受入対象者": "",
        "備考": ""
      }
    },
    {
      "type": "Feature",
      "geometry": {
        "type": "Point",
        "coordinates": [
          139.433357,
          36.317006
        ]
      },
      "properties": {
        "NO": "754",
        "共通ID": "E0920200021111",
        "施設・場所名": "山辺中学校",
        "住所": "栃木県足利市西新井町3157",
        "指定緊急避難場所との住所同一": "1",
        "その他市町村長が必要と認める事項": "",
        "受入対象者": "",
        "備考": ""
      }
    },
    {
      "type": "Feature",
      "geometry": {
        "type": "Point",
        "coordinates": [
          139.433209,
          36.316978
        ]
      },
      "properties": {
        "NO": "755",
        "共通ID": "E0920200021121",
        "施設・場所名": "山辺中学校",
        "住所": "栃木県足利市西新井町3157",
        "指定緊急避難場所との住所同一": "1",
        "その他市町村長が必要と認める事項": null,
        "受入対象者": "要配慮者",
        "備考": ""
      }
    },
    {
      "type": "Feature",
      "geometry": {
        "type": "Point",
        "coordinates": [
          139.46565,
          36.326541
        ]
      },
      "properties": {
        "NO": "756",
        "共通ID": "E0920200022121",
        "施設・場所名": "桜小学校",
        "住所": "栃木県足利市千歳町89",
        "指定緊急避難場所との住所同一": "1",
        "その他市町村長が必要と認める事項": null,
        "受入対象者": "要配慮者",
        "備考": ""
      }
    },
    {
      "type": "Feature",
      "geometry": {
        "type": "Point",
        "coordinates": [
          139.46573,
          36.326526
        ]
      },
      "properties": {
        "NO": "757",
        "共通ID": "E0920200022111",
        "施設・場所名": "桜小学校",
        "住所": "栃木県足利市千歳町89",
        "指定緊急避難場所との住所同一": "1",
        "その他市町村長が必要と認める事項": "",
        "受入対象者": "",
        "備考": ""
      }
    },
    {
      "type": "Feature",
      "geometry": {
        "type": "Point",
        "coordinates": [
          139.459912,
          36.33481
        ]
      },
      "properties": {
        "NO": "758",
        "共通ID": "E0920200023121",
        "施設・場所名": "生涯学習センター",
        "住所": "栃木県足利市相生町1-1",
        "指定緊急避難場所との住所同一": "1",
        "その他市町村長が必要と認める事項": null,
        "受入対象者": "要配慮者",
        "備考": ""
      }
    },
    {
      "type": "Feature",
      "geometry": {
        "type": "Point",
        "coordinates": [
          139.460017,
          36.334792
        ]
      },
      "properties": {
        "NO": "759",
        "共通ID": "E0920200023111",
        "施設・場所名": "生涯学習センター",
        "住所": "栃木県足利市相生町1-1",
        "指定緊急避難場所との住所同一": "1",
        "その他市町村長が必要と認める事項": "",
        "受入対象者": "",
        "備考": ""
      }
    },
    {
      "type": "Feature",
      "geometry": {
        "type": "Point",
        "coordinates": [
          139.499959,
          36.318632
        ]
      },
      "properties": {
        "NO": "760",
        "共通ID": "E0920200024121",
        "施設・場所名": "毛野小学校",
        "住所": "栃木県足利市大久保町1500",
        "指定緊急避難場所との住所同一": "1",
        "その他市町村長が必要と認める事項": null,
        "受入対象者": "要配慮者",
        "備考": ""
      }
    },
    {
      "type": "Feature",
      "geometry": {
        "type": "Point",
        "coordinates": [
          139.500127,
          36.318654
        ]
      },
      "properties": {
        "NO": "761",
        "共通ID": "E0920200024111",
        "施設・場所名": "毛野小学校",
        "住所": "栃木県足利市大久保町1500",
        "指定緊急避難場所との住所同一": "1",
        "その他市町村長が必要と認める事項": "",
        "受入対象者": "",
        "備考": ""
      }
    },
    {
      "type": "Feature",
      "geometry": {
        "type": "Point",
        "coordinates": [
          139.46396,
          36.344072
        ]
      },
      "properties": {
        "NO": "762",
        "共通ID": "E0920200025121",
        "施設・場所名": "青葉小学校",
        "住所": "栃木県足利市大橋町1-2007-1",
        "指定緊急避難場所との住所同一": "1",
        "その他市町村長が必要と認める事項": null,
        "受入対象者": "要配慮者",
        "備考": ""
      }
    },
    {
      "type": "Feature",
      "geometry": {
        "type": "Point",
        "coordinates": [
          139.463795,
          36.344124
        ]
      },
      "properties": {
        "NO": "763",
        "共通ID": "E0920200025111",
        "施設・場所名": "青葉小学校",
        "住所": "栃木県足利市大橋町1-2007-1",
        "指定緊急避難場所との住所同一": "1",
        "その他市町村長が必要と認める事項": "",
        "受入対象者": "",
        "備考": ""
      }
    },
    {
      "type": "Feature",
      "geometry": {
        "type": "Point",
        "coordinates": [
          139.483119,
          36.353987
        ]
      },
      "properties": {
        "NO": "764",
        "共通ID": "E0920200026121",
        "施設・場所名": "大月小学校",
        "住所": "栃木県足利市大月町1089",
        "指定緊急避難場所との住所同一": "1",
        "その他市町村長が必要と認める事項": null,
        "受入対象者": "要配慮者",
        "備考": ""
      }
    },
    {
      "type": "Feature",
      "geometry": {
        "type": "Point",
        "coordinates": [
          139.483016,
          36.354001
        ]
      },
      "properties": {
        "NO": "765",
        "共通ID": "E0920200026111",
        "施設・場所名": "大月小学校",
        "住所": "栃木県足利市大月町1089",
        "指定緊急避難場所との住所同一": "1",
        "その他市町村長が必要と認める事項": "",
        "受入対象者": "",
        "備考": ""
      }
    },
    {
      "type": "Feature",
      "geometry": {
        "type": "Point",
        "coordinates": [
          139.473011,
          36.360467
        ]
      },
      "properties": {
        "NO": "766",
        "共通ID": "E0920200028111",
        "施設・場所名": "北郷小学校",
        "住所": "栃木県足利市田島町1",
        "指定緊急避難場所との住所同一": "1",
        "その他市町村長が必要と認める事項": "",
        "受入対象者": "",
        "備考": ""
      }
    },
    {
      "type": "Feature",
      "geometry": {
        "type": "Point",
        "coordinates": [
          139.472856,
          36.360475
        ]
      },
      "properties": {
        "NO": "767",
        "共通ID": "E0920200028121",
        "施設・場所名": "北郷小学校",
        "住所": "栃木県足利市田島町1",
        "指定緊急避難場所との住所同一": "1",
        "その他市町村長が必要と認める事項": null,
        "受入対象者": "要配慮者",
        "備考": ""
      }
    },
    {
      "type": "Feature",
      "geometry": {
        "type": "Point",
        "coordinates": [
          139.437127,
          36.323833
        ]
      },
      "properties": {
        "NO": "768",
        "共通ID": "E0920200030111",
        "施設・場所名": "山辺小学校",
        "住所": "栃木県足利市八幡町386",
        "指定緊急避難場所との住所同一": "1",
        "その他市町村長が必要と認める事項": "",
        "受入対象者": "",
        "備考": ""
      }
    },
    {
      "type": "Feature",
      "geometry": {
        "type": "Point",
        "coordinates": [
          139.437177,
          36.323912
        ]
      },
      "properties": {
        "NO": "769",
        "共通ID": "E0920200030121",
        "施設・場所名": "山辺小学校",
        "住所": "栃木県足利市八幡町386",
        "指定緊急避難場所との住所同一": "1",
        "その他市町村長が必要と認める事項": null,
        "受入対象者": "要配慮者",
        "備考": ""
      }
    },
    {
      "type": "Feature",
      "geometry": {
        "type": "Point",
        "coordinates": [
          139.50086,
          36.319843
        ]
      },
      "properties": {
        "NO": "770",
        "共通ID": "E0920200031121",
        "施設・場所名": "毛野中学校",
        "住所": "栃木県足利市八椚町27",
        "指定緊急避難場所との住所同一": "1",
        "その他市町村長が必要と認める事項": null,
        "受入対象者": "要配慮者",
        "備考": ""
      }
    },
    {
      "type": "Feature",
      "geometry": {
        "type": "Point",
        "coordinates": [
          139.500651,
          36.319894
        ]
      },
      "properties": {
        "NO": "771",
        "共通ID": "E0920200031111",
        "施設・場所名": "毛野中学校",
        "住所": "栃木県足利市八椚町27",
        "指定緊急避難場所との住所同一": "1",
        "その他市町村長が必要と認める事項": "",
        "受入対象者": "",
        "備考": ""
      }
    },
    {
      "type": "Feature",
      "geometry": {
        "type": "Point",
        "coordinates": [
          139.461994,
          36.293818
        ]
      },
      "properties": {
        "NO": "772",
        "共通ID": "E0920200032121",
        "施設・場所名": "協和中学校",
        "住所": "栃木県足利市百頭町160",
        "指定緊急避難場所との住所同一": "1",
        "その他市町村長が必要と認める事項": null,
        "受入対象者": "要配慮者",
        "備考": ""
      }
    },
    {
      "type": "Feature",
      "geometry": {
        "type": "Point",
        "coordinates": [
          139.462123,
          36.293807
        ]
      },
      "properties": {
        "NO": "773",
        "共通ID": "E0920200032111",
        "施設・場所名": "協和中学校",
        "住所": "栃木県足利市百頭町160",
        "指定緊急避難場所との住所同一": "1",
        "その他市町村長が必要と認める事項": "",
        "受入対象者": "",
        "備考": ""
      }
    },
    {
      "type": "Feature",
      "geometry": {
        "type": "Point",
        "coordinates": [
          139.455162,
          36.30015
        ]
      },
      "properties": {
        "NO": "774",
        "共通ID": "E0920200033121",
        "施設・場所名": "旧協和中学校体育館",
        "住所": "栃木県足利市百頭町2017",
        "指定緊急避難場所との住所同一": "1",
        "その他市町村長が必要と認める事項": null,
        "受入対象者": "要配慮者",
        "備考": ""
      }
    },
    {
      "type": "Feature",
      "geometry": {
        "type": "Point",
        "coordinates": [
          139.455287,
          36.300173
        ]
      },
      "properties": {
        "NO": "775",
        "共通ID": "E0920200033111",
        "施設・場所名": "旧協和中体育館（コミュニティ体育館）",
        "住所": "栃木県足利市百頭町2017",
        "指定緊急避難場所との住所同一": "1",
        "その他市町村長が必要と認める事項": "",
        "受入対象者": "",
        "備考": ""
      }
    },
    {
      "type": "Feature",
      "geometry": {
        "type": "Point",
        "coordinates": [
          139.457753,
          36.303413
        ]
      },
      "properties": {
        "NO": "776",
        "共通ID": "E0920200034111",
        "施設・場所名": "御厨小学校",
        "住所": "栃木県足利市福居町19",
        "指定緊急避難場所との住所同一": "1",
        "その他市町村長が必要と認める事項": "",
        "受入対象者": "",
        "備考": ""
      }
    },
    {
      "type": "Feature",
      "geometry": {
        "type": "Point",
        "coordinates": [
          139.457619,
          36.303416
        ]
      },
      "properties": {
        "NO": "777",
        "共通ID": "E0920200034121",
        "施設・場所名": "御厨小学校",
        "住所": "栃木県足利市福居町19",
        "指定緊急避難場所との住所同一": "1",
        "その他市町村長が必要と認める事項": null,
        "受入対象者": "要配慮者",
        "備考": ""
      }
    },
    {
      "type": "Feature",
      "geometry": {
        "type": "Point",
        "coordinates": [
          139.479403,
          36.306108
        ]
      },
      "properties": {
        "NO": "778",
        "共通ID": "E0920200035121",
        "施設・場所名": "梁田小学校",
        "住所": "栃木県足利市福富町392-2",
        "指定緊急避難場所との住所同一": "1",
        "その他市町村長が必要と認める事項": null,
        "受入対象者": "要配慮者",
        "備考": ""
      }
    },
    {
      "type": "Feature",
      "geometry": {
        "type": "Point",
        "coordinates": [
          139.479495,
          36.306072
        ]
      },
      "properties": {
        "NO": "779",
        "共通ID": "E0920200035111",
        "施設・場所名": "梁田小学校",
        "住所": "栃木県足利市福富町392-2",
        "指定緊急避難場所との住所同一": "1",
        "その他市町村長が必要と認める事項": "",
        "受入対象者": "",
        "備考": ""
      }
    },
    {
      "type": "Feature",
      "geometry": {
        "type": "Point",
        "coordinates": [
          139.43831,
          36.31855
        ]
      },
      "properties": {
        "NO": "780",
        "共通ID": "E0920200036111",
        "施設・場所名": "南小学校",
        "住所": "栃木県足利市堀込町2719",
        "指定緊急避難場所との住所同一": "1",
        "その他市町村長が必要と認める事項": "",
        "受入対象者": "",
        "備考": ""
      }
    },
    {
      "type": "Feature",
      "geometry": {
        "type": "Point",
        "coordinates": [
          139.438321,
          36.318709
        ]
      },
      "properties": {
        "NO": "781",
        "共通ID": "E0920200036121",
        "施設・場所名": "南小学校",
        "住所": "栃木県足利市堀込町2719",
        "指定緊急避難場所との住所同一": "1",
        "その他市町村長が必要と認める事項": null,
        "受入対象者": "要配慮者",
        "備考": ""
      }
    },
    {
      "type": "Feature",
      "geometry": {
        "type": "Point",
        "coordinates": [
          139.457385,
          36.348513
        ]
      },
      "properties": {
        "NO": "782",
        "共通ID": "E0920200037121",
        "施設・場所名": "第二中学校",
        "住所": "栃木県足利市本城1-1472",
        "指定緊急避難場所との住所同一": "1",
        "その他市町村長が必要と認める事項": null,
        "受入対象者": "要配慮者",
        "備考": ""
      }
    },
    {
      "type": "Feature",
      "geometry": {
        "type": "Point",
        "coordinates": [
          139.457283,
          36.348531
        ]
      },
      "properties": {
        "NO": "783",
        "共通ID": "E0920200037111",
        "施設・場所名": "第二中学校",
        "住所": "栃木県足利市本城1-1472",
        "指定緊急避難場所との住所同一": "1",
        "その他市町村長が必要と認める事項": "",
        "受入対象者": "",
        "備考": ""
      }
    },
    {
      "type": "Feature",
      "geometry": {
        "type": "Point",
        "coordinates": [
          139.451559,
          36.340493
        ]
      },
      "properties": {
        "NO": "784",
        "共通ID": "E0920200038111",
        "施設・場所名": "けやき小学校",
        "住所": "栃木県足利市柳原町861",
        "指定緊急避難場所との住所同一": "1",
        "その他市町村長が必要と認める事項": "",
        "受入対象者": "",
        "備考": ""
      }
    },
    {
      "type": "Feature",
      "geometry": {
        "type": "Point",
        "coordinates": [
          139.451579,
          36.340521
        ]
      },
      "properties": {
        "NO": "785",
        "共通ID": "E0920200038121",
        "施設・場所名": "けやき小学校",
        "住所": "栃木県足利市柳原町861",
        "指定緊急避難場所との住所同一": "1",
        "その他市町村長が必要と認める事項": null,
        "受入対象者": "要配慮者",
        "備考": ""
      }
    },
    {
      "type": "Feature",
      "geometry": {
        "type": "Point",
        "coordinates": [
          139.389005,
          36.365248
        ]
      },
      "properties": {
        "NO": "786",
        "共通ID": "E0920200039111",
        "施設・場所名": "葉鹿小学校",
        "住所": "栃木県足利市葉鹿町1-14-2",
        "指定緊急避難場所との住所同一": "1",
        "その他市町村長が必要と認める事項": "",
        "受入対象者": "",
        "備考": ""
      }
    },
    {
      "type": "Feature",
      "geometry": {
        "type": "Point",
        "coordinates": [
          139.389111,
          36.365147
        ]
      },
      "properties": {
        "NO": "787",
        "共通ID": "E0920200039121",
        "施設・場所名": "葉鹿小学校",
        "住所": "栃木県足利市葉鹿町1-14-2",
        "指定緊急避難場所との住所同一": "1",
        "その他市町村長が必要と認める事項": null,
        "受入対象者": "要配慮者",
        "備考": ""
      }
    },
    {
      "type": "Feature",
      "geometry": {
        "type": "Point",
        "coordinates": [
          139.391082,
          36.368711
        ]
      },
      "properties": {
        "NO": "788",
        "共通ID": "E0920200040121",
        "施設・場所名": "坂西中学校",
        "住所": "栃木県足利市葉鹿町1498",
        "指定緊急避難場所との住所同一": "1",
        "その他市町村長が必要と認める事項": null,
        "受入対象者": "要配慮者",
        "備考": ""
      }
    },
    {
      "type": "Feature",
      "geometry": {
        "type": "Point",
        "coordinates": [
          139.390984,
          36.368695
        ]
      },
      "properties": {
        "NO": "789",
        "共通ID": "E0920200040111",
        "施設・場所名": "坂西中学校",
        "住所": "栃木県足利市葉鹿町1498",
        "指定緊急避難場所との住所同一": "1",
        "その他市町村長が必要と認める事項": "",
        "受入対象者": "",
        "備考": ""
      }
    },
    {
      "type": "Feature",
      "geometry": {
        "type": "Point",
        "coordinates": [
          139.472442,
          36.356787
        ]
      },
      "properties": {
        "NO": "790",
        "共通ID": "E0920200041111",
        "施設・場所名": "北郷公民館体育館",
        "住所": "栃木県足利市利保町2-14-1",
        "指定緊急避難場所との住所同一": "1",
        "その他市町村長が必要と認める事項": "",
        "受入対象者": "",
        "備考": ""
      }
    },
    {
      "type": "Feature",
      "geometry": {
        "type": "Point",
        "coordinates": [
          139.472489,
          36.356847
        ]
      },
      "properties": {
        "NO": "791",
        "共通ID": "E0920200041121",
        "施設・場所名": "北郷公民館体育館",
        "住所": "栃木県足利市利保町2-14-1",
        "指定緊急避難場所との住所同一": "1",
        "その他市町村長が必要と認める事項": null,
        "受入対象者": "要配慮者",
        "備考": ""
      }
    },
    {
      "type": "Feature",
      "geometry": {
        "type": "Point",
        "coordinates": [
          139.425391,
          36.309138
        ]
      },
      "properties": {
        "NO": "792",
        "共通ID": "E0920200042121",
        "施設・場所名": "矢場川小学校",
        "住所": "栃木県足利市里矢場町1998",
        "指定緊急避難場所との住所同一": "1",
        "その他市町村長が必要と認める事項": null,
        "受入対象者": "要配慮者",
        "備考": ""
      }
    },
    {
      "type": "Feature",
      "geometry": {
        "type": "Point",
        "coordinates": [
          139.425323,
          36.309135
        ]
      },
      "properties": {
        "NO": "793",
        "共通ID": "E0920200042111",
        "施設・場所名": "矢場川小学校",
        "住所": "栃木県足利市里矢場町1998",
        "指定緊急避難場所との住所同一": "1",
        "その他市町村長が必要と認める事項": "",
        "受入対象者": "",
        "備考": ""
      }
    },
    {
      "type": "Feature",
      "geometry": {
        "type": "Point",
        "coordinates": [
          140.047827,
          36.834047
        ]
      },
      "properties": {
        "NO": "794",
        "共通ID": "E0921000001111",
        "施設・場所名": "宇田川小学校",
        "住所": "栃木県大田原市宇田川829",
        "指定緊急避難場所との住所同一": "1",
        "その他市町村長が必要と認める事項": null,
        "受入対象者": null,
        "備考": ""
      }
    },
    {
      "type": "Feature",
      "geometry": {
        "type": "Point",
        "coordinates": [
          140.08514,
          36.911893
        ]
      },
      "properties": {
        "NO": "795",
        "共通ID": "E0921000002111",
        "施設・場所名": "羽田小学校",
        "住所": "栃木県大田原市羽田644",
        "指定緊急避難場所との住所同一": "1",
        "その他市町村長が必要と認める事項": null,
        "受入対象者": null,
        "備考": ""
      }
    },
    {
      "type": "Feature",
      "geometry": {
        "type": "Point",
        "coordinates": [
          140.068108,
          36.857063
        ]
      },
      "properties": {
        "NO": "796",
        "共通ID": "E0921000003111",
        "施設・場所名": "奥沢小学校",
        "住所": "栃木県大田原市奥沢175",
        "指定緊急避難場所との住所同一": "1",
        "その他市町村長が必要と認める事項": null,
        "受入対象者": null,
        "備考": ""
      }
    },
    {
      "type": "Feature",
      "geometry": {
        "type": "Point",
        "coordinates": [
          140.026046,
          36.832328
        ]
      },
      "properties": {
        "NO": "797",
        "共通ID": "E0921000004111",
        "施設・場所名": "親園中学校",
        "住所": "栃木県大田原市花園1-87",
        "指定緊急避難場所との住所同一": "1",
        "その他市町村長が必要と認める事項": null,
        "受入対象者": null,
        "備考": ""
      }
    },
    {
      "type": "Feature",
      "geometry": {
        "type": "Point",
        "coordinates": [
          140.039713,
          36.826521
        ]
      },
      "properties": {
        "NO": "798",
        "共通ID": "E0921000005111",
        "施設・場所名": "親園農村環境改善センター",
        "住所": "栃木県大田原市花園1973",
        "指定緊急避難場所との住所同一": "1",
        "その他市町村長が必要と認める事項": "",
        "受入対象者": "",
        "備考": ""
      }
    },
    {
      "type": "Feature",
      "geometry": {
        "type": "Point",
        "coordinates": [
          140.109412,
          36.922192
        ]
      },
      "properties": {
        "NO": "799",
        "共通ID": "E0921000006112",
        "施設・場所名": "寒井北部公民館",
        "住所": "栃木県大田原市寒井1643",
        "指定緊急避難場所との住所同一": "1",
        "その他市町村長が必要と認める事項": "",
        "受入対象者": "",
        "備考": ""
      }
    },
    {
      "type": "Feature",
      "geometry": {
        "type": "Point",
        "coordinates": [
          140.111563,
          36.905742
        ]
      },
      "properties": {
        "NO": "800",
        "共通ID": "E0921000007111",
        "施設・場所名": "旧寒井小学校",
        "住所": "栃木県大田原市寒井244-35",
        "指定緊急避難場所との住所同一": "1",
        "その他市町村長が必要と認める事項": null,
        "受入対象者": null,
        "備考": ""
      }
    },
    {
      "type": "Feature",
      "geometry": {
        "type": "Point",
        "coordinates": [
          140.11488,
          36.901912
        ]
      },
      "properties": {
        "NO": "801",
        "共通ID": "E0921000008111",
        "施設・場所名": "寒井南部公民館",
        "住所": "栃木県大田原市寒井245",
        "指定緊急避難場所との住所同一": "1",
        "その他市町村長が必要と認める事項": null,
        "受入対象者": null,
        "備考": ""
      }
    },
    {
      "type": "Feature",
      "geometry": {
        "type": "Point",
        "coordinates": [
          140.115404,
          36.91433
        ]
      },
      "properties": {
        "NO": "802",
        "共通ID": "E0921000009112",
        "施設・場所名": "寒井本郷集会所",
        "住所": "栃木県大田原市寒井811-1",
        "指定緊急避難場所との住所同一": "1",
        "その他市町村長が必要と認める事項": "",
        "受入対象者": "",
        "備考": ""
      }
    },
    {
      "type": "Feature",
      "geometry": {
        "type": "Point",
        "coordinates": [
          140.153465,
          36.811913
        ]
      },
      "properties": {
        "NO": "803",
        "共通ID": "E0921000097111",
        "施設・場所名": "亀久公民館",
        "住所": "栃木県大田原市亀久824",
        "指定緊急避難場所との住所同一": "1",
        "その他市町村長が必要と認める事項": "",
        "受入対象者": "",
        "備考": ""
      }
    },
    {
      "type": "Feature",
      "geometry": {
        "type": "Point",
        "coordinates": [
          140.147134,
          36.895188
        ]
      },
      "properties": {
        "NO": "804",
        "共通ID": "E0921000118111",
        "施設・場所名": "久野又集会所",
        "住所": "栃木県大田原市久野又249",
        "指定緊急避難場所との住所同一": "1",
        "その他市町村長が必要と認める事項": "",
        "受入対象者": "",
        "備考": ""
      }
    },
    {
      "type": "Feature",
      "geometry": {
        "type": "Point",
        "coordinates": [
          140.032871,
          36.862518
        ]
      },
      "properties": {
        "NO": "805",
        "共通ID": "E0921000012111",
        "施設・場所名": "大田原女子高等学校",
        "住所": "栃木県大田原市元町1-5-43",
        "指定緊急避難場所との住所同一": "1",
        "その他市町村長が必要と認める事項": null,
        "受入対象者": null,
        "備考": ""
      }
    },
    {
      "type": "Feature",
      "geometry": {
        "type": "Point",
        "coordinates": [
          140.11748,
          36.862867
        ]
      },
      "properties": {
        "NO": "806",
        "共通ID": "E0921000098111",
        "施設・場所名": "黒羽商工会",
        "住所": "栃木県大田原市黒羽向町112-2",
        "指定緊急避難場所との住所同一": "1",
        "その他市町村長が必要と認める事項": "",
        "受入対象者": "",
        "備考": ""
      }
    },
    {
      "type": "Feature",
      "geometry": {
        "type": "Point",
        "coordinates": [
          140.120038,
          36.877226
        ]
      },
      "properties": {
        "NO": "807",
        "共通ID": "E0921000099111",
        "施設・場所名": "奥沢公民館",
        "住所": "栃木県大田原市黒羽向町1229",
        "指定緊急避難場所との住所同一": "1",
        "その他市町村長が必要と認める事項": "",
        "受入対象者": "",
        "備考": ""
      }
    },
    {
      "type": "Feature",
      "geometry": {
        "type": "Point",
        "coordinates": [
          140.114385,
          36.873809
        ]
      },
      "properties": {
        "NO": "808",
        "共通ID": "E0921000015112",
        "施設・場所名": "旧川西中学校",
        "住所": "栃木県大田原市黒羽向町1555",
        "指定緊急避難場所との住所同一": "1",
        "その他市町村長が必要と認める事項": "",
        "受入対象者": "",
        "備考": ""
      }
    },
    {
      "type": "Feature",
      "geometry": {
        "type": "Point",
        "coordinates": [
          140.115316,
          36.861746
        ]
      },
      "properties": {
        "NO": "809",
        "共通ID": "E0921000016111",
        "施設・場所名": "川西高齢者ほほえみセンター",
        "住所": "栃木県大田原市黒羽向町409-1",
        "指定緊急避難場所との住所同一": "1",
        "その他市町村長が必要と認める事項": null,
        "受入対象者": null,
        "備考": ""
      }
    },
    {
      "type": "Feature",
      "geometry": {
        "type": "Point",
        "coordinates": [
          140.110516,
          36.867167
        ]
      },
      "properties": {
        "NO": "810",
        "共通ID": "E0921000017111",
        "施設・場所名": "川西小学校",
        "住所": "栃木県大田原市黒羽向町618",
        "指定緊急避難場所との住所同一": "1",
        "その他市町村長が必要と認める事項": null,
        "受入対象者": null,
        "備考": ""
      }
    },
    {
      "type": "Feature",
      "geometry": {
        "type": "Point",
        "coordinates": [
          140.110201,
          36.871976
        ]
      },
      "properties": {
        "NO": "811",
        "共通ID": "E0921000018111",
        "施設・場所名": "築地集会所",
        "住所": "栃木県大田原市黒羽向町761-3",
        "指定緊急避難場所との住所同一": "1",
        "その他市町村長が必要と認める事項": null,
        "受入対象者": null,
        "備考": ""
      }
    },
    {
      "type": "Feature",
      "geometry": {
        "type": "Point",
        "coordinates": [
          140.121665,
          36.862684
        ]
      },
      "properties": {
        "NO": "812",
        "共通ID": "E0921000019111",
        "施設・場所名": "黒羽・川西地区公民館",
        "住所": "栃木県大田原市黒羽田町848",
        "指定緊急避難場所との住所同一": "1",
        "その他市町村長が必要と認める事項": null,
        "受入対象者": null,
        "備考": ""
      }
    },
    {
      "type": "Feature",
      "geometry": {
        "type": "Point",
        "coordinates": [
          140.011277,
          36.805399
        ]
      },
      "properties": {
        "NO": "813",
        "共通ID": "E0921000020111",
        "施設・場所名": "佐久山地区公民館",
        "住所": "栃木県大田原市佐久山2287-1",
        "指定緊急避難場所との住所同一": "1",
        "その他市町村長が必要と認める事項": null,
        "受入対象者": null,
        "備考": ""
      }
    },
    {
      "type": "Feature",
      "geometry": {
        "type": "Point",
        "coordinates": [
          140.032519,
          36.798503
        ]
      },
      "properties": {
        "NO": "814",
        "共通ID": "E0921000021111",
        "施設・場所名": "旧佐久山中学校",
        "住所": "栃木県大田原市佐久山4427-107",
        "指定緊急避難場所との住所同一": "1",
        "その他市町村長が必要と認める事項": null,
        "受入対象者": null,
        "備考": ""
      }
    },
    {
      "type": "Feature",
      "geometry": {
        "type": "Point",
        "coordinates": [
          140.10746,
          36.795557
        ]
      },
      "properties": {
        "NO": "815",
        "共通ID": "E0921000022112",
        "施設・場所名": "佐良土西コミュニティセンター",
        "住所": "栃木県大田原市佐良土1207",
        "指定緊急避難場所との住所同一": "1",
        "その他市町村長が必要と認める事項": "",
        "受入対象者": "",
        "備考": ""
      }
    },
    {
      "type": "Feature",
      "geometry": {
        "type": "Point",
        "coordinates": [
          140.122183,
          36.78982
        ]
      },
      "properties": {
        "NO": "816",
        "共通ID": "E0921000023111",
        "施設・場所名": "佐良土多目的交流センター",
        "住所": "栃木県大田原市佐良土853",
        "指定緊急避難場所との住所同一": "1",
        "その他市町村長が必要と認める事項": null,
        "受入対象者": null,
        "備考": ""
      }
    },
    {
      "type": "Feature",
      "geometry": {
        "type": "Point",
        "coordinates": [
          140.119639,
          36.792951
        ]
      },
      "properties": {
        "NO": "817",
        "共通ID": "E0921000024111",
        "施設・場所名": "旧佐良土小学校",
        "住所": "栃木県大田原市佐良土901-3",
        "指定緊急避難場所との住所同一": "1",
        "その他市町村長が必要と認める事項": "",
        "受入対象者": "",
        "備考": ""
      }
    },
    {
      "type": "Feature",
      "geometry": {
        "type": "Point",
        "coordinates": [
          140.048122,
          36.897318
        ]
      },
      "properties": {
        "NO": "818",
        "共通ID": "E0921000025111",
        "施設・場所名": "金田北地区公民館",
        "住所": "栃木県大田原市市野沢1988-1",
        "指定緊急避難場所との住所同一": "1",
        "その他市町村長が必要と認める事項": null,
        "受入対象者": null,
        "備考": ""
      }
    },
    {
      "type": "Feature",
      "geometry": {
        "type": "Point",
        "coordinates": [
          140.048726,
          36.895225
        ]
      },
      "properties": {
        "NO": "819",
        "共通ID": "E0921000026111",
        "施設・場所名": "金田北中学校",
        "住所": "栃木県大田原市市野沢2067",
        "指定緊急避難場所との住所同一": "1",
        "その他市町村長が必要と認める事項": null,
        "受入対象者": null,
        "備考": ""
      }
    },
    {
      "type": "Feature",
      "geometry": {
        "type": "Point",
        "coordinates": [
          140.047733,
          36.894633
        ]
      },
      "properties": {
        "NO": "820",
        "共通ID": "E0921000027111",
        "施設・場所名": "市野沢小学校",
        "住所": "栃木県大田原市市野沢2077",
        "指定緊急避難場所との住所同一": "1",
        "その他市町村長が必要と認める事項": null,
        "受入対象者": null,
        "備考": ""
      }
    },
    {
      "type": "Feature",
      "geometry": {
        "type": "Point",
        "coordinates": [
          140.014808,
          36.875949
        ]
      },
      "properties": {
        "NO": "821",
        "共通ID": "E0921000028111",
        "施設・場所名": "紫塚小学校",
        "住所": "栃木県大田原市紫塚1-7-1",
        "指定緊急避難場所との住所同一": "1",
        "その他市町村長が必要と認める事項": null,
        "受入対象者": null,
        "備考": ""
      }
    },
    {
      "type": "Feature",
      "geometry": {
        "type": "Point",
        "coordinates": [
          140.017403,
          36.876202
        ]
      },
      "properties": {
        "NO": "822",
        "共通ID": "E0921000029111",
        "施設・場所名": "大田原高等学校",
        "住所": "栃木県大田原市紫塚3-2651",
        "指定緊急避難場所との住所同一": "1",
        "その他市町村長が必要と認める事項": null,
        "受入対象者": null,
        "備考": ""
      }
    },
    {
      "type": "Feature",
      "geometry": {
        "type": "Point",
        "coordinates": [
          140.16712,
          36.916951
        ]
      },
      "properties": {
        "NO": "823",
        "共通ID": "E0921000102111",
        "施設・場所名": "寺宿集会所",
        "住所": "栃木県大田原市寺宿303",
        "指定緊急避難場所との住所同一": "1",
        "その他市町村長が必要と認める事項": "",
        "受入対象者": "",
        "備考": ""
      }
    },
    {
      "type": "Feature",
      "geometry": {
        "type": "Point",
        "coordinates": [
          140.040077,
          36.853739
        ]
      },
      "properties": {
        "NO": "824",
        "共通ID": "E0921000031111",
        "施設・場所名": "大田原東地区公民館",
        "住所": "栃木県大田原市若草1-1287-1",
        "指定緊急避難場所との住所同一": "1",
        "その他市町村長が必要と認める事項": null,
        "受入対象者": null,
        "備考": ""
      }
    },
    {
      "type": "Feature",
      "geometry": {
        "type": "Point",
        "coordinates": [
          140.040437,
          36.856952
        ]
      },
      "properties": {
        "NO": "825",
        "共通ID": "E0921000032111",
        "施設・場所名": "若草中学校",
        "住所": "栃木県大田原市若草2-1234",
        "指定緊急避難場所との住所同一": "1",
        "その他市町村長が必要と認める事項": null,
        "受入対象者": null,
        "備考": ""
      }
    },
    {
      "type": "Feature",
      "geometry": {
        "type": "Point",
        "coordinates": [
          139.945093,
          36.859301
        ]
      },
      "properties": {
        "NO": "826",
        "共通ID": "E0921000033111",
        "施設・場所名": "石上小学校",
        "住所": "栃木県大田原市上石上1528",
        "指定緊急避難場所との住所同一": "1",
        "その他市町村長が必要と認める事項": null,
        "受入対象者": null,
        "備考": ""
      }
    },
    {
      "type": "Feature",
      "geometry": {
        "type": "Point",
        "coordinates": [
          140.030533,
          36.865541
        ]
      },
      "properties": {
        "NO": "827",
        "共通ID": "E0921000034111",
        "施設・場所名": "大田原小学校",
        "住所": "栃木県大田原市城山1-4-36",
        "指定緊急避難場所との住所同一": "1",
        "その他市町村長が必要と認める事項": null,
        "受入対象者": null,
        "備考": ""
      }
    },
    {
      "type": "Feature",
      "geometry": {
        "type": "Point",
        "coordinates": [
          140.069102,
          36.814207
        ]
      },
      "properties": {
        "NO": "828",
        "共通ID": "E0921000035112",
        "施設・場所名": "新宿公民館",
        "住所": "栃木県大田原市新宿587-1",
        "指定緊急避難場所との住所同一": "1",
        "その他市町村長が必要と認める事項": "",
        "受入対象者": "",
        "備考": ""
      }
    },
    {
      "type": "Feature",
      "geometry": {
        "type": "Point",
        "coordinates": [
          140.016827,
          36.827282
        ]
      },
      "properties": {
        "NO": "829",
        "共通ID": "E0921000036111",
        "施設・場所名": "親園小学校",
        "住所": "栃木県大田原市親園618",
        "指定緊急避難場所との住所同一": "1",
        "その他市町村長が必要と認める事項": null,
        "受入対象者": null,
        "備考": ""
      }
    },
    {
      "type": "Feature",
      "geometry": {
        "type": "Point",
        "coordinates": [
          140.24566,
          36.819892
        ]
      },
      "properties": {
        "NO": "830",
        "共通ID": "E0921000037112",
        "施設・場所名": "須賀川中自治公民館",
        "住所": "栃木県大田原市須賀川1846",
        "指定緊急避難場所との住所同一": "1",
        "その他市町村長が必要と認める事項": "",
        "受入対象者": "",
        "備考": ""
      }
    },
    {
      "type": "Feature",
      "geometry": {
        "type": "Point",
        "coordinates": [
          140.25379,
          36.802935
        ]
      },
      "properties": {
        "NO": "831",
        "共通ID": "E0921000038111",
        "施設・場所名": "須賀川下組会館",
        "住所": "栃木県大田原市須賀川931",
        "指定緊急避難場所との住所同一": "1",
        "その他市町村長が必要と認める事項": null,
        "受入対象者": null,
        "備考": ""
      }
    },
    {
      "type": "Feature",
      "geometry": {
        "type": "Point",
        "coordinates": [
          140.20417,
          36.84418
        ]
      },
      "properties": {
        "NO": "832",
        "共通ID": "E0921000119111",
        "施設・場所名": "黒羽農業構造改善センター",
        "住所": "栃木県大田原市須佐木53",
        "指定緊急避難場所との住所同一": "1",
        "その他市町村長が必要と認める事項": "",
        "受入対象者": "",
        "備考": ""
      }
    },
    {
      "type": "Feature",
      "geometry": {
        "type": "Point",
        "coordinates": [
          140.191428,
          36.840377
        ]
      },
      "properties": {
        "NO": "833",
        "共通ID": "E0921000039111",
        "施設・場所名": "旧須佐木小学校",
        "住所": "栃木県大田原市須佐木540",
        "指定緊急避難場所との住所同一": "1",
        "その他市町村長が必要と認める事項": null,
        "受入対象者": null,
        "備考": ""
      }
    },
    {
      "type": "Feature",
      "geometry": {
        "type": "Point",
        "coordinates": [
          140.191108,
          36.838963
        ]
      },
      "properties": {
        "NO": "834",
        "共通ID": "E0921000120111",
        "施設・場所名": "須佐木中組公民館",
        "住所": "栃木県大田原市須佐木757-1",
        "指定緊急避難場所との住所同一": "1",
        "その他市町村長が必要と認める事項": "",
        "受入対象者": "",
        "備考": ""
      }
    },
    {
      "type": "Feature",
      "geometry": {
        "type": "Point",
        "coordinates": [
          140.190909,
          36.832827
        ]
      },
      "properties": {
        "NO": "835",
        "共通ID": "E0921000041111",
        "施設・場所名": "須佐木下多目的センター",
        "住所": "栃木県大田原市須佐木930-1",
        "指定緊急避難場所との住所同一": "1",
        "その他市町村長が必要と認める事項": "",
        "受入対象者": "",
        "備考": ""
      }
    },
    {
      "type": "Feature",
      "geometry": {
        "type": "Point",
        "coordinates": [
          140.217577,
          36.882436
        ]
      },
      "properties": {
        "NO": "836",
        "共通ID": "E0921000106111",
        "施設・場所名": "川上健康増進センター",
        "住所": "栃木県大田原市川上184",
        "指定緊急避難場所との住所同一": "1",
        "その他市町村長が必要と認める事項": "",
        "受入対象者": "",
        "備考": ""
      }
    },
    {
      "type": "Feature",
      "geometry": {
        "type": "Point",
        "coordinates": [
          140.127353,
          36.915656
        ]
      },
      "properties": {
        "NO": "837",
        "共通ID": "E0921000107111",
        "施設・場所名": "川田公民館",
        "住所": "栃木県大田原市川田144",
        "指定緊急避難場所との住所同一": "1",
        "その他市町村長が必要と認める事項": "",
        "受入対象者": "",
        "備考": ""
      }
    },
    {
      "type": "Feature",
      "geometry": {
        "type": "Point",
        "coordinates": [
          140.015161,
          36.856025
        ]
      },
      "properties": {
        "NO": "838",
        "共通ID": "E0921000044111",
        "施設・場所名": "大田原西地区公民館",
        "住所": "栃木県大田原市浅香3-3578-747",
        "指定緊急避難場所との住所同一": "1",
        "その他市町村長が必要と認める事項": null,
        "受入対象者": null,
        "備考": ""
      }
    },
    {
      "type": "Feature",
      "geometry": {
        "type": "Point",
        "coordinates": [
          140.126002,
          36.868279
        ]
      },
      "properties": {
        "NO": "839",
        "共通ID": "E0921000046111",
        "施設・場所名": "前田集会所",
        "住所": "栃木県大田原市前田212-3",
        "指定緊急避難場所との住所同一": "1",
        "その他市町村長が必要と認める事項": null,
        "受入対象者": null,
        "備考": ""
      }
    },
    {
      "type": "Feature",
      "geometry": {
        "type": "Point",
        "coordinates": [
          140.137706,
          36.867397
        ]
      },
      "properties": {
        "NO": "840",
        "共通ID": "E0921000047111",
        "施設・場所名": "黒羽高等学校",
        "住所": "栃木県大田原市前田780",
        "指定緊急避難場所との住所同一": "1",
        "その他市町村長が必要と認める事項": null,
        "受入対象者": null,
        "備考": ""
      }
    },
    {
      "type": "Feature",
      "geometry": {
        "type": "Point",
        "coordinates": [
          140.160169,
          36.907122
        ]
      },
      "properties": {
        "NO": "841",
        "共通ID": "E0921000048111",
        "施設・場所名": "大久保集会所",
        "住所": "栃木県大田原市大久保365",
        "指定緊急避難場所との住所同一": "1",
        "その他市町村長が必要と認める事項": null,
        "受入対象者": null,
        "備考": ""
      }
    },
    {
      "type": "Feature",
      "geometry": {
        "type": "Point",
        "coordinates": [
          140.116614,
          36.856708
        ]
      },
      "properties": {
        "NO": "842",
        "共通ID": "E0921000049111",
        "施設・場所名": "大豆田公民館",
        "住所": "栃木県大田原市大豆田413",
        "指定緊急避難場所との住所同一": "1",
        "その他市町村長が必要と認める事項": null,
        "受入対象者": null,
        "備考": ""
      }
    },
    {
      "type": "Feature",
      "geometry": {
        "type": "Point",
        "coordinates": [
          140.124119,
          36.890347
        ]
      },
      "properties": {
        "NO": "843",
        "共通ID": "E0921000051111",
        "施設・場所名": "大輪集会所",
        "住所": "栃木県大田原市大輪275",
        "指定緊急避難場所との住所同一": "1",
        "その他市町村長が必要と認める事項": null,
        "受入対象者": null,
        "備考": ""
      }
    },
    {
      "type": "Feature",
      "geometry": {
        "type": "Point",
        "coordinates": [
          140.130994,
          36.885583
        ]
      },
      "properties": {
        "NO": "844",
        "共通ID": "E0921000052111",
        "施設・場所名": "交流促進センター若杉山荘",
        "住所": "栃木県大田原市大輪675-22",
        "指定緊急避難場所との住所同一": "1",
        "その他市町村長が必要と認める事項": null,
        "受入対象者": null,
        "備考": ""
      }
    },
    {
      "type": "Feature",
      "geometry": {
        "type": "Point",
        "coordinates": [
          140.152416,
          36.915734
        ]
      },
      "properties": {
        "NO": "845",
        "共通ID": "E0921000055111",
        "施設・場所名": "中野内集落センター",
        "住所": "栃木県大田原市中野内2123",
        "指定緊急避難場所との住所同一": "1",
        "その他市町村長が必要と認める事項": "",
        "受入対象者": "",
        "備考": ""
      }
    },
    {
      "type": "Feature",
      "geometry": {
        "type": "Point",
        "coordinates": [
          140.149467,
          36.912754
        ]
      },
      "properties": {
        "NO": "846",
        "共通ID": "E0921000056112",
        "施設・場所名": "旧両郷中学校",
        "住所": "栃木県大田原市中野内580",
        "指定緊急避難場所との住所同一": "1",
        "その他市町村長が必要と認める事項": "",
        "受入対象者": "",
        "備考": ""
      }
    },
    {
      "type": "Feature",
      "geometry": {
        "type": "Point",
        "coordinates": [
          140.152364,
          36.918193
        ]
      },
      "properties": {
        "NO": "847",
        "共通ID": "E0921000057111",
        "施設・場所名": "両郷地区コミュニティセンター",
        "住所": "栃木県大田原市中野内773",
        "指定緊急避難場所との住所同一": "1",
        "その他市町村長が必要と認める事項": "",
        "受入対象者": "",
        "備考": ""
      }
    },
    {
      "type": "Feature",
      "geometry": {
        "type": "Point",
        "coordinates": [
          140.154878,
          36.918417
        ]
      },
      "properties": {
        "NO": "848",
        "共通ID": "E0921000058111",
        "施設・場所名": "両郷中央小学校",
        "住所": "栃木県大田原市中野内809",
        "指定緊急避難場所との住所同一": "1",
        "その他市町村長が必要と認める事項": null,
        "受入対象者": null,
        "備考": ""
      }
    },
    {
      "type": "Feature",
      "geometry": {
        "type": "Point",
        "coordinates": [
          140.121281,
          36.827031
        ]
      },
      "properties": {
        "NO": "849",
        "共通ID": "E0921000059111",
        "施設・場所名": "湯津上小学校",
        "住所": "栃木県大田原市湯津上1156",
        "指定緊急避難場所との住所同一": "1",
        "その他市町村長が必要と認める事項": null,
        "受入対象者": null,
        "備考": ""
      }
    },
    {
      "type": "Feature",
      "geometry": {
        "type": "Point",
        "coordinates": [
          140.103116,
          36.821097
        ]
      },
      "properties": {
        "NO": "850",
        "共通ID": "E0921000060111",
        "施設・場所名": "湯津上支所",
        "住所": "栃木県大田原市湯津上5-1081",
        "指定緊急避難場所との住所同一": "1",
        "その他市町村長が必要と認める事項": null,
        "受入対象者": null,
        "備考": ""
      }
    },
    {
      "type": "Feature",
      "geometry": {
        "type": "Point",
        "coordinates": [
          140.107995,
          36.809739
        ]
      },
      "properties": {
        "NO": "851",
        "共通ID": "E0921000061111",
        "施設・場所名": "湯津上中学校",
        "住所": "栃木県大田原市湯津上5-573",
        "指定緊急避難場所との住所同一": "1",
        "その他市町村長が必要と認める事項": null,
        "受入対象者": null,
        "備考": ""
      }
    },
    {
      "type": "Feature",
      "geometry": {
        "type": "Point",
        "coordinates": [
          140.104411,
          36.822244
        ]
      },
      "properties": {
        "NO": "852",
        "共通ID": "E0921000062111",
        "施設・場所名": "湯津上農村環境改善センター",
        "住所": "栃木県大田原市湯津上5-776",
        "指定緊急避難場所との住所同一": "1",
        "その他市町村長が必要と認める事項": "",
        "受入対象者": "",
        "備考": ""
      }
    },
    {
      "type": "Feature",
      "geometry": {
        "type": "Point",
        "coordinates": [
          140.08422,
          36.865158
        ]
      },
      "properties": {
        "NO": "853",
        "共通ID": "E0921000063111",
        "施設・場所名": "金丸小学校",
        "住所": "栃木県大田原市南金丸1640",
        "指定緊急避難場所との住所同一": "1",
        "その他市町村長が必要と認める事項": null,
        "受入対象者": null,
        "備考": ""
      }
    },
    {
      "type": "Feature",
      "geometry": {
        "type": "Point",
        "coordinates": [
          140.085671,
          36.859326
        ]
      },
      "properties": {
        "NO": "854",
        "共通ID": "E0921000064111",
        "施設・場所名": "金田南中学校",
        "住所": "栃木県大田原市南金丸1870-4",
        "指定緊急避難場所との住所同一": "1",
        "その他市町村長が必要と認める事項": null,
        "受入対象者": null,
        "備考": ""
      }
    },
    {
      "type": "Feature",
      "geometry": {
        "type": "Point",
        "coordinates": [
          140.086754,
          36.858024
        ]
      },
      "properties": {
        "NO": "855",
        "共通ID": "E0921000065111",
        "施設・場所名": "金田南地区公民館",
        "住所": "栃木県大田原市南金丸1870-5",
        "指定緊急避難場所との住所同一": "1",
        "その他市町村長が必要と認める事項": "",
        "受入対象者": "",
        "備考": ""
      }
    },
    {
      "type": "Feature",
      "geometry": {
        "type": "Point",
        "coordinates": [
          140.218115,
          36.888914
        ]
      },
      "properties": {
        "NO": "856",
        "共通ID": "E0921000066111",
        "施設・場所名": "南方第１公民館",
        "住所": "栃木県大田原市南方332",
        "指定緊急避難場所との住所同一": "1",
        "その他市町村長が必要と認める事項": null,
        "受入対象者": null,
        "備考": ""
      }
    },
    {
      "type": "Feature",
      "geometry": {
        "type": "Point",
        "coordinates": [
          139.969691,
          36.833091
        ]
      },
      "properties": {
        "NO": "857",
        "共通ID": "E0921000067111",
        "施設・場所名": "薄葉小学校",
        "住所": "栃木県大田原市薄葉2014",
        "指定緊急避難場所との住所同一": "1",
        "その他市町村長が必要と認める事項": null,
        "受入対象者": null,
        "備考": ""
      }
    },
    {
      "type": "Feature",
      "geometry": {
        "type": "Point",
        "coordinates": [
          139.958594,
          36.841389
        ]
      },
      "properties": {
        "NO": "858",
        "共通ID": "E0921000068111",
        "施設・場所名": "野崎中学校",
        "住所": "栃木県大田原市薄葉2250",
        "指定緊急避難場所との住所同一": "1",
        "その他市町村長が必要と認める事項": null,
        "受入対象者": null,
        "備考": ""
      }
    },
    {
      "type": "Feature",
      "geometry": {
        "type": "Point",
        "coordinates": [
          140.0065,
          36.858721
        ]
      },
      "properties": {
        "NO": "859",
        "共通ID": "E0921000070111",
        "施設・場所名": "大田原中学校",
        "住所": "栃木県大田原市美原1-14-2",
        "指定緊急避難場所との住所同一": "1",
        "その他市町村長が必要と認める事項": null,
        "受入対象者": null,
        "備考": ""
      }
    },
    {
      "type": "Feature",
      "geometry": {
        "type": "Point",
        "coordinates": [
          140.001392,
          36.859497
        ]
      },
      "properties": {
        "NO": "860",
        "共通ID": "E0921000072111",
        "施設・場所名": "県立県北体育館",
        "住所": "栃木県大田原市美原3-2-62",
        "指定緊急避難場所との住所同一": "1",
        "その他市町村長が必要と認める事項": null,
        "受入対象者": null,
        "備考": ""
      }
    },
    {
      "type": "Feature",
      "geometry": {
        "type": "Point",
        "coordinates": [
          140.001854,
          36.859045
        ]
      },
      "properties": {
        "NO": "861",
        "共通ID": "E0921000073111",
        "施設・場所名": "西原小学校",
        "住所": "栃木県大田原市美原3-2-8",
        "指定緊急避難場所との住所同一": "1",
        "その他市町村長が必要と認める事項": null,
        "受入対象者": null,
        "備考": ""
      }
    },
    {
      "type": "Feature",
      "geometry": {
        "type": "Point",
        "coordinates": [
          140.107362,
          36.894298
        ]
      },
      "properties": {
        "NO": "862",
        "共通ID": "E0921000074111",
        "施設・場所名": "桧木沢集落センター",
        "住所": "栃木県大田原市桧木沢804",
        "指定緊急避難場所との住所同一": "1",
        "その他市町村長が必要と認める事項": null,
        "受入対象者": null,
        "備考": ""
      }
    },
    {
      "type": "Feature",
      "geometry": {
        "type": "Point",
        "coordinates": [
          140.079768,
          36.812174
        ]
      },
      "properties": {
        "NO": "863",
        "共通ID": "E0921000075111",
        "施設・場所名": "旧蛭田小学校",
        "住所": "栃木県大田原市蛭田1720",
        "指定緊急避難場所との住所同一": "1",
        "その他市町村長が必要と認める事項": "",
        "受入対象者": "",
        "備考": ""
      }
    },
    {
      "type": "Feature",
      "geometry": {
        "type": "Point",
        "coordinates": [
          140.085432,
          36.818038
        ]
      },
      "properties": {
        "NO": "864",
        "共通ID": "E0921000076112",
        "施設・場所名": "品川センター",
        "住所": "栃木県大田原市蛭田1981-23",
        "指定緊急避難場所との住所同一": "1",
        "その他市町村長が必要と認める事項": "",
        "受入対象者": "",
        "備考": ""
      }
    },
    {
      "type": "Feature",
      "geometry": {
        "type": "Point",
        "coordinates": [
          140.098668,
          36.80363
        ]
      },
      "properties": {
        "NO": "865",
        "共通ID": "E0921000077112",
        "施設・場所名": "蛭畑公民館",
        "住所": "栃木県大田原市蛭畑868-2",
        "指定緊急避難場所との住所同一": "1",
        "その他市町村長が必要と認める事項": "",
        "受入対象者": "",
        "備考": ""
      }
    },
    {
      "type": "Feature",
      "geometry": {
        "type": "Point",
        "coordinates": [
          140.050058,
          36.804035
        ]
      },
      "properties": {
        "NO": "866",
        "共通ID": "E0921000078111",
        "施設・場所名": "旧福原小学校",
        "住所": "栃木県大田原市福原1132",
        "指定緊急避難場所との住所同一": "1",
        "その他市町村長が必要と認める事項": null,
        "受入対象者": null,
        "備考": ""
      }
    },
    {
      "type": "Feature",
      "geometry": {
        "type": "Point",
        "coordinates": [
          140.046465,
          36.800771
        ]
      },
      "properties": {
        "NO": "867",
        "共通ID": "E0921000079111",
        "施設・場所名": "ふれあいの丘",
        "住所": "栃木県大田原市福原1411-22",
        "指定緊急避難場所との住所同一": "1",
        "その他市町村長が必要と認める事項": "",
        "受入対象者": "",
        "備考": ""
      }
    },
    {
      "type": "Feature",
      "geometry": {
        "type": "Point",
        "coordinates": [
          140.13281,
          36.813723
        ]
      },
      "properties": {
        "NO": "868",
        "共通ID": "E0921000112111",
        "施設・場所名": "片田集会所",
        "住所": "栃木県大田原市片田630",
        "指定緊急避難場所との住所同一": "1",
        "その他市町村長が必要と認める事項": "",
        "受入対象者": "",
        "備考": ""
      }
    },
    {
      "type": "Feature",
      "geometry": {
        "type": "Point",
        "coordinates": [
          140.061403,
          36.817095
        ]
      },
      "properties": {
        "NO": "869",
        "共通ID": "E0921000081111",
        "施設・場所名": "片府田生活センター",
        "住所": "栃木県大田原市片府田346",
        "指定緊急避難場所との住所同一": "1",
        "その他市町村長が必要と認める事項": null,
        "受入対象者": null,
        "備考": ""
      }
    },
    {
      "type": "Feature",
      "geometry": {
        "type": "Point",
        "coordinates": [
          140.103218,
          36.879553
        ]
      },
      "properties": {
        "NO": "870",
        "共通ID": "E0921000082111",
        "施設・場所名": "蜂巣集落センター",
        "住所": "栃木県大田原市蜂巣195",
        "指定緊急避難場所との住所同一": "1",
        "その他市町村長が必要と認める事項": null,
        "受入対象者": null,
        "備考": ""
      }
    },
    {
      "type": "Feature",
      "geometry": {
        "type": "Point",
        "coordinates": [
          140.10589,
          36.883164
        ]
      },
      "properties": {
        "NO": "871",
        "共通ID": "E0921000083111",
        "施設・場所名": "旧蜂巣小学校",
        "住所": "栃木県大田原市蜂巣295",
        "指定緊急避難場所との住所同一": "1",
        "その他市町村長が必要と認める事項": null,
        "受入対象者": null,
        "備考": ""
      }
    },
    {
      "type": "Feature",
      "geometry": {
        "type": "Point",
        "coordinates": [
          140.093297,
          36.887192
        ]
      },
      "properties": {
        "NO": "872",
        "共通ID": "E0921000084111",
        "施設・場所名": "篠原公民館",
        "住所": "栃木県大田原市蜂巣730",
        "指定緊急避難場所との住所同一": "1",
        "その他市町村長が必要と認める事項": null,
        "受入対象者": null,
        "備考": ""
      }
    },
    {
      "type": "Feature",
      "geometry": {
        "type": "Point",
        "coordinates": [
          140.130614,
          36.827792
        ]
      },
      "properties": {
        "NO": "873",
        "共通ID": "E0921000086111",
        "施設・場所名": "北滝公会堂",
        "住所": "栃木県大田原市北滝593",
        "指定緊急避難場所との住所同一": "1",
        "その他市町村長が必要と認める事項": null,
        "受入対象者": null,
        "備考": ""
      }
    },
    {
      "type": "Feature",
      "geometry": {
        "type": "Point",
        "coordinates": [
          140.136574,
          36.888076
        ]
      },
      "properties": {
        "NO": "874",
        "共通ID": "E0921000087111",
        "施設・場所名": "黒羽中学校",
        "住所": "栃木県大田原市北野上3597-1",
        "指定緊急避難場所との住所同一": "1",
        "その他市町村長が必要と認める事項": null,
        "受入対象者": null,
        "備考": ""
      }
    },
    {
      "type": "Feature",
      "geometry": {
        "type": "Point",
        "coordinates": [
          140.127925,
          36.873729
        ]
      },
      "properties": {
        "NO": "875",
        "共通ID": "E0921000113111",
        "施設・場所名": "堀之内集会所",
        "住所": "栃木県大田原市堀之内85",
        "指定緊急避難場所との住所同一": "1",
        "その他市町村長が必要と認める事項": "",
        "受入対象者": "",
        "備考": ""
      }
    },
    {
      "type": "Feature",
      "geometry": {
        "type": "Point",
        "coordinates": [
          140.018098,
          36.869978
        ]
      },
      "properties": {
        "NO": "876",
        "共通ID": "E0921000090111",
        "施設・場所名": "大田原体育館・武道館",
        "住所": "栃木県大田原市本町1-1-1",
        "指定緊急避難場所との住所同一": "1",
        "その他市町村長が必要と認める事項": null,
        "受入対象者": null,
        "備考": ""
      }
    },
    {
      "type": "Feature",
      "geometry": {
        "type": "Point",
        "coordinates": [
          140.01399,
          36.87169
        ]
      },
      "properties": {
        "NO": "877",
        "共通ID": "E0921000117111",
        "施設・場所名": "大田原市生涯学習センター",
        "住所": "栃木県大田原市本町1-2716-5",
        "指定緊急避難場所との住所同一": "1",
        "その他市町村長が必要と認める事項": "",
        "受入対象者": "",
        "備考": ""
      }
    },
    {
      "type": "Feature",
      "geometry": {
        "type": "Point",
        "coordinates": [
          140.170693,
          36.909368
        ]
      },
      "properties": {
        "NO": "878",
        "共通ID": "E0921000114111",
        "施設・場所名": "木佐美自治公民館",
        "住所": "栃木県大田原市木佐美278",
        "指定緊急避難場所との住所同一": "1",
        "その他市町村長が必要と認める事項": "",
        "受入対象者": "",
        "備考": ""
      }
    },
    {
      "type": "Feature",
      "geometry": {
        "type": "Point",
        "coordinates": [
          139.95461,
          36.848848
        ]
      },
      "properties": {
        "NO": "879",
        "共通ID": "E0921000092111",
        "施設・場所名": "野崎研修センター",
        "住所": "栃木県大田原市野崎2-26-2",
        "指定緊急避難場所との住所同一": "1",
        "その他市町村長が必要と認める事項": "",
        "受入対象者": "",
        "備考": ""
      }
    },
    {
      "type": "Feature",
      "geometry": {
        "type": "Point",
        "coordinates": [
          140.135606,
          36.794564
        ]
      },
      "properties": {
        "NO": "880",
        "共通ID": "E0921000115111",
        "施設・場所名": "矢倉地区活性化センター",
        "住所": "栃木県大田原市矢倉427",
        "指定緊急避難場所との住所同一": "1",
        "その他市町村長が必要と認める事項": "",
        "受入対象者": "",
        "備考": ""
      }
    },
    {
      "type": "Feature",
      "geometry": {
        "type": "Point",
        "coordinates": [
          140.099228,
          36.872225
        ]
      },
      "properties": {
        "NO": "881",
        "共通ID": "E0921000094111",
        "施設・場所名": "余瀬多目的センター",
        "住所": "栃木県大田原市余瀬434",
        "指定緊急避難場所との住所同一": "1",
        "その他市町村長が必要と認める事項": null,
        "受入対象者": null,
        "備考": ""
      }
    },
    {
      "type": "Feature",
      "geometry": {
        "type": "Point",
        "coordinates": [
          140.170661,
          36.941856
        ]
      },
      "properties": {
        "NO": "882",
        "共通ID": "E0921000116111",
        "施設・場所名": "両郷集会所",
        "住所": "栃木県大田原市両郷1411-2",
        "指定緊急避難場所との住所同一": "1",
        "その他市町村長が必要と認める事項": "",
        "受入対象者": "",
        "備考": ""
      }
    },
    {
      "type": "Feature",
      "geometry": {
        "type": "Point",
        "coordinates": [
          139.737347,
          36.377147
        ]
      },
      "properties": {
        "NO": "883",
        "共通ID": "E0920300001111",
        "施設・場所名": "とちぎ岩下の新生姜ホール（栃木文化会館）",
        "住所": "栃木県栃木市旭町12-16",
        "指定緊急避難場所との住所同一": "1",
        "その他市町村長が必要と認める事項": "",
        "受入対象者": "",
        "備考": ""
      }
    },
    {
      "type": "Feature",
      "geometry": {
        "type": "Point",
        "coordinates": [
          139.722146,
          36.377686
        ]
      },
      "properties": {
        "NO": "884",
        "共通ID": "E0920300002111",
        "施設・場所名": "栃木女子高校",
        "住所": "栃木県栃木市薗部町1-2-5",
        "指定緊急避難場所との住所同一": "1",
        "その他市町村長が必要と認める事項": "",
        "受入対象者": "",
        "備考": ""
      }
    },
    {
      "type": "Feature",
      "geometry": {
        "type": "Point",
        "coordinates": [
          139.717774,
          36.376437
        ]
      },
      "properties": {
        "NO": "885",
        "共通ID": "E0920300003111",
        "施設・場所名": "とちぎ西部生きがいセンター（老人福祉センター長寿園、第６コミュニティセンター）",
        "住所": "栃木県栃木市薗部町2-14-9",
        "指定緊急避難場所との住所同一": "1",
        "その他市町村長が必要と認める事項": "",
        "受入対象者": "",
        "備考": ""
      }
    },
    {
      "type": "Feature",
      "geometry": {
        "type": "Point",
        "coordinates": [
          139.712836,
          36.374205
        ]
      },
      "properties": {
        "NO": "886",
        "共通ID": "E0920300004111",
        "施設・場所名": "栃木第五小学校",
        "住所": "栃木県栃木市薗部町2-7-25",
        "指定緊急避難場所との住所同一": "1",
        "その他市町村長が必要と認める事項": "",
        "受入対象者": "",
        "備考": ""
      }
    },
    {
      "type": "Feature",
      "geometry": {
        "type": "Point",
        "coordinates": [
          139.681253,
          36.392743
        ]
      },
      "properties": {
        "NO": "887",
        "共通ID": "E0920300005111",
        "施設・場所名": "皆川中学校",
        "住所": "栃木県栃木市皆川城内町1856",
        "指定緊急避難場所との住所同一": "1",
        "その他市町村長が必要と認める事項": "",
        "受入対象者": "",
        "備考": ""
      }
    },
    {
      "type": "Feature",
      "geometry": {
        "type": "Point",
        "coordinates": [
          139.691868,
          36.398264
        ]
      },
      "properties": {
        "NO": "888",
        "共通ID": "E0920300006111",
        "施設・場所名": "皆川城東小学校",
        "住所": "栃木県栃木市皆川城内町486",
        "指定緊急避難場所との住所同一": "1",
        "その他市町村長が必要と認める事項": "",
        "受入対象者": "",
        "備考": ""
      }
    },
    {
      "type": "Feature",
      "geometry": {
        "type": "Point",
        "coordinates": [
          139.682422,
          36.395456
        ]
      },
      "properties": {
        "NO": "889",
        "共通ID": "E0920300007111",
        "施設・場所名": "皆川公民館",
        "住所": "栃木県栃木市皆川城内町699",
        "指定緊急避難場所との住所同一": "1",
        "その他市町村長が必要と認める事項": "",
        "受入対象者": "",
        "備考": ""
      }
    },
    {
      "type": "Feature",
      "geometry": {
        "type": "Point",
        "coordinates": [
          139.634436,
          36.309684
        ]
      },
      "properties": {
        "NO": "890",
        "共通ID": "E0920300008111",
        "施設・場所名": "岩舟農村環境改善センター（こなら館）",
        "住所": "栃木県栃木市岩舟町下津原1572-1",
        "指定緊急避難場所との住所同一": "1",
        "その他市町村長が必要と認める事項": "",
        "受入対象者": "",
        "備考": ""
      }
    },
    {
      "type": "Feature",
      "geometry": {
        "type": "Point",
        "coordinates": [
          139.647643,
          36.339153
        ]
      },
      "properties": {
        "NO": "891",
        "共通ID": "E0920300010111",
        "施設・場所名": "ＣＩＴＹ　ＧＹＭ＆ＳＰＡ遊楽々館（岩舟健康福祉センター）",
        "住所": "栃木県栃木市岩舟町三谷1038-1",
        "指定緊急避難場所との住所同一": "1",
        "その他市町村長が必要と認める事項": "",
        "受入対象者": "",
        "備考": ""
      }
    },
    {
      "type": "Feature",
      "geometry": {
        "type": "Point",
        "coordinates": [
          139.624928,
          36.361742
        ]
      },
      "properties": {
        "NO": "892",
        "共通ID": "E0920300011111",
        "施設・場所名": "小野寺地区公民館",
        "住所": "栃木県栃木市岩舟町小野寺2071-1",
        "指定緊急避難場所との住所同一": "1",
        "その他市町村長が必要と認める事項": null,
        "受入対象者": null,
        "備考": ""
      }
    },
    {
      "type": "Feature",
      "geometry": {
        "type": "Point",
        "coordinates": [
          139.655541,
          36.314658
        ]
      },
      "properties": {
        "NO": "893",
        "共通ID": "E0920300014111",
        "施設・場所名": "岩舟小学校",
        "住所": "栃木県栃木市岩舟町静1400-1",
        "指定緊急避難場所との住所同一": "1",
        "その他市町村長が必要と認める事項": "",
        "受入対象者": "",
        "備考": ""
      }
    },
    {
      "type": "Feature",
      "geometry": {
        "type": "Point",
        "coordinates": [
          139.66462,
          36.317066
        ]
      },
      "properties": {
        "NO": "894",
        "共通ID": "E0920300015111",
        "施設・場所名": "岩舟公民館",
        "住所": "栃木県栃木市岩舟町静2292-1",
        "指定緊急避難場所との住所同一": "1",
        "その他市町村長が必要と認める事項": "",
        "受入対象者": "",
        "備考": ""
      }
    },
    {
      "type": "Feature",
      "geometry": {
        "type": "Point",
        "coordinates": [
          139.665446,
          36.316362
        ]
      },
      "properties": {
        "NO": "895",
        "共通ID": "E0920300016111",
        "施設・場所名": "岩舟文化会館（コスモスホール）",
        "住所": "栃木県栃木市岩舟町静2303",
        "指定緊急避難場所との住所同一": "1",
        "その他市町村長が必要と認める事項": "",
        "受入対象者": "",
        "備考": ""
      }
    },
    {
      "type": "Feature",
      "geometry": {
        "type": "Point",
        "coordinates": [
          139.663825,
          36.322906
        ]
      },
      "properties": {
        "NO": "896",
        "共通ID": "E0920300017111",
        "施設・場所名": "岩舟中学校",
        "住所": "栃木県栃木市岩舟町静389-1",
        "指定緊急避難場所との住所同一": "1",
        "その他市町村長が必要と認める事項": "",
        "受入対象者": "",
        "備考": ""
      }
    },
    {
      "type": "Feature",
      "geometry": {
        "type": "Point",
        "coordinates": [
          139.684791,
          36.315421
        ]
      },
      "properties": {
        "NO": "897",
        "共通ID": "E0920300018111",
        "施設・場所名": "静和地区公民館",
        "住所": "栃木県栃木市岩舟町静和2170-1",
        "指定緊急避難場所との住所同一": "1",
        "その他市町村長が必要と認める事項": "",
        "受入対象者": "",
        "備考": ""
      }
    },
    {
      "type": "Feature",
      "geometry": {
        "type": "Point",
        "coordinates": [
          139.680207,
          36.316296
        ]
      },
      "properties": {
        "NO": "898",
        "共通ID": "E0920300020111",
        "施設・場所名": "静和小学校",
        "住所": "栃木県栃木市岩舟町静和2432",
        "指定緊急避難場所との住所同一": "1",
        "その他市町村長が必要と認める事項": "",
        "受入対象者": "",
        "備考": ""
      }
    },
    {
      "type": "Feature",
      "geometry": {
        "type": "Point",
        "coordinates": [
          139.707133,
          36.384431
        ]
      },
      "properties": {
        "NO": "899",
        "共通ID": "E0920300021111",
        "施設・場所名": "栃木工業高校",
        "住所": "栃木県栃木市岩出町129",
        "指定緊急避難場所との住所同一": "1",
        "その他市町村長が必要と認める事項": "",
        "受入対象者": "",
        "備考": ""
      }
    },
    {
      "type": "Feature",
      "geometry": {
        "type": "Point",
        "coordinates": [
          139.77971,
          36.388277
        ]
      },
      "properties": {
        "NO": "900",
        "共通ID": "E0920300022111",
        "施設・場所名": "国府南小学校",
        "住所": "栃木県栃木市寄居町949-3",
        "指定緊急避難場所との住所同一": "1",
        "その他市町村長が必要と認める事項": "",
        "受入対象者": "",
        "備考": ""
      }
    },
    {
      "type": "Feature",
      "geometry": {
        "type": "Point",
        "coordinates": [
          139.749016,
          36.384149
        ]
      },
      "properties": {
        "NO": "901",
        "共通ID": "E0920300023112",
        "施設・場所名": "老人福祉センター泉寿園",
        "住所": "栃木県栃木市今泉町1-2-7",
        "指定緊急避難場所との住所同一": "1",
        "その他市町村長が必要と認める事項": "",
        "受入対象者": "",
        "備考": ""
      }
    },
    {
      "type": "Feature",
      "geometry": {
        "type": "Point",
        "coordinates": [
          139.74943,
          36.384259
        ]
      },
      "properties": {
        "NO": "902",
        "共通ID": "E0920300023111",
        "施設・場所名": "勤労者総合福祉センター",
        "住所": "栃木県栃木市今泉町1-2-7",
        "指定緊急避難場所との住所同一": "1",
        "その他市町村長が必要と認める事項": "",
        "受入対象者": "",
        "備考": ""
      }
    },
    {
      "type": "Feature",
      "geometry": {
        "type": "Point",
        "coordinates": [
          139.745899,
          36.380972
        ]
      },
      "properties": {
        "NO": "903",
        "共通ID": "E0920300024111",
        "施設・場所名": "栃木保健福祉センター",
        "住所": "栃木県栃木市今泉町2-1-40",
        "指定緊急避難場所との住所同一": "1",
        "その他市町村長が必要と認める事項": "",
        "受入対象者": "",
        "備考": ""
      }
    },
    {
      "type": "Feature",
      "geometry": {
        "type": "Point",
        "coordinates": [
          139.73073,
          36.390017
        ]
      },
      "properties": {
        "NO": "904",
        "共通ID": "E0920300026111",
        "施設・場所名": "栃木第三小学校",
        "住所": "栃木県栃木市小平町13-39",
        "指定緊急避難場所との住所同一": "1",
        "その他市町村長が必要と認める事項": "",
        "受入対象者": "",
        "備考": ""
      }
    },
    {
      "type": "Feature",
      "geometry": {
        "type": "Point",
        "coordinates": [
          139.734639,
          36.372746
        ]
      },
      "properties": {
        "NO": "905",
        "共通ID": "E0920300027111",
        "施設・場所名": "学悠館高校",
        "住所": "栃木県栃木市沼和田町2-2",
        "指定緊急避難場所との住所同一": "1",
        "その他市町村長が必要と認める事項": "",
        "受入対象者": "",
        "備考": ""
      }
    },
    {
      "type": "Feature",
      "geometry": {
        "type": "Point",
        "coordinates": [
          139.739127,
          36.364078
        ]
      },
      "properties": {
        "NO": "906",
        "共通ID": "E0920300028111",
        "施設・場所名": "南小学校",
        "住所": "栃木県栃木市沼和田町38-10",
        "指定緊急避難場所との住所同一": "1",
        "その他市町村長が必要と認める事項": "",
        "受入対象者": "",
        "備考": ""
      }
    },
    {
      "type": "Feature",
      "geometry": {
        "type": "Point",
        "coordinates": [
          139.74143,
          36.376138
        ]
      },
      "properties": {
        "NO": "907",
        "共通ID": "E0920300029111",
        "施設・場所名": "栃木第四小学校",
        "住所": "栃木県栃木市城内町1-3-15",
        "指定緊急避難場所との住所同一": "1",
        "その他市町村長が必要と認める事項": "",
        "受入対象者": "",
        "備考": ""
      }
    },
    {
      "type": "Feature",
      "geometry": {
        "type": "Point",
        "coordinates": [
          139.719976,
          36.411451
        ]
      },
      "properties": {
        "NO": "908",
        "共通ID": "E0920300031111",
        "施設・場所名": "吹上小学校",
        "住所": "栃木県栃木市吹上町115",
        "指定緊急避難場所との住所同一": "1",
        "その他市町村長が必要と認める事項": "",
        "受入対象者": "",
        "備考": ""
      }
    },
    {
      "type": "Feature",
      "geometry": {
        "type": "Point",
        "coordinates": [
          139.708552,
          36.41406
        ]
      },
      "properties": {
        "NO": "909",
        "共通ID": "E0920300032111",
        "施設・場所名": "吹上中学校",
        "住所": "栃木県栃木市吹上町434-1",
        "指定緊急避難場所との住所同一": "1",
        "その他市町村長が必要と認める事項": "",
        "受入対象者": "",
        "備考": ""
      }
    },
    {
      "type": "Feature",
      "geometry": {
        "type": "Point",
        "coordinates": [
          139.705033,
          36.410652
        ]
      },
      "properties": {
        "NO": "910",
        "共通ID": "E0920300033111",
        "施設・場所名": "吹上公民館",
        "住所": "栃木県栃木市吹上町782-1",
        "指定緊急避難場所との住所同一": "1",
        "その他市町村長が必要と認める事項": "",
        "受入対象者": "",
        "備考": ""
      }
    },
    {
      "type": "Feature",
      "geometry": {
        "type": "Point",
        "coordinates": [
          139.734905,
          36.465306
        ]
      },
      "properties": {
        "NO": "911",
        "共通ID": "E0920300037111",
        "施設・場所名": "西方小学校",
        "住所": "栃木県栃木市西方町元770",
        "指定緊急避難場所との住所同一": "1",
        "その他市町村長が必要と認める事項": "",
        "受入対象者": "",
        "備考": ""
      }
    },
    {
      "type": "Feature",
      "geometry": {
        "type": "Point",
        "coordinates": [
          139.733317,
          36.461013
        ]
      },
      "properties": {
        "NO": "912",
        "共通ID": "E0920300038111",
        "施設・場所名": "西方中学校",
        "住所": "栃木県栃木市西方町元908-1",
        "指定緊急避難場所との住所同一": "1",
        "その他市町村長が必要と認める事項": "",
        "受入対象者": "",
        "備考": ""
      }
    },
    {
      "type": "Feature",
      "geometry": {
        "type": "Point",
        "coordinates": [
          139.701238,
          36.472424
        ]
      },
      "properties": {
        "NO": "913",
        "共通ID": "E0920300039111",
        "施設・場所名": "真名子夢ホール",
        "住所": "栃木県栃木市西方町真名子1086-1",
        "指定緊急避難場所との住所同一": "1",
        "その他市町村長が必要と認める事項": "",
        "受入対象者": "",
        "備考": ""
      }
    },
    {
      "type": "Feature",
      "geometry": {
        "type": "Point",
        "coordinates": [
          139.701231,
          36.472422
        ]
      },
      "properties": {
        "NO": "914",
        "共通ID": "E0920500063111",
        "施設・場所名": "真名子夢ホール",
        "住所": "栃木県栃木市西方町真名子1086-1",
        "指定緊急避難場所との住所同一": "1",
        "その他市町村長が必要と認める事項": "",
        "受入対象者": "",
        "備考": ""
      }
    },
    {
      "type": "Feature",
      "geometry": {
        "type": "Point",
        "coordinates": [
          139.700012,
          36.472475
        ]
      },
      "properties": {
        "NO": "915",
        "共通ID": "E0920500064111",
        "施設・場所名": "真名子小学校",
        "住所": "栃木県栃木市西方町真名子1089-1",
        "指定緊急避難場所との住所同一": "1",
        "その他市町村長が必要と認める事項": "",
        "受入対象者": "",
        "備考": ""
      }
    },
    {
      "type": "Feature",
      "geometry": {
        "type": "Point",
        "coordinates": [
          139.699961,
          36.472497
        ]
      },
      "properties": {
        "NO": "916",
        "共通ID": "E0920300040111",
        "施設・場所名": "真名子小学校",
        "住所": "栃木県栃木市西方町真名子1089-1",
        "指定緊急避難場所との住所同一": "1",
        "その他市町村長が必要と認める事項": "",
        "受入対象者": "",
        "備考": ""
      }
    },
    {
      "type": "Feature",
      "geometry": {
        "type": "Point",
        "coordinates": [
          139.739746,
          36.454638
        ]
      },
      "properties": {
        "NO": "917",
        "共通ID": "E0920300041111",
        "施設・場所名": "関東ホーチキにしかた体育館（西方総合文化体育館）",
        "住所": "栃木県栃木市西方町本郷1705-1",
        "指定緊急避難場所との住所同一": "1",
        "その他市町村長が必要と認める事項": "",
        "受入対象者": "",
        "備考": ""
      }
    },
    {
      "type": "Feature",
      "geometry": {
        "type": "Point",
        "coordinates": [
          139.744633,
          36.467079
        ]
      },
      "properties": {
        "NO": "918",
        "共通ID": "E0920300043111",
        "施設・場所名": "北部健康福祉センター（ゆったり～な）",
        "住所": "栃木県栃木市西方町本城2-1",
        "指定緊急避難場所との住所同一": "1",
        "その他市町村長が必要と認める事項": "",
        "受入対象者": "",
        "備考": ""
      }
    },
    {
      "type": "Feature",
      "geometry": {
        "type": "Point",
        "coordinates": [
          139.692842,
          36.415572
        ]
      },
      "properties": {
        "NO": "919",
        "共通ID": "E0920300044111",
        "施設・場所名": "老人福祉センター福寿園",
        "住所": "栃木県栃木市千塚町210",
        "指定緊急避難場所との住所同一": "1",
        "その他市町村長が必要と認める事項": "",
        "受入対象者": "",
        "備考": ""
      }
    },
    {
      "type": "Feature",
      "geometry": {
        "type": "Point",
        "coordinates": [
          139.725705,
          36.40015
        ]
      },
      "properties": {
        "NO": "920",
        "共通ID": "E0920300045111",
        "施設・場所名": "マルワ・アリーナとちぎ（栃木市総合体育館）",
        "住所": "栃木県栃木市川原田町760",
        "指定緊急避難場所との住所同一": "1",
        "その他市町村長が必要と認める事項": "",
        "受入対象者": "",
        "備考": ""
      }
    },
    {
      "type": "Feature",
      "geometry": {
        "type": "Point",
        "coordinates": [
          139.777911,
          36.401691
        ]
      },
      "properties": {
        "NO": "921",
        "共通ID": "E0920300046111",
        "施設・場所名": "国府公民館",
        "住所": "栃木県栃木市惣社町228-1",
        "指定緊急避難場所との住所同一": "1",
        "その他市町村長が必要と認める事項": "",
        "受入対象者": "",
        "備考": ""
      }
    },
    {
      "type": "Feature",
      "geometry": {
        "type": "Point",
        "coordinates": [
          139.769138,
          36.389077
        ]
      },
      "properties": {
        "NO": "922",
        "共通ID": "E0920300047111",
        "施設・場所名": "東陽中学校",
        "住所": "栃木県栃木市大宮町1287-1",
        "指定緊急避難場所との住所同一": "1",
        "その他市町村長が必要と認める事項": "",
        "受入対象者": "",
        "備考": ""
      }
    },
    {
      "type": "Feature",
      "geometry": {
        "type": "Point",
        "coordinates": [
          139.754438,
          36.389796
        ]
      },
      "properties": {
        "NO": "923",
        "共通ID": "E0920300048111",
        "施設・場所名": "大宮北小学校",
        "住所": "栃木県栃木市大宮町1777-1",
        "指定緊急避難場所との住所同一": "1",
        "その他市町村長が必要と認める事項": "",
        "受入対象者": "",
        "備考": ""
      }
    },
    {
      "type": "Feature",
      "geometry": {
        "type": "Point",
        "coordinates": [
          139.757528,
          36.388037
        ]
      },
      "properties": {
        "NO": "924",
        "共通ID": "E0920300049111",
        "施設・場所名": "大宮公民館",
        "住所": "栃木県栃木市大宮町422-1",
        "指定緊急避難場所との住所同一": "1",
        "その他市町村長が必要と認める事項": "",
        "受入対象者": "",
        "備考": ""
      }
    },
    {
      "type": "Feature",
      "geometry": {
        "type": "Point",
        "coordinates": [
          139.696581,
          36.413782
        ]
      },
      "properties": {
        "NO": "925",
        "共通ID": "E0920300050111",
        "施設・場所名": "千塚小学校",
        "住所": "栃木県栃木市大森町196",
        "指定緊急避難場所との住所同一": "1",
        "その他市町村長が必要と認める事項": "",
        "受入対象者": "",
        "備考": ""
      }
    },
    {
      "type": "Feature",
      "geometry": {
        "type": "Point",
        "coordinates": [
          139.774057,
          36.408467
        ]
      },
      "properties": {
        "NO": "926",
        "共通ID": "E0920300051111",
        "施設・場所名": "国府北小学校",
        "住所": "栃木県栃木市大塚町1278",
        "指定緊急避難場所との住所同一": "1",
        "その他市町村長が必要と認める事項": "",
        "受入対象者": "",
        "備考": ""
      }
    },
    {
      "type": "Feature",
      "geometry": {
        "type": "Point",
        "coordinates": [
          139.734505,
          36.348168
        ]
      },
      "properties": {
        "NO": "927",
        "共通ID": "E0920300052111",
        "施設・場所名": "大平東地区公民館",
        "住所": "栃木県栃木市大平町横堀810",
        "指定緊急避難場所との住所同一": "1",
        "その他市町村長が必要と認める事項": "",
        "受入対象者": "",
        "備考": ""
      }
    },
    {
      "type": "Feature",
      "geometry": {
        "type": "Point",
        "coordinates": [
          139.733583,
          36.347177
        ]
      },
      "properties": {
        "NO": "928",
        "共通ID": "E0920300053111",
        "施設・場所名": "大平東小学校",
        "住所": "栃木県栃木市大平町上高島809",
        "指定緊急避難場所との住所同一": "1",
        "その他市町村長が必要と認める事項": "",
        "受入対象者": "",
        "備考": ""
      }
    },
    {
      "type": "Feature",
      "geometry": {
        "type": "Point",
        "coordinates": [
          139.704924,
          36.330096
        ]
      },
      "properties": {
        "NO": "929",
        "共通ID": "E0920300054111",
        "施設・場所名": "大平隣保館",
        "住所": "栃木県栃木市大平町新1305-3",
        "指定緊急避難場所との住所同一": "1",
        "その他市町村長が必要と認める事項": "",
        "受入対象者": "",
        "備考": ""
      }
    },
    {
      "type": "Feature",
      "geometry": {
        "type": "Point",
        "coordinates": [
          139.704278,
          36.331285
        ]
      },
      "properties": {
        "NO": "930",
        "共通ID": "E0920300055111",
        "施設・場所名": "大平中央小学校",
        "住所": "栃木県栃木市大平町新1354-2",
        "指定緊急避難場所との住所同一": "1",
        "その他市町村長が必要と認める事項": "",
        "受入対象者": "",
        "備考": ""
      }
    },
    {
      "type": "Feature",
      "geometry": {
        "type": "Point",
        "coordinates": [
          139.714197,
          36.316484
        ]
      },
      "properties": {
        "NO": "931",
        "共通ID": "E0920300056111",
        "施設・場所名": "大平南小学校",
        "住所": "栃木県栃木市大平町西水代1732",
        "指定緊急避難場所との住所同一": "1",
        "その他市町村長が必要と認める事項": "",
        "受入対象者": "",
        "備考": ""
      }
    },
    {
      "type": "Feature",
      "geometry": {
        "type": "Point",
        "coordinates": [
          139.717511,
          36.317357
        ]
      },
      "properties": {
        "NO": "932",
        "共通ID": "E0920300057111",
        "施設・場所名": "大平南地区公民館",
        "住所": "栃木県栃木市大平町西水代1787",
        "指定緊急避難場所との住所同一": "1",
        "その他市町村長が必要と認める事項": null,
        "受入対象者": null,
        "備考": ""
      }
    },
    {
      "type": "Feature",
      "geometry": {
        "type": "Point",
        "coordinates": [
          139.718709,
          36.336064
        ]
      },
      "properties": {
        "NO": "933",
        "共通ID": "E0920300058111",
        "施設・場所名": "大平健康福祉センター（ゆうゆうプラザ）",
        "住所": "栃木県栃木市大平町西野田666-1",
        "指定緊急避難場所との住所同一": "1",
        "その他市町村長が必要と認める事項": "",
        "受入対象者": "",
        "備考": ""
      }
    },
    {
      "type": "Feature",
      "geometry": {
        "type": "Point",
        "coordinates": [
          139.717352,
          36.327985
        ]
      },
      "properties": {
        "NO": "934",
        "共通ID": "E0920300059111",
        "施設・場所名": "大平南中学校",
        "住所": "栃木県栃木市大平町西野田825",
        "指定緊急避難場所との住所同一": "1",
        "その他市町村長が必要と認める事項": "",
        "受入対象者": "",
        "備考": ""
      }
    },
    {
      "type": "Feature",
      "geometry": {
        "type": "Point",
        "coordinates": [
          139.715395,
          36.327831
        ]
      },
      "properties": {
        "NO": "935",
        "共通ID": "E0920300060111",
        "施設・場所名": "大平南体育館",
        "住所": "栃木県栃木市大平町西野田905-1",
        "指定緊急避難場所との住所同一": "1",
        "その他市町村長が必要と認める事項": "",
        "受入対象者": "",
        "備考": ""
      }
    },
    {
      "type": "Feature",
      "geometry": {
        "type": "Point",
        "coordinates": [
          139.726507,
          36.364969
        ]
      },
      "properties": {
        "NO": "936",
        "共通ID": "E0920300061111",
        "施設・場所名": "栃木翔南高校",
        "住所": "栃木県栃木市大平町川連370",
        "指定緊急避難場所との住所同一": "1",
        "その他市町村長が必要と認める事項": "",
        "受入対象者": "",
        "備考": ""
      }
    },
    {
      "type": "Feature",
      "geometry": {
        "type": "Point",
        "coordinates": [
          139.712145,
          36.344686
        ]
      },
      "properties": {
        "NO": "937",
        "共通ID": "E0920300063113",
        "施設・場所名": "大平公民館",
        "住所": "栃木県栃木市大平町蔵井2001-3",
        "指定緊急避難場所との住所同一": "1",
        "その他市町村長が必要と認める事項": "",
        "受入対象者": "",
        "備考": ""
      }
    },
    {
      "type": "Feature",
      "geometry": {
        "type": "Point",
        "coordinates": [
          139.71549,
          36.345033
        ]
      },
      "properties": {
        "NO": "938",
        "共通ID": "E0920300064111",
        "施設・場所名": "大平中学校",
        "住所": "栃木県栃木市大平町蔵井2026-1",
        "指定緊急避難場所との住所同一": "1",
        "その他市町村長が必要と認める事項": "",
        "受入対象者": "",
        "備考": ""
      }
    },
    {
      "type": "Feature",
      "geometry": {
        "type": "Point",
        "coordinates": [
          139.696653,
          36.339665
        ]
      },
      "properties": {
        "NO": "939",
        "共通ID": "E0920300066111",
        "施設・場所名": "大平西地区公民館",
        "住所": "栃木県栃木市大平町富田1642-1",
        "指定緊急避難場所との住所同一": "1",
        "その他市町村長が必要と認める事項": "",
        "受入対象者": "",
        "備考": ""
      }
    },
    {
      "type": "Feature",
      "geometry": {
        "type": "Point",
        "coordinates": [
          139.694858,
          36.342528
        ]
      },
      "properties": {
        "NO": "940",
        "共通ID": "E0920300067111",
        "施設・場所名": "大平西小学校",
        "住所": "栃木県栃木市大平町富田1869",
        "指定緊急避難場所との住所同一": "1",
        "その他市町村長が必要と認める事項": "",
        "受入対象者": "",
        "備考": ""
      }
    },
    {
      "type": "Feature",
      "geometry": {
        "type": "Point",
        "coordinates": [
          139.713983,
          36.433371
        ]
      },
      "properties": {
        "NO": "941",
        "共通ID": "E0920300068111",
        "施設・場所名": "つがの里ふるさとセンター",
        "住所": "栃木県栃木市都賀町臼久保325",
        "指定緊急避難場所との住所同一": "1",
        "その他市町村長が必要と認める事項": "",
        "受入対象者": "",
        "備考": ""
      }
    },
    {
      "type": "Feature",
      "geometry": {
        "type": "Point",
        "coordinates": [
          139.759496,
          36.429764
        ]
      },
      "properties": {
        "NO": "942",
        "共通ID": "E0920300069111",
        "施設・場所名": "家中小学校",
        "住所": "栃木県栃木市都賀町家中2740",
        "指定緊急避難場所との住所同一": "1",
        "その他市町村長が必要と認める事項": "",
        "受入対象者": "",
        "備考": ""
      }
    },
    {
      "type": "Feature",
      "geometry": {
        "type": "Point",
        "coordinates": [
          139.742402,
          36.431352
        ]
      },
      "properties": {
        "NO": "943",
        "共通ID": "E0920300071111",
        "施設・場所名": "都賀中学校",
        "住所": "栃木県栃木市都賀町家中5818",
        "指定緊急避難場所との住所同一": "1",
        "その他市町村長が必要と認める事項": "",
        "受入対象者": "",
        "備考": ""
      }
    },
    {
      "type": "Feature",
      "geometry": {
        "type": "Point",
        "coordinates": [
          139.746195,
          36.408467
        ]
      },
      "properties": {
        "NO": "944",
        "共通ID": "E0920300074111",
        "施設・場所名": "合戦場小学校",
        "住所": "栃木県栃木市都賀町合戦場301",
        "指定緊急避難場所との住所同一": "1",
        "その他市町村長が必要と認める事項": "",
        "受入対象者": "",
        "備考": ""
      }
    },
    {
      "type": "Feature",
      "geometry": {
        "type": "Point",
        "coordinates": [
          139.721631,
          36.441546
        ]
      },
      "properties": {
        "NO": "945",
        "共通ID": "E0920300076111",
        "施設・場所名": "赤津小学校",
        "住所": "栃木県栃木市都賀町富張147",
        "指定緊急避難場所との住所同一": "1",
        "その他市町村長が必要と認める事項": "",
        "受入対象者": "",
        "備考": ""
      }
    },
    {
      "type": "Feature",
      "geometry": {
        "type": "Point",
        "coordinates": [
          139.752809,
          36.409621
        ]
      },
      "properties": {
        "NO": "946",
        "共通ID": "E0920300078111",
        "施設・場所名": "都賀南部コミュニティセンター",
        "住所": "栃木県栃木市都賀町平川481-5",
        "指定緊急避難場所との住所同一": "1",
        "その他市町村長が必要と認める事項": "",
        "受入対象者": "",
        "備考": ""
      }
    },
    {
      "type": "Feature",
      "geometry": {
        "type": "Point",
        "coordinates": [
          139.72423,
          36.428842
        ]
      },
      "properties": {
        "NO": "947",
        "共通ID": "E0920300079111",
        "施設・場所名": "木コミュニティセンター",
        "住所": "栃木県栃木市都賀町木813",
        "指定緊急避難場所との住所同一": "1",
        "その他市町村長が必要と認める事項": "",
        "受入対象者": "",
        "備考": ""
      }
    },
    {
      "type": "Feature",
      "geometry": {
        "type": "Point",
        "coordinates": [
          139.63376,
          36.286899
        ]
      },
      "properties": {
        "NO": "948",
        "共通ID": "E0920300080111",
        "施設・場所名": "三鴨小学校",
        "住所": "栃木県栃木市藤岡町甲275-1",
        "指定緊急避難場所との住所同一": "1",
        "その他市町村長が必要と認める事項": "",
        "受入対象者": "",
        "備考": ""
      }
    },
    {
      "type": "Feature",
      "geometry": {
        "type": "Point",
        "coordinates": [
          139.666863,
          36.270375
        ]
      },
      "properties": {
        "NO": "949",
        "共通ID": "E0920300082111",
        "施設・場所名": "赤麻小学校",
        "住所": "栃木県栃木市藤岡町赤麻1703",
        "指定緊急避難場所との住所同一": "1",
        "その他市町村長が必要と認める事項": "",
        "受入対象者": "",
        "備考": ""
      }
    },
    {
      "type": "Feature",
      "geometry": {
        "type": "Point",
        "coordinates": [
          139.669034,
          36.263712
        ]
      },
      "properties": {
        "NO": "950",
        "共通ID": "E0920300084112",
        "施設・場所名": "渡良瀬の里",
        "住所": "栃木県栃木市藤岡町赤麻502-1",
        "指定緊急避難場所との住所同一": "1",
        "その他市町村長が必要と認める事項": "",
        "受入対象者": "",
        "備考": ""
      }
    },
    {
      "type": "Feature",
      "geometry": {
        "type": "Point",
        "coordinates": [
          139.669474,
          36.263448
        ]
      },
      "properties": {
        "NO": "951",
        "共通ID": "E0920300084111",
        "施設・場所名": "藤岡保健福祉センター",
        "住所": "栃木県栃木市藤岡町赤麻502-1",
        "指定緊急避難場所との住所同一": "1",
        "その他市町村長が必要と認める事項": "",
        "受入対象者": "",
        "備考": ""
      }
    },
    {
      "type": "Feature",
      "geometry": {
        "type": "Point",
        "coordinates": [
          139.625304,
          36.296709
        ]
      },
      "properties": {
        "NO": "952",
        "共通ID": "E0920300085111",
        "施設・場所名": "道の駅みかも",
        "住所": "栃木県栃木市藤岡町大田和678",
        "指定緊急避難場所との住所同一": "1",
        "その他市町村長が必要と認める事項": null,
        "受入対象者": null,
        "備考": ""
      }
    },
    {
      "type": "Feature",
      "geometry": {
        "type": "Point",
        "coordinates": [
          139.652683,
          36.270045
        ]
      },
      "properties": {
        "NO": "953",
        "共通ID": "E0920300086111",
        "施設・場所名": "藤岡中学校",
        "住所": "栃木県栃木市藤岡町藤岡10",
        "指定緊急避難場所との住所同一": "1",
        "その他市町村長が必要と認める事項": "",
        "受入対象者": "",
        "備考": ""
      }
    },
    {
      "type": "Feature",
      "geometry": {
        "type": "Point",
        "coordinates": [
          139.6535,
          36.259412
        ]
      },
      "properties": {
        "NO": "954",
        "共通ID": "E0920300087111",
        "施設・場所名": "渡良瀬遊水地ハートランド城",
        "住所": "栃木県栃木市藤岡町藤岡1218-1",
        "指定緊急避難場所との住所同一": "1",
        "その他市町村長が必要と認める事項": "",
        "受入対象者": "",
        "備考": ""
      }
    },
    {
      "type": "Feature",
      "geometry": {
        "type": "Point",
        "coordinates": [
          139.651405,
          36.255593
        ]
      },
      "properties": {
        "NO": "955",
        "共通ID": "E0920300088111",
        "施設・場所名": "藤岡小学校",
        "住所": "栃木県栃木市藤岡町藤岡1500",
        "指定緊急避難場所との住所同一": "1",
        "その他市町村長が必要と認める事項": "",
        "受入対象者": "",
        "備考": ""
      }
    },
    {
      "type": "Feature",
      "geometry": {
        "type": "Point",
        "coordinates": [
          139.652233,
          36.249242
        ]
      },
      "properties": {
        "NO": "956",
        "共通ID": "E0920300089112",
        "施設・場所名": "藤岡総合体育館",
        "住所": "栃木県栃木市藤岡町藤岡1788",
        "指定緊急避難場所との住所同一": "1",
        "その他市町村長が必要と認める事項": "",
        "受入対象者": "",
        "備考": ""
      }
    },
    {
      "type": "Feature",
      "geometry": {
        "type": "Point",
        "coordinates": [
          139.650927,
          36.266608
        ]
      },
      "properties": {
        "NO": "957",
        "共通ID": "E0920300090111",
        "施設・場所名": "藤岡文化会館",
        "住所": "栃木県栃木市藤岡町藤岡810",
        "指定緊急避難場所との住所同一": "1",
        "その他市町村長が必要と認める事項": "",
        "受入対象者": "",
        "備考": ""
      }
    },
    {
      "type": "Feature",
      "geometry": {
        "type": "Point",
        "coordinates": [
          139.69647,
          36.283228
        ]
      },
      "properties": {
        "NO": "958",
        "共通ID": "E0920300091111",
        "施設・場所名": "栃木市文化財等収蔵庫（旧藤岡第二中学校）",
        "住所": "栃木県栃木市藤岡町富吉1544",
        "指定緊急避難場所との住所同一": "1",
        "その他市町村長が必要と認める事項": "",
        "受入対象者": "",
        "備考": ""
      }
    },
    {
      "type": "Feature",
      "geometry": {
        "type": "Point",
        "coordinates": [
          139.711949,
          36.273356
        ]
      },
      "properties": {
        "NO": "959",
        "共通ID": "E0920300093111",
        "施設・場所名": "部屋小学校",
        "住所": "栃木県栃木市藤岡町部屋158",
        "指定緊急避難場所との住所同一": "1",
        "その他市町村長が必要と認める事項": "",
        "受入対象者": "",
        "備考": ""
      }
    },
    {
      "type": "Feature",
      "geometry": {
        "type": "Point",
        "coordinates": [
          139.760982,
          36.371106
        ]
      },
      "properties": {
        "NO": "960",
        "共通ID": "E0920300094111",
        "施設・場所名": "大宮南小学校",
        "住所": "栃木県栃木市藤田町135-2",
        "指定緊急避難場所との住所同一": "1",
        "その他市町村長が必要と認める事項": "",
        "受入対象者": "",
        "備考": ""
      }
    },
    {
      "type": "Feature",
      "geometry": {
        "type": "Point",
        "coordinates": [
          139.646047,
          36.44634
        ]
      },
      "properties": {
        "NO": "961",
        "共通ID": "E0920300095111",
        "施設・場所名": "寺尾中学校",
        "住所": "栃木県栃木市鍋山町86-2",
        "指定緊急避難場所との住所同一": "1",
        "その他市町村長が必要と認める事項": "",
        "受入対象者": "",
        "備考": ""
      }
    },
    {
      "type": "Feature",
      "geometry": {
        "type": "Point",
        "coordinates": [
          139.739169,
          36.38326
        ]
      },
      "properties": {
        "NO": "962",
        "共通ID": "E0920300096111",
        "施設・場所名": "栃木東中学校",
        "住所": "栃木県栃木市日ノ出町1-11",
        "指定緊急避難場所との住所同一": "1",
        "その他市町村長が必要と認める事項": "",
        "受入対象者": "",
        "備考": ""
      }
    },
    {
      "type": "Feature",
      "geometry": {
        "type": "Point",
        "coordinates": [
          139.742733,
          36.382959
        ]
      },
      "properties": {
        "NO": "963",
        "共通ID": "E0920300097111",
        "施設・場所名": "勤労者体育センター",
        "住所": "栃木県栃木市日ノ出町14-36",
        "指定緊急避難場所との住所同一": "1",
        "その他市町村長が必要と認める事項": "",
        "受入対象者": "",
        "備考": ""
      }
    },
    {
      "type": "Feature",
      "geometry": {
        "type": "Point",
        "coordinates": [
          139.73055,
          36.383904
        ]
      },
      "properties": {
        "NO": "964",
        "共通ID": "E0920300098111",
        "施設・場所名": "栃木高校",
        "住所": "栃木県栃木市入舟町12-4",
        "指定緊急避難場所との住所同一": "1",
        "その他市町村長が必要と認める事項": "",
        "受入対象者": "",
        "備考": ""
      }
    },
    {
      "type": "Feature",
      "geometry": {
        "type": "Point",
        "coordinates": [
          139.729974,
          36.382306
        ]
      },
      "properties": {
        "NO": "965",
        "共通ID": "E0920300099111",
        "施設・場所名": "栃木中央小学校",
        "住所": "栃木県栃木市入舟町13-3",
        "指定緊急避難場所との住所同一": "1",
        "その他市町村長が必要と認める事項": "",
        "受入対象者": "",
        "備考": ""
      }
    },
    {
      "type": "Feature",
      "geometry": {
        "type": "Point",
        "coordinates": [
          139.729794,
          36.380947
        ]
      },
      "properties": {
        "NO": "966",
        "共通ID": "E0920300100111",
        "施設・場所名": "栃木市市民交流センター",
        "住所": "栃木県栃木市入舟町6-8",
        "指定緊急避難場所との住所同一": "1",
        "その他市町村長が必要と認める事項": "",
        "受入対象者": "",
        "備考": ""
      }
    },
    {
      "type": "Feature",
      "geometry": {
        "type": "Point",
        "coordinates": [
          139.649277,
          36.444263
        ]
      },
      "properties": {
        "NO": "967",
        "共通ID": "E0920300101111",
        "施設・場所名": "寺尾公民館",
        "住所": "栃木県栃木市梅沢町1183",
        "指定緊急避難場所との住所同一": "1",
        "その他市町村長が必要と認める事項": "",
        "受入対象者": "",
        "備考": ""
      }
    },
    {
      "type": "Feature",
      "geometry": {
        "type": "Point",
        "coordinates": [
          139.726513,
          36.393305
        ]
      },
      "properties": {
        "NO": "968",
        "共通ID": "E0920300102111",
        "施設・場所名": "とちぎコミュニティプラザ（第５コミュニティセンター）",
        "住所": "栃木県栃木市箱森町36-31",
        "指定緊急避難場所との住所同一": "1",
        "その他市町村長が必要と認める事項": "",
        "受入対象者": "",
        "備考": ""
      }
    },
    {
      "type": "Feature",
      "geometry": {
        "type": "Point",
        "coordinates": [
          139.719458,
          36.372217
        ]
      },
      "properties": {
        "NO": "969",
        "共通ID": "E0920300103111",
        "施設・場所名": "栃木西中学校",
        "住所": "栃木県栃木市片柳町2-15-40",
        "指定緊急避難場所との住所同一": "1",
        "その他市町村長が必要と認める事項": "",
        "受入対象者": "",
        "備考": ""
      }
    },
    {
      "type": "Feature",
      "geometry": {
        "type": "Point",
        "coordinates": [
          139.717051,
          36.374336
        ]
      },
      "properties": {
        "NO": "970",
        "共通ID": "E0920300104111",
        "施設・場所名": "栃木商業高校",
        "住所": "栃木県栃木市片柳町5-1-30",
        "指定緊急避難場所との住所同一": "1",
        "その他市町村長が必要と認める事項": "",
        "受入対象者": "",
        "備考": ""
      }
    },
    {
      "type": "Feature",
      "geometry": {
        "type": "Point",
        "coordinates": [
          139.739224,
          36.376411
        ]
      },
      "properties": {
        "NO": "971",
        "共通ID": "E0920300105111",
        "施設・場所名": "栃木南中学校",
        "住所": "栃木県栃木市本町5-5",
        "指定緊急避難場所との住所同一": "1",
        "その他市町村長が必要と認める事項": "",
        "受入対象者": "",
        "備考": ""
      }
    },
    {
      "type": "Feature",
      "geometry": {
        "type": "Point",
        "coordinates": [
          140.151464,
          36.726265
        ]
      },
      "properties": {
        "NO": "972",
        "共通ID": "E0941100001121",
        "施設・場所名": "特別養護老人ホーム　八溝の里",
        "住所": "栃木県那珂川町久那瀬544-1",
        "指定緊急避難場所との住所同一": "",
        "その他市町村長が必要と認める事項": null,
        "受入対象者": "要支援者",
        "備考": ""
      }
    },
    {
      "type": "Feature",
      "geometry": {
        "type": "Point",
        "coordinates": [
          140.15423,
          36.726545
        ]
      },
      "properties": {
        "NO": "973",
        "共通ID": "E0941100002111",
        "施設・場所名": "久那瀬集会所",
        "住所": "栃木県那珂川町久那瀬588",
        "指定緊急避難場所との住所同一": "1",
        "その他市町村長が必要と認める事項": null,
        "受入対象者": null,
        "備考": ""
      }
    },
    {
      "type": "Feature",
      "geometry": {
        "type": "Point",
        "coordinates": [
          140.190458,
          36.75043
        ]
      },
      "properties": {
        "NO": "974",
        "共通ID": "E0941100003111",
        "施設・場所名": "健武体育館",
        "住所": "栃木県那珂川町健武2146",
        "指定緊急避難場所との住所同一": "1",
        "その他市町村長が必要と認める事項": null,
        "受入対象者": null,
        "備考": ""
      }
    },
    {
      "type": "Feature",
      "geometry": {
        "type": "Point",
        "coordinates": [
          140.113588,
          36.759784
        ]
      },
      "properties": {
        "NO": "975",
        "共通ID": "E0941100004111",
        "施設・場所名": "三輪多目的集会所",
        "住所": "栃木県那珂川町三輪535",
        "指定緊急避難場所との住所同一": "1",
        "その他市町村長が必要と認める事項": null,
        "受入対象者": null,
        "備考": ""
      }
    },
    {
      "type": "Feature",
      "geometry": {
        "type": "Point",
        "coordinates": [
          140.148957,
          36.766718
        ]
      },
      "properties": {
        "NO": "976",
        "共通ID": "E0941100005111",
        "施設・場所名": "小口集会所",
        "住所": "栃木県那珂川町小口1177-1",
        "指定緊急避難場所との住所同一": "1",
        "その他市町村長が必要と認める事項": null,
        "受入対象者": null,
        "備考": ""
      }
    },
    {
      "type": "Feature",
      "geometry": {
        "type": "Point",
        "coordinates": [
          140.143584,
          36.76719
        ]
      },
      "properties": {
        "NO": "977",
        "共通ID": "E0941100006121",
        "施設・場所名": "なかが和苑",
        "住所": "栃木県那珂川町小口1728",
        "指定緊急避難場所との住所同一": "",
        "その他市町村長が必要と認める事項": null,
        "受入対象者": "要支援者",
        "備考": ""
      }
    },
    {
      "type": "Feature",
      "geometry": {
        "type": "Point",
        "coordinates": [
          140.145085,
          36.76835
        ]
      },
      "properties": {
        "NO": "978",
        "共通ID": "E0941100007111",
        "施設・場所名": "馬頭西体育館",
        "住所": "栃木県那珂川町小口1728-53",
        "指定緊急避難場所との住所同一": "1",
        "その他市町村長が必要と認める事項": null,
        "受入対象者": null,
        "備考": ""
      }
    },
    {
      "type": "Feature",
      "geometry": {
        "type": "Point",
        "coordinates": [
          140.161923,
          36.787619
        ]
      },
      "properties": {
        "NO": "979",
        "共通ID": "E0941100008111",
        "施設・場所名": "旧馬頭西小学校",
        "住所": "栃木県那珂川町小砂2712",
        "指定緊急避難場所との住所同一": "1",
        "その他市町村長が必要と認める事項": null,
        "受入対象者": null,
        "備考": ""
      }
    },
    {
      "type": "Feature",
      "geometry": {
        "type": "Point",
        "coordinates": [
          140.170139,
          36.795664
        ]
      },
      "properties": {
        "NO": "980",
        "共通ID": "E0941100009111",
        "施設・場所名": "小砂地区コミュニティセンター",
        "住所": "栃木県那珂川町小砂836",
        "指定緊急避難場所との住所同一": "1",
        "その他市町村長が必要と認める事項": null,
        "受入対象者": null,
        "備考": ""
      }
    },
    {
      "type": "Feature",
      "geometry": {
        "type": "Point",
        "coordinates": [
          140.136011,
          36.764537
        ]
      },
      "properties": {
        "NO": "981",
        "共通ID": "E0941100010111",
        "施設・場所名": "小川総合福祉センター",
        "住所": "栃木県那珂川町小川1065",
        "指定緊急避難場所との住所同一": "1",
        "その他市町村長が必要と認める事項": null,
        "受入対象者": null,
        "備考": ""
      }
    },
    {
      "type": "Feature",
      "geometry": {
        "type": "Point",
        "coordinates": [
          140.129345,
          36.764763
        ]
      },
      "properties": {
        "NO": "982",
        "共通ID": "E0941100011111",
        "施設・場所名": "小川公民館",
        "住所": "栃木県那珂川町小川2524-1",
        "指定緊急避難場所との住所同一": "1",
        "その他市町村長が必要と認める事項": null,
        "受入対象者": null,
        "備考": ""
      }
    },
    {
      "type": "Feature",
      "geometry": {
        "type": "Point",
        "coordinates": [
          140.128992,
          36.76138
        ]
      },
      "properties": {
        "NO": "983",
        "共通ID": "E0941100012111",
        "施設・場所名": "小川体育館",
        "住所": "栃木県那珂川町小川2785",
        "指定緊急避難場所との住所同一": "1",
        "その他市町村長が必要と認める事項": null,
        "受入対象者": null,
        "備考": ""
      }
    },
    {
      "type": "Feature",
      "geometry": {
        "type": "Point",
        "coordinates": [
          140.12947,
          36.760727
        ]
      },
      "properties": {
        "NO": "984",
        "共通ID": "E0941100013111",
        "施設・場所名": "小川小学校",
        "住所": "栃木県那珂川町小川2846",
        "指定緊急避難場所との住所同一": "1",
        "その他市町村長が必要と認める事項": null,
        "受入対象者": null,
        "備考": ""
      }
    },
    {
      "type": "Feature",
      "geometry": {
        "type": "Point",
        "coordinates": [
          140.119791,
          36.760797
        ]
      },
      "properties": {
        "NO": "985",
        "共通ID": "E0941100014121",
        "施設・場所名": "特別養護老人ホーム　かたくりの郷",
        "住所": "栃木県那珂川町小川2958-2",
        "指定緊急避難場所との住所同一": "",
        "その他市町村長が必要と認める事項": null,
        "受入対象者": "要支援者",
        "備考": ""
      }
    },
    {
      "type": "Feature",
      "geometry": {
        "type": "Point",
        "coordinates": [
          140.123209,
          36.762667
        ]
      },
      "properties": {
        "NO": "986",
        "共通ID": "E0941100015111",
        "施設・場所名": "小川中学校",
        "住所": "栃木県那珂川町小川3033",
        "指定緊急避難場所との住所同一": "1",
        "その他市町村長が必要と認める事項": null,
        "受入対象者": null,
        "備考": ""
      }
    },
    {
      "type": "Feature",
      "geometry": {
        "type": "Point",
        "coordinates": [
          140.119074,
          36.775575
        ]
      },
      "properties": {
        "NO": "987",
        "共通ID": "E0941100016111",
        "施設・場所名": "第一区公民館",
        "住所": "栃木県那珂川町小川3414",
        "指定緊急避難場所との住所同一": "1",
        "その他市町村長が必要と認める事項": null,
        "受入対象者": null,
        "備考": ""
      }
    },
    {
      "type": "Feature",
      "geometry": {
        "type": "Point",
        "coordinates": [
          140.167473,
          36.707428
        ]
      },
      "properties": {
        "NO": "988",
        "共通ID": "E0941100017111",
        "施設・場所名": "松野集会所",
        "住所": "栃木県那珂川町松野1351",
        "指定緊急避難場所との住所同一": "1",
        "その他市町村長が必要と認める事項": null,
        "受入対象者": null,
        "備考": ""
      }
    },
    {
      "type": "Feature",
      "geometry": {
        "type": "Point",
        "coordinates": [
          140.170914,
          36.697624
        ]
      },
      "properties": {
        "NO": "989",
        "共通ID": "E0941100018111",
        "施設・場所名": "武茂体育館",
        "住所": "栃木県那珂川町松野1647",
        "指定緊急避難場所との住所同一": "1",
        "その他市町村長が必要と認める事項": null,
        "受入対象者": null,
        "備考": ""
      }
    },
    {
      "type": "Feature",
      "geometry": {
        "type": "Point",
        "coordinates": [
          140.1072,
          36.785535
        ]
      },
      "properties": {
        "NO": "990",
        "共通ID": "E0941100019111",
        "施設・場所名": "浄法寺公民館",
        "住所": "栃木県那珂川町浄法寺882",
        "指定緊急避難場所との住所同一": "1",
        "その他市町村長が必要と認める事項": null,
        "受入対象者": null,
        "備考": ""
      }
    },
    {
      "type": "Feature",
      "geometry": {
        "type": "Point",
        "coordinates": [
          140.211363,
          36.775021
        ]
      },
      "properties": {
        "NO": "991",
        "共通ID": "E0941100020111",
        "施設・場所名": "大山田下郷農村活性化施設",
        "住所": "栃木県那珂川町大山田下郷4508",
        "指定緊急避難場所との住所同一": "1",
        "その他市町村長が必要と認める事項": null,
        "受入対象者": null,
        "備考": ""
      }
    },
    {
      "type": "Feature",
      "geometry": {
        "type": "Point",
        "coordinates": [
          140.216637,
          36.802919
        ]
      },
      "properties": {
        "NO": "992",
        "共通ID": "E0941100021111",
        "施設・場所名": "大山田体育館",
        "住所": "栃木県那珂川町大山田下郷955",
        "指定緊急避難場所との住所同一": "1",
        "その他市町村長が必要と認める事項": null,
        "受入対象者": null,
        "備考": ""
      }
    },
    {
      "type": "Feature",
      "geometry": {
        "type": "Point",
        "coordinates": [
          140.213449,
          36.812011
        ]
      },
      "properties": {
        "NO": "993",
        "共通ID": "E0941100022111",
        "施設・場所名": "大山田上郷生活改善センター",
        "住所": "栃木県那珂川町大山田上郷941",
        "指定緊急避難場所との住所同一": "1",
        "その他市町村長が必要と認める事項": null,
        "受入対象者": null,
        "備考": ""
      }
    },
    {
      "type": "Feature",
      "geometry": {
        "type": "Point",
        "coordinates": [
          140.269789,
          36.718597
        ]
      },
      "properties": {
        "NO": "994",
        "共通ID": "E0941100023111",
        "施設・場所名": "緑の交流館",
        "住所": "栃木県那珂川町大那地561-2",
        "指定緊急避難場所との住所同一": "1",
        "その他市町村長が必要と認める事項": null,
        "受入対象者": null,
        "備考": ""
      }
    },
    {
      "type": "Feature",
      "geometry": {
        "type": "Point",
        "coordinates": [
          140.235184,
          36.746731
        ]
      },
      "properties": {
        "NO": "995",
        "共通ID": "E0941100024111",
        "施設・場所名": "馬頭東小学校",
        "住所": "栃木県那珂川町大内1640",
        "指定緊急避難場所との住所同一": "1",
        "その他市町村長が必要と認める事項": null,
        "受入対象者": null,
        "備考": ""
      }
    },
    {
      "type": "Feature",
      "geometry": {
        "type": "Point",
        "coordinates": [
          140.221858,
          36.759598
        ]
      },
      "properties": {
        "NO": "996",
        "共通ID": "E0941100025111",
        "施設・場所名": "大内地区生活改善センター",
        "住所": "栃木県那珂川町大内2422",
        "指定緊急避難場所との住所同一": "1",
        "その他市町村長が必要と認める事項": null,
        "受入対象者": null,
        "備考": ""
      }
    },
    {
      "type": "Feature",
      "geometry": {
        "type": "Point",
        "coordinates": [
          140.236191,
          36.771881
        ]
      },
      "properties": {
        "NO": "997",
        "共通ID": "E0941100026111",
        "施設・場所名": "谷川体育館",
        "住所": "栃木県那珂川町谷川1584-1",
        "指定緊急避難場所との住所同一": "1",
        "その他市町村長が必要と認める事項": null,
        "受入対象者": null,
        "備考": ""
      }
    },
    {
      "type": "Feature",
      "geometry": {
        "type": "Point",
        "coordinates": [
          140.235028,
          36.771972
        ]
      },
      "properties": {
        "NO": "998",
        "共通ID": "E0941100027121",
        "施設・場所名": "小規模多機能型居宅介護施設　えにし苑",
        "住所": "栃木県那珂川町谷川1609",
        "指定緊急避難場所との住所同一": "",
        "その他市町村長が必要と認める事項": null,
        "受入対象者": "要支援者",
        "備考": ""
      }
    },
    {
      "type": "Feature",
      "geometry": {
        "type": "Point",
        "coordinates": [
          140.236894,
          36.773656
        ]
      },
      "properties": {
        "NO": "999",
        "共通ID": "E0941100028111",
        "施設・場所名": "盛谷公民館",
        "住所": "栃木県那珂川町谷川17-2",
        "指定緊急避難場所との住所同一": "1",
        "その他市町村長が必要と認める事項": null,
        "受入対象者": null,
        "備考": ""
      }
    },
    {
      "type": "Feature",
      "geometry": {
        "type": "Point",
        "coordinates": [
          140.134983,
          36.733379
        ]
      },
      "properties": {
        "NO": "1000",
        "共通ID": "E0941100029111",
        "施設・場所名": "旧小川南小学校",
        "住所": "栃木県那珂川町谷田944",
        "指定緊急避難場所との住所同一": "1",
        "その他市町村長が必要と認める事項": null,
        "受入対象者": null,
        "備考": ""
      }
    },
    {
      "type": "Feature",
      "geometry": {
        "type": "Point",
        "coordinates": [
          140.090069,
          36.742134
        ]
      },
      "properties": {
        "NO": "1001",
        "共通ID": "E0941100030111",
        "施設・場所名": "後沢集落センター",
        "住所": "栃木県那珂川町東戸田292",
        "指定緊急避難場所との住所同一": "1",
        "その他市町村長が必要と認める事項": null,
        "受入対象者": null,
        "備考": ""
      }
    },
    {
      "type": "Feature",
      "geometry": {
        "type": "Point",
        "coordinates": [
          140.175675,
          36.734417
        ]
      },
      "properties": {
        "NO": "1002",
        "共通ID": "E0941100031111",
        "施設・場所名": "馬頭高等学校",
        "住所": "栃木県那珂川町馬頭1299-2",
        "指定緊急避難場所との住所同一": "1",
        "その他市町村長が必要と認める事項": null,
        "受入対象者": null,
        "備考": ""
      }
    },
    {
      "type": "Feature",
      "geometry": {
        "type": "Point",
        "coordinates": [
          140.168801,
          36.739369
        ]
      },
      "properties": {
        "NO": "1003",
        "共通ID": "E0941100032111",
        "施設・場所名": "馬頭小学校",
        "住所": "栃木県那珂川町馬頭169",
        "指定緊急避難場所との住所同一": "1",
        "その他市町村長が必要と認める事項": null,
        "受入対象者": null,
        "備考": ""
      }
    },
    {
      "type": "Feature",
      "geometry": {
        "type": "Point",
        "coordinates": [
          140.161685,
          36.735521
        ]
      },
      "properties": {
        "NO": "1004",
        "共通ID": "E0941100033121",
        "施設・場所名": "小規模多機能型居宅介護施設　ひだまり",
        "住所": "栃木県那珂川町馬頭2050-1",
        "指定緊急避難場所との住所同一": "",
        "その他市町村長が必要と認める事項": null,
        "受入対象者": "要支援者",
        "備考": ""
      }
    },
    {
      "type": "Feature",
      "geometry": {
        "type": "Point",
        "coordinates": [
          140.163762,
          36.74086
        ]
      },
      "properties": {
        "NO": "1005",
        "共通ID": "E0941100034111",
        "施設・場所名": "馬頭中学校",
        "住所": "栃木県那珂川町馬頭2558-1",
        "指定緊急避難場所との住所同一": "1",
        "その他市町村長が必要と認める事項": null,
        "受入対象者": null,
        "備考": ""
      }
    },
    {
      "type": "Feature",
      "geometry": {
        "type": "Point",
        "coordinates": [
          140.173623,
          36.736176
        ]
      },
      "properties": {
        "NO": "1006",
        "共通ID": "E0941100035111",
        "施設・場所名": "馬頭総合福祉センター",
        "住所": "栃木県那珂川町馬頭560-1",
        "指定緊急避難場所との住所同一": "1",
        "その他市町村長が必要と認める事項": null,
        "受入対象者": null,
        "備考": ""
      }
    },
    {
      "type": "Feature",
      "geometry": {
        "type": "Point",
        "coordinates": [
          140.174001,
          36.739981
        ]
      },
      "properties": {
        "NO": "1007",
        "共通ID": "E0941100036111",
        "施設・場所名": "総合体育館",
        "住所": "栃木県那珂川町馬頭67-1",
        "指定緊急避難場所との住所同一": "1",
        "その他市町村長が必要と認める事項": null,
        "受入対象者": null,
        "備考": ""
      }
    },
    {
      "type": "Feature",
      "geometry": {
        "type": "Point",
        "coordinates": [
          140.184885,
          36.696889
        ]
      },
      "properties": {
        "NO": "1008",
        "共通ID": "E0941100037111",
        "施設・場所名": "富山集会所",
        "住所": "栃木県那珂川町富山541-4",
        "指定緊急避難場所との住所同一": "1",
        "その他市町村長が必要と認める事項": null,
        "受入対象者": null,
        "備考": ""
      }
    },
    {
      "type": "Feature",
      "geometry": {
        "type": "Point",
        "coordinates": [
          140.122131,
          36.744298
        ]
      },
      "properties": {
        "NO": "1009",
        "共通ID": "E0941100038111",
        "施設・場所名": "第８区農村生活センター",
        "住所": "栃木県那珂川町片平184-1",
        "指定緊急避難場所との住所同一": "1",
        "その他市町村長が必要と認める事項": null,
        "受入対象者": null,
        "備考": ""
      }
    },
    {
      "type": "Feature",
      "geometry": {
        "type": "Point",
        "coordinates": [
          140.06072,
          36.781898
        ]
      },
      "properties": {
        "NO": "1010",
        "共通ID": "E0941100039111",
        "施設・場所名": "上芳井公民館",
        "住所": "栃木県那珂川町芳井148",
        "指定緊急避難場所との住所同一": "1",
        "その他市町村長が必要と認める事項": null,
        "受入対象者": null,
        "備考": ""
      }
    },
    {
      "type": "Feature",
      "geometry": {
        "type": "Point",
        "coordinates": [
          140.152519,
          36.746277
        ]
      },
      "properties": {
        "NO": "1011",
        "共通ID": "E0941100040111",
        "施設・場所名": "北向田公民館",
        "住所": "栃木県那珂川町北向田89",
        "指定緊急避難場所との住所同一": "1",
        "その他市町村長が必要と認める事項": null,
        "受入対象者": null,
        "備考": ""
      }
    },
    {
      "type": "Feature",
      "geometry": {
        "type": "Point",
        "coordinates": [
          140.194323,
          36.721871
        ]
      },
      "properties": {
        "NO": "1012",
        "共通ID": "E0941100041111",
        "施設・場所名": "矢又集会所",
        "住所": "栃木県那珂川町矢又547",
        "指定緊急避難場所との住所同一": "1",
        "その他市町村長が必要と認める事項": null,
        "受入対象者": null,
        "備考": ""
      }
    },
    {
      "type": "Feature",
      "geometry": {
        "type": "Point",
        "coordinates": [
          140.094738,
          36.781893
        ]
      },
      "properties": {
        "NO": "1013",
        "共通ID": "E0941100042111",
        "施設・場所名": "旧薬利小学校",
        "住所": "栃木県那珂川町薬利945",
        "指定緊急避難場所との住所同一": "1",
        "その他市町村長が必要と認める事項": null,
        "受入対象者": null,
        "備考": ""
      }
    },
    {
      "type": "Feature",
      "geometry": {
        "type": "Point",
        "coordinates": [
          140.164109,
          36.759748
        ]
      },
      "properties": {
        "NO": "1014",
        "共通ID": "E0941100043111",
        "施設・場所名": "和見集会所",
        "住所": "栃木県那珂川町和見2041-1",
        "指定緊急避難場所との住所同一": "1",
        "その他市町村長が必要と認める事項": null,
        "受入対象者": null,
        "備考": ""
      }
    },
    {
      "type": "Feature",
      "geometry": {
        "type": "Point",
        "coordinates": [
          140.16254,
          36.746104
        ]
      },
      "properties": {
        "NO": "1015",
        "共通ID": "E0941100044111",
        "施設・場所名": "ひばり認定こども園",
        "住所": "栃木県那珂川町和見82-1",
        "指定緊急避難場所との住所同一": "1",
        "その他市町村長が必要と認める事項": "",
        "受入対象者": "",
        "備考": ""
      }
    },
    {
      "type": "Feature",
      "geometry": {
        "type": "Point",
        "coordinates": [
          140.146465,
          36.649703
        ]
      },
      "properties": {
        "NO": "1016",
        "共通ID": "E0921500001111",
        "施設・場所名": "烏山小学校",
        "住所": "栃木県那須烏山市愛宕台2800",
        "指定緊急避難場所との住所同一": "1",
        "その他市町村長が必要と認める事項": "",
        "受入対象者": "",
        "備考": ""
      }
    },
    {
      "type": "Feature",
      "geometry": {
        "type": "Point",
        "coordinates": [
          140.2065,
          36.645136
        ]
      },
      "properties": {
        "NO": "1017",
        "共通ID": "E0921500002111",
        "施設・場所名": "旧やまびこの湯",
        "住所": "栃木県那須烏山市横枕473-1",
        "指定緊急避難場所との住所同一": "1",
        "その他市町村長が必要と認める事項": null,
        "受入対象者": null,
        "備考": ""
      }
    },
    {
      "type": "Feature",
      "geometry": {
        "type": "Point",
        "coordinates": [
          140.173031,
          36.62341
        ]
      },
      "properties": {
        "NO": "1018",
        "共通ID": "E0921500003111",
        "施設・場所名": "旧境保育園",
        "住所": "栃木県那須烏山市下境1165",
        "指定緊急避難場所との住所同一": "1",
        "その他市町村長が必要と認める事項": null,
        "受入対象者": null,
        "備考": ""
      }
    },
    {
      "type": "Feature",
      "geometry": {
        "type": "Point",
        "coordinates": [
          140.172861,
          36.630483
        ]
      },
      "properties": {
        "NO": "1019",
        "共通ID": "E0921500004111",
        "施設・場所名": "旧境小学校",
        "住所": "栃木県那須烏山市下境2226",
        "指定緊急避難場所との住所同一": "1",
        "その他市町村長が必要と認める事項": null,
        "受入対象者": null,
        "備考": ""
      }
    },
    {
      "type": "Feature",
      "geometry": {
        "type": "Point",
        "coordinates": [
          140.090099,
          36.699904
        ]
      },
      "properties": {
        "NO": "1020",
        "共通ID": "E0921500005111",
        "施設・場所名": "江川小学校",
        "住所": "栃木県那須烏山市下川井1001",
        "指定緊急避難場所との住所同一": "1",
        "その他市町村長が必要と認める事項": null,
        "受入対象者": null,
        "備考": ""
      }
    },
    {
      "type": "Feature",
      "geometry": {
        "type": "Point",
        "coordinates": [
          140.100081,
          36.659352
        ]
      },
      "properties": {
        "NO": "1021",
        "共通ID": "E0921500006111",
        "施設・場所名": "南那須公民館",
        "住所": "栃木県那須烏山市岩子6-1",
        "指定緊急避難場所との住所同一": "",
        "その他市町村長が必要と認める事項": null,
        "受入対象者": null,
        "備考": ""
      }
    },
    {
      "type": "Feature",
      "geometry": {
        "type": "Point",
        "coordinates": [
          140.162362,
          36.67277
        ]
      },
      "properties": {
        "NO": "1022",
        "共通ID": "E0921500008111",
        "施設・場所名": "興野集会所",
        "住所": "栃木県那須烏山市興野963",
        "指定緊急避難場所との住所同一": "1",
        "その他市町村長が必要と認める事項": null,
        "受入対象者": null,
        "備考": ""
      }
    },
    {
      "type": "Feature",
      "geometry": {
        "type": "Point",
        "coordinates": [
          140.085201,
          36.613873
        ]
      },
      "properties": {
        "NO": "1023",
        "共通ID": "E0921500009111",
        "施設・場所名": "曲畑公民館",
        "住所": "栃木県那須烏山市曲畑452-1",
        "指定緊急避難場所との住所同一": "1",
        "その他市町村長が必要と認める事項": null,
        "受入対象者": null,
        "備考": ""
      }
    },
    {
      "type": "Feature",
      "geometry": {
        "type": "Point",
        "coordinates": [
          140.151108,
          36.654805
        ]
      },
      "properties": {
        "NO": "1024",
        "共通ID": "E0921500010111",
        "施設・場所名": "旧烏山女子高等学校",
        "住所": "栃木県那須烏山市金井1-4-23",
        "指定緊急避難場所との住所同一": "1",
        "その他市町村長が必要と認める事項": "",
        "受入対象者": "",
        "備考": ""
      }
    },
    {
      "type": "Feature",
      "geometry": {
        "type": "Point",
        "coordinates": [
          140.112762,
          36.682462
        ]
      },
      "properties": {
        "NO": "1025",
        "共通ID": "E0921500012111",
        "施設・場所名": "熊田西公民館",
        "住所": "栃木県那須烏山市熊田555",
        "指定緊急避難場所との住所同一": "1",
        "その他市町村長が必要と認める事項": null,
        "受入対象者": null,
        "備考": ""
      }
    },
    {
      "type": "Feature",
      "geometry": {
        "type": "Point",
        "coordinates": [
          140.145668,
          36.623347
        ]
      },
      "properties": {
        "NO": "1026",
        "共通ID": "E0921500013111",
        "施設・場所名": "旧向田小学校",
        "住所": "栃木県那須烏山市向田2187",
        "指定緊急避難場所との住所同一": "1",
        "その他市町村長が必要と認める事項": null,
        "受入対象者": null,
        "備考": ""
      }
    },
    {
      "type": "Feature",
      "geometry": {
        "type": "Point",
        "coordinates": [
          140.0482,
          36.671359
        ]
      },
      "properties": {
        "NO": "1027",
        "共通ID": "E0921500014111",
        "施設・場所名": "鴻野山公民館",
        "住所": "栃木県那須烏山市鴻野山601",
        "指定緊急避難場所との住所同一": "1",
        "その他市町村長が必要と認める事項": null,
        "受入対象者": null,
        "備考": ""
      }
    },
    {
      "type": "Feature",
      "geometry": {
        "type": "Point",
        "coordinates": [
          140.065835,
          36.692249
        ]
      },
      "properties": {
        "NO": "1028",
        "共通ID": "E0921500015111",
        "施設・場所名": "三箇地区公民館",
        "住所": "栃木県那須烏山市三箇1258",
        "指定緊急避難場所との住所同一": "1",
        "その他市町村長が必要と認める事項": null,
        "受入対象者": null,
        "備考": ""
      }
    },
    {
      "type": "Feature",
      "geometry": {
        "type": "Point",
        "coordinates": [
          140.10482,
          36.718122
        ]
      },
      "properties": {
        "NO": "1029",
        "共通ID": "E0921500016111",
        "施設・場所名": "志鳥地区公民館",
        "住所": "栃木県那須烏山市志鳥930",
        "指定緊急避難場所との住所同一": "1",
        "その他市町村長が必要と認める事項": null,
        "受入対象者": null,
        "備考": ""
      }
    },
    {
      "type": "Feature",
      "geometry": {
        "type": "Point",
        "coordinates": [
          140.156925,
          36.651834
        ]
      },
      "properties": {
        "NO": "1030",
        "共通ID": "E0921500017111",
        "施設・場所名": "農村婦人の家",
        "住所": "栃木県那須烏山市初音7-16",
        "指定緊急避難場所との住所同一": "",
        "その他市町村長が必要と認める事項": null,
        "受入対象者": null,
        "備考": ""
      }
    },
    {
      "type": "Feature",
      "geometry": {
        "type": "Point",
        "coordinates": [
          140.201188,
          36.620242
        ]
      },
      "properties": {
        "NO": "1031",
        "共通ID": "E0921500019111",
        "施設・場所名": "木須の郷交流館",
        "住所": "栃木県那須烏山市小木須1845",
        "指定緊急避難場所との住所同一": "1",
        "その他市町村長が必要と認める事項": null,
        "受入対象者": null,
        "備考": ""
      }
    },
    {
      "type": "Feature",
      "geometry": {
        "type": "Point",
        "coordinates": [
          140.207751,
          36.631617
        ]
      },
      "properties": {
        "NO": "1032",
        "共通ID": "E0921500020111",
        "施設・場所名": "明和ふれあいガーデン",
        "住所": "栃木県那須烏山市小木須2659",
        "指定緊急避難場所との住所同一": "1",
        "その他市町村長が必要と認める事項": null,
        "受入対象者": null,
        "備考": ""
      }
    },
    {
      "type": "Feature",
      "geometry": {
        "type": "Point",
        "coordinates": [
          140.174091,
          36.637581
        ]
      },
      "properties": {
        "NO": "1033",
        "共通ID": "E0921500021111",
        "施設・場所名": "境小学校",
        "住所": "栃木県那須烏山市上境1404",
        "指定緊急避難場所との住所同一": "1",
        "その他市町村長が必要と認める事項": null,
        "受入対象者": null,
        "備考": ""
      }
    },
    {
      "type": "Feature",
      "geometry": {
        "type": "Point",
        "coordinates": [
          140.117803,
          36.637479
        ]
      },
      "properties": {
        "NO": "1034",
        "共通ID": "E0921500024111",
        "施設・場所名": "輪之内自治会公民館",
        "住所": "栃木県那須烏山市森田561",
        "指定緊急避難場所との住所同一": "1",
        "その他市町村長が必要と認める事項": null,
        "受入対象者": null,
        "備考": ""
      }
    },
    {
      "type": "Feature",
      "geometry": {
        "type": "Point",
        "coordinates": [
          140.133004,
          36.658938
        ]
      },
      "properties": {
        "NO": "1035",
        "共通ID": "E0921500025111",
        "施設・場所名": "那須烏山消防署",
        "住所": "栃木県那須烏山市神長880-1",
        "指定緊急避難場所との住所同一": "1",
        "その他市町村長が必要と認める事項": null,
        "受入対象者": null,
        "備考": ""
      }
    },
    {
      "type": "Feature",
      "geometry": {
        "type": "Point",
        "coordinates": [
          140.094207,
          36.658154
        ]
      },
      "properties": {
        "NO": "1036",
        "共通ID": "E0921500028111",
        "施設・場所名": "那須烏山市武道館",
        "住所": "栃木県那須烏山市大金240",
        "指定緊急避難場所との住所同一": "",
        "その他市町村長が必要と認める事項": null,
        "受入対象者": null,
        "備考": ""
      }
    },
    {
      "type": "Feature",
      "geometry": {
        "type": "Point",
        "coordinates": [
          140.09512,
          36.653959
        ]
      },
      "properties": {
        "NO": "1037",
        "共通ID": "E0921500029111",
        "施設・場所名": "南那須中学校",
        "住所": "栃木県那須烏山市大金285",
        "指定緊急避難場所との住所同一": "1",
        "その他市町村長が必要と認める事項": null,
        "受入対象者": null,
        "備考": ""
      }
    },
    {
      "type": "Feature",
      "geometry": {
        "type": "Point",
        "coordinates": [
          140.222622,
          36.632929
        ]
      },
      "properties": {
        "NO": "1038",
        "共通ID": "E0921500032111",
        "施設・場所名": "大木須集会所",
        "住所": "栃木県那須烏山市大木須1768",
        "指定緊急避難場所との住所同一": "",
        "その他市町村長が必要と認める事項": null,
        "受入対象者": null,
        "備考": ""
      }
    },
    {
      "type": "Feature",
      "geometry": {
        "type": "Point",
        "coordinates": [
          140.138924,
          36.645555
        ]
      },
      "properties": {
        "NO": "1039",
        "共通ID": "E0921500033111",
        "施設・場所名": "龍門ふるさと民芸館",
        "住所": "栃木県那須烏山市滝414",
        "指定緊急避難場所との住所同一": "1",
        "その他市町村長が必要と認める事項": null,
        "受入対象者": null,
        "備考": ""
      }
    },
    {
      "type": "Feature",
      "geometry": {
        "type": "Point",
        "coordinates": [
          140.156628,
          36.692712
        ]
      },
      "properties": {
        "NO": "1040",
        "共通ID": "E0921500034111",
        "施設・場所名": "七合小学校",
        "住所": "栃木県那須烏山市谷浅見910",
        "指定緊急避難場所との住所同一": "1",
        "その他市町村長が必要と認める事項": "",
        "受入対象者": "",
        "備考": ""
      }
    },
    {
      "type": "Feature",
      "geometry": {
        "type": "Point",
        "coordinates": [
          140.155764,
          36.658376
        ]
      },
      "properties": {
        "NO": "1041",
        "共通ID": "E0921500036111",
        "施設・場所名": "烏山公民館",
        "住所": "栃木県那須烏山市中央2-13-8",
        "指定緊急避難場所との住所同一": "",
        "その他市町村長が必要と認める事項": null,
        "受入対象者": null,
        "備考": ""
      }
    },
    {
      "type": "Feature",
      "geometry": {
        "type": "Point",
        "coordinates": [
          140.155415,
          36.658831
        ]
      },
      "properties": {
        "NO": "1042",
        "共通ID": "E0921500037111",
        "施設・場所名": "烏山武道館",
        "住所": "栃木県那須烏山市中央2-17-1",
        "指定緊急避難場所との住所同一": "",
        "その他市町村長が必要と認める事項": null,
        "受入対象者": null,
        "備考": ""
      }
    },
    {
      "type": "Feature",
      "geometry": {
        "type": "Point",
        "coordinates": [
          140.152825,
          36.664059
        ]
      },
      "properties": {
        "NO": "1043",
        "共通ID": "E0921500038111",
        "施設・場所名": "烏山高等学校",
        "住所": "栃木県那須烏山市中央3-9-8",
        "指定緊急避難場所との住所同一": "1",
        "その他市町村長が必要と認める事項": "",
        "受入対象者": "",
        "備考": ""
      }
    },
    {
      "type": "Feature",
      "geometry": {
        "type": "Point",
        "coordinates": [
          140.147986,
          36.689153
        ]
      },
      "properties": {
        "NO": "1044",
        "共通ID": "E0921500039111",
        "施設・場所名": "旧七合中学校",
        "住所": "栃木県那須烏山市中山226",
        "指定緊急避難場所との住所同一": "",
        "その他市町村長が必要と認める事項": null,
        "受入対象者": null,
        "備考": ""
      }
    },
    {
      "type": "Feature",
      "geometry": {
        "type": "Point",
        "coordinates": [
          140.099074,
          36.659182
        ]
      },
      "properties": {
        "NO": "1045",
        "共通ID": "E0921500040111",
        "施設・場所名": "南那須図書館",
        "住所": "栃木県那須烏山市田野倉65-1",
        "指定緊急避難場所との住所同一": "",
        "その他市町村長が必要と認める事項": null,
        "受入対象者": null,
        "備考": ""
      }
    },
    {
      "type": "Feature",
      "geometry": {
        "type": "Point",
        "coordinates": [
          140.095979,
          36.658675
        ]
      },
      "properties": {
        "NO": "1046",
        "共通ID": "E0921500041111",
        "施設・場所名": "保健福祉センター",
        "住所": "栃木県那須烏山市田野倉85-1",
        "指定緊急避難場所との住所同一": "1",
        "その他市町村長が必要と認める事項": null,
        "受入対象者": null,
        "備考": ""
      }
    },
    {
      "type": "Feature",
      "geometry": {
        "type": "Point",
        "coordinates": [
          140.095979,
          36.658675
        ]
      },
      "properties": {
        "NO": "1047",
        "共通ID": "E0921500041121",
        "施設・場所名": "保健福祉センター",
        "住所": "栃木県那須烏山市田野倉85-1",
        "指定緊急避難場所との住所同一": "1",
        "その他市町村長が必要と認める事項": null,
        "受入対象者": "要配慮者",
        "備考": ""
      }
    },
    {
      "type": "Feature",
      "geometry": {
        "type": "Point",
        "coordinates": [
          140.100218,
          36.656843
        ]
      },
      "properties": {
        "NO": "1048",
        "共通ID": "E0921500042111",
        "施設・場所名": "つくし幼稚園",
        "住所": "栃木県那須烏山市東原50",
        "指定緊急避難場所との住所同一": "",
        "その他市町村長が必要と認める事項": null,
        "受入対象者": null,
        "備考": ""
      }
    },
    {
      "type": "Feature",
      "geometry": {
        "type": "Point",
        "coordinates": [
          140.10203,
          36.681632
        ]
      },
      "properties": {
        "NO": "1049",
        "共通ID": "E0921500043111",
        "施設・場所名": "スポーツ健康館",
        "住所": "栃木県那須烏山市藤田1181-85",
        "指定緊急避難場所との住所同一": "1",
        "その他市町村長が必要と認める事項": null,
        "受入対象者": null,
        "備考": ""
      }
    },
    {
      "type": "Feature",
      "geometry": {
        "type": "Point",
        "coordinates": [
          140.087036,
          36.680461
        ]
      },
      "properties": {
        "NO": "1050",
        "共通ID": "E0921500044111",
        "施設・場所名": "藤田公民館",
        "住所": "栃木県那須烏山市藤田784-1",
        "指定緊急避難場所との住所同一": "1",
        "その他市町村長が必要と認める事項": null,
        "受入対象者": null,
        "備考": ""
      }
    },
    {
      "type": "Feature",
      "geometry": {
        "type": "Point",
        "coordinates": [
          140.146108,
          36.648373
        ]
      },
      "properties": {
        "NO": "1051",
        "共通ID": "E0921500046111",
        "施設・場所名": "烏山中学校",
        "住所": "栃木県那須烏山市南1-2810",
        "指定緊急避難場所との住所同一": "1",
        "その他市町村長が必要と認める事項": "",
        "受入対象者": "",
        "備考": ""
      }
    },
    {
      "type": "Feature",
      "geometry": {
        "type": "Point",
        "coordinates": [
          140.073416,
          36.631435
        ]
      },
      "properties": {
        "NO": "1052",
        "共通ID": "E0921500047111",
        "施設・場所名": "八ケ代コミュニティーセンター",
        "住所": "栃木県那須烏山市八ケ代169",
        "指定緊急避難場所との住所同一": "1",
        "その他市町村長が必要と認める事項": null,
        "受入対象者": null,
        "備考": ""
      }
    },
    {
      "type": "Feature",
      "geometry": {
        "type": "Point",
        "coordinates": [
          140.150189,
          36.634658
        ]
      },
      "properties": {
        "NO": "1053",
        "共通ID": "E0921500048111",
        "施設・場所名": "野上体育館",
        "住所": "栃木県那須烏山市野上703",
        "指定緊急避難場所との住所同一": "1",
        "その他市町村長が必要と認める事項": null,
        "受入対象者": null,
        "備考": ""
      }
    },
    {
      "type": "Feature",
      "geometry": {
        "type": "Point",
        "coordinates": [
          140.150852,
          36.63492
        ]
      },
      "properties": {
        "NO": "1054",
        "共通ID": "E0921500048112",
        "施設・場所名": "すくすく保育園・烏山南公民館",
        "住所": "栃木県那須烏山市野上703",
        "指定緊急避難場所との住所同一": "1",
        "その他市町村長が必要と認める事項": "",
        "受入対象者": "",
        "備考": ""
      }
    },
    {
      "type": "Feature",
      "geometry": {
        "type": "Point",
        "coordinates": [
          139.960217,
          36.940202
        ]
      },
      "properties": {
        "NO": "1055",
        "共通ID": "E0921300001111",
        "施設・場所名": "旧　那須塩原市立横林小学校",
        "住所": "栃木県那須塩原市横林137-5",
        "指定緊急避難場所との住所同一": "",
        "その他市町村長が必要と認める事項": "",
        "受入対象者": "",
        "備考": ""
      }
    },
    {
      "type": "Feature",
      "geometry": {
        "type": "Point",
        "coordinates": [
          139.986829,
          36.877499
        ]
      },
      "properties": {
        "NO": "1056",
        "共通ID": "E0921300002111",
        "施設・場所名": "那須塩原市立西那須野中学校",
        "住所": "栃木県那須塩原市下永田4-3",
        "指定緊急避難場所との住所同一": "",
        "その他市町村長が必要と認める事項": null,
        "受入対象者": null,
        "備考": ""
      }
    },
    {
      "type": "Feature",
      "geometry": {
        "type": "Point",
        "coordinates": [
          140.001085,
          36.874717
        ]
      },
      "properties": {
        "NO": "1057",
        "共通ID": "E0921300003111",
        "施設・場所名": "那須塩原市立大山小学校",
        "住所": "栃木県那須塩原市下永田8-7",
        "指定緊急避難場所との住所同一": "",
        "その他市町村長が必要と認める事項": null,
        "受入対象者": null,
        "備考": ""
      }
    },
    {
      "type": "Feature",
      "geometry": {
        "type": "Point",
        "coordinates": [
          140.001984,
          36.873257
        ]
      },
      "properties": {
        "NO": "1058",
        "共通ID": "E0921300004111",
        "施設・場所名": "那須塩原市大山公民館",
        "住所": "栃木県那須塩原市下永田8-7-86",
        "指定緊急避難場所との住所同一": "1",
        "その他市町村長が必要と認める事項": "",
        "受入対象者": "",
        "備考": ""
      }
    },
    {
      "type": "Feature",
      "geometry": {
        "type": "Point",
        "coordinates": [
          140.002061,
          36.873251
        ]
      },
      "properties": {
        "NO": "1059",
        "共通ID": "E0921300004121",
        "施設・場所名": "那須塩原市大山公民館",
        "住所": "栃木県那須塩原市下永田8-7-86",
        "指定緊急避難場所との住所同一": "1",
        "その他市町村長が必要と認める事項": "",
        "受入対象者": "高齢者、障害児、乳幼児、妊産婦、傷病者、内部障碍者、難病患者、医療的ケアを必要とする者及びその家族等",
        "備考": ""
      }
    },
    {
      "type": "Feature",
      "geometry": {
        "type": "Point",
        "coordinates": [
          139.89886,
          36.944786
        ]
      },
      "properties": {
        "NO": "1060",
        "共通ID": "E0921300005111",
        "施設・場所名": "旧　那須塩原市立箒根中学校",
        "住所": "栃木県那須塩原市関谷1251",
        "指定緊急避難場所との住所同一": "",
        "その他市町村長が必要と認める事項": "",
        "受入対象者": "",
        "備考": ""
      }
    },
    {
      "type": "Feature",
      "geometry": {
        "type": "Point",
        "coordinates": [
          139.896462,
          36.945148
        ]
      },
      "properties": {
        "NO": "1061",
        "共通ID": "E0921300006111",
        "施設・場所名": "那須塩原市ハロープラザ",
        "住所": "栃木県那須塩原市関谷1266-4",
        "指定緊急避難場所との住所同一": "1",
        "その他市町村長が必要と認める事項": null,
        "受入対象者": null,
        "備考": ""
      }
    },
    {
      "type": "Feature",
      "geometry": {
        "type": "Point",
        "coordinates": [
          139.896525,
          36.945213
        ]
      },
      "properties": {
        "NO": "1062",
        "共通ID": "E0921300006121",
        "施設・場所名": "那須塩原市ハロープラザ",
        "住所": "栃木県那須塩原市関谷1266-4",
        "指定緊急避難場所との住所同一": "1",
        "その他市町村長が必要と認める事項": null,
        "受入対象者": "高齢者、障害児、乳幼児、妊産婦、傷病者、内部障碍者、難病患者、医療的ケアを必要とする者及びその家族等",
        "備考": ""
      }
    },
    {
      "type": "Feature",
      "geometry": {
        "type": "Point",
        "coordinates": [
          139.902488,
          36.952306
        ]
      },
      "properties": {
        "NO": "1063",
        "共通ID": "E0921300007111",
        "施設・場所名": "那須塩原市立箒根学園",
        "住所": "栃木県那須塩原市関谷2018-1",
        "指定緊急避難場所との住所同一": "",
        "その他市町村長が必要と認める事項": "",
        "受入対象者": "",
        "備考": ""
      }
    },
    {
      "type": "Feature",
      "geometry": {
        "type": "Point",
        "coordinates": [
          140.04579,
          36.96333
        ]
      },
      "properties": {
        "NO": "1064",
        "共通ID": "E0921300008111",
        "施設・場所名": "那須塩原市立共英小学校",
        "住所": "栃木県那須塩原市共墾社99-11",
        "指定緊急避難場所との住所同一": "",
        "その他市町村長が必要と認める事項": null,
        "受入対象者": null,
        "備考": ""
      }
    },
    {
      "type": "Feature",
      "geometry": {
        "type": "Point",
        "coordinates": [
          139.900384,
          36.90938
        ]
      },
      "properties": {
        "NO": "1065",
        "共通ID": "E0921300009111",
        "施設・場所名": "旧　那須塩原市立金沢小学校",
        "住所": "栃木県那須塩原市金沢1969-2",
        "指定緊急避難場所との住所同一": "",
        "その他市町村長が必要と認める事項": null,
        "受入対象者": null,
        "備考": ""
      }
    },
    {
      "type": "Feature",
      "geometry": {
        "type": "Point",
        "coordinates": [
          139.989048,
          36.900144
        ]
      },
      "properties": {
        "NO": "1066",
        "共通ID": "E0921300010111",
        "施設・場所名": "那須塩原市にしなすの運動公園",
        "住所": "栃木県那須塩原市高柳10",
        "指定緊急避難場所との住所同一": "1",
        "その他市町村長が必要と認める事項": null,
        "受入対象者": null,
        "備考": ""
      }
    },
    {
      "type": "Feature",
      "geometry": {
        "type": "Point",
        "coordinates": [
          139.943289,
          36.986588
        ]
      },
      "properties": {
        "NO": "1067",
        "共通ID": "E0921300011111",
        "施設・場所名": "那須塩原市立高林小学校",
        "住所": "栃木県那須塩原市高林483",
        "指定緊急避難場所との住所同一": "",
        "その他市町村長が必要と認める事項": null,
        "受入対象者": null,
        "備考": ""
      }
    },
    {
      "type": "Feature",
      "geometry": {
        "type": "Point",
        "coordinates": [
          140.022701,
          36.9824
        ]
      },
      "properties": {
        "NO": "1068",
        "共通ID": "E0921300012111",
        "施設・場所名": "那須塩原市立黒磯北中学校",
        "住所": "栃木県那須塩原市埼玉6",
        "指定緊急避難場所との住所同一": "",
        "その他市町村長が必要と認める事項": null,
        "受入対象者": null,
        "備考": ""
      }
    },
    {
      "type": "Feature",
      "geometry": {
        "type": "Point",
        "coordinates": [
          140.02977,
          36.979231
        ]
      },
      "properties": {
        "NO": "1069",
        "共通ID": "E0921300013111",
        "施設・場所名": "那須塩原市立稲村小学校",
        "住所": "栃木県那須塩原市埼玉8",
        "指定緊急避難場所との住所同一": "",
        "その他市町村長が必要と認める事項": null,
        "受入対象者": null,
        "備考": ""
      }
    },
    {
      "type": "Feature",
      "geometry": {
        "type": "Point",
        "coordinates": [
          140.022682,
          36.962766
        ]
      },
      "properties": {
        "NO": "1070",
        "共通ID": "E0921300014111",
        "施設・場所名": "那須塩原市立埼玉小学校",
        "住所": "栃木県那須塩原市埼玉99",
        "指定緊急避難場所との住所同一": "",
        "その他市町村長が必要と認める事項": null,
        "受入対象者": null,
        "備考": ""
      }
    },
    {
      "type": "Feature",
      "geometry": {
        "type": "Point",
        "coordinates": [
          140.05187,
          36.97563
        ]
      },
      "properties": {
        "NO": "1071",
        "共通ID": "E0921300015111",
        "施設・場所名": "那須塩原市いきいきふれあいセンター",
        "住所": "栃木県那須塩原市桜町1-5",
        "指定緊急避難場所との住所同一": "1",
        "その他市町村長が必要と認める事項": null,
        "受入対象者": null,
        "備考": ""
      }
    },
    {
      "type": "Feature",
      "geometry": {
        "type": "Point",
        "coordinates": [
          140.051944,
          36.975655
        ]
      },
      "properties": {
        "NO": "1072",
        "共通ID": "E0921300015121",
        "施設・場所名": "那須塩原市いきいきふれあいセンター",
        "住所": "栃木県那須塩原市桜町1-5",
        "指定緊急避難場所との住所同一": "1",
        "その他市町村長が必要と認める事項": null,
        "受入対象者": "高齢者、障害児、乳幼児、妊産婦、傷病者、内部障碍者、難病患者、医療的ケアを必要とする者及びその家族等",
        "備考": ""
      }
    },
    {
      "type": "Feature",
      "geometry": {
        "type": "Point",
        "coordinates": [
          139.975973,
          36.895618
        ]
      },
      "properties": {
        "NO": "1073",
        "共通ID": "E0921300016111",
        "施設・場所名": "那須塩原市立三島小学校",
        "住所": "栃木県那須塩原市三島1-21",
        "指定緊急避難場所との住所同一": "",
        "その他市町村長が必要と認める事項": null,
        "受入対象者": null,
        "備考": ""
      }
    },
    {
      "type": "Feature",
      "geometry": {
        "type": "Point",
        "coordinates": [
          139.96861,
          36.9008
        ]
      },
      "properties": {
        "NO": "1074",
        "共通ID": "E0921300017111",
        "施設・場所名": "那須塩原市三島体育センター",
        "住所": "栃木県那須塩原市三島5-1",
        "指定緊急避難場所との住所同一": "1",
        "その他市町村長が必要と認める事項": null,
        "受入対象者": null,
        "備考": ""
      }
    },
    {
      "type": "Feature",
      "geometry": {
        "type": "Point",
        "coordinates": [
          139.953455,
          36.895602
        ]
      },
      "properties": {
        "NO": "1075",
        "共通ID": "E0921300018121",
        "施設・場所名": "那須塩原市西公民館",
        "住所": "栃木県那須塩原市四区町661",
        "指定緊急避難場所との住所同一": "1",
        "その他市町村長が必要と認める事項": null,
        "受入対象者": "高齢者、障害児、乳幼児、妊産婦、傷病者、内部障碍者、難病患者、医療的ケアを必要とする者及びその家族等",
        "備考": ""
      }
    },
    {
      "type": "Feature",
      "geometry": {
        "type": "Point",
        "coordinates": [
          139.953478,
          36.895563
        ]
      },
      "properties": {
        "NO": "1076",
        "共通ID": "E0921300018111",
        "施設・場所名": "那須塩原市西公民館",
        "住所": "栃木県那須塩原市四区町661",
        "指定緊急避難場所との住所同一": "1",
        "その他市町村長が必要と認める事項": null,
        "受入対象者": null,
        "備考": ""
      }
    },
    {
      "type": "Feature",
      "geometry": {
        "type": "Point",
        "coordinates": [
          139.951128,
          36.895333
        ]
      },
      "properties": {
        "NO": "1077",
        "共通ID": "E0921300019111",
        "施設・場所名": "那須塩原市立西小学校",
        "住所": "栃木県那須塩原市四区町662",
        "指定緊急避難場所との住所同一": "",
        "その他市町村長が必要と認める事項": null,
        "受入対象者": null,
        "備考": ""
      }
    },
    {
      "type": "Feature",
      "geometry": {
        "type": "Point",
        "coordinates": [
          140.11342,
          36.967384
        ]
      },
      "properties": {
        "NO": "1078",
        "共通ID": "E0921300020111",
        "施設・場所名": "旧　那須塩原市立寺子小学校",
        "住所": "栃木県那須塩原市寺子1146-2",
        "指定緊急避難場所との住所同一": "",
        "その他市町村長が必要と認める事項": null,
        "受入対象者": null,
        "備考": ""
      }
    },
    {
      "type": "Feature",
      "geometry": {
        "type": "Point",
        "coordinates": [
          140.031208,
          36.976017
        ]
      },
      "properties": {
        "NO": "1079",
        "共通ID": "E0921300021111",
        "施設・場所名": "那須塩原市稲村公民館",
        "住所": "栃木県那須塩原市若草町117-1",
        "指定緊急避難場所との住所同一": "1",
        "その他市町村長が必要と認める事項": null,
        "受入対象者": null,
        "備考": ""
      }
    },
    {
      "type": "Feature",
      "geometry": {
        "type": "Point",
        "coordinates": [
          140.03124,
          36.976097
        ]
      },
      "properties": {
        "NO": "1080",
        "共通ID": "E0921300021121",
        "施設・場所名": "那須塩原市稲村公民館",
        "住所": "栃木県那須塩原市若草町117-1",
        "指定緊急避難場所との住所同一": "1",
        "その他市町村長が必要と認める事項": null,
        "受入対象者": "高齢者、障害児、乳幼児、妊産婦、傷病者、内部障碍者、難病患者、医療的ケアを必要とする者及びその家族等",
        "備考": ""
      }
    },
    {
      "type": "Feature",
      "geometry": {
        "type": "Point",
        "coordinates": [
          139.7928,
          36.981089
        ]
      },
      "properties": {
        "NO": "1081",
        "共通ID": "E0921300022111",
        "施設・場所名": "宿泊体験館メープル",
        "住所": "栃木県那須塩原市上塩原58-3",
        "指定緊急避難場所との住所同一": "",
        "その他市町村長が必要と認める事項": null,
        "受入対象者": null,
        "備考": ""
      }
    },
    {
      "type": "Feature",
      "geometry": {
        "type": "Point",
        "coordinates": [
          140.033213,
          36.958768
        ]
      },
      "properties": {
        "NO": "1082",
        "共通ID": "E0921300023111",
        "施設・場所名": "那須塩原市立厚崎中学校",
        "住所": "栃木県那須塩原市上厚崎385",
        "指定緊急避難場所との住所同一": "",
        "その他市町村長が必要と認める事項": null,
        "受入対象者": null,
        "備考": ""
      }
    },
    {
      "type": "Feature",
      "geometry": {
        "type": "Point",
        "coordinates": [
          140.032428,
          36.951998
        ]
      },
      "properties": {
        "NO": "1083",
        "共通ID": "E0921300024111",
        "施設・場所名": "那須塩原市黒磯文化会館",
        "住所": "栃木県那須塩原市上厚崎490",
        "指定緊急避難場所との住所同一": "1",
        "その他市町村長が必要と認める事項": null,
        "受入対象者": null,
        "備考": ""
      }
    },
    {
      "type": "Feature",
      "geometry": {
        "type": "Point",
        "coordinates": [
          140.033359,
          36.95122
        ]
      },
      "properties": {
        "NO": "1084",
        "共通ID": "E0921300025111",
        "施設・場所名": "那須塩原市厚崎公民館",
        "住所": "栃木県那須塩原市上厚崎500-1",
        "指定緊急避難場所との住所同一": "1",
        "その他市町村長が必要と認める事項": null,
        "受入対象者": null,
        "備考": ""
      }
    },
    {
      "type": "Feature",
      "geometry": {
        "type": "Point",
        "coordinates": [
          140.033419,
          36.951241
        ]
      },
      "properties": {
        "NO": "1085",
        "共通ID": "E0921300025121",
        "施設・場所名": "那須塩原市厚崎公民館",
        "住所": "栃木県那須塩原市上厚崎500-1",
        "指定緊急避難場所との住所同一": "1",
        "その他市町村長が必要と認める事項": null,
        "受入対象者": "高齢者、障害児、乳幼児、妊産婦、傷病者、内部障碍者、難病患者、医療的ケアを必要とする者及びその家族等",
        "備考": ""
      }
    },
    {
      "type": "Feature",
      "geometry": {
        "type": "Point",
        "coordinates": [
          140.031667,
          36.959659
        ]
      },
      "properties": {
        "NO": "1086",
        "共通ID": "E0921300026111",
        "施設・場所名": "那須塩原市くろいそ運動場武道館",
        "住所": "栃木県那須塩原市上厚崎664",
        "指定緊急避難場所との住所同一": "1",
        "その他市町村長が必要と認める事項": null,
        "受入対象者": null,
        "備考": ""
      }
    },
    {
      "type": "Feature",
      "geometry": {
        "type": "Point",
        "coordinates": [
          139.92532,
          36.895554
        ]
      },
      "properties": {
        "NO": "1087",
        "共通ID": "E0921300027111",
        "施設・場所名": "旧　那須塩原市立大貫小学校",
        "住所": "栃木県那須塩原市上大貫2077-2",
        "指定緊急避難場所との住所同一": "",
        "その他市町村長が必要と認める事項": "",
        "受入対象者": "",
        "備考": ""
      }
    },
    {
      "type": "Feature",
      "geometry": {
        "type": "Point",
        "coordinates": [
          139.993662,
          36.992455
        ]
      },
      "properties": {
        "NO": "1088",
        "共通ID": "E0921300028111",
        "施設・場所名": "那須塩原市立青木小学校",
        "住所": "栃木県那須塩原市青木12",
        "指定緊急避難場所との住所同一": "",
        "その他市町村長が必要と認める事項": null,
        "受入対象者": null,
        "備考": ""
      }
    },
    {
      "type": "Feature",
      "geometry": {
        "type": "Point",
        "coordinates": [
          139.945659,
          37.006267
        ]
      },
      "properties": {
        "NO": "1089",
        "共通ID": "E0921300029121",
        "施設・場所名": "那須塩原市高林公民館",
        "住所": "栃木県那須塩原市箭坪347-1",
        "指定緊急避難場所との住所同一": "1",
        "その他市町村長が必要と認める事項": null,
        "受入対象者": "高齢者、障害児、乳幼児、妊産婦、傷病者、内部障碍者、難病患者、医療的ケアを必要とする者及びその家族等",
        "備考": ""
      }
    },
    {
      "type": "Feature",
      "geometry": {
        "type": "Point",
        "coordinates": [
          139.945559,
          37.006323
        ]
      },
      "properties": {
        "NO": "1090",
        "共通ID": "E0921300029111",
        "施設・場所名": "那須塩原市高林公民館",
        "住所": "栃木県那須塩原市箭坪347-1",
        "指定緊急避難場所との住所同一": "1",
        "その他市町村長が必要と認める事項": null,
        "受入対象者": null,
        "備考": ""
      }
    },
    {
      "type": "Feature",
      "geometry": {
        "type": "Point",
        "coordinates": [
          139.943286,
          37.00539
        ]
      },
      "properties": {
        "NO": "1091",
        "共通ID": "E0921300030111",
        "施設・場所名": "那須塩原市立高林中学校",
        "住所": "栃木県那須塩原市箭坪353",
        "指定緊急避難場所との住所同一": "",
        "その他市町村長が必要と認める事項": null,
        "受入対象者": null,
        "備考": ""
      }
    },
    {
      "type": "Feature",
      "geometry": {
        "type": "Point",
        "coordinates": [
          139.980413,
          36.884733
        ]
      },
      "properties": {
        "NO": "1092",
        "共通ID": "E0921300031111",
        "施設・場所名": "那須塩原市立東小学校",
        "住所": "栃木県那須塩原市太夫塚1-193",
        "指定緊急避難場所との住所同一": "",
        "その他市町村長が必要と認める事項": null,
        "受入対象者": null,
        "備考": ""
      }
    },
    {
      "type": "Feature",
      "geometry": {
        "type": "Point",
        "coordinates": [
          139.976747,
          36.884706
        ]
      },
      "properties": {
        "NO": "1093",
        "共通ID": "E0921300032111",
        "施設・場所名": "那須塩原市西那須野公民館",
        "住所": "栃木県那須塩原市太夫塚1-194-78",
        "指定緊急避難場所との住所同一": "1",
        "その他市町村長が必要と認める事項": null,
        "受入対象者": null,
        "備考": ""
      }
    },
    {
      "type": "Feature",
      "geometry": {
        "type": "Point",
        "coordinates": [
          139.97671,
          36.884734
        ]
      },
      "properties": {
        "NO": "1094",
        "共通ID": "E0921300032121",
        "施設・場所名": "那須塩原市西那須野公民館",
        "住所": "栃木県那須塩原市太夫塚1-194-78",
        "指定緊急避難場所との住所同一": "1",
        "その他市町村長が必要と認める事項": null,
        "受入対象者": "高齢者、障害児、乳幼児、妊産婦、傷病者、内部障碍者、難病患者、医療的ケアを必要とする者及びその家族等",
        "備考": ""
      }
    },
    {
      "type": "Feature",
      "geometry": {
        "type": "Point",
        "coordinates": [
          139.809561,
          36.977619
        ]
      },
      "properties": {
        "NO": "1095",
        "共通ID": "E0921300033121",
        "施設・場所名": "那須塩原市塩原公民館",
        "住所": "栃木県那須塩原市中塩原1-2",
        "指定緊急避難場所との住所同一": "1",
        "その他市町村長が必要と認める事項": null,
        "受入対象者": "高齢者、障害児、乳幼児、妊産婦、傷病者、内部障碍者、難病患者、医療的ケアを必要とする者及びその家族等",
        "備考": ""
      }
    },
    {
      "type": "Feature",
      "geometry": {
        "type": "Point",
        "coordinates": [
          139.809488,
          36.977668
        ]
      },
      "properties": {
        "NO": "1096",
        "共通ID": "E0921300033111",
        "施設・場所名": "那須塩原市塩原公民館",
        "住所": "栃木県那須塩原市中塩原1-2",
        "指定緊急避難場所との住所同一": "1",
        "その他市町村長が必要と認める事項": null,
        "受入対象者": null,
        "備考": ""
      }
    },
    {
      "type": "Feature",
      "geometry": {
        "type": "Point",
        "coordinates": [
          139.997766,
          36.910785
        ]
      },
      "properties": {
        "NO": "1097",
        "共通ID": "E0921300034111",
        "施設・場所名": "那須塩原市立槻沢小学校",
        "住所": "栃木県那須塩原市槻沢1",
        "指定緊急避難場所との住所同一": "",
        "その他市町村長が必要と認める事項": null,
        "受入対象者": null,
        "備考": ""
      }
    },
    {
      "type": "Feature",
      "geometry": {
        "type": "Point",
        "coordinates": [
          139.999632,
          36.90529
        ]
      },
      "properties": {
        "NO": "1098",
        "共通ID": "E0921300035121",
        "施設・場所名": "那須塩原市狩野公民館",
        "住所": "栃木県那須塩原市槻沢231",
        "指定緊急避難場所との住所同一": "1",
        "その他市町村長が必要と認める事項": null,
        "受入対象者": "高齢者、障害児、乳幼児、妊産婦、傷病者、内部障碍者、難病患者、医療的ケアを必要とする者及びその家族等",
        "備考": ""
      }
    },
    {
      "type": "Feature",
      "geometry": {
        "type": "Point",
        "coordinates": [
          139.999674,
          36.90532
        ]
      },
      "properties": {
        "NO": "1099",
        "共通ID": "E0921300035111",
        "施設・場所名": "那須塩原市狩野公民館",
        "住所": "栃木県那須塩原市槻沢231",
        "指定緊急避難場所との住所同一": "1",
        "その他市町村長が必要と認める事項": null,
        "受入対象者": null,
        "備考": ""
      }
    },
    {
      "type": "Feature",
      "geometry": {
        "type": "Point",
        "coordinates": [
          140.005823,
          36.938604
        ]
      },
      "properties": {
        "NO": "1100",
        "共通ID": "E0921300036111",
        "施設・場所名": "那須塩原市立東那須野中学校",
        "住所": "栃木県那須塩原市島方689",
        "指定緊急避難場所との住所同一": "",
        "その他市町村長が必要と認める事項": null,
        "受入対象者": null,
        "備考": ""
      }
    },
    {
      "type": "Feature",
      "geometry": {
        "type": "Point",
        "coordinates": [
          140.032695,
          36.983552
        ]
      },
      "properties": {
        "NO": "1101",
        "共通ID": "E0921300037111",
        "施設・場所名": "那須塩原市立東原小学校",
        "住所": "栃木県那須塩原市東原4",
        "指定緊急避難場所との住所同一": "",
        "その他市町村長が必要と認める事項": null,
        "受入対象者": null,
        "備考": ""
      }
    },
    {
      "type": "Feature",
      "geometry": {
        "type": "Point",
        "coordinates": [
          139.982651,
          36.89906
        ]
      },
      "properties": {
        "NO": "1102",
        "共通ID": "E0921300038111",
        "施設・場所名": "那須塩原市立三島中学校",
        "住所": "栃木県那須塩原市東三島1-104",
        "指定緊急避難場所との住所同一": "",
        "その他市町村長が必要と認める事項": null,
        "受入対象者": null,
        "備考": ""
      }
    },
    {
      "type": "Feature",
      "geometry": {
        "type": "Point",
        "coordinates": [
          139.970883,
          36.900211
        ]
      },
      "properties": {
        "NO": "1103",
        "共通ID": "E0921300039111",
        "施設・場所名": "那須塩原市三島公民館",
        "住所": "栃木県那須塩原市東三島6-337",
        "指定緊急避難場所との住所同一": "1",
        "その他市町村長が必要と認める事項": null,
        "受入対象者": null,
        "備考": ""
      }
    },
    {
      "type": "Feature",
      "geometry": {
        "type": "Point",
        "coordinates": [
          139.971054,
          36.900316
        ]
      },
      "properties": {
        "NO": "1104",
        "共通ID": "E0921300039121",
        "施設・場所名": "那須塩原市三島公民館",
        "住所": "栃木県那須塩原市東三島6-337",
        "指定緊急避難場所との住所同一": "1",
        "その他市町村長が必要と認める事項": null,
        "受入対象者": "高齢者、障害児、乳幼児、妊産婦、傷病者、内部障碍者、難病患者、医療的ケアを必要とする者及びその家族等",
        "備考": ""
      }
    },
    {
      "type": "Feature",
      "geometry": {
        "type": "Point",
        "coordinates": [
          140.024289,
          36.930515
        ]
      },
      "properties": {
        "NO": "1105",
        "共通ID": "E0921300040121",
        "施設・場所名": "那須塩原市東那須野公民館",
        "住所": "栃木県那須塩原市東小屋474-11",
        "指定緊急避難場所との住所同一": "1",
        "その他市町村長が必要と認める事項": null,
        "受入対象者": "高齢者、障害児、乳幼児、妊産婦、傷病者、内部障碍者、難病患者、医療的ケアを必要とする者及びその家族等",
        "備考": ""
      }
    },
    {
      "type": "Feature",
      "geometry": {
        "type": "Point",
        "coordinates": [
          140.024239,
          36.930502
        ]
      },
      "properties": {
        "NO": "1106",
        "共通ID": "E0921300040111",
        "施設・場所名": "那須塩原市東那須野公民館",
        "住所": "栃木県那須塩原市東小屋474-11",
        "指定緊急避難場所との住所同一": "1",
        "その他市町村長が必要と認める事項": null,
        "受入対象者": null,
        "備考": ""
      }
    },
    {
      "type": "Feature",
      "geometry": {
        "type": "Point",
        "coordinates": [
          140.061133,
          36.966809
        ]
      },
      "properties": {
        "NO": "1107",
        "共通ID": "E0921300041111",
        "施設・場所名": "那須塩原市とようら公民館",
        "住所": "栃木県那須塩原市東豊浦23-110",
        "指定緊急避難場所との住所同一": "1",
        "その他市町村長が必要と認める事項": null,
        "受入対象者": null,
        "備考": ""
      }
    },
    {
      "type": "Feature",
      "geometry": {
        "type": "Point",
        "coordinates": [
          140.06118,
          36.966858
        ]
      },
      "properties": {
        "NO": "1108",
        "共通ID": "E0921300041121",
        "施設・場所名": "那須塩原市とようら公民館",
        "住所": "栃木県那須塩原市東豊浦23-110",
        "指定緊急避難場所との住所同一": "1",
        "その他市町村長が必要と認める事項": "",
        "受入対象者": "高齢者、障害児、乳幼児、妊産婦、傷病者、内部障碍者、難病患者、医療的ケアを必要とする者及びその家族等",
        "備考": ""
      }
    },
    {
      "type": "Feature",
      "geometry": {
        "type": "Point",
        "coordinates": [
          140.093086,
          36.945985
        ]
      },
      "properties": {
        "NO": "1109",
        "共通ID": "E0921300042111",
        "施設・場所名": "那須塩原市立鍋掛小学校",
        "住所": "栃木県那須塩原市鍋掛1019",
        "指定緊急避難場所との住所同一": "",
        "その他市町村長が必要と認める事項": null,
        "受入対象者": null,
        "備考": ""
      }
    },
    {
      "type": "Feature",
      "geometry": {
        "type": "Point",
        "coordinates": [
          140.073553,
          36.957534
        ]
      },
      "properties": {
        "NO": "1110",
        "共通ID": "E0921300043111",
        "施設・場所名": "那須塩原市立日新中学校",
        "住所": "栃木県那須塩原市鍋掛1087",
        "指定緊急避難場所との住所同一": "",
        "その他市町村長が必要と認める事項": null,
        "受入対象者": null,
        "備考": ""
      }
    },
    {
      "type": "Feature",
      "geometry": {
        "type": "Point",
        "coordinates": [
          140.072555,
          36.953753
        ]
      },
      "properties": {
        "NO": "1111",
        "共通ID": "E0921300044111",
        "施設・場所名": "那須塩原市シニアセンター",
        "住所": "栃木県那須塩原市鍋掛1429-34",
        "指定緊急避難場所との住所同一": "",
        "その他市町村長が必要と認める事項": null,
        "受入対象者": null,
        "備考": ""
      }
    },
    {
      "type": "Feature",
      "geometry": {
        "type": "Point",
        "coordinates": [
          140.100683,
          36.945743
        ]
      },
      "properties": {
        "NO": "1112",
        "共通ID": "E0921300045111",
        "施設・場所名": "那須塩原市鍋掛公民館",
        "住所": "栃木県那須塩原市鍋掛531",
        "指定緊急避難場所との住所同一": "1",
        "その他市町村長が必要と認める事項": null,
        "受入対象者": null,
        "備考": ""
      }
    },
    {
      "type": "Feature",
      "geometry": {
        "type": "Point",
        "coordinates": [
          140.10077,
          36.94573
        ]
      },
      "properties": {
        "NO": "1113",
        "共通ID": "E0921300045121",
        "施設・場所名": "那須塩原市鍋掛公民館",
        "住所": "栃木県那須塩原市鍋掛531",
        "指定緊急避難場所との住所同一": "1",
        "その他市町村長が必要と認める事項": null,
        "受入対象者": "高齢者、障害児、乳幼児、妊産婦、傷病者、内部障碍者、難病患者、医療的ケアを必要とする者及びその家族等",
        "備考": ""
      }
    },
    {
      "type": "Feature",
      "geometry": {
        "type": "Point",
        "coordinates": [
          139.988176,
          36.897635
        ]
      },
      "properties": {
        "NO": "1114",
        "共通ID": "E0921300046111",
        "施設・場所名": "那須塩原市健康長寿センター",
        "住所": "栃木県那須塩原市南郷屋5-163",
        "指定緊急避難場所との住所同一": "",
        "その他市町村長が必要と認める事項": null,
        "受入対象者": null,
        "備考": ""
      }
    },
    {
      "type": "Feature",
      "geometry": {
        "type": "Point",
        "coordinates": [
          139.971665,
          36.855781
        ]
      },
      "properties": {
        "NO": "1115",
        "共通ID": "E0921300047111",
        "施設・場所名": "那須塩原市立南小学校",
        "住所": "栃木県那須塩原市二区町399",
        "指定緊急避難場所との住所同一": "",
        "その他市町村長が必要と認める事項": null,
        "受入対象者": null,
        "備考": ""
      }
    },
    {
      "type": "Feature",
      "geometry": {
        "type": "Point",
        "coordinates": [
          139.969784,
          36.855071
        ]
      },
      "properties": {
        "NO": "1116",
        "共通ID": "E0921300048121",
        "施設・場所名": "那須塩原市南公民館",
        "住所": "栃木県那須塩原市二区町401",
        "指定緊急避難場所との住所同一": "1",
        "その他市町村長が必要と認める事項": null,
        "受入対象者": "高齢者、障害児、乳幼児、妊産婦、傷病者、内部障碍者、難病患者、医療的ケアを必要とする者及びその家族等",
        "備考": ""
      }
    },
    {
      "type": "Feature",
      "geometry": {
        "type": "Point",
        "coordinates": [
          139.969713,
          36.855052
        ]
      },
      "properties": {
        "NO": "1117",
        "共通ID": "E0921300048111",
        "施設・場所名": "那須塩原市南公民館",
        "住所": "栃木県那須塩原市二区町401",
        "指定緊急避難場所との住所同一": "1",
        "その他市町村長が必要と認める事項": null,
        "受入対象者": null,
        "備考": ""
      }
    },
    {
      "type": "Feature",
      "geometry": {
        "type": "Point",
        "coordinates": [
          139.992706,
          36.953253
        ]
      },
      "properties": {
        "NO": "1118",
        "共通ID": "E0921300049111",
        "施設・場所名": "那須塩原市立波立小学校",
        "住所": "栃木県那須塩原市波立228",
        "指定緊急避難場所との住所同一": "",
        "その他市町村長が必要と認める事項": null,
        "受入対象者": null,
        "備考": ""
      }
    },
    {
      "type": "Feature",
      "geometry": {
        "type": "Point",
        "coordinates": [
          140.011911,
          36.930833
        ]
      },
      "properties": {
        "NO": "1119",
        "共通ID": "E0921300050111",
        "施設・場所名": "那須塩原市立大原間小学校",
        "住所": "栃木県那須塩原市方京3-14-6",
        "指定緊急避難場所との住所同一": "",
        "その他市町村長が必要と認める事項": null,
        "受入対象者": null,
        "備考": ""
      }
    },
    {
      "type": "Feature",
      "geometry": {
        "type": "Point",
        "coordinates": [
          140.060372,
          36.961282
        ]
      },
      "properties": {
        "NO": "1120",
        "共通ID": "E0921300051111",
        "施設・場所名": "那須塩原市立豊浦小学校",
        "住所": "栃木県那須塩原市豊浦17",
        "指定緊急避難場所との住所同一": "",
        "その他市町村長が必要と認める事項": null,
        "受入対象者": null,
        "備考": ""
      }
    },
    {
      "type": "Feature",
      "geometry": {
        "type": "Point",
        "coordinates": [
          140.053361,
          36.970038
        ]
      },
      "properties": {
        "NO": "1121",
        "共通ID": "E0921300052111",
        "施設・場所名": "那須塩原市立黒磯小学校",
        "住所": "栃木県那須塩原市豊町2-1",
        "指定緊急避難場所との住所同一": "",
        "その他市町村長が必要と認める事項": null,
        "受入対象者": null,
        "備考": ""
      }
    },
    {
      "type": "Feature",
      "geometry": {
        "type": "Point",
        "coordinates": [
          140.049751,
          36.968338
        ]
      },
      "properties": {
        "NO": "1122",
        "共通ID": "E0921300053111",
        "施設・場所名": "那須塩原市立黒磯中学校",
        "住所": "栃木県那須塩原市豊町5-3",
        "指定緊急避難場所との住所同一": "",
        "その他市町村長が必要と認める事項": null,
        "受入対象者": null,
        "備考": ""
      }
    },
    {
      "type": "Feature",
      "geometry": {
        "type": "Point",
        "coordinates": [
          140.160335,
          36.971375
        ]
      },
      "properties": {
        "NO": "1123",
        "共通ID": "E0940700001111",
        "施設・場所名": "東陽小学校",
        "住所": "栃木県那須町大字芦野100",
        "指定緊急避難場所との住所同一": "1",
        "その他市町村長が必要と認める事項": "",
        "受入対象者": "",
        "備考": ""
      }
    },
    {
      "type": "Feature",
      "geometry": {
        "type": "Point",
        "coordinates": [
          140.160388,
          36.99278
        ]
      },
      "properties": {
        "NO": "1124",
        "共通ID": "E0940700002111",
        "施設・場所名": "芦野基幹集落センター",
        "住所": "栃木県那須町大字芦野1867-1",
        "指定緊急避難場所との住所同一": "1",
        "その他市町村長が必要と認める事項": null,
        "受入対象者": null,
        "備考": ""
      }
    },
    {
      "type": "Feature",
      "geometry": {
        "type": "Point",
        "coordinates": [
          140.164198,
          36.958674
        ]
      },
      "properties": {
        "NO": "1125",
        "共通ID": "E0940700005111",
        "施設・場所名": "伊王野基幹集落センター",
        "住所": "栃木県那須町大字伊王野1440",
        "指定緊急避難場所との住所同一": "1",
        "その他市町村長が必要と認める事項": null,
        "受入対象者": null,
        "備考": ""
      }
    },
    {
      "type": "Feature",
      "geometry": {
        "type": "Point",
        "coordinates": [
          140.158923,
          36.95862
        ]
      },
      "properties": {
        "NO": "1126",
        "共通ID": "E0940700006111",
        "施設・場所名": "旧伊王野小学校体育館",
        "住所": "栃木県那須町大字伊王野1542",
        "指定緊急避難場所との住所同一": "1",
        "その他市町村長が必要と認める事項": "",
        "受入対象者": "",
        "備考": ""
      }
    },
    {
      "type": "Feature",
      "geometry": {
        "type": "Point",
        "coordinates": [
          140.135373,
          36.943381
        ]
      },
      "properties": {
        "NO": "1127",
        "共通ID": "E0940700007111",
        "施設・場所名": "稲沢地区体育センター",
        "住所": "栃木県那須町大字稲沢978-1",
        "指定緊急避難場所との住所同一": "1",
        "その他市町村長が必要と認める事項": null,
        "受入対象者": null,
        "備考": ""
      }
    },
    {
      "type": "Feature",
      "geometry": {
        "type": "Point",
        "coordinates": [
          140.13577,
          36.943561
        ]
      },
      "properties": {
        "NO": "1128",
        "共通ID": "E0940700007112",
        "施設・場所名": "稲沢地区集落センター",
        "住所": "栃木県那須町大字稲沢978-1",
        "指定緊急避難場所との住所同一": "1",
        "その他市町村長が必要と認める事項": null,
        "受入対象者": null,
        "備考": ""
      }
    },
    {
      "type": "Feature",
      "geometry": {
        "type": "Point",
        "coordinates": [
          140.172061,
          37.035491
        ]
      },
      "properties": {
        "NO": "1129",
        "共通ID": "E0940700008111",
        "施設・場所名": "寄居集落センター",
        "住所": "栃木県那須町大字寄居1032-1",
        "指定緊急避難場所との住所同一": "1",
        "その他市町村長が必要と認める事項": null,
        "受入対象者": null,
        "備考": ""
      }
    },
    {
      "type": "Feature",
      "geometry": {
        "type": "Point",
        "coordinates": [
          140.025531,
          37.020717
        ]
      },
      "properties": {
        "NO": "1130",
        "共通ID": "E0940700010111",
        "施設・場所名": "田代友愛小学校",
        "住所": "栃木県那須町大字高久乙196-3",
        "指定緊急避難場所との住所同一": "1",
        "その他市町村長が必要と認める事項": "",
        "受入対象者": "",
        "備考": ""
      }
    },
    {
      "type": "Feature",
      "geometry": {
        "type": "Point",
        "coordinates": [
          139.991166,
          37.053341
        ]
      },
      "properties": {
        "NO": "1131",
        "共通ID": "E0940700011111",
        "施設・場所名": "旧室野井小学校",
        "住所": "栃木県那須町大字高久乙3371-3",
        "指定緊急避難場所との住所同一": "1",
        "その他市町村長が必要と認める事項": "",
        "受入対象者": "",
        "備考": ""
      }
    },
    {
      "type": "Feature",
      "geometry": {
        "type": "Point",
        "coordinates": [
          139.966719,
          37.065699
        ]
      },
      "properties": {
        "NO": "1132",
        "共通ID": "E0940700012111",
        "施設・場所名": "那須高原ＴＯＷＡピュワコテージ",
        "住所": "栃木県那須町大字高久乙3375",
        "指定緊急避難場所との住所同一": "1",
        "その他市町村長が必要と認める事項": "",
        "受入対象者": "",
        "備考": ""
      }
    },
    {
      "type": "Feature",
      "geometry": {
        "type": "Point",
        "coordinates": [
          140.055204,
          36.996681
        ]
      },
      "properties": {
        "NO": "1133",
        "共通ID": "E0940700013111",
        "施設・場所名": "高久小学校",
        "住所": "栃木県那須町大字高久甲3358-3",
        "指定緊急避難場所との住所同一": "1",
        "その他市町村長が必要と認める事項": "",
        "受入対象者": "",
        "備考": ""
      }
    },
    {
      "type": "Feature",
      "geometry": {
        "type": "Point",
        "coordinates": [
          140.023932,
          37.047145
        ]
      },
      "properties": {
        "NO": "1134",
        "共通ID": "E0940700014111",
        "施設・場所名": "那須中学校",
        "住所": "栃木県那須町大字高久丙1-1",
        "指定緊急避難場所との住所同一": "1",
        "その他市町村長が必要と認める事項": "",
        "受入対象者": "",
        "備考": ""
      }
    },
    {
      "type": "Feature",
      "geometry": {
        "type": "Point",
        "coordinates": [
          140.03874,
          37.057744
        ]
      },
      "properties": {
        "NO": "1135",
        "共通ID": "E0940700015111",
        "施設・場所名": "那須高原小学校",
        "住所": "栃木県那須町大字高久丙1482",
        "指定緊急避難場所との住所同一": "1",
        "その他市町村長が必要と認める事項": "",
        "受入対象者": "",
        "備考": ""
      }
    },
    {
      "type": "Feature",
      "geometry": {
        "type": "Point",
        "coordinates": [
          140.067498,
          37.096879
        ]
      },
      "properties": {
        "NO": "1136",
        "共通ID": "E0940700016111",
        "施設・場所名": "旧大沢小学校",
        "住所": "栃木県那須町大字高久丙2799-6",
        "指定緊急避難場所との住所同一": "1",
        "その他市町村長が必要と認める事項": "",
        "受入対象者": "",
        "備考": ""
      }
    },
    {
      "type": "Feature",
      "geometry": {
        "type": "Point",
        "coordinates": [
          140.095833,
          37.000206
        ]
      },
      "properties": {
        "NO": "1137",
        "共通ID": "E0940700017111",
        "施設・場所名": "旧田中小学校",
        "住所": "栃木県那須町大字寺子乙1240-1",
        "指定緊急避難場所との住所同一": "1",
        "その他市町村長が必要と認める事項": "",
        "受入対象者": "",
        "備考": ""
      }
    },
    {
      "type": "Feature",
      "geometry": {
        "type": "Point",
        "coordinates": [
          140.108337,
          37.015015
        ]
      },
      "properties": {
        "NO": "1138",
        "共通ID": "E0940700018111",
        "施設・場所名": "那須町スポーツセンター",
        "住所": "栃木県那須町大字寺子乙2516-36",
        "指定緊急避難場所との住所同一": "1",
        "その他市町村長が必要と認める事項": "",
        "受入対象者": "",
        "備考": ""
      }
    },
    {
      "type": "Feature",
      "geometry": {
        "type": "Point",
        "coordinates": [
          140.109003,
          37.016431
        ]
      },
      "properties": {
        "NO": "1139",
        "共通ID": "E0940700019121",
        "施設・場所名": "ゆめプラザ・那須（保健センター）",
        "住所": "栃木県那須町大字寺子乙2566-1",
        "指定緊急避難場所との住所同一": "1",
        "その他市町村長が必要と認める事項": "",
        "受入対象者": "要配慮者",
        "備考": ""
      }
    },
    {
      "type": "Feature",
      "geometry": {
        "type": "Point",
        "coordinates": [
          140.110537,
          37.014889
        ]
      },
      "properties": {
        "NO": "1140",
        "共通ID": "E0940700020111",
        "施設・場所名": "那須町文化センター",
        "住所": "栃木県那須町大字寺子乙2567-10",
        "指定緊急避難場所との住所同一": "1",
        "その他市町村長が必要と認める事項": "",
        "受入対象者": "",
        "備考": ""
      }
    },
    {
      "type": "Feature",
      "geometry": {
        "type": "Point",
        "coordinates": [
          140.113103,
          37.017065
        ]
      },
      "properties": {
        "NO": "1141",
        "共通ID": "E0940700021111",
        "施設・場所名": "那須スイミングドーム",
        "住所": "栃木県那須町大字寺子乙2584-6",
        "指定緊急避難場所との住所同一": "1",
        "その他市町村長が必要と認める事項": "",
        "受入対象者": "",
        "備考": ""
      }
    },
    {
      "type": "Feature",
      "geometry": {
        "type": "Point",
        "coordinates": [
          140.127315,
          37.012548
        ]
      },
      "properties": {
        "NO": "1142",
        "共通ID": "E0940700022111",
        "施設・場所名": "那須高等学校",
        "住所": "栃木県那須町大字寺子乙3932-48",
        "指定緊急避難場所との住所同一": "1",
        "その他市町村長が必要と認める事項": "",
        "受入対象者": "",
        "備考": ""
      }
    },
    {
      "type": "Feature",
      "geometry": {
        "type": "Point",
        "coordinates": [
          140.12285,
          37.02017
        ]
      },
      "properties": {
        "NO": "1143",
        "共通ID": "E0940700023111",
        "施設・場所名": "黒田原小学校",
        "住所": "栃木県那須町大字寺子乙3968-1",
        "指定緊急避難場所との住所同一": "1",
        "その他市町村長が必要と認める事項": "",
        "受入対象者": "",
        "備考": ""
      }
    },
    {
      "type": "Feature",
      "geometry": {
        "type": "Point",
        "coordinates": [
          140.112295,
          37.022947
        ]
      },
      "properties": {
        "NO": "1144",
        "共通ID": "E0940700024111",
        "施設・場所名": "那須中央中学校",
        "住所": "栃木県那須町大字寺子丙92",
        "指定緊急避難場所との住所同一": "1",
        "その他市町村長が必要と認める事項": "",
        "受入対象者": "",
        "備考": ""
      }
    },
    {
      "type": "Feature",
      "geometry": {
        "type": "Point",
        "coordinates": [
          140.08738,
          37.044777
        ]
      },
      "properties": {
        "NO": "1145",
        "共通ID": "E0940700025111",
        "施設・場所名": "学びの森小学校",
        "住所": "栃木県那須町大字大島18-1",
        "指定緊急避難場所との住所同一": "1",
        "その他市町村長が必要と認める事項": "",
        "受入対象者": "",
        "備考": ""
      }
    },
    {
      "type": "Feature",
      "geometry": {
        "type": "Point",
        "coordinates": [
          140.001201,
          37.09169
        ]
      },
      "properties": {
        "NO": "1146",
        "共通ID": "E0940700027111",
        "施設・場所名": "高原公民館",
        "住所": "栃木県那須町大字湯本199-14",
        "指定緊急避難場所との住所同一": "1",
        "その他市町村長が必要と認める事項": "",
        "受入対象者": "",
        "備考": ""
      }
    },
    {
      "type": "Feature",
      "geometry": {
        "type": "Point",
        "coordinates": [
          140.004761,
          37.089365
        ]
      },
      "properties": {
        "NO": "1147",
        "共通ID": "E0940700028111",
        "施設・場所名": "旧那須小学校",
        "住所": "栃木県那須町大字湯本201-1",
        "指定緊急避難場所との住所同一": "1",
        "その他市町村長が必要と認める事項": "",
        "受入対象者": "",
        "備考": ""
      }
    },
    {
      "type": "Feature",
      "geometry": {
        "type": "Point",
        "coordinates": [
          140.159928,
          37.058568
        ]
      },
      "properties": {
        "NO": "1148",
        "共通ID": "E0940700035111",
        "施設・場所名": "成沢集落センター",
        "住所": "栃木県那須町大字豊原甲3407-9",
        "指定緊急避難場所との住所同一": "1",
        "その他市町村長が必要と認める事項": "",
        "受入対象者": "",
        "備考": ""
      }
    },
    {
      "type": "Feature",
      "geometry": {
        "type": "Point",
        "coordinates": [
          140.111378,
          37.058221
        ]
      },
      "properties": {
        "NO": "1149",
        "共通ID": "E0940700031111",
        "施設・場所名": "旧朝日小学校",
        "住所": "栃木県那須町大字豊原丙1340",
        "指定緊急避難場所との住所同一": "1",
        "その他市町村長が必要と認める事項": "",
        "受入対象者": "",
        "備考": ""
      }
    },
    {
      "type": "Feature",
      "geometry": {
        "type": "Point",
        "coordinates": [
          140.207456,
          36.984176
        ]
      },
      "properties": {
        "NO": "1150",
        "共通ID": "E0940700032111",
        "施設・場所名": "旧美野沢小学校",
        "住所": "栃木県那須町大字蓑沢563-4",
        "指定緊急避難場所との住所同一": "1",
        "その他市町村長が必要と認める事項": "",
        "受入対象者": "",
        "備考": ""
      }
    },
    {
      "type": "Feature",
      "geometry": {
        "type": "Point",
        "coordinates": [
          139.797231,
          36.735207
        ]
      },
      "properties": {
        "NO": "1151",
        "共通ID": "E0920600002121",
        "施設・場所名": "（社福）熊晴会　特別養護老人ホーム　さんらいず",
        "住所": "栃木県日光市塩野室町1504-1",
        "指定緊急避難場所との住所同一": "",
        "その他市町村長が必要と認める事項": "",
        "受入対象者": "要配慮者",
        "備考": ""
      }
    },
    {
      "type": "Feature",
      "geometry": {
        "type": "Point",
        "coordinates": [
          139.587205,
          36.750855
        ]
      },
      "properties": {
        "NO": "1152",
        "共通ID": "E0920600007121",
        "施設・場所名": "（社福）すぎのこ会　愛晃の杜",
        "住所": "栃木県日光市花石町1846-1",
        "指定緊急避難場所との住所同一": "",
        "その他市町村長が必要と認める事項": null,
        "受入対象者": "要配慮者",
        "備考": ""
      }
    },
    {
      "type": "Feature",
      "geometry": {
        "type": "Point",
        "coordinates": [
          139.585829,
          36.751953
        ]
      },
      "properties": {
        "NO": "1153",
        "共通ID": "E0920600008121",
        "施設・場所名": "日光福祉保健センター",
        "住所": "栃木県日光市花石町1942-1",
        "指定緊急避難場所との住所同一": "1",
        "その他市町村長が必要と認める事項": null,
        "受入対象者": "要配慮者",
        "備考": ""
      }
    },
    {
      "type": "Feature",
      "geometry": {
        "type": "Point",
        "coordinates": [
          139.715179,
          36.821993
        ]
      },
      "properties": {
        "NO": "1154",
        "共通ID": "E0920600010111",
        "施設・場所名": "藤原庁舎（藤原公民館）",
        "住所": "栃木県日光市鬼怒川温泉大原1406-2",
        "指定緊急避難場所との住所同一": "1",
        "その他市町村長が必要と認める事項": null,
        "受入対象者": null,
        "備考": ""
      }
    },
    {
      "type": "Feature",
      "geometry": {
        "type": "Point",
        "coordinates": [
          139.703291,
          36.799471
        ]
      },
      "properties": {
        "NO": "1155",
        "共通ID": "E0920600012111",
        "施設・場所名": "下原小学校（体育館）",
        "住所": "栃木県日光市鬼怒川温泉大原2",
        "指定緊急避難場所との住所同一": "1",
        "その他市町村長が必要と認める事項": null,
        "受入対象者": null,
        "備考": ""
      }
    },
    {
      "type": "Feature",
      "geometry": {
        "type": "Point",
        "coordinates": [
          139.705159,
          36.798457
        ]
      },
      "properties": {
        "NO": "1156",
        "共通ID": "E0920600014121",
        "施設・場所名": "藤原高齢者生活福祉センター（ふじの郷）",
        "住所": "栃木県日光市鬼怒川温泉大原2-6",
        "指定緊急避難場所との住所同一": "",
        "その他市町村長が必要と認める事項": null,
        "受入対象者": "要配慮者",
        "備考": ""
      }
    },
    {
      "type": "Feature",
      "geometry": {
        "type": "Point",
        "coordinates": [
          139.715499,
          36.817888
        ]
      },
      "properties": {
        "NO": "1157",
        "共通ID": "E0920600015111",
        "施設・場所名": "藤原中学校（体育館）",
        "住所": "栃木県日光市鬼怒川温泉大原790",
        "指定緊急避難場所との住所同一": "1",
        "その他市町村長が必要と認める事項": null,
        "受入対象者": null,
        "備考": ""
      }
    },
    {
      "type": "Feature",
      "geometry": {
        "type": "Point",
        "coordinates": [
          139.5773,
          36.74847
        ]
      },
      "properties": {
        "NO": "1158",
        "共通ID": "E0920600019111",
        "施設・場所名": "旧安良沢小学校（体育館）",
        "住所": "栃木県日光市久次良町1777",
        "指定緊急避難場所との住所同一": "1",
        "その他市町村長が必要と認める事項": "",
        "受入対象者": "",
        "備考": ""
      }
    },
    {
      "type": "Feature",
      "geometry": {
        "type": "Point",
        "coordinates": [
          139.582199,
          36.75649
        ]
      },
      "properties": {
        "NO": "1159",
        "共通ID": "E0920600020111",
        "施設・場所名": "旧日光中学校（体育館）",
        "住所": "栃木県日光市久次良町2096-1",
        "指定緊急避難場所との住所同一": "1",
        "その他市町村長が必要と認める事項": "",
        "受入対象者": "",
        "備考": ""
      }
    },
    {
      "type": "Feature",
      "geometry": {
        "type": "Point",
        "coordinates": [
          139.714888,
          36.750245
        ]
      },
      "properties": {
        "NO": "1160",
        "共通ID": "E0920600021111",
        "施設・場所名": "豊岡中学校（体育館）",
        "住所": "栃木県日光市芹沼1958",
        "指定緊急避難場所との住所同一": "1",
        "その他市町村長が必要と認める事項": "地区福祉避難所と重複",
        "受入対象者": null,
        "備考": ""
      }
    },
    {
      "type": "Feature",
      "geometry": {
        "type": "Point",
        "coordinates": [
          139.714887,
          36.750244
        ]
      },
      "properties": {
        "NO": "1161",
        "共通ID": "E0920600021121",
        "施設・場所名": "豊岡中学校（体育館）",
        "住所": "栃木県日光市芹沼1958",
        "指定緊急避難場所との住所同一": "1",
        "その他市町村長が必要と認める事項": "一般避難所と重複",
        "受入対象者": "要配慮者",
        "備考": ""
      }
    },
    {
      "type": "Feature",
      "geometry": {
        "type": "Point",
        "coordinates": [
          139.613124,
          36.748403
        ]
      },
      "properties": {
        "NO": "1162",
        "共通ID": "E0920600026111",
        "施設・場所名": "日光庁舎（２階：日光公民館）",
        "住所": "栃木県日光市御幸町4-1",
        "指定緊急避難場所との住所同一": "1",
        "その他市町村長が必要と認める事項": null,
        "受入対象者": null,
        "備考": ""
      }
    },
    {
      "type": "Feature",
      "geometry": {
        "type": "Point",
        "coordinates": [
          139.706843,
          36.782446
        ]
      },
      "properties": {
        "NO": "1163",
        "共通ID": "E0920600028121",
        "施設・場所名": "（社福）愛泉会　特別養護老人ホーム　きぬ川苑",
        "住所": "栃木県日光市高徳619-3",
        "指定緊急避難場所との住所同一": "1",
        "その他市町村長が必要と認める事項": null,
        "受入対象者": "要配慮者",
        "備考": ""
      }
    },
    {
      "type": "Feature",
      "geometry": {
        "type": "Point",
        "coordinates": [
          139.735894,
          36.749347
        ]
      },
      "properties": {
        "NO": "1164",
        "共通ID": "E0920600030111",
        "施設・場所名": "轟小学校（体育館）",
        "住所": "栃木県日光市轟53",
        "指定緊急避難場所との住所同一": "1",
        "その他市町村長が必要と認める事項": null,
        "受入対象者": null,
        "備考": ""
      }
    },
    {
      "type": "Feature",
      "geometry": {
        "type": "Point",
        "coordinates": [
          139.603469,
          36.866425
        ]
      },
      "properties": {
        "NO": "1165",
        "共通ID": "E0920600032111",
        "施設・場所名": "栗山庁舎（公民館）",
        "住所": "栃木県日光市黒部54-1",
        "指定緊急避難場所との住所同一": "1",
        "その他市町村長が必要と認める事項": "拠点福祉避難所と重複",
        "受入対象者": null,
        "備考": ""
      }
    },
    {
      "type": "Feature",
      "geometry": {
        "type": "Point",
        "coordinates": [
          139.603464,
          36.866426
        ]
      },
      "properties": {
        "NO": "1166",
        "共通ID": "E0920600032121",
        "施設・場所名": "栗山庁舎（公民館）",
        "住所": "栃木県日光市黒部54-1",
        "指定緊急避難場所との住所同一": "1",
        "その他市町村長が必要と認める事項": "一般避難所と重複",
        "受入対象者": "要配慮者",
        "備考": ""
      }
    },
    {
      "type": "Feature",
      "geometry": {
        "type": "Point",
        "coordinates": [
          139.697641,
          36.72474
        ]
      },
      "properties": {
        "NO": "1167",
        "共通ID": "E0920600033121",
        "施設・場所名": "（社福）大恵会　特別養護老人ホーム　ひかりの里",
        "住所": "栃木県日光市今市1086-2",
        "指定緊急避難場所との住所同一": "",
        "その他市町村長が必要と認める事項": null,
        "受入対象者": "要配慮者",
        "備考": ""
      }
    },
    {
      "type": "Feature",
      "geometry": {
        "type": "Point",
        "coordinates": [
          139.713182,
          36.727669
        ]
      },
      "properties": {
        "NO": "1168",
        "共通ID": "E0920600034111",
        "施設・場所名": "今市中学校（武道場）",
        "住所": "栃木県日光市今市1659",
        "指定緊急避難場所との住所同一": "1",
        "その他市町村長が必要と認める事項": "地区福祉避難所と重複",
        "受入対象者": null,
        "備考": ""
      }
    },
    {
      "type": "Feature",
      "geometry": {
        "type": "Point",
        "coordinates": [
          139.713179,
          36.727674
        ]
      },
      "properties": {
        "NO": "1169",
        "共通ID": "E0920600034121",
        "施設・場所名": "今市中学校（武道場）",
        "住所": "栃木県日光市今市1659",
        "指定緊急避難場所との住所同一": "1",
        "その他市町村長が必要と認める事項": "一般避難所と重複",
        "受入対象者": "要配慮者",
        "備考": ""
      }
    },
    {
      "type": "Feature",
      "geometry": {
        "type": "Point",
        "coordinates": [
          139.712414,
          36.726756
        ]
      },
      "properties": {
        "NO": "1170",
        "共通ID": "E0920600035111",
        "施設・場所名": "今市運動公園体育センター",
        "住所": "栃木県日光市今市1659-131",
        "指定緊急避難場所との住所同一": "1",
        "その他市町村長が必要と認める事項": null,
        "受入対象者": null,
        "備考": ""
      }
    },
    {
      "type": "Feature",
      "geometry": {
        "type": "Point",
        "coordinates": [
          139.680636,
          36.726064
        ]
      },
      "properties": {
        "NO": "1171",
        "共通ID": "E0920600036111",
        "施設・場所名": "今市小学校（体育館）",
        "住所": "栃木県日光市今市531",
        "指定緊急避難場所との住所同一": "1",
        "その他市町村長が必要と認める事項": null,
        "受入対象者": null,
        "備考": ""
      }
    },
    {
      "type": "Feature",
      "geometry": {
        "type": "Point",
        "coordinates": [
          139.697966,
          36.719146
        ]
      },
      "properties": {
        "NO": "1172",
        "共通ID": "E0920600038111",
        "施設・場所名": "今市第三小学校（体育館）",
        "住所": "栃木県日光市今市本町18-1",
        "指定緊急避難場所との住所同一": "1",
        "その他市町村長が必要と認める事項": null,
        "受入対象者": null,
        "備考": ""
      }
    },
    {
      "type": "Feature",
      "geometry": {
        "type": "Point",
        "coordinates": [
          139.779161,
          36.708441
        ]
      },
      "properties": {
        "NO": "1173",
        "共通ID": "E0920600040121",
        "施設・場所名": "（医）英静会　老人保健施設ヴィラフォーレスタ（森の家）",
        "住所": "栃木県日光市根室607-5",
        "指定緊急避難場所との住所同一": "",
        "その他市町村長が必要と認める事項": null,
        "受入対象者": "要配慮者",
        "備考": ""
      }
    },
    {
      "type": "Feature",
      "geometry": {
        "type": "Point",
        "coordinates": [
          139.551443,
          36.729612
        ]
      },
      "properties": {
        "NO": "1174",
        "共通ID": "E0920600043121",
        "施設・場所名": "（社福）晃友会　特別養護老人ホーム　きびたき荘",
        "住所": "栃木県日光市細尾町95",
        "指定緊急避難場所との住所同一": "",
        "その他市町村長が必要と認める事項": null,
        "受入対象者": "要配慮者",
        "備考": ""
      }
    },
    {
      "type": "Feature",
      "geometry": {
        "type": "Point",
        "coordinates": [
          139.715526,
          36.651349
        ]
      },
      "properties": {
        "NO": "1175",
        "共通ID": "E0920600053111",
        "施設・場所名": "落合中学校（体育館）",
        "住所": "栃木県日光市小代310",
        "指定緊急避難場所との住所同一": "1",
        "その他市町村長が必要と認める事項": "地区福祉避難所と重複",
        "受入対象者": null,
        "備考": ""
      }
    },
    {
      "type": "Feature",
      "geometry": {
        "type": "Point",
        "coordinates": [
          139.715531,
          36.651344
        ]
      },
      "properties": {
        "NO": "1176",
        "共通ID": "E0920600053121",
        "施設・場所名": "落合中学校（体育館）",
        "住所": "栃木県日光市小代310",
        "指定緊急避難場所との住所同一": "1",
        "その他市町村長が必要と認める事項": "一般避難所と重複",
        "受入対象者": "要配慮者",
        "備考": ""
      }
    },
    {
      "type": "Feature",
      "geometry": {
        "type": "Point",
        "coordinates": [
          139.679783,
          36.767119
        ]
      },
      "properties": {
        "NO": "1177",
        "共通ID": "E0920600055112",
        "施設・場所名": "旧小百小学校（体育館）",
        "住所": "栃木県日光市小百531",
        "指定緊急避難場所との住所同一": "1",
        "その他市町村長が必要と認める事項": "",
        "受入対象者": "",
        "備考": ""
      }
    },
    {
      "type": "Feature",
      "geometry": {
        "type": "Point",
        "coordinates": [
          139.814398,
          36.727212
        ]
      },
      "properties": {
        "NO": "1178",
        "共通ID": "E0920600058121",
        "施設・場所名": "小林中学校（体育館）",
        "住所": "栃木県日光市小林2384",
        "指定緊急避難場所との住所同一": "",
        "その他市町村長が必要と認める事項": "一般避難所と重複",
        "受入対象者": "要配慮者",
        "備考": ""
      }
    },
    {
      "type": "Feature",
      "geometry": {
        "type": "Point",
        "coordinates": [
          139.814397,
          36.727214
        ]
      },
      "properties": {
        "NO": "1179",
        "共通ID": "E0920600058111",
        "施設・場所名": "小林中学校（体育館）",
        "住所": "栃木県日光市小林2384",
        "指定緊急避難場所との住所同一": "",
        "その他市町村長が必要と認める事項": "地区福祉避難所と重複",
        "受入対象者": null,
        "備考": ""
      }
    },
    {
      "type": "Feature",
      "geometry": {
        "type": "Point",
        "coordinates": [
          139.815639,
          36.731149
        ]
      },
      "properties": {
        "NO": "1180",
        "共通ID": "E0920600060111",
        "施設・場所名": "小林小学校（体育館）",
        "住所": "栃木県日光市小林2708",
        "指定緊急避難場所との住所同一": "1",
        "その他市町村長が必要と認める事項": null,
        "受入対象者": null,
        "備考": ""
      }
    },
    {
      "type": "Feature",
      "geometry": {
        "type": "Point",
        "coordinates": [
          139.688693,
          36.734742
        ]
      },
      "properties": {
        "NO": "1181",
        "共通ID": "E0920600066111",
        "施設・場所名": "今市第二小学校（体育館）",
        "住所": "栃木県日光市瀬川227",
        "指定緊急避難場所との住所同一": "1",
        "その他市町村長が必要と認める事項": null,
        "受入対象者": null,
        "備考": ""
      }
    },
    {
      "type": "Feature",
      "geometry": {
        "type": "Point",
        "coordinates": [
          139.670652,
          36.738934
        ]
      },
      "properties": {
        "NO": "1182",
        "共通ID": "E0920600067121",
        "施設・場所名": "栃木県立今市特別支援学校",
        "住所": "栃木県日光市瀬尾1640-22",
        "指定緊急避難場所との住所同一": "1",
        "その他市町村長が必要と認める事項": "",
        "受入対象者": "",
        "備考": ""
      }
    },
    {
      "type": "Feature",
      "geometry": {
        "type": "Point",
        "coordinates": [
          139.55624,
          36.734738
        ]
      },
      "properties": {
        "NO": "1183",
        "共通ID": "E0920600070111",
        "施設・場所名": "旧清滝小学校（体育館）",
        "住所": "栃木県日光市清滝2-10-1",
        "指定緊急避難場所との住所同一": "1",
        "その他市町村長が必要と認める事項": "",
        "受入対象者": "",
        "備考": ""
      }
    },
    {
      "type": "Feature",
      "geometry": {
        "type": "Point",
        "coordinates": [
          139.561535,
          36.737307
        ]
      },
      "properties": {
        "NO": "1184",
        "共通ID": "E0920600071111",
        "施設・場所名": "女性サポートセンター",
        "住所": "栃木県日光市清滝桜ケ丘町210-7",
        "指定緊急避難場所との住所同一": "1",
        "その他市町村長が必要と認める事項": "地区福祉避難所と重複",
        "受入対象者": null,
        "備考": ""
      }
    },
    {
      "type": "Feature",
      "geometry": {
        "type": "Point",
        "coordinates": [
          139.561528,
          36.737306
        ]
      },
      "properties": {
        "NO": "1185",
        "共通ID": "E0920600071121",
        "施設・場所名": "女性サポートセンター",
        "住所": "栃木県日光市清滝桜ケ丘町210-7",
        "指定緊急避難場所との住所同一": "1",
        "その他市町村長が必要と認める事項": "一般避難所と重複",
        "受入対象者": "要配慮者",
        "備考": ""
      }
    },
    {
      "type": "Feature",
      "geometry": {
        "type": "Point",
        "coordinates": [
          139.712688,
          36.755075
        ]
      },
      "properties": {
        "NO": "1186",
        "共通ID": "E0920600080121",
        "施設・場所名": "（社福）三光会　特別養護老人ホーム　誠心園",
        "住所": "栃木県日光市倉ケ崎605-7",
        "指定緊急避難場所との住所同一": "",
        "その他市町村長が必要と認める事項": null,
        "受入対象者": "要配慮者",
        "備考": ""
      }
    },
    {
      "type": "Feature",
      "geometry": {
        "type": "Point",
        "coordinates": [
          139.701577,
          36.736999
        ]
      },
      "properties": {
        "NO": "1187",
        "共通ID": "E0920600081121",
        "施設・場所名": "（社福）すかい　特別養護老人ホームすかいの郷",
        "住所": "栃木県日光市倉ケ崎新田143-1",
        "指定緊急避難場所との住所同一": "",
        "その他市町村長が必要と認める事項": null,
        "受入対象者": "要配慮者",
        "備考": ""
      }
    },
    {
      "type": "Feature",
      "geometry": {
        "type": "Point",
        "coordinates": [
          139.620189,
          36.745502
        ]
      },
      "properties": {
        "NO": "1188",
        "共通ID": "E0920600082111",
        "施設・場所名": "日光体育館",
        "住所": "栃木県日光市相生町15",
        "指定緊急避難場所との住所同一": "1",
        "その他市町村長が必要と認める事項": "地区福祉避難所と重複",
        "受入対象者": null,
        "備考": ""
      }
    },
    {
      "type": "Feature",
      "geometry": {
        "type": "Point",
        "coordinates": [
          139.620188,
          36.745502
        ]
      },
      "properties": {
        "NO": "1189",
        "共通ID": "E0920600082121",
        "施設・場所名": "日光体育館",
        "住所": "栃木県日光市相生町15",
        "指定緊急避難場所との住所同一": "1",
        "その他市町村長が必要と認める事項": "一般避難所と重複",
        "受入対象者": "要配慮者",
        "備考": ""
      }
    },
    {
      "type": "Feature",
      "geometry": {
        "type": "Point",
        "coordinates": [
          139.485843,
          36.675189
        ]
      },
      "properties": {
        "NO": "1190",
        "共通ID": "E0920600084121",
        "施設・場所名": "（社福）すかい　第二皇海荘",
        "住所": "栃木県日光市足尾町2071-1",
        "指定緊急避難場所との住所同一": "",
        "その他市町村長が必要と認める事項": null,
        "受入対象者": "要配慮者",
        "備考": ""
      }
    },
    {
      "type": "Feature",
      "geometry": {
        "type": "Point",
        "coordinates": [
          139.445417,
          36.638553
        ]
      },
      "properties": {
        "NO": "1191",
        "共通ID": "E0920600090111",
        "施設・場所名": "旧足尾中学校（体育館）",
        "住所": "栃木県日光市足尾町向原7-1",
        "指定緊急避難場所との住所同一": "1",
        "その他市町村長が必要と認める事項": "地区福祉避難所と重複",
        "受入対象者": "",
        "備考": ""
      }
    },
    {
      "type": "Feature",
      "geometry": {
        "type": "Point",
        "coordinates": [
          139.445418,
          36.638549
        ]
      },
      "properties": {
        "NO": "1192",
        "共通ID": "E0920600090121",
        "施設・場所名": "旧足尾中学校（体育館）",
        "住所": "栃木県日光市足尾町向原7-1",
        "指定緊急避難場所との住所同一": "1",
        "その他市町村長が必要と認める事項": "一般避難所と重複",
        "受入対象者": "要配慮者",
        "備考": ""
      }
    },
    {
      "type": "Feature",
      "geometry": {
        "type": "Point",
        "coordinates": [
          139.442454,
          36.636316
        ]
      },
      "properties": {
        "NO": "1193",
        "共通ID": "E0920600092121",
        "施設・場所名": "足尾小中学校（体育館）",
        "住所": "栃木県日光市足尾町赤沢6-2",
        "指定緊急避難場所との住所同一": "1",
        "その他市町村長が必要と認める事項": "一般避難所と重複",
        "受入対象者": "要配慮者",
        "備考": ""
      }
    },
    {
      "type": "Feature",
      "geometry": {
        "type": "Point",
        "coordinates": [
          139.44246,
          36.636317
        ]
      },
      "properties": {
        "NO": "1194",
        "共通ID": "E0920600092111",
        "施設・場所名": "足尾小中学校（体育館）",
        "住所": "栃木県日光市足尾町赤沢6-2",
        "指定緊急避難場所との住所同一": "1",
        "その他市町村長が必要と認める事項": "拠点福祉避難所と重複",
        "受入対象者": "",
        "備考": ""
      }
    },
    {
      "type": "Feature",
      "geometry": {
        "type": "Point",
        "coordinates": [
          139.439889,
          36.633312
        ]
      },
      "properties": {
        "NO": "1195",
        "共通ID": "E0920600093111",
        "施設・場所名": "足尾市民センター",
        "住所": "栃木県日光市足尾町通洞9-1",
        "指定緊急避難場所との住所同一": "1",
        "その他市町村長が必要と認める事項": null,
        "受入対象者": null,
        "備考": ""
      }
    },
    {
      "type": "Feature",
      "geometry": {
        "type": "Point",
        "coordinates": [
          139.711486,
          36.761536
        ]
      },
      "properties": {
        "NO": "1196",
        "共通ID": "E0920600096111",
        "施設・場所名": "大桑小学校（体育館）",
        "住所": "栃木県日光市大桑町179",
        "指定緊急避難場所との住所同一": "1",
        "その他市町村長が必要と認める事項": null,
        "受入対象者": null,
        "備考": ""
      }
    },
    {
      "type": "Feature",
      "geometry": {
        "type": "Point",
        "coordinates": [
          139.746155,
          36.718279
        ]
      },
      "properties": {
        "NO": "1197",
        "共通ID": "E0920600097111",
        "施設・場所名": "大室小学校（体育館）",
        "住所": "栃木県日光市大室356",
        "指定緊急避難場所との住所同一": "1",
        "その他市町村長が必要と認める事項": null,
        "受入対象者": null,
        "備考": ""
      }
    },
    {
      "type": "Feature",
      "geometry": {
        "type": "Point",
        "coordinates": [
          139.750451,
          36.722711
        ]
      },
      "properties": {
        "NO": "1198",
        "共通ID": "E0920600098121",
        "施設・場所名": "（社福）真寿会　特別養護老人ホーム　大室さくら苑",
        "住所": "栃木県日光市大室863-7",
        "指定緊急避難場所との住所同一": "",
        "その他市町村長が必要と認める事項": null,
        "受入対象者": "要配慮者",
        "備考": ""
      }
    },
    {
      "type": "Feature",
      "geometry": {
        "type": "Point",
        "coordinates": [
          139.759433,
          36.696955
        ]
      },
      "properties": {
        "NO": "1199",
        "共通ID": "E0920600100111",
        "施設・場所名": "大沢地区センター",
        "住所": "栃木県日光市大沢町809-1",
        "指定緊急避難場所との住所同一": "1",
        "その他市町村長が必要と認める事項": null,
        "受入対象者": null,
        "備考": ""
      }
    },
    {
      "type": "Feature",
      "geometry": {
        "type": "Point",
        "coordinates": [
          139.754485,
          36.695047
        ]
      },
      "properties": {
        "NO": "1200",
        "共通ID": "E0920600101121",
        "施設・場所名": "大沢中学校（体育館）",
        "住所": "栃木県日光市大沢町97",
        "指定緊急避難場所との住所同一": "1",
        "その他市町村長が必要と認める事項": "一般避難所と重複",
        "受入対象者": "要配慮者",
        "備考": ""
      }
    },
    {
      "type": "Feature",
      "geometry": {
        "type": "Point",
        "coordinates": [
          139.754485,
          36.695043
        ]
      },
      "properties": {
        "NO": "1201",
        "共通ID": "E0920600101112",
        "施設・場所名": "大沢中学校（体育館）",
        "住所": "栃木県日光市大沢町97",
        "指定緊急避難場所との住所同一": "1",
        "その他市町村長が必要と認める事項": "地区福祉避難所と重複",
        "受入対象者": null,
        "備考": ""
      }
    },
    {
      "type": "Feature",
      "geometry": {
        "type": "Point",
        "coordinates": [
          139.754475,
          36.695806
        ]
      },
      "properties": {
        "NO": "1202",
        "共通ID": "E0920600101111",
        "施設・場所名": "大沢小学校（体育館）",
        "住所": "栃木県日光市大沢町97",
        "指定緊急避難場所との住所同一": "1",
        "その他市町村長が必要と認める事項": null,
        "受入対象者": null,
        "備考": ""
      }
    },
    {
      "type": "Feature",
      "geometry": {
        "type": "Point",
        "coordinates": [
          139.499378,
          36.741805
        ]
      },
      "properties": {
        "NO": "1203",
        "共通ID": "E0920600105121",
        "施設・場所名": "中宮祠小中学校（体育館）",
        "住所": "栃木県日光市中宮祠2478",
        "指定緊急避難場所との住所同一": "1",
        "その他市町村長が必要と認める事項": "一般避難所と重複",
        "受入対象者": "要配慮者",
        "備考": ""
      }
    },
    {
      "type": "Feature",
      "geometry": {
        "type": "Point",
        "coordinates": [
          139.499376,
          36.741808
        ]
      },
      "properties": {
        "NO": "1204",
        "共通ID": "E0920600105111",
        "施設・場所名": "中宮祠小中学校（体育館）",
        "住所": "栃木県日光市中宮祠2478",
        "指定緊急避難場所との住所同一": "1",
        "その他市町村長が必要と認める事項": "地区福祉避難所と重複",
        "受入対象者": null,
        "備考": ""
      }
    },
    {
      "type": "Feature",
      "geometry": {
        "type": "Point",
        "coordinates": [
          139.698508,
          36.990282
        ]
      },
      "properties": {
        "NO": "1205",
        "共通ID": "E0920600107111",
        "施設・場所名": "三依地区センター",
        "住所": "栃木県日光市中三依835-1",
        "指定緊急避難場所との住所同一": "1",
        "その他市町村長が必要と認める事項": "地区福祉避難所と重複",
        "受入対象者": null,
        "備考": ""
      }
    },
    {
      "type": "Feature",
      "geometry": {
        "type": "Point",
        "coordinates": [
          139.698504,
          36.990291
        ]
      },
      "properties": {
        "NO": "1206",
        "共通ID": "E0920600107121",
        "施設・場所名": "三依地区センター",
        "住所": "栃木県日光市中三依835-1",
        "指定緊急避難場所との住所同一": "1",
        "その他市町村長が必要と認める事項": "一般避難所と重複",
        "受入対象者": "要配慮者",
        "備考": ""
      }
    },
    {
      "type": "Feature",
      "geometry": {
        "type": "Point",
        "coordinates": [
          139.618129,
          36.665857
        ]
      },
      "properties": {
        "NO": "1207",
        "共通ID": "E0920600109111",
        "施設・場所名": "小来川小中学校（体育館）",
        "住所": "栃木県日光市中小来川2817",
        "指定緊急避難場所との住所同一": "1",
        "その他市町村長が必要と認める事項": "地区福祉避難所と重複",
        "受入対象者": null,
        "備考": ""
      }
    },
    {
      "type": "Feature",
      "geometry": {
        "type": "Point",
        "coordinates": [
          139.618133,
          36.665855
        ]
      },
      "properties": {
        "NO": "1208",
        "共通ID": "E0920600109121",
        "施設・場所名": "小来川小中学校（体育館）",
        "住所": "栃木県日光市中小来川2817",
        "指定緊急避難場所との住所同一": "1",
        "その他市町村長が必要と認める事項": "一般避難所と重複",
        "受入対象者": "要配慮者",
        "備考": ""
      }
    },
    {
      "type": "Feature",
      "geometry": {
        "type": "Point",
        "coordinates": [
          139.770552,
          36.672496
        ]
      },
      "properties": {
        "NO": "1209",
        "共通ID": "E0920600110111",
        "施設・場所名": "猪倉小学校（体育館）",
        "住所": "栃木県日光市猪倉3314",
        "指定緊急避難場所との住所同一": "1",
        "その他市町村長が必要と認める事項": null,
        "受入対象者": null,
        "備考": ""
      }
    },
    {
      "type": "Feature",
      "geometry": {
        "type": "Point",
        "coordinates": [
          139.701601,
          36.673127
        ]
      },
      "properties": {
        "NO": "1210",
        "共通ID": "E0920600113111",
        "施設・場所名": "落合西小学校（体育館）",
        "住所": "栃木県日光市長畑522-2",
        "指定緊急避難場所との住所同一": "1",
        "その他市町村長が必要と認める事項": null,
        "受入対象者": null,
        "備考": ""
      }
    },
    {
      "type": "Feature",
      "geometry": {
        "type": "Point",
        "coordinates": [
          139.731918,
          36.68928
        ]
      },
      "properties": {
        "NO": "1211",
        "共通ID": "E0920600115111",
        "施設・場所名": "南原コミュニティセンター",
        "住所": "栃木県日光市土沢2086",
        "指定緊急避難場所との住所同一": "1",
        "その他市町村長が必要と認める事項": null,
        "受入対象者": null,
        "備考": ""
      }
    },
    {
      "type": "Feature",
      "geometry": {
        "type": "Point",
        "coordinates": [
          139.724391,
          36.69128
        ]
      },
      "properties": {
        "NO": "1212",
        "共通ID": "E0920600116111",
        "施設・場所名": "南原小学校（体育館）",
        "住所": "栃木県日光市土沢460",
        "指定緊急避難場所との住所同一": "1",
        "その他市町村長が必要と認める事項": null,
        "受入対象者": null,
        "備考": ""
      }
    },
    {
      "type": "Feature",
      "geometry": {
        "type": "Point",
        "coordinates": [
          139.583948,
          36.961829
        ]
      },
      "properties": {
        "NO": "1213",
        "共通ID": "E0920600118121",
        "施設・場所名": "体験農業交流センター",
        "住所": "栃木県日光市湯西川1156",
        "指定緊急避難場所との住所同一": "1",
        "その他市町村長が必要と認める事項": "一般避難所と重複",
        "受入対象者": "要配慮者",
        "備考": ""
      }
    },
    {
      "type": "Feature",
      "geometry": {
        "type": "Point",
        "coordinates": [
          139.583947,
          36.961838
        ]
      },
      "properties": {
        "NO": "1214",
        "共通ID": "E0920600118111",
        "施設・場所名": "体験農業交流センター",
        "住所": "栃木県日光市湯西川1156",
        "指定緊急避難場所との住所同一": "1",
        "その他市町村長が必要と認める事項": "地区福祉避難所と重複",
        "受入対象者": null,
        "備考": ""
      }
    },
    {
      "type": "Feature",
      "geometry": {
        "type": "Point",
        "coordinates": [
          139.725137,
          36.841582
        ]
      },
      "properties": {
        "NO": "1215",
        "共通ID": "E0920600125111",
        "施設・場所名": "鬼怒川小学校（体育館）",
        "住所": "栃木県日光市藤原19",
        "指定緊急避難場所との住所同一": "1",
        "その他市町村長が必要と認める事項": "地区福祉避難所と重複",
        "受入対象者": null,
        "備考": ""
      }
    },
    {
      "type": "Feature",
      "geometry": {
        "type": "Point",
        "coordinates": [
          139.725136,
          36.84158
        ]
      },
      "properties": {
        "NO": "1216",
        "共通ID": "E0920600125121",
        "施設・場所名": "鬼怒川小学校（体育館）",
        "住所": "栃木県日光市藤原19",
        "指定緊急避難場所との住所同一": "1",
        "その他市町村長が必要と認める事項": "一般避難所と重複",
        "受入対象者": "要配慮者",
        "備考": ""
      }
    },
    {
      "type": "Feature",
      "geometry": {
        "type": "Point",
        "coordinates": [
          139.648593,
          36.879036
        ]
      },
      "properties": {
        "NO": "1217",
        "共通ID": "E0920600128111",
        "施設・場所名": "旧栗山中学校（校舎）",
        "住所": "栃木県日光市日向1456",
        "指定緊急避難場所との住所同一": "1",
        "その他市町村長が必要と認める事項": "地区福祉避難所と重複",
        "受入対象者": "",
        "備考": ""
      }
    },
    {
      "type": "Feature",
      "geometry": {
        "type": "Point",
        "coordinates": [
          139.648586,
          36.879035
        ]
      },
      "properties": {
        "NO": "1218",
        "共通ID": "E0920600128121",
        "施設・場所名": "旧栗山中学校（校舎）",
        "住所": "栃木県日光市日向1456",
        "指定緊急避難場所との住所同一": "1",
        "その他市町村長が必要と認める事項": "一般避難所と重複",
        "受入対象者": "要配慮者",
        "備考": ""
      }
    },
    {
      "type": "Feature",
      "geometry": {
        "type": "Point",
        "coordinates": [
          139.73523,
          36.649188
        ]
      },
      "properties": {
        "NO": "1219",
        "共通ID": "E0920600131121",
        "施設・場所名": "（社福）大恵会　特別養護老人ホーム　今市ホーム",
        "住所": "栃木県日光市板橋2190-2",
        "指定緊急避難場所との住所同一": "",
        "その他市町村長が必要と認める事項": null,
        "受入対象者": "要配慮者",
        "備考": ""
      }
    },
    {
      "type": "Feature",
      "geometry": {
        "type": "Point",
        "coordinates": [
          139.728212,
          36.640049
        ]
      },
      "properties": {
        "NO": "1220",
        "共通ID": "E0920600132111",
        "施設・場所名": "落合東小学校（体育館）",
        "住所": "栃木県日光市文挾町106",
        "指定緊急避難場所との住所同一": "1",
        "その他市町村長が必要と認める事項": null,
        "受入対象者": null,
        "備考": ""
      }
    },
    {
      "type": "Feature",
      "geometry": {
        "type": "Point",
        "coordinates": [
          139.684159,
          36.721072
        ]
      },
      "properties": {
        "NO": "1221",
        "共通ID": "E0920600133121",
        "施設・場所名": "今市保健福祉センター",
        "住所": "栃木県日光市平ケ崎109",
        "指定緊急避難場所との住所同一": "",
        "その他市町村長が必要と認める事項": null,
        "受入対象者": "要配慮者",
        "備考": ""
      }
    },
    {
      "type": "Feature",
      "geometry": {
        "type": "Point",
        "coordinates": [
          139.681882,
          36.715913
        ]
      },
      "properties": {
        "NO": "1222",
        "共通ID": "E0920600136121",
        "施設・場所名": "（医）矢尾板記念会　老人保健施設今市Ｌケアセンター",
        "住所": "栃木県日光市平ケ崎605-1",
        "指定緊急避難場所との住所同一": "",
        "その他市町村長が必要と認める事項": null,
        "受入対象者": "要配慮者",
        "備考": ""
      }
    },
    {
      "type": "Feature",
      "geometry": {
        "type": "Point",
        "coordinates": [
          139.68074,
          36.71565
        ]
      },
      "properties": {
        "NO": "1223",
        "共通ID": "E0920600137121",
        "施設・場所名": "（社福）日光福栄会　特別養護老人ホーム　ひらがさ喜の里",
        "住所": "栃木県日光市平ケ崎608-5",
        "指定緊急避難場所との住所同一": "",
        "その他市町村長が必要と認める事項": null,
        "受入対象者": "要配慮者",
        "備考": ""
      }
    },
    {
      "type": "Feature",
      "geometry": {
        "type": "Point",
        "coordinates": [
          139.692471,
          36.71756
        ]
      },
      "properties": {
        "NO": "1224",
        "共通ID": "E0920600138111",
        "施設・場所名": "東原中学校（体育館）",
        "住所": "栃木県日光市平ケ崎775-1",
        "指定緊急避難場所との住所同一": "1",
        "その他市町村長が必要と認める事項": "地区福祉避難所と重複",
        "受入対象者": null,
        "備考": ""
      }
    },
    {
      "type": "Feature",
      "geometry": {
        "type": "Point",
        "coordinates": [
          139.692472,
          36.71756
        ]
      },
      "properties": {
        "NO": "1225",
        "共通ID": "E0920600138121",
        "施設・場所名": "東原中学校（体育館）",
        "住所": "栃木県日光市平ケ崎775-1",
        "指定緊急避難場所との住所同一": "1",
        "その他市町村長が必要と認める事項": "一般避難所と重複",
        "受入対象者": "要配慮者",
        "備考": ""
      }
    },
    {
      "type": "Feature",
      "geometry": {
        "type": "Point",
        "coordinates": [
          139.713583,
          36.682203
        ]
      },
      "properties": {
        "NO": "1226",
        "共通ID": "E0920600140111",
        "施設・場所名": "落合運動公園（体育館）",
        "住所": "栃木県日光市明神1052",
        "指定緊急避難場所との住所同一": "1",
        "その他市町村長が必要と認める事項": null,
        "受入対象者": null,
        "備考": ""
      }
    },
    {
      "type": "Feature",
      "geometry": {
        "type": "Point",
        "coordinates": [
          139.713613,
          36.68001
        ]
      },
      "properties": {
        "NO": "1227",
        "共通ID": "E0920600141121",
        "施設・場所名": "（社福）大恵会　養護老人ホーム　晃明荘",
        "住所": "栃木県日光市明神2453-1",
        "指定緊急避難場所との住所同一": "",
        "その他市町村長が必要と認める事項": null,
        "受入対象者": "要配慮者",
        "備考": ""
      }
    },
    {
      "type": "Feature",
      "geometry": {
        "type": "Point",
        "coordinates": [
          139.752942,
          36.681256
        ]
      },
      "properties": {
        "NO": "1228",
        "共通ID": "E0920600144121",
        "施設・場所名": "（医）矢尾板記念会　介護老人保健施設見龍堂メディケアユニッツ",
        "住所": "栃木県日光市木和田島3008-1",
        "指定緊急避難場所との住所同一": "",
        "その他市町村長が必要と認める事項": null,
        "受入対象者": "要配慮者",
        "備考": ""
      }
    },
    {
      "type": "Feature",
      "geometry": {
        "type": "Point",
        "coordinates": [
          139.753346,
          36.681884
        ]
      },
      "properties": {
        "NO": "1229",
        "共通ID": "E0920600145121",
        "施設・場所名": "（社福）日光福栄会　特別養護老人ホーム　きわだの郷",
        "住所": "栃木県日光市木和田島3008-11",
        "指定緊急避難場所との住所同一": "",
        "その他市町村長が必要と認める事項": null,
        "受入対象者": "要配慮者",
        "備考": ""
      }
    },
    {
      "type": "Feature",
      "geometry": {
        "type": "Point",
        "coordinates": [
          139.752982,
          36.682297
        ]
      },
      "properties": {
        "NO": "1230",
        "共通ID": "E0920600146121",
        "施設・場所名": "（社福）日光福栄会　特別養護老人ホーム　喜わだ亭",
        "住所": "栃木県日光市木和田島3008-13",
        "指定緊急避難場所との住所同一": "",
        "その他市町村長が必要と認める事項": null,
        "受入対象者": "要配慮者",
        "備考": ""
      }
    },
    {
      "type": "Feature",
      "geometry": {
        "type": "Point",
        "coordinates": [
          139.647969,
          36.734133
        ]
      },
      "properties": {
        "NO": "1231",
        "共通ID": "E0920600147111",
        "施設・場所名": "旧野口小学校（体育館）",
        "住所": "栃木県日光市野口900",
        "指定緊急避難場所との住所同一": "1",
        "その他市町村長が必要と認める事項": null,
        "受入対象者": null,
        "備考": ""
      }
    },
    {
      "type": "Feature",
      "geometry": {
        "type": "Point",
        "coordinates": [
          140.03762,
          36.569775
        ]
      },
      "properties": {
        "NO": "1232",
        "共通ID": "E0934500001111",
        "施設・場所名": "生涯学習センター",
        "住所": "栃木県芳賀町大字下高根沢2552",
        "指定緊急避難場所との住所同一": "1",
        "その他市町村長が必要と認める事項": null,
        "受入対象者": null,
        "備考": ""
      }
    },
    {
      "type": "Feature",
      "geometry": {
        "type": "Point",
        "coordinates": [
          140.077727,
          36.593427
        ]
      },
      "properties": {
        "NO": "1233",
        "共通ID": "E0934500002111",
        "施設・場所名": "上給地域体育館",
        "住所": "栃木県芳賀町大字上稲毛田825",
        "指定緊急避難場所との住所同一": "1",
        "その他市町村長が必要と認める事項": "",
        "受入対象者": "",
        "備考": ""
      }
    },
    {
      "type": "Feature",
      "geometry": {
        "type": "Point",
        "coordinates": [
          140.009986,
          36.523544
        ]
      },
      "properties": {
        "NO": "1234",
        "共通ID": "E0934500013111",
        "施設・場所名": "生涯学習センター水橋分館",
        "住所": "栃木県芳賀町大字西水沼2254",
        "指定緊急避難場所との住所同一": "1",
        "その他市町村長が必要と認める事項": "",
        "受入対象者": "",
        "備考": ""
      }
    },
    {
      "type": "Feature",
      "geometry": {
        "type": "Point",
        "coordinates": [
          140.02758,
          36.521568
        ]
      },
      "properties": {
        "NO": "1235",
        "共通ID": "E0934500004111",
        "施設・場所名": "芳賀南小学校",
        "住所": "栃木県芳賀町大字西水沼41",
        "指定緊急避難場所との住所同一": "1",
        "その他市町村長が必要と認める事項": null,
        "受入対象者": null,
        "備考": ""
      }
    },
    {
      "type": "Feature",
      "geometry": {
        "type": "Point",
        "coordinates": [
          140.063334,
          36.54771
        ]
      },
      "properties": {
        "NO": "1236",
        "共通ID": "E0934500005111",
        "施設・場所名": "芳賀東小学校",
        "住所": "栃木県芳賀町大字祖母井388",
        "指定緊急避難場所との住所同一": "1",
        "その他市町村長が必要と認める事項": null,
        "受入対象者": null,
        "備考": ""
      }
    },
    {
      "type": "Feature",
      "geometry": {
        "type": "Point",
        "coordinates": [
          140.060765,
          36.54819
        ]
      },
      "properties": {
        "NO": "1237",
        "共通ID": "E0934500006111",
        "施設・場所名": "町民会館",
        "住所": "栃木県芳賀町大字祖母井548-1",
        "指定緊急避難場所との住所同一": "1",
        "その他市町村長が必要と認める事項": null,
        "受入対象者": null,
        "備考": ""
      }
    },
    {
      "type": "Feature",
      "geometry": {
        "type": "Point",
        "coordinates": [
          140.057877,
          36.552303
        ]
      },
      "properties": {
        "NO": "1238",
        "共通ID": "E0934500012111",
        "施設・場所名": "道の駅はが",
        "住所": "栃木県芳賀町大字祖母井842-1",
        "指定緊急避難場所との住所同一": "1",
        "その他市町村長が必要と認める事項": "",
        "受入対象者": "",
        "備考": ""
      }
    },
    {
      "type": "Feature",
      "geometry": {
        "type": "Point",
        "coordinates": [
          140.04969,
          36.576245
        ]
      },
      "properties": {
        "NO": "1239",
        "共通ID": "E0934500008111",
        "施設・場所名": "芳賀北小学校",
        "住所": "栃木県芳賀町大字芳志戸1030",
        "指定緊急避難場所との住所同一": "1",
        "その他市町村長が必要と認める事項": null,
        "受入対象者": null,
        "備考": ""
      }
    },
    {
      "type": "Feature",
      "geometry": {
        "type": "Point",
        "coordinates": [
          140.037276,
          36.539359
        ]
      },
      "properties": {
        "NO": "1240",
        "共通ID": "E0934500009111",
        "施設・場所名": "芳賀中学校",
        "住所": "栃木県芳賀町大字与能855-1",
        "指定緊急避難場所との住所同一": "1",
        "その他市町村長が必要と認める事項": null,
        "受入対象者": null,
        "備考": ""
      }
    },
    {
      "type": "Feature",
      "geometry": {
        "type": "Point",
        "coordinates": [
          140.038319,
          36.540073
        ]
      },
      "properties": {
        "NO": "1241",
        "共通ID": "E0934500010111",
        "施設・場所名": "芳賀町第二体育館",
        "住所": "栃木県芳賀町大字与能861-1",
        "指定緊急避難場所との住所同一": "1",
        "その他市町村長が必要と認める事項": null,
        "受入対象者": null,
        "備考": ""
      }
    },
    {
      "type": "Feature",
      "geometry": {
        "type": "Point",
        "coordinates": [
          140.011776,
          36.563956
        ]
      },
      "properties": {
        "NO": "1242",
        "共通ID": "E0934500011111",
        "施設・場所名": "芳賀町工業団地管理センター",
        "住所": "栃木県芳賀町芳賀台98",
        "指定緊急避難場所との住所同一": "1",
        "その他市町村長が必要と認める事項": null,
        "受入対象者": null,
        "備考": ""
      }
    },
    {
      "type": "Feature",
      "geometry": {
        "type": "Point",
        "coordinates": [
          140.217581,
          36.569974
        ]
      },
      "properties": {
        "NO": "1243",
        "共通ID": "E0934300001111",
        "施設・場所名": "中川小学校",
        "住所": "栃木県茂木町河井856",
        "指定緊急避難場所との住所同一": "1",
        "その他市町村長が必要と認める事項": null,
        "受入対象者": null,
        "備考": ""
      }
    },
    {
      "type": "Feature",
      "geometry": {
        "type": "Point",
        "coordinates": [
          140.174842,
          36.544755
        ]
      },
      "properties": {
        "NO": "1244",
        "共通ID": "E0934300002111",
        "施設・場所名": "茂木町民体育館",
        "住所": "栃木県茂木町小井戸2664-1",
        "指定緊急避難場所との住所同一": "1",
        "その他市町村長が必要と認める事項": null,
        "受入対象者": null,
        "備考": ""
      }
    },
    {
      "type": "Feature",
      "geometry": {
        "type": "Point",
        "coordinates": [
          140.148293,
          36.568834
        ]
      },
      "properties": {
        "NO": "1245",
        "共通ID": "E0934300003111",
        "施設・場所名": "須藤小学校",
        "住所": "栃木県茂木町千本457",
        "指定緊急避難場所との住所同一": "1",
        "その他市町村長が必要と認める事項": null,
        "受入対象者": null,
        "備考": ""
      }
    },
    {
      "type": "Feature",
      "geometry": {
        "type": "Point",
        "coordinates": [
          140.174447,
          36.469237
        ]
      },
      "properties": {
        "NO": "1246",
        "共通ID": "E0934300005111",
        "施設・場所名": "逆川小学校",
        "住所": "栃木県茂木町飯2210",
        "指定緊急避難場所との住所同一": "1",
        "その他市町村長が必要と認める事項": null,
        "受入対象者": null,
        "備考": ""
      }
    },
    {
      "type": "Feature",
      "geometry": {
        "type": "Point",
        "coordinates": [
          140.170188,
          36.526356
        ]
      },
      "properties": {
        "NO": "1247",
        "共通ID": "E0934300007111",
        "施設・場所名": "元気アップ館",
        "住所": "栃木県茂木町茂木1043-1",
        "指定緊急避難場所との住所同一": "1",
        "その他市町村長が必要と認める事項": null,
        "受入対象者": null,
        "備考": ""
      }
    },
    {
      "type": "Feature",
      "geometry": {
        "type": "Point",
        "coordinates": [
          140.172775,
          36.527845
        ]
      },
      "properties": {
        "NO": "1248",
        "共通ID": "E0934300008111",
        "施設・場所名": "道の駅もてぎ",
        "住所": "栃木県茂木町茂木1090-1",
        "指定緊急避難場所との住所同一": "1",
        "その他市町村長が必要と認める事項": null,
        "受入対象者": null,
        "備考": ""
      }
    },
    {
      "type": "Feature",
      "geometry": {
        "type": "Point",
        "coordinates": [
          140.186813,
          36.531173
        ]
      },
      "properties": {
        "NO": "1249",
        "共通ID": "E0934300009111",
        "施設・場所名": "茂木町民センター",
        "住所": "栃木県茂木町茂木151",
        "指定緊急避難場所との住所同一": "1",
        "その他市町村長が必要と認める事項": null,
        "受入対象者": null,
        "備考": ""
      }
    },
    {
      "type": "Feature",
      "geometry": {
        "type": "Point",
        "coordinates": [
          140.184309,
          36.531561
        ]
      },
      "properties": {
        "NO": "1250",
        "共通ID": "E0934300010111",
        "施設・場所名": "茂木小学校",
        "住所": "栃木県茂木町茂木1621",
        "指定緊急避難場所との住所同一": "1",
        "その他市町村長が必要と認める事項": null,
        "受入対象者": null,
        "備考": ""
      }
    },
    {
      "type": "Feature",
      "geometry": {
        "type": "Point",
        "coordinates": [
          140.190391,
          36.531478
        ]
      },
      "properties": {
        "NO": "1251",
        "共通ID": "E0934300011111",
        "施設・場所名": "県立茂木高等学校",
        "住所": "栃木県茂木町茂木288",
        "指定緊急避難場所との住所同一": "1",
        "その他市町村長が必要と認める事項": null,
        "受入対象者": null,
        "備考": ""
      }
    },
    {
      "type": "Feature",
      "geometry": {
        "type": "Point",
        "coordinates": [
          140.194391,
          36.5337
        ]
      },
      "properties": {
        "NO": "1252",
        "共通ID": "E0934300012111",
        "施設・場所名": "茂木中学校",
        "住所": "栃木県茂木町茂木72",
        "指定緊急避難場所との住所同一": "1",
        "その他市町村長が必要と認める事項": null,
        "受入対象者": null,
        "備考": ""
      }
    },
    {
      "type": "Feature",
      "geometry": {
        "type": "Point",
        "coordinates": [
          139.740897,
          36.234309
        ]
      },
      "properties": {
        "NO": "1253",
        "共通ID": "E0936400001111",
        "施設・場所名": "野木町公民館・町体育センター",
        "住所": "栃木県野木町大字丸林571",
        "指定緊急避難場所との住所同一": "",
        "その他市町村長が必要と認める事項": null,
        "受入対象者": null,
        "備考": ""
      }
    },
    {
      "type": "Feature",
      "geometry": {
        "type": "Point",
        "coordinates": [
          139.769184,
          36.232015
        ]
      },
      "properties": {
        "NO": "1254",
        "共通ID": "E0936400007111",
        "施設・場所名": "佐川野小学校",
        "住所": "栃木県野木町大字佐川野1808",
        "指定緊急避難場所との住所同一": "",
        "その他市町村長が必要と認める事項": null,
        "受入対象者": null,
        "備考": ""
      }
    },
    {
      "type": "Feature",
      "geometry": {
        "type": "Point",
        "coordinates": [
          139.752953,
          36.234941
        ]
      },
      "properties": {
        "NO": "1255",
        "共通ID": "E0936400011111",
        "施設・場所名": "野木中学校",
        "住所": "栃木県野木町大字潤島800-1",
        "指定緊急避難場所との住所同一": "",
        "その他市町村長が必要と認める事項": null,
        "受入対象者": null,
        "備考": ""
      }
    },
    {
      "type": "Feature",
      "geometry": {
        "type": "Point",
        "coordinates": [
          139.744577,
          36.22265
        ]
      },
      "properties": {
        "NO": "1256",
        "共通ID": "E0936400013111",
        "施設・場所名": "南赤塚小学校",
        "住所": "栃木県野木町大字中谷508",
        "指定緊急避難場所との住所同一": "",
        "その他市町村長が必要と認める事項": null,
        "受入対象者": null,
        "備考": ""
      }
    },
    {
      "type": "Feature",
      "geometry": {
        "type": "Point",
        "coordinates": [
          139.710091,
          36.21407
        ]
      },
      "properties": {
        "NO": "1257",
        "共通ID": "E0936400018111",
        "施設・場所名": "野木小学校",
        "住所": "栃木県野木町大字野木2450-1",
        "指定緊急避難場所との住所同一": "",
        "その他市町村長が必要と認める事項": null,
        "受入対象者": null,
        "備考": ""
      }
    },
    {
      "type": "Feature",
      "geometry": {
        "type": "Point",
        "coordinates": [
          139.71912,
          36.226542
        ]
      },
      "properties": {
        "NO": "1258",
        "共通ID": "E0936400021111",
        "施設・場所名": "野木第二中学校",
        "住所": "栃木県野木町大字野木4048",
        "指定緊急避難場所との住所同一": "",
        "その他市町村長が必要と認める事項": null,
        "受入対象者": null,
        "備考": ""
      }
    },
    {
      "type": "Feature",
      "geometry": {
        "type": "Point",
        "coordinates": [
          139.737316,
          36.239561
        ]
      },
      "properties": {
        "NO": "1259",
        "共通ID": "E0936400022111",
        "施設・場所名": "野木町文化会館",
        "住所": "栃木県野木町大字友沼181",
        "指定緊急避難場所との住所同一": "",
        "その他市町村長が必要と認める事項": null,
        "受入対象者": null,
        "備考": ""
      }
    },
    {
      "type": "Feature",
      "geometry": {
        "type": "Point",
        "coordinates": [
          139.728289,
          36.23073
        ]
      },
      "properties": {
        "NO": "1260",
        "共通ID": "E0936400024111",
        "施設・場所名": "新橋小学校",
        "住所": "栃木県野木町大字友沼5110-2",
        "指定緊急避難場所との住所同一": "",
        "その他市町村長が必要と認める事項": null,
        "受入対象者": null,
        "備考": ""
      }
    },
    {
      "type": "Feature",
      "geometry": {
        "type": "Point",
        "coordinates": [
          139.7283,
          36.220712
        ]
      },
      "properties": {
        "NO": "1261",
        "共通ID": "E0936400025111",
        "施設・場所名": "老人福祉センター",
        "住所": "栃木県野木町大字友沼5840-7",
        "指定緊急避難場所との住所同一": "",
        "その他市町村長が必要と認める事項": null,
        "受入対象者": null,
        "備考": ""
      }
    },
    {
      "type": "Feature",
      "geometry": {
        "type": "Point",
        "coordinates": [
          139.738127,
          36.243377
        ]
      },
      "properties": {
        "NO": "1262",
        "共通ID": "E0936400027111",
        "施設・場所名": "友沼小学校",
        "住所": "栃木県野木町大字友沼916",
        "指定緊急避難場所との住所同一": "",
        "その他市町村長が必要と認める事項": null,
        "受入対象者": null,
        "備考": ""
      }
    },
    {
      "type": "Feature",
      "geometry": {
        "type": "Point",
        "coordinates": [
          139.951913,
          36.784956
        ]
      },
      "properties": {
        "NO": "1263",
        "共通ID": "E0921100001111",
        "施設・場所名": "安沢小学校",
        "住所": "栃木県矢板市安沢1482",
        "指定緊急避難場所との住所同一": "1",
        "その他市町村長が必要と認める事項": null,
        "受入対象者": null,
        "備考": ""
      }
    },
    {
      "type": "Feature",
      "geometry": {
        "type": "Point",
        "coordinates": [
          139.954796,
          36.737089
        ]
      },
      "properties": {
        "NO": "1264",
        "共通ID": "E0921100002111",
        "施設・場所名": "乙畑小学校",
        "住所": "栃木県矢板市乙畑1902",
        "指定緊急避難場所との住所同一": "1",
        "その他市町村長が必要と認める事項": null,
        "受入対象者": null,
        "備考": ""
      }
    },
    {
      "type": "Feature",
      "geometry": {
        "type": "Point",
        "coordinates": [
          139.917058,
          36.794469
        ]
      },
      "properties": {
        "NO": "1265",
        "共通ID": "E0921100003111",
        "施設・場所名": "城の湯ふれあい館",
        "住所": "栃木県矢板市幸岡18",
        "指定緊急避難場所との住所同一": "1",
        "その他市町村長が必要と認める事項": null,
        "受入対象者": null,
        "備考": ""
      }
    },
    {
      "type": "Feature",
      "geometry": {
        "type": "Point",
        "coordinates": [
          139.908113,
          36.87337
        ]
      },
      "properties": {
        "NO": "1266",
        "共通ID": "E0921100004111",
        "施設・場所名": "上伊佐野体育館",
        "住所": "栃木県矢板市上伊佐野761",
        "指定緊急避難場所との住所同一": "1",
        "その他市町村長が必要と認める事項": null,
        "受入対象者": null,
        "備考": ""
      }
    },
    {
      "type": "Feature",
      "geometry": {
        "type": "Point",
        "coordinates": [
          139.924141,
          36.814664
        ]
      },
      "properties": {
        "NO": "1267",
        "共通ID": "E0921100005111",
        "施設・場所名": "矢板中学校",
        "住所": "栃木県矢板市上町20-7",
        "指定緊急避難場所との住所同一": "1",
        "その他市町村長が必要と認める事項": null,
        "受入対象者": null,
        "備考": ""
      }
    },
    {
      "type": "Feature",
      "geometry": {
        "type": "Point",
        "coordinates": [
          139.928055,
          36.816055
        ]
      },
      "properties": {
        "NO": "1268",
        "共通ID": "E0921100006111",
        "施設・場所名": "矢板中央高校",
        "住所": "栃木県矢板市扇町2-1519",
        "指定緊急避難場所との住所同一": "1",
        "その他市町村長が必要と認める事項": null,
        "受入対象者": null,
        "備考": ""
      }
    },
    {
      "type": "Feature",
      "geometry": {
        "type": "Point",
        "coordinates": [
          139.911295,
          36.840889
        ]
      },
      "properties": {
        "NO": "1269",
        "共通ID": "E0921100008111",
        "施設・場所名": "泉小学校",
        "住所": "栃木県矢板市泉378",
        "指定緊急避難場所との住所同一": "1",
        "その他市町村長が必要と認める事項": null,
        "受入対象者": null,
        "備考": ""
      }
    },
    {
      "type": "Feature",
      "geometry": {
        "type": "Point",
        "coordinates": [
          139.909979,
          36.845381
        ]
      },
      "properties": {
        "NO": "1270",
        "共通ID": "E0921100010111",
        "施設・場所名": "泉きずな館・泉体育館",
        "住所": "栃木県矢板市泉526",
        "指定緊急避難場所との住所同一": "1",
        "その他市町村長が必要と認める事項": "",
        "受入対象者": "",
        "備考": ""
      }
    },
    {
      "type": "Feature",
      "geometry": {
        "type": "Point",
        "coordinates": [
          139.958335,
          36.822538
        ]
      },
      "properties": {
        "NO": "1271",
        "共通ID": "E0921100011111",
        "施設・場所名": "農村環境改善センター",
        "住所": "栃木県矢板市沢783",
        "指定緊急避難場所との住所同一": "1",
        "その他市町村長が必要と認める事項": null,
        "受入対象者": null,
        "備考": ""
      }
    },
    {
      "type": "Feature",
      "geometry": {
        "type": "Point",
        "coordinates": [
          139.892084,
          36.827303
        ]
      },
      "properties": {
        "NO": "1272",
        "共通ID": "E0921100012111",
        "施設・場所名": "長井体育館",
        "住所": "栃木県矢板市長井1248",
        "指定緊急避難場所との住所同一": "1",
        "その他市町村長が必要と認める事項": null,
        "受入対象者": null,
        "備考": ""
      }
    },
    {
      "type": "Feature",
      "geometry": {
        "type": "Point",
        "coordinates": [
          139.942311,
          36.830545
        ]
      },
      "properties": {
        "NO": "1273",
        "共通ID": "E0921100013111",
        "施設・場所名": "日新体育館",
        "住所": "栃木県矢板市土屋635",
        "指定緊急避難場所との住所同一": "1",
        "その他市町村長が必要と認める事項": null,
        "受入対象者": null,
        "備考": ""
      }
    },
    {
      "type": "Feature",
      "geometry": {
        "type": "Point",
        "coordinates": [
          139.939474,
          36.801708
        ]
      },
      "properties": {
        "NO": "1274",
        "共通ID": "E0921100014111",
        "施設・場所名": "矢板東高校",
        "住所": "栃木県矢板市東町4-8",
        "指定緊急避難場所との住所同一": "1",
        "その他市町村長が必要と認める事項": null,
        "受入対象者": null,
        "備考": ""
      }
    },
    {
      "type": "Feature",
      "geometry": {
        "type": "Point",
        "coordinates": [
          139.936675,
          36.801524
        ]
      },
      "properties": {
        "NO": "1275",
        "共通ID": "E0921100015111",
        "施設・場所名": "東小学校",
        "住所": "栃木県矢板市東町616",
        "指定緊急避難場所との住所同一": "1",
        "その他市町村長が必要と認める事項": "",
        "受入対象者": "",
        "備考": ""
      }
    },
    {
      "type": "Feature",
      "geometry": {
        "type": "Point",
        "coordinates": [
          139.941298,
          36.763999
        ]
      },
      "properties": {
        "NO": "1276",
        "共通ID": "E0921100016111",
        "施設・場所名": "片岡トレーニングセンター",
        "住所": "栃木県矢板市片岡1143-1",
        "指定緊急避難場所との住所同一": "1",
        "その他市町村長が必要と認める事項": "",
        "受入対象者": "",
        "備考": ""
      }
    },
    {
      "type": "Feature",
      "geometry": {
        "type": "Point",
        "coordinates": [
          139.942858,
          36.755529
        ]
      },
      "properties": {
        "NO": "1277",
        "共通ID": "E0921100017111",
        "施設・場所名": "片岡小学校",
        "住所": "栃木県矢板市片岡2095-79",
        "指定緊急避難場所との住所同一": "1",
        "その他市町村長が必要と認める事項": null,
        "受入対象者": null,
        "備考": ""
      }
    },
    {
      "type": "Feature",
      "geometry": {
        "type": "Point",
        "coordinates": [
          139.946566,
          36.756719
        ]
      },
      "properties": {
        "NO": "1278",
        "共通ID": "E0921100018111",
        "施設・場所名": "片岡コミュニティーホール",
        "住所": "栃木県矢板市片岡2098-3",
        "指定緊急避難場所との住所同一": "1",
        "その他市町村長が必要と認める事項": null,
        "受入対象者": null,
        "備考": ""
      }
    },
    {
      "type": "Feature",
      "geometry": {
        "type": "Point",
        "coordinates": [
          139.94839,
          36.758715
        ]
      },
      "properties": {
        "NO": "1279",
        "共通ID": "E0921100019111",
        "施設・場所名": "片岡中学校",
        "住所": "栃木県矢板市片岡2139",
        "指定緊急避難場所との住所同一": "1",
        "その他市町村長が必要と認める事項": null,
        "受入対象者": null,
        "備考": ""
      }
    },
    {
      "type": "Feature",
      "geometry": {
        "type": "Point",
        "coordinates": [
          139.96865,
          36.809206
        ]
      },
      "properties": {
        "NO": "1280",
        "共通ID": "E0921100020111",
        "施設・場所名": "旧豊田小学校",
        "住所": "栃木県矢板市豊田802",
        "指定緊急避難場所との住所同一": "1",
        "その他市町村長が必要と認める事項": "",
        "受入対象者": "",
        "備考": ""
      }
    },
    {
      "type": "Feature",
      "geometry": {
        "type": "Point",
        "coordinates": [
          139.929023,
          36.807319
        ]
      },
      "properties": {
        "NO": "1281",
        "共通ID": "E0921100021111",
        "施設・場所名": "市武道館",
        "住所": "栃木県矢板市本町2-22",
        "指定緊急避難場所との住所同一": "1",
        "その他市町村長が必要と認める事項": null,
        "受入対象者": null,
        "備考": ""
      }
    },
    {
      "type": "Feature",
      "geometry": {
        "type": "Point",
        "coordinates": [
          139.925392,
          36.80694
        ]
      },
      "properties": {
        "NO": "1282",
        "共通ID": "E0921100022111",
        "施設・場所名": "矢板小学校",
        "住所": "栃木県矢板市本町4-23",
        "指定緊急避難場所との住所同一": "1",
        "その他市町村長が必要と認める事項": null,
        "受入対象者": null,
        "備考": ""
      }
    },
    {
      "type": "Feature",
      "geometry": {
        "type": "Point",
        "coordinates": [
          139.925251,
          36.788326
        ]
      },
      "properties": {
        "NO": "1283",
        "共通ID": "E0921100023111",
        "施設・場所名": "旧川崎小学校",
        "住所": "栃木県矢板市木幡1646",
        "指定緊急避難場所との住所同一": "1",
        "その他市町村長が必要と認める事項": "",
        "受入対象者": "",
        "備考": ""
      }
    },
    {
      "type": "Feature",
      "geometry": {
        "type": "Point",
        "coordinates": [
          139.922518,
          36.805653
        ]
      },
      "properties": {
        "NO": "1284",
        "共通ID": "E0921100024111",
        "施設・場所名": "矢板公民館",
        "住所": "栃木県矢板市矢板103-1",
        "指定緊急避難場所との住所同一": "1",
        "その他市町村長が必要と認める事項": null,
        "受入対象者": null,
        "備考": ""
      }
    },
    {
      "type": "Feature",
      "geometry": {
        "type": "Point",
        "coordinates": [
          139.922385,
          36.805037
        ]
      },
      "properties": {
        "NO": "1285",
        "共通ID": "E0921100025111",
        "施設・場所名": "生涯学習館",
        "住所": "栃木県矢板市矢板106-2",
        "指定緊急避難場所との住所同一": "1",
        "その他市町村長が必要と認める事項": null,
        "受入対象者": null,
        "備考": ""
      }
    }
  ]
}