{
  "type": "FeatureCollection",
  "name": "12000_千葉県",
  "features": [
    {
      "type": "Feature",
      "geometry": {
        "type": "Point",
        "coordinates": [
          140.282434,
          35.283706
        ]
      },
      "properties": {
        "NO": "1",
        "共通ID": "E1223800001111",
        "施設・場所名": "夷隅地区多目的研修センター",
        "住所": "千葉県いすみ市行川721-1",
        "指定緊急避難場所との住所同一": "1",
        "その他市町村長が必要と認める事項": "",
        "受入対象者": "",
        "備考": ""
      }
    },
    {
      "type": "Feature",
      "geometry": {
        "type": "Point",
        "coordinates": [
          140.313122,
          35.284945
        ]
      },
      "properties": {
        "NO": "2",
        "共通ID": "E1223800002111",
        "施設・場所名": "国吉中学校",
        "住所": "千葉県いすみ市国府台1552",
        "指定緊急避難場所との住所同一": "1",
        "その他市町村長が必要と認める事項": null,
        "受入対象者": null,
        "備考": ""
      }
    },
    {
      "type": "Feature",
      "geometry": {
        "type": "Point",
        "coordinates": [
          140.335129,
          35.260693
        ]
      },
      "properties": {
        "NO": "3",
        "共通ID": "E1223800003111",
        "施設・場所名": "東小学校",
        "住所": "千葉県いすみ市山田460",
        "指定緊急避難場所との住所同一": "1",
        "その他市町村長が必要と認める事項": null,
        "受入対象者": null,
        "備考": ""
      }
    },
    {
      "type": "Feature",
      "geometry": {
        "type": "Point",
        "coordinates": [
          140.384711,
          35.264413
        ]
      },
      "properties": {
        "NO": "4",
        "共通ID": "E1223800004111",
        "施設・場所名": "東海小学校",
        "住所": "千葉県いすみ市若山1042",
        "指定緊急避難場所との住所同一": "1",
        "その他市町村長が必要と認める事項": null,
        "受入対象者": null,
        "備考": ""
      }
    },
    {
      "type": "Feature",
      "geometry": {
        "type": "Point",
        "coordinates": [
          140.384792,
          35.222633
        ]
      },
      "properties": {
        "NO": "5",
        "共通ID": "E1223800006111",
        "施設・場所名": "浪花小学校",
        "住所": "千葉県いすみ市小沢1157",
        "指定緊急避難場所との住所同一": "1",
        "その他市町村長が必要と認める事項": null,
        "受入対象者": null,
        "備考": ""
      }
    },
    {
      "type": "Feature",
      "geometry": {
        "type": "Point",
        "coordinates": [
          140.323997,
          35.311865
        ]
      },
      "properties": {
        "NO": "6",
        "共通ID": "E1223800007111",
        "施設・場所名": "旧千町小学校",
        "住所": "千葉県いすみ市松丸3226",
        "指定緊急避難場所との住所同一": "1",
        "その他市町村長が必要と認める事項": null,
        "受入対象者": null,
        "備考": ""
      }
    },
    {
      "type": "Feature",
      "geometry": {
        "type": "Point",
        "coordinates": [
          140.313373,
          35.28901
        ]
      },
      "properties": {
        "NO": "7",
        "共通ID": "E1223800010111",
        "施設・場所名": "夷隅小学校",
        "住所": "千葉県いすみ市深谷127",
        "指定緊急避難場所との住所同一": "1",
        "その他市町村長が必要と認める事項": null,
        "受入対象者": null,
        "備考": ""
      }
    },
    {
      "type": "Feature",
      "geometry": {
        "type": "Point",
        "coordinates": [
          140.302183,
          35.286973
        ]
      },
      "properties": {
        "NO": "8",
        "共通ID": "E1223800011111",
        "施設・場所名": "夷隅文化会館",
        "住所": "千葉県いすみ市深谷1968-1",
        "指定緊急避難場所との住所同一": "1",
        "その他市町村長が必要と認める事項": null,
        "受入対象者": null,
        "備考": ""
      }
    },
    {
      "type": "Feature",
      "geometry": {
        "type": "Point",
        "coordinates": [
          140.382166,
          35.258764
        ]
      },
      "properties": {
        "NO": "9",
        "共通ID": "E1223800013111",
        "施設・場所名": "社会福祉法人　チルドレン・パラダイス児童養護施設　子山ホーム",
        "住所": "千葉県いすみ市深堀685",
        "指定緊急避難場所との住所同一": "1",
        "その他市町村長が必要と認める事項": "",
        "受入対象者": "",
        "備考": ""
      }
    },
    {
      "type": "Feature",
      "geometry": {
        "type": "Point",
        "coordinates": [
          140.38215,
          35.24544
        ]
      },
      "properties": {
        "NO": "10",
        "共通ID": "E1223800017111",
        "施設・場所名": "農村環境改善センター",
        "住所": "千葉県いすみ市大原6763",
        "指定緊急避難場所との住所同一": "1",
        "その他市町村長が必要と認める事項": null,
        "受入対象者": null,
        "備考": ""
      }
    },
    {
      "type": "Feature",
      "geometry": {
        "type": "Point",
        "coordinates": [
          140.380509,
          35.25412
        ]
      },
      "properties": {
        "NO": "11",
        "共通ID": "E1223800020111",
        "施設・場所名": "大原中学校",
        "住所": "千葉県いすみ市大原7400-12",
        "指定緊急避難場所との住所同一": "1",
        "その他市町村長が必要と認める事項": null,
        "受入対象者": null,
        "備考": ""
      }
    },
    {
      "type": "Feature",
      "geometry": {
        "type": "Point",
        "coordinates": [
          140.386406,
          35.248124
        ]
      },
      "properties": {
        "NO": "12",
        "共通ID": "E1223800021111",
        "施設・場所名": "大原文化センター",
        "住所": "千葉県いすみ市大原7838",
        "指定緊急避難場所との住所同一": "1",
        "その他市町村長が必要と認める事項": null,
        "受入対象者": null,
        "備考": ""
      }
    },
    {
      "type": "Feature",
      "geometry": {
        "type": "Point",
        "coordinates": [
          140.389927,
          35.245423
        ]
      },
      "properties": {
        "NO": "13",
        "共通ID": "E1223800022111",
        "施設・場所名": "大原小学校",
        "住所": "千葉県いすみ市大原8530-3",
        "指定緊急避難場所との住所同一": "1",
        "その他市町村長が必要と認める事項": null,
        "受入対象者": null,
        "備考": ""
      }
    },
    {
      "type": "Feature",
      "geometry": {
        "type": "Point",
        "coordinates": [
          140.364843,
          35.205518
        ]
      },
      "properties": {
        "NO": "14",
        "共通ID": "E1223800024111",
        "施設・場所名": "大原台コミュニティセンター",
        "住所": "千葉県いすみ市大原台324",
        "指定緊急避難場所との住所同一": "1",
        "その他市町村長が必要と認める事項": null,
        "受入対象者": null,
        "備考": ""
      }
    },
    {
      "type": "Feature",
      "geometry": {
        "type": "Point",
        "coordinates": [
          140.340614,
          35.320183
        ]
      },
      "properties": {
        "NO": "15",
        "共通ID": "E1223800027111",
        "施設・場所名": "古沢小学校",
        "住所": "千葉県いすみ市岬町岩熊563-2",
        "指定緊急避難場所との住所同一": "1",
        "その他市町村長が必要と認める事項": null,
        "受入対象者": null,
        "備考": ""
      }
    },
    {
      "type": "Feature",
      "geometry": {
        "type": "Point",
        "coordinates": [
          140.373181,
          35.298767
        ]
      },
      "properties": {
        "NO": "16",
        "共通ID": "E1223800028111",
        "施設・場所名": "中根小学校",
        "住所": "千葉県いすみ市岬町中滝954",
        "指定緊急避難場所との住所同一": "1",
        "その他市町村長が必要と認める事項": null,
        "受入対象者": null,
        "備考": ""
      }
    },
    {
      "type": "Feature",
      "geometry": {
        "type": "Point",
        "coordinates": [
          140.384636,
          35.299523
        ]
      },
      "properties": {
        "NO": "17",
        "共通ID": "E1223800029111",
        "施設・場所名": "岬公民館",
        "住所": "千葉県いすみ市岬町長者22",
        "指定緊急避難場所との住所同一": "1",
        "その他市町村長が必要と認める事項": null,
        "受入対象者": null,
        "備考": ""
      }
    },
    {
      "type": "Feature",
      "geometry": {
        "type": "Point",
        "coordinates": [
          140.392982,
          35.295675
        ]
      },
      "properties": {
        "NO": "18",
        "共通ID": "E1223800030111",
        "施設・場所名": "長者小学校",
        "住所": "千葉県いすみ市岬町長者330",
        "指定緊急避難場所との住所同一": "1",
        "その他市町村長が必要と認める事項": null,
        "受入対象者": null,
        "備考": ""
      }
    },
    {
      "type": "Feature",
      "geometry": {
        "type": "Point",
        "coordinates": [
          140.376159,
          35.320497
        ]
      },
      "properties": {
        "NO": "19",
        "共通ID": "E1223800031111",
        "施設・場所名": "岬中学校",
        "住所": "千葉県いすみ市岬町椎木1370",
        "指定緊急避難場所との住所同一": "1",
        "その他市町村長が必要と認める事項": null,
        "受入対象者": null,
        "備考": ""
      }
    },
    {
      "type": "Feature",
      "geometry": {
        "type": "Point",
        "coordinates": [
          140.386959,
          35.318917
        ]
      },
      "properties": {
        "NO": "20",
        "共通ID": "E1223800033111",
        "施設・場所名": "太東小学校",
        "住所": "千葉県いすみ市岬町椎木408",
        "指定緊急避難場所との住所同一": "1",
        "その他市町村長が必要と認める事項": null,
        "受入対象者": null,
        "備考": ""
      }
    },
    {
      "type": "Feature",
      "geometry": {
        "type": "Point",
        "coordinates": [
          140.387696,
          35.300989
        ]
      },
      "properties": {
        "NO": "21",
        "共通ID": "E1223800034111",
        "施設・場所名": "岬ふれあい会館",
        "住所": "千葉県いすみ市岬町東中滝720-1",
        "指定緊急避難場所との住所同一": "1",
        "その他市町村長が必要と認める事項": "",
        "受入対象者": "",
        "備考": ""
      }
    },
    {
      "type": "Feature",
      "geometry": {
        "type": "Point",
        "coordinates": [
          140.672411,
          35.726119
        ]
      },
      "properties": {
        "NO": "22",
        "共通ID": "E1221500081121",
        "施設・場所名": "特別養護老人ホームやすらぎ園",
        "住所": "千葉県旭市イの3925-2",
        "指定緊急避難場所との住所同一": "",
        "その他市町村長が必要と認める事項": "",
        "受入対象者": "要配慮者",
        "備考": ""
      }
    },
    {
      "type": "Feature",
      "geometry": {
        "type": "Point",
        "coordinates": [
          140.672222,
          35.725989
        ]
      },
      "properties": {
        "NO": "23",
        "共通ID": "E1221500081111",
        "施設・場所名": "特別養護老人ホームやすらぎ園",
        "住所": "千葉県旭市イの3925-2",
        "指定緊急避難場所との住所同一": "",
        "その他市町村長が必要と認める事項": "",
        "受入対象者": "",
        "備考": ""
      }
    },
    {
      "type": "Feature",
      "geometry": {
        "type": "Point",
        "coordinates": [
          140.645506,
          35.719266
        ]
      },
      "properties": {
        "NO": "24",
        "共通ID": "E1221500082111",
        "施設・場所名": "第二中学校",
        "住所": "千葉県旭市ニの2510-1",
        "指定緊急避難場所との住所同一": "1",
        "その他市町村長が必要と認める事項": "",
        "受入対象者": "",
        "備考": ""
      }
    },
    {
      "type": "Feature",
      "geometry": {
        "type": "Point",
        "coordinates": [
          140.631314,
          35.722252
        ]
      },
      "properties": {
        "NO": "25",
        "共通ID": "E1221500083111",
        "施設・場所名": "総合体育館",
        "住所": "千葉県旭市ニの5491",
        "指定緊急避難場所との住所同一": "1",
        "その他市町村長が必要と認める事項": "",
        "受入対象者": "",
        "備考": ""
      }
    },
    {
      "type": "Feature",
      "geometry": {
        "type": "Point",
        "coordinates": [
          140.644963,
          35.710117
        ]
      },
      "properties": {
        "NO": "26",
        "共通ID": "E1221500084111",
        "施設・場所名": "第一中学校",
        "住所": "千葉県旭市ハの2304",
        "指定緊急避難場所との住所同一": "1",
        "その他市町村長が必要と認める事項": "",
        "受入対象者": "",
        "備考": ""
      }
    },
    {
      "type": "Feature",
      "geometry": {
        "type": "Point",
        "coordinates": [
          140.653865,
          35.716666
        ]
      },
      "properties": {
        "NO": "27",
        "共通ID": "E1221500085111",
        "施設・場所名": "中央小学校",
        "住所": "千葉県旭市ハの74",
        "指定緊急避難場所との住所同一": "1",
        "その他市町村長が必要と認める事項": "",
        "受入対象者": "",
        "備考": ""
      }
    },
    {
      "type": "Feature",
      "geometry": {
        "type": "Point",
        "coordinates": [
          140.61433,
          35.710756
        ]
      },
      "properties": {
        "NO": "28",
        "共通ID": "E1221500014111",
        "施設・場所名": "豊畑小学校",
        "住所": "千葉県旭市井戸野2738",
        "指定緊急避難場所との住所同一": "1",
        "その他市町村長が必要と認める事項": null,
        "受入対象者": null,
        "備考": ""
      }
    },
    {
      "type": "Feature",
      "geometry": {
        "type": "Point",
        "coordinates": [
          140.715046,
          35.710532
        ]
      },
      "properties": {
        "NO": "29",
        "共通ID": "E1221500015111",
        "施設・場所名": "飯岡福祉センター（旭市保健センター）",
        "住所": "千葉県旭市横根3520",
        "指定緊急避難場所との住所同一": "1",
        "その他市町村長が必要と認める事項": "",
        "受入対象者": "",
        "備考": ""
      }
    },
    {
      "type": "Feature",
      "geometry": {
        "type": "Point",
        "coordinates": [
          140.71302,
          35.711416
        ]
      },
      "properties": {
        "NO": "30",
        "共通ID": "E1221500017111",
        "施設・場所名": "飯岡中学校",
        "住所": "千葉県旭市横根3746",
        "指定緊急避難場所との住所同一": "1",
        "その他市町村長が必要と認める事項": null,
        "受入対象者": null,
        "備考": ""
      }
    },
    {
      "type": "Feature",
      "geometry": {
        "type": "Point",
        "coordinates": [
          140.604019,
          35.72188
        ]
      },
      "properties": {
        "NO": "31",
        "共通ID": "E1221500021111",
        "施設・場所名": "干潟小学校",
        "住所": "千葉県旭市鎌数9508",
        "指定緊急避難場所との住所同一": "1",
        "その他市町村長が必要と認める事項": null,
        "受入対象者": null,
        "備考": ""
      }
    },
    {
      "type": "Feature",
      "geometry": {
        "type": "Point",
        "coordinates": [
          140.689684,
          35.751499
        ]
      },
      "properties": {
        "NO": "32",
        "共通ID": "E1221500022111",
        "施設・場所名": "海上キャンプ場体育館",
        "住所": "千葉県旭市岩井1000",
        "指定緊急避難場所との住所同一": "1",
        "その他市町村長が必要と認める事項": null,
        "受入対象者": null,
        "備考": ""
      }
    },
    {
      "type": "Feature",
      "geometry": {
        "type": "Point",
        "coordinates": [
          140.656869,
          35.738883
        ]
      },
      "properties": {
        "NO": "33",
        "共通ID": "E1221500025111",
        "施設・場所名": "琴田小学校",
        "住所": "千葉県旭市琴田2864-1",
        "指定緊急避難場所との住所同一": "1",
        "その他市町村長が必要と認める事項": null,
        "受入対象者": null,
        "備考": ""
      }
    },
    {
      "type": "Feature",
      "geometry": {
        "type": "Point",
        "coordinates": [
          140.690945,
          35.732944
        ]
      },
      "properties": {
        "NO": "34",
        "共通ID": "E1221500029111",
        "施設・場所名": "海上公民館",
        "住所": "千葉県旭市高生1",
        "指定緊急避難場所との住所同一": "1",
        "その他市町村長が必要と認める事項": null,
        "受入対象者": null,
        "備考": ""
      }
    },
    {
      "type": "Feature",
      "geometry": {
        "type": "Point",
        "coordinates": [
          140.672632,
          35.734616
        ]
      },
      "properties": {
        "NO": "35",
        "共通ID": "E1221500030111",
        "施設・場所名": "嚶鳴小学校",
        "住所": "千葉県旭市高生3610",
        "指定緊急避難場所との住所同一": "1",
        "その他市町村長が必要と認める事項": null,
        "受入対象者": null,
        "備考": ""
      }
    },
    {
      "type": "Feature",
      "geometry": {
        "type": "Point",
        "coordinates": [
          140.689878,
          35.732634
        ]
      },
      "properties": {
        "NO": "36",
        "共通ID": "E1221500032111",
        "施設・場所名": "海上中学校",
        "住所": "千葉県旭市高生77",
        "指定緊急避難場所との住所同一": "1",
        "その他市町村長が必要と認める事項": null,
        "受入対象者": null,
        "備考": ""
      }
    },
    {
      "type": "Feature",
      "geometry": {
        "type": "Point",
        "coordinates": [
          140.702667,
          35.707143
        ]
      },
      "properties": {
        "NO": "37",
        "共通ID": "E1221500034111",
        "施設・場所名": "三川小学校",
        "住所": "千葉県旭市三川4643",
        "指定緊急避難場所との住所同一": "1",
        "その他市町村長が必要と認める事項": null,
        "受入対象者": null,
        "備考": ""
      }
    },
    {
      "type": "Feature",
      "geometry": {
        "type": "Point",
        "coordinates": [
          140.689821,
          35.705445
        ]
      },
      "properties": {
        "NO": "38",
        "共通ID": "E1221500036121",
        "施設・場所名": "特別養護老人ホーム東風荘",
        "住所": "千葉県旭市三川6301-6",
        "指定緊急避難場所との住所同一": "",
        "その他市町村長が必要と認める事項": null,
        "受入対象者": "要配慮者",
        "備考": ""
      }
    },
    {
      "type": "Feature",
      "geometry": {
        "type": "Point",
        "coordinates": [
          140.689821,
          35.705445
        ]
      },
      "properties": {
        "NO": "39",
        "共通ID": "E1221500036111",
        "施設・場所名": "特別養護老人ホーム東風荘",
        "住所": "千葉県旭市三川6301-6",
        "指定緊急避難場所との住所同一": "",
        "その他市町村長が必要と認める事項": null,
        "受入対象者": null,
        "備考": ""
      }
    },
    {
      "type": "Feature",
      "geometry": {
        "type": "Point",
        "coordinates": [
          140.704067,
          35.719046
        ]
      },
      "properties": {
        "NO": "40",
        "共通ID": "E1221500038111",
        "施設・場所名": "恵天堂特別養護老人ホーム",
        "住所": "千葉県旭市蛇園2532",
        "指定緊急避難場所との住所同一": "",
        "その他市町村長が必要と認める事項": null,
        "受入対象者": null,
        "備考": ""
      }
    },
    {
      "type": "Feature",
      "geometry": {
        "type": "Point",
        "coordinates": [
          140.704067,
          35.719046
        ]
      },
      "properties": {
        "NO": "41",
        "共通ID": "E1221500038121",
        "施設・場所名": "恵天堂特別養護老人ホーム",
        "住所": "千葉県旭市蛇園2532",
        "指定緊急避難場所との住所同一": "",
        "その他市町村長が必要と認める事項": null,
        "受入対象者": "要配慮者",
        "備考": ""
      }
    },
    {
      "type": "Feature",
      "geometry": {
        "type": "Point",
        "coordinates": [
          140.701177,
          35.737553
        ]
      },
      "properties": {
        "NO": "42",
        "共通ID": "E1221500040111",
        "施設・場所名": "鶴巻小学校",
        "住所": "千葉県旭市蛇園5533",
        "指定緊急避難場所との住所同一": "1",
        "その他市町村長が必要と認める事項": null,
        "受入対象者": null,
        "備考": ""
      }
    },
    {
      "type": "Feature",
      "geometry": {
        "type": "Point",
        "coordinates": [
          140.637761,
          35.742711
        ]
      },
      "properties": {
        "NO": "43",
        "共通ID": "E1221500043111",
        "施設・場所名": "共和小学校",
        "住所": "千葉県旭市新町771",
        "指定緊急避難場所との住所同一": "1",
        "その他市町村長が必要と認める事項": null,
        "受入対象者": null,
        "備考": ""
      }
    },
    {
      "type": "Feature",
      "geometry": {
        "type": "Point",
        "coordinates": [
          140.686563,
          35.761992
        ]
      },
      "properties": {
        "NO": "44",
        "共通ID": "E1221500047111",
        "施設・場所名": "滝郷小学校",
        "住所": "千葉県旭市清滝821",
        "指定緊急避難場所との住所同一": "1",
        "その他市町村長が必要と認める事項": null,
        "受入対象者": null,
        "備考": ""
      }
    },
    {
      "type": "Feature",
      "geometry": {
        "type": "Point",
        "coordinates": [
          140.617566,
          35.770439
        ]
      },
      "properties": {
        "NO": "45",
        "共通ID": "E1221500048121",
        "施設・場所名": "特別養護老人ホーム白寿園",
        "住所": "千葉県旭市清和乙20-1",
        "指定緊急避難場所との住所同一": "",
        "その他市町村長が必要と認める事項": null,
        "受入対象者": "要配慮者",
        "備考": ""
      }
    },
    {
      "type": "Feature",
      "geometry": {
        "type": "Point",
        "coordinates": [
          140.617566,
          35.770439
        ]
      },
      "properties": {
        "NO": "46",
        "共通ID": "E1221500048111",
        "施設・場所名": "特別養護老人ホーム白寿園",
        "住所": "千葉県旭市清和乙20-1",
        "指定緊急避難場所との住所同一": "",
        "その他市町村長が必要と認める事項": null,
        "受入対象者": null,
        "備考": ""
      }
    },
    {
      "type": "Feature",
      "geometry": {
        "type": "Point",
        "coordinates": [
          140.633281,
          35.695159
        ]
      },
      "properties": {
        "NO": "47",
        "共通ID": "E1221500053111",
        "施設・場所名": "富浦小学校",
        "住所": "千葉県旭市中谷里3383-2",
        "指定緊急避難場所との住所同一": "1",
        "その他市町村長が必要と認める事項": null,
        "受入対象者": null,
        "備考": ""
      }
    },
    {
      "type": "Feature",
      "geometry": {
        "type": "Point",
        "coordinates": [
          140.668526,
          35.702897
        ]
      },
      "properties": {
        "NO": "48",
        "共通ID": "E1221500055111",
        "施設・場所名": "矢指小学校",
        "住所": "千葉県旭市椎名内1278",
        "指定緊急避難場所との住所同一": "1",
        "その他市町村長が必要と認める事項": null,
        "受入対象者": null,
        "備考": ""
      }
    },
    {
      "type": "Feature",
      "geometry": {
        "type": "Point",
        "coordinates": [
          140.591863,
          35.759802
        ]
      },
      "properties": {
        "NO": "49",
        "共通ID": "E1221500057111",
        "施設・場所名": "古城小学校",
        "住所": "千葉県旭市鏑木2699",
        "指定緊急避難場所との住所同一": "1",
        "その他市町村長が必要と認める事項": null,
        "受入対象者": null,
        "備考": ""
      }
    },
    {
      "type": "Feature",
      "geometry": {
        "type": "Point",
        "coordinates": [
          140.618649,
          35.766352
        ]
      },
      "properties": {
        "NO": "50",
        "共通ID": "E1221500059111",
        "施設・場所名": "ひかた市民センター",
        "住所": "千葉県旭市南堀之内10",
        "指定緊急避難場所との住所同一": "1",
        "その他市町村長が必要と認める事項": "",
        "受入対象者": "",
        "備考": ""
      }
    },
    {
      "type": "Feature",
      "geometry": {
        "type": "Point",
        "coordinates": [
          140.624872,
          35.757325
        ]
      },
      "properties": {
        "NO": "51",
        "共通ID": "E1221500060111",
        "施設・場所名": "ふれあいセンター",
        "住所": "千葉県旭市入野1355-1",
        "指定緊急避難場所との住所同一": "1",
        "その他市町村長が必要と認める事項": null,
        "受入対象者": null,
        "備考": ""
      }
    },
    {
      "type": "Feature",
      "geometry": {
        "type": "Point",
        "coordinates": [
          140.620924,
          35.770902
        ]
      },
      "properties": {
        "NO": "52",
        "共通ID": "E1221500061111",
        "施設・場所名": "干潟中学校",
        "住所": "千葉県旭市入野2170",
        "指定緊急避難場所との住所同一": "1",
        "その他市町村長が必要と認める事項": null,
        "受入対象者": null,
        "備考": ""
      }
    },
    {
      "type": "Feature",
      "geometry": {
        "type": "Point",
        "coordinates": [
          140.731968,
          35.721598
        ]
      },
      "properties": {
        "NO": "53",
        "共通ID": "E1221500066111",
        "施設・場所名": "塙新町区民館",
        "住所": "千葉県旭市塙2745",
        "指定緊急避難場所との住所同一": "1",
        "その他市町村長が必要と認める事項": "",
        "受入対象者": "",
        "備考": ""
      }
    },
    {
      "type": "Feature",
      "geometry": {
        "type": "Point",
        "coordinates": [
          140.725584,
          35.700905
        ]
      },
      "properties": {
        "NO": "54",
        "共通ID": "E1221500067111",
        "施設・場所名": "飯岡小学校",
        "住所": "千葉県旭市飯岡2020-1",
        "指定緊急避難場所との住所同一": "1",
        "その他市町村長が必要と認める事項": null,
        "受入対象者": null,
        "備考": ""
      }
    },
    {
      "type": "Feature",
      "geometry": {
        "type": "Point",
        "coordinates": [
          140.682691,
          35.702468
        ]
      },
      "properties": {
        "NO": "55",
        "共通ID": "E1221500071111",
        "施設・場所名": "社会福祉法人ロザリオの聖母会",
        "住所": "千葉県旭市野中4017",
        "指定緊急避難場所との住所同一": "",
        "その他市町村長が必要と認める事項": null,
        "受入対象者": null,
        "備考": ""
      }
    },
    {
      "type": "Feature",
      "geometry": {
        "type": "Point",
        "coordinates": [
          140.682691,
          35.702468
        ]
      },
      "properties": {
        "NO": "56",
        "共通ID": "E1221500071121",
        "施設・場所名": "社会福祉法人ロザリオの聖母会",
        "住所": "千葉県旭市野中4017",
        "指定緊急避難場所との住所同一": "",
        "その他市町村長が必要と認める事項": null,
        "受入対象者": "要配慮者",
        "備考": ""
      }
    },
    {
      "type": "Feature",
      "geometry": {
        "type": "Point",
        "coordinates": [
          140.648221,
          35.780669
        ]
      },
      "properties": {
        "NO": "57",
        "共通ID": "E1221500072111",
        "施設・場所名": "萬歳地区多目的研修センター",
        "住所": "千葉県旭市櫻井123-1",
        "指定緊急避難場所との住所同一": "1",
        "その他市町村長が必要と認める事項": null,
        "受入対象者": null,
        "備考": ""
      }
    },
    {
      "type": "Feature",
      "geometry": {
        "type": "Point",
        "coordinates": [
          140.652878,
          35.774136
        ]
      },
      "properties": {
        "NO": "58",
        "共通ID": "E1221500079111",
        "施設・場所名": "萬歳小学校",
        "住所": "千葉県旭市萬歳惣堀番外1",
        "指定緊急避難場所との住所同一": "1",
        "その他市町村長が必要と認める事項": "",
        "受入対象者": "",
        "備考": ""
      }
    },
    {
      "type": "Feature",
      "geometry": {
        "type": "Point",
        "coordinates": [
          140.595191,
          35.748173
        ]
      },
      "properties": {
        "NO": "59",
        "共通ID": "E1221500075111",
        "施設・場所名": "コミュニティセンター",
        "住所": "千葉県旭市萬力2231",
        "指定緊急避難場所との住所同一": "1",
        "その他市町村長が必要と認める事項": null,
        "受入対象者": null,
        "備考": ""
      }
    },
    {
      "type": "Feature",
      "geometry": {
        "type": "Point",
        "coordinates": [
          140.368634,
          35.371969
        ]
      },
      "properties": {
        "NO": "60",
        "共通ID": "E1242100006111",
        "施設・場所名": "中央公民館",
        "住所": "千葉県一宮町一宮2460",
        "指定緊急避難場所との住所同一": "1",
        "その他市町村長が必要と認める事項": null,
        "受入対象者": null,
        "備考": ""
      }
    },
    {
      "type": "Feature",
      "geometry": {
        "type": "Point",
        "coordinates": [
          140.368548,
          35.372375
        ]
      },
      "properties": {
        "NO": "61",
        "共通ID": "E1242100007111",
        "施設・場所名": "保健センター",
        "住所": "千葉県一宮町一宮2461",
        "指定緊急避難場所との住所同一": "",
        "その他市町村長が必要と認める事項": null,
        "受入対象者": null,
        "備考": ""
      }
    },
    {
      "type": "Feature",
      "geometry": {
        "type": "Point",
        "coordinates": [
          140.368549,
          35.372395
        ]
      },
      "properties": {
        "NO": "62",
        "共通ID": "E1242100007121",
        "施設・場所名": "保健センター",
        "住所": "千葉県一宮町一宮2461",
        "指定緊急避難場所との住所同一": "",
        "その他市町村長が必要と認める事項": "",
        "受入対象者": "要配慮者",
        "備考": ""
      }
    },
    {
      "type": "Feature",
      "geometry": {
        "type": "Point",
        "coordinates": [
          140.361723,
          35.37362
        ]
      },
      "properties": {
        "NO": "63",
        "共通ID": "E1242100011111",
        "施設・場所名": "一宮小学校",
        "住所": "千葉県一宮町一宮3351",
        "指定緊急避難場所との住所同一": "1",
        "その他市町村長が必要と認める事項": null,
        "受入対象者": null,
        "備考": ""
      }
    },
    {
      "type": "Feature",
      "geometry": {
        "type": "Point",
        "coordinates": [
          140.361531,
          35.372828
        ]
      },
      "properties": {
        "NO": "64",
        "共通ID": "E1242100012111",
        "施設・場所名": "振武館",
        "住所": "千葉県一宮町一宮3404",
        "指定緊急避難場所との住所同一": "1",
        "その他市町村長が必要と認める事項": null,
        "受入対象者": null,
        "備考": ""
      }
    },
    {
      "type": "Feature",
      "geometry": {
        "type": "Point",
        "coordinates": [
          140.356168,
          35.375286
        ]
      },
      "properties": {
        "NO": "65",
        "共通ID": "E1242100013111",
        "施設・場所名": "一宮中学校",
        "住所": "千葉県一宮町一宮5052",
        "指定緊急避難場所との住所同一": "1",
        "その他市町村長が必要と認める事項": null,
        "受入対象者": null,
        "備考": ""
      }
    },
    {
      "type": "Feature",
      "geometry": {
        "type": "Point",
        "coordinates": [
          140.354664,
          35.373984
        ]
      },
      "properties": {
        "NO": "66",
        "共通ID": "E1242100014111",
        "施設・場所名": "ＧＳＳセンター",
        "住所": "千葉県一宮町一宮5072",
        "指定緊急避難場所との住所同一": "1",
        "その他市町村長が必要と認める事項": null,
        "受入対象者": null,
        "備考": ""
      }
    },
    {
      "type": "Feature",
      "geometry": {
        "type": "Point",
        "coordinates": [
          140.379527,
          35.348817
        ]
      },
      "properties": {
        "NO": "67",
        "共通ID": "E1242100021111",
        "施設・場所名": "東浪見小学校",
        "住所": "千葉県一宮町東浪見1516-2",
        "指定緊急避難場所との住所同一": "1",
        "その他市町村長が必要と認める事項": null,
        "受入対象者": null,
        "備考": ""
      }
    },
    {
      "type": "Feature",
      "geometry": {
        "type": "Point",
        "coordinates": [
          140.386879,
          35.359031
        ]
      },
      "properties": {
        "NO": "68",
        "共通ID": "E1242100032111",
        "施設・場所名": "長生特別支援学校",
        "住所": "千葉県一宮町東浪見6767-7",
        "指定緊急避難場所との住所同一": "",
        "その他市町村長が必要と認める事項": "",
        "受入対象者": "",
        "備考": ""
      }
    },
    {
      "type": "Feature",
      "geometry": {
        "type": "Point",
        "coordinates": [
          140.107896,
          35.824031
        ]
      },
      "properties": {
        "NO": "69",
        "共通ID": "E1223100003111",
        "施設・場所名": "高齢者就労支援センター（旧永治小学校）",
        "住所": "千葉県印西市浦部557",
        "指定緊急避難場所との住所同一": "",
        "その他市町村長が必要と認める事項": "",
        "受入対象者": "",
        "備考": ""
      }
    },
    {
      "type": "Feature",
      "geometry": {
        "type": "Point",
        "coordinates": [
          140.214517,
          35.826982
        ]
      },
      "properties": {
        "NO": "70",
        "共通ID": "E1223100004111",
        "施設・場所名": "旧本埜第二小学校",
        "住所": "千葉県印西市笠神1745",
        "指定緊急避難場所との住所同一": "",
        "その他市町村長が必要と認める事項": "",
        "受入対象者": "",
        "備考": ""
      }
    },
    {
      "type": "Feature",
      "geometry": {
        "type": "Point",
        "coordinates": [
          140.19907,
          35.816469
        ]
      },
      "properties": {
        "NO": "71",
        "共通ID": "E1223100005111",
        "施設・場所名": "本埜中学校",
        "住所": "千葉県印西市笠神250",
        "指定緊急避難場所との住所同一": "",
        "その他市町村長が必要と認める事項": "",
        "受入対象者": "",
        "備考": ""
      }
    },
    {
      "type": "Feature",
      "geometry": {
        "type": "Point",
        "coordinates": [
          140.168373,
          35.76354
        ]
      },
      "properties": {
        "NO": "72",
        "共通ID": "E1223100006111",
        "施設・場所名": "旧宗像小学校",
        "住所": "千葉県印西市岩戸1680",
        "指定緊急避難場所との住所同一": "",
        "その他市町村長が必要と認める事項": "",
        "受入対象者": "",
        "備考": ""
      }
    },
    {
      "type": "Feature",
      "geometry": {
        "type": "Point",
        "coordinates": [
          140.16353,
          35.799424
        ]
      },
      "properties": {
        "NO": "73",
        "共通ID": "E1223100009111",
        "施設・場所名": "原小学校",
        "住所": "千葉県印西市原3-5",
        "指定緊急避難場所との住所同一": "",
        "その他市町村長が必要と認める事項": "",
        "受入対象者": "",
        "備考": ""
      }
    },
    {
      "type": "Feature",
      "geometry": {
        "type": "Point",
        "coordinates": [
          140.127394,
          35.798841
        ]
      },
      "properties": {
        "NO": "74",
        "共通ID": "E1223100011111",
        "施設・場所名": "原山中学校",
        "住所": "千葉県印西市原山1-2",
        "指定緊急避難場所との住所同一": "",
        "その他市町村長が必要と認める事項": "",
        "受入対象者": "",
        "備考": ""
      }
    },
    {
      "type": "Feature",
      "geometry": {
        "type": "Point",
        "coordinates": [
          140.130699,
          35.799757
        ]
      },
      "properties": {
        "NO": "75",
        "共通ID": "E1223100012111",
        "施設・場所名": "原山小学校",
        "住所": "千葉県印西市原山3-4",
        "指定緊急避難場所との住所同一": "",
        "その他市町村長が必要と認める事項": "",
        "受入対象者": "",
        "備考": ""
      }
    },
    {
      "type": "Feature",
      "geometry": {
        "type": "Point",
        "coordinates": [
          140.13231,
          35.795508
        ]
      },
      "properties": {
        "NO": "76",
        "共通ID": "E1223100013111",
        "施設・場所名": "船穂中学校",
        "住所": "千葉県印西市高花1-3",
        "指定緊急避難場所との住所同一": "",
        "その他市町村長が必要と認める事項": "",
        "受入対象者": "",
        "備考": ""
      }
    },
    {
      "type": "Feature",
      "geometry": {
        "type": "Point",
        "coordinates": [
          140.138588,
          35.797147
        ]
      },
      "properties": {
        "NO": "77",
        "共通ID": "E1223100014111",
        "施設・場所名": "高花小学校",
        "住所": "千葉県印西市高花2-4",
        "指定緊急避難場所との住所同一": "",
        "その他市町村長が必要と認める事項": "",
        "受入対象者": "",
        "備考": ""
      }
    },
    {
      "type": "Feature",
      "geometry": {
        "type": "Point",
        "coordinates": [
          140.207573,
          35.789896
        ]
      },
      "properties": {
        "NO": "78",
        "共通ID": "E1223100016111",
        "施設・場所名": "いには野小学校",
        "住所": "千葉県印西市若萩3-9",
        "指定緊急避難場所との住所同一": "",
        "その他市町村長が必要と認める事項": "",
        "受入対象者": "",
        "備考": ""
      }
    },
    {
      "type": "Feature",
      "geometry": {
        "type": "Point",
        "coordinates": [
          140.109868,
          35.804256
        ]
      },
      "properties": {
        "NO": "79",
        "共通ID": "E1223100019111",
        "施設・場所名": "小倉台小学校",
        "住所": "千葉県印西市小倉台2-3",
        "指定緊急避難場所との住所同一": "",
        "その他市町村長が必要と認める事項": "",
        "受入対象者": "",
        "備考": ""
      }
    },
    {
      "type": "Feature",
      "geometry": {
        "type": "Point",
        "coordinates": [
          140.187473,
          35.831504
        ]
      },
      "properties": {
        "NO": "80",
        "共通ID": "E1223100020111",
        "施設・場所名": "小林小学校",
        "住所": "千葉県印西市小林2448-2",
        "指定緊急避難場所との住所同一": "",
        "その他市町村長が必要と認める事項": "",
        "受入対象者": "",
        "備考": ""
      }
    },
    {
      "type": "Feature",
      "geometry": {
        "type": "Point",
        "coordinates": [
          140.186807,
          35.82345
        ]
      },
      "properties": {
        "NO": "81",
        "共通ID": "E1223100022111",
        "施設・場所名": "小林中学校",
        "住所": "千葉県印西市小林大門下1-4-1",
        "指定緊急避難場所との住所同一": "",
        "その他市町村長が必要と認める事項": "",
        "受入対象者": "",
        "備考": ""
      }
    },
    {
      "type": "Feature",
      "geometry": {
        "type": "Point",
        "coordinates": [
          140.198528,
          35.831616
        ]
      },
      "properties": {
        "NO": "82",
        "共通ID": "E1223100023111",
        "施設・場所名": "小林北小学校",
        "住所": "千葉県印西市小林北5-1-5",
        "指定緊急避難場所との住所同一": "",
        "その他市町村長が必要と認める事項": "",
        "受入対象者": "",
        "備考": ""
      }
    },
    {
      "type": "Feature",
      "geometry": {
        "type": "Point",
        "coordinates": [
          140.227711,
          35.77766
        ]
      },
      "properties": {
        "NO": "83",
        "共通ID": "E1223100026111",
        "施設・場所名": "六合小学校",
        "住所": "千葉県印西市瀬戸1580",
        "指定緊急避難場所との住所同一": "",
        "その他市町村長が必要と認める事項": "",
        "受入対象者": "",
        "備考": ""
      }
    },
    {
      "type": "Feature",
      "geometry": {
        "type": "Point",
        "coordinates": [
          140.156336,
          35.803146
        ]
      },
      "properties": {
        "NO": "84",
        "共通ID": "E1223100027111",
        "施設・場所名": "西の原中学校",
        "住所": "千葉県印西市西の原1-3",
        "指定緊急避難場所との住所同一": "",
        "その他市町村長が必要と認める事項": "",
        "受入対象者": "",
        "備考": ""
      }
    },
    {
      "type": "Feature",
      "geometry": {
        "type": "Point",
        "coordinates": [
          140.152226,
          35.800063
        ]
      },
      "properties": {
        "NO": "85",
        "共通ID": "E1223100029111",
        "施設・場所名": "西の原小学校",
        "住所": "千葉県印西市西の原2-7",
        "指定緊急避難場所との住所同一": "",
        "その他市町村長が必要と認める事項": "",
        "受入対象者": "",
        "備考": ""
      }
    },
    {
      "type": "Feature",
      "geometry": {
        "type": "Point",
        "coordinates": [
          140.12881,
          35.783704
        ]
      },
      "properties": {
        "NO": "86",
        "共通ID": "E1223100031111",
        "施設・場所名": "船穂小学校",
        "住所": "千葉県印西市船尾1292",
        "指定緊急避難場所との住所同一": "",
        "その他市町村長が必要と認める事項": "",
        "受入対象者": "",
        "備考": ""
      }
    },
    {
      "type": "Feature",
      "geometry": {
        "type": "Point",
        "coordinates": [
          140.150815,
          35.795648
        ]
      },
      "properties": {
        "NO": "87",
        "共通ID": "E1223100032111",
        "施設・場所名": "そうふけふれあいの里",
        "住所": "千葉県印西市草深924",
        "指定緊急避難場所との住所同一": "",
        "その他市町村長が必要と認める事項": "",
        "受入対象者": "",
        "備考": ""
      }
    },
    {
      "type": "Feature",
      "geometry": {
        "type": "Point",
        "coordinates": [
          140.14731,
          35.828199
        ]
      },
      "properties": {
        "NO": "88",
        "共通ID": "E1223100033111",
        "施設・場所名": "印西中学校",
        "住所": "千葉県印西市大森2244",
        "指定緊急避難場所との住所同一": "",
        "その他市町村長が必要と認める事項": "",
        "受入対象者": "",
        "備考": ""
      }
    },
    {
      "type": "Feature",
      "geometry": {
        "type": "Point",
        "coordinates": [
          140.140783,
          35.836444
        ]
      },
      "properties": {
        "NO": "89",
        "共通ID": "E1223100034111",
        "施設・場所名": "大森小学校",
        "住所": "千葉県印西市大森3350",
        "指定緊急避難場所との住所同一": "",
        "その他市町村長が必要と認める事項": "",
        "受入対象者": "",
        "備考": ""
      }
    },
    {
      "type": "Feature",
      "geometry": {
        "type": "Point",
        "coordinates": [
          140.175922,
          35.808534
        ]
      },
      "properties": {
        "NO": "90",
        "共通ID": "E1223100036111",
        "施設・場所名": "滝野小学校",
        "住所": "千葉県印西市滝野5-1",
        "指定緊急避難場所との住所同一": "",
        "その他市町村長が必要と認める事項": "",
        "受入対象者": "",
        "備考": ""
      }
    },
    {
      "type": "Feature",
      "geometry": {
        "type": "Point",
        "coordinates": [
          140.17511,
          35.808143
        ]
      },
      "properties": {
        "NO": "91",
        "共通ID": "E1223100037111",
        "施設・場所名": "滝野中学校",
        "住所": "千葉県印西市滝野5-2",
        "指定緊急避難場所との住所同一": "",
        "その他市町村長が必要と認める事項": "",
        "受入対象者": "",
        "備考": ""
      }
    },
    {
      "type": "Feature",
      "geometry": {
        "type": "Point",
        "coordinates": [
          140.195409,
          35.806879
        ]
      },
      "properties": {
        "NO": "92",
        "共通ID": "E1223100038111",
        "施設・場所名": "本埜小学校",
        "住所": "千葉県印西市中根1281-2",
        "指定緊急避難場所との住所同一": "",
        "その他市町村長が必要と認める事項": "",
        "受入対象者": "",
        "備考": ""
      }
    },
    {
      "type": "Feature",
      "geometry": {
        "type": "Point",
        "coordinates": [
          140.125283,
          35.797924
        ]
      },
      "properties": {
        "NO": "93",
        "共通ID": "E1223100041111",
        "施設・場所名": "内野小学校",
        "住所": "千葉県印西市内野1-1",
        "指定緊急避難場所との住所同一": "",
        "その他市町村長が必要と認める事項": "",
        "受入対象者": "",
        "備考": ""
      }
    },
    {
      "type": "Feature",
      "geometry": {
        "type": "Point",
        "coordinates": [
          140.205032,
          35.785261
        ]
      },
      "properties": {
        "NO": "94",
        "共通ID": "E1223100044111",
        "施設・場所名": "印旛中学校",
        "住所": "千葉県印西市舞姫2-1-1",
        "指定緊急避難場所との住所同一": "",
        "その他市町村長が必要と認める事項": "",
        "受入対象者": "",
        "備考": ""
      }
    },
    {
      "type": "Feature",
      "geometry": {
        "type": "Point",
        "coordinates": [
          140.170712,
          35.826956
        ]
      },
      "properties": {
        "NO": "95",
        "共通ID": "E1223100046111",
        "施設・場所名": "平岡自然の家",
        "住所": "千葉県印西市平岡1554",
        "指定緊急避難場所との住所同一": "",
        "その他市町村長が必要と認める事項": "",
        "受入対象者": "",
        "備考": ""
      }
    },
    {
      "type": "Feature",
      "geometry": {
        "type": "Point",
        "coordinates": [
          140.247027,
          35.755084
        ]
      },
      "properties": {
        "NO": "96",
        "共通ID": "E1223100047111",
        "施設・場所名": "平賀小学校",
        "住所": "千葉県印西市平賀1161-2",
        "指定緊急避難場所との住所同一": "",
        "その他市町村長が必要と認める事項": "",
        "受入対象者": "",
        "備考": ""
      }
    },
    {
      "type": "Feature",
      "geometry": {
        "type": "Point",
        "coordinates": [
          140.160741,
          35.81211
        ]
      },
      "properties": {
        "NO": "97",
        "共通ID": "E1223100048111",
        "施設・場所名": "牧の原小学校",
        "住所": "千葉県印西市牧の原3-1-1",
        "指定緊急避難場所との住所同一": "",
        "その他市町村長が必要と認める事項": "",
        "受入対象者": "",
        "備考": ""
      }
    },
    {
      "type": "Feature",
      "geometry": {
        "type": "Point",
        "coordinates": [
          140.154392,
          35.839335
        ]
      },
      "properties": {
        "NO": "98",
        "共通ID": "E1223100051111",
        "施設・場所名": "木下小学校",
        "住所": "千葉県印西市木下1502",
        "指定緊急避難場所との住所同一": "",
        "その他市町村長が必要と認める事項": "",
        "受入対象者": "",
        "備考": ""
      }
    },
    {
      "type": "Feature",
      "geometry": {
        "type": "Point",
        "coordinates": [
          140.110369,
          35.807423
        ]
      },
      "properties": {
        "NO": "99",
        "共通ID": "E1223100053111",
        "施設・場所名": "木刈中学校",
        "住所": "千葉県印西市木刈2-1",
        "指定緊急避難場所との住所同一": "",
        "その他市町村長が必要と認める事項": "",
        "受入対象者": "",
        "備考": ""
      }
    },
    {
      "type": "Feature",
      "geometry": {
        "type": "Point",
        "coordinates": [
          140.106758,
          35.810616
        ]
      },
      "properties": {
        "NO": "100",
        "共通ID": "E1223100054111",
        "施設・場所名": "木刈小学校",
        "住所": "千葉県印西市木刈2-6",
        "指定緊急避難場所との住所同一": "",
        "その他市町村長が必要と認める事項": "",
        "受入対象者": "",
        "備考": ""
      }
    },
    {
      "type": "Feature",
      "geometry": {
        "type": "Point",
        "coordinates": [
          139.903091,
          35.652855
        ]
      },
      "properties": {
        "NO": "101",
        "共通ID": "E1222700002122",
        "施設・場所名": "日中一時支援事業所　とも",
        "住所": "千葉県浦安市海楽1-3-9",
        "指定緊急避難場所との住所同一": "",
        "その他市町村長が必要と認める事項": "",
        "受入対象者": "要配慮者",
        "備考": ""
      }
    },
    {
      "type": "Feature",
      "geometry": {
        "type": "Point",
        "coordinates": [
          139.907053,
          35.66154
        ]
      },
      "properties": {
        "NO": "102",
        "共通ID": "E1222700005111",
        "施設・場所名": "浦安中学校",
        "住所": "千葉県浦安市海楽2-36-1",
        "指定緊急避難場所との住所同一": "1",
        "その他市町村長が必要と認める事項": "",
        "受入対象者": "",
        "備考": ""
      }
    },
    {
      "type": "Feature",
      "geometry": {
        "type": "Point",
        "coordinates": [
          139.908119,
          35.66074
        ]
      },
      "properties": {
        "NO": "103",
        "共通ID": "E1222700006111",
        "施設・場所名": "千葉県立浦安高等学校",
        "住所": "千葉県浦安市海楽2-36-2",
        "指定緊急避難場所との住所同一": "",
        "その他市町村長が必要と認める事項": null,
        "受入対象者": null,
        "備考": ""
      }
    },
    {
      "type": "Feature",
      "geometry": {
        "type": "Point",
        "coordinates": [
          139.913089,
          35.639582
        ]
      },
      "properties": {
        "NO": "104",
        "共通ID": "E1222700007111",
        "施設・場所名": "東京学館浦安高等学校",
        "住所": "千葉県浦安市高洲1-23-1",
        "指定緊急避難場所との住所同一": "",
        "その他市町村長が必要と認める事項": "",
        "受入対象者": "",
        "備考": ""
      }
    },
    {
      "type": "Feature",
      "geometry": {
        "type": "Point",
        "coordinates": [
          139.911171,
          35.63923
        ]
      },
      "properties": {
        "NO": "105",
        "共通ID": "E1222700008111",
        "施設・場所名": "高洲北小学校",
        "住所": "千葉県浦安市高洲2-2-1",
        "指定緊急避難場所との住所同一": "1",
        "その他市町村長が必要と認める事項": "",
        "受入対象者": "",
        "備考": ""
      }
    },
    {
      "type": "Feature",
      "geometry": {
        "type": "Point",
        "coordinates": [
          139.909111,
          35.636328
        ]
      },
      "properties": {
        "NO": "106",
        "共通ID": "E1222700009111",
        "施設・場所名": "順天堂大学医療看護学部浦安キャンパス",
        "住所": "千葉県浦安市高洲2-5-1",
        "指定緊急避難場所との住所同一": "",
        "その他市町村長が必要と認める事項": null,
        "受入対象者": null,
        "備考": ""
      }
    },
    {
      "type": "Feature",
      "geometry": {
        "type": "Point",
        "coordinates": [
          139.912383,
          35.635854
        ]
      },
      "properties": {
        "NO": "107",
        "共通ID": "E1222700011122",
        "施設・場所名": "タント・リーブス",
        "住所": "千葉県浦安市高洲3-15-22",
        "指定緊急避難場所との住所同一": "",
        "その他市町村長が必要と認める事項": null,
        "受入対象者": "要配慮者",
        "備考": ""
      }
    },
    {
      "type": "Feature",
      "geometry": {
        "type": "Point",
        "coordinates": [
          139.917107,
          35.635708
        ]
      },
      "properties": {
        "NO": "108",
        "共通ID": "E1222700013111",
        "施設・場所名": "高洲小学校",
        "住所": "千葉県浦安市高洲4-2-1",
        "指定緊急避難場所との住所同一": "1",
        "その他市町村長が必要と認める事項": "",
        "受入対象者": "",
        "備考": ""
      }
    },
    {
      "type": "Feature",
      "geometry": {
        "type": "Point",
        "coordinates": [
          139.9176,
          35.636597
        ]
      },
      "properties": {
        "NO": "109",
        "共通ID": "E1222700014121",
        "施設・場所名": "高洲公民館",
        "住所": "千葉県浦安市高洲5-3-2",
        "指定緊急避難場所との住所同一": "",
        "その他市町村長が必要と認める事項": null,
        "受入対象者": "要配慮者",
        "備考": ""
      }
    },
    {
      "type": "Feature",
      "geometry": {
        "type": "Point",
        "coordinates": [
          139.916669,
          35.632857
        ]
      },
      "properties": {
        "NO": "110",
        "共通ID": "E1222700015111",
        "施設・場所名": "高洲中学校",
        "住所": "千葉県浦安市高洲7-3-1",
        "指定緊急避難場所との住所同一": "1",
        "その他市町村長が必要と認める事項": "",
        "受入対象者": "",
        "備考": ""
      }
    },
    {
      "type": "Feature",
      "geometry": {
        "type": "Point",
        "coordinates": [
          139.919472,
          35.631027
        ]
      },
      "properties": {
        "NO": "111",
        "共通ID": "E1222700016121",
        "施設・場所名": "浦安市特別養護老人ホーム",
        "住所": "千葉県浦安市高洲9-3-1",
        "指定緊急避難場所との住所同一": "",
        "その他市町村長が必要と認める事項": null,
        "受入対象者": "要配慮者",
        "備考": ""
      }
    },
    {
      "type": "Feature",
      "geometry": {
        "type": "Point",
        "coordinates": [
          139.918946,
          35.631456
        ]
      },
      "properties": {
        "NO": "112",
        "共通ID": "E1222700017121",
        "施設・場所名": "特別養護老人ホーム浦安愛光園",
        "住所": "千葉県浦安市高洲9-3-2",
        "指定緊急避難場所との住所同一": "",
        "その他市町村長が必要と認める事項": "",
        "受入対象者": "要配慮者",
        "備考": ""
      }
    },
    {
      "type": "Feature",
      "geometry": {
        "type": "Point",
        "coordinates": [
          139.916641,
          35.630016
        ]
      },
      "properties": {
        "NO": "113",
        "共通ID": "E1222700018111",
        "施設・場所名": "千葉県立浦安南高等学校",
        "住所": "千葉県浦安市高洲9-4-1",
        "指定緊急避難場所との住所同一": "",
        "その他市町村長が必要と認める事項": "",
        "受入対象者": "",
        "備考": ""
      }
    },
    {
      "type": "Feature",
      "geometry": {
        "type": "Point",
        "coordinates": [
          139.906161,
          35.642972
        ]
      },
      "properties": {
        "NO": "114",
        "共通ID": "E1222700019121",
        "施設・場所名": "タオ本部",
        "住所": "千葉県浦安市今川1-12-20",
        "指定緊急避難場所との住所同一": "",
        "その他市町村長が必要と認める事項": "",
        "受入対象者": "要配慮者",
        "備考": ""
      }
    },
    {
      "type": "Feature",
      "geometry": {
        "type": "Point",
        "coordinates": [
          139.905556,
          35.643835
        ]
      },
      "properties": {
        "NO": "115",
        "共通ID": "E1222700020121",
        "施設・場所名": "パーソナル・アシスタンスとも本部",
        "住所": "千葉県浦安市今川1-14-52",
        "指定緊急避難場所との住所同一": "",
        "その他市町村長が必要と認める事項": "",
        "受入対象者": "要配慮者",
        "備考": ""
      }
    },
    {
      "type": "Feature",
      "geometry": {
        "type": "Point",
        "coordinates": [
          139.897916,
          35.617932
        ]
      },
      "properties": {
        "NO": "116",
        "共通ID": "E1222700025121",
        "施設・場所名": "ワークステーション",
        "住所": "千葉県浦安市千鳥15-5",
        "指定緊急避難場所との住所同一": "",
        "その他市町村長が必要と認める事項": null,
        "受入対象者": "要配慮者",
        "備考": ""
      }
    },
    {
      "type": "Feature",
      "geometry": {
        "type": "Point",
        "coordinates": [
          139.899254,
          35.6519
        ]
      },
      "properties": {
        "NO": "117",
        "共通ID": "E1222700026121",
        "施設・場所名": "こころとことばの教室こっこ　東野校",
        "住所": "千葉県浦安市東野1-4-16",
        "指定緊急避難場所との住所同一": "",
        "その他市町村長が必要と認める事項": "",
        "受入対象者": "要配慮者",
        "備考": ""
      }
    },
    {
      "type": "Feature",
      "geometry": {
        "type": "Point",
        "coordinates": [
          139.900737,
          35.650438
        ]
      },
      "properties": {
        "NO": "118",
        "共通ID": "E1222700027121",
        "施設・場所名": "総合福祉センター",
        "住所": "千葉県浦安市東野1-7-1",
        "指定緊急避難場所との住所同一": "",
        "その他市町村長が必要と認める事項": null,
        "受入対象者": "要配慮者",
        "備考": ""
      }
    },
    {
      "type": "Feature",
      "geometry": {
        "type": "Point",
        "coordinates": [
          139.901474,
          35.651055
        ]
      },
      "properties": {
        "NO": "119",
        "共通ID": "E1222700028111",
        "施設・場所名": "東野小学校",
        "住所": "千葉県浦安市東野1-7-3",
        "指定緊急避難場所との住所同一": "1",
        "その他市町村長が必要と認める事項": "",
        "受入対象者": "",
        "備考": ""
      }
    },
    {
      "type": "Feature",
      "geometry": {
        "type": "Point",
        "coordinates": [
          139.90237,
          35.650862
        ]
      },
      "properties": {
        "NO": "120",
        "共通ID": "E1222700029121",
        "施設・場所名": "東野まある",
        "住所": "千葉県浦安市東野1-7-5",
        "指定緊急避難場所との住所同一": "",
        "その他市町村長が必要と認める事項": "",
        "受入対象者": "要配慮者",
        "備考": ""
      }
    },
    {
      "type": "Feature",
      "geometry": {
        "type": "Point",
        "coordinates": [
          139.902573,
          35.650997
        ]
      },
      "properties": {
        "NO": "121",
        "共通ID": "E1222700030123",
        "施設・場所名": "障がい者福祉センター",
        "住所": "千葉県浦安市東野1-8-2",
        "指定緊急避難場所との住所同一": "",
        "その他市町村長が必要と認める事項": "",
        "受入対象者": "要配慮者",
        "備考": ""
      }
    },
    {
      "type": "Feature",
      "geometry": {
        "type": "Point",
        "coordinates": [
          139.901209,
          35.649854
        ]
      },
      "properties": {
        "NO": "122",
        "共通ID": "E1222700030121",
        "施設・場所名": "障がい者等一時ケアセンター",
        "住所": "千葉県浦安市東野1-8-2",
        "指定緊急避難場所との住所同一": "",
        "その他市町村長が必要と認める事項": null,
        "受入対象者": "要配慮者",
        "備考": ""
      }
    },
    {
      "type": "Feature",
      "geometry": {
        "type": "Point",
        "coordinates": [
          139.900753,
          35.64922
        ]
      },
      "properties": {
        "NO": "123",
        "共通ID": "E1222700031121",
        "施設・場所名": "東野地区複合福祉施設（東野パティオ）居住棟",
        "住所": "千葉県浦安市東野1-8-3",
        "指定緊急避難場所との住所同一": "",
        "その他市町村長が必要と認める事項": null,
        "受入対象者": "要配慮者",
        "備考": ""
      }
    },
    {
      "type": "Feature",
      "geometry": {
        "type": "Point",
        "coordinates": [
          139.899902,
          35.649769
        ]
      },
      "properties": {
        "NO": "124",
        "共通ID": "E1222700032121",
        "施設・場所名": "老人福祉センター",
        "住所": "千葉県浦安市東野1-9-1",
        "指定緊急避難場所との住所同一": "",
        "その他市町村長が必要と認める事項": null,
        "受入対象者": "要配慮者",
        "備考": ""
      }
    },
    {
      "type": "Feature",
      "geometry": {
        "type": "Point",
        "coordinates": [
          139.900442,
          35.649806
        ]
      },
      "properties": {
        "NO": "125",
        "共通ID": "E1222700033121",
        "施設・場所名": "東野地区複合福祉施設（東野パティオ）通所棟",
        "住所": "千葉県浦安市東野1-9-3",
        "指定緊急避難場所との住所同一": "",
        "その他市町村長が必要と認める事項": null,
        "受入対象者": "要配慮者",
        "備考": ""
      }
    },
    {
      "type": "Feature",
      "geometry": {
        "type": "Point",
        "coordinates": [
          139.892505,
          35.64503
        ]
      },
      "properties": {
        "NO": "126",
        "共通ID": "E1222700034111",
        "施設・場所名": "東海大学付属浦安高等学校東海大学付属浦安高等学校中等部",
        "住所": "千葉県浦安市東野3-11-1",
        "指定緊急避難場所との住所同一": "",
        "その他市町村長が必要と認める事項": null,
        "受入対象者": null,
        "備考": ""
      }
    },
    {
      "type": "Feature",
      "geometry": {
        "type": "Point",
        "coordinates": [
          139.890164,
          35.667438
        ]
      },
      "properties": {
        "NO": "127",
        "共通ID": "E1222700035121",
        "施設・場所名": "こころとことばの教室こっこ浦安駅前校",
        "住所": "千葉県浦安市当代島1-9-25",
        "指定緊急避難場所との住所同一": "",
        "その他市町村長が必要と認める事項": null,
        "受入対象者": "要配慮者",
        "備考": ""
      }
    },
    {
      "type": "Feature",
      "geometry": {
        "type": "Point",
        "coordinates": [
          139.890043,
          35.669594
        ]
      },
      "properties": {
        "NO": "128",
        "共通ID": "E1222700036121",
        "施設・場所名": "あいらんど",
        "住所": "千葉県浦安市当代島2-13-25",
        "指定緊急避難場所との住所同一": "",
        "その他市町村長が必要と認める事項": "",
        "受入対象者": "要配慮者",
        "備考": ""
      }
    },
    {
      "type": "Feature",
      "geometry": {
        "type": "Point",
        "coordinates": [
          139.890128,
          35.670093
        ]
      },
      "properties": {
        "NO": "129",
        "共通ID": "E1222700037111",
        "施設・場所名": "当代島公民館",
        "住所": "千葉県浦安市当代島2-14-1",
        "指定緊急避難場所との住所同一": "",
        "その他市町村長が必要と認める事項": "",
        "受入対象者": "",
        "備考": ""
      }
    },
    {
      "type": "Feature",
      "geometry": {
        "type": "Point",
        "coordinates": [
          139.890096,
          35.669981
        ]
      },
      "properties": {
        "NO": "130",
        "共通ID": "E1222700037121",
        "施設・場所名": "当代島公民館",
        "住所": "千葉県浦安市当代島2-14-1",
        "指定緊急避難場所との住所同一": "",
        "その他市町村長が必要と認める事項": null,
        "受入対象者": "要配慮者",
        "備考": ""
      }
    },
    {
      "type": "Feature",
      "geometry": {
        "type": "Point",
        "coordinates": [
          139.889802,
          35.670337
        ]
      },
      "properties": {
        "NO": "131",
        "共通ID": "E1222700038121",
        "施設・場所名": "特別養護老人ホームうらやす和楽苑",
        "住所": "千葉県浦安市当代島2-14-2",
        "指定緊急避難場所との住所同一": "",
        "その他市町村長が必要と認める事項": "",
        "受入対象者": "要配慮者",
        "備考": ""
      }
    },
    {
      "type": "Feature",
      "geometry": {
        "type": "Point",
        "coordinates": [
          139.892422,
          35.672018
        ]
      },
      "properties": {
        "NO": "132",
        "共通ID": "E1222700039121",
        "施設・場所名": "特別養護老人ホームしずか荘",
        "住所": "千葉県浦安市当代島3-10-35",
        "指定緊急避難場所との住所同一": "",
        "その他市町村長が必要と認める事項": null,
        "受入対象者": "要配慮者",
        "備考": ""
      }
    },
    {
      "type": "Feature",
      "geometry": {
        "type": "Point",
        "coordinates": [
          139.920733,
          35.642658
        ]
      },
      "properties": {
        "NO": "133",
        "共通ID": "E1222700095121",
        "施設・場所名": "マリーナ",
        "住所": "千葉県浦安市日の出1-3-3-103",
        "指定緊急避難場所との住所同一": "",
        "その他市町村長が必要と認める事項": "",
        "受入対象者": "要配慮者",
        "備考": ""
      }
    },
    {
      "type": "Feature",
      "geometry": {
        "type": "Point",
        "coordinates": [
          139.923019,
          35.650589
        ]
      },
      "properties": {
        "NO": "134",
        "共通ID": "E1222700040111",
        "施設・場所名": "法務省浦安総合センター",
        "住所": "千葉県浦安市日の出2-1-16",
        "指定緊急避難場所との住所同一": "",
        "その他市町村長が必要と認める事項": "",
        "受入対象者": "",
        "備考": ""
      }
    },
    {
      "type": "Feature",
      "geometry": {
        "type": "Point",
        "coordinates": [
          139.925878,
          35.64738
        ]
      },
      "properties": {
        "NO": "135",
        "共通ID": "E1222700041111",
        "施設・場所名": "日の出小学校",
        "住所": "千葉県浦安市日の出3-1-1",
        "指定緊急避難場所との住所同一": "1",
        "その他市町村長が必要と認める事項": "",
        "受入対象者": "",
        "備考": ""
      }
    },
    {
      "type": "Feature",
      "geometry": {
        "type": "Point",
        "coordinates": [
          139.926679,
          35.646405
        ]
      },
      "properties": {
        "NO": "136",
        "共通ID": "E1222700042111",
        "施設・場所名": "日の出中学校",
        "住所": "千葉県浦安市日の出3-1-2",
        "指定緊急避難場所との住所同一": "1",
        "その他市町村長が必要と認める事項": "",
        "受入対象者": "",
        "備考": ""
      }
    },
    {
      "type": "Feature",
      "geometry": {
        "type": "Point",
        "coordinates": [
          139.923779,
          35.644134
        ]
      },
      "properties": {
        "NO": "137",
        "共通ID": "E1222700044121",
        "施設・場所名": "日の出公民館",
        "住所": "千葉県浦安市日の出4-1-1",
        "指定緊急避難場所との住所同一": "",
        "その他市町村長が必要と認める事項": null,
        "受入対象者": "要配慮者",
        "備考": ""
      }
    },
    {
      "type": "Feature",
      "geometry": {
        "type": "Point",
        "coordinates": [
          139.929281,
          35.642616
        ]
      },
      "properties": {
        "NO": "138",
        "共通ID": "E1222700046111",
        "施設・場所名": "日の出南小学校",
        "住所": "千葉県浦安市日の出5-4-4",
        "指定緊急避難場所との住所同一": "1",
        "その他市町村長が必要と認める事項": "",
        "受入対象者": "",
        "備考": ""
      }
    },
    {
      "type": "Feature",
      "geometry": {
        "type": "Point",
        "coordinates": [
          139.93103,
          35.643864
        ]
      },
      "properties": {
        "NO": "139",
        "共通ID": "E1222700089111",
        "施設・場所名": "順天堂大学浦安日の出キャンパス",
        "住所": "千葉県浦安市日の出6-8-1",
        "指定緊急避難場所との住所同一": "",
        "その他市町村長が必要と認める事項": null,
        "受入対象者": null,
        "備考": ""
      }
    },
    {
      "type": "Feature",
      "geometry": {
        "type": "Point",
        "coordinates": [
          139.912695,
          35.64556
        ]
      },
      "properties": {
        "NO": "140",
        "共通ID": "E1222700047111",
        "施設・場所名": "入船小学校",
        "住所": "千葉県浦安市入船3-66-1",
        "指定緊急避難場所との住所同一": "1",
        "その他市町村長が必要と認める事項": "",
        "受入対象者": "",
        "備考": ""
      }
    },
    {
      "type": "Feature",
      "geometry": {
        "type": "Point",
        "coordinates": [
          139.913907,
          35.64474
        ]
      },
      "properties": {
        "NO": "141",
        "共通ID": "E1222700048111",
        "施設・場所名": "入船中学校",
        "住所": "千葉県浦安市入船3-66-3",
        "指定緊急避難場所との住所同一": "1",
        "その他市町村長が必要と認める事項": "",
        "受入対象者": "",
        "備考": ""
      }
    },
    {
      "type": "Feature",
      "geometry": {
        "type": "Point",
        "coordinates": [
          139.919414,
          35.653979
        ]
      },
      "properties": {
        "NO": "142",
        "共通ID": "E1222700049111",
        "施設・場所名": "まちづくり活動プラザ",
        "住所": "千葉県浦安市入船5-45-1",
        "指定緊急避難場所との住所同一": "1",
        "その他市町村長が必要と認める事項": "",
        "受入対象者": "",
        "備考": ""
      }
    },
    {
      "type": "Feature",
      "geometry": {
        "type": "Point",
        "coordinates": [
          139.902519,
          35.656379
        ]
      },
      "properties": {
        "NO": "143",
        "共通ID": "E1222700051111",
        "施設・場所名": "東小学校",
        "住所": "千葉県浦安市猫実1-11-1",
        "指定緊急避難場所との住所同一": "1",
        "その他市町村長が必要と認める事項": "",
        "受入対象者": "",
        "備考": ""
      }
    },
    {
      "type": "Feature",
      "geometry": {
        "type": "Point",
        "coordinates": [
          139.893284,
          35.663469
        ]
      },
      "properties": {
        "NO": "144",
        "共通ID": "E1222700053121",
        "施設・場所名": "中央公民館",
        "住所": "千葉県浦安市猫実4-18-1",
        "指定緊急避難場所との住所同一": "",
        "その他市町村長が必要と認める事項": null,
        "受入対象者": "要配慮者",
        "備考": ""
      }
    },
    {
      "type": "Feature",
      "geometry": {
        "type": "Point",
        "coordinates": [
          139.894775,
          35.664536
        ]
      },
      "properties": {
        "NO": "145",
        "共通ID": "E1222700092122",
        "施設・場所名": "こころとことばの教室こっこ",
        "住所": "千葉県浦安市猫実4-6-26-401",
        "指定緊急避難場所との住所同一": "",
        "その他市町村長が必要と認める事項": "",
        "受入対象者": "要配慮者",
        "備考": ""
      }
    },
    {
      "type": "Feature",
      "geometry": {
        "type": "Point",
        "coordinates": [
          139.894207,
          35.66371
        ]
      },
      "properties": {
        "NO": "146",
        "共通ID": "E1222700054111",
        "施設・場所名": "浦安小学校",
        "住所": "千葉県浦安市猫実4-9-1",
        "指定緊急避難場所との住所同一": "1",
        "その他市町村長が必要と認める事項": "",
        "受入対象者": "",
        "備考": ""
      }
    },
    {
      "type": "Feature",
      "geometry": {
        "type": "Point",
        "coordinates": [
          139.907892,
          35.651233
        ]
      },
      "properties": {
        "NO": "147",
        "共通ID": "E1222700056111",
        "施設・場所名": "美浜南小学校",
        "住所": "千葉県浦安市美浜3-15-1",
        "指定緊急避難場所との住所同一": "1",
        "その他市町村長が必要と認める事項": "",
        "受入対象者": "",
        "備考": ""
      }
    },
    {
      "type": "Feature",
      "geometry": {
        "type": "Point",
        "coordinates": [
          139.915055,
          35.65526
        ]
      },
      "properties": {
        "NO": "148",
        "共通ID": "E1222700057111",
        "施設・場所名": "美浜北小学校",
        "住所": "千葉県浦安市美浜5-12-1",
        "指定緊急避難場所との住所同一": "1",
        "その他市町村長が必要と認める事項": "",
        "受入対象者": "",
        "備考": ""
      }
    },
    {
      "type": "Feature",
      "geometry": {
        "type": "Point",
        "coordinates": [
          139.916015,
          35.656205
        ]
      },
      "properties": {
        "NO": "149",
        "共通ID": "E1222700058111",
        "施設・場所名": "美浜中学校",
        "住所": "千葉県浦安市美浜5-12-2",
        "指定緊急避難場所との住所同一": "1",
        "その他市町村長が必要と認める事項": "",
        "受入対象者": "",
        "備考": ""
      }
    },
    {
      "type": "Feature",
      "geometry": {
        "type": "Point",
        "coordinates": [
          139.915639,
          35.654286
        ]
      },
      "properties": {
        "NO": "150",
        "共通ID": "E1222700059121",
        "施設・場所名": "美浜公民館",
        "住所": "千葉県浦安市美浜5-13-1",
        "指定緊急避難場所との住所同一": "",
        "その他市町村長が必要と認める事項": null,
        "受入対象者": "要配慮者",
        "備考": ""
      }
    },
    {
      "type": "Feature",
      "geometry": {
        "type": "Point",
        "coordinates": [
          139.9051,
          35.648765
        ]
      },
      "properties": {
        "NO": "151",
        "共通ID": "E1222700061111",
        "施設・場所名": "富岡小学校",
        "住所": "千葉県浦安市富岡1-1-1",
        "指定緊急避難場所との住所同一": "1",
        "その他市町村長が必要と認める事項": "",
        "受入対象者": "",
        "備考": ""
      }
    },
    {
      "type": "Feature",
      "geometry": {
        "type": "Point",
        "coordinates": [
          139.904348,
          35.649268
        ]
      },
      "properties": {
        "NO": "152",
        "共通ID": "E1222700062111",
        "施設・場所名": "富岡中学校",
        "住所": "千葉県浦安市富岡1-23-1",
        "指定緊急避難場所との住所同一": "1",
        "その他市町村長が必要と認める事項": "",
        "受入対象者": "",
        "備考": ""
      }
    },
    {
      "type": "Feature",
      "geometry": {
        "type": "Point",
        "coordinates": [
          139.901727,
          35.641543
        ]
      },
      "properties": {
        "NO": "153",
        "共通ID": "E1222700063121",
        "施設・場所名": "富岡公民館",
        "住所": "千葉県浦安市富岡3-1-7",
        "指定緊急避難場所との住所同一": "",
        "その他市町村長が必要と認める事項": null,
        "受入対象者": "要配慮者",
        "備考": ""
      }
    },
    {
      "type": "Feature",
      "geometry": {
        "type": "Point",
        "coordinates": [
          139.889608,
          35.650485
        ]
      },
      "properties": {
        "NO": "154",
        "共通ID": "E1222700065111",
        "施設・場所名": "堀江中学校",
        "住所": "千葉県浦安市富士見2-19-1",
        "指定緊急避難場所との住所同一": "1",
        "その他市町村長が必要と認める事項": "",
        "受入対象者": "",
        "備考": ""
      }
    },
    {
      "type": "Feature",
      "geometry": {
        "type": "Point",
        "coordinates": [
          139.890694,
          35.653555
        ]
      },
      "properties": {
        "NO": "155",
        "共通ID": "E1222700066121",
        "施設・場所名": "堀江公民館",
        "住所": "千葉県浦安市富士見2-2-1",
        "指定緊急避難場所との住所同一": "",
        "その他市町村長が必要と認める事項": null,
        "受入対象者": "要配慮者",
        "備考": ""
      }
    },
    {
      "type": "Feature",
      "geometry": {
        "type": "Point",
        "coordinates": [
          139.888788,
          35.649835
        ]
      },
      "properties": {
        "NO": "156",
        "共通ID": "E1222700067121",
        "施設・場所名": "フェロウ",
        "住所": "千葉県浦安市富士見3-1-36",
        "指定緊急避難場所との住所同一": "",
        "その他市町村長が必要と認める事項": "",
        "受入対象者": "要配慮者",
        "備考": ""
      }
    },
    {
      "type": "Feature",
      "geometry": {
        "type": "Point",
        "coordinates": [
          139.886112,
          35.645584
        ]
      },
      "properties": {
        "NO": "157",
        "共通ID": "E1222700068121",
        "施設・場所名": "特別養護老人ホームわとなーる浦安",
        "住所": "千葉県浦安市富士見3-23-16",
        "指定緊急避難場所との住所同一": "",
        "その他市町村長が必要と認める事項": "",
        "受入対象者": "要配慮者",
        "備考": ""
      }
    },
    {
      "type": "Feature",
      "geometry": {
        "type": "Point",
        "coordinates": [
          139.885761,
          35.645545
        ]
      },
      "properties": {
        "NO": "158",
        "共通ID": "E1222700069121",
        "施設・場所名": "ほっと浦安",
        "住所": "千葉県浦安市富士見3-23-20",
        "指定緊急避難場所との住所同一": "",
        "その他市町村長が必要と認める事項": "",
        "受入対象者": "要配慮者",
        "備考": ""
      }
    },
    {
      "type": "Feature",
      "geometry": {
        "type": "Point",
        "coordinates": [
          139.885586,
          35.641926
        ]
      },
      "properties": {
        "NO": "159",
        "共通ID": "E1222700072111",
        "施設・場所名": "舞浜小学校",
        "住所": "千葉県浦安市舞浜2-1-1",
        "指定緊急避難場所との住所同一": "1",
        "その他市町村長が必要と認める事項": "",
        "受入対象者": "",
        "備考": ""
      }
    },
    {
      "type": "Feature",
      "geometry": {
        "type": "Point",
        "coordinates": [
          139.891228,
          35.630709
        ]
      },
      "properties": {
        "NO": "160",
        "共通ID": "E1222700073111",
        "施設・場所名": "浦安市運動公園　総合体育館",
        "住所": "千葉県浦安市舞浜2-27",
        "指定緊急避難場所との住所同一": "1",
        "その他市町村長が必要と認める事項": null,
        "受入対象者": null,
        "備考": ""
      }
    },
    {
      "type": "Feature",
      "geometry": {
        "type": "Point",
        "coordinates": [
          139.89689,
          35.638288
        ]
      },
      "properties": {
        "NO": "161",
        "共通ID": "E1222700075111",
        "施設・場所名": "見明川中学校",
        "住所": "千葉県浦安市弁天3-1-1",
        "指定緊急避難場所との住所同一": "1",
        "その他市町村長が必要と認める事項": "",
        "受入対象者": "",
        "備考": ""
      }
    },
    {
      "type": "Feature",
      "geometry": {
        "type": "Point",
        "coordinates": [
          139.895707,
          35.639264
        ]
      },
      "properties": {
        "NO": "162",
        "共通ID": "E1222700076111",
        "施設・場所名": "見明川小学校",
        "住所": "千葉県浦安市弁天3-1-2",
        "指定緊急避難場所との住所同一": "1",
        "その他市町村長が必要と認める事項": "",
        "受入対象者": "",
        "備考": ""
      }
    },
    {
      "type": "Feature",
      "geometry": {
        "type": "Point",
        "coordinates": [
          139.900664,
          35.665914
        ]
      },
      "properties": {
        "NO": "163",
        "共通ID": "E1222700078111",
        "施設・場所名": "北部小学校",
        "住所": "千葉県浦安市北栄3-20-1",
        "指定緊急避難場所との住所同一": "1",
        "その他市町村長が必要と認める事項": "",
        "受入対象者": "",
        "備考": ""
      }
    },
    {
      "type": "Feature",
      "geometry": {
        "type": "Point",
        "coordinates": [
          139.898371,
          35.666076
        ]
      },
      "properties": {
        "NO": "164",
        "共通ID": "E1222700079122",
        "施設・場所名": "キッズブレイン",
        "住所": "千葉県浦安市北栄3-33-10",
        "指定緊急避難場所との住所同一": "",
        "その他市町村長が必要と認める事項": "",
        "受入対象者": "要配慮者",
        "備考": ""
      }
    },
    {
      "type": "Feature",
      "geometry": {
        "type": "Point",
        "coordinates": [
          139.898502,
          35.666168
        ]
      },
      "properties": {
        "NO": "165",
        "共通ID": "E1222700079121",
        "施設・場所名": "伸栄学習会　北栄教室",
        "住所": "千葉県浦安市北栄3-33-10",
        "指定緊急避難場所との住所同一": "",
        "その他市町村長が必要と認める事項": null,
        "受入対象者": "要配慮者",
        "備考": ""
      }
    },
    {
      "type": "Feature",
      "geometry": {
        "type": "Point",
        "coordinates": [
          139.891862,
          35.655097
        ]
      },
      "properties": {
        "NO": "166",
        "共通ID": "E1222700080111",
        "施設・場所名": "南小学校",
        "住所": "千葉県浦安市堀江5-4-1",
        "指定緊急避難場所との住所同一": "1",
        "その他市町村長が必要と認める事項": "",
        "受入対象者": "",
        "備考": ""
      }
    },
    {
      "type": "Feature",
      "geometry": {
        "type": "Point",
        "coordinates": [
          139.894316,
          35.654976
        ]
      },
      "properties": {
        "NO": "167",
        "共通ID": "E1222700081121",
        "施設・場所名": "なゆた",
        "住所": "千葉県浦安市堀江6-4-36",
        "指定緊急避難場所との住所同一": "",
        "その他市町村長が必要と認める事項": "",
        "受入対象者": "要配慮者",
        "備考": ""
      }
    },
    {
      "type": "Feature",
      "geometry": {
        "type": "Point",
        "coordinates": [
          139.897073,
          35.65302
        ]
      },
      "properties": {
        "NO": "168",
        "共通ID": "E1222700082121",
        "施設・場所名": "地域密着型特別養護老人ホーム清風荘うらやす",
        "住所": "千葉県浦安市堀江6-8-33",
        "指定緊急避難場所との住所同一": "",
        "その他市町村長が必要と認める事項": "",
        "受入対象者": "要配慮者",
        "備考": ""
      }
    },
    {
      "type": "Feature",
      "geometry": {
        "type": "Point",
        "coordinates": [
          139.920714,
          35.645017
        ]
      },
      "properties": {
        "NO": "169",
        "共通ID": "E1222700083111",
        "施設・場所名": "明海大学浦安キャンパス",
        "住所": "千葉県浦安市明海1-2-1",
        "指定緊急避難場所との住所同一": "",
        "その他市町村長が必要と認める事項": null,
        "受入対象者": null,
        "備考": ""
      }
    },
    {
      "type": "Feature",
      "geometry": {
        "type": "Point",
        "coordinates": [
          139.91739,
          35.640835
        ]
      },
      "properties": {
        "NO": "170",
        "共通ID": "E1222700084111",
        "施設・場所名": "明海小学校",
        "住所": "千葉県浦安市明海2-13-4",
        "指定緊急避難場所との住所同一": "1",
        "その他市町村長が必要と認める事項": "",
        "受入対象者": "",
        "備考": ""
      }
    },
    {
      "type": "Feature",
      "geometry": {
        "type": "Point",
        "coordinates": [
          139.923877,
          35.63849
        ]
      },
      "properties": {
        "NO": "171",
        "共通ID": "E1222700086111",
        "施設・場所名": "明海南小学校　明海中学校",
        "住所": "千葉県浦安市明海5-5-1",
        "指定緊急避難場所との住所同一": "1",
        "その他市町村長が必要と認める事項": "",
        "受入対象者": "",
        "備考": ""
      }
    },
    {
      "type": "Feature",
      "geometry": {
        "type": "Point",
        "coordinates": [
          139.926219,
          35.638306
        ]
      },
      "properties": {
        "NO": "172",
        "共通ID": "E1222700087111",
        "施設・場所名": "ＳＢＣ東京医療大学",
        "住所": "千葉県浦安市明海5-8-1",
        "指定緊急避難場所との住所同一": "",
        "その他市町村長が必要と認める事項": "",
        "受入対象者": "",
        "備考": ""
      }
    },
    {
      "type": "Feature",
      "geometry": {
        "type": "Point",
        "coordinates": [
          139.923677,
          35.637611
        ]
      },
      "properties": {
        "NO": "173",
        "共通ID": "E1222700088121",
        "施設・場所名": "たちばな",
        "住所": "千葉県浦安市明海6-1-10",
        "指定緊急避難場所との住所同一": "",
        "その他市町村長が必要と認める事項": "",
        "受入対象者": "要配慮者",
        "備考": ""
      }
    },
    {
      "type": "Feature",
      "geometry": {
        "type": "Point",
        "coordinates": [
          140.238447,
          35.839606
        ]
      },
      "properties": {
        "NO": "174",
        "共通ID": "E1232900001111",
        "施設・場所名": "安食小学校",
        "住所": "千葉県栄町安食305",
        "指定緊急避難場所との住所同一": "1",
        "その他市町村長が必要と認める事項": "",
        "受入対象者": "",
        "備考": ""
      }
    },
    {
      "type": "Feature",
      "geometry": {
        "type": "Point",
        "coordinates": [
          140.238209,
          35.846765
        ]
      },
      "properties": {
        "NO": "175",
        "共通ID": "E1232900002111",
        "施設・場所名": "栄中学校",
        "住所": "千葉県栄町安食55",
        "指定緊急避難場所との住所同一": "1",
        "その他市町村長が必要と認める事項": "",
        "受入対象者": "",
        "備考": ""
      }
    },
    {
      "type": "Feature",
      "geometry": {
        "type": "Point",
        "coordinates": [
          140.246728,
          35.843576
        ]
      },
      "properties": {
        "NO": "176",
        "共通ID": "E1232900003111",
        "施設・場所名": "ふれあいプラザさかえ",
        "住所": "千葉県栄町安食938-1",
        "指定緊急避難場所との住所同一": "1",
        "その他市町村長が必要と認める事項": "",
        "受入対象者": "",
        "備考": ""
      }
    },
    {
      "type": "Feature",
      "geometry": {
        "type": "Point",
        "coordinates": [
          140.246496,
          35.846193
        ]
      },
      "properties": {
        "NO": "177",
        "共通ID": "E1232900004111",
        "施設・場所名": "安食台小学校",
        "住所": "千葉県栄町安食台4-34-1",
        "指定緊急避難場所との住所同一": "1",
        "その他市町村長が必要と認める事項": "",
        "受入対象者": "",
        "備考": ""
      }
    },
    {
      "type": "Feature",
      "geometry": {
        "type": "Point",
        "coordinates": [
          140.270808,
          35.853111
        ]
      },
      "properties": {
        "NO": "178",
        "共通ID": "E1232900005111",
        "施設・場所名": "興津集会所",
        "住所": "千葉県栄町興津1137",
        "指定緊急避難場所との住所同一": "1",
        "その他市町村長が必要と認める事項": "",
        "受入対象者": "",
        "備考": ""
      }
    },
    {
      "type": "Feature",
      "geometry": {
        "type": "Point",
        "coordinates": [
          140.196539,
          35.849197
        ]
      },
      "properties": {
        "NO": "179",
        "共通ID": "E1232900006111",
        "施設・場所名": "布鎌小学校",
        "住所": "千葉県栄町請方157-1",
        "指定緊急避難場所との住所同一": "1",
        "その他市町村長が必要と認める事項": "",
        "受入対象者": "",
        "備考": ""
      }
    },
    {
      "type": "Feature",
      "geometry": {
        "type": "Point",
        "coordinates": [
          140.266579,
          35.855643
        ]
      },
      "properties": {
        "NO": "180",
        "共通ID": "E1232900007111",
        "施設・場所名": "（旧）北辺田小学校",
        "住所": "千葉県栄町北辺田212",
        "指定緊急避難場所との住所同一": "1",
        "その他市町村長が必要と認める事項": "",
        "受入対象者": "",
        "備考": ""
      }
    },
    {
      "type": "Feature",
      "geometry": {
        "type": "Point",
        "coordinates": [
          140.268318,
          35.840643
        ]
      },
      "properties": {
        "NO": "181",
        "共通ID": "E1232900008111",
        "施設・場所名": "麻生集会所",
        "住所": "千葉県栄町麻生182-1",
        "指定緊急避難場所との住所同一": "1",
        "その他市町村長が必要と認める事項": "",
        "受入対象者": "",
        "備考": ""
      }
    },
    {
      "type": "Feature",
      "geometry": {
        "type": "Point",
        "coordinates": [
          140.278577,
          35.864838
        ]
      },
      "properties": {
        "NO": "182",
        "共通ID": "E1232900009111",
        "施設・場所名": "矢口集会所",
        "住所": "千葉県栄町矢口6-1",
        "指定緊急避難場所との住所同一": "1",
        "その他市町村長が必要と認める事項": "",
        "受入対象者": "",
        "備考": ""
      }
    },
    {
      "type": "Feature",
      "geometry": {
        "type": "Point",
        "coordinates": [
          140.281685,
          35.833169
        ]
      },
      "properties": {
        "NO": "183",
        "共通ID": "E1232900010111",
        "施設・場所名": "竜角寺台小学校",
        "住所": "千葉県栄町竜角寺台6-26-1",
        "指定緊急避難場所との住所同一": "1",
        "その他市町村長が必要と認める事項": "",
        "受入対象者": "",
        "備考": ""
      }
    },
    {
      "type": "Feature",
      "geometry": {
        "type": "Point",
        "coordinates": [
          140.272203,
          35.828964
        ]
      },
      "properties": {
        "NO": "184",
        "共通ID": "E1232900011111",
        "施設・場所名": "千葉県立栄特別支援学校",
        "住所": "千葉県栄町龍角寺1112-2",
        "指定緊急避難場所との住所同一": "1",
        "その他市町村長が必要と認める事項": "",
        "受入対象者": "",
        "備考": ""
      }
    },
    {
      "type": "Feature",
      "geometry": {
        "type": "Point",
        "coordinates": [
          140.264395,
          35.831614
        ]
      },
      "properties": {
        "NO": "185",
        "共通ID": "E1232900012111",
        "施設・場所名": "（旧）酒直小学校",
        "住所": "千葉県栄町龍角寺33",
        "指定緊急避難場所との住所同一": "1",
        "その他市町村長が必要と認める事項": "",
        "受入対象者": "",
        "備考": ""
      }
    },
    {
      "type": "Feature",
      "geometry": {
        "type": "Point",
        "coordinates": [
          140.483861,
          35.655154
        ]
      },
      "properties": {
        "NO": "186",
        "共通ID": "E1241000001111",
        "施設・場所名": "横芝小学校",
        "住所": "千葉県横芝光町横芝1800",
        "指定緊急避難場所との住所同一": "1",
        "その他市町村長が必要と認める事項": null,
        "受入対象者": null,
        "備考": ""
      }
    },
    {
      "type": "Feature",
      "geometry": {
        "type": "Point",
        "coordinates": [
          140.487467,
          35.663514
        ]
      },
      "properties": {
        "NO": "187",
        "共通ID": "E1241000002111",
        "施設・場所名": "横芝光町文化会館",
        "住所": "千葉県横芝光町横芝922-1",
        "指定緊急避難場所との住所同一": "1",
        "その他市町村長が必要と認める事項": null,
        "受入対象者": null,
        "備考": ""
      }
    },
    {
      "type": "Feature",
      "geometry": {
        "type": "Point",
        "coordinates": [
          140.50523,
          35.665897
        ]
      },
      "properties": {
        "NO": "188",
        "共通ID": "E1241000003111",
        "施設・場所名": "町体育館",
        "住所": "千葉県横芝光町宮川11905",
        "指定緊急避難場所との住所同一": "1",
        "その他市町村長が必要と認める事項": null,
        "受入対象者": null,
        "備考": ""
      }
    },
    {
      "type": "Feature",
      "geometry": {
        "type": "Point",
        "coordinates": [
          140.505291,
          35.665315
        ]
      },
      "properties": {
        "NO": "189",
        "共通ID": "E1241000004111",
        "施設・場所名": "横芝光町町民会館",
        "住所": "千葉県横芝光町宮川11907-2",
        "指定緊急避難場所との住所同一": "1",
        "その他市町村長が必要と認める事項": null,
        "受入対象者": null,
        "備考": ""
      }
    },
    {
      "type": "Feature",
      "geometry": {
        "type": "Point",
        "coordinates": [
          140.506039,
          35.656202
        ]
      },
      "properties": {
        "NO": "190",
        "共通ID": "E1241000005111",
        "施設・場所名": "光小学校",
        "住所": "千葉県横芝光町宮川4655",
        "指定緊急避難場所との住所同一": "1",
        "その他市町村長が必要と認める事項": null,
        "受入対象者": null,
        "備考": ""
      }
    },
    {
      "type": "Feature",
      "geometry": {
        "type": "Point",
        "coordinates": [
          140.50296,
          35.666994
        ]
      },
      "properties": {
        "NO": "191",
        "共通ID": "E1241000006111",
        "施設・場所名": "光中学校",
        "住所": "千葉県横芝光町宮川5883",
        "指定緊急避難場所との住所同一": "1",
        "その他市町村長が必要と認める事項": null,
        "受入対象者": null,
        "備考": ""
      }
    },
    {
      "type": "Feature",
      "geometry": {
        "type": "Point",
        "coordinates": [
          140.504163,
          35.644216
        ]
      },
      "properties": {
        "NO": "192",
        "共通ID": "E1241000007111",
        "施設・場所名": "横芝敬愛高等学校",
        "住所": "千葉県横芝光町栗山4508",
        "指定緊急避難場所との住所同一": "1",
        "その他市町村長が必要と認める事項": null,
        "受入対象者": null,
        "備考": ""
      }
    },
    {
      "type": "Feature",
      "geometry": {
        "type": "Point",
        "coordinates": [
          140.470204,
          35.662771
        ]
      },
      "properties": {
        "NO": "193",
        "共通ID": "E1241000008111",
        "施設・場所名": "横芝中学校",
        "住所": "千葉県横芝光町坂田池3-1",
        "指定緊急避難場所との住所同一": "1",
        "その他市町村長が必要と認める事項": null,
        "受入対象者": null,
        "備考": ""
      }
    },
    {
      "type": "Feature",
      "geometry": {
        "type": "Point",
        "coordinates": [
          140.486971,
          35.700315
        ]
      },
      "properties": {
        "NO": "194",
        "共通ID": "E1241000009111",
        "施設・場所名": "日吉小学校",
        "住所": "千葉県横芝光町篠本5177",
        "指定緊急避難場所との住所同一": "1",
        "その他市町村長が必要と認める事項": null,
        "受入対象者": null,
        "備考": ""
      }
    },
    {
      "type": "Feature",
      "geometry": {
        "type": "Point",
        "coordinates": [
          140.497933,
          35.680817
        ]
      },
      "properties": {
        "NO": "195",
        "共通ID": "E1241000010111",
        "施設・場所名": "旧南条小学校",
        "住所": "千葉県横芝光町小田部1054",
        "指定緊急避難場所との住所同一": "1",
        "その他市町村長が必要と認める事項": null,
        "受入対象者": null,
        "備考": ""
      }
    },
    {
      "type": "Feature",
      "geometry": {
        "type": "Point",
        "coordinates": [
          140.508565,
          35.620107
        ]
      },
      "properties": {
        "NO": "196",
        "共通ID": "E1241000011111",
        "施設・場所名": "上堺小学校",
        "住所": "千葉県横芝光町北清水181",
        "指定緊急避難場所との住所同一": "1",
        "その他市町村長が必要と認める事項": null,
        "受入対象者": null,
        "備考": ""
      }
    },
    {
      "type": "Feature",
      "geometry": {
        "type": "Point",
        "coordinates": [
          140.531863,
          35.627726
        ]
      },
      "properties": {
        "NO": "197",
        "共通ID": "E1241000012111",
        "施設・場所名": "白浜小学校",
        "住所": "千葉県横芝光町木戸1334",
        "指定緊急避難場所との住所同一": "1",
        "その他市町村長が必要と認める事項": null,
        "受入対象者": null,
        "備考": ""
      }
    },
    {
      "type": "Feature",
      "geometry": {
        "type": "Point",
        "coordinates": [
          140.460315,
          35.679472
        ]
      },
      "properties": {
        "NO": "198",
        "共通ID": "E1241000013111",
        "施設・場所名": "旧大総小学校",
        "住所": "千葉県横芝光町木戸台2012",
        "指定緊急避難場所との住所同一": "1",
        "その他市町村長が必要と認める事項": null,
        "受入対象者": null,
        "備考": ""
      }
    },
    {
      "type": "Feature",
      "geometry": {
        "type": "Point",
        "coordinates": [
          140.003711,
          35.88527
        ]
      },
      "properties": {
        "NO": "199",
        "共通ID": "E1222200002111",
        "施設・場所名": "久寺家中学校",
        "住所": "千葉県我孫子市つくし野171",
        "指定緊急避難場所との住所同一": "1",
        "その他市町村長が必要と認める事項": null,
        "受入対象者": null,
        "備考": ""
      }
    },
    {
      "type": "Feature",
      "geometry": {
        "type": "Point",
        "coordinates": [
          140.009351,
          35.880863
        ]
      },
      "properties": {
        "NO": "200",
        "共通ID": "E1222200003121",
        "施設・場所名": "我孫子北近隣センター　つくし野館",
        "住所": "千葉県我孫子市つくし野3-22-1",
        "指定緊急避難場所との住所同一": "",
        "その他市町村長が必要と認める事項": null,
        "受入対象者": "要配慮者",
        "備考": ""
      }
    },
    {
      "type": "Feature",
      "geometry": {
        "type": "Point",
        "coordinates": [
          140.005794,
          35.881938
        ]
      },
      "properties": {
        "NO": "201",
        "共通ID": "E1222200004111",
        "施設・場所名": "根戸小学校",
        "住所": "千葉県我孫子市つくし野4-17-1",
        "指定緊急避難場所との住所同一": "1",
        "その他市町村長が必要と認める事項": "",
        "受入対象者": "",
        "備考": ""
      }
    },
    {
      "type": "Feature",
      "geometry": {
        "type": "Point",
        "coordinates": [
          140.006332,
          35.881146
        ]
      },
      "properties": {
        "NO": "202",
        "共通ID": "E1222200005121",
        "施設・場所名": "つくし野保育園",
        "住所": "千葉県我孫子市つくし野4-17-2",
        "指定緊急避難場所との住所同一": "",
        "その他市町村長が必要と認める事項": null,
        "受入対象者": "乳幼児・児童",
        "備考": ""
      }
    },
    {
      "type": "Feature",
      "geometry": {
        "type": "Point",
        "coordinates": [
          140.020793,
          35.8788
        ]
      },
      "properties": {
        "NO": "203",
        "共通ID": "E1222200006111",
        "施設・場所名": "並木小学校",
        "住所": "千葉県我孫子市つくし野7-30-1",
        "指定緊急避難場所との住所同一": "1",
        "その他市町村長が必要と認める事項": null,
        "受入対象者": null,
        "備考": ""
      }
    },
    {
      "type": "Feature",
      "geometry": {
        "type": "Point",
        "coordinates": [
          140.06032,
          35.861782
        ]
      },
      "properties": {
        "NO": "204",
        "共通ID": "E1222200010121",
        "施設・場所名": "特別養護老人ホーム　アクイール",
        "住所": "千葉県我孫子市岡発戸1498",
        "指定緊急避難場所との住所同一": "",
        "その他市町村長が必要と認める事項": null,
        "受入対象者": "高齢者",
        "備考": ""
      }
    },
    {
      "type": "Feature",
      "geometry": {
        "type": "Point",
        "coordinates": [
          140.060275,
          35.860591
        ]
      },
      "properties": {
        "NO": "205",
        "共通ID": "E1222200011121",
        "施設・場所名": "特別養護老人ホーム　おはら",
        "住所": "千葉県我孫子市岡発戸1500-2",
        "指定緊急避難場所との住所同一": "",
        "その他市町村長が必要と認める事項": null,
        "受入対象者": "高齢者",
        "備考": ""
      }
    },
    {
      "type": "Feature",
      "geometry": {
        "type": "Point",
        "coordinates": [
          140.05815,
          35.871664
        ]
      },
      "properties": {
        "NO": "206",
        "共通ID": "E1222200012111",
        "施設・場所名": "我孫子第二小学校",
        "住所": "千葉県我孫子市下ケ戸610",
        "指定緊急避難場所との住所同一": "1",
        "その他市町村長が必要と認める事項": null,
        "受入対象者": null,
        "備考": ""
      }
    },
    {
      "type": "Feature",
      "geometry": {
        "type": "Point",
        "coordinates": [
          140.014303,
          35.873777
        ]
      },
      "properties": {
        "NO": "207",
        "共通ID": "E1222200013121",
        "施設・場所名": "ぽけっとランドあびこ保育園",
        "住所": "千葉県我孫子市我孫子1-19-13",
        "指定緊急避難場所との住所同一": "",
        "その他市町村長が必要と認める事項": null,
        "受入対象者": "乳幼児・児童",
        "備考": ""
      }
    },
    {
      "type": "Feature",
      "geometry": {
        "type": "Point",
        "coordinates": [
          140.026936,
          35.876608
        ]
      },
      "properties": {
        "NO": "208",
        "共通ID": "E1222200014111",
        "施設・場所名": "一般財団法人電力中央研究所",
        "住所": "千葉県我孫子市我孫子1646",
        "指定緊急避難場所との住所同一": "1",
        "その他市町村長が必要と認める事項": null,
        "受入対象者": null,
        "備考": ""
      }
    },
    {
      "type": "Feature",
      "geometry": {
        "type": "Point",
        "coordinates": [
          140.018626,
          35.882716
        ]
      },
      "properties": {
        "NO": "209",
        "共通ID": "E1222200015111",
        "施設・場所名": "中央学院大学",
        "住所": "千葉県我孫子市久寺家451",
        "指定緊急避難場所との住所同一": "1",
        "その他市町村長が必要と認める事項": null,
        "受入対象者": null,
        "備考": ""
      }
    },
    {
      "type": "Feature",
      "geometry": {
        "type": "Point",
        "coordinates": [
          140.01621,
          35.884826
        ]
      },
      "properties": {
        "NO": "210",
        "共通ID": "E1222200016111",
        "施設・場所名": "我孫子二階堂高等学校",
        "住所": "千葉県我孫子市久寺家479-1",
        "指定緊急避難場所との住所同一": "1",
        "その他市町村長が必要と認める事項": null,
        "受入対象者": null,
        "備考": ""
      }
    },
    {
      "type": "Feature",
      "geometry": {
        "type": "Point",
        "coordinates": [
          140.017437,
          35.884397
        ]
      },
      "properties": {
        "NO": "211",
        "共通ID": "E1222200017121",
        "施設・場所名": "久寺家近隣センター",
        "住所": "千葉県我孫子市久寺家686-5",
        "指定緊急避難場所との住所同一": "",
        "その他市町村長が必要と認める事項": null,
        "受入対象者": "要配慮者",
        "備考": ""
      }
    },
    {
      "type": "Feature",
      "geometry": {
        "type": "Point",
        "coordinates": [
          140.091868,
          35.868581
        ]
      },
      "properties": {
        "NO": "212",
        "共通ID": "E1222200018111",
        "施設・場所名": "湖北中学校",
        "住所": "千葉県我孫子市古戸300",
        "指定緊急避難場所との住所同一": "1",
        "その他市町村長が必要と認める事項": null,
        "受入対象者": null,
        "備考": ""
      }
    },
    {
      "type": "Feature",
      "geometry": {
        "type": "Point",
        "coordinates": [
          140.108784,
          35.872361
        ]
      },
      "properties": {
        "NO": "213",
        "共通ID": "E1222200019121",
        "施設・場所名": "障害福祉サービス事業所みずき",
        "住所": "千葉県我孫子市古戸804",
        "指定緊急避難場所との住所同一": "",
        "その他市町村長が必要と認める事項": null,
        "受入対象者": "障がい者",
        "備考": ""
      }
    },
    {
      "type": "Feature",
      "geometry": {
        "type": "Point",
        "coordinates": [
          140.074832,
          35.865086
        ]
      },
      "properties": {
        "NO": "214",
        "共通ID": "E1222200020121",
        "施設・場所名": "湖北台保育園",
        "住所": "千葉県我孫子市湖北台3-1-16",
        "指定緊急避難場所との住所同一": "",
        "その他市町村長が必要と認める事項": null,
        "受入対象者": "乳幼児・児童",
        "備考": ""
      }
    },
    {
      "type": "Feature",
      "geometry": {
        "type": "Point",
        "coordinates": [
          140.077426,
          35.862443
        ]
      },
      "properties": {
        "NO": "215",
        "共通ID": "E1222200021111",
        "施設・場所名": "湖北台東小学校",
        "住所": "千葉県我孫子市湖北台4-3-1",
        "指定緊急避難場所との住所同一": "1",
        "その他市町村長が必要と認める事項": null,
        "受入対象者": null,
        "備考": ""
      }
    },
    {
      "type": "Feature",
      "geometry": {
        "type": "Point",
        "coordinates": [
          140.071371,
          35.860721
        ]
      },
      "properties": {
        "NO": "216",
        "共通ID": "E1222200022111",
        "施設・場所名": "湖北台中学校",
        "住所": "千葉県我孫子市湖北台6-9-1",
        "指定緊急避難場所との住所同一": "1",
        "その他市町村長が必要と認める事項": null,
        "受入対象者": null,
        "備考": ""
      }
    },
    {
      "type": "Feature",
      "geometry": {
        "type": "Point",
        "coordinates": [
          140.07001,
          35.866415
        ]
      },
      "properties": {
        "NO": "217",
        "共通ID": "E1222200024111",
        "施設・場所名": "湖北台西小学校",
        "住所": "千葉県我孫子市湖北台8-17-1",
        "指定緊急避難場所との住所同一": "1",
        "その他市町村長が必要と認める事項": null,
        "受入対象者": null,
        "備考": ""
      }
    },
    {
      "type": "Feature",
      "geometry": {
        "type": "Point",
        "coordinates": [
          140.073692,
          35.866922
        ]
      },
      "properties": {
        "NO": "218",
        "共通ID": "E1222200025121",
        "施設・場所名": "湖北台近隣センター",
        "住所": "千葉県我孫子市湖北台8-2-1",
        "指定緊急避難場所との住所同一": "",
        "その他市町村長が必要と認める事項": null,
        "受入対象者": "要配慮者",
        "備考": ""
      }
    },
    {
      "type": "Feature",
      "geometry": {
        "type": "Point",
        "coordinates": [
          140.030708,
          35.866386
        ]
      },
      "properties": {
        "NO": "219",
        "共通ID": "E1222200026111",
        "施設・場所名": "高野山小学校",
        "住所": "千葉県我孫子市高野山198",
        "指定緊急避難場所との住所同一": "1",
        "その他市町村長が必要と認める事項": null,
        "受入対象者": null,
        "備考": ""
      }
    },
    {
      "type": "Feature",
      "geometry": {
        "type": "Point",
        "coordinates": [
          140.038235,
          35.865664
        ]
      },
      "properties": {
        "NO": "220",
        "共通ID": "E1222200027111",
        "施設・場所名": "我孫子中学校",
        "住所": "千葉県我孫子市高野山537",
        "指定緊急避難場所との住所同一": "1",
        "その他市町村長が必要と認める事項": null,
        "受入対象者": null,
        "備考": ""
      }
    },
    {
      "type": "Feature",
      "geometry": {
        "type": "Point",
        "coordinates": [
          139.995314,
          35.881658
        ]
      },
      "properties": {
        "NO": "221",
        "共通ID": "E1222200029121",
        "施設・場所名": "根戸近隣センター",
        "住所": "千葉県我孫子市根戸573-5",
        "指定緊急避難場所との住所同一": "",
        "その他市町村長が必要と認める事項": null,
        "受入対象者": "要配慮者",
        "備考": ""
      }
    },
    {
      "type": "Feature",
      "geometry": {
        "type": "Point",
        "coordinates": [
          140.000302,
          35.878531
        ]
      },
      "properties": {
        "NO": "222",
        "共通ID": "E1222200030121",
        "施設・場所名": "根戸保育園",
        "住所": "千葉県我孫子市根戸967-2",
        "指定緊急避難場所との住所同一": "",
        "その他市町村長が必要と認める事項": null,
        "受入対象者": "乳幼児・児童",
        "備考": ""
      }
    },
    {
      "type": "Feature",
      "geometry": {
        "type": "Point",
        "coordinates": [
          140.036216,
          35.874795
        ]
      },
      "properties": {
        "NO": "223",
        "共通ID": "E1222200031121",
        "施設・場所名": "介護老人保健施設　葵の園・我孫子",
        "住所": "千葉県我孫子市柴崎137-1",
        "指定緊急避難場所との住所同一": "",
        "その他市町村長が必要と認める事項": null,
        "受入対象者": "高齢者",
        "備考": ""
      }
    },
    {
      "type": "Feature",
      "geometry": {
        "type": "Point",
        "coordinates": [
          140.043861,
          35.875831
        ]
      },
      "properties": {
        "NO": "224",
        "共通ID": "E1222200033121",
        "施設・場所名": "天王台近隣センター",
        "住所": "千葉県我孫子市柴崎台2-15-8",
        "指定緊急避難場所との住所同一": "",
        "その他市町村長が必要と認める事項": null,
        "受入対象者": "要配慮者",
        "備考": ""
      }
    },
    {
      "type": "Feature",
      "geometry": {
        "type": "Point",
        "coordinates": [
          140.041754,
          35.878478
        ]
      },
      "properties": {
        "NO": "225",
        "共通ID": "E1222200034111",
        "施設・場所名": "我孫子第三小学校",
        "住所": "千葉県我孫子市柴崎台3-3-1",
        "指定緊急避難場所との住所同一": "1",
        "その他市町村長が必要と認める事項": null,
        "受入対象者": null,
        "備考": ""
      }
    },
    {
      "type": "Feature",
      "geometry": {
        "type": "Point",
        "coordinates": [
          140.025626,
          35.863164
        ]
      },
      "properties": {
        "NO": "226",
        "共通ID": "E1222200036111",
        "施設・場所名": "県立我孫子高等学校",
        "住所": "千葉県我孫子市若松18-4",
        "指定緊急避難場所との住所同一": "1",
        "その他市町村長が必要と認める事項": null,
        "受入対象者": null,
        "備考": ""
      }
    },
    {
      "type": "Feature",
      "geometry": {
        "type": "Point",
        "coordinates": [
          140.014784,
          35.866311
        ]
      },
      "properties": {
        "NO": "227",
        "共通ID": "E1222200037111",
        "施設・場所名": "我孫子市生涯学習センター",
        "住所": "千葉県我孫子市若松26-4",
        "指定緊急避難場所との住所同一": "",
        "その他市町村長が必要と認める事項": null,
        "受入対象者": null,
        "備考": ""
      }
    },
    {
      "type": "Feature",
      "geometry": {
        "type": "Point",
        "coordinates": [
          140.019801,
          35.87084
        ]
      },
      "properties": {
        "NO": "228",
        "共通ID": "E1222200067121",
        "施設・場所名": "寿保育園",
        "住所": "千葉県我孫子市寿1-13-11",
        "指定緊急避難場所との住所同一": "",
        "その他市町村長が必要と認める事項": "",
        "受入対象者": "乳幼児・児童",
        "備考": ""
      }
    },
    {
      "type": "Feature",
      "geometry": {
        "type": "Point",
        "coordinates": [
          140.020293,
          35.869135
        ]
      },
      "properties": {
        "NO": "229",
        "共通ID": "E1222200038111",
        "施設・場所名": "我孫子第一小学校",
        "住所": "千葉県我孫子市寿1-22-10",
        "指定緊急避難場所との住所同一": "1",
        "その他市町村長が必要と認める事項": null,
        "受入対象者": null,
        "備考": ""
      }
    },
    {
      "type": "Feature",
      "geometry": {
        "type": "Point",
        "coordinates": [
          140.129894,
          35.844418
        ]
      },
      "properties": {
        "NO": "230",
        "共通ID": "E1222200039111",
        "施設・場所名": "県立我孫子東高等学校",
        "住所": "千葉県我孫子市新新田172",
        "指定緊急避難場所との住所同一": "1",
        "その他市町村長が必要と認める事項": null,
        "受入対象者": null,
        "備考": ""
      }
    },
    {
      "type": "Feature",
      "geometry": {
        "type": "Point",
        "coordinates": [
          140.102339,
          35.867914
        ]
      },
      "properties": {
        "NO": "231",
        "共通ID": "E1222200040111",
        "施設・場所名": "新木小学校",
        "住所": "千葉県我孫子市新木1460",
        "指定緊急避難場所との住所同一": "1",
        "その他市町村長が必要と認める事項": null,
        "受入対象者": null,
        "備考": ""
      }
    },
    {
      "type": "Feature",
      "geometry": {
        "type": "Point",
        "coordinates": [
          140.10279,
          35.866752
        ]
      },
      "properties": {
        "NO": "232",
        "共通ID": "E1222200041121",
        "施設・場所名": "新木近隣センター",
        "住所": "千葉県我孫子市新木1500",
        "指定緊急避難場所との住所同一": "",
        "その他市町村長が必要と認める事項": null,
        "受入対象者": "要配慮者",
        "備考": ""
      }
    },
    {
      "type": "Feature",
      "geometry": {
        "type": "Point",
        "coordinates": [
          140.099306,
          35.865967
        ]
      },
      "properties": {
        "NO": "233",
        "共通ID": "E1222200042121",
        "施設・場所名": "こども発達センター",
        "住所": "千葉県我孫子市新木1637",
        "指定緊急避難場所との住所同一": "",
        "その他市町村長が必要と認める事項": null,
        "受入対象者": "乳幼児・児童",
        "備考": ""
      }
    },
    {
      "type": "Feature",
      "geometry": {
        "type": "Point",
        "coordinates": [
          140.099065,
          35.865656
        ]
      },
      "properties": {
        "NO": "234",
        "共通ID": "E1222200042122",
        "施設・場所名": "あらき園",
        "住所": "千葉県我孫子市新木1637",
        "指定緊急避難場所との住所同一": "",
        "その他市町村長が必要と認める事項": null,
        "受入対象者": "障がい者",
        "備考": ""
      }
    },
    {
      "type": "Feature",
      "geometry": {
        "type": "Point",
        "coordinates": [
          140.099657,
          35.86625
        ]
      },
      "properties": {
        "NO": "235",
        "共通ID": "E1222200042123",
        "施設・場所名": "障害者福祉センター",
        "住所": "千葉県我孫子市新木1637",
        "指定緊急避難場所との住所同一": "",
        "その他市町村長が必要と認める事項": null,
        "受入対象者": "障がい者",
        "備考": ""
      }
    },
    {
      "type": "Feature",
      "geometry": {
        "type": "Point",
        "coordinates": [
          140.100361,
          35.867011
        ]
      },
      "properties": {
        "NO": "236",
        "共通ID": "E1222200043121",
        "施設・場所名": "県立我孫子特別支援学校",
        "住所": "千葉県我孫子市新木1685",
        "指定緊急避難場所との住所同一": "",
        "その他市町村長が必要と認める事項": null,
        "受入対象者": "障がい者",
        "備考": ""
      }
    },
    {
      "type": "Feature",
      "geometry": {
        "type": "Point",
        "coordinates": [
          140.052078,
          35.877426
        ]
      },
      "properties": {
        "NO": "237",
        "共通ID": "E1222200066121",
        "施設・場所名": "特別養護老人ホーム　けやきの里",
        "住所": "千葉県我孫子市青山417",
        "指定緊急避難場所との住所同一": "",
        "その他市町村長が必要と認める事項": "",
        "受入対象者": "高齢者、障害者",
        "備考": ""
      }
    },
    {
      "type": "Feature",
      "geometry": {
        "type": "Point",
        "coordinates": [
          140.087647,
          35.866109
        ]
      },
      "properties": {
        "NO": "238",
        "共通ID": "E1222200046111",
        "施設・場所名": "湖北小学校",
        "住所": "千葉県我孫子市中里95",
        "指定緊急避難場所との住所同一": "1",
        "その他市町村長が必要と認める事項": null,
        "受入対象者": null,
        "備考": ""
      }
    },
    {
      "type": "Feature",
      "geometry": {
        "type": "Point",
        "coordinates": [
          140.060483,
          35.863637
        ]
      },
      "properties": {
        "NO": "239",
        "共通ID": "E1222200048111",
        "施設・場所名": "中央学院高等学校",
        "住所": "千葉県我孫子市都部765",
        "指定緊急避難場所との住所同一": "1",
        "その他市町村長が必要と認める事項": null,
        "受入対象者": null,
        "備考": ""
      }
    },
    {
      "type": "Feature",
      "geometry": {
        "type": "Point",
        "coordinates": [
          140.048297,
          35.866319
        ]
      },
      "properties": {
        "NO": "240",
        "共通ID": "E1222200049121",
        "施設・場所名": "近隣センターこもれび",
        "住所": "千葉県我孫子市東我孫子1-41-33",
        "指定緊急避難場所との住所同一": "",
        "その他市町村長が必要と認める事項": null,
        "受入対象者": "要配慮者",
        "備考": ""
      }
    },
    {
      "type": "Feature",
      "geometry": {
        "type": "Point",
        "coordinates": [
          140.045883,
          35.86752
        ]
      },
      "properties": {
        "NO": "241",
        "共通ID": "E1222200050121",
        "施設・場所名": "東あびこ聖華保育園",
        "住所": "千葉県我孫子市東我孫子1-9-31",
        "指定緊急避難場所との住所同一": "",
        "その他市町村長が必要と認める事項": null,
        "受入対象者": "乳幼児・児童",
        "備考": ""
      }
    },
    {
      "type": "Feature",
      "geometry": {
        "type": "Point",
        "coordinates": [
          140.086912,
          35.863739
        ]
      },
      "properties": {
        "NO": "242",
        "共通ID": "E1222200052121",
        "施設・場所名": "県立湖北特別支援学校",
        "住所": "千葉県我孫子市日秀70",
        "指定緊急避難場所との住所同一": "",
        "その他市町村長が必要と認める事項": null,
        "受入対象者": "障がい者",
        "備考": ""
      }
    },
    {
      "type": "Feature",
      "geometry": {
        "type": "Point",
        "coordinates": [
          140.004711,
          35.871689
        ]
      },
      "properties": {
        "NO": "243",
        "共通ID": "E1222200053111",
        "施設・場所名": "我孫子第四小学校",
        "住所": "千葉県我孫子市白山3-2-1",
        "指定緊急避難場所との住所同一": "1",
        "その他市町村長が必要と認める事項": null,
        "受入対象者": null,
        "備考": ""
      }
    },
    {
      "type": "Feature",
      "geometry": {
        "type": "Point",
        "coordinates": [
          140.004739,
          35.869773
        ]
      },
      "properties": {
        "NO": "244",
        "共通ID": "E1222200054111",
        "施設・場所名": "白山中学校",
        "住所": "千葉県我孫子市白山3-7-3",
        "指定緊急避難場所との住所同一": "1",
        "その他市町村長が必要と認める事項": null,
        "受入対象者": null,
        "備考": ""
      }
    },
    {
      "type": "Feature",
      "geometry": {
        "type": "Point",
        "coordinates": [
          140.131282,
          35.856333
        ]
      },
      "properties": {
        "NO": "245",
        "共通ID": "E1222200055111",
        "施設・場所名": "布佐小学校",
        "住所": "千葉県我孫子市布佐1217",
        "指定緊急避難場所との住所同一": "1",
        "その他市町村長が必要と認める事項": null,
        "受入対象者": null,
        "備考": ""
      }
    },
    {
      "type": "Feature",
      "geometry": {
        "type": "Point",
        "coordinates": [
          140.133087,
          35.855749
        ]
      },
      "properties": {
        "NO": "246",
        "共通ID": "E1222200056111",
        "施設・場所名": "布佐中学校",
        "住所": "千葉県我孫子市布佐1301",
        "指定緊急避難場所との住所同一": "1",
        "その他市町村長が必要と認める事項": null,
        "受入対象者": null,
        "備考": ""
      }
    },
    {
      "type": "Feature",
      "geometry": {
        "type": "Point",
        "coordinates": [
          140.124839,
          35.85564
        ]
      },
      "properties": {
        "NO": "247",
        "共通ID": "E1222200057121",
        "施設・場所名": "特別養護老人ホーム　アコモード",
        "住所": "千葉県我孫子市布佐1559-2",
        "指定緊急避難場所との住所同一": "",
        "その他市町村長が必要と認める事項": null,
        "受入対象者": "高齢者",
        "備考": ""
      }
    },
    {
      "type": "Feature",
      "geometry": {
        "type": "Point",
        "coordinates": [
          140.135126,
          35.855747
        ]
      },
      "properties": {
        "NO": "248",
        "共通ID": "E1222200058121",
        "施設・場所名": "布佐宝保育園",
        "住所": "千葉県我孫子市布佐2318",
        "指定緊急避難場所との住所同一": "",
        "その他市町村長が必要と認める事項": null,
        "受入対象者": "乳幼児・児童",
        "備考": ""
      }
    },
    {
      "type": "Feature",
      "geometry": {
        "type": "Point",
        "coordinates": [
          140.137601,
          35.851877
        ]
      },
      "properties": {
        "NO": "249",
        "共通ID": "E1222200059121",
        "施設・場所名": "近隣センターふさの風",
        "住所": "千葉県我孫子市布佐2972-1",
        "指定緊急避難場所との住所同一": "",
        "その他市町村長が必要と認める事項": null,
        "受入対象者": "高齢者",
        "備考": ""
      }
    },
    {
      "type": "Feature",
      "geometry": {
        "type": "Point",
        "coordinates": [
          140.125393,
          35.856841
        ]
      },
      "properties": {
        "NO": "250",
        "共通ID": "E1222200060121",
        "施設・場所名": "布佐南近隣センター",
        "住所": "千葉県我孫子市布佐平和台4-1-30",
        "指定緊急避難場所との住所同一": "",
        "その他市町村長が必要と認める事項": null,
        "受入対象者": "要配慮者",
        "備考": ""
      }
    },
    {
      "type": "Feature",
      "geometry": {
        "type": "Point",
        "coordinates": [
          140.120699,
          35.856888
        ]
      },
      "properties": {
        "NO": "251",
        "共通ID": "E1222200061111",
        "施設・場所名": "布佐南小学校",
        "住所": "千葉県我孫子市布佐平和台5-1-1",
        "指定緊急避難場所との住所同一": "1",
        "その他市町村長が必要と認める事項": null,
        "受入対象者": null,
        "備考": ""
      }
    },
    {
      "type": "Feature",
      "geometry": {
        "type": "Point",
        "coordinates": [
          140.015515,
          35.875269
        ]
      },
      "properties": {
        "NO": "252",
        "共通ID": "E1222200063121",
        "施設・場所名": "我孫子北近隣センター　並木本館",
        "住所": "千葉県我孫子市並木5-4-6",
        "指定緊急避難場所との住所同一": "",
        "その他市町村長が必要と認める事項": null,
        "受入対象者": "要配慮者",
        "備考": ""
      }
    },
    {
      "type": "Feature",
      "geometry": {
        "type": "Point",
        "coordinates": [
          140.012649,
          35.872444
        ]
      },
      "properties": {
        "NO": "253",
        "共通ID": "E1222200064121",
        "施設・場所名": "我孫子南近隣センター",
        "住所": "千葉県我孫子市本町3-1-2",
        "指定緊急避難場所との住所同一": "",
        "その他市町村長が必要と認める事項": "",
        "受入対象者": "要配慮者",
        "備考": ""
      }
    },
    {
      "type": "Feature",
      "geometry": {
        "type": "Point",
        "coordinates": [
          140.013078,
          35.869598
        ]
      },
      "properties": {
        "NO": "254",
        "共通ID": "E1222200065121",
        "施設・場所名": "聖華みどり保育園",
        "住所": "千葉県我孫子市緑1-6-2",
        "指定緊急避難場所との住所同一": "",
        "その他市町村長が必要と認める事項": null,
        "受入対象者": "乳幼児・児童",
        "備考": ""
      }
    },
    {
      "type": "Feature",
      "geometry": {
        "type": "Point",
        "coordinates": [
          139.97455,
          35.781357
        ]
      },
      "properties": {
        "NO": "255",
        "共通ID": "E1222400001111",
        "施設・場所名": "くぬぎ山コミュニティセンター",
        "住所": "千葉県鎌ケ谷市くぬぎ山4-2-46-10",
        "指定緊急避難場所との住所同一": "",
        "その他市町村長が必要と認める事項": null,
        "受入対象者": null,
        "備考": ""
      }
    },
    {
      "type": "Feature",
      "geometry": {
        "type": "Point",
        "coordinates": [
          139.997066,
          35.784979
        ]
      },
      "properties": {
        "NO": "256",
        "共通ID": "E1222400003111",
        "施設・場所名": "第三中学校（体育館）",
        "住所": "千葉県鎌ケ谷市粟野450",
        "指定緊急避難場所との住所同一": "1",
        "その他市町村長が必要と認める事項": null,
        "受入対象者": null,
        "備考": ""
      }
    },
    {
      "type": "Feature",
      "geometry": {
        "type": "Point",
        "coordinates": [
          140.006083,
          35.79021
        ]
      },
      "properties": {
        "NO": "257",
        "共通ID": "E1222400004111",
        "施設・場所名": "北部小学校（体育館）",
        "住所": "千葉県鎌ケ谷市粟野735",
        "指定緊急避難場所との住所同一": "1",
        "その他市町村長が必要と認める事項": null,
        "受入対象者": null,
        "備考": ""
      }
    },
    {
      "type": "Feature",
      "geometry": {
        "type": "Point",
        "coordinates": [
          140.008557,
          35.754384
        ]
      },
      "properties": {
        "NO": "258",
        "共通ID": "E1222400005111",
        "施設・場所名": "東部小学校（体育館）",
        "住所": "千葉県鎌ケ谷市鎌ケ谷8-3-11",
        "指定緊急避難場所との住所同一": "1",
        "その他市町村長が必要と認める事項": null,
        "受入対象者": null,
        "備考": ""
      }
    },
    {
      "type": "Feature",
      "geometry": {
        "type": "Point",
        "coordinates": [
          139.985423,
          35.78491
        ]
      },
      "properties": {
        "NO": "259",
        "共通ID": "E1222400006111",
        "施設・場所名": "西部小学校（体育館）",
        "住所": "千葉県鎌ケ谷市初富110",
        "指定緊急避難場所との住所同一": "1",
        "その他市町村長が必要と認める事項": null,
        "受入対象者": null,
        "備考": ""
      }
    },
    {
      "type": "Feature",
      "geometry": {
        "type": "Point",
        "coordinates": [
          139.989539,
          35.789381
        ]
      },
      "properties": {
        "NO": "260",
        "共通ID": "E1222400007111",
        "施設・場所名": "鎌ケ谷西高等学校（体育館）",
        "住所": "千葉県鎌ケ谷市初富284-7",
        "指定緊急避難場所との住所同一": "1",
        "その他市町村長が必要と認める事項": null,
        "受入対象者": null,
        "備考": ""
      }
    },
    {
      "type": "Feature",
      "geometry": {
        "type": "Point",
        "coordinates": [
          140.021141,
          35.77989
        ]
      },
      "properties": {
        "NO": "261",
        "共通ID": "E1222400008111",
        "施設・場所名": "第五中学校（体育館）",
        "住所": "千葉県鎌ケ谷市初富806-262",
        "指定緊急避難場所との住所同一": "1",
        "その他市町村長が必要と認める事項": null,
        "受入対象者": null,
        "備考": ""
      }
    },
    {
      "type": "Feature",
      "geometry": {
        "type": "Point",
        "coordinates": [
          140.012979,
          35.781068
        ]
      },
      "properties": {
        "NO": "262",
        "共通ID": "E1222400009111",
        "施設・場所名": "鎌ケ谷市民体育館（体育館）",
        "住所": "千葉県鎌ケ谷市初富860-3",
        "指定緊急避難場所との住所同一": "1",
        "その他市町村長が必要と認める事項": null,
        "受入対象者": null,
        "備考": ""
      }
    },
    {
      "type": "Feature",
      "geometry": {
        "type": "Point",
        "coordinates": [
          140.003694,
          35.772931
        ]
      },
      "properties": {
        "NO": "263",
        "共通ID": "E1222400012111",
        "施設・場所名": "鎌ケ谷小学校（体育館）",
        "住所": "千葉県鎌ケ谷市中央2-1-1",
        "指定緊急避難場所との住所同一": "1",
        "その他市町村長が必要と認める事項": null,
        "受入対象者": null,
        "備考": ""
      }
    },
    {
      "type": "Feature",
      "geometry": {
        "type": "Point",
        "coordinates": [
          139.978951,
          35.763398
        ]
      },
      "properties": {
        "NO": "264",
        "共通ID": "E1222400013111",
        "施設・場所名": "第四中学校（体育館）",
        "住所": "千葉県鎌ケ谷市中沢1024-1",
        "指定緊急避難場所との住所同一": "1",
        "その他市町村長が必要と認める事項": null,
        "受入対象者": null,
        "備考": ""
      }
    },
    {
      "type": "Feature",
      "geometry": {
        "type": "Point",
        "coordinates": [
          139.98577,
          35.756725
        ]
      },
      "properties": {
        "NO": "265",
        "共通ID": "E1222400015111",
        "施設・場所名": "南部小学校（体育館）",
        "住所": "千葉県鎌ケ谷市中沢726",
        "指定緊急避難場所との住所同一": "1",
        "その他市町村長が必要と認める事項": null,
        "受入対象者": null,
        "備考": ""
      }
    },
    {
      "type": "Feature",
      "geometry": {
        "type": "Point",
        "coordinates": [
          140.014257,
          35.771428
        ]
      },
      "properties": {
        "NO": "266",
        "共通ID": "E1222400016111",
        "施設・場所名": "初富小学校（体育館）",
        "住所": "千葉県鎌ケ谷市東初富1-20-1",
        "指定緊急避難場所との住所同一": "1",
        "その他市町村長が必要と認める事項": null,
        "受入対象者": null,
        "備考": ""
      }
    },
    {
      "type": "Feature",
      "geometry": {
        "type": "Point",
        "coordinates": [
          140.011497,
          35.769801
        ]
      },
      "properties": {
        "NO": "267",
        "共通ID": "E1222400017111",
        "施設・場所名": "南初富保育園（体育館）",
        "住所": "千葉県鎌ケ谷市東初富2-6-50",
        "指定緊急避難場所との住所同一": "1",
        "その他市町村長が必要と認める事項": null,
        "受入対象者": null,
        "備考": ""
      }
    },
    {
      "type": "Feature",
      "geometry": {
        "type": "Point",
        "coordinates": [
          139.994614,
          35.757751
        ]
      },
      "properties": {
        "NO": "268",
        "共通ID": "E1222400018111",
        "施設・場所名": "鎌ケ谷高等学校（体育館）",
        "住所": "千葉県鎌ケ谷市東道野辺1-4-1",
        "指定緊急避難場所との住所同一": "1",
        "その他市町村長が必要と認める事項": null,
        "受入対象者": null,
        "備考": ""
      }
    },
    {
      "type": "Feature",
      "geometry": {
        "type": "Point",
        "coordinates": [
          140.004297,
          35.756777
        ]
      },
      "properties": {
        "NO": "269",
        "共通ID": "E1222400019111",
        "施設・場所名": "第二中学校（体育館）",
        "住所": "千葉県鎌ケ谷市東道野辺4-19-26",
        "指定緊急避難場所との住所同一": "1",
        "その他市町村長が必要と認める事項": null,
        "受入対象者": null,
        "備考": ""
      }
    },
    {
      "type": "Feature",
      "geometry": {
        "type": "Point",
        "coordinates": [
          140.000591,
          35.752634
        ]
      },
      "properties": {
        "NO": "270",
        "共通ID": "E1222400020111",
        "施設・場所名": "道野辺小学校（体育館）",
        "住所": "千葉県鎌ケ谷市東道野辺5-5-1",
        "指定緊急避難場所との住所同一": "1",
        "その他市町村長が必要と認める事項": null,
        "受入対象者": null,
        "備考": ""
      }
    },
    {
      "type": "Feature",
      "geometry": {
        "type": "Point",
        "coordinates": [
          139.990743,
          35.764105
        ]
      },
      "properties": {
        "NO": "271",
        "共通ID": "E1222400021111",
        "施設・場所名": "中部小学校（体育館）",
        "住所": "千葉県鎌ケ谷市道野辺中央3-12-3",
        "指定緊急避難場所との住所同一": "1",
        "その他市町村長が必要と認める事項": null,
        "受入対象者": null,
        "備考": ""
      }
    },
    {
      "type": "Feature",
      "geometry": {
        "type": "Point",
        "coordinates": [
          139.992637,
          35.760931
        ]
      },
      "properties": {
        "NO": "272",
        "共通ID": "E1222400022111",
        "施設・場所名": "道野辺保育園（体育館）",
        "住所": "千葉県鎌ケ谷市道野辺中央5-7-10",
        "指定緊急避難場所との住所同一": "1",
        "その他市町村長が必要と認める事項": null,
        "受入対象者": null,
        "備考": ""
      }
    },
    {
      "type": "Feature",
      "geometry": {
        "type": "Point",
        "coordinates": [
          140.009691,
          35.775162
        ]
      },
      "properties": {
        "NO": "273",
        "共通ID": "E1222400023111",
        "施設・場所名": "五本松小学校（体育館）",
        "住所": "千葉県鎌ケ谷市南初富1-16-1",
        "指定緊急避難場所との住所同一": "1",
        "その他市町村長が必要と認める事項": null,
        "受入対象者": null,
        "備考": ""
      }
    },
    {
      "type": "Feature",
      "geometry": {
        "type": "Point",
        "coordinates": [
          139.999189,
          35.769503
        ]
      },
      "properties": {
        "NO": "274",
        "共通ID": "E1222400024111",
        "施設・場所名": "鎌ケ谷中学校（体育館）",
        "住所": "千葉県鎌ケ谷市富岡1-2-1",
        "指定緊急避難場所との住所同一": "1",
        "その他市町村長が必要と認める事項": null,
        "受入対象者": null,
        "備考": ""
      }
    },
    {
      "type": "Feature",
      "geometry": {
        "type": "Point",
        "coordinates": [
          140.09659,
          35.107781
        ]
      },
      "properties": {
        "NO": "275",
        "共通ID": "E1222300002111",
        "施設・場所名": "長狭高等学校",
        "住所": "千葉県鴨川市横渚100",
        "指定緊急避難場所との住所同一": "1",
        "その他市町村長が必要と認める事項": null,
        "受入対象者": null,
        "備考": ""
      }
    },
    {
      "type": "Feature",
      "geometry": {
        "type": "Point",
        "coordinates": [
          140.100029,
          35.101917
        ]
      },
      "properties": {
        "NO": "276",
        "共通ID": "E1222300003111",
        "施設・場所名": "亀田医療大学",
        "住所": "千葉県鴨川市横渚462",
        "指定緊急避難場所との住所同一": "",
        "その他市町村長が必要と認める事項": null,
        "受入対象者": null,
        "備考": ""
      }
    },
    {
      "type": "Feature",
      "geometry": {
        "type": "Point",
        "coordinates": [
          140.084644,
          35.091365
        ]
      },
      "properties": {
        "NO": "277",
        "共通ID": "E1222300016111",
        "施設・場所名": "江見小学校",
        "住所": "千葉県鴨川市宮1451-1",
        "指定緊急避難場所との住所同一": "1",
        "その他市町村長が必要と認める事項": null,
        "受入対象者": null,
        "備考": ""
      }
    },
    {
      "type": "Feature",
      "geometry": {
        "type": "Point",
        "coordinates": [
          140.01666,
          35.130915
        ]
      },
      "properties": {
        "NO": "278",
        "共通ID": "E1222300017111",
        "施設・場所名": "長狭学園",
        "住所": "千葉県鴨川市宮山176",
        "指定緊急避難場所との住所同一": "1",
        "その他市町村長が必要と認める事項": null,
        "受入対象者": null,
        "備考": ""
      }
    },
    {
      "type": "Feature",
      "geometry": {
        "type": "Point",
        "coordinates": [
          139.967892,
          35.144214
        ]
      },
      "properties": {
        "NO": "279",
        "共通ID": "E1222300018111",
        "施設・場所名": "大山公民館",
        "住所": "千葉県鴨川市金束5",
        "指定緊急避難場所との住所同一": "1",
        "その他市町村長が必要と認める事項": null,
        "受入対象者": null,
        "備考": ""
      }
    },
    {
      "type": "Feature",
      "geometry": {
        "type": "Point",
        "coordinates": [
          140.107841,
          35.122175
        ]
      },
      "properties": {
        "NO": "280",
        "共通ID": "E1222300020111",
        "施設・場所名": "東条公民館",
        "住所": "千葉県鴨川市広場1588-1",
        "指定緊急避難場所との住所同一": "1",
        "その他市町村長が必要と認める事項": null,
        "受入対象者": null,
        "備考": ""
      }
    },
    {
      "type": "Feature",
      "geometry": {
        "type": "Point",
        "coordinates": [
          140.09872,
          35.116439
        ]
      },
      "properties": {
        "NO": "281",
        "共通ID": "E1222300021111",
        "施設・場所名": "鴨川中学校",
        "住所": "千葉県鴨川市広場2201",
        "指定緊急避難場所との住所同一": "1",
        "その他市町村長が必要と認める事項": null,
        "受入対象者": null,
        "備考": ""
      }
    },
    {
      "type": "Feature",
      "geometry": {
        "type": "Point",
        "coordinates": [
          140.068014,
          35.121205
        ]
      },
      "properties": {
        "NO": "282",
        "共通ID": "E1222300027111",
        "施設・場所名": "田原小学校",
        "住所": "千葉県鴨川市坂東285",
        "指定緊急避難場所との住所同一": "1",
        "その他市町村長が必要と認める事項": null,
        "受入対象者": null,
        "備考": ""
      }
    },
    {
      "type": "Feature",
      "geometry": {
        "type": "Point",
        "coordinates": [
          140.134033,
          35.175128
        ]
      },
      "properties": {
        "NO": "283",
        "共通ID": "E1222300028111",
        "施設・場所名": "四方木ふれあい館",
        "住所": "千葉県鴨川市四方木367-2",
        "指定緊急避難場所との住所同一": "1",
        "その他市町村長が必要と認める事項": null,
        "受入対象者": null,
        "備考": ""
      }
    },
    {
      "type": "Feature",
      "geometry": {
        "type": "Point",
        "coordinates": [
          140.006825,
          35.132349
        ]
      },
      "properties": {
        "NO": "284",
        "共通ID": "E1222300031111",
        "施設・場所名": "長狭認定こども園",
        "住所": "千葉県鴨川市松尾寺417",
        "指定緊急避難場所との住所同一": "1",
        "その他市町村長が必要と認める事項": null,
        "受入対象者": null,
        "備考": ""
      }
    },
    {
      "type": "Feature",
      "geometry": {
        "type": "Point",
        "coordinates": [
          140.038136,
          35.129928
        ]
      },
      "properties": {
        "NO": "285",
        "共通ID": "E1222300034111",
        "施設・場所名": "主基公民館",
        "住所": "千葉県鴨川市成川34",
        "指定緊急避難場所との住所同一": "1",
        "その他市町村長が必要と認める事項": null,
        "受入対象者": null,
        "備考": ""
      }
    },
    {
      "type": "Feature",
      "geometry": {
        "type": "Point",
        "coordinates": [
          140.037638,
          35.130332
        ]
      },
      "properties": {
        "NO": "286",
        "共通ID": "E1222300035111",
        "施設・場所名": "旧主基小学校",
        "住所": "千葉県鴨川市成川35",
        "指定緊急避難場所との住所同一": "1",
        "その他市町村長が必要と認める事項": null,
        "受入対象者": null,
        "備考": ""
      }
    },
    {
      "type": "Feature",
      "geometry": {
        "type": "Point",
        "coordinates": [
          140.148253,
          35.160387
        ]
      },
      "properties": {
        "NO": "287",
        "共通ID": "E1222300036111",
        "施設・場所名": "清澄憩いの家",
        "住所": "千葉県鴨川市清澄155",
        "指定緊急避難場所との住所同一": "1",
        "その他市町村長が必要と認める事項": null,
        "受入対象者": null,
        "備考": ""
      }
    },
    {
      "type": "Feature",
      "geometry": {
        "type": "Point",
        "coordinates": [
          140.109628,
          35.123664
        ]
      },
      "properties": {
        "NO": "288",
        "共通ID": "E1222300042111",
        "施設・場所名": "東条小学校",
        "住所": "千葉県鴨川市西町364",
        "指定緊急避難場所との住所同一": "1",
        "その他市町村長が必要と認める事項": null,
        "受入対象者": null,
        "備考": ""
      }
    },
    {
      "type": "Feature",
      "geometry": {
        "type": "Point",
        "coordinates": [
          140.103527,
          35.101025
        ]
      },
      "properties": {
        "NO": "289",
        "共通ID": "E1222300044111",
        "施設・場所名": "中央公民館",
        "住所": "千葉県鴨川市前原60",
        "指定緊急避難場所との住所同一": "1",
        "その他市町村長が必要と認める事項": null,
        "受入対象者": null,
        "備考": ""
      }
    },
    {
      "type": "Feature",
      "geometry": {
        "type": "Point",
        "coordinates": [
          140.100539,
          35.087589
        ]
      },
      "properties": {
        "NO": "290",
        "共通ID": "E1222300045111",
        "施設・場所名": "鴨川青少年自然の家",
        "住所": "千葉県鴨川市太海122-1",
        "指定緊急避難場所との住所同一": "1",
        "その他市町村長が必要と認める事項": null,
        "受入対象者": null,
        "備考": ""
      }
    },
    {
      "type": "Feature",
      "geometry": {
        "type": "Point",
        "coordinates": [
          140.083485,
          35.121089
        ]
      },
      "properties": {
        "NO": "291",
        "共通ID": "E1222300052111",
        "施設・場所名": "西条小学校",
        "住所": "千葉県鴨川市打墨220",
        "指定緊急避難場所との住所同一": "1",
        "その他市町村長が必要と認める事項": null,
        "受入対象者": null,
        "備考": ""
      }
    },
    {
      "type": "Feature",
      "geometry": {
        "type": "Point",
        "coordinates": [
          140.055728,
          35.093423
        ]
      },
      "properties": {
        "NO": "292",
        "共通ID": "E1222300059111",
        "施設・場所名": "曽呂公民館",
        "住所": "千葉県鴨川市仲町590-1",
        "指定緊急避難場所との住所同一": "1",
        "その他市町村長が必要と認める事項": null,
        "受入対象者": null,
        "備考": ""
      }
    },
    {
      "type": "Feature",
      "geometry": {
        "type": "Point",
        "coordinates": [
          140.054554,
          35.094105
        ]
      },
      "properties": {
        "NO": "293",
        "共通ID": "E1222300060111",
        "施設・場所名": "旧曽呂小学校",
        "住所": "千葉県鴨川市仲町605-1",
        "指定緊急避難場所との住所同一": "1",
        "その他市町村長が必要と認める事項": null,
        "受入対象者": null,
        "備考": ""
      }
    },
    {
      "type": "Feature",
      "geometry": {
        "type": "Point",
        "coordinates": [
          140.152365,
          35.124287
        ]
      },
      "properties": {
        "NO": "294",
        "共通ID": "E1222300062111",
        "施設・場所名": "安房東中学校",
        "住所": "千葉県鴨川市天津1033",
        "指定緊急避難場所との住所同一": "1",
        "その他市町村長が必要と認める事項": null,
        "受入対象者": null,
        "備考": ""
      }
    },
    {
      "type": "Feature",
      "geometry": {
        "type": "Point",
        "coordinates": [
          140.153581,
          35.122415
        ]
      },
      "properties": {
        "NO": "295",
        "共通ID": "E1222300063111",
        "施設・場所名": "天津小湊公民館",
        "住所": "千葉県鴨川市天津1092-7",
        "指定緊急避難場所との住所同一": "1",
        "その他市町村長が必要と認める事項": null,
        "受入対象者": null,
        "備考": ""
      }
    },
    {
      "type": "Feature",
      "geometry": {
        "type": "Point",
        "coordinates": [
          140.15405,
          35.124751
        ]
      },
      "properties": {
        "NO": "296",
        "共通ID": "E1222300064111",
        "施設・場所名": "天津小湊小学校",
        "住所": "千葉県鴨川市天津1166",
        "指定緊急避難場所との住所同一": "1",
        "その他市町村長が必要と認める事項": null,
        "受入対象者": null,
        "備考": ""
      }
    },
    {
      "type": "Feature",
      "geometry": {
        "type": "Point",
        "coordinates": [
          140.194476,
          35.128104
        ]
      },
      "properties": {
        "NO": "297",
        "共通ID": "E1222300084111",
        "施設・場所名": "小湊さとうみ学校",
        "住所": "千葉県鴨川市内浦1923",
        "指定緊急避難場所との住所同一": "1",
        "その他市町村長が必要と認める事項": null,
        "受入対象者": null,
        "備考": ""
      }
    },
    {
      "type": "Feature",
      "geometry": {
        "type": "Point",
        "coordinates": [
          140.191427,
          35.129855
        ]
      },
      "properties": {
        "NO": "298",
        "共通ID": "E1222300090111",
        "施設・場所名": "コミュニティセンター小湊",
        "住所": "千葉県鴨川市内浦563",
        "指定緊急避難場所との住所同一": "1",
        "その他市町村長が必要と認める事項": null,
        "受入対象者": null,
        "備考": ""
      }
    },
    {
      "type": "Feature",
      "geometry": {
        "type": "Point",
        "coordinates": [
          140.084281,
          35.123397
        ]
      },
      "properties": {
        "NO": "299",
        "共通ID": "E1222300093111",
        "施設・場所名": "西条公民館",
        "住所": "千葉県鴨川市八色1244-1",
        "指定緊急避難場所との住所同一": "1",
        "その他市町村長が必要と認める事項": null,
        "受入対象者": null,
        "備考": ""
      }
    },
    {
      "type": "Feature",
      "geometry": {
        "type": "Point",
        "coordinates": [
          140.085419,
          35.122599
        ]
      },
      "properties": {
        "NO": "300",
        "共通ID": "E1222300094111",
        "施設・場所名": "福祉センター",
        "住所": "千葉県鴨川市八色866",
        "指定緊急避難場所との住所同一": "1",
        "その他市町村長が必要と認める事項": null,
        "受入対象者": null,
        "備考": ""
      }
    },
    {
      "type": "Feature",
      "geometry": {
        "type": "Point",
        "coordinates": [
          139.918142,
          35.000441
        ]
      },
      "properties": {
        "NO": "301",
        "共通ID": "E1220500001111",
        "施設・場所名": "九重小学校",
        "住所": "千葉県館山市安東3",
        "指定緊急避難場所との住所同一": "1",
        "その他市町村長が必要と認める事項": "",
        "受入対象者": "",
        "備考": ""
      }
    },
    {
      "type": "Feature",
      "geometry": {
        "type": "Point",
        "coordinates": [
          139.788344,
          34.958754
        ]
      },
      "properties": {
        "NO": "302",
        "共通ID": "E1220500004111",
        "施設・場所名": "西岬地区公民館分館",
        "住所": "千葉県館山市伊戸2503",
        "指定緊急避難場所との住所同一": "1",
        "その他市町村長が必要と認める事項": "",
        "受入対象者": "",
        "備考": ""
      }
    },
    {
      "type": "Feature",
      "geometry": {
        "type": "Point",
        "coordinates": [
          139.91809,
          35.002215
        ]
      },
      "properties": {
        "NO": "303",
        "共通ID": "E1220500006111",
        "施設・場所名": "九重地区公民館",
        "住所": "千葉県館山市薗268-1",
        "指定緊急避難場所との住所同一": "",
        "その他市町村長が必要と認める事項": "",
        "受入対象者": "",
        "備考": ""
      }
    },
    {
      "type": "Feature",
      "geometry": {
        "type": "Point",
        "coordinates": [
          139.793739,
          34.967983
        ]
      },
      "properties": {
        "NO": "304",
        "共通ID": "E1220500008111",
        "施設・場所名": "西岬小学校",
        "住所": "千葉県館山市加賀名151",
        "指定緊急避難場所との住所同一": "1",
        "その他市町村長が必要と認める事項": "",
        "受入対象者": "",
        "備考": ""
      }
    },
    {
      "type": "Feature",
      "geometry": {
        "type": "Point",
        "coordinates": [
          139.85243,
          34.982613
        ]
      },
      "properties": {
        "NO": "305",
        "共通ID": "E1220500009111",
        "施設・場所名": "館山地区公民館",
        "住所": "千葉県館山市館山305-1",
        "指定緊急避難場所との住所同一": "",
        "その他市町村長が必要と認める事項": "",
        "受入対象者": "",
        "備考": ""
      }
    },
    {
      "type": "Feature",
      "geometry": {
        "type": "Point",
        "coordinates": [
          139.852268,
          34.982178
        ]
      },
      "properties": {
        "NO": "306",
        "共通ID": "E1220500010111",
        "施設・場所名": "館山小学校",
        "住所": "千葉県館山市館山317",
        "指定緊急避難場所との住所同一": "1",
        "その他市町村長が必要と認める事項": "",
        "受入対象者": "",
        "備考": ""
      }
    },
    {
      "type": "Feature",
      "geometry": {
        "type": "Point",
        "coordinates": [
          139.838559,
          34.933631
        ]
      },
      "properties": {
        "NO": "307",
        "共通ID": "E1220500015111",
        "施設・場所名": "旧神戸小学校",
        "住所": "千葉県館山市犬石1496",
        "指定緊急避難場所との住所同一": "1",
        "その他市町村長が必要と認める事項": "",
        "受入対象者": "",
        "備考": ""
      }
    },
    {
      "type": "Feature",
      "geometry": {
        "type": "Point",
        "coordinates": [
          139.839391,
          34.933968
        ]
      },
      "properties": {
        "NO": "308",
        "共通ID": "E1220500016111",
        "施設・場所名": "神戸地区公民館",
        "住所": "千葉県館山市犬石1496-1",
        "指定緊急避難場所との住所同一": "",
        "その他市町村長が必要と認める事項": "",
        "受入対象者": "",
        "備考": ""
      }
    },
    {
      "type": "Feature",
      "geometry": {
        "type": "Point",
        "coordinates": [
          139.799352,
          34.972498
        ]
      },
      "properties": {
        "NO": "309",
        "共通ID": "E1220500017111",
        "施設・場所名": "西岬地区公民館",
        "住所": "千葉県館山市見物65",
        "指定緊急避難場所との住所同一": "1",
        "その他市町村長が必要と認める事項": "",
        "受入対象者": "",
        "備考": ""
      }
    },
    {
      "type": "Feature",
      "geometry": {
        "type": "Point",
        "coordinates": [
          139.889535,
          34.995729
        ]
      },
      "properties": {
        "NO": "310",
        "共通ID": "E1220500019111",
        "施設・場所名": "館野地区公民館",
        "住所": "千葉県館山市国分27",
        "指定緊急避難場所との住所同一": "",
        "その他市町村長が必要と認める事項": "",
        "受入対象者": "",
        "備考": ""
      }
    },
    {
      "type": "Feature",
      "geometry": {
        "type": "Point",
        "coordinates": [
          139.840781,
          34.940865
        ]
      },
      "properties": {
        "NO": "311",
        "共通ID": "E1220500020111",
        "施設・場所名": "房南学園",
        "住所": "千葉県館山市佐野2070",
        "指定緊急避難場所との住所同一": "1",
        "その他市町村長が必要と認める事項": "",
        "受入対象者": "",
        "備考": ""
      }
    },
    {
      "type": "Feature",
      "geometry": {
        "type": "Point",
        "coordinates": [
          139.890804,
          34.991787
        ]
      },
      "properties": {
        "NO": "312",
        "共通ID": "E1220500023111",
        "施設・場所名": "館野小学校",
        "住所": "千葉県館山市山本1028",
        "指定緊急避難場所との住所同一": "1",
        "その他市町村長が必要と認める事項": "",
        "受入対象者": "",
        "備考": ""
      }
    },
    {
      "type": "Feature",
      "geometry": {
        "type": "Point",
        "coordinates": [
          139.868567,
          34.930006
        ]
      },
      "properties": {
        "NO": "313",
        "共通ID": "E1220500030111",
        "施設・場所名": "神余分校",
        "住所": "千葉県館山市神余1363",
        "指定緊急避難場所との住所同一": "1",
        "その他市町村長が必要と認める事項": "",
        "受入対象者": "",
        "備考": ""
      }
    },
    {
      "type": "Feature",
      "geometry": {
        "type": "Point",
        "coordinates": [
          139.846828,
          35.027467
        ]
      },
      "properties": {
        "NO": "314",
        "共通ID": "E1220500035111",
        "施設・場所名": "船形地区公民館",
        "住所": "千葉県館山市船形405-2",
        "指定緊急避難場所との住所同一": "1",
        "その他市町村長が必要と認める事項": "",
        "受入対象者": "",
        "備考": ""
      }
    },
    {
      "type": "Feature",
      "geometry": {
        "type": "Point",
        "coordinates": [
          139.847925,
          35.028037
        ]
      },
      "properties": {
        "NO": "315",
        "共通ID": "E1220500035112",
        "施設・場所名": "旧船形小学校",
        "住所": "千葉県館山市船形405-2",
        "指定緊急避難場所との住所同一": "1",
        "その他市町村長が必要と認める事項": "",
        "受入対象者": "",
        "備考": ""
      }
    },
    {
      "type": "Feature",
      "geometry": {
        "type": "Point",
        "coordinates": [
          139.830948,
          34.980687
        ]
      },
      "properties": {
        "NO": "316",
        "共通ID": "E1220500039111",
        "施設・場所名": "館山海上技術学校",
        "住所": "千葉県館山市大賀",
        "指定緊急避難場所との住所同一": "1",
        "その他市町村長が必要と認める事項": "",
        "受入対象者": "",
        "備考": ""
      }
    },
    {
      "type": "Feature",
      "geometry": {
        "type": "Point",
        "coordinates": [
          139.877139,
          34.973519
        ]
      },
      "properties": {
        "NO": "317",
        "共通ID": "E1220500040111",
        "施設・場所名": "豊房地区公民館",
        "住所": "千葉県館山市大戸254-1",
        "指定緊急避難場所との住所同一": "",
        "その他市町村長が必要と認める事項": "",
        "受入対象者": "",
        "備考": ""
      }
    },
    {
      "type": "Feature",
      "geometry": {
        "type": "Point",
        "coordinates": [
          139.877655,
          34.974389
        ]
      },
      "properties": {
        "NO": "318",
        "共通ID": "E1220500041111",
        "施設・場所名": "豊房小学校",
        "住所": "千葉県館山市大戸266-2",
        "指定緊急避難場所との住所同一": "1",
        "その他市町村長が必要と認める事項": "",
        "受入対象者": "",
        "備考": ""
      }
    },
    {
      "type": "Feature",
      "geometry": {
        "type": "Point",
        "coordinates": [
          139.826987,
          34.921269
        ]
      },
      "properties": {
        "NO": "319",
        "共通ID": "E1220500042111",
        "施設・場所名": "富崎地区公民館",
        "住所": "千葉県館山市大神宮272-1",
        "指定緊急避難場所との住所同一": "",
        "その他市町村長が必要と認める事項": "",
        "受入対象者": "",
        "備考": ""
      }
    },
    {
      "type": "Feature",
      "geometry": {
        "type": "Point",
        "coordinates": [
          139.846147,
          34.928934
        ]
      },
      "properties": {
        "NO": "320",
        "共通ID": "E1220500044111",
        "施設・場所名": "安房特別支援学校",
        "住所": "千葉県館山市中里284-1",
        "指定緊急避難場所との住所同一": "1",
        "その他市町村長が必要と認める事項": "",
        "受入対象者": "",
        "備考": ""
      }
    },
    {
      "type": "Feature",
      "geometry": {
        "type": "Point",
        "coordinates": [
          139.860386,
          35.024307
        ]
      },
      "properties": {
        "NO": "321",
        "共通ID": "E1220500048111",
        "施設・場所名": "那古地区公民館",
        "住所": "千葉県館山市那古1125-1",
        "指定緊急避難場所との住所同一": "",
        "その他市町村長が必要と認める事項": "",
        "受入対象者": "",
        "備考": ""
      }
    },
    {
      "type": "Feature",
      "geometry": {
        "type": "Point",
        "coordinates": [
          139.868444,
          35.026323
        ]
      },
      "properties": {
        "NO": "322",
        "共通ID": "E1220500049111",
        "施設・場所名": "那古船形小学校",
        "住所": "千葉県館山市那古272",
        "指定緊急避難場所との住所同一": "1",
        "その他市町村長が必要と認める事項": "",
        "受入対象者": "",
        "備考": ""
      }
    },
    {
      "type": "Feature",
      "geometry": {
        "type": "Point",
        "coordinates": [
          139.857164,
          35.021923
        ]
      },
      "properties": {
        "NO": "323",
        "共通ID": "E1220500050111",
        "施設・場所名": "第一中学校",
        "住所": "千葉県館山市那古954",
        "指定緊急避難場所との住所同一": "1",
        "その他市町村長が必要と認める事項": "",
        "受入対象者": "",
        "備考": ""
      }
    },
    {
      "type": "Feature",
      "geometry": {
        "type": "Point",
        "coordinates": [
          139.866078,
          35.001215
        ]
      },
      "properties": {
        "NO": "324",
        "共通ID": "E1220500053111",
        "施設・場所名": "安房高校",
        "住所": "千葉県館山市八幡385",
        "指定緊急避難場所との住所同一": "1",
        "その他市町村長が必要と認める事項": "",
        "受入対象者": "",
        "備考": ""
      }
    },
    {
      "type": "Feature",
      "geometry": {
        "type": "Point",
        "coordinates": [
          139.874928,
          35.000873
        ]
      },
      "properties": {
        "NO": "325",
        "共通ID": "E1220500059111",
        "施設・場所名": "館山総合高校",
        "住所": "千葉県館山市北条106",
        "指定緊急避難場所との住所同一": "1",
        "その他市町村長が必要と認める事項": "",
        "受入対象者": "",
        "備考": ""
      }
    },
    {
      "type": "Feature",
      "geometry": {
        "type": "Point",
        "coordinates": [
          139.868103,
          34.995728
        ]
      },
      "properties": {
        "NO": "326",
        "共通ID": "E1220500067111",
        "施設・場所名": "館山中学校",
        "住所": "千葉県館山市北条1452",
        "指定緊急避難場所との住所同一": "1",
        "その他市町村長が必要と認める事項": "",
        "受入対象者": "",
        "備考": ""
      }
    },
    {
      "type": "Feature",
      "geometry": {
        "type": "Point",
        "coordinates": [
          139.872575,
          34.995511
        ]
      },
      "properties": {
        "NO": "327",
        "共通ID": "E1220500062111",
        "施設・場所名": "北条小学校",
        "住所": "千葉県館山市北条456",
        "指定緊急避難場所との住所同一": "1",
        "その他市町村長が必要と認める事項": "",
        "受入対象者": "",
        "備考": ""
      }
    },
    {
      "type": "Feature",
      "geometry": {
        "type": "Point",
        "coordinates": [
          139.873775,
          34.989257
        ]
      },
      "properties": {
        "NO": "328",
        "共通ID": "E1220500063111",
        "施設・場所名": "コミュニティセンター",
        "住所": "千葉県館山市北条740-1",
        "指定緊急避難場所との住所同一": "1",
        "その他市町村長が必要と認める事項": "",
        "受入対象者": "",
        "備考": ""
      }
    },
    {
      "type": "Feature",
      "geometry": {
        "type": "Point",
        "coordinates": [
          139.907172,
          35.122566
        ]
      },
      "properties": {
        "NO": "329",
        "共通ID": "E1246300001111",
        "施設・場所名": "奥山公民館",
        "住所": "千葉県鋸南町奥山305",
        "指定緊急避難場所との住所同一": "1",
        "その他市町村長が必要と認める事項": null,
        "受入対象者": null,
        "備考": ""
      }
    },
    {
      "type": "Feature",
      "geometry": {
        "type": "Point",
        "coordinates": [
          139.837217,
          35.11034
        ]
      },
      "properties": {
        "NO": "330",
        "共通ID": "E1246300004111",
        "施設・場所名": "鋸南小学校",
        "住所": "千葉県鋸南町下佐久間2500",
        "指定緊急避難場所との住所同一": "1",
        "その他市町村長が必要と認める事項": null,
        "受入対象者": null,
        "備考": ""
      }
    },
    {
      "type": "Feature",
      "geometry": {
        "type": "Point",
        "coordinates": [
          139.883692,
          35.143199
        ]
      },
      "properties": {
        "NO": "331",
        "共通ID": "E1246300006111",
        "施設・場所名": "鋸東コミュニティセンター",
        "住所": "千葉県鋸南町市井原4-1",
        "指定緊急避難場所との住所同一": "1",
        "その他市町村長が必要と認める事項": null,
        "受入対象者": null,
        "備考": ""
      }
    },
    {
      "type": "Feature",
      "geometry": {
        "type": "Point",
        "coordinates": [
          139.906495,
          35.135377
        ]
      },
      "properties": {
        "NO": "332",
        "共通ID": "E1246300010111",
        "施設・場所名": "大崩公民館",
        "住所": "千葉県鋸南町大崩1057",
        "指定緊急避難場所との住所同一": "1",
        "その他市町村長が必要と認める事項": null,
        "受入対象者": null,
        "備考": ""
      }
    },
    {
      "type": "Feature",
      "geometry": {
        "type": "Point",
        "coordinates": [
          139.835989,
          35.12166
        ]
      },
      "properties": {
        "NO": "333",
        "共通ID": "E1246300011111",
        "施設・場所名": "鋸南中学校",
        "住所": "千葉県鋸南町大六165",
        "指定緊急避難場所との住所同一": "1",
        "その他市町村長が必要と認める事項": null,
        "受入対象者": null,
        "備考": ""
      }
    },
    {
      "type": "Feature",
      "geometry": {
        "type": "Point",
        "coordinates": [
          139.84285,
          35.140551
        ]
      },
      "properties": {
        "NO": "334",
        "共通ID": "E1246300012111",
        "施設・場所名": "保健福祉総合センター",
        "住所": "千葉県鋸南町保田560",
        "指定緊急避難場所との住所同一": "1",
        "その他市町村長が必要と認める事項": null,
        "受入対象者": null,
        "備考": ""
      }
    },
    {
      "type": "Feature",
      "geometry": {
        "type": "Point",
        "coordinates": [
          139.843765,
          35.143515
        ]
      },
      "properties": {
        "NO": "335",
        "共通ID": "E1246300014111",
        "施設・場所名": "道の駅保田小学校",
        "住所": "千葉県鋸南町保田724",
        "指定緊急避難場所との住所同一": "1",
        "その他市町村長が必要と認める事項": null,
        "受入対象者": null,
        "備考": ""
      }
    },
    {
      "type": "Feature",
      "geometry": {
        "type": "Point",
        "coordinates": [
          139.83277,
          35.104745
        ]
      },
      "properties": {
        "NO": "336",
        "共通ID": "E1246300015111",
        "施設・場所名": "鋸南海洋センター",
        "住所": "千葉県鋸南町竜島1111-6",
        "指定緊急避難場所との住所同一": "1",
        "その他市町村長が必要と認める事項": null,
        "受入対象者": null,
        "備考": ""
      }
    },
    {
      "type": "Feature",
      "geometry": {
        "type": "Point",
        "coordinates": [
          140.444598,
          35.54766
        ]
      },
      "properties": {
        "NO": "337",
        "共通ID": "E1240300001111",
        "施設・場所名": "九十九里小学校",
        "住所": "千葉県九十九里町小関1797-1",
        "指定緊急避難場所との住所同一": "1",
        "その他市町村長が必要と認める事項": null,
        "受入対象者": null,
        "備考": ""
      }
    },
    {
      "type": "Feature",
      "geometry": {
        "type": "Point",
        "coordinates": [
          140.418502,
          35.517464
        ]
      },
      "properties": {
        "NO": "338",
        "共通ID": "E1240300005111",
        "施設・場所名": "豊海小学校",
        "住所": "千葉県九十九里町不動堂306",
        "指定緊急避難場所との住所同一": "1",
        "その他市町村長が必要と認める事項": null,
        "受入対象者": null,
        "備考": ""
      }
    },
    {
      "type": "Feature",
      "geometry": {
        "type": "Point",
        "coordinates": [
          140.42403,
          35.538077
        ]
      },
      "properties": {
        "NO": "339",
        "共通ID": "E1240300007111",
        "施設・場所名": "九十九里中学校",
        "住所": "千葉県九十九里町片貝1899-4",
        "指定緊急避難場所との住所同一": "1",
        "その他市町村長が必要と認める事項": null,
        "受入対象者": null,
        "備考": ""
      }
    },
    {
      "type": "Feature",
      "geometry": {
        "type": "Point",
        "coordinates": [
          140.422039,
          35.538932
        ]
      },
      "properties": {
        "NO": "340",
        "共通ID": "E1240300008111",
        "施設・場所名": "九十九里高等学校",
        "住所": "千葉県九十九里町片貝1910",
        "指定緊急避難場所との住所同一": "1",
        "その他市町村長が必要と認める事項": null,
        "受入対象者": null,
        "備考": ""
      }
    },
    {
      "type": "Feature",
      "geometry": {
        "type": "Point",
        "coordinates": [
          140.441345,
          35.535414
        ]
      },
      "properties": {
        "NO": "341",
        "共通ID": "E1240300010111",
        "施設・場所名": "中央公民館",
        "住所": "千葉県九十九里町片貝2915",
        "指定緊急避難場所との住所同一": "1",
        "その他市町村長が必要と認める事項": null,
        "受入対象者": null,
        "備考": ""
      }
    },
    {
      "type": "Feature",
      "geometry": {
        "type": "Point",
        "coordinates": [
          140.438162,
          35.535022
        ]
      },
      "properties": {
        "NO": "342",
        "共通ID": "E1240300011111",
        "施設・場所名": "片貝小学校",
        "住所": "千葉県九十九里町片貝3193",
        "指定緊急避難場所との住所同一": "1",
        "その他市町村長が必要と認める事項": null,
        "受入対象者": null,
        "備考": ""
      }
    },
    {
      "type": "Feature",
      "geometry": {
        "type": "Point",
        "coordinates": [
          139.922163,
          35.315448
        ]
      },
      "properties": {
        "NO": "343",
        "共通ID": "E1222500001111",
        "施設・場所名": "外箕輪小学校",
        "住所": "千葉県君津市外箕輪1-34-1",
        "指定緊急避難場所との住所同一": "1",
        "その他市町村長が必要と認める事項": null,
        "受入対象者": null,
        "備考": ""
      }
    },
    {
      "type": "Feature",
      "geometry": {
        "type": "Point",
        "coordinates": [
          139.901343,
          35.329958
        ]
      },
      "properties": {
        "NO": "344",
        "共通ID": "E1222500002111",
        "施設・場所名": "生涯学習交流センター",
        "住所": "千葉県君津市久保2-13-2",
        "指定緊急避難場所との住所同一": "1",
        "その他市町村長が必要と認める事項": null,
        "受入対象者": null,
        "備考": ""
      }
    },
    {
      "type": "Feature",
      "geometry": {
        "type": "Point",
        "coordinates": [
          140.082321,
          35.297703
        ]
      },
      "properties": {
        "NO": "345",
        "共通ID": "E1222500004111",
        "施設・場所名": "旧久留里中学校",
        "住所": "千葉県君津市久留里474",
        "指定緊急避難場所との住所同一": "1",
        "その他市町村長が必要と認める事項": "",
        "受入対象者": "",
        "備考": ""
      }
    },
    {
      "type": "Feature",
      "geometry": {
        "type": "Point",
        "coordinates": [
          140.082047,
          35.296057
        ]
      },
      "properties": {
        "NO": "346",
        "共通ID": "E1222500004112",
        "施設・場所名": "上総小学校",
        "住所": "千葉県君津市久留里474",
        "指定緊急避難場所との住所同一": "1",
        "その他市町村長が必要と認める事項": "",
        "受入対象者": "",
        "備考": ""
      }
    },
    {
      "type": "Feature",
      "geometry": {
        "type": "Point",
        "coordinates": [
          140.07655,
          35.295348
        ]
      },
      "properties": {
        "NO": "347",
        "共通ID": "E1222500005111",
        "施設・場所名": "上総地域交流センター",
        "住所": "千葉県君津市久留里市場192-5",
        "指定緊急避難場所との住所同一": "1",
        "その他市町村長が必要と認める事項": null,
        "受入対象者": null,
        "備考": ""
      }
    },
    {
      "type": "Feature",
      "geometry": {
        "type": "Point",
        "coordinates": [
          139.927691,
          35.300909
        ]
      },
      "properties": {
        "NO": "348",
        "共通ID": "E1222500007111",
        "施設・場所名": "周南中学校",
        "住所": "千葉県君津市宮下1-4-1",
        "指定緊急避難場所との住所同一": "1",
        "その他市町村長が必要と認める事項": null,
        "受入対象者": null,
        "備考": ""
      }
    },
    {
      "type": "Feature",
      "geometry": {
        "type": "Point",
        "coordinates": [
          139.930523,
          35.298575
        ]
      },
      "properties": {
        "NO": "349",
        "共通ID": "E1222500008111",
        "施設・場所名": "周南小学校",
        "住所": "千葉県君津市宮下2-25-5",
        "指定緊急避難場所との住所同一": "1",
        "その他市町村長が必要と認める事項": null,
        "受入対象者": null,
        "備考": ""
      }
    },
    {
      "type": "Feature",
      "geometry": {
        "type": "Point",
        "coordinates": [
          140.059757,
          35.253064
        ]
      },
      "properties": {
        "NO": "350",
        "共通ID": "E1222500009111",
        "施設・場所名": "旧松丘小学校",
        "住所": "千葉県君津市広岡1000",
        "指定緊急避難場所との住所同一": "1",
        "その他市町村長が必要と認める事項": null,
        "受入対象者": null,
        "備考": ""
      }
    },
    {
      "type": "Feature",
      "geometry": {
        "type": "Point",
        "coordinates": [
          140.057557,
          35.259748
        ]
      },
      "properties": {
        "NO": "351",
        "共通ID": "E1222500010111",
        "施設・場所名": "松丘コミュニティセンター",
        "住所": "千葉県君津市広岡1840-1",
        "指定緊急避難場所との住所同一": "1",
        "その他市町村長が必要と認める事項": null,
        "受入対象者": null,
        "備考": ""
      }
    },
    {
      "type": "Feature",
      "geometry": {
        "type": "Point",
        "coordinates": [
          140.057614,
          35.252712
        ]
      },
      "properties": {
        "NO": "352",
        "共通ID": "E1222500011111",
        "施設・場所名": "かずさあけぼの保育園",
        "住所": "千葉県君津市広岡955-3",
        "指定緊急避難場所との住所同一": "1",
        "その他市町村長が必要と認める事項": null,
        "受入対象者": null,
        "備考": ""
      }
    },
    {
      "type": "Feature",
      "geometry": {
        "type": "Point",
        "coordinates": [
          140.058633,
          35.252913
        ]
      },
      "properties": {
        "NO": "353",
        "共通ID": "E1222500012111",
        "施設・場所名": "旧松丘中学校",
        "住所": "千葉県君津市広岡994",
        "指定緊急避難場所との住所同一": "1",
        "その他市町村長が必要と認める事項": null,
        "受入対象者": null,
        "備考": ""
      }
    },
    {
      "type": "Feature",
      "geometry": {
        "type": "Point",
        "coordinates": [
          139.968949,
          35.304479
        ]
      },
      "properties": {
        "NO": "354",
        "共通ID": "E1222500072111",
        "施設・場所名": "生きがい支援センター",
        "住所": "千葉県君津市糠田103-1",
        "指定緊急避難場所との住所同一": "1",
        "その他市町村長が必要と認める事項": null,
        "受入対象者": null,
        "備考": ""
      }
    },
    {
      "type": "Feature",
      "geometry": {
        "type": "Point",
        "coordinates": [
          139.969501,
          35.305331
        ]
      },
      "properties": {
        "NO": "355",
        "共通ID": "E1222500013111",
        "施設・場所名": "小糸公民館",
        "住所": "千葉県君津市糠田55",
        "指定緊急避難場所との住所同一": "1",
        "その他市町村長が必要と認める事項": null,
        "受入対象者": null,
        "備考": ""
      }
    },
    {
      "type": "Feature",
      "geometry": {
        "type": "Point",
        "coordinates": [
          140.059634,
          35.173604
        ]
      },
      "properties": {
        "NO": "356",
        "共通ID": "E1222500014111",
        "施設・場所名": "旧香木原小学校",
        "住所": "千葉県君津市香木原269",
        "指定緊急避難場所との住所同一": "1",
        "その他市町村長が必要と認める事項": null,
        "受入対象者": null,
        "備考": ""
      }
    },
    {
      "type": "Feature",
      "geometry": {
        "type": "Point",
        "coordinates": [
          139.886959,
          35.341724
        ]
      },
      "properties": {
        "NO": "357",
        "共通ID": "E1222500015111",
        "施設・場所名": "君津高等学校",
        "住所": "千葉県君津市坂田454",
        "指定緊急避難場所との住所同一": "1",
        "その他市町村長が必要と認める事項": null,
        "受入対象者": null,
        "備考": ""
      }
    },
    {
      "type": "Feature",
      "geometry": {
        "type": "Point",
        "coordinates": [
          139.885086,
          35.342559
        ]
      },
      "properties": {
        "NO": "358",
        "共通ID": "E1222500016111",
        "施設・場所名": "旧坂田小学校",
        "住所": "千葉県君津市坂田523",
        "指定緊急避難場所との住所同一": "1",
        "その他市町村長が必要と認める事項": null,
        "受入対象者": null,
        "備考": ""
      }
    },
    {
      "type": "Feature",
      "geometry": {
        "type": "Point",
        "coordinates": [
          139.882785,
          35.341112
        ]
      },
      "properties": {
        "NO": "359",
        "共通ID": "E1222500017111",
        "施設・場所名": "周西中学校",
        "住所": "千葉県君津市坂田560",
        "指定緊急避難場所との住所同一": "1",
        "その他市町村長が必要と認める事項": null,
        "受入対象者": null,
        "備考": ""
      }
    },
    {
      "type": "Feature",
      "geometry": {
        "type": "Point",
        "coordinates": [
          140.097289,
          35.234426
        ]
      },
      "properties": {
        "NO": "360",
        "共通ID": "E1222500019111",
        "施設・場所名": "旧亀山中学校",
        "住所": "千葉県君津市坂畑223-1",
        "指定緊急避難場所との住所同一": "1",
        "その他市町村長が必要と認める事項": null,
        "受入対象者": null,
        "備考": ""
      }
    },
    {
      "type": "Feature",
      "geometry": {
        "type": "Point",
        "coordinates": [
          140.097541,
          35.234132
        ]
      },
      "properties": {
        "NO": "361",
        "共通ID": "E1222500020111",
        "施設・場所名": "旧坂畑小学校",
        "住所": "千葉県君津市坂畑223-2",
        "指定緊急避難場所との住所同一": "1",
        "その他市町村長が必要と認める事項": null,
        "受入対象者": null,
        "備考": ""
      }
    },
    {
      "type": "Feature",
      "geometry": {
        "type": "Point",
        "coordinates": [
          140.096615,
          35.232885
        ]
      },
      "properties": {
        "NO": "362",
        "共通ID": "E1222500021111",
        "施設・場所名": "亀山コミュニティセンター",
        "住所": "千葉県君津市坂畑321-1",
        "指定緊急避難場所との住所同一": "1",
        "その他市町村長が必要と認める事項": null,
        "受入対象者": null,
        "備考": ""
      }
    },
    {
      "type": "Feature",
      "geometry": {
        "type": "Point",
        "coordinates": [
          139.937207,
          35.323816
        ]
      },
      "properties": {
        "NO": "363",
        "共通ID": "E1222500022111",
        "施設・場所名": "八重原中学校",
        "住所": "千葉県君津市三直1305",
        "指定緊急避難場所との住所同一": "1",
        "その他市町村長が必要と認める事項": null,
        "受入対象者": null,
        "備考": ""
      }
    },
    {
      "type": "Feature",
      "geometry": {
        "type": "Point",
        "coordinates": [
          139.961977,
          35.308352
        ]
      },
      "properties": {
        "NO": "364",
        "共通ID": "E1222500024111",
        "施設・場所名": "君津高等学校上総キャンパス",
        "住所": "千葉県君津市上957",
        "指定緊急避難場所との住所同一": "1",
        "その他市町村長が必要と認める事項": null,
        "受入対象者": null,
        "備考": ""
      }
    },
    {
      "type": "Feature",
      "geometry": {
        "type": "Point",
        "coordinates": [
          139.900158,
          35.319624
        ]
      },
      "properties": {
        "NO": "365",
        "共通ID": "E1222500025111",
        "施設・場所名": "貞元コミュニティセンター",
        "住所": "千葉県君津市上湯江1287-3",
        "指定緊急避難場所との住所同一": "1",
        "その他市町村長が必要と認める事項": null,
        "受入対象者": null,
        "備考": ""
      }
    },
    {
      "type": "Feature",
      "geometry": {
        "type": "Point",
        "coordinates": [
          139.899881,
          35.320849
        ]
      },
      "properties": {
        "NO": "366",
        "共通ID": "E1222500026111",
        "施設・場所名": "貞元小学校",
        "住所": "千葉県君津市上湯江1655",
        "指定緊急避難場所との住所同一": "1",
        "その他市町村長が必要と認める事項": null,
        "受入対象者": null,
        "備考": ""
      }
    },
    {
      "type": "Feature",
      "geometry": {
        "type": "Point",
        "coordinates": [
          139.901345,
          35.32047
        ]
      },
      "properties": {
        "NO": "367",
        "共通ID": "E1222500027111",
        "施設・場所名": "旧上湯江保育園",
        "住所": "千葉県君津市上湯江1716-1",
        "指定緊急避難場所との住所同一": "1",
        "その他市町村長が必要と認める事項": "",
        "受入対象者": "",
        "備考": ""
      }
    },
    {
      "type": "Feature",
      "geometry": {
        "type": "Point",
        "coordinates": [
          139.921511,
          35.309143
        ]
      },
      "properties": {
        "NO": "368",
        "共通ID": "E1222500028111",
        "施設・場所名": "旧常代保育園",
        "住所": "千葉県君津市常代2-15-1",
        "指定緊急避難場所との住所同一": "1",
        "その他市町村長が必要と認める事項": "",
        "受入対象者": "",
        "備考": ""
      }
    },
    {
      "type": "Feature",
      "geometry": {
        "type": "Point",
        "coordinates": [
          139.870914,
          35.335744
        ]
      },
      "properties": {
        "NO": "369",
        "共通ID": "E1222500030111",
        "施設・場所名": "旧周西幼稚園",
        "住所": "千葉県君津市人見1-5-47",
        "指定緊急避難場所との住所同一": "1",
        "その他市町村長が必要と認める事項": null,
        "受入対象者": null,
        "備考": ""
      }
    },
    {
      "type": "Feature",
      "geometry": {
        "type": "Point",
        "coordinates": [
          139.859488,
          35.344619
        ]
      },
      "properties": {
        "NO": "370",
        "共通ID": "E1222500029111",
        "施設・場所名": "神門コミュニティセンター",
        "住所": "千葉県君津市人見1462-41",
        "指定緊急避難場所との住所同一": "1",
        "その他市町村長が必要と認める事項": null,
        "受入対象者": null,
        "備考": ""
      }
    },
    {
      "type": "Feature",
      "geometry": {
        "type": "Point",
        "coordinates": [
          139.874383,
          35.330166
        ]
      },
      "properties": {
        "NO": "371",
        "共通ID": "E1222500031111",
        "施設・場所名": "周西公民館",
        "住所": "千葉県君津市人見4-11-21",
        "指定緊急避難場所との住所同一": "1",
        "その他市町村長が必要と認める事項": null,
        "受入対象者": null,
        "備考": ""
      }
    },
    {
      "type": "Feature",
      "geometry": {
        "type": "Point",
        "coordinates": [
          139.873461,
          35.330266
        ]
      },
      "properties": {
        "NO": "372",
        "共通ID": "E1222500032111",
        "施設・場所名": "人見こども園",
        "住所": "千葉県君津市人見4-11-28",
        "指定緊急避難場所との住所同一": "1",
        "その他市町村長が必要と認める事項": null,
        "受入対象者": null,
        "備考": ""
      }
    },
    {
      "type": "Feature",
      "geometry": {
        "type": "Point",
        "coordinates": [
          140.025462,
          35.218683
        ]
      },
      "properties": {
        "NO": "373",
        "共通ID": "E1222500034111",
        "施設・場所名": "旧三島小学校",
        "住所": "千葉県君津市正木149",
        "指定緊急避難場所との住所同一": "1",
        "その他市町村長が必要と認める事項": null,
        "受入対象者": null,
        "備考": ""
      }
    },
    {
      "type": "Feature",
      "geometry": {
        "type": "Point",
        "coordinates": [
          139.996265,
          35.253886
        ]
      },
      "properties": {
        "NO": "374",
        "共通ID": "E1222500075112",
        "施設・場所名": "清和地域拠点複合施設",
        "住所": "千葉県君津市西粟倉36",
        "指定緊急避難場所との住所同一": "1",
        "その他市町村長が必要と認める事項": "",
        "受入対象者": "",
        "備考": ""
      }
    },
    {
      "type": "Feature",
      "geometry": {
        "type": "Point",
        "coordinates": [
          140.072051,
          35.300903
        ]
      },
      "properties": {
        "NO": "375",
        "共通ID": "E1222500039111",
        "施設・場所名": "君津青葉高等学校",
        "住所": "千葉県君津市青柳48",
        "指定緊急避難場所との住所同一": "1",
        "その他市町村長が必要と認める事項": null,
        "受入対象者": null,
        "備考": ""
      }
    },
    {
      "type": "Feature",
      "geometry": {
        "type": "Point",
        "coordinates": [
          140.126786,
          35.229166
        ]
      },
      "properties": {
        "NO": "376",
        "共通ID": "E1222500040111",
        "施設・場所名": "旧蔵玉小学校",
        "住所": "千葉県君津市蔵玉1052",
        "指定緊急避難場所との住所同一": "1",
        "その他市町村長が必要と認める事項": null,
        "受入対象者": null,
        "備考": ""
      }
    },
    {
      "type": "Feature",
      "geometry": {
        "type": "Point",
        "coordinates": [
          139.901841,
          35.326415
        ]
      },
      "properties": {
        "NO": "377",
        "共通ID": "E1222500041111",
        "施設・場所名": "旧久保保育園",
        "住所": "千葉県君津市台2-15-16",
        "指定緊急避難場所との住所同一": "1",
        "その他市町村長が必要と認める事項": "",
        "受入対象者": "",
        "備考": ""
      }
    },
    {
      "type": "Feature",
      "geometry": {
        "type": "Point",
        "coordinates": [
          139.987353,
          35.290595
        ]
      },
      "properties": {
        "NO": "378",
        "共通ID": "E1222500042111",
        "施設・場所名": "旧小糸小学校",
        "住所": "千葉県君津市大井戸1061",
        "指定緊急避難場所との住所同一": "1",
        "その他市町村長が必要と認める事項": null,
        "受入対象者": null,
        "備考": ""
      }
    },
    {
      "type": "Feature",
      "geometry": {
        "type": "Point",
        "coordinates": [
          139.985351,
          35.290798
        ]
      },
      "properties": {
        "NO": "379",
        "共通ID": "E1222500043111",
        "施設・場所名": "小糸保育園",
        "住所": "千葉県君津市大井戸467-2",
        "指定緊急避難場所との住所同一": "1",
        "その他市町村長が必要と認める事項": null,
        "受入対象者": null,
        "備考": ""
      }
    },
    {
      "type": "Feature",
      "geometry": {
        "type": "Point",
        "coordinates": [
          139.93018,
          35.295541
        ]
      },
      "properties": {
        "NO": "380",
        "共通ID": "E1222500044111",
        "施設・場所名": "周南公民館",
        "住所": "千葉県君津市大山野26",
        "指定緊急避難場所との住所同一": "1",
        "その他市町村長が必要と認める事項": null,
        "受入対象者": null,
        "備考": ""
      }
    },
    {
      "type": "Feature",
      "geometry": {
        "type": "Point",
        "coordinates": [
          139.880479,
          35.340858
        ]
      },
      "properties": {
        "NO": "381",
        "共通ID": "E1222500046111",
        "施設・場所名": "周西の丘小学校",
        "住所": "千葉県君津市大和田425",
        "指定緊急避難場所との住所同一": "1",
        "その他市町村長が必要と認める事項": null,
        "受入対象者": null,
        "備考": ""
      }
    },
    {
      "type": "Feature",
      "geometry": {
        "type": "Point",
        "coordinates": [
          139.956608,
          35.30483
        ]
      },
      "properties": {
        "NO": "382",
        "共通ID": "E1222500047111",
        "施設・場所名": "中保育園",
        "住所": "千葉県君津市中島252-1",
        "指定緊急避難場所との住所同一": "1",
        "その他市町村長が必要と認める事項": null,
        "受入対象者": null,
        "備考": ""
      }
    },
    {
      "type": "Feature",
      "geometry": {
        "type": "Point",
        "coordinates": [
          139.958591,
          35.304353
        ]
      },
      "properties": {
        "NO": "383",
        "共通ID": "E1222500049111",
        "施設・場所名": "小糸小学校",
        "住所": "千葉県君津市中島678",
        "指定緊急避難場所との住所同一": "1",
        "その他市町村長が必要と認める事項": null,
        "受入対象者": null,
        "備考": ""
      }
    },
    {
      "type": "Feature",
      "geometry": {
        "type": "Point",
        "coordinates": [
          139.897089,
          35.32706
        ]
      },
      "properties": {
        "NO": "384",
        "共通ID": "E1222500050111",
        "施設・場所名": "周西南中学校",
        "住所": "千葉県君津市中野2-30-1",
        "指定緊急避難場所との住所同一": "1",
        "その他市町村長が必要と認める事項": null,
        "受入対象者": null,
        "備考": ""
      }
    },
    {
      "type": "Feature",
      "geometry": {
        "type": "Point",
        "coordinates": [
          139.888908,
          35.32954
        ]
      },
      "properties": {
        "NO": "385",
        "共通ID": "E1222500051111",
        "施設・場所名": "周西小学校",
        "住所": "千葉県君津市中野3-14-1",
        "指定緊急避難場所との住所同一": "1",
        "その他市町村長が必要と認める事項": null,
        "受入対象者": null,
        "備考": ""
      }
    },
    {
      "type": "Feature",
      "geometry": {
        "type": "Point",
        "coordinates": [
          139.979604,
          35.299998
        ]
      },
      "properties": {
        "NO": "386",
        "共通ID": "E1222500052111",
        "施設・場所名": "周東中学校",
        "住所": "千葉県君津市塚原120",
        "指定緊急避難場所との住所同一": "1",
        "その他市町村長が必要と認める事項": null,
        "受入対象者": null,
        "備考": ""
      }
    },
    {
      "type": "Feature",
      "geometry": {
        "type": "Point",
        "coordinates": [
          140.117066,
          35.267127
        ]
      },
      "properties": {
        "NO": "387",
        "共通ID": "E1222500055111",
        "施設・場所名": "旧福野小学校",
        "住所": "千葉県君津市怒田923",
        "指定緊急避難場所との住所同一": "1",
        "その他市町村長が必要と認める事項": null,
        "受入対象者": null,
        "備考": ""
      }
    },
    {
      "type": "Feature",
      "geometry": {
        "type": "Point",
        "coordinates": [
          140.00277,
          35.234078
        ]
      },
      "properties": {
        "NO": "388",
        "共通ID": "E1222500056111",
        "施設・場所名": "旧清和保育園",
        "住所": "千葉県君津市東日笠515",
        "指定緊急避難場所との住所同一": "1",
        "その他市町村長が必要と認める事項": "",
        "受入対象者": "",
        "備考": ""
      }
    },
    {
      "type": "Feature",
      "geometry": {
        "type": "Point",
        "coordinates": [
          140.001628,
          35.234705
        ]
      },
      "properties": {
        "NO": "389",
        "共通ID": "E1222500057111",
        "施設・場所名": "清和小学校",
        "住所": "千葉県君津市東日笠522",
        "指定緊急避難場所との住所同一": "1",
        "その他市町村長が必要と認める事項": null,
        "受入対象者": null,
        "備考": ""
      }
    },
    {
      "type": "Feature",
      "geometry": {
        "type": "Point",
        "coordinates": [
          139.927737,
          35.324015
        ]
      },
      "properties": {
        "NO": "390",
        "共通ID": "E1222500058111",
        "施設・場所名": "内みのわ運動公園",
        "住所": "千葉県君津市内箕輪1-1-1",
        "指定緊急避難場所との住所同一": "1",
        "その他市町村長が必要と認める事項": null,
        "受入対象者": null,
        "備考": ""
      }
    },
    {
      "type": "Feature",
      "geometry": {
        "type": "Point",
        "coordinates": [
          139.931948,
          35.322684
        ]
      },
      "properties": {
        "NO": "391",
        "共通ID": "E1222500059111",
        "施設・場所名": "旧内箕輪保育園",
        "住所": "千葉県君津市内箕輪61-1",
        "指定緊急避難場所との住所同一": "",
        "その他市町村長が必要と認める事項": "",
        "受入対象者": "",
        "備考": ""
      }
    },
    {
      "type": "Feature",
      "geometry": {
        "type": "Point",
        "coordinates": [
          139.915997,
          35.326003
        ]
      },
      "properties": {
        "NO": "392",
        "共通ID": "E1222500061111",
        "施設・場所名": "旧南子安保育園",
        "住所": "千葉県君津市南子安3-27-1",
        "指定緊急避難場所との住所同一": "1",
        "その他市町村長が必要と認める事項": "",
        "受入対象者": "",
        "備考": ""
      }
    },
    {
      "type": "Feature",
      "geometry": {
        "type": "Point",
        "coordinates": [
          139.916162,
          35.324924
        ]
      },
      "properties": {
        "NO": "393",
        "共通ID": "E1222500062111",
        "施設・場所名": "南子安小学校",
        "住所": "千葉県君津市南子安5-10-1",
        "指定緊急避難場所との住所同一": "1",
        "その他市町村長が必要と認める事項": null,
        "受入対象者": null,
        "備考": ""
      }
    },
    {
      "type": "Feature",
      "geometry": {
        "type": "Point",
        "coordinates": [
          139.928679,
          35.327908
        ]
      },
      "properties": {
        "NO": "394",
        "共通ID": "E1222500063111",
        "施設・場所名": "八重原小学校",
        "住所": "千葉県君津市南子安9-17-1",
        "指定緊急避難場所との住所同一": "1",
        "その他市町村長が必要と認める事項": null,
        "受入対象者": null,
        "備考": ""
      }
    },
    {
      "type": "Feature",
      "geometry": {
        "type": "Point",
        "coordinates": [
          139.929993,
          35.327942
        ]
      },
      "properties": {
        "NO": "395",
        "共通ID": "E1222500064111",
        "施設・場所名": "八重原公民館",
        "住所": "千葉県君津市南子安9-17-2",
        "指定緊急避難場所との住所同一": "1",
        "その他市町村長が必要と認める事項": null,
        "受入対象者": null,
        "備考": ""
      }
    },
    {
      "type": "Feature",
      "geometry": {
        "type": "Point",
        "coordinates": [
          140.053438,
          35.32277
        ]
      },
      "properties": {
        "NO": "396",
        "共通ID": "E1222500065111",
        "施設・場所名": "上総小櫃中学校",
        "住所": "千葉県君津市俵田1110",
        "指定緊急避難場所との住所同一": "1",
        "その他市町村長が必要と認める事項": null,
        "受入対象者": null,
        "備考": ""
      }
    },
    {
      "type": "Feature",
      "geometry": {
        "type": "Point",
        "coordinates": [
          140.059133,
          35.322079
        ]
      },
      "properties": {
        "NO": "397",
        "共通ID": "E1222500066111",
        "施設・場所名": "小櫃小学校",
        "住所": "千葉県君津市俵田1416",
        "指定緊急避難場所との住所同一": "1",
        "その他市町村長が必要と認める事項": null,
        "受入対象者": null,
        "備考": ""
      }
    },
    {
      "type": "Feature",
      "geometry": {
        "type": "Point",
        "coordinates": [
          139.918132,
          35.336841
        ]
      },
      "properties": {
        "NO": "398",
        "共通ID": "E1222500067111",
        "施設・場所名": "北子安小学校",
        "住所": "千葉県君津市北子安853",
        "指定緊急避難場所との住所同一": "1",
        "その他市町村長が必要と認める事項": null,
        "受入対象者": null,
        "備考": ""
      }
    },
    {
      "type": "Feature",
      "geometry": {
        "type": "Point",
        "coordinates": [
          140.057394,
          35.324324
        ]
      },
      "properties": {
        "NO": "399",
        "共通ID": "E1222500073111",
        "施設・場所名": "老人憩いの家　すえよし",
        "住所": "千葉県君津市末吉1068-3",
        "指定緊急避難場所との住所同一": "1",
        "その他市町村長が必要と認める事項": null,
        "受入対象者": null,
        "備考": ""
      }
    },
    {
      "type": "Feature",
      "geometry": {
        "type": "Point",
        "coordinates": [
          140.059175,
          35.327811
        ]
      },
      "properties": {
        "NO": "400",
        "共通ID": "E1222500069111",
        "施設・場所名": "小櫃公民館",
        "住所": "千葉県君津市末吉128",
        "指定緊急避難場所との住所同一": "1",
        "その他市町村長が必要と認める事項": null,
        "受入対象者": null,
        "備考": ""
      }
    },
    {
      "type": "Feature",
      "geometry": {
        "type": "Point",
        "coordinates": [
          140.064123,
          35.330097
        ]
      },
      "properties": {
        "NO": "401",
        "共通ID": "E1222500070111",
        "施設・場所名": "小櫃保育園",
        "住所": "千葉県君津市末吉437-1",
        "指定緊急避難場所との住所同一": "1",
        "その他市町村長が必要と認める事項": null,
        "受入対象者": null,
        "備考": ""
      }
    },
    {
      "type": "Feature",
      "geometry": {
        "type": "Point",
        "coordinates": [
          139.910483,
          35.326785
        ]
      },
      "properties": {
        "NO": "402",
        "共通ID": "E1222500071111",
        "施設・場所名": "君津中学校",
        "住所": "千葉県君津市杢師1-10-1",
        "指定緊急避難場所との住所同一": "1",
        "その他市町村長が必要と認める事項": null,
        "受入対象者": null,
        "備考": ""
      }
    },
    {
      "type": "Feature",
      "geometry": {
        "type": "Point",
        "coordinates": [
          140.364846,
          35.185487
        ]
      },
      "properties": {
        "NO": "403",
        "共通ID": "E1244300001111",
        "施設・場所名": "旧岩和田小学校",
        "住所": "千葉県御宿町岩和田1077",
        "指定緊急避難場所との住所同一": "1",
        "その他市町村長が必要と認める事項": null,
        "受入対象者": null,
        "備考": ""
      }
    },
    {
      "type": "Feature",
      "geometry": {
        "type": "Point",
        "coordinates": [
          140.345533,
          35.215703
        ]
      },
      "properties": {
        "NO": "404",
        "共通ID": "E1244300002111",
        "施設・場所名": "旧布施小学校",
        "住所": "千葉県御宿町上布施909",
        "指定緊急避難場所との住所同一": "1",
        "その他市町村長が必要と認める事項": "",
        "受入対象者": "",
        "備考": ""
      }
    },
    {
      "type": "Feature",
      "geometry": {
        "type": "Point",
        "coordinates": [
          140.345463,
          35.215542
        ]
      },
      "properties": {
        "NO": "405",
        "共通ID": "E1223800038111",
        "施設・場所名": "布施小学校",
        "住所": "千葉県御宿町上布施909",
        "指定緊急避難場所との住所同一": "1",
        "その他市町村長が必要と認める事項": "",
        "受入対象者": "",
        "備考": ""
      }
    },
    {
      "type": "Feature",
      "geometry": {
        "type": "Point",
        "coordinates": [
          140.361403,
          35.193393
        ]
      },
      "properties": {
        "NO": "406",
        "共通ID": "E1244300003111",
        "施設・場所名": "御宿中学校",
        "住所": "千葉県御宿町新町68-2",
        "指定緊急避難場所との住所同一": "1",
        "その他市町村長が必要と認める事項": null,
        "受入対象者": null,
        "備考": ""
      }
    },
    {
      "type": "Feature",
      "geometry": {
        "type": "Point",
        "coordinates": [
          140.621297,
          35.844086
        ]
      },
      "properties": {
        "NO": "407",
        "共通ID": "E1223600001111",
        "施設・場所名": "小見川東小学校体育館",
        "住所": "千葉県香取市阿玉川728",
        "指定緊急避難場所との住所同一": "1",
        "その他市町村長が必要と認める事項": null,
        "受入対象者": null,
        "備考": ""
      }
    },
    {
      "type": "Feature",
      "geometry": {
        "type": "Point",
        "coordinates": [
          140.586441,
          35.89911
        ]
      },
      "properties": {
        "NO": "408",
        "共通ID": "E1223600003111",
        "施設・場所名": "グッドライフ香取（みはる園）（旧小見川北小学校利北分校）",
        "住所": "千葉県香取市一ノ分目番外7-3",
        "指定緊急避難場所との住所同一": "1",
        "その他市町村長が必要と認める事項": null,
        "受入対象者": null,
        "備考": ""
      }
    },
    {
      "type": "Feature",
      "geometry": {
        "type": "Point",
        "coordinates": [
          140.602162,
          35.846787
        ]
      },
      "properties": {
        "NO": "409",
        "共通ID": "E1223600004111",
        "施設・場所名": "小見川市民センター",
        "住所": "千葉県香取市羽根川38",
        "指定緊急避難場所との住所同一": "1",
        "その他市町村長が必要と認める事項": null,
        "受入対象者": null,
        "備考": ""
      }
    },
    {
      "type": "Feature",
      "geometry": {
        "type": "Point",
        "coordinates": [
          140.524408,
          35.855406
        ]
      },
      "properties": {
        "NO": "410",
        "共通ID": "E1223600005111",
        "施設・場所名": "旧神南小学校体育館",
        "住所": "千葉県香取市下小野1599",
        "指定緊急避難場所との住所同一": "1",
        "その他市町村長が必要と認める事項": null,
        "受入対象者": null,
        "備考": ""
      }
    },
    {
      "type": "Feature",
      "geometry": {
        "type": "Point",
        "coordinates": [
          140.54095,
          35.927601
        ]
      },
      "properties": {
        "NO": "411",
        "共通ID": "E1223600006111",
        "施設・場所名": "新島小学校体育館",
        "住所": "千葉県香取市加藤洲685",
        "指定緊急避難場所との住所同一": "1",
        "その他市町村長が必要と認める事項": null,
        "受入対象者": null,
        "備考": ""
      }
    },
    {
      "type": "Feature",
      "geometry": {
        "type": "Point",
        "coordinates": [
          140.482178,
          35.869868
        ]
      },
      "properties": {
        "NO": "412",
        "共通ID": "E1223600008111",
        "施設・場所名": "竟成小学校体育館",
        "住所": "千葉県香取市観音481",
        "指定緊急避難場所との住所同一": "1",
        "その他市町村長が必要と認める事項": null,
        "受入対象者": null,
        "備考": ""
      }
    },
    {
      "type": "Feature",
      "geometry": {
        "type": "Point",
        "coordinates": [
          140.508045,
          35.812483
        ]
      },
      "properties": {
        "NO": "413",
        "共通ID": "E1223600010111",
        "施設・場所名": "栗源Ｂ＆Ｇ海洋センター",
        "住所": "千葉県香取市岩部1045-1",
        "指定緊急避難場所との住所同一": "1",
        "その他市町村長が必要と認める事項": null,
        "受入対象者": null,
        "備考": ""
      }
    },
    {
      "type": "Feature",
      "geometry": {
        "type": "Point",
        "coordinates": [
          140.507701,
          35.813686
        ]
      },
      "properties": {
        "NO": "414",
        "共通ID": "E1223600011111",
        "施設・場所名": "栗源中学校体育館",
        "住所": "千葉県香取市岩部1051-1",
        "指定緊急避難場所との住所同一": "1",
        "その他市町村長が必要と認める事項": null,
        "受入対象者": null,
        "備考": ""
      }
    },
    {
      "type": "Feature",
      "geometry": {
        "type": "Point",
        "coordinates": [
          140.507857,
          35.811706
        ]
      },
      "properties": {
        "NO": "415",
        "共通ID": "E1223600012111",
        "施設・場所名": "栗源小学校体育館",
        "住所": "千葉県香取市岩部5025",
        "指定緊急避難場所との住所同一": "1",
        "その他市町村長が必要と認める事項": null,
        "受入対象者": null,
        "備考": ""
      }
    },
    {
      "type": "Feature",
      "geometry": {
        "type": "Point",
        "coordinates": [
          140.50188,
          35.810071
        ]
      },
      "properties": {
        "NO": "416",
        "共通ID": "E1223600013111",
        "施設・場所名": "栗源市民センター",
        "住所": "千葉県香取市岩部700",
        "指定緊急避難場所との住所同一": "1",
        "その他市町村長が必要と認める事項": null,
        "受入対象者": null,
        "備考": ""
      }
    },
    {
      "type": "Feature",
      "geometry": {
        "type": "Point",
        "coordinates": [
          140.570017,
          35.779199
        ]
      },
      "properties": {
        "NO": "417",
        "共通ID": "E1223600015111",
        "施設・場所名": "旧第一山倉小学校体育館",
        "住所": "千葉県香取市桐谷1020",
        "指定緊急避難場所との住所同一": "1",
        "その他市町村長が必要と認める事項": null,
        "受入対象者": null,
        "備考": ""
      }
    },
    {
      "type": "Feature",
      "geometry": {
        "type": "Point",
        "coordinates": [
          140.50449,
          35.843546
        ]
      },
      "properties": {
        "NO": "418",
        "共通ID": "E1223600016111",
        "施設・場所名": "わらびが丘小学校体育館",
        "住所": "千葉県香取市九美上29-1",
        "指定緊急避難場所との住所同一": "1",
        "その他市町村長が必要と認める事項": null,
        "受入対象者": null,
        "備考": ""
      }
    },
    {
      "type": "Feature",
      "geometry": {
        "type": "Point",
        "coordinates": [
          140.630807,
          35.817647
        ]
      },
      "properties": {
        "NO": "419",
        "共通ID": "E1223600017111",
        "施設・場所名": "旧小見川南小学校体育館",
        "住所": "千葉県香取市五郷内2218",
        "指定緊急避難場所との住所同一": "1",
        "その他市町村長が必要と認める事項": null,
        "受入対象者": null,
        "備考": ""
      }
    },
    {
      "type": "Feature",
      "geometry": {
        "type": "Point",
        "coordinates": [
          140.527138,
          35.882634
        ]
      },
      "properties": {
        "NO": "420",
        "共通ID": "E1223600019111",
        "施設・場所名": "香取小学校体育館",
        "住所": "千葉県香取市香取1875",
        "指定緊急避難場所との住所同一": "1",
        "その他市町村長が必要と認める事項": null,
        "受入対象者": null,
        "備考": ""
      }
    },
    {
      "type": "Feature",
      "geometry": {
        "type": "Point",
        "coordinates": [
          140.533531,
          35.817771
        ]
      },
      "properties": {
        "NO": "421",
        "共通ID": "E1223600020111",
        "施設・場所名": "高萩福祉センター（旧高萩小学校体育館）",
        "住所": "千葉県香取市高萩1100",
        "指定緊急避難場所との住所同一": "",
        "その他市町村長が必要と認める事項": null,
        "受入対象者": null,
        "備考": ""
      }
    },
    {
      "type": "Feature",
      "geometry": {
        "type": "Point",
        "coordinates": [
          140.498637,
          35.884561
        ]
      },
      "properties": {
        "NO": "422",
        "共通ID": "E1223600022111",
        "施設・場所名": "佐原小学校体育館",
        "住所": "千葉県香取市佐原イ1870",
        "指定緊急避難場所との住所同一": "1",
        "その他市町村長が必要と認める事項": null,
        "受入対象者": null,
        "備考": ""
      }
    },
    {
      "type": "Feature",
      "geometry": {
        "type": "Point",
        "coordinates": [
          140.495328,
          35.894826
        ]
      },
      "properties": {
        "NO": "423",
        "共通ID": "E1223600023111",
        "施設・場所名": "香取市民体育館",
        "住所": "千葉県香取市佐原イ211",
        "指定緊急避難場所との住所同一": "1",
        "その他市町村長が必要と認める事項": "",
        "受入対象者": "",
        "備考": ""
      }
    },
    {
      "type": "Feature",
      "geometry": {
        "type": "Point",
        "coordinates": [
          140.506374,
          35.888312
        ]
      },
      "properties": {
        "NO": "424",
        "共通ID": "E1223600024111",
        "施設・場所名": "佐原高等学校体育館",
        "住所": "千葉県香取市佐原イ2685",
        "指定緊急避難場所との住所同一": "1",
        "その他市町村長が必要と認める事項": null,
        "受入対象者": null,
        "備考": ""
      }
    },
    {
      "type": "Feature",
      "geometry": {
        "type": "Point",
        "coordinates": [
          140.498269,
          35.912429
        ]
      },
      "properties": {
        "NO": "425",
        "共通ID": "E1223600026111",
        "施設・場所名": "北佐原小学校体育館",
        "住所": "千葉県香取市佐原ニ1676",
        "指定緊急避難場所との住所同一": "1",
        "その他市町村長が必要と認める事項": null,
        "受入対象者": null,
        "備考": ""
      }
    },
    {
      "type": "Feature",
      "geometry": {
        "type": "Point",
        "coordinates": [
          140.523167,
          35.933667
        ]
      },
      "properties": {
        "NO": "426",
        "共通ID": "E1223600027111",
        "施設・場所名": "新島中学校体育館",
        "住所": "千葉県香取市佐原ハ4428",
        "指定緊急避難場所との住所同一": "1",
        "その他市町村長が必要と認める事項": null,
        "受入対象者": null,
        "備考": ""
      }
    },
    {
      "type": "Feature",
      "geometry": {
        "type": "Point",
        "coordinates": [
          140.499905,
          35.89656
        ]
      },
      "properties": {
        "NO": "427",
        "共通ID": "E1223600029111",
        "施設・場所名": "佐原中学校体育館",
        "住所": "千葉県香取市佐原ロ2124-1",
        "指定緊急避難場所との住所同一": "1",
        "その他市町村長が必要と認める事項": null,
        "受入対象者": null,
        "備考": ""
      }
    },
    {
      "type": "Feature",
      "geometry": {
        "type": "Point",
        "coordinates": [
          140.535545,
          35.784547
        ]
      },
      "properties": {
        "NO": "428",
        "共通ID": "E1223600030111",
        "施設・場所名": "旧山倉小学校体育館",
        "住所": "千葉県香取市山倉672",
        "指定緊急避難場所との住所同一": "1",
        "その他市町村長が必要と認める事項": null,
        "受入対象者": null,
        "備考": ""
      }
    },
    {
      "type": "Feature",
      "geometry": {
        "type": "Point",
        "coordinates": [
          140.591062,
          35.829023
        ]
      },
      "properties": {
        "NO": "429",
        "共通ID": "E1223600032111",
        "施設・場所名": "旧八都小学校体育館",
        "住所": "千葉県香取市小見1025",
        "指定緊急避難場所との住所同一": "1",
        "その他市町村長が必要と認める事項": null,
        "受入対象者": null,
        "備考": ""
      }
    },
    {
      "type": "Feature",
      "geometry": {
        "type": "Point",
        "coordinates": [
          140.589134,
          35.857532
        ]
      },
      "properties": {
        "NO": "430",
        "共通ID": "E1223600034111",
        "施設・場所名": "小見川中学校体育館",
        "住所": "千葉県香取市小見川4685",
        "指定緊急避難場所との住所同一": "1",
        "その他市町村長が必要と認める事項": null,
        "受入対象者": null,
        "備考": ""
      }
    },
    {
      "type": "Feature",
      "geometry": {
        "type": "Point",
        "coordinates": [
          140.591665,
          35.859668
        ]
      },
      "properties": {
        "NO": "431",
        "共通ID": "E1223600035111",
        "施設・場所名": "小見川高等学校体育館",
        "住所": "千葉県香取市小見川4735-1",
        "指定緊急避難場所との住所同一": "1",
        "その他市町村長が必要と認める事項": null,
        "受入対象者": null,
        "備考": ""
      }
    },
    {
      "type": "Feature",
      "geometry": {
        "type": "Point",
        "coordinates": [
          140.613491,
          35.855778
        ]
      },
      "properties": {
        "NO": "432",
        "共通ID": "E1223600038111",
        "施設・場所名": "小見川Ｂ＆Ｇ海洋センター",
        "住所": "千葉県香取市小見川4866-736",
        "指定緊急避難場所との住所同一": "",
        "その他市町村長が必要と認める事項": null,
        "受入対象者": null,
        "備考": ""
      }
    },
    {
      "type": "Feature",
      "geometry": {
        "type": "Point",
        "coordinates": [
          140.615826,
          35.854155
        ]
      },
      "properties": {
        "NO": "433",
        "共通ID": "E1223600039111",
        "施設・場所名": "小見川スポーツ・コミュニティセンター",
        "住所": "千葉県香取市小見川5218",
        "指定緊急避難場所との住所同一": "",
        "その他市町村長が必要と認める事項": null,
        "受入対象者": null,
        "備考": ""
      }
    },
    {
      "type": "Feature",
      "geometry": {
        "type": "Point",
        "coordinates": [
          140.617099,
          35.85433
        ]
      },
      "properties": {
        "NO": "434",
        "共通ID": "E1223600040111",
        "施設・場所名": "水郷小見川青少年自然の家体育館",
        "住所": "千葉県香取市小見川5249-1",
        "指定緊急避難場所との住所同一": "1",
        "その他市町村長が必要と認める事項": null,
        "受入対象者": null,
        "備考": ""
      }
    },
    {
      "type": "Feature",
      "geometry": {
        "type": "Point",
        "coordinates": [
          140.605736,
          35.852083
        ]
      },
      "properties": {
        "NO": "435",
        "共通ID": "E1223600041111",
        "施設・場所名": "小見川中央小学校体育館",
        "住所": "千葉県香取市小見川94",
        "指定緊急避難場所との住所同一": "1",
        "その他市町村長が必要と認める事項": null,
        "受入対象者": null,
        "備考": ""
      }
    },
    {
      "type": "Feature",
      "geometry": {
        "type": "Point",
        "coordinates": [
          140.564159,
          35.809452
        ]
      },
      "properties": {
        "NO": "436",
        "共通ID": "E1223600045111",
        "施設・場所名": "旧八都第二小学校体育館",
        "住所": "千葉県香取市仁良1038-1",
        "指定緊急避難場所との住所同一": "1",
        "その他市町村長が必要と認める事項": null,
        "受入対象者": null,
        "備考": ""
      }
    },
    {
      "type": "Feature",
      "geometry": {
        "type": "Point",
        "coordinates": [
          140.572525,
          35.808288
        ]
      },
      "properties": {
        "NO": "437",
        "共通ID": "E1223600047112",
        "施設・場所名": "山田中学校体育館",
        "住所": "千葉県香取市仁良356-1",
        "指定緊急避難場所との住所同一": "1",
        "その他市町村長が必要と認める事項": null,
        "受入対象者": null,
        "備考": ""
      }
    },
    {
      "type": "Feature",
      "geometry": {
        "type": "Point",
        "coordinates": [
          140.574777,
          35.807252
        ]
      },
      "properties": {
        "NO": "438",
        "共通ID": "E1223600047111",
        "施設・場所名": "山田小学校体育館",
        "住所": "千葉県香取市仁良356-1",
        "指定緊急避難場所との住所同一": "1",
        "その他市町村長が必要と認める事項": null,
        "受入対象者": null,
        "備考": ""
      }
    },
    {
      "type": "Feature",
      "geometry": {
        "type": "Point",
        "coordinates": [
          140.574907,
          35.808884
        ]
      },
      "properties": {
        "NO": "439",
        "共通ID": "E1223600048111",
        "施設・場所名": "山田Ｂ＆Ｇ海洋センター",
        "住所": "千葉県香取市仁良361-2",
        "指定緊急避難場所との住所同一": "",
        "その他市町村長が必要と認める事項": null,
        "受入対象者": null,
        "備考": ""
      }
    },
    {
      "type": "Feature",
      "geometry": {
        "type": "Point",
        "coordinates": [
          140.459006,
          35.887628
        ]
      },
      "properties": {
        "NO": "440",
        "共通ID": "E1223600052111",
        "施設・場所名": "東大戸小学校体育館",
        "住所": "千葉県香取市大戸877",
        "指定緊急避難場所との住所同一": "1",
        "その他市町村長が必要と認める事項": null,
        "受入対象者": null,
        "備考": ""
      }
    },
    {
      "type": "Feature",
      "geometry": {
        "type": "Point",
        "coordinates": [
          140.454701,
          35.887943
        ]
      },
      "properties": {
        "NO": "441",
        "共通ID": "E1223600053111",
        "施設・場所名": "佐原第五中学校体育館",
        "住所": "千葉県香取市大戸937",
        "指定緊急避難場所との住所同一": "1",
        "その他市町村長が必要と認める事項": null,
        "受入対象者": null,
        "備考": ""
      }
    },
    {
      "type": "Feature",
      "geometry": {
        "type": "Point",
        "coordinates": [
          140.566351,
          35.891074
        ]
      },
      "properties": {
        "NO": "442",
        "共通ID": "E1223600054111",
        "施設・場所名": "旧大倉小学校体育館",
        "住所": "千葉県香取市大倉501",
        "指定緊急避難場所との住所同一": "1",
        "その他市町村長が必要と認める事項": null,
        "受入対象者": null,
        "備考": ""
      }
    },
    {
      "type": "Feature",
      "geometry": {
        "type": "Point",
        "coordinates": [
          140.475908,
          35.805095
        ]
      },
      "properties": {
        "NO": "443",
        "共通ID": "E1223600057111",
        "施設・場所名": "旧沢小学校体育館",
        "住所": "千葉県香取市沢1813",
        "指定緊急避難場所との住所同一": "1",
        "その他市町村長が必要と認める事項": null,
        "受入対象者": null,
        "備考": ""
      }
    },
    {
      "type": "Feature",
      "geometry": {
        "type": "Point",
        "coordinates": [
          140.529285,
          35.89809
        ]
      },
      "properties": {
        "NO": "444",
        "共通ID": "E1223600060111",
        "施設・場所名": "水の郷小学校体育館",
        "住所": "千葉県香取市津宮1215",
        "指定緊急避難場所との住所同一": "1",
        "その他市町村長が必要と認める事項": null,
        "受入対象者": null,
        "備考": ""
      }
    },
    {
      "type": "Feature",
      "geometry": {
        "type": "Point",
        "coordinates": [
          140.533432,
          35.897429
        ]
      },
      "properties": {
        "NO": "445",
        "共通ID": "E1223600061111",
        "施設・場所名": "香取中学校体育館",
        "住所": "千葉県香取市津宮1440",
        "指定緊急避難場所との住所同一": "1",
        "その他市町村長が必要と認める事項": null,
        "受入対象者": null,
        "備考": ""
      }
    },
    {
      "type": "Feature",
      "geometry": {
        "type": "Point",
        "coordinates": [
          140.565665,
          35.843303
        ]
      },
      "properties": {
        "NO": "446",
        "共通ID": "E1223600062111",
        "施設・場所名": "小見川西小学校体育館",
        "住所": "千葉県香取市内野35",
        "指定緊急避難場所との住所同一": "1",
        "その他市町村長が必要と認める事項": null,
        "受入対象者": null,
        "備考": ""
      }
    },
    {
      "type": "Feature",
      "geometry": {
        "type": "Point",
        "coordinates": [
          140.505678,
          35.951065
        ]
      },
      "properties": {
        "NO": "447",
        "共通ID": "E1223600063111",
        "施設・場所名": "旧湖東小学校体育館",
        "住所": "千葉県香取市八筋川甲1993-2",
        "指定緊急避難場所との住所同一": "1",
        "その他市町村長が必要と認める事項": null,
        "受入対象者": null,
        "備考": ""
      }
    },
    {
      "type": "Feature",
      "geometry": {
        "type": "Point",
        "coordinates": [
          140.585636,
          35.87554
        ]
      },
      "properties": {
        "NO": "448",
        "共通ID": "E1223600064111",
        "施設・場所名": "小見川北小学校体育館",
        "住所": "千葉県香取市富田800",
        "指定緊急避難場所との住所同一": "1",
        "その他市町村長が必要と認める事項": null,
        "受入対象者": null,
        "備考": ""
      }
    },
    {
      "type": "Feature",
      "geometry": {
        "type": "Point",
        "coordinates": [
          140.605418,
          35.79106
        ]
      },
      "properties": {
        "NO": "449",
        "共通ID": "E1223600065111",
        "施設・場所名": "旧府馬小学校体育館",
        "住所": "千葉県香取市府馬3429-4",
        "指定緊急避難場所との住所同一": "1",
        "その他市町村長が必要と認める事項": null,
        "受入対象者": null,
        "備考": ""
      }
    },
    {
      "type": "Feature",
      "geometry": {
        "type": "Point",
        "coordinates": [
          140.483483,
          35.838176
        ]
      },
      "properties": {
        "NO": "450",
        "共通ID": "E1223600066111",
        "施設・場所名": "旧福田小学校体育館",
        "住所": "千葉県香取市福田240",
        "指定緊急避難場所との住所同一": "1",
        "その他市町村長が必要と認める事項": null,
        "受入対象者": null,
        "備考": ""
      }
    },
    {
      "type": "Feature",
      "geometry": {
        "type": "Point",
        "coordinates": [
          140.431996,
          35.888573
        ]
      },
      "properties": {
        "NO": "451",
        "共通ID": "E1223600068111",
        "施設・場所名": "瑞穂小学校体育館",
        "住所": "千葉県香取市堀之内1770-96",
        "指定緊急避難場所との住所同一": "1",
        "その他市町村長が必要と認める事項": null,
        "受入対象者": null,
        "備考": ""
      }
    },
    {
      "type": "Feature",
      "geometry": {
        "type": "Point",
        "coordinates": [
          140.601488,
          35.854782
        ]
      },
      "properties": {
        "NO": "452",
        "共通ID": "E1223600069111",
        "施設・場所名": "小見川社会福祉センター（さくら館）",
        "住所": "千葉県香取市本郷62",
        "指定緊急避難場所との住所同一": "1",
        "その他市町村長が必要と認める事項": null,
        "受入対象者": null,
        "備考": ""
      }
    },
    {
      "type": "Feature",
      "geometry": {
        "type": "Point",
        "coordinates": [
          140.156584,
          35.73812
        ]
      },
      "properties": {
        "NO": "453",
        "共通ID": "E1221200001111",
        "施設・場所名": "佐倉市立小竹小学校",
        "住所": "千葉県佐倉市ユーカリが丘5-5-1",
        "指定緊急避難場所との住所同一": "1",
        "その他市町村長が必要と認める事項": null,
        "受入対象者": null,
        "備考": ""
      }
    },
    {
      "type": "Feature",
      "geometry": {
        "type": "Point",
        "coordinates": [
          140.147044,
          35.723369
        ]
      },
      "properties": {
        "NO": "454",
        "共通ID": "E1221200002111",
        "施設・場所名": "佐倉市立志津中学校",
        "住所": "千葉県佐倉市井野1376",
        "指定緊急避難場所との住所同一": "1",
        "その他市町村長が必要と認める事項": null,
        "受入対象者": null,
        "備考": ""
      }
    },
    {
      "type": "Feature",
      "geometry": {
        "type": "Point",
        "coordinates": [
          140.207216,
          35.726792
        ]
      },
      "properties": {
        "NO": "455",
        "共通ID": "E1221200003111",
        "施設・場所名": "佐倉市立印南小学校",
        "住所": "千葉県佐倉市印南223-1",
        "指定緊急避難場所との住所同一": "1",
        "その他市町村長が必要と認める事項": null,
        "受入対象者": null,
        "備考": ""
      }
    },
    {
      "type": "Feature",
      "geometry": {
        "type": "Point",
        "coordinates": [
          140.191843,
          35.730648
        ]
      },
      "properties": {
        "NO": "456",
        "共通ID": "E1221200004111",
        "施設・場所名": "佐倉市立臼井中学校",
        "住所": "千葉県佐倉市臼井1530",
        "指定緊急避難場所との住所同一": "1",
        "その他市町村長が必要と認める事項": null,
        "受入対象者": null,
        "備考": ""
      }
    },
    {
      "type": "Feature",
      "geometry": {
        "type": "Point",
        "coordinates": [
          140.170352,
          35.73571
        ]
      },
      "properties": {
        "NO": "457",
        "共通ID": "E1221200005111",
        "施設・場所名": "佐倉市立臼井西中学校",
        "住所": "千葉県佐倉市臼井台1588",
        "指定緊急避難場所との住所同一": "1",
        "その他市町村長が必要と認める事項": null,
        "受入対象者": null,
        "備考": ""
      }
    },
    {
      "type": "Feature",
      "geometry": {
        "type": "Point",
        "coordinates": [
          140.182665,
          35.736608
        ]
      },
      "properties": {
        "NO": "458",
        "共通ID": "E1221200006111",
        "施設・場所名": "佐倉市立臼井小学校",
        "住所": "千葉県佐倉市臼井田2395",
        "指定緊急避難場所との住所同一": "1",
        "その他市町村長が必要と認める事項": null,
        "受入対象者": null,
        "備考": ""
      }
    },
    {
      "type": "Feature",
      "geometry": {
        "type": "Point",
        "coordinates": [
          140.187186,
          35.727109
        ]
      },
      "properties": {
        "NO": "459",
        "共通ID": "E1221200007111",
        "施設・場所名": "佐倉市立間野台小学校",
        "住所": "千葉県佐倉市王子台2-18",
        "指定緊急避難場所との住所同一": "1",
        "その他市町村長が必要と認める事項": null,
        "受入対象者": null,
        "備考": ""
      }
    },
    {
      "type": "Feature",
      "geometry": {
        "type": "Point",
        "coordinates": [
          140.175437,
          35.723242
        ]
      },
      "properties": {
        "NO": "460",
        "共通ID": "E1221200008111",
        "施設・場所名": "佐倉市立王子台小学校",
        "住所": "千葉県佐倉市王子台5-19",
        "指定緊急避難場所との住所同一": "1",
        "その他市町村長が必要と認める事項": null,
        "受入対象者": null,
        "備考": ""
      }
    },
    {
      "type": "Feature",
      "geometry": {
        "type": "Point",
        "coordinates": [
          140.170256,
          35.717759
        ]
      },
      "properties": {
        "NO": "461",
        "共通ID": "E1221200009111",
        "施設・場所名": "千葉県立佐倉西高等学校",
        "住所": "千葉県佐倉市下志津263",
        "指定緊急避難場所との住所同一": "1",
        "その他市町村長が必要と認める事項": null,
        "受入対象者": null,
        "備考": ""
      }
    },
    {
      "type": "Feature",
      "geometry": {
        "type": "Point",
        "coordinates": [
          140.166763,
          35.716356
        ]
      },
      "properties": {
        "NO": "462",
        "共通ID": "E1221200047121",
        "施設・場所名": "ケアハウス　くつろぎの里",
        "住所": "千葉県佐倉市下志津552",
        "指定緊急避難場所との住所同一": "",
        "その他市町村長が必要と認める事項": "市が特定した者",
        "受入対象者": "高齢者",
        "備考": ""
      }
    },
    {
      "type": "Feature",
      "geometry": {
        "type": "Point",
        "coordinates": [
          140.155869,
          35.703764
        ]
      },
      "properties": {
        "NO": "463",
        "共通ID": "E1221200010111",
        "施設・場所名": "佐倉市立南志津小学校",
        "住所": "千葉県佐倉市下志津原164-2",
        "指定緊急避難場所との住所同一": "1",
        "その他市町村長が必要と認める事項": null,
        "受入対象者": null,
        "備考": ""
      }
    },
    {
      "type": "Feature",
      "geometry": {
        "type": "Point",
        "coordinates": [
          140.237132,
          35.649799
        ]
      },
      "properties": {
        "NO": "464",
        "共通ID": "E1221200011111",
        "施設・場所名": "佐倉市立弥富小学校",
        "住所": "千葉県佐倉市岩富町145",
        "指定緊急避難場所との住所同一": "1",
        "その他市町村長が必要と認める事項": null,
        "受入対象者": null,
        "備考": ""
      }
    },
    {
      "type": "Feature",
      "geometry": {
        "type": "Point",
        "coordinates": [
          140.220183,
          35.738274
        ]
      },
      "properties": {
        "NO": "465",
        "共通ID": "E1221200049121",
        "施設・場所名": "特別養護老人ホーム　佐倉白翠園",
        "住所": "千葉県佐倉市岩名1011",
        "指定緊急避難場所との住所同一": "",
        "その他市町村長が必要と認める事項": "市が特定した者",
        "受入対象者": "高齢者",
        "備考": ""
      }
    },
    {
      "type": "Feature",
      "geometry": {
        "type": "Point",
        "coordinates": [
          140.223116,
          35.737418
        ]
      },
      "properties": {
        "NO": "466",
        "共通ID": "E1221200012111",
        "施設・場所名": "佐倉市立内郷小学校",
        "住所": "千葉県佐倉市岩名870",
        "指定緊急避難場所との住所同一": "1",
        "その他市町村長が必要と認める事項": null,
        "受入対象者": null,
        "備考": ""
      }
    },
    {
      "type": "Feature",
      "geometry": {
        "type": "Point",
        "coordinates": [
          140.188236,
          35.71071
        ]
      },
      "properties": {
        "NO": "467",
        "共通ID": "E1221200013111",
        "施設・場所名": "佐倉市立千代田小学校",
        "住所": "千葉県佐倉市吉見553",
        "指定緊急避難場所との住所同一": "1",
        "その他市町村長が必要と認める事項": null,
        "受入対象者": null,
        "備考": ""
      }
    },
    {
      "type": "Feature",
      "geometry": {
        "type": "Point",
        "coordinates": [
          140.150073,
          35.746215
        ]
      },
      "properties": {
        "NO": "468",
        "共通ID": "E1221200014111",
        "施設・場所名": "佐倉市立青菅小学校",
        "住所": "千葉県佐倉市宮ノ台1-17-1",
        "指定緊急避難場所との住所同一": "1",
        "その他市町村長が必要と認める事項": null,
        "受入対象者": null,
        "備考": ""
      }
    },
    {
      "type": "Feature",
      "geometry": {
        "type": "Point",
        "coordinates": [
          140.14644,
          35.741148
        ]
      },
      "properties": {
        "NO": "469",
        "共通ID": "E1221200015111",
        "施設・場所名": "佐倉市立井野中学校",
        "住所": "千葉県佐倉市宮ノ台3-9-1",
        "指定緊急避難場所との住所同一": "1",
        "その他市町村長が必要と認める事項": null,
        "受入対象者": null,
        "備考": ""
      }
    },
    {
      "type": "Feature",
      "geometry": {
        "type": "Point",
        "coordinates": [
          140.230667,
          35.735249
        ]
      },
      "properties": {
        "NO": "470",
        "共通ID": "E1221200041121",
        "施設・場所名": "佐倉市よもぎの園",
        "住所": "千葉県佐倉市宮前2-13-1",
        "指定緊急避難場所との住所同一": "",
        "その他市町村長が必要と認める事項": "市が特定した者",
        "受入対象者": "障害者",
        "備考": ""
      }
    },
    {
      "type": "Feature",
      "geometry": {
        "type": "Point",
        "coordinates": [
          140.238777,
          35.713345
        ]
      },
      "properties": {
        "NO": "471",
        "共通ID": "E1221200016111",
        "施設・場所名": "佐倉市立佐倉東中学校",
        "住所": "千葉県佐倉市高岡423-1",
        "指定緊急避難場所との住所同一": "1",
        "その他市町村長が必要と認める事項": null,
        "受入対象者": null,
        "備考": ""
      }
    },
    {
      "type": "Feature",
      "geometry": {
        "type": "Point",
        "coordinates": [
          140.208631,
          35.686217
        ]
      },
      "properties": {
        "NO": "472",
        "共通ID": "E1221200017111",
        "施設・場所名": "佐倉市立山王小学校",
        "住所": "千葉県佐倉市山王1-44",
        "指定緊急避難場所との住所同一": "1",
        "その他市町村長が必要と認める事項": null,
        "受入対象者": null,
        "備考": ""
      }
    },
    {
      "type": "Feature",
      "geometry": {
        "type": "Point",
        "coordinates": [
          140.215994,
          35.685327
        ]
      },
      "properties": {
        "NO": "473",
        "共通ID": "E1221200018111",
        "施設・場所名": "佐倉市立根郷中学校",
        "住所": "千葉県佐倉市山王2-37-1",
        "指定緊急避難場所との住所同一": "1",
        "その他市町村長が必要と認める事項": null,
        "受入対象者": null,
        "備考": ""
      }
    },
    {
      "type": "Feature",
      "geometry": {
        "type": "Point",
        "coordinates": [
          140.21474,
          35.685152
        ]
      },
      "properties": {
        "NO": "474",
        "共通ID": "E1221200046122",
        "施設・場所名": "リホープ",
        "住所": "千葉県佐倉市山王2-37-9",
        "指定緊急避難場所との住所同一": "",
        "その他市町村長が必要と認める事項": "市が特定した者",
        "受入対象者": "障害者",
        "備考": ""
      }
    },
    {
      "type": "Feature",
      "geometry": {
        "type": "Point",
        "coordinates": [
          140.215097,
          35.684173
        ]
      },
      "properties": {
        "NO": "475",
        "共通ID": "E1221200046123",
        "施設・場所名": "ルミエール",
        "住所": "千葉県佐倉市山王2-37-9",
        "指定緊急避難場所との住所同一": "",
        "その他市町村長が必要と認める事項": "市が特定した者",
        "受入対象者": "障害者",
        "備考": ""
      }
    },
    {
      "type": "Feature",
      "geometry": {
        "type": "Point",
        "coordinates": [
          140.214849,
          35.68472
        ]
      },
      "properties": {
        "NO": "476",
        "共通ID": "E1221200046121",
        "施設・場所名": "めいわ",
        "住所": "千葉県佐倉市山王2-37-9",
        "指定緊急避難場所との住所同一": "",
        "その他市町村長が必要と認める事項": "市が特定した者",
        "受入対象者": "障害者",
        "備考": ""
      }
    },
    {
      "type": "Feature",
      "geometry": {
        "type": "Point",
        "coordinates": [
          140.246333,
          35.725624
        ]
      },
      "properties": {
        "NO": "477",
        "共通ID": "E1221200019111",
        "施設・場所名": "佐倉市立佐倉東小学校",
        "住所": "千葉県佐倉市将門町7",
        "指定緊急避難場所との住所同一": "1",
        "その他市町村長が必要と認める事項": null,
        "受入対象者": null,
        "備考": ""
      }
    },
    {
      "type": "Feature",
      "geometry": {
        "type": "Point",
        "coordinates": [
          140.161699,
          35.725826
        ]
      },
      "properties": {
        "NO": "478",
        "共通ID": "E1221200020111",
        "施設・場所名": "佐倉市立志津小学校",
        "住所": "千葉県佐倉市上座1156-2",
        "指定緊急避難場所との住所同一": "1",
        "その他市町村長が必要と認める事項": null,
        "受入対象者": null,
        "備考": ""
      }
    },
    {
      "type": "Feature",
      "geometry": {
        "type": "Point",
        "coordinates": [
          140.150116,
          35.715124
        ]
      },
      "properties": {
        "NO": "479",
        "共通ID": "E1221200021111",
        "施設・場所名": "佐倉市立上志津小学校",
        "住所": "千葉県佐倉市上志津1752",
        "指定緊急避難場所との住所同一": "1",
        "その他市町村長が必要と認める事項": null,
        "受入対象者": null,
        "備考": ""
      }
    },
    {
      "type": "Feature",
      "geometry": {
        "type": "Point",
        "coordinates": [
          140.149813,
          35.705444
        ]
      },
      "properties": {
        "NO": "480",
        "共通ID": "E1221200022111",
        "施設・場所名": "佐倉市立上志津中学校",
        "住所": "千葉県佐倉市上志津866",
        "指定緊急避難場所との住所同一": "1",
        "その他市町村長が必要と認める事項": null,
        "受入対象者": null,
        "備考": ""
      }
    },
    {
      "type": "Feature",
      "geometry": {
        "type": "Point",
        "coordinates": [
          140.233389,
          35.689546
        ]
      },
      "properties": {
        "NO": "481",
        "共通ID": "E1221200050121",
        "施設・場所名": "松ヶ丘白翠園",
        "住所": "千葉県佐倉市城188-39",
        "指定緊急避難場所との住所同一": "",
        "その他市町村長が必要と認める事項": "市が特定した者",
        "受入対象者": "高齢者",
        "備考": ""
      }
    },
    {
      "type": "Feature",
      "geometry": {
        "type": "Point",
        "coordinates": [
          140.231375,
          35.693237
        ]
      },
      "properties": {
        "NO": "482",
        "共通ID": "E1221200023111",
        "施設・場所名": "佐倉市立根郷小学校",
        "住所": "千葉県佐倉市城454",
        "指定緊急避難場所との住所同一": "1",
        "その他市町村長が必要と認める事項": null,
        "受入対象者": null,
        "備考": ""
      }
    },
    {
      "type": "Feature",
      "geometry": {
        "type": "Point",
        "coordinates": [
          140.22278,
          35.719951
        ]
      },
      "properties": {
        "NO": "483",
        "共通ID": "E1221200024111",
        "施設・場所名": "佐倉市立佐倉中学校",
        "住所": "千葉県佐倉市城内町117-10",
        "指定緊急避難場所との住所同一": "1",
        "その他市町村長が必要と認める事項": null,
        "受入対象者": null,
        "備考": ""
      }
    },
    {
      "type": "Feature",
      "geometry": {
        "type": "Point",
        "coordinates": [
          140.220931,
          35.718539
        ]
      },
      "properties": {
        "NO": "484",
        "共通ID": "E1221200025111",
        "施設・場所名": "千葉県立佐倉東高等学校",
        "住所": "千葉県佐倉市城内町278",
        "指定緊急避難場所との住所同一": "1",
        "その他市町村長が必要と認める事項": null,
        "受入対象者": null,
        "備考": ""
      }
    },
    {
      "type": "Feature",
      "geometry": {
        "type": "Point",
        "coordinates": [
          140.234274,
          35.72089
        ]
      },
      "properties": {
        "NO": "485",
        "共通ID": "E1221200026111",
        "施設・場所名": "佐倉市立佐倉小学校",
        "住所": "千葉県佐倉市新町78-4",
        "指定緊急避難場所との住所同一": "1",
        "その他市町村長が必要と認める事項": null,
        "受入対象者": null,
        "備考": ""
      }
    },
    {
      "type": "Feature",
      "geometry": {
        "type": "Point",
        "coordinates": [
          140.23683,
          35.679281
        ]
      },
      "properties": {
        "NO": "486",
        "共通ID": "E1221200027111",
        "施設・場所名": "佐倉市立南部中学校",
        "住所": "千葉県佐倉市神門432-1",
        "指定緊急避難場所との住所同一": "1",
        "その他市町村長が必要と認める事項": null,
        "受入対象者": null,
        "備考": ""
      }
    },
    {
      "type": "Feature",
      "geometry": {
        "type": "Point",
        "coordinates": [
          140.146321,
          35.729466
        ]
      },
      "properties": {
        "NO": "487",
        "共通ID": "E1221200028111",
        "施設・場所名": "佐倉市立井野小学校",
        "住所": "千葉県佐倉市西ユーカリが丘3-1-6",
        "指定緊急避難場所との住所同一": "1",
        "その他市町村長が必要と認める事項": null,
        "受入対象者": null,
        "備考": ""
      }
    },
    {
      "type": "Feature",
      "geometry": {
        "type": "Point",
        "coordinates": [
          140.140836,
          35.711149
        ]
      },
      "properties": {
        "NO": "488",
        "共通ID": "E1221200029111",
        "施設・場所名": "佐倉市立西志津中学校",
        "住所": "千葉県佐倉市西志津4-18-1",
        "指定緊急避難場所との住所同一": "1",
        "その他市町村長が必要と認める事項": null,
        "受入対象者": null,
        "備考": ""
      }
    },
    {
      "type": "Feature",
      "geometry": {
        "type": "Point",
        "coordinates": [
          140.138817,
          35.705662
        ]
      },
      "properties": {
        "NO": "489",
        "共通ID": "E1221200030111",
        "施設・場所名": "佐倉市立西志津小学校",
        "住所": "千葉県佐倉市西志津7-2-1",
        "指定緊急避難場所との住所同一": "1",
        "その他市町村長が必要と認める事項": null,
        "受入対象者": null,
        "備考": ""
      }
    },
    {
      "type": "Feature",
      "geometry": {
        "type": "Point",
        "coordinates": [
          140.142239,
          35.745568
        ]
      },
      "properties": {
        "NO": "490",
        "共通ID": "E1221200044121",
        "施設・場所名": "特別養護老人ホーム　志津ユーカリ苑",
        "住所": "千葉県佐倉市青菅1008-7",
        "指定緊急避難場所との住所同一": "",
        "その他市町村長が必要と認める事項": "市が特定した者",
        "受入対象者": "高齢者",
        "備考": ""
      }
    },
    {
      "type": "Feature",
      "geometry": {
        "type": "Point",
        "coordinates": [
          140.141494,
          35.744461
        ]
      },
      "properties": {
        "NO": "491",
        "共通ID": "E1221200042121",
        "施設・場所名": "介護老人保健施設　ユーカリ優都苑",
        "住所": "千葉県佐倉市青菅1010-15",
        "指定緊急避難場所との住所同一": "",
        "その他市町村長が必要と認める事項": "市が特定した者",
        "受入対象者": "高齢者",
        "備考": ""
      }
    },
    {
      "type": "Feature",
      "geometry": {
        "type": "Point",
        "coordinates": [
          140.142595,
          35.744483
        ]
      },
      "properties": {
        "NO": "492",
        "共通ID": "E1221200043121",
        "施設・場所名": "特別養護老人ホーム　ユーカリゆうとの杜",
        "住所": "千葉県佐倉市青菅1023-14",
        "指定緊急避難場所との住所同一": "",
        "その他市町村長が必要と認める事項": "市が特定した者",
        "受入対象者": "高齢者",
        "備考": ""
      }
    },
    {
      "type": "Feature",
      "geometry": {
        "type": "Point",
        "coordinates": [
          140.228325,
          35.689012
        ]
      },
      "properties": {
        "NO": "493",
        "共通ID": "E1221200048121",
        "施設・場所名": "特別養護老人ホーム　ときわの杜",
        "住所": "千葉県佐倉市石川556",
        "指定緊急避難場所との住所同一": "",
        "その他市町村長が必要と認める事項": "市が特定した者",
        "受入対象者": "高齢者",
        "備考": ""
      }
    },
    {
      "type": "Feature",
      "geometry": {
        "type": "Point",
        "coordinates": [
          140.197928,
          35.721683
        ]
      },
      "properties": {
        "NO": "494",
        "共通ID": "E1221200031111",
        "施設・場所名": "佐倉市立染井野小学校",
        "住所": "千葉県佐倉市染井野1-19",
        "指定緊急避難場所との住所同一": "1",
        "その他市町村長が必要と認める事項": null,
        "受入対象者": null,
        "備考": ""
      }
    },
    {
      "type": "Feature",
      "geometry": {
        "type": "Point",
        "coordinates": [
          140.188894,
          35.717419
        ]
      },
      "properties": {
        "NO": "495",
        "共通ID": "E1221200032111",
        "施設・場所名": "佐倉市立臼井南中学校",
        "住所": "千葉県佐倉市染井野4-1",
        "指定緊急避難場所との住所同一": "1",
        "その他市町村長が必要と認める事項": null,
        "受入対象者": null,
        "備考": ""
      }
    },
    {
      "type": "Feature",
      "geometry": {
        "type": "Point",
        "coordinates": [
          140.209297,
          35.684227
        ]
      },
      "properties": {
        "NO": "496",
        "共通ID": "E1221200045121",
        "施設・場所名": "特別養護老人ホーム　はちす苑",
        "住所": "千葉県佐倉市太田1145-1",
        "指定緊急避難場所との住所同一": "",
        "その他市町村長が必要と認める事項": "市が特定した者",
        "受入対象者": "高齢者",
        "備考": ""
      }
    },
    {
      "type": "Feature",
      "geometry": {
        "type": "Point",
        "coordinates": [
          140.214804,
          35.697831
        ]
      },
      "properties": {
        "NO": "497",
        "共通ID": "E1221200033111",
        "施設・場所名": "千葉県立佐倉南高等学校",
        "住所": "千葉県佐倉市太田1956",
        "指定緊急避難場所との住所同一": "1",
        "その他市町村長が必要と認める事項": null,
        "受入対象者": null,
        "備考": ""
      }
    },
    {
      "type": "Feature",
      "geometry": {
        "type": "Point",
        "coordinates": [
          140.218296,
          35.705785
        ]
      },
      "properties": {
        "NO": "498",
        "共通ID": "E1221200034111",
        "施設・場所名": "佐倉市立寺崎小学校",
        "住所": "千葉県佐倉市大崎台4-4-1",
        "指定緊急避難場所との住所同一": "1",
        "その他市町村長が必要と認める事項": null,
        "受入対象者": null,
        "備考": ""
      }
    },
    {
      "type": "Feature",
      "geometry": {
        "type": "Point",
        "coordinates": [
          140.156402,
          35.714044
        ]
      },
      "properties": {
        "NO": "499",
        "共通ID": "E1221200051121",
        "施設・場所名": "佐倉市西部保健福祉センター",
        "住所": "千葉県佐倉市中志津2-32-4",
        "指定緊急避難場所との住所同一": "",
        "その他市町村長が必要と認める事項": "",
        "受入対象者": "妊産婦・乳児",
        "備考": ""
      }
    },
    {
      "type": "Feature",
      "geometry": {
        "type": "Point",
        "coordinates": [
          140.158175,
          35.709525
        ]
      },
      "properties": {
        "NO": "500",
        "共通ID": "E1221200035111",
        "施設・場所名": "佐倉市立下志津小学校",
        "住所": "千葉県佐倉市中志津4-26-10",
        "指定緊急避難場所との住所同一": "1",
        "その他市町村長が必要と認める事項": null,
        "受入対象者": null,
        "備考": ""
      }
    },
    {
      "type": "Feature",
      "geometry": {
        "type": "Point",
        "coordinates": [
          140.258837,
          35.69569
        ]
      },
      "properties": {
        "NO": "501",
        "共通ID": "E1221200036111",
        "施設・場所名": "佐倉市立和田小学校",
        "住所": "千葉県佐倉市直弥59-1",
        "指定緊急避難場所との住所同一": "1",
        "その他市町村長が必要と認める事項": null,
        "受入対象者": null,
        "備考": ""
      }
    },
    {
      "type": "Feature",
      "geometry": {
        "type": "Point",
        "coordinates": [
          140.237039,
          35.723643
        ]
      },
      "properties": {
        "NO": "502",
        "共通ID": "E1221200037111",
        "施設・場所名": "千葉県立佐倉高等学校",
        "住所": "千葉県佐倉市鍋山町18",
        "指定緊急避難場所との住所同一": "1",
        "その他市町村長が必要と認める事項": null,
        "受入対象者": null,
        "備考": ""
      }
    },
    {
      "type": "Feature",
      "geometry": {
        "type": "Point",
        "coordinates": [
          140.225675,
          35.670852
        ]
      },
      "properties": {
        "NO": "503",
        "共通ID": "E1221200038111",
        "施設・場所名": "佐倉市立馬渡保育園",
        "住所": "千葉県佐倉市馬渡818-2",
        "指定緊急避難場所との住所同一": "1",
        "その他市町村長が必要と認める事項": null,
        "受入対象者": null,
        "備考": ""
      }
    },
    {
      "type": "Feature",
      "geometry": {
        "type": "Point",
        "coordinates": [
          140.247816,
          35.714778
        ]
      },
      "properties": {
        "NO": "504",
        "共通ID": "E1221200039111",
        "施設・場所名": "佐倉市立白銀小学校",
        "住所": "千葉県佐倉市白銀1-4",
        "指定緊急避難場所との住所同一": "1",
        "その他市町村長が必要と認める事項": null,
        "受入対象者": null,
        "備考": ""
      }
    },
    {
      "type": "Feature",
      "geometry": {
        "type": "Point",
        "coordinates": [
          140.357159,
          35.630266
        ]
      },
      "properties": {
        "NO": "505",
        "共通ID": "E1223700002111",
        "施設・場所名": "旧日向小学校",
        "住所": "千葉県山武市雨坪10",
        "指定緊急避難場所との住所同一": "1",
        "その他市町村長が必要と認める事項": "",
        "受入対象者": "",
        "備考": ""
      }
    },
    {
      "type": "Feature",
      "geometry": {
        "type": "Point",
        "coordinates": [
          140.360127,
          35.674335
        ]
      },
      "properties": {
        "NO": "506",
        "共通ID": "E1223700004111",
        "施設・場所名": "山武北小学校",
        "住所": "千葉県山武市沖渡699",
        "指定緊急避難場所との住所同一": "1",
        "その他市町村長が必要と認める事項": "",
        "受入対象者": "",
        "備考": ""
      }
    },
    {
      "type": "Feature",
      "geometry": {
        "type": "Point",
        "coordinates": [
          140.447539,
          35.584956
        ]
      },
      "properties": {
        "NO": "507",
        "共通ID": "E1223700005111",
        "施設・場所名": "成東東中学校",
        "住所": "千葉県山武市五木田2452-1",
        "指定緊急避難場所との住所同一": "1",
        "その他市町村長が必要と認める事項": "",
        "受入対象者": "",
        "備考": ""
      }
    },
    {
      "type": "Feature",
      "geometry": {
        "type": "Point",
        "coordinates": [
          140.472892,
          35.57912
        ]
      },
      "properties": {
        "NO": "508",
        "共通ID": "E1223700008111",
        "施設・場所名": "緑海小学校",
        "住所": "千葉県山武市松ケ谷ロ471-1",
        "指定緊急避難場所との住所同一": "",
        "その他市町村長が必要と認める事項": null,
        "受入対象者": null,
        "備考": ""
      }
    },
    {
      "type": "Feature",
      "geometry": {
        "type": "Point",
        "coordinates": [
          140.457239,
          35.639631
        ]
      },
      "properties": {
        "NO": "509",
        "共通ID": "E1223700009111",
        "施設・場所名": "松尾小学校",
        "住所": "千葉県山武市松尾町猿尾383",
        "指定緊急避難場所との住所同一": "1",
        "その他市町村長が必要と認める事項": null,
        "受入対象者": null,
        "備考": ""
      }
    },
    {
      "type": "Feature",
      "geometry": {
        "type": "Point",
        "coordinates": [
          140.434817,
          35.653902
        ]
      },
      "properties": {
        "NO": "510",
        "共通ID": "E1223700010111",
        "施設・場所名": "豊岡体育館・まつおこども園",
        "住所": "千葉県山武市松尾町金尾441",
        "指定緊急避難場所との住所同一": "1",
        "その他市町村長が必要と認める事項": "",
        "受入対象者": "",
        "備考": ""
      }
    },
    {
      "type": "Feature",
      "geometry": {
        "type": "Point",
        "coordinates": [
          140.460757,
          35.637549
        ]
      },
      "properties": {
        "NO": "511",
        "共通ID": "E1223700011121",
        "施設・場所名": "松尾ＩＴ保健福祉センター",
        "住所": "千葉県山武市松尾町五反田3012",
        "指定緊急避難場所との住所同一": "",
        "その他市町村長が必要と認める事項": "",
        "受入対象者": "",
        "備考": ""
      }
    },
    {
      "type": "Feature",
      "geometry": {
        "type": "Point",
        "coordinates": [
          140.478978,
          35.619967
        ]
      },
      "properties": {
        "NO": "512",
        "共通ID": "E1223700012111",
        "施設・場所名": "大平小学校",
        "住所": "千葉県山武市松尾町広根1140",
        "指定緊急避難場所との住所同一": "1",
        "その他市町村長が必要と認める事項": null,
        "受入対象者": null,
        "備考": ""
      }
    },
    {
      "type": "Feature",
      "geometry": {
        "type": "Point",
        "coordinates": [
          140.456692,
          35.641736
        ]
      },
      "properties": {
        "NO": "513",
        "共通ID": "E1223700013111",
        "施設・場所名": "山武望洋中学校",
        "住所": "千葉県山武市松尾町松尾112",
        "指定緊急避難場所との住所同一": "1",
        "その他市町村長が必要と認める事項": "",
        "受入対象者": "",
        "備考": ""
      }
    },
    {
      "type": "Feature",
      "geometry": {
        "type": "Point",
        "coordinates": [
          140.455937,
          35.638346
        ]
      },
      "properties": {
        "NO": "514",
        "共通ID": "E1223700014111",
        "施設・場所名": "農村環境改善センター",
        "住所": "千葉県山武市松尾町松尾47-3",
        "指定緊急避難場所との住所同一": "1",
        "その他市町村長が必要と認める事項": "",
        "受入対象者": "",
        "備考": ""
      }
    },
    {
      "type": "Feature",
      "geometry": {
        "type": "Point",
        "coordinates": [
          140.451172,
          35.635921
        ]
      },
      "properties": {
        "NO": "515",
        "共通ID": "E1223700015111",
        "施設・場所名": "千葉県立松尾高等学校",
        "住所": "千葉県山武市松尾町大堤546",
        "指定緊急避難場所との住所同一": "1",
        "その他市町村長が必要と認める事項": null,
        "受入対象者": null,
        "備考": ""
      }
    },
    {
      "type": "Feature",
      "geometry": {
        "type": "Point",
        "coordinates": [
          140.444345,
          35.599954
        ]
      },
      "properties": {
        "NO": "516",
        "共通ID": "E1223700017111",
        "施設・場所名": "南郷小学校",
        "住所": "千葉県山武市上横地884-1",
        "指定緊急避難場所との住所同一": "1",
        "その他市町村長が必要と認める事項": null,
        "受入対象者": null,
        "備考": ""
      }
    },
    {
      "type": "Feature",
      "geometry": {
        "type": "Point",
        "coordinates": [
          140.366041,
          35.646483
        ]
      },
      "properties": {
        "NO": "517",
        "共通ID": "E1223700018111",
        "施設・場所名": "山武中学校",
        "住所": "千葉県山武市埴谷1855",
        "指定緊急避難場所との住所同一": "1",
        "その他市町村長が必要と認める事項": "",
        "受入対象者": "",
        "備考": ""
      }
    },
    {
      "type": "Feature",
      "geometry": {
        "type": "Point",
        "coordinates": [
          140.367252,
          35.642785
        ]
      },
      "properties": {
        "NO": "518",
        "共通ID": "E1223700019111",
        "施設・場所名": "さんぶの森中央会館",
        "住所": "千葉県山武市埴谷1904-3",
        "指定緊急避難場所との住所同一": "1",
        "その他市町村長が必要と認める事項": "",
        "受入対象者": "",
        "備考": ""
      }
    },
    {
      "type": "Feature",
      "geometry": {
        "type": "Point",
        "coordinates": [
          140.378952,
          35.652438
        ]
      },
      "properties": {
        "NO": "519",
        "共通ID": "E1223700021111",
        "施設・場所名": "睦岡小学校",
        "住所": "千葉県山武市埴谷771",
        "指定緊急避難場所との住所同一": "1",
        "その他市町村長が必要と認める事項": null,
        "受入対象者": null,
        "備考": ""
      }
    },
    {
      "type": "Feature",
      "geometry": {
        "type": "Point",
        "coordinates": [
          140.416402,
          35.613923
        ]
      },
      "properties": {
        "NO": "520",
        "共通ID": "E1223700022111",
        "施設・場所名": "大富小学校",
        "住所": "千葉県山武市新泉ト60",
        "指定緊急避難場所との住所同一": "1",
        "その他市町村長が必要と認める事項": "",
        "受入対象者": "",
        "備考": ""
      }
    },
    {
      "type": "Feature",
      "geometry": {
        "type": "Point",
        "coordinates": [
          140.402432,
          35.601202
        ]
      },
      "properties": {
        "NO": "521",
        "共通ID": "E1223700023111",
        "施設・場所名": "成東小学校",
        "住所": "千葉県山武市成東2692",
        "指定緊急避難場所との住所同一": "1",
        "その他市町村長が必要と認める事項": "",
        "受入対象者": "",
        "備考": ""
      }
    },
    {
      "type": "Feature",
      "geometry": {
        "type": "Point",
        "coordinates": [
          140.395756,
          35.600266
        ]
      },
      "properties": {
        "NO": "522",
        "共通ID": "E1223700024111",
        "施設・場所名": "千葉県立成東高等学校",
        "住所": "千葉県山武市成東3596",
        "指定緊急避難場所との住所同一": "1",
        "その他市町村長が必要と認める事項": null,
        "受入対象者": null,
        "備考": ""
      }
    },
    {
      "type": "Feature",
      "geometry": {
        "type": "Point",
        "coordinates": [
          140.345574,
          35.648087
        ]
      },
      "properties": {
        "NO": "523",
        "共通ID": "E1223700025111",
        "施設・場所名": "旧山武西小学校",
        "住所": "千葉県山武市大木13",
        "指定緊急避難場所との住所同一": "1",
        "その他市町村長が必要と認める事項": "",
        "受入対象者": "",
        "備考": ""
      }
    },
    {
      "type": "Feature",
      "geometry": {
        "type": "Point",
        "coordinates": [
          140.413275,
          35.602598
        ]
      },
      "properties": {
        "NO": "524",
        "共通ID": "E1223700026121",
        "施設・場所名": "成東保健福祉センター",
        "住所": "千葉県山武市殿台296",
        "指定緊急避難場所との住所同一": "",
        "その他市町村長が必要と認める事項": "",
        "受入対象者": "",
        "備考": ""
      }
    },
    {
      "type": "Feature",
      "geometry": {
        "type": "Point",
        "coordinates": [
          140.434126,
          35.588168
        ]
      },
      "properties": {
        "NO": "525",
        "共通ID": "E1223700027111",
        "施設・場所名": "白幡体育館",
        "住所": "千葉県山武市白幡1885",
        "指定緊急避難場所との住所同一": "1",
        "その他市町村長が必要と認める事項": "",
        "受入対象者": "",
        "備考": ""
      }
    },
    {
      "type": "Feature",
      "geometry": {
        "type": "Point",
        "coordinates": [
          140.445862,
          35.567413
        ]
      },
      "properties": {
        "NO": "526",
        "共通ID": "E1223700028111",
        "施設・場所名": "鳴浜小学校",
        "住所": "千葉県山武市本須賀1090",
        "指定緊急避難場所との住所同一": "1",
        "その他市町村長が必要と認める事項": null,
        "受入対象者": null,
        "備考": ""
      }
    },
    {
      "type": "Feature",
      "geometry": {
        "type": "Point",
        "coordinates": [
          140.347131,
          35.629682
        ]
      },
      "properties": {
        "NO": "527",
        "共通ID": "E1223700031111",
        "施設・場所名": "日向小学校",
        "住所": "千葉県山武市木原2370",
        "指定緊急避難場所との住所同一": "1",
        "その他市町村長が必要と認める事項": "",
        "受入対象者": "",
        "備考": ""
      }
    },
    {
      "type": "Feature",
      "geometry": {
        "type": "Point",
        "coordinates": [
          140.497293,
          35.606262
        ]
      },
      "properties": {
        "NO": "528",
        "共通ID": "E1223700033111",
        "施設・場所名": "蓮沼小学校",
        "住所": "千葉県山武市蓮沼イ2784",
        "指定緊急避難場所との住所同一": "1",
        "その他市町村長が必要と認める事項": null,
        "受入対象者": null,
        "備考": ""
      }
    },
    {
      "type": "Feature",
      "geometry": {
        "type": "Point",
        "coordinates": [
          140.499095,
          35.600788
        ]
      },
      "properties": {
        "NO": "529",
        "共通ID": "E1223700035111",
        "施設・場所名": "旧蓮沼中学校",
        "住所": "千葉県山武市蓮沼ハ1036",
        "指定緊急避難場所との住所同一": "1",
        "その他市町村長が必要と認める事項": "",
        "受入対象者": "",
        "備考": ""
      }
    },
    {
      "type": "Feature",
      "geometry": {
        "type": "Point",
        "coordinates": [
          140.501329,
          35.602402
        ]
      },
      "properties": {
        "NO": "530",
        "共通ID": "E1223700036111",
        "施設・場所名": "蓮沼交流センター",
        "住所": "千葉県山武市蓮沼ハ4832-3",
        "指定緊急避難場所との住所同一": "1",
        "その他市町村長が必要と認める事項": "",
        "受入対象者": "",
        "備考": ""
      }
    },
    {
      "type": "Feature",
      "geometry": {
        "type": "Point",
        "coordinates": [
          140.498886,
          35.599204
        ]
      },
      "properties": {
        "NO": "531",
        "共通ID": "E1223700037111",
        "施設・場所名": "蓮沼スポーツプラザ",
        "住所": "千葉県山武市蓮沼ハ5402-1",
        "指定緊急避難場所との住所同一": "1",
        "その他市町村長が必要と認める事項": null,
        "受入対象者": null,
        "備考": ""
      }
    },
    {
      "type": "Feature",
      "geometry": {
        "type": "Point",
        "coordinates": [
          140.406515,
          35.610701
        ]
      },
      "properties": {
        "NO": "532",
        "共通ID": "E1223700040111",
        "施設・場所名": "成東中学校",
        "住所": "千葉県山武市和田567",
        "指定緊急避難場所との住所同一": "1",
        "その他市町村長が必要と認める事項": null,
        "受入対象者": null,
        "備考": ""
      }
    },
    {
      "type": "Feature",
      "geometry": {
        "type": "Point",
        "coordinates": [
          140.21121,
          35.665072
        ]
      },
      "properties": {
        "NO": "533",
        "共通ID": "E1222800031121",
        "施設・場所名": "生活介護　はちみつ",
        "住所": "千葉県四街道市たかおの杜15-5",
        "指定緊急避難場所との住所同一": "",
        "その他市町村長が必要と認める事項": "",
        "受入対象者": "個別避難計画により予め市が特定した者とその介護者",
        "備考": ""
      }
    },
    {
      "type": "Feature",
      "geometry": {
        "type": "Point",
        "coordinates": [
          140.179952,
          35.672302
        ]
      },
      "properties": {
        "NO": "534",
        "共通ID": "E1222800001111",
        "施設・場所名": "栗山小学校",
        "住所": "千葉県四街道市つくし座3-1-8",
        "指定緊急避難場所との住所同一": "1",
        "その他市町村長が必要と認める事項": null,
        "受入対象者": null,
        "備考": ""
      }
    },
    {
      "type": "Feature",
      "geometry": {
        "type": "Point",
        "coordinates": [
          140.198727,
          35.668831
        ]
      },
      "properties": {
        "NO": "535",
        "共通ID": "E1222800002111",
        "施設・場所名": "みそら小学校",
        "住所": "千葉県四街道市みそら2-13",
        "指定緊急避難場所との住所同一": "1",
        "その他市町村長が必要と認める事項": null,
        "受入対象者": null,
        "備考": ""
      }
    },
    {
      "type": "Feature",
      "geometry": {
        "type": "Point",
        "coordinates": [
          140.172289,
          35.656443
        ]
      },
      "properties": {
        "NO": "536",
        "共通ID": "E1222800003111",
        "施設・場所名": "四街道中学校",
        "住所": "千葉県四街道市めいわ1-3",
        "指定緊急避難場所との住所同一": "1",
        "その他市町村長が必要と認める事項": null,
        "受入対象者": null,
        "備考": ""
      }
    },
    {
      "type": "Feature",
      "geometry": {
        "type": "Point",
        "coordinates": [
          140.192271,
          35.690121
        ]
      },
      "properties": {
        "NO": "537",
        "共通ID": "E1222800004111",
        "施設・場所名": "千代田公民館",
        "住所": "千葉県四街道市もねの里3-20-30",
        "指定緊急避難場所との住所同一": "",
        "その他市町村長が必要と認める事項": null,
        "受入対象者": null,
        "備考": ""
      }
    },
    {
      "type": "Feature",
      "geometry": {
        "type": "Point",
        "coordinates": [
          140.183591,
          35.663748
        ]
      },
      "properties": {
        "NO": "538",
        "共通ID": "E1222800005111",
        "施設・場所名": "山梨小学校",
        "住所": "千葉県四街道市旭ケ丘1-9-12",
        "指定緊急避難場所との住所同一": "1",
        "その他市町村長が必要と認める事項": null,
        "受入対象者": null,
        "備考": ""
      }
    },
    {
      "type": "Feature",
      "geometry": {
        "type": "Point",
        "coordinates": [
          140.170009,
          35.675967
        ]
      },
      "properties": {
        "NO": "539",
        "共通ID": "E1222800006111",
        "施設・場所名": "四街道北中学校",
        "住所": "千葉県四街道市栗山1055",
        "指定緊急避難場所との住所同一": "1",
        "その他市町村長が必要と認める事項": null,
        "受入対象者": null,
        "備考": ""
      }
    },
    {
      "type": "Feature",
      "geometry": {
        "type": "Point",
        "coordinates": [
          140.168093,
          35.674217
        ]
      },
      "properties": {
        "NO": "540",
        "共通ID": "E1222800007111",
        "施設・場所名": "四街道北高等学校",
        "住所": "千葉県四街道市栗山1055-4",
        "指定緊急避難場所との住所同一": "1",
        "その他市町村長が必要と認める事項": null,
        "受入対象者": null,
        "備考": ""
      }
    },
    {
      "type": "Feature",
      "geometry": {
        "type": "Point",
        "coordinates": [
          140.176645,
          35.678093
        ]
      },
      "properties": {
        "NO": "541",
        "共通ID": "E1222800032121",
        "施設・場所名": "介護老人保健施設　栗の郷",
        "住所": "千葉県四街道市栗山906-1",
        "指定緊急避難場所との住所同一": "",
        "その他市町村長が必要と認める事項": "",
        "受入対象者": "個別避難計画により予め市が特定した者とその介護者",
        "備考": ""
      }
    },
    {
      "type": "Feature",
      "geometry": {
        "type": "Point",
        "coordinates": [
          140.192607,
          35.667799
        ]
      },
      "properties": {
        "NO": "542",
        "共通ID": "E1222800008111",
        "施設・場所名": "旭小学校",
        "住所": "千葉県四街道市山梨1485",
        "指定緊急避難場所との住所同一": "1",
        "その他市町村長が必要と認める事項": null,
        "受入対象者": null,
        "備考": ""
      }
    },
    {
      "type": "Feature",
      "geometry": {
        "type": "Point",
        "coordinates": [
          140.19196,
          35.668151
        ]
      },
      "properties": {
        "NO": "543",
        "共通ID": "E1222800036121",
        "施設・場所名": "特別養護老人ホーム　あさひ園",
        "住所": "千葉県四街道市山梨1488-1",
        "指定緊急避難場所との住所同一": "",
        "その他市町村長が必要と認める事項": "",
        "受入対象者": "個別避難計画により予め市が特定した者とその介護者",
        "備考": ""
      }
    },
    {
      "type": "Feature",
      "geometry": {
        "type": "Point",
        "coordinates": [
          140.161168,
          35.666544
        ]
      },
      "properties": {
        "NO": "544",
        "共通ID": "E1222800009111",
        "施設・場所名": "千葉敬愛高等学校",
        "住所": "千葉県四街道市四街道1522",
        "指定緊急避難場所との住所同一": "1",
        "その他市町村長が必要と認める事項": null,
        "受入対象者": null,
        "備考": ""
      }
    },
    {
      "type": "Feature",
      "geometry": {
        "type": "Point",
        "coordinates": [
          140.159185,
          35.666687
        ]
      },
      "properties": {
        "NO": "545",
        "共通ID": "E1222800010111",
        "施設・場所名": "愛国学園大学附属四街道高等学校",
        "住所": "千葉県四街道市四街道1532-16",
        "指定緊急避難場所との住所同一": "1",
        "その他市町村長が必要と認める事項": null,
        "受入対象者": null,
        "備考": ""
      }
    },
    {
      "type": "Feature",
      "geometry": {
        "type": "Point",
        "coordinates": [
          140.160295,
          35.665256
        ]
      },
      "properties": {
        "NO": "546",
        "共通ID": "E1222800011111",
        "施設・場所名": "四街道公民館",
        "住所": "千葉県四街道市四街道1532-17",
        "指定緊急避難場所との住所同一": "",
        "その他市町村長が必要と認める事項": null,
        "受入対象者": null,
        "備考": ""
      }
    },
    {
      "type": "Feature",
      "geometry": {
        "type": "Point",
        "coordinates": [
          140.157762,
          35.661913
        ]
      },
      "properties": {
        "NO": "547",
        "共通ID": "E1222800012111",
        "施設・場所名": "四街道小学校",
        "住所": "千葉県四街道市四街道1557",
        "指定緊急避難場所との住所同一": "1",
        "その他市町村長が必要と認める事項": null,
        "受入対象者": null,
        "備考": ""
      }
    },
    {
      "type": "Feature",
      "geometry": {
        "type": "Point",
        "coordinates": [
          140.171399,
          35.668802
        ]
      },
      "properties": {
        "NO": "548",
        "共通ID": "E1222800013111",
        "施設・場所名": "四街道高等学校",
        "住所": "千葉県四街道市鹿渡809-2",
        "指定緊急避難場所との住所同一": "1",
        "その他市町村長が必要と認める事項": null,
        "受入対象者": null,
        "備考": ""
      }
    },
    {
      "type": "Feature",
      "geometry": {
        "type": "Point",
        "coordinates": [
          140.168683,
          35.669099
        ]
      },
      "properties": {
        "NO": "549",
        "共通ID": "E1222800014111",
        "施設・場所名": "中央小学校",
        "住所": "千葉県四街道市鹿渡917",
        "指定緊急避難場所との住所同一": "1",
        "その他市町村長が必要と認める事項": null,
        "受入対象者": null,
        "備考": ""
      }
    },
    {
      "type": "Feature",
      "geometry": {
        "type": "Point",
        "coordinates": [
          140.166557,
          35.664989
        ]
      },
      "properties": {
        "NO": "550",
        "共通ID": "E1222800041121",
        "施設・場所名": "千葉県立四街道特別支援学校",
        "住所": "千葉県四街道市鹿渡934-45",
        "指定緊急避難場所との住所同一": "",
        "その他市町村長が必要と認める事項": "",
        "受入対象者": "個別避難計画により予め市が特定した者とその介護者",
        "備考": ""
      }
    },
    {
      "type": "Feature",
      "geometry": {
        "type": "Point",
        "coordinates": [
          140.151724,
          35.686083
        ]
      },
      "properties": {
        "NO": "551",
        "共通ID": "E1222800039121",
        "施設・場所名": "特別養護老人ホーム　四街道苑",
        "住所": "千葉県四街道市鹿放ケ丘593-3",
        "指定緊急避難場所との住所同一": "",
        "その他市町村長が必要と認める事項": "",
        "受入対象者": "個別避難計画により予め市が特定した者とその介護者",
        "備考": ""
      }
    },
    {
      "type": "Feature",
      "geometry": {
        "type": "Point",
        "coordinates": [
          140.185456,
          35.657739
        ]
      },
      "properties": {
        "NO": "552",
        "共通ID": "E1222800042121",
        "施設・場所名": "地域密着型特別養護老人ホーム　リバーサイド",
        "住所": "千葉県四街道市小名木101-9",
        "指定緊急避難場所との住所同一": "",
        "その他市町村長が必要と認める事項": "",
        "受入対象者": "個別避難計画により予め市が特定した者とその介護者",
        "備考": ""
      }
    },
    {
      "type": "Feature",
      "geometry": {
        "type": "Point",
        "coordinates": [
          140.191083,
          35.660347
        ]
      },
      "properties": {
        "NO": "553",
        "共通ID": "E1222800030122",
        "施設・場所名": "障害者支援施設　ピクシーフォレスト",
        "住所": "千葉県四街道市上野199",
        "指定緊急避難場所との住所同一": "",
        "その他市町村長が必要と認める事項": "",
        "受入対象者": "個別避難計画により予め市が特定した者とその介護者",
        "備考": ""
      }
    },
    {
      "type": "Feature",
      "geometry": {
        "type": "Point",
        "coordinates": [
          140.191083,
          35.660347
        ]
      },
      "properties": {
        "NO": "554",
        "共通ID": "E1222800030121",
        "施設・場所名": "障害者支援施設　永幸苑",
        "住所": "千葉県四街道市上野199",
        "指定緊急避難場所との住所同一": "",
        "その他市町村長が必要と認める事項": "",
        "受入対象者": "個別避難計画により予め市が特定した者とその介護者",
        "備考": ""
      }
    },
    {
      "type": "Feature",
      "geometry": {
        "type": "Point",
        "coordinates": [
          140.184894,
          35.693105
        ]
      },
      "properties": {
        "NO": "555",
        "共通ID": "E1222800016111",
        "施設・場所名": "千代田中学校",
        "住所": "千葉県四街道市千代田5-27",
        "指定緊急避難場所との住所同一": "1",
        "その他市町村長が必要と認める事項": null,
        "受入対象者": null,
        "備考": ""
      }
    },
    {
      "type": "Feature",
      "geometry": {
        "type": "Point",
        "coordinates": [
          140.183117,
          35.692605
        ]
      },
      "properties": {
        "NO": "556",
        "共通ID": "E1222800017111",
        "施設・場所名": "八木原小学校",
        "住所": "千葉県四街道市千代田5-4",
        "指定緊急避難場所との住所同一": "1",
        "その他市町村長が必要と認める事項": null,
        "受入対象者": null,
        "備考": ""
      }
    },
    {
      "type": "Feature",
      "geometry": {
        "type": "Point",
        "coordinates": [
          140.166339,
          35.690424
        ]
      },
      "properties": {
        "NO": "557",
        "共通ID": "E1222800037121",
        "施設・場所名": "特別養護老人ホーム　あすみの丘",
        "住所": "千葉県四街道市大日1623-1",
        "指定緊急避難場所との住所同一": "",
        "その他市町村長が必要と認める事項": "",
        "受入対象者": "個別避難計画により予め市が特定した者とその介護者",
        "備考": ""
      }
    },
    {
      "type": "Feature",
      "geometry": {
        "type": "Point",
        "coordinates": [
          140.152792,
          35.680104
        ]
      },
      "properties": {
        "NO": "558",
        "共通ID": "E1222800034121",
        "施設・場所名": "きわみデイサービスセンター",
        "住所": "千葉県四街道市大日1681-1",
        "指定緊急避難場所との住所同一": "",
        "その他市町村長が必要と認める事項": "",
        "受入対象者": "個別避難計画により予め市が特定した者とその介護者",
        "備考": ""
      }
    },
    {
      "type": "Feature",
      "geometry": {
        "type": "Point",
        "coordinates": [
          140.152672,
          35.679454
        ]
      },
      "properties": {
        "NO": "559",
        "共通ID": "E1222800033121",
        "施設・場所名": "介護老人保健施設　のぞみ",
        "住所": "千葉県四街道市大日1685-10",
        "指定緊急避難場所との住所同一": "",
        "その他市町村長が必要と認める事項": "",
        "受入対象者": "個別避難計画により予め市が特定した者とその介護者",
        "備考": ""
      }
    },
    {
      "type": "Feature",
      "geometry": {
        "type": "Point",
        "coordinates": [
          140.153705,
          35.695904
        ]
      },
      "properties": {
        "NO": "560",
        "共通ID": "E1222800040121",
        "施設・場所名": "四街道老人ホーム",
        "住所": "千葉県四街道市大日2132-4",
        "指定緊急避難場所との住所同一": "",
        "その他市町村長が必要と認める事項": "",
        "受入対象者": "個別避難計画により予め市が特定した者とその介護者",
        "備考": ""
      }
    },
    {
      "type": "Feature",
      "geometry": {
        "type": "Point",
        "coordinates": [
          140.153651,
          35.665773
        ]
      },
      "properties": {
        "NO": "561",
        "共通ID": "E1222800018111",
        "施設・場所名": "四街道西中学校",
        "住所": "千葉県四街道市大日23",
        "指定緊急避難場所との住所同一": "1",
        "その他市町村長が必要と認める事項": null,
        "受入対象者": null,
        "備考": ""
      }
    },
    {
      "type": "Feature",
      "geometry": {
        "type": "Point",
        "coordinates": [
          140.165938,
          35.670417
        ]
      },
      "properties": {
        "NO": "562",
        "共通ID": "E1222800019111",
        "施設・場所名": "四街道市文化センター",
        "住所": "千葉県四街道市大日396",
        "指定緊急避難場所との住所同一": "",
        "その他市町村長が必要と認める事項": "",
        "受入対象者": "",
        "備考": ""
      }
    },
    {
      "type": "Feature",
      "geometry": {
        "type": "Point",
        "coordinates": [
          140.166428,
          35.681381
        ]
      },
      "properties": {
        "NO": "563",
        "共通ID": "E1222800038121",
        "施設・場所名": "特別養護老人ホーム　からたち",
        "住所": "千葉県四街道市大日595-1",
        "指定緊急避難場所との住所同一": "",
        "その他市町村長が必要と認める事項": "",
        "受入対象者": "個別避難計画により予め市が特定した者とその介護者",
        "備考": ""
      }
    },
    {
      "type": "Feature",
      "geometry": {
        "type": "Point",
        "coordinates": [
          140.156094,
          35.683771
        ]
      },
      "properties": {
        "NO": "564",
        "共通ID": "E1222800021111",
        "施設・場所名": "大日小学校",
        "住所": "千葉県四街道市大日978",
        "指定緊急避難場所との住所同一": "1",
        "その他市町村長が必要と認める事項": null,
        "受入対象者": null,
        "備考": ""
      }
    },
    {
      "type": "Feature",
      "geometry": {
        "type": "Point",
        "coordinates": [
          140.194314,
          35.635057
        ]
      },
      "properties": {
        "NO": "565",
        "共通ID": "E1222800022111",
        "施設・場所名": "吉岡小学校",
        "住所": "千葉県四街道市鷹の台3-2",
        "指定緊急避難場所との住所同一": "1",
        "その他市町村長が必要と認める事項": null,
        "受入対象者": null,
        "備考": ""
      }
    },
    {
      "type": "Feature",
      "geometry": {
        "type": "Point",
        "coordinates": [
          140.195672,
          35.662617
        ]
      },
      "properties": {
        "NO": "566",
        "共通ID": "E1222800023111",
        "施設・場所名": "旭中学校",
        "住所": "千葉県四街道市南波佐間267",
        "指定緊急避難場所との住所同一": "1",
        "その他市町村長が必要と認める事項": null,
        "受入対象者": null,
        "備考": ""
      }
    },
    {
      "type": "Feature",
      "geometry": {
        "type": "Point",
        "coordinates": [
          140.160596,
          35.654443
        ]
      },
      "properties": {
        "NO": "567",
        "共通ID": "E1222800024111",
        "施設・場所名": "和良比小学校",
        "住所": "千葉県四街道市美しが丘3-12",
        "指定緊急避難場所との住所同一": "1",
        "その他市町村長が必要と認める事項": null,
        "受入対象者": null,
        "備考": ""
      }
    },
    {
      "type": "Feature",
      "geometry": {
        "type": "Point",
        "coordinates": [
          140.189714,
          35.692045
        ]
      },
      "properties": {
        "NO": "568",
        "共通ID": "E1222800025111",
        "施設・場所名": "南小学校",
        "住所": "千葉県四街道市物井1536",
        "指定緊急避難場所との住所同一": "1",
        "その他市町村長が必要と認める事項": null,
        "受入対象者": null,
        "備考": ""
      }
    },
    {
      "type": "Feature",
      "geometry": {
        "type": "Point",
        "coordinates": [
          140.190696,
          35.653777
        ]
      },
      "properties": {
        "NO": "569",
        "共通ID": "E1222800026111",
        "施設・場所名": "四街道総合公園",
        "住所": "千葉県四街道市和田161",
        "指定緊急避難場所との住所同一": "1",
        "その他市町村長が必要と認める事項": null,
        "受入対象者": null,
        "備考": ""
      }
    },
    {
      "type": "Feature",
      "geometry": {
        "type": "Point",
        "coordinates": [
          140.193667,
          35.668066
        ]
      },
      "properties": {
        "NO": "570",
        "共通ID": "E1222800027111",
        "施設・場所名": "旭公民館",
        "住所": "千葉県四街道市和田54-10",
        "指定緊急避難場所との住所同一": "",
        "その他市町村長が必要と認める事項": null,
        "受入対象者": null,
        "備考": ""
      }
    },
    {
      "type": "Feature",
      "geometry": {
        "type": "Point",
        "coordinates": [
          140.168455,
          35.660136
        ]
      },
      "properties": {
        "NO": "571",
        "共通ID": "E1222800028111",
        "施設・場所名": "四和小学校",
        "住所": "千葉県四街道市和良比228",
        "指定緊急避難場所との住所同一": "1",
        "その他市町村長が必要と認める事項": null,
        "受入対象者": null,
        "備考": ""
      }
    },
    {
      "type": "Feature",
      "geometry": {
        "type": "Point",
        "coordinates": [
          140.168524,
          35.652294
        ]
      },
      "properties": {
        "NO": "572",
        "共通ID": "E1222800029111",
        "施設・場所名": "南部総合福祉センターわろうべの里",
        "住所": "千葉県四街道市和良比635-4",
        "指定緊急避難場所との住所同一": "",
        "その他市町村長が必要と認める事項": null,
        "受入対象者": null,
        "備考": ""
      }
    },
    {
      "type": "Feature",
      "geometry": {
        "type": "Point",
        "coordinates": [
          140.177645,
          35.530728
        ]
      },
      "properties": {
        "NO": "573",
        "共通ID": "E1221900001111",
        "施設・場所名": "ちはら台西中学校",
        "住所": "千葉県市原市ちはら台西5-1",
        "指定緊急避難場所との住所同一": "1",
        "その他市町村長が必要と認める事項": null,
        "受入対象者": null,
        "備考": ""
      }
    },
    {
      "type": "Feature",
      "geometry": {
        "type": "Point",
        "coordinates": [
          140.19234,
          35.533692
        ]
      },
      "properties": {
        "NO": "574",
        "共通ID": "E1221900002111",
        "施設・場所名": "水の江小学校",
        "住所": "千葉県市原市ちはら台東2-15",
        "指定緊急避難場所との住所同一": "1",
        "その他市町村長が必要と認める事項": null,
        "受入対象者": null,
        "備考": ""
      }
    },
    {
      "type": "Feature",
      "geometry": {
        "type": "Point",
        "coordinates": [
          140.19545,
          35.538374
        ]
      },
      "properties": {
        "NO": "575",
        "共通ID": "E1221900003111",
        "施設・場所名": "ちはら台桜小学校",
        "住所": "千葉県市原市ちはら台東5-13",
        "指定緊急避難場所との住所同一": "1",
        "その他市町村長が必要と認める事項": null,
        "受入対象者": null,
        "備考": ""
      }
    },
    {
      "type": "Feature",
      "geometry": {
        "type": "Point",
        "coordinates": [
          140.176462,
          35.525633
        ]
      },
      "properties": {
        "NO": "576",
        "共通ID": "E1221900004111",
        "施設・場所名": "牧園小学校",
        "住所": "千葉県市原市ちはら台南2-7",
        "指定緊急避難場所との住所同一": "1",
        "その他市町村長が必要と認める事項": null,
        "受入対象者": null,
        "備考": ""
      }
    },
    {
      "type": "Feature",
      "geometry": {
        "type": "Point",
        "coordinates": [
          140.186129,
          35.527325
        ]
      },
      "properties": {
        "NO": "577",
        "共通ID": "E1221900005111",
        "施設・場所名": "清水谷小学校",
        "住所": "千葉県市原市ちはら台南5-2",
        "指定緊急避難場所との住所同一": "1",
        "その他市町村長が必要と認める事項": null,
        "受入対象者": null,
        "備考": ""
      }
    },
    {
      "type": "Feature",
      "geometry": {
        "type": "Point",
        "coordinates": [
          140.187281,
          35.528176
        ]
      },
      "properties": {
        "NO": "578",
        "共通ID": "E1221900006111",
        "施設・場所名": "ちはら台南中学校",
        "住所": "千葉県市原市ちはら台南5-3",
        "指定緊急避難場所との住所同一": "1",
        "その他市町村長が必要と認める事項": null,
        "受入対象者": null,
        "備考": ""
      }
    },
    {
      "type": "Feature",
      "geometry": {
        "type": "Point",
        "coordinates": [
          140.185084,
          35.529008
        ]
      },
      "properties": {
        "NO": "579",
        "共通ID": "E1221900007111",
        "施設・場所名": "ちはら台コミュニティセンター",
        "住所": "千葉県市原市ちはら台南6-1-3",
        "指定緊急避難場所との住所同一": "1",
        "その他市町村長が必要と認める事項": null,
        "受入対象者": null,
        "備考": ""
      }
    },
    {
      "type": "Feature",
      "geometry": {
        "type": "Point",
        "coordinates": [
          140.155426,
          35.396111
        ]
      },
      "properties": {
        "NO": "580",
        "共通ID": "E1221900008111",
        "施設・場所名": "南総中学校",
        "住所": "千葉県市原市安久谷140",
        "指定緊急避難場所との住所同一": "1",
        "その他市町村長が必要と認める事項": null,
        "受入対象者": null,
        "備考": ""
      }
    },
    {
      "type": "Feature",
      "geometry": {
        "type": "Point",
        "coordinates": [
          140.129635,
          35.460255
        ]
      },
      "properties": {
        "NO": "581",
        "共通ID": "E1221900010111",
        "施設・場所名": "三和中学校",
        "住所": "千葉県市原市磯ケ谷1703",
        "指定緊急避難場所との住所同一": "1",
        "その他市町村長が必要と認める事項": null,
        "受入対象者": null,
        "備考": ""
      }
    },
    {
      "type": "Feature",
      "geometry": {
        "type": "Point",
        "coordinates": [
          140.184537,
          35.514848
        ]
      },
      "properties": {
        "NO": "582",
        "共通ID": "E1221900011111",
        "施設・場所名": "市津公民館",
        "住所": "千葉県市原市下野90-1",
        "指定緊急避難場所との住所同一": "1",
        "その他市町村長が必要と認める事項": null,
        "受入対象者": null,
        "備考": ""
      }
    },
    {
      "type": "Feature",
      "geometry": {
        "type": "Point",
        "coordinates": [
          140.130714,
          35.47103
        ]
      },
      "properties": {
        "NO": "583",
        "共通ID": "E1221900012111",
        "施設・場所名": "市西小学校",
        "住所": "千葉県市原市海士有木1130",
        "指定緊急避難場所との住所同一": "1",
        "その他市町村長が必要と認める事項": null,
        "受入対象者": null,
        "備考": ""
      }
    },
    {
      "type": "Feature",
      "geometry": {
        "type": "Point",
        "coordinates": [
          140.125934,
          35.464525
        ]
      },
      "properties": {
        "NO": "584",
        "共通ID": "E1221900013121",
        "施設・場所名": "三和保健福祉センター",
        "住所": "千葉県市原市海士有木225-4",
        "指定緊急避難場所との住所同一": "",
        "その他市町村長が必要と認める事項": null,
        "受入対象者": "要配慮者",
        "備考": ""
      }
    },
    {
      "type": "Feature",
      "geometry": {
        "type": "Point",
        "coordinates": [
          140.1251,
          35.464756
        ]
      },
      "properties": {
        "NO": "585",
        "共通ID": "E1221900014111",
        "施設・場所名": "三和コミュニティセンター",
        "住所": "千葉県市原市海士有木235-1",
        "指定緊急避難場所との住所同一": "1",
        "その他市町村長が必要と認める事項": null,
        "受入対象者": null,
        "備考": ""
      }
    },
    {
      "type": "Feature",
      "geometry": {
        "type": "Point",
        "coordinates": [
          140.138303,
          35.394737
        ]
      },
      "properties": {
        "NO": "586",
        "共通ID": "E1221900015111",
        "施設・場所名": "牛久小学校",
        "住所": "千葉県市原市皆吉933-2",
        "指定緊急避難場所との住所同一": "1",
        "その他市町村長が必要と認める事項": null,
        "受入対象者": null,
        "備考": ""
      }
    },
    {
      "type": "Feature",
      "geometry": {
        "type": "Point",
        "coordinates": [
          140.069675,
          35.528569
        ]
      },
      "properties": {
        "NO": "587",
        "共通ID": "E1221900016111",
        "施設・場所名": "市原緑地運動公園【体育館】",
        "住所": "千葉県市原市岩崎536",
        "指定緊急避難場所との住所同一": "1",
        "その他市町村長が必要と認める事項": null,
        "受入対象者": null,
        "備考": ""
      }
    },
    {
      "type": "Feature",
      "geometry": {
        "type": "Point",
        "coordinates": [
          140.150812,
          35.537075
        ]
      },
      "properties": {
        "NO": "588",
        "共通ID": "E1221900017111",
        "施設・場所名": "菊間小学校",
        "住所": "千葉県市原市菊間1620-1",
        "指定緊急避難場所との住所同一": "1",
        "その他市町村長が必要と認める事項": null,
        "受入対象者": null,
        "備考": ""
      }
    },
    {
      "type": "Feature",
      "geometry": {
        "type": "Point",
        "coordinates": [
          140.146944,
          35.534571
        ]
      },
      "properties": {
        "NO": "589",
        "共通ID": "E1221900018111",
        "施設・場所名": "菊間中学校",
        "住所": "千葉県市原市菊間1850",
        "指定緊急避難場所との住所同一": "1",
        "その他市町村長が必要と認める事項": null,
        "受入対象者": null,
        "備考": ""
      }
    },
    {
      "type": "Feature",
      "geometry": {
        "type": "Point",
        "coordinates": [
          140.148031,
          35.536725
        ]
      },
      "properties": {
        "NO": "590",
        "共通ID": "E1221900019121",
        "施設・場所名": "菊間保健福祉センター",
        "住所": "千葉県市原市菊間1870-4",
        "指定緊急避難場所との住所同一": "1",
        "その他市町村長が必要と認める事項": "",
        "受入対象者": "要配慮者",
        "備考": ""
      }
    },
    {
      "type": "Feature",
      "geometry": {
        "type": "Point",
        "coordinates": [
          140.148051,
          35.536679
        ]
      },
      "properties": {
        "NO": "591",
        "共通ID": "E1221900019111",
        "施設・場所名": "菊間コミュニティセンター",
        "住所": "千葉県市原市菊間1870-4",
        "指定緊急避難場所との住所同一": "1",
        "その他市町村長が必要と認める事項": null,
        "受入対象者": null,
        "備考": ""
      }
    },
    {
      "type": "Feature",
      "geometry": {
        "type": "Point",
        "coordinates": [
          140.129497,
          35.533742
        ]
      },
      "properties": {
        "NO": "592",
        "共通ID": "E1221900020111",
        "施設・場所名": "旧八幡東中学校",
        "住所": "千葉県市原市菊間428",
        "指定緊急避難場所との住所同一": "1",
        "その他市町村長が必要と認める事項": "",
        "受入対象者": "",
        "備考": ""
      }
    },
    {
      "type": "Feature",
      "geometry": {
        "type": "Point",
        "coordinates": [
          140.132703,
          35.400313
        ]
      },
      "properties": {
        "NO": "593",
        "共通ID": "E1221900021121",
        "施設・場所名": "南部保健福祉センター",
        "住所": "千葉県市原市牛久377-1",
        "指定緊急避難場所との住所同一": "",
        "その他市町村長が必要と認める事項": null,
        "受入対象者": "要配慮者",
        "備考": ""
      }
    },
    {
      "type": "Feature",
      "geometry": {
        "type": "Point",
        "coordinates": [
          140.136074,
          35.401176
        ]
      },
      "properties": {
        "NO": "594",
        "共通ID": "E1221900022111",
        "施設・場所名": "南総公民館",
        "住所": "千葉県市原市牛久520-1",
        "指定緊急避難場所との住所同一": "1",
        "その他市町村長が必要と認める事項": null,
        "受入対象者": null,
        "備考": ""
      }
    },
    {
      "type": "Feature",
      "geometry": {
        "type": "Point",
        "coordinates": [
          140.108026,
          35.523983
        ]
      },
      "properties": {
        "NO": "595",
        "共通ID": "E1221900023111",
        "施設・場所名": "白金小学校",
        "住所": "千葉県市原市君塚3-19",
        "指定緊急避難場所との住所同一": "1",
        "その他市町村長が必要と認める事項": null,
        "受入対象者": null,
        "備考": ""
      }
    },
    {
      "type": "Feature",
      "geometry": {
        "type": "Point",
        "coordinates": [
          140.181496,
          35.291434
        ]
      },
      "properties": {
        "NO": "596",
        "共通ID": "E1221900024111",
        "施設・場所名": "旧月出小学校",
        "住所": "千葉県市原市月出1045",
        "指定緊急避難場所との住所同一": "1",
        "その他市町村長が必要と認める事項": null,
        "受入対象者": null,
        "備考": ""
      }
    },
    {
      "type": "Feature",
      "geometry": {
        "type": "Point",
        "coordinates": [
          140.169025,
          35.332126
        ]
      },
      "properties": {
        "NO": "597",
        "共通ID": "E1221900025111",
        "施設・場所名": "旧富山小学校",
        "住所": "千葉県市原市古敷谷2252",
        "指定緊急避難場所との住所同一": "1",
        "その他市町村長が必要と認める事項": null,
        "受入対象者": null,
        "備考": ""
      }
    },
    {
      "type": "Feature",
      "geometry": {
        "type": "Point",
        "coordinates": [
          140.087426,
          35.522646
        ]
      },
      "properties": {
        "NO": "598",
        "共通ID": "E1221900027111",
        "施設・場所名": "若葉中学校",
        "住所": "千葉県市原市五井5308",
        "指定緊急避難場所との住所同一": "1",
        "その他市町村長が必要と認める事項": null,
        "受入対象者": null,
        "備考": ""
      }
    },
    {
      "type": "Feature",
      "geometry": {
        "type": "Point",
        "coordinates": [
          140.089962,
          35.520848
        ]
      },
      "properties": {
        "NO": "599",
        "共通ID": "E1221900029111",
        "施設・場所名": "五井公民館",
        "住所": "千葉県市原市五井5472-1",
        "指定緊急避難場所との住所同一": "1",
        "その他市町村長が必要と認める事項": null,
        "受入対象者": null,
        "備考": ""
      }
    },
    {
      "type": "Feature",
      "geometry": {
        "type": "Point",
        "coordinates": [
          140.091016,
          35.522103
        ]
      },
      "properties": {
        "NO": "600",
        "共通ID": "E1221900030111",
        "施設・場所名": "若葉小学校",
        "住所": "千葉県市原市五井5555-1",
        "指定緊急避難場所との住所同一": "1",
        "その他市町村長が必要と認める事項": null,
        "受入対象者": null,
        "備考": ""
      }
    },
    {
      "type": "Feature",
      "geometry": {
        "type": "Point",
        "coordinates": [
          140.078378,
          35.50884
        ]
      },
      "properties": {
        "NO": "601",
        "共通ID": "E1221900031111",
        "施設・場所名": "五井中学校",
        "住所": "千葉県市原市五井922-2",
        "指定緊急避難場所との住所同一": "1",
        "その他市町村長が必要と認める事項": null,
        "受入対象者": null,
        "備考": ""
      }
    },
    {
      "type": "Feature",
      "geometry": {
        "type": "Point",
        "coordinates": [
          140.07394,
          35.518774
        ]
      },
      "properties": {
        "NO": "602",
        "共通ID": "E1221900032111",
        "施設・場所名": "京葉小学校",
        "住所": "千葉県市原市五井西3-9-2",
        "指定緊急避難場所との住所同一": "1",
        "その他市町村長が必要と認める事項": null,
        "受入対象者": null,
        "備考": ""
      }
    },
    {
      "type": "Feature",
      "geometry": {
        "type": "Point",
        "coordinates": [
          140.08873,
          35.512849
        ]
      },
      "properties": {
        "NO": "603",
        "共通ID": "E1221900033111",
        "施設・場所名": "サンプラザ市原",
        "住所": "千葉県市原市五井中央西1-1-25",
        "指定緊急避難場所との住所同一": "1",
        "その他市町村長が必要と認める事項": null,
        "受入対象者": null,
        "備考": ""
      }
    },
    {
      "type": "Feature",
      "geometry": {
        "type": "Point",
        "coordinates": [
          140.094587,
          35.514389
        ]
      },
      "properties": {
        "NO": "604",
        "共通ID": "E1221900034111",
        "施設・場所名": "五井小学校",
        "住所": "千葉県市原市五井東1-6-3",
        "指定緊急避難場所との住所同一": "1",
        "その他市町村長が必要と認める事項": null,
        "受入対象者": null,
        "備考": ""
      }
    },
    {
      "type": "Feature",
      "geometry": {
        "type": "Point",
        "coordinates": [
          140.117084,
          35.526053
        ]
      },
      "properties": {
        "NO": "605",
        "共通ID": "E1221900035111",
        "施設・場所名": "五所小学校",
        "住所": "千葉県市原市五所2154-1",
        "指定緊急避難場所との住所同一": "1",
        "その他市町村長が必要と認める事項": null,
        "受入対象者": null,
        "備考": ""
      }
    },
    {
      "type": "Feature",
      "geometry": {
        "type": "Point",
        "coordinates": [
          140.114348,
          35.445123
        ]
      },
      "properties": {
        "NO": "606",
        "共通ID": "E1221900036111",
        "施設・場所名": "双葉中学校",
        "住所": "千葉県市原市光風台1-475",
        "指定緊急避難場所との住所同一": "1",
        "その他市町村長が必要と認める事項": null,
        "受入対象者": null,
        "備考": ""
      }
    },
    {
      "type": "Feature",
      "geometry": {
        "type": "Point",
        "coordinates": [
          140.098197,
          35.445645
        ]
      },
      "properties": {
        "NO": "607",
        "共通ID": "E1221900037111",
        "施設・場所名": "光風台小学校",
        "住所": "千葉県市原市光風台4-546",
        "指定緊急避難場所との住所同一": "1",
        "その他市町村長が必要と認める事項": null,
        "受入対象者": null,
        "備考": ""
      }
    },
    {
      "type": "Feature",
      "geometry": {
        "type": "Point",
        "coordinates": [
          140.100077,
          35.511868
        ]
      },
      "properties": {
        "NO": "608",
        "共通ID": "E1221900039111",
        "施設・場所名": "いちはら子ども未来館",
        "住所": "千葉県市原市更級5-1-18",
        "指定緊急避難場所との住所同一": "1",
        "その他市町村長が必要と認める事項": "",
        "受入対象者": "",
        "備考": ""
      }
    },
    {
      "type": "Feature",
      "geometry": {
        "type": "Point",
        "coordinates": [
          140.228841,
          35.503393
        ]
      },
      "properties": {
        "NO": "609",
        "共通ID": "E1221900040111",
        "施設・場所名": "旧市東第二小学校",
        "住所": "千葉県市原市高倉1-1",
        "指定緊急避難場所との住所同一": "1",
        "その他市町村長が必要と認める事項": null,
        "受入対象者": null,
        "備考": ""
      }
    },
    {
      "type": "Feature",
      "geometry": {
        "type": "Point",
        "coordinates": [
          140.117965,
          35.498199
        ]
      },
      "properties": {
        "NO": "610",
        "共通ID": "E1221900041121",
        "施設・場所名": "老人福祉センター",
        "住所": "千葉県市原市国分寺台中央1-1-23",
        "指定緊急避難場所との住所同一": "",
        "その他市町村長が必要と認める事項": null,
        "受入対象者": "要配慮者",
        "備考": ""
      }
    },
    {
      "type": "Feature",
      "geometry": {
        "type": "Point",
        "coordinates": [
          140.118171,
          35.503183
        ]
      },
      "properties": {
        "NO": "611",
        "共通ID": "E1221900042111",
        "施設・場所名": "国分寺台西中学校",
        "住所": "千葉県市原市国分寺台中央5-1-1",
        "指定緊急避難場所との住所同一": "1",
        "その他市町村長が必要と認める事項": null,
        "受入対象者": null,
        "備考": ""
      }
    },
    {
      "type": "Feature",
      "geometry": {
        "type": "Point",
        "coordinates": [
          140.091042,
          35.481506
        ]
      },
      "properties": {
        "NO": "612",
        "共通ID": "E1221900043111",
        "施設・場所名": "東海中学校",
        "住所": "千葉県市原市今富477",
        "指定緊急避難場所との住所同一": "1",
        "その他市町村長が必要と認める事項": null,
        "受入対象者": null,
        "備考": ""
      }
    },
    {
      "type": "Feature",
      "geometry": {
        "type": "Point",
        "coordinates": [
          140.050593,
          35.442865
        ]
      },
      "properties": {
        "NO": "613",
        "共通ID": "E1221900044111",
        "施設・場所名": "有秋南小学校",
        "住所": "千葉県市原市桜台3-1-1",
        "指定緊急避難場所との住所同一": "1",
        "その他市町村長が必要と認める事項": null,
        "受入対象者": null,
        "備考": ""
      }
    },
    {
      "type": "Feature",
      "geometry": {
        "type": "Point",
        "coordinates": [
          140.144091,
          35.517381
        ]
      },
      "properties": {
        "NO": "614",
        "共通ID": "E1221900045111",
        "施設・場所名": "白幡小学校",
        "住所": "千葉県市原市山木108",
        "指定緊急避難場所との住所同一": "1",
        "その他市町村長が必要と認める事項": null,
        "受入対象者": null,
        "備考": ""
      }
    },
    {
      "type": "Feature",
      "geometry": {
        "type": "Point",
        "coordinates": [
          140.050373,
          35.478392
        ]
      },
      "properties": {
        "NO": "615",
        "共通ID": "E1221900046111",
        "施設・場所名": "明神小学校",
        "住所": "千葉県市原市姉崎1850",
        "指定緊急避難場所との住所同一": "1",
        "その他市町村長が必要と認める事項": null,
        "受入対象者": null,
        "備考": ""
      }
    },
    {
      "type": "Feature",
      "geometry": {
        "type": "Point",
        "coordinates": [
          140.044739,
          35.471591
        ]
      },
      "properties": {
        "NO": "616",
        "共通ID": "E1221900047111",
        "施設・場所名": "姉崎公民館",
        "住所": "千葉県市原市姉崎2150-1",
        "指定緊急避難場所との住所同一": "1",
        "その他市町村長が必要と認める事項": null,
        "受入対象者": null,
        "備考": ""
      }
    },
    {
      "type": "Feature",
      "geometry": {
        "type": "Point",
        "coordinates": [
          140.048104,
          35.470747
        ]
      },
      "properties": {
        "NO": "617",
        "共通ID": "E1221900048111",
        "施設・場所名": "姉崎中学校",
        "住所": "千葉県市原市姉崎2156",
        "指定緊急避難場所との住所同一": "1",
        "その他市町村長が必要と認める事項": null,
        "受入対象者": null,
        "備考": ""
      }
    },
    {
      "type": "Feature",
      "geometry": {
        "type": "Point",
        "coordinates": [
          140.050399,
          35.469817
        ]
      },
      "properties": {
        "NO": "618",
        "共通ID": "E1221900049111",
        "施設・場所名": "姉崎東中学校",
        "住所": "千葉県市原市姉崎3056-1",
        "指定緊急避難場所との住所同一": "1",
        "その他市町村長が必要と認める事項": null,
        "受入対象者": null,
        "備考": ""
      }
    },
    {
      "type": "Feature",
      "geometry": {
        "type": "Point",
        "coordinates": [
          140.10538,
          35.407769
        ]
      },
      "properties": {
        "NO": "619",
        "共通ID": "E1221900050111",
        "施設・場所名": "旧寺谷小学校",
        "住所": "千葉県市原市寺谷687-1",
        "指定緊急避難場所との住所同一": "1",
        "その他市町村長が必要と認める事項": "",
        "受入対象者": "",
        "備考": ""
      }
    },
    {
      "type": "Feature",
      "geometry": {
        "type": "Point",
        "coordinates": [
          140.135301,
          35.527186
        ]
      },
      "properties": {
        "NO": "620",
        "共通ID": "E1221900051111",
        "施設・場所名": "若宮小学校",
        "住所": "千葉県市原市若宮3-13",
        "指定緊急避難場所との住所同一": "1",
        "その他市町村長が必要と認める事項": null,
        "受入対象者": null,
        "備考": ""
      }
    },
    {
      "type": "Feature",
      "geometry": {
        "type": "Point",
        "coordinates": [
          140.181093,
          35.500319
        ]
      },
      "properties": {
        "NO": "621",
        "共通ID": "E1221900052111",
        "施設・場所名": "湿津中学校",
        "住所": "千葉県市原市潤井戸2297-2",
        "指定緊急避難場所との住所同一": "1",
        "その他市町村長が必要と認める事項": null,
        "受入対象者": null,
        "備考": ""
      }
    },
    {
      "type": "Feature",
      "geometry": {
        "type": "Point",
        "coordinates": [
          140.180187,
          35.498373
        ]
      },
      "properties": {
        "NO": "622",
        "共通ID": "E1221900053111",
        "施設・場所名": "湿津小学校",
        "住所": "千葉県市原市潤井戸2299-14",
        "指定緊急避難場所との住所同一": "1",
        "その他市町村長が必要と認める事項": null,
        "受入対象者": null,
        "備考": ""
      }
    },
    {
      "type": "Feature",
      "geometry": {
        "type": "Point",
        "coordinates": [
          140.134993,
          35.448306
        ]
      },
      "properties": {
        "NO": "623",
        "共通ID": "E1221900054111",
        "施設・場所名": "養老小学校",
        "住所": "千葉県市原市松崎820",
        "指定緊急避難場所との住所同一": "1",
        "その他市町村長が必要と認める事項": null,
        "受入対象者": null,
        "備考": ""
      }
    },
    {
      "type": "Feature",
      "geometry": {
        "type": "Point",
        "coordinates": [
          140.098901,
          35.470305
        ]
      },
      "properties": {
        "NO": "624",
        "共通ID": "E1221900055111",
        "施設・場所名": "海上小学校",
        "住所": "千葉県市原市神代125",
        "指定緊急避難場所との住所同一": "1",
        "その他市町村長が必要と認める事項": null,
        "受入対象者": null,
        "備考": ""
      }
    },
    {
      "type": "Feature",
      "geometry": {
        "type": "Point",
        "coordinates": [
          140.202673,
          35.524825
        ]
      },
      "properties": {
        "NO": "625",
        "共通ID": "E1221900056111",
        "施設・場所名": "市東第一小学校",
        "住所": "千葉県市原市瀬又1820",
        "指定緊急避難場所との住所同一": "1",
        "その他市町村長が必要と認める事項": null,
        "受入対象者": null,
        "備考": ""
      }
    },
    {
      "type": "Feature",
      "geometry": {
        "type": "Point",
        "coordinates": [
          140.113281,
          35.505358
        ]
      },
      "properties": {
        "NO": "626",
        "共通ID": "E1221900057111",
        "施設・場所名": "国分寺台西小学校",
        "住所": "千葉県市原市西国分寺台2-11-1",
        "指定緊急避難場所との住所同一": "1",
        "その他市町村長が必要と認める事項": null,
        "受入対象者": null,
        "備考": ""
      }
    },
    {
      "type": "Feature",
      "geometry": {
        "type": "Point",
        "coordinates": [
          140.058572,
          35.498953
        ]
      },
      "properties": {
        "NO": "627",
        "共通ID": "E1221900058111",
        "施設・場所名": "千種小学校",
        "住所": "千葉県市原市青柳1801",
        "指定緊急避難場所との住所同一": "1",
        "その他市町村長が必要と認める事項": null,
        "受入対象者": null,
        "備考": ""
      }
    },
    {
      "type": "Feature",
      "geometry": {
        "type": "Point",
        "coordinates": [
          140.060139,
          35.470857
        ]
      },
      "properties": {
        "NO": "628",
        "共通ID": "E1221900059111",
        "施設・場所名": "青葉台小学校",
        "住所": "千葉県市原市青葉台1-10-1",
        "指定緊急避難場所との住所同一": "1",
        "その他市町村長が必要と認める事項": null,
        "受入対象者": null,
        "備考": ""
      }
    },
    {
      "type": "Feature",
      "geometry": {
        "type": "Point",
        "coordinates": [
          140.058354,
          35.493763
        ]
      },
      "properties": {
        "NO": "629",
        "共通ID": "E1221900060111",
        "施設・場所名": "千種コミュニティセンター",
        "住所": "千葉県市原市千種2-1-2",
        "指定緊急避難場所との住所同一": "1",
        "その他市町村長が必要と認める事項": null,
        "受入対象者": null,
        "備考": ""
      }
    },
    {
      "type": "Feature",
      "geometry": {
        "type": "Point",
        "coordinates": [
          140.059519,
          35.496525
        ]
      },
      "properties": {
        "NO": "630",
        "共通ID": "E1221900062111",
        "施設・場所名": "千種中学校",
        "住所": "千葉県市原市千種6-1-1",
        "指定緊急避難場所との住所同一": "1",
        "その他市町村長が必要と認める事項": null,
        "受入対象者": null,
        "備考": ""
      }
    },
    {
      "type": "Feature",
      "geometry": {
        "type": "Point",
        "coordinates": [
          140.113678,
          35.496769
        ]
      },
      "properties": {
        "NO": "631",
        "共通ID": "E1221900063111",
        "施設・場所名": "市民会館",
        "住所": "千葉県市原市惣社1-1-1",
        "指定緊急避難場所との住所同一": "1",
        "その他市町村長が必要と認める事項": null,
        "受入対象者": null,
        "備考": ""
      }
    },
    {
      "type": "Feature",
      "geometry": {
        "type": "Point",
        "coordinates": [
          140.097397,
          35.494992
        ]
      },
      "properties": {
        "NO": "632",
        "共通ID": "E1221900064111",
        "施設・場所名": "国府小学校",
        "住所": "千葉県市原市村上1402-1",
        "指定緊急避難場所との住所同一": "1",
        "その他市町村長が必要と認める事項": null,
        "受入対象者": null,
        "備考": ""
      }
    },
    {
      "type": "Feature",
      "geometry": {
        "type": "Point",
        "coordinates": [
          140.147205,
          35.28217
        ]
      },
      "properties": {
        "NO": "633",
        "共通ID": "E1221900065111",
        "施設・場所名": "旧白鳥小学校",
        "住所": "千葉県市原市大久保547-1",
        "指定緊急避難場所との住所同一": "1",
        "その他市町村長が必要と認める事項": null,
        "受入対象者": null,
        "備考": ""
      }
    },
    {
      "type": "Feature",
      "geometry": {
        "type": "Point",
        "coordinates": [
          140.146872,
          35.520881
        ]
      },
      "properties": {
        "NO": "634",
        "共通ID": "E1221900066111",
        "施設・場所名": "辰巳公民館",
        "住所": "千葉県市原市辰巳台西3-14-1",
        "指定緊急避難場所との住所同一": "1",
        "その他市町村長が必要と認める事項": null,
        "受入対象者": null,
        "備考": ""
      }
    },
    {
      "type": "Feature",
      "geometry": {
        "type": "Point",
        "coordinates": [
          140.149185,
          35.524328
        ]
      },
      "properties": {
        "NO": "635",
        "共通ID": "E1221900067111",
        "施設・場所名": "辰巳台西小学校",
        "住所": "千葉県市原市辰巳台西4-16",
        "指定緊急避難場所との住所同一": "1",
        "その他市町村長が必要と認める事項": null,
        "受入対象者": null,
        "備考": ""
      }
    },
    {
      "type": "Feature",
      "geometry": {
        "type": "Point",
        "coordinates": [
          140.154672,
          35.521364
        ]
      },
      "properties": {
        "NO": "636",
        "共通ID": "E1221900068111",
        "施設・場所名": "辰巳台中学校",
        "住所": "千葉県市原市辰巳台東2-2",
        "指定緊急避難場所との住所同一": "1",
        "その他市町村長が必要と認める事項": null,
        "受入対象者": null,
        "備考": ""
      }
    },
    {
      "type": "Feature",
      "geometry": {
        "type": "Point",
        "coordinates": [
          140.153806,
          35.513738
        ]
      },
      "properties": {
        "NO": "637",
        "共通ID": "E1221900069111",
        "施設・場所名": "辰巳台東小学校",
        "住所": "千葉県市原市辰巳台東4-13",
        "指定緊急避難場所との住所同一": "1",
        "その他市町村長が必要と認める事項": null,
        "受入対象者": null,
        "備考": ""
      }
    },
    {
      "type": "Feature",
      "geometry": {
        "type": "Point",
        "coordinates": [
          140.04245,
          35.469222
        ]
      },
      "properties": {
        "NO": "638",
        "共通ID": "E1221900070121",
        "施設・場所名": "姉崎保健福祉センター",
        "住所": "千葉県市原市椎津1131",
        "指定緊急避難場所との住所同一": "",
        "その他市町村長が必要と認める事項": null,
        "受入対象者": "要配慮者",
        "備考": ""
      }
    },
    {
      "type": "Feature",
      "geometry": {
        "type": "Point",
        "coordinates": [
          140.040525,
          35.473004
        ]
      },
      "properties": {
        "NO": "639",
        "共通ID": "E1221900071111",
        "施設・場所名": "姉崎小学校",
        "住所": "千葉県市原市椎津461",
        "指定緊急避難場所との住所同一": "1",
        "その他市町村長が必要と認める事項": null,
        "受入対象者": null,
        "備考": ""
      }
    },
    {
      "type": "Feature",
      "geometry": {
        "type": "Point",
        "coordinates": [
          140.182905,
          35.383818
        ]
      },
      "properties": {
        "NO": "640",
        "共通ID": "E1221900072111",
        "施設・場所名": "鶴舞小学校",
        "住所": "千葉県市原市鶴舞708",
        "指定緊急避難場所との住所同一": "1",
        "その他市町村長が必要と認める事項": null,
        "受入対象者": null,
        "備考": ""
      }
    },
    {
      "type": "Feature",
      "geometry": {
        "type": "Point",
        "coordinates": [
          140.174136,
          35.404509
        ]
      },
      "properties": {
        "NO": "641",
        "共通ID": "E1221900073111",
        "施設・場所名": "旧内田小学校",
        "住所": "千葉県市原市島田20",
        "指定緊急避難場所との住所同一": "1",
        "その他市町村長が必要と認める事項": null,
        "受入対象者": null,
        "備考": ""
      }
    },
    {
      "type": "Feature",
      "geometry": {
        "type": "Point",
        "coordinates": [
          140.213513,
          35.509704
        ]
      },
      "properties": {
        "NO": "642",
        "共通ID": "E1221900074111",
        "施設・場所名": "市東中学校",
        "住所": "千葉県市原市東国吉356",
        "指定緊急避難場所との住所同一": "1",
        "その他市町村長が必要と認める事項": null,
        "受入対象者": null,
        "備考": ""
      }
    },
    {
      "type": "Feature",
      "geometry": {
        "type": "Point",
        "coordinates": [
          140.121026,
          35.496163
        ]
      },
      "properties": {
        "NO": "643",
        "共通ID": "E1221900075111",
        "施設・場所名": "国分寺台東小学校",
        "住所": "千葉県市原市東国分寺台5-1",
        "指定緊急避難場所との住所同一": "1",
        "その他市町村長が必要と認める事項": null,
        "受入対象者": null,
        "備考": ""
      }
    },
    {
      "type": "Feature",
      "geometry": {
        "type": "Point",
        "coordinates": [
          140.149939,
          35.317324
        ]
      },
      "properties": {
        "NO": "644",
        "共通ID": "E1221900076111",
        "施設・場所名": "旧里見小学校",
        "住所": "千葉県市原市徳氏541-1",
        "指定緊急避難場所との住所同一": "1",
        "その他市町村長が必要と認める事項": null,
        "受入対象者": null,
        "備考": ""
      }
    },
    {
      "type": "Feature",
      "geometry": {
        "type": "Point",
        "coordinates": [
          140.115441,
          35.494816
        ]
      },
      "properties": {
        "NO": "645",
        "共通ID": "E1221900077111",
        "施設・場所名": "国分寺公民館",
        "住所": "千葉県市原市南国分寺台1-2-6",
        "指定緊急避難場所との住所同一": "1",
        "その他市町村長が必要と認める事項": null,
        "受入対象者": null,
        "備考": ""
      }
    },
    {
      "type": "Feature",
      "geometry": {
        "type": "Point",
        "coordinates": [
          140.111985,
          35.492867
        ]
      },
      "properties": {
        "NO": "646",
        "共通ID": "E1221900078111",
        "施設・場所名": "国分寺台中学校",
        "住所": "千葉県市原市南国分寺台2-1",
        "指定緊急避難場所との住所同一": "1",
        "その他市町村長が必要と認める事項": null,
        "受入対象者": null,
        "備考": ""
      }
    },
    {
      "type": "Feature",
      "geometry": {
        "type": "Point",
        "coordinates": [
          140.11462,
          35.492189
        ]
      },
      "properties": {
        "NO": "647",
        "共通ID": "E1221900079111",
        "施設・場所名": "国分寺台小学校",
        "住所": "千葉県市原市南国分寺台3-2",
        "指定緊急避難場所との住所同一": "1",
        "その他市町村長が必要と認める事項": null,
        "受入対象者": null,
        "備考": ""
      }
    },
    {
      "type": "Feature",
      "geometry": {
        "type": "Point",
        "coordinates": [
          140.077398,
          35.487912
        ]
      },
      "properties": {
        "NO": "648",
        "共通ID": "E1221900080111",
        "施設・場所名": "東海小学校",
        "住所": "千葉県市原市廿五里558",
        "指定緊急避難場所との住所同一": "1",
        "その他市町村長が必要と認める事項": null,
        "受入対象者": null,
        "備考": ""
      }
    },
    {
      "type": "Feature",
      "geometry": {
        "type": "Point",
        "coordinates": [
          140.128581,
          35.50863
        ]
      },
      "properties": {
        "NO": "649",
        "共通ID": "E1221900081111",
        "施設・場所名": "市原小学校",
        "住所": "千葉県市原市能満1320",
        "指定緊急避難場所との住所同一": "1",
        "その他市町村長が必要と認める事項": null,
        "受入対象者": null,
        "備考": ""
      }
    },
    {
      "type": "Feature",
      "geometry": {
        "type": "Point",
        "coordinates": [
          140.12703,
          35.503961
        ]
      },
      "properties": {
        "NO": "650",
        "共通ID": "E1221900082111",
        "施設・場所名": "市原中学校",
        "住所": "千葉県市原市能満1450",
        "指定緊急避難場所との住所同一": "1",
        "その他市町村長が必要と認める事項": null,
        "受入対象者": null,
        "備考": ""
      }
    },
    {
      "type": "Feature",
      "geometry": {
        "type": "Point",
        "coordinates": [
          140.146485,
          35.486032
        ]
      },
      "properties": {
        "NO": "651",
        "共通ID": "E1221900083121",
        "施設・場所名": "希望苑",
        "住所": "千葉県市原市能満2089-157",
        "指定緊急避難場所との住所同一": "",
        "その他市町村長が必要と認める事項": null,
        "受入対象者": "要配慮者",
        "備考": ""
      }
    },
    {
      "type": "Feature",
      "geometry": {
        "type": "Point",
        "coordinates": [
          140.112257,
          35.425795
        ]
      },
      "properties": {
        "NO": "652",
        "共通ID": "E1221900084111",
        "施設・場所名": "戸田コミュニティセンター",
        "住所": "千葉県市原市馬立733",
        "指定緊急避難場所との住所同一": "1",
        "その他市町村長が必要と認める事項": null,
        "受入対象者": null,
        "備考": ""
      }
    },
    {
      "type": "Feature",
      "geometry": {
        "type": "Point",
        "coordinates": [
          140.116172,
          35.424085
        ]
      },
      "properties": {
        "NO": "653",
        "共通ID": "E1221900085111",
        "施設・場所名": "戸田小学校",
        "住所": "千葉県市原市馬立830",
        "指定緊急避難場所との住所同一": "1",
        "その他市町村長が必要と認める事項": null,
        "受入対象者": null,
        "備考": ""
      }
    },
    {
      "type": "Feature",
      "geometry": {
        "type": "Point",
        "coordinates": [
          140.124546,
          35.531235
        ]
      },
      "properties": {
        "NO": "654",
        "共通ID": "E1221900088111",
        "施設・場所名": "八幡中学校",
        "住所": "千葉県市原市八幡500",
        "指定緊急避難場所との住所同一": "1",
        "その他市町村長が必要と認める事項": null,
        "受入対象者": null,
        "備考": ""
      }
    },
    {
      "type": "Feature",
      "geometry": {
        "type": "Point",
        "coordinates": [
          140.121449,
          35.533913
        ]
      },
      "properties": {
        "NO": "655",
        "共通ID": "E1221900089111",
        "施設・場所名": "八幡小学校",
        "住所": "千葉県市原市八幡530",
        "指定緊急避難場所との住所同一": "1",
        "その他市町村長が必要と認める事項": null,
        "受入対象者": null,
        "備考": ""
      }
    },
    {
      "type": "Feature",
      "geometry": {
        "type": "Point",
        "coordinates": [
          140.130679,
          35.544595
        ]
      },
      "properties": {
        "NO": "656",
        "共通ID": "E1221900090111",
        "施設・場所名": "石塚小学校",
        "住所": "千葉県市原市八幡石塚2-4",
        "指定緊急避難場所との住所同一": "1",
        "その他市町村長が必要と認める事項": null,
        "受入対象者": null,
        "備考": ""
      }
    },
    {
      "type": "Feature",
      "geometry": {
        "type": "Point",
        "coordinates": [
          140.048021,
          35.455081
        ]
      },
      "properties": {
        "NO": "657",
        "共通ID": "E1221900091111",
        "施設・場所名": "有秋中学校",
        "住所": "千葉県市原市不入斗1200",
        "指定緊急避難場所との住所同一": "1",
        "その他市町村長が必要と認める事項": null,
        "受入対象者": null,
        "備考": ""
      }
    },
    {
      "type": "Feature",
      "geometry": {
        "type": "Point",
        "coordinates": [
          140.057281,
          35.454221
        ]
      },
      "properties": {
        "NO": "658",
        "共通ID": "E1221900092111",
        "施設・場所名": "有秋東小学校",
        "住所": "千葉県市原市不入斗753",
        "指定緊急避難場所との住所同一": "1",
        "その他市町村長が必要と認める事項": null,
        "受入対象者": null,
        "備考": ""
      }
    },
    {
      "type": "Feature",
      "geometry": {
        "type": "Point",
        "coordinates": [
          140.208377,
          35.33556
        ]
      },
      "properties": {
        "NO": "659",
        "共通ID": "E1221900093111",
        "施設・場所名": "旧平三小学校",
        "住所": "千葉県市原市平蔵808",
        "指定緊急避難場所との住所同一": "1",
        "その他市町村長が必要と認める事項": null,
        "受入対象者": null,
        "備考": ""
      }
    },
    {
      "type": "Feature",
      "geometry": {
        "type": "Point",
        "coordinates": [
          140.146179,
          35.333246
        ]
      },
      "properties": {
        "NO": "660",
        "共通ID": "E1221900094111",
        "施設・場所名": "加茂中学校（加茂学園）",
        "住所": "千葉県市原市平野123",
        "指定緊急避難場所との住所同一": "1",
        "その他市町村長が必要と認める事項": null,
        "受入対象者": null,
        "備考": ""
      }
    },
    {
      "type": "Feature",
      "geometry": {
        "type": "Point",
        "coordinates": [
          140.050286,
          35.453665
        ]
      },
      "properties": {
        "NO": "661",
        "共通ID": "E1221900095111",
        "施設・場所名": "有秋公民館",
        "住所": "千葉県市原市有秋台西1-3-2",
        "指定緊急避難場所との住所同一": "1",
        "その他市町村長が必要と認める事項": null,
        "受入対象者": null,
        "備考": ""
      }
    },
    {
      "type": "Feature",
      "geometry": {
        "type": "Point",
        "coordinates": [
          140.051767,
          35.448185
        ]
      },
      "properties": {
        "NO": "662",
        "共通ID": "E1221900096111",
        "施設・場所名": "有秋西小学校",
        "住所": "千葉県市原市有秋台西2-3",
        "指定緊急避難場所との住所同一": "1",
        "その他市町村長が必要と認める事項": null,
        "受入対象者": null,
        "備考": ""
      }
    },
    {
      "type": "Feature",
      "geometry": {
        "type": "Point",
        "coordinates": [
          140.152221,
          35.354752
        ]
      },
      "properties": {
        "NO": "663",
        "共通ID": "E1221900098111",
        "施設・場所名": "加茂公民館",
        "住所": "千葉県市原市養老949-1",
        "指定緊急避難場所との住所同一": "1",
        "その他市町村長が必要と認める事項": null,
        "受入対象者": null,
        "備考": ""
      }
    },
    {
      "type": "Feature",
      "geometry": {
        "type": "Point",
        "coordinates": [
          139.930532,
          35.757658
        ]
      },
      "properties": {
        "NO": "664",
        "共通ID": "E1220300001121",
        "施設・場所名": "オアゾ市川",
        "住所": "千葉県市川市稲越1-25-35",
        "指定緊急避難場所との住所同一": "",
        "その他市町村長が必要と認める事項": null,
        "受入対象者": "要配慮者",
        "備考": ""
      }
    },
    {
      "type": "Feature",
      "geometry": {
        "type": "Point",
        "coordinates": [
          139.927977,
          35.75359
        ]
      },
      "properties": {
        "NO": "665",
        "共通ID": "E1220300002111",
        "施設・場所名": "県立国分高校",
        "住所": "千葉県市川市稲越2-2-1",
        "指定緊急避難場所との住所同一": "1",
        "その他市町村長が必要と認める事項": null,
        "受入対象者": null,
        "備考": ""
      }
    },
    {
      "type": "Feature",
      "geometry": {
        "type": "Point",
        "coordinates": [
          139.92407,
          35.754117
        ]
      },
      "properties": {
        "NO": "666",
        "共通ID": "E1220300003111",
        "施設・場所名": "稲越小学校",
        "住所": "千葉県市川市稲越3-21-8",
        "指定緊急避難場所との住所同一": "1",
        "その他市町村長が必要と認める事項": null,
        "受入対象者": null,
        "備考": ""
      }
    },
    {
      "type": "Feature",
      "geometry": {
        "type": "Point",
        "coordinates": [
          139.921801,
          35.711619
        ]
      },
      "properties": {
        "NO": "667",
        "共通ID": "E1220300004111",
        "施設・場所名": "稲荷木小学校",
        "住所": "千葉県市川市稲荷木1-14-1",
        "指定緊急避難場所との住所同一": "1",
        "その他市町村長が必要と認める事項": null,
        "受入対象者": null,
        "備考": ""
      }
    },
    {
      "type": "Feature",
      "geometry": {
        "type": "Point",
        "coordinates": [
          139.930091,
          35.683875
        ]
      },
      "properties": {
        "NO": "668",
        "共通ID": "E1220300006111",
        "施設・場所名": "塩焼小学校",
        "住所": "千葉県市川市塩焼5-9-8",
        "指定緊急避難場所との住所同一": "1",
        "その他市町村長が必要と認める事項": null,
        "受入対象者": null,
        "備考": ""
      }
    },
    {
      "type": "Feature",
      "geometry": {
        "type": "Point",
        "coordinates": [
          139.913241,
          35.665362
        ]
      },
      "properties": {
        "NO": "669",
        "共通ID": "E1220300007111",
        "施設・場所名": "県立行徳高校",
        "住所": "千葉県市川市塩浜4-1-1",
        "指定緊急避難場所との住所同一": "1",
        "その他市町村長が必要と認める事項": null,
        "受入対象者": null,
        "備考": ""
      }
    },
    {
      "type": "Feature",
      "geometry": {
        "type": "Point",
        "coordinates": [
          139.913262,
          35.663114
        ]
      },
      "properties": {
        "NO": "670",
        "共通ID": "E1220300008121",
        "施設・場所名": "塩浜老人いこいの家",
        "住所": "千葉県市川市塩浜4-3-1-101",
        "指定緊急避難場所との住所同一": "",
        "その他市町村長が必要と認める事項": null,
        "受入対象者": "要配慮者",
        "備考": ""
      }
    },
    {
      "type": "Feature",
      "geometry": {
        "type": "Point",
        "coordinates": [
          139.914164,
          35.665001
        ]
      },
      "properties": {
        "NO": "671",
        "共通ID": "E1220300009111",
        "施設・場所名": "塩浜学園",
        "住所": "千葉県市川市塩浜4-5-1",
        "指定緊急避難場所との住所同一": "1",
        "その他市町村長が必要と認める事項": null,
        "受入対象者": null,
        "備考": ""
      }
    },
    {
      "type": "Feature",
      "geometry": {
        "type": "Point",
        "coordinates": [
          139.914491,
          35.660919
        ]
      },
      "properties": {
        "NO": "672",
        "共通ID": "E1220300011111",
        "施設・場所名": "塩浜市民体育館",
        "住所": "千葉県市川市塩浜4-9-1",
        "指定緊急避難場所との住所同一": "1",
        "その他市町村長が必要と認める事項": "",
        "受入対象者": "",
        "備考": ""
      }
    },
    {
      "type": "Feature",
      "geometry": {
        "type": "Point",
        "coordinates": [
          139.94577,
          35.739595
        ]
      },
      "properties": {
        "NO": "673",
        "共通ID": "E1220300012111",
        "施設・場所名": "下貝塚中学校",
        "住所": "千葉県市川市下貝塚3-13-1",
        "指定緊急避難場所との住所同一": "1",
        "その他市町村長が必要と認める事項": null,
        "受入対象者": null,
        "備考": ""
      }
    },
    {
      "type": "Feature",
      "geometry": {
        "type": "Point",
        "coordinates": [
          139.938649,
          35.720264
        ]
      },
      "properties": {
        "NO": "674",
        "共通ID": "E1220300014121",
        "施設・場所名": "鬼越老人いこいの家",
        "住所": "千葉県市川市鬼越1-25-3",
        "指定緊急避難場所との住所同一": "",
        "その他市町村長が必要と認める事項": null,
        "受入対象者": "要配慮者",
        "備考": ""
      }
    },
    {
      "type": "Feature",
      "geometry": {
        "type": "Point",
        "coordinates": [
          139.9388,
          35.713218
        ]
      },
      "properties": {
        "NO": "675",
        "共通ID": "E1220300017111",
        "施設・場所名": "鬼高公民館",
        "住所": "千葉県市川市鬼高2-12-23",
        "指定緊急避難場所との住所同一": "1",
        "その他市町村長が必要と認める事項": null,
        "受入対象者": null,
        "備考": ""
      }
    },
    {
      "type": "Feature",
      "geometry": {
        "type": "Point",
        "coordinates": [
          139.937552,
          35.71393
        ]
      },
      "properties": {
        "NO": "676",
        "共通ID": "E1220300018111",
        "施設・場所名": "鬼高小学校",
        "住所": "千葉県市川市鬼高2-13-5",
        "指定緊急避難場所との住所同一": "1",
        "その他市町村長が必要と認める事項": null,
        "受入対象者": null,
        "備考": ""
      }
    },
    {
      "type": "Feature",
      "geometry": {
        "type": "Point",
        "coordinates": [
          139.936008,
          35.710871
        ]
      },
      "properties": {
        "NO": "677",
        "共通ID": "E1220300019111",
        "施設・場所名": "第六中学校",
        "住所": "千葉県市川市鬼高3-16-1",
        "指定緊急避難場所との住所同一": "1",
        "その他市町村長が必要と認める事項": null,
        "受入対象者": null,
        "備考": ""
      }
    },
    {
      "type": "Feature",
      "geometry": {
        "type": "Point",
        "coordinates": [
          139.936107,
          35.736943
        ]
      },
      "properties": {
        "NO": "678",
        "共通ID": "E1220300021111",
        "施設・場所名": "宮久保老人いこいの家",
        "住所": "千葉県市川市宮久保4-2-4",
        "指定緊急避難場所との住所同一": "1",
        "その他市町村長が必要と認める事項": null,
        "受入対象者": null,
        "備考": ""
      }
    },
    {
      "type": "Feature",
      "geometry": {
        "type": "Point",
        "coordinates": [
          139.943946,
          35.736661
        ]
      },
      "properties": {
        "NO": "679",
        "共通ID": "E1220300022111",
        "施設・場所名": "宮久保小学校",
        "住所": "千葉県市川市宮久保5-7-1",
        "指定緊急避難場所との住所同一": "1",
        "その他市町村長が必要と認める事項": null,
        "受入対象者": null,
        "備考": ""
      }
    },
    {
      "type": "Feature",
      "geometry": {
        "type": "Point",
        "coordinates": [
          139.901538,
          35.680109
        ]
      },
      "properties": {
        "NO": "680",
        "共通ID": "E1220300023111",
        "施設・場所名": "南行徳小学校",
        "住所": "千葉県市川市欠真間1-6-38",
        "指定緊急避難場所との住所同一": "1",
        "その他市町村長が必要と認める事項": null,
        "受入対象者": null,
        "備考": ""
      }
    },
    {
      "type": "Feature",
      "geometry": {
        "type": "Point",
        "coordinates": [
          139.945272,
          35.699495
        ]
      },
      "properties": {
        "NO": "681",
        "共通ID": "E1220300173121",
        "施設・場所名": "特別養護老人ホーム　華つばき",
        "住所": "千葉県市川市原木2-10-42",
        "指定緊急避難場所との住所同一": "",
        "その他市町村長が必要と認める事項": "",
        "受入対象者": "要配慮者",
        "備考": ""
      }
    },
    {
      "type": "Feature",
      "geometry": {
        "type": "Point",
        "coordinates": [
          139.944,
          35.69823
        ]
      },
      "properties": {
        "NO": "682",
        "共通ID": "E1220300025111",
        "施設・場所名": "信篤小学校",
        "住所": "千葉県市川市原木2-16-1",
        "指定緊急避難場所との住所同一": "1",
        "その他市町村長が必要と認める事項": null,
        "受入対象者": null,
        "備考": ""
      }
    },
    {
      "type": "Feature",
      "geometry": {
        "type": "Point",
        "coordinates": [
          139.951176,
          35.698888
        ]
      },
      "properties": {
        "NO": "683",
        "共通ID": "E1220300027121",
        "施設・場所名": "親愛の丘市川",
        "住所": "千葉県市川市原木4-10-20",
        "指定緊急避難場所との住所同一": "",
        "その他市町村長が必要と認める事項": null,
        "受入対象者": "要配慮者",
        "備考": ""
      }
    },
    {
      "type": "Feature",
      "geometry": {
        "type": "Point",
        "coordinates": [
          139.929566,
          35.681082
        ]
      },
      "properties": {
        "NO": "684",
        "共通ID": "E1220300028111",
        "施設・場所名": "幸小学校",
        "住所": "千葉県市川市幸1-11-1",
        "指定緊急避難場所との住所同一": "1",
        "その他市町村長が必要と認める事項": null,
        "受入対象者": null,
        "備考": ""
      }
    },
    {
      "type": "Feature",
      "geometry": {
        "type": "Point",
        "coordinates": [
          139.927816,
          35.680304
        ]
      },
      "properties": {
        "NO": "685",
        "共通ID": "E1220300029121",
        "施設・場所名": "幸公民館",
        "住所": "千葉県市川市幸1-16-18",
        "指定緊急避難場所との住所同一": "",
        "その他市町村長が必要と認める事項": null,
        "受入対象者": "要配慮者",
        "備考": ""
      }
    },
    {
      "type": "Feature",
      "geometry": {
        "type": "Point",
        "coordinates": [
          139.890355,
          35.679455
        ]
      },
      "properties": {
        "NO": "686",
        "共通ID": "E1220300031121",
        "施設・場所名": "広尾苑",
        "住所": "千葉県市川市広尾2-3-1",
        "指定緊急避難場所との住所同一": "",
        "その他市町村長が必要と認める事項": null,
        "受入対象者": "要配慮者",
        "備考": ""
      }
    },
    {
      "type": "Feature",
      "geometry": {
        "type": "Point",
        "coordinates": [
          139.889312,
          35.678767
        ]
      },
      "properties": {
        "NO": "687",
        "共通ID": "E1220300032111",
        "施設・場所名": "広尾防災公園管理棟",
        "住所": "千葉県市川市広尾2-3-2",
        "指定緊急避難場所との住所同一": "1",
        "その他市町村長が必要と認める事項": "",
        "受入対象者": "",
        "備考": ""
      }
    },
    {
      "type": "Feature",
      "geometry": {
        "type": "Point",
        "coordinates": [
          139.916307,
          35.680001
        ]
      },
      "properties": {
        "NO": "688",
        "共通ID": "E1220300033111",
        "施設・場所名": "新浜小学校",
        "住所": "千葉県市川市行徳駅前4-5-1",
        "指定緊急避難場所との住所同一": "1",
        "その他市町村長が必要と認める事項": null,
        "受入対象者": null,
        "備考": ""
      }
    },
    {
      "type": "Feature",
      "geometry": {
        "type": "Point",
        "coordinates": [
          139.903276,
          35.682226
        ]
      },
      "properties": {
        "NO": "689",
        "共通ID": "E1220300034121",
        "施設・場所名": "南行徳老人いこいの家",
        "住所": "千葉県市川市香取1-17-18",
        "指定緊急避難場所との住所同一": "",
        "その他市町村長が必要と認める事項": null,
        "受入対象者": "要配慮者",
        "備考": ""
      }
    },
    {
      "type": "Feature",
      "geometry": {
        "type": "Point",
        "coordinates": [
          139.941792,
          35.701696
        ]
      },
      "properties": {
        "NO": "690",
        "共通ID": "E1220300037111",
        "施設・場所名": "信篤公民館",
        "住所": "千葉県市川市高谷1-8-1",
        "指定緊急避難場所との住所同一": "1",
        "その他市町村長が必要と認める事項": null,
        "受入対象者": null,
        "備考": ""
      }
    },
    {
      "type": "Feature",
      "geometry": {
        "type": "Point",
        "coordinates": [
          139.942253,
          35.701674
        ]
      },
      "properties": {
        "NO": "691",
        "共通ID": "E1220300038111",
        "施設・場所名": "信篤市民体育館",
        "住所": "千葉県市川市高谷1-8-2",
        "指定緊急避難場所との住所同一": "1",
        "その他市町村長が必要と認める事項": null,
        "受入対象者": null,
        "備考": ""
      }
    },
    {
      "type": "Feature",
      "geometry": {
        "type": "Point",
        "coordinates": [
          139.944223,
          35.693263
        ]
      },
      "properties": {
        "NO": "692",
        "共通ID": "E1220300035111",
        "施設・場所名": "県立市川南高校",
        "住所": "千葉県市川市高谷1509",
        "指定緊急避難場所との住所同一": "1",
        "その他市町村長が必要と認める事項": null,
        "受入対象者": null,
        "備考": ""
      }
    },
    {
      "type": "Feature",
      "geometry": {
        "type": "Point",
        "coordinates": [
          139.945279,
          35.694699
        ]
      },
      "properties": {
        "NO": "693",
        "共通ID": "E1220300036111",
        "施設・場所名": "高谷中学校",
        "住所": "千葉県市川市高谷1627-4",
        "指定緊急避難場所との住所同一": "1",
        "その他市町村長が必要と認める事項": null,
        "受入対象者": null,
        "備考": ""
      }
    },
    {
      "type": "Feature",
      "geometry": {
        "type": "Point",
        "coordinates": [
          139.945282,
          35.69207
        ]
      },
      "properties": {
        "NO": "694",
        "共通ID": "E1220300039121",
        "施設・場所名": "ホワイト市川（本館）",
        "住所": "千葉県市川市高谷1854",
        "指定緊急避難場所との住所同一": "",
        "その他市町村長が必要と認める事項": "",
        "受入対象者": "要配慮者",
        "備考": ""
      }
    },
    {
      "type": "Feature",
      "geometry": {
        "type": "Point",
        "coordinates": [
          139.940659,
          35.698071
        ]
      },
      "properties": {
        "NO": "695",
        "共通ID": "E1220300165121",
        "施設・場所名": "タムスさくらの杜市川",
        "住所": "千葉県市川市高谷3-1-1",
        "指定緊急避難場所との住所同一": "",
        "その他市町村長が必要と認める事項": "",
        "受入対象者": "要配慮者",
        "備考": ""
      }
    },
    {
      "type": "Feature",
      "geometry": {
        "type": "Point",
        "coordinates": [
          139.907268,
          35.741427
        ]
      },
      "properties": {
        "NO": "696",
        "共通ID": "E1220300040111",
        "施設・場所名": "千葉商科大学",
        "住所": "千葉県市川市国府台1-3-1",
        "指定緊急避難場所との住所同一": "1",
        "その他市町村長が必要と認める事項": null,
        "受入対象者": null,
        "備考": ""
      }
    },
    {
      "type": "Feature",
      "geometry": {
        "type": "Point",
        "coordinates": [
          139.907397,
          35.743042
        ]
      },
      "properties": {
        "NO": "697",
        "共通ID": "E1220300041111",
        "施設・場所名": "国府台スポーツセンター",
        "住所": "千葉県市川市国府台1-6-4",
        "指定緊急避難場所との住所同一": "1",
        "その他市町村長が必要と認める事項": "",
        "受入対象者": "",
        "備考": ""
      }
    },
    {
      "type": "Feature",
      "geometry": {
        "type": "Point",
        "coordinates": [
          139.903852,
          35.743327
        ]
      },
      "properties": {
        "NO": "698",
        "共通ID": "E1220300042111",
        "施設・場所名": "和洋学園",
        "住所": "千葉県市川市国府台2-3-1",
        "指定緊急避難場所との住所同一": "1",
        "その他市町村長が必要と認める事項": null,
        "受入対象者": null,
        "備考": ""
      }
    },
    {
      "type": "Feature",
      "geometry": {
        "type": "Point",
        "coordinates": [
          139.904469,
          35.745049
        ]
      },
      "properties": {
        "NO": "699",
        "共通ID": "E1220300043111",
        "施設・場所名": "県立国府台高校",
        "住所": "千葉県市川市国府台2-4-1",
        "指定緊急避難場所との住所同一": "1",
        "その他市町村長が必要と認める事項": null,
        "受入対象者": null,
        "備考": ""
      }
    },
    {
      "type": "Feature",
      "geometry": {
        "type": "Point",
        "coordinates": [
          139.902054,
          35.744282
        ]
      },
      "properties": {
        "NO": "700",
        "共通ID": "E1220300164111",
        "施設・場所名": "筑波大学附属聴覚特別支援学校（グラウンド等）",
        "住所": "千葉県市川市国府台2-5",
        "指定緊急避難場所との住所同一": "1",
        "その他市町村長が必要と認める事項": "",
        "受入対象者": "",
        "備考": ""
      }
    },
    {
      "type": "Feature",
      "geometry": {
        "type": "Point",
        "coordinates": [
          139.901178,
          35.744964
        ]
      },
      "properties": {
        "NO": "701",
        "共通ID": "E1220300044111",
        "施設・場所名": "第一中学校",
        "住所": "千葉県市川市国府台2-7-1",
        "指定緊急避難場所との住所同一": "1",
        "その他市町村長が必要と認める事項": "",
        "受入対象者": "",
        "備考": ""
      }
    },
    {
      "type": "Feature",
      "geometry": {
        "type": "Point",
        "coordinates": [
          139.902905,
          35.753827
        ]
      },
      "properties": {
        "NO": "702",
        "共通ID": "E1220300046111",
        "施設・場所名": "国府台小学校",
        "住所": "千葉県市川市国府台5-25-4",
        "指定緊急避難場所との住所同一": "1",
        "その他市町村長が必要と認める事項": null,
        "受入対象者": null,
        "備考": ""
      }
    },
    {
      "type": "Feature",
      "geometry": {
        "type": "Point",
        "coordinates": [
          139.916086,
          35.743148
        ]
      },
      "properties": {
        "NO": "703",
        "共通ID": "E1220300047121",
        "施設・場所名": "ふる里学舎松香園",
        "住所": "千葉県市川市国分3-20-2",
        "指定緊急避難場所との住所同一": "",
        "その他市町村長が必要と認める事項": null,
        "受入対象者": "要配慮者",
        "備考": ""
      }
    },
    {
      "type": "Feature",
      "geometry": {
        "type": "Point",
        "coordinates": [
          139.91042,
          35.730059
        ]
      },
      "properties": {
        "NO": "704",
        "共通ID": "E1220300048121",
        "施設・場所名": "男女共同参画センター",
        "住所": "千葉県市川市市川1-24-2",
        "指定緊急避難場所との住所同一": "",
        "その他市町村長が必要と認める事項": null,
        "受入対象者": "要配慮者",
        "備考": ""
      }
    },
    {
      "type": "Feature",
      "geometry": {
        "type": "Point",
        "coordinates": [
          139.905106,
          35.732163
        ]
      },
      "properties": {
        "NO": "705",
        "共通ID": "E1220300049111",
        "施設・場所名": "市川小学校",
        "住所": "千葉県市川市市川2-32-5",
        "指定緊急避難場所との住所同一": "1",
        "その他市町村長が必要と認める事項": null,
        "受入対象者": null,
        "備考": ""
      }
    },
    {
      "type": "Feature",
      "geometry": {
        "type": "Point",
        "coordinates": [
          139.906591,
          35.731013
        ]
      },
      "properties": {
        "NO": "706",
        "共通ID": "E1220300050111",
        "施設・場所名": "市川公民館",
        "住所": "千葉県市川市市川2-33-2",
        "指定緊急避難場所との住所同一": "1",
        "その他市町村長が必要と認める事項": null,
        "受入対象者": null,
        "備考": ""
      }
    },
    {
      "type": "Feature",
      "geometry": {
        "type": "Point",
        "coordinates": [
          139.90598,
          35.731376
        ]
      },
      "properties": {
        "NO": "707",
        "共通ID": "E1220300051121",
        "施設・場所名": "市川老人いこいの家",
        "住所": "千葉県市川市市川2-33-6",
        "指定緊急避難場所との住所同一": "",
        "その他市町村長が必要と認める事項": null,
        "受入対象者": "要配慮者",
        "備考": ""
      }
    },
    {
      "type": "Feature",
      "geometry": {
        "type": "Point",
        "coordinates": [
          139.906044,
          35.731559
        ]
      },
      "properties": {
        "NO": "708",
        "共通ID": "E1220300051122",
        "施設・場所名": "市川こども館",
        "住所": "千葉県市川市市川2-33-6",
        "指定緊急避難場所との住所同一": "",
        "その他市町村長が必要と認める事項": null,
        "受入対象者": "要配慮者",
        "備考": ""
      }
    },
    {
      "type": "Feature",
      "geometry": {
        "type": "Point",
        "coordinates": [
          139.955763,
          35.722462
        ]
      },
      "properties": {
        "NO": "709",
        "共通ID": "E1220300053121",
        "施設・場所名": "若宮公民館",
        "住所": "千葉県市川市若宮2-15-8",
        "指定緊急避難場所との住所同一": "",
        "その他市町村長が必要と認める事項": null,
        "受入対象者": "要配慮者",
        "備考": ""
      }
    },
    {
      "type": "Feature",
      "geometry": {
        "type": "Point",
        "coordinates": [
          139.95211,
          35.726943
        ]
      },
      "properties": {
        "NO": "710",
        "共通ID": "E1220300054111",
        "施設・場所名": "若宮小学校",
        "住所": "千葉県市川市若宮3-54-10",
        "指定緊急避難場所との住所同一": "1",
        "その他市町村長が必要と認める事項": null,
        "受入対象者": null,
        "備考": ""
      }
    },
    {
      "type": "Feature",
      "geometry": {
        "type": "Point",
        "coordinates": [
          139.890556,
          35.67394
        ]
      },
      "properties": {
        "NO": "711",
        "共通ID": "E1220300055111",
        "施設・場所名": "新井小学校",
        "住所": "千葉県市川市新井1-18-13",
        "指定緊急避難場所との住所同一": "1",
        "その他市町村長が必要と認める事項": null,
        "受入対象者": null,
        "備考": ""
      }
    },
    {
      "type": "Feature",
      "geometry": {
        "type": "Point",
        "coordinates": [
          139.909315,
          35.726867
        ]
      },
      "properties": {
        "NO": "712",
        "共通ID": "E1220300056111",
        "施設・場所名": "宮田小学校",
        "住所": "千葉県市川市新田4-8-15",
        "指定緊急避難場所との住所同一": "1",
        "その他市町村長が必要と認める事項": "",
        "受入対象者": "",
        "備考": ""
      }
    },
    {
      "type": "Feature",
      "geometry": {
        "type": "Point",
        "coordinates": [
          139.916617,
          35.674582
        ]
      },
      "properties": {
        "NO": "713",
        "共通ID": "E1220300057111",
        "施設・場所名": "南新浜小学校",
        "住所": "千葉県市川市新浜1-26-1",
        "指定緊急避難場所との住所同一": "1",
        "その他市町村長が必要と認める事項": null,
        "受入対象者": null,
        "備考": ""
      }
    },
    {
      "type": "Feature",
      "geometry": {
        "type": "Point",
        "coordinates": [
          139.910249,
          35.737732
        ]
      },
      "properties": {
        "NO": "714",
        "共通ID": "E1220300058111",
        "施設・場所名": "真間小学校",
        "住所": "千葉県市川市真間4-1-1",
        "指定緊急避難場所との住所同一": "1",
        "その他市町村長が必要と認める事項": null,
        "受入対象者": null,
        "備考": ""
      }
    },
    {
      "type": "Feature",
      "geometry": {
        "type": "Point",
        "coordinates": [
          139.913336,
          35.738184
        ]
      },
      "properties": {
        "NO": "715",
        "共通ID": "E1220300062121",
        "施設・場所名": "須和田の丘支援学校",
        "住所": "千葉県市川市須和田2-34-1",
        "指定緊急避難場所との住所同一": "1",
        "その他市町村長が必要と認める事項": "",
        "受入対象者": "要配慮者",
        "備考": ""
      }
    },
    {
      "type": "Feature",
      "geometry": {
        "type": "Point",
        "coordinates": [
          139.914229,
          35.739133
        ]
      },
      "properties": {
        "NO": "716",
        "共通ID": "E1220300062111",
        "施設・場所名": "第二中学校",
        "住所": "千葉県市川市須和田2-34-1",
        "指定緊急避難場所との住所同一": "1",
        "その他市町村長が必要と認める事項": "",
        "受入対象者": "",
        "備考": ""
      }
    },
    {
      "type": "Feature",
      "geometry": {
        "type": "Point",
        "coordinates": [
          139.917909,
          35.732367
        ]
      },
      "properties": {
        "NO": "717",
        "共通ID": "E1220300063111",
        "施設・場所名": "日出学園",
        "住所": "千葉県市川市菅野2-23-1",
        "指定緊急避難場所との住所同一": "",
        "その他市町村長が必要と認める事項": "",
        "受入対象者": "",
        "備考": ""
      }
    },
    {
      "type": "Feature",
      "geometry": {
        "type": "Point",
        "coordinates": [
          139.916921,
          35.732734
        ]
      },
      "properties": {
        "NO": "718",
        "共通ID": "E1220300065111",
        "施設・場所名": "菅野公民館",
        "住所": "千葉県市川市菅野3-24-2",
        "指定緊急避難場所との住所同一": "1",
        "その他市町村長が必要と認める事項": "",
        "受入対象者": "",
        "備考": ""
      }
    },
    {
      "type": "Feature",
      "geometry": {
        "type": "Point",
        "coordinates": [
          139.917016,
          35.734589
        ]
      },
      "properties": {
        "NO": "719",
        "共通ID": "E1220300066111",
        "施設・場所名": "菅野小学校",
        "住所": "千葉県市川市菅野6-14-1",
        "指定緊急避難場所との住所同一": "1",
        "その他市町村長が必要と認める事項": null,
        "受入対象者": null,
        "備考": ""
      }
    },
    {
      "type": "Feature",
      "geometry": {
        "type": "Point",
        "coordinates": [
          139.932619,
          35.740301
        ]
      },
      "properties": {
        "NO": "720",
        "共通ID": "E1220300068111",
        "施設・場所名": "第三中学校",
        "住所": "千葉県市川市曽谷3-2-1",
        "指定緊急避難場所との住所同一": "1",
        "その他市町村長が必要と認める事項": null,
        "受入対象者": null,
        "備考": ""
      }
    },
    {
      "type": "Feature",
      "geometry": {
        "type": "Point",
        "coordinates": [
          139.92697,
          35.739819
        ]
      },
      "properties": {
        "NO": "721",
        "共通ID": "E1220300069111",
        "施設・場所名": "百合台小学校",
        "住所": "千葉県市川市曽谷6-10-1",
        "指定緊急避難場所との住所同一": "1",
        "その他市町村長が必要と認める事項": null,
        "受入対象者": null,
        "備考": ""
      }
    },
    {
      "type": "Feature",
      "geometry": {
        "type": "Point",
        "coordinates": [
          139.927371,
          35.743611
        ]
      },
      "properties": {
        "NO": "722",
        "共通ID": "E1220300070121",
        "施設・場所名": "曽谷公民館",
        "住所": "千葉県市川市曽谷6-25-5",
        "指定緊急避難場所との住所同一": "",
        "その他市町村長が必要と認める事項": null,
        "受入対象者": "要配慮者",
        "備考": ""
      }
    },
    {
      "type": "Feature",
      "geometry": {
        "type": "Point",
        "coordinates": [
          139.925542,
          35.745456
        ]
      },
      "properties": {
        "NO": "723",
        "共通ID": "E1220300071121",
        "施設・場所名": "大地",
        "住所": "千葉県市川市曽谷7-11-1",
        "指定緊急避難場所との住所同一": "",
        "その他市町村長が必要と認める事項": null,
        "受入対象者": "要配慮者",
        "備考": ""
      }
    },
    {
      "type": "Feature",
      "geometry": {
        "type": "Point",
        "coordinates": [
          139.926515,
          35.746924
        ]
      },
      "properties": {
        "NO": "724",
        "共通ID": "E1220300072111",
        "施設・場所名": "曽谷小学校",
        "住所": "千葉県市川市曽谷7-18-1",
        "指定緊急避難場所との住所同一": "1",
        "その他市町村長が必要と認める事項": null,
        "受入対象者": null,
        "備考": ""
      }
    },
    {
      "type": "Feature",
      "geometry": {
        "type": "Point",
        "coordinates": [
          139.8991,
          35.680181
        ]
      },
      "properties": {
        "NO": "725",
        "共通ID": "E1220300073121",
        "施設・場所名": "南行徳公民館",
        "住所": "千葉県市川市相之川1-3-7",
        "指定緊急避難場所との住所同一": "",
        "その他市町村長が必要と認める事項": null,
        "受入対象者": "要配慮者",
        "備考": ""
      }
    },
    {
      "type": "Feature",
      "geometry": {
        "type": "Point",
        "coordinates": [
          139.906848,
          35.723409
        ]
      },
      "properties": {
        "NO": "726",
        "共通ID": "E1220300076111",
        "施設・場所名": "大洲小学校",
        "住所": "千葉県市川市大洲4-18-1",
        "指定緊急避難場所との住所同一": "1",
        "その他市町村長が必要と認める事項": null,
        "受入対象者": null,
        "備考": ""
      }
    },
    {
      "type": "Feature",
      "geometry": {
        "type": "Point",
        "coordinates": [
          139.906473,
          35.722686
        ]
      },
      "properties": {
        "NO": "727",
        "共通ID": "E1220300077111",
        "施設・場所名": "こども発達センター",
        "住所": "千葉県市川市大洲4-18-3",
        "指定緊急避難場所との住所同一": "1",
        "その他市町村長が必要と認める事項": null,
        "受入対象者": null,
        "備考": ""
      }
    },
    {
      "type": "Feature",
      "geometry": {
        "type": "Point",
        "coordinates": [
          139.907426,
          35.721117
        ]
      },
      "properties": {
        "NO": "728",
        "共通ID": "E1220300078111",
        "施設・場所名": "大洲中学校",
        "住所": "千葉県市川市大洲4-21-5",
        "指定緊急避難場所との住所同一": "1",
        "その他市町村長が必要と認める事項": null,
        "受入対象者": null,
        "備考": ""
      }
    },
    {
      "type": "Feature",
      "geometry": {
        "type": "Point",
        "coordinates": [
          139.966261,
          35.765981
        ]
      },
      "properties": {
        "NO": "729",
        "共通ID": "E1220300080111",
        "施設・場所名": "少年自然の家",
        "住所": "千葉県市川市大町280-4",
        "指定緊急避難場所との住所同一": "1",
        "その他市町村長が必要と認める事項": null,
        "受入対象者": null,
        "備考": ""
      }
    },
    {
      "type": "Feature",
      "geometry": {
        "type": "Point",
        "coordinates": [
          139.958136,
          35.765562
        ]
      },
      "properties": {
        "NO": "730",
        "共通ID": "E1220300082121",
        "施設・場所名": "やわらぎの郷",
        "住所": "千葉県市川市大町438-2",
        "指定緊急避難場所との住所同一": "",
        "その他市町村長が必要と認める事項": null,
        "受入対象者": "要配慮者",
        "備考": ""
      }
    },
    {
      "type": "Feature",
      "geometry": {
        "type": "Point",
        "coordinates": [
          139.953634,
          35.760561
        ]
      },
      "properties": {
        "NO": "731",
        "共通ID": "E1220300083121",
        "施設・場所名": "市川あさひ荘",
        "住所": "千葉県市川市大町537",
        "指定緊急避難場所との住所同一": "",
        "その他市町村長が必要と認める事項": null,
        "受入対象者": "要配慮者",
        "備考": ""
      }
    },
    {
      "type": "Feature",
      "geometry": {
        "type": "Point",
        "coordinates": [
          139.952006,
          35.763137
        ]
      },
      "properties": {
        "NO": "732",
        "共通ID": "E1220300084121",
        "施設・場所名": "太陽と緑の家",
        "住所": "千葉県市川市大町552",
        "指定緊急避難場所との住所同一": "",
        "その他市町村長が必要と認める事項": null,
        "受入対象者": "要配慮者",
        "備考": ""
      }
    },
    {
      "type": "Feature",
      "geometry": {
        "type": "Point",
        "coordinates": [
          139.957025,
          35.771804
        ]
      },
      "properties": {
        "NO": "733",
        "共通ID": "E1220300085111",
        "施設・場所名": "大町小学校",
        "住所": "千葉県市川市大町84-10",
        "指定緊急避難場所との住所同一": "1",
        "その他市町村長が必要と認める事項": null,
        "受入対象者": null,
        "備考": ""
      }
    },
    {
      "type": "Feature",
      "geometry": {
        "type": "Point",
        "coordinates": [
          139.953851,
          35.750315
        ]
      },
      "properties": {
        "NO": "734",
        "共通ID": "E1220300086111",
        "施設・場所名": "大柏小学校",
        "住所": "千葉県市川市大野町2-1877",
        "指定緊急避難場所との住所同一": "1",
        "その他市町村長が必要と認める事項": null,
        "受入対象者": null,
        "備考": ""
      }
    },
    {
      "type": "Feature",
      "geometry": {
        "type": "Point",
        "coordinates": [
          139.956881,
          35.753151
        ]
      },
      "properties": {
        "NO": "735",
        "共通ID": "E1220300087111",
        "施設・場所名": "第五中学校",
        "住所": "千葉県市川市大野町3-1993",
        "指定緊急避難場所との住所同一": "1",
        "その他市町村長が必要と認める事項": null,
        "受入対象者": null,
        "備考": ""
      }
    },
    {
      "type": "Feature",
      "geometry": {
        "type": "Point",
        "coordinates": [
          139.95869,
          35.750229
        ]
      },
      "properties": {
        "NO": "736",
        "共通ID": "E1220300088121",
        "施設・場所名": "葵の園　市川",
        "住所": "千葉県市川市大野町3-2128-1",
        "指定緊急避難場所との住所同一": "",
        "その他市町村長が必要と認める事項": null,
        "受入対象者": "要配慮者",
        "備考": ""
      }
    },
    {
      "type": "Feature",
      "geometry": {
        "type": "Point",
        "coordinates": [
          139.956666,
          35.770962
        ]
      },
      "properties": {
        "NO": "737",
        "共通ID": "E1220300089121",
        "施設・場所名": "梨香園",
        "住所": "千葉県市川市大野町3-2146-2",
        "指定緊急避難場所との住所同一": "",
        "その他市町村長が必要と認める事項": null,
        "受入対象者": "要配慮者",
        "備考": ""
      }
    },
    {
      "type": "Feature",
      "geometry": {
        "type": "Point",
        "coordinates": [
          139.921651,
          35.717633
        ]
      },
      "properties": {
        "NO": "738",
        "共通ID": "E1220300091111",
        "施設・場所名": "大和田小学校",
        "住所": "千葉県市川市大和田1-1-3",
        "指定緊急避難場所との住所同一": "1",
        "その他市町村長が必要と認める事項": null,
        "受入対象者": null,
        "備考": ""
      }
    },
    {
      "type": "Feature",
      "geometry": {
        "type": "Point",
        "coordinates": [
          139.921052,
          35.716728
        ]
      },
      "properties": {
        "NO": "739",
        "共通ID": "E1220300092121",
        "施設・場所名": "文化会館",
        "住所": "千葉県市川市大和田1-1-5",
        "指定緊急避難場所との住所同一": "",
        "その他市町村長が必要と認める事項": null,
        "受入対象者": "要配慮者",
        "備考": ""
      }
    },
    {
      "type": "Feature",
      "geometry": {
        "type": "Point",
        "coordinates": [
          139.915604,
          35.717976
        ]
      },
      "properties": {
        "NO": "740",
        "共通ID": "E1220300093111",
        "施設・場所名": "鶴指小学校",
        "住所": "千葉県市川市大和田4-11-1",
        "指定緊急避難場所との住所同一": "1",
        "その他市町村長が必要と認める事項": null,
        "受入対象者": null,
        "備考": ""
      }
    },
    {
      "type": "Feature",
      "geometry": {
        "type": "Point",
        "coordinates": [
          139.914868,
          35.719211
        ]
      },
      "properties": {
        "NO": "741",
        "共通ID": "E1220300094111",
        "施設・場所名": "第八中学校",
        "住所": "千葉県市川市大和田4-9-1",
        "指定緊急避難場所との住所同一": "1",
        "その他市町村長が必要と認める事項": null,
        "受入対象者": null,
        "備考": ""
      }
    },
    {
      "type": "Feature",
      "geometry": {
        "type": "Point",
        "coordinates": [
          139.915792,
          35.753636
        ]
      },
      "properties": {
        "NO": "742",
        "共通ID": "E1220300095111",
        "施設・場所名": "中国分小学校",
        "住所": "千葉県市川市中国分1-22-1",
        "指定緊急避難場所との住所同一": "1",
        "その他市町村長が必要と認める事項": null,
        "受入対象者": null,
        "備考": ""
      }
    },
    {
      "type": "Feature",
      "geometry": {
        "type": "Point",
        "coordinates": [
          139.913238,
          35.749265
        ]
      },
      "properties": {
        "NO": "743",
        "共通ID": "E1220300096111",
        "施設・場所名": "西部公民館",
        "住所": "千葉県市川市中国分2-13-8",
        "指定緊急避難場所との住所同一": "1",
        "その他市町村長が必要と認める事項": null,
        "受入対象者": null,
        "備考": ""
      }
    },
    {
      "type": "Feature",
      "geometry": {
        "type": "Point",
        "coordinates": [
          139.913124,
          35.750097
        ]
      },
      "properties": {
        "NO": "744",
        "共通ID": "E1220300097121",
        "施設・場所名": "明松園",
        "住所": "千葉県市川市中国分2-17-21",
        "指定緊急避難場所との住所同一": "",
        "その他市町村長が必要と認める事項": null,
        "受入対象者": "要配慮者",
        "備考": ""
      }
    },
    {
      "type": "Feature",
      "geometry": {
        "type": "Point",
        "coordinates": [
          139.943814,
          35.721479
        ]
      },
      "properties": {
        "NO": "745",
        "共通ID": "E1220300100111",
        "施設・場所名": "中山小学校",
        "住所": "千葉県市川市中山1-1-5",
        "指定緊急避難場所との住所同一": "1",
        "その他市町村長が必要と認める事項": null,
        "受入対象者": null,
        "備考": ""
      }
    },
    {
      "type": "Feature",
      "geometry": {
        "type": "Point",
        "coordinates": [
          139.945645,
          35.722026
        ]
      },
      "properties": {
        "NO": "746",
        "共通ID": "E1220300099111",
        "施設・場所名": "第四中学校",
        "住所": "千葉県市川市中山1-11-1",
        "指定緊急避難場所との住所同一": "1",
        "その他市町村長が必要と認める事項": "",
        "受入対象者": "",
        "備考": ""
      }
    },
    {
      "type": "Feature",
      "geometry": {
        "type": "Point",
        "coordinates": [
          139.942841,
          35.688206
        ]
      },
      "properties": {
        "NO": "747",
        "共通ID": "E1220300168111",
        "施設・場所名": "クリーンセンター（管理棟）",
        "住所": "千葉県市川市田尻1003",
        "指定緊急避難場所との住所同一": "",
        "その他市町村長が必要と認める事項": "",
        "受入対象者": "",
        "備考": ""
      }
    },
    {
      "type": "Feature",
      "geometry": {
        "type": "Point",
        "coordinates": [
          139.934414,
          35.703308
        ]
      },
      "properties": {
        "NO": "748",
        "共通ID": "E1220300102121",
        "施設・場所名": "田尻老人いこいの家",
        "住所": "千葉県市川市田尻4-13-3",
        "指定緊急避難場所との住所同一": "",
        "その他市町村長が必要と認める事項": null,
        "受入対象者": "要配慮者",
        "備考": ""
      }
    },
    {
      "type": "Feature",
      "geometry": {
        "type": "Point",
        "coordinates": [
          139.923362,
          35.739734
        ]
      },
      "properties": {
        "NO": "749",
        "共通ID": "E1220300103111",
        "施設・場所名": "県立市川昴高校",
        "住所": "千葉県市川市東国分1-1-1",
        "指定緊急避難場所との住所同一": "1",
        "その他市町村長が必要と認める事項": null,
        "受入対象者": null,
        "備考": ""
      }
    },
    {
      "type": "Feature",
      "geometry": {
        "type": "Point",
        "coordinates": [
          139.920899,
          35.744968
        ]
      },
      "properties": {
        "NO": "750",
        "共通ID": "E1220300104111",
        "施設・場所名": "国分小学校",
        "住所": "千葉県市川市東国分2-4-1",
        "指定緊急避難場所との住所同一": "1",
        "その他市町村長が必要と認める事項": null,
        "受入対象者": null,
        "備考": ""
      }
    },
    {
      "type": "Feature",
      "geometry": {
        "type": "Point",
        "coordinates": [
          139.922992,
          35.748885
        ]
      },
      "properties": {
        "NO": "751",
        "共通ID": "E1220300105111",
        "施設・場所名": "東国分中学校",
        "住所": "千葉県市川市東国分3-5-1",
        "指定緊急避難場所との住所同一": "1",
        "その他市町村長が必要と認める事項": null,
        "受入対象者": null,
        "備考": ""
      }
    },
    {
      "type": "Feature",
      "geometry": {
        "type": "Point",
        "coordinates": [
          139.930419,
          35.733125
        ]
      },
      "properties": {
        "NO": "752",
        "共通ID": "E1220300106111",
        "施設・場所名": "昭和学院",
        "住所": "千葉県市川市東菅野2-17-1",
        "指定緊急避難場所との住所同一": "1",
        "その他市町村長が必要と認める事項": null,
        "受入対象者": null,
        "備考": ""
      }
    },
    {
      "type": "Feature",
      "geometry": {
        "type": "Point",
        "coordinates": [
          139.938151,
          35.730739
        ]
      },
      "properties": {
        "NO": "753",
        "共通ID": "E1220300108111",
        "施設・場所名": "市川学園（第１グラウンド等）",
        "住所": "千葉県市川市東菅野4-1-1",
        "指定緊急避難場所との住所同一": "1",
        "その他市町村長が必要と認める事項": null,
        "受入対象者": null,
        "備考": ""
      }
    },
    {
      "type": "Feature",
      "geometry": {
        "type": "Point",
        "coordinates": [
          139.921658,
          35.714783
        ]
      },
      "properties": {
        "NO": "754",
        "共通ID": "E1220300174111",
        "施設・場所名": "ＴＤＫ株式会社テクニカルセンター",
        "住所": "千葉県市川市東大和田2-15-7",
        "指定緊急避難場所との住所同一": "",
        "その他市町村長が必要と認める事項": "",
        "受入対象者": "",
        "備考": ""
      }
    },
    {
      "type": "Feature",
      "geometry": {
        "type": "Point",
        "coordinates": [
          139.907171,
          35.671846
        ]
      },
      "properties": {
        "NO": "755",
        "共通ID": "E1220300109111",
        "施設・場所名": "福栄小学校",
        "住所": "千葉県市川市南行徳2-2-1",
        "指定緊急避難場所との住所同一": "1",
        "その他市町村長が必要と認める事項": null,
        "受入対象者": null,
        "備考": ""
      }
    },
    {
      "type": "Feature",
      "geometry": {
        "type": "Point",
        "coordinates": [
          139.907285,
          35.670912
        ]
      },
      "properties": {
        "NO": "756",
        "共通ID": "E1220300110111",
        "施設・場所名": "南行徳中学校",
        "住所": "千葉県市川市南行徳2-2-2",
        "指定緊急避難場所との住所同一": "1",
        "その他市町村長が必要と認める事項": null,
        "受入対象者": null,
        "備考": ""
      }
    },
    {
      "type": "Feature",
      "geometry": {
        "type": "Point",
        "coordinates": [
          139.905324,
          35.67151
        ]
      },
      "properties": {
        "NO": "757",
        "共通ID": "E1220300111111",
        "施設・場所名": "富美浜小学校",
        "住所": "千葉県市川市南行徳2-3-1",
        "指定緊急避難場所との住所同一": "1",
        "その他市町村長が必要と認める事項": null,
        "受入対象者": null,
        "備考": ""
      }
    },
    {
      "type": "Feature",
      "geometry": {
        "type": "Point",
        "coordinates": [
          139.950619,
          35.74243
        ]
      },
      "properties": {
        "NO": "758",
        "共通ID": "E1220300113111",
        "施設・場所名": "大野小学校",
        "住所": "千葉県市川市南大野1-42-1",
        "指定緊急避難場所との住所同一": "1",
        "その他市町村長が必要と認める事項": null,
        "受入対象者": null,
        "備考": ""
      }
    },
    {
      "type": "Feature",
      "geometry": {
        "type": "Point",
        "coordinates": [
          139.951931,
          35.746815
        ]
      },
      "properties": {
        "NO": "759",
        "共通ID": "E1220300114121",
        "施設・場所名": "からりす",
        "住所": "千葉県市川市南大野2-26-30",
        "指定緊急避難場所との住所同一": "",
        "その他市町村長が必要と認める事項": null,
        "受入対象者": "要配慮者",
        "備考": ""
      }
    },
    {
      "type": "Feature",
      "geometry": {
        "type": "Point",
        "coordinates": [
          139.953175,
          35.745169
        ]
      },
      "properties": {
        "NO": "760",
        "共通ID": "E1220300115111",
        "施設・場所名": "大野公民館",
        "住所": "千葉県市川市南大野2-3-19",
        "指定緊急避難場所との住所同一": "1",
        "その他市町村長が必要と認める事項": null,
        "受入対象者": null,
        "備考": ""
      }
    },
    {
      "type": "Feature",
      "geometry": {
        "type": "Point",
        "coordinates": [
          139.92735,
          35.713716
        ]
      },
      "properties": {
        "NO": "761",
        "共通ID": "E1220300116111",
        "施設・場所名": "勤労福祉センター本館",
        "住所": "千葉県市川市南八幡2-20-1",
        "指定緊急避難場所との住所同一": "1",
        "その他市町村長が必要と認める事項": null,
        "受入対象者": null,
        "備考": ""
      }
    },
    {
      "type": "Feature",
      "geometry": {
        "type": "Point",
        "coordinates": [
          139.921116,
          35.718795
        ]
      },
      "properties": {
        "NO": "762",
        "共通ID": "E1220300117111",
        "施設・場所名": "勤労福祉センター分館",
        "住所": "千葉県市川市南八幡5-20-3",
        "指定緊急避難場所との住所同一": "1",
        "その他市町村長が必要と認める事項": null,
        "受入対象者": null,
        "備考": ""
      }
    },
    {
      "type": "Feature",
      "geometry": {
        "type": "Point",
        "coordinates": [
          139.957384,
          35.699277
        ]
      },
      "properties": {
        "NO": "763",
        "共通ID": "E1220300175111",
        "施設・場所名": "環太平洋大学",
        "住所": "千葉県市川市二俣625-1",
        "指定緊急避難場所との住所同一": "1",
        "その他市町村長が必要と認める事項": "",
        "受入対象者": "",
        "備考": ""
      }
    },
    {
      "type": "Feature",
      "geometry": {
        "type": "Point",
        "coordinates": [
          139.956533,
          35.696888
        ]
      },
      "properties": {
        "NO": "764",
        "共通ID": "E1220300118111",
        "施設・場所名": "二俣小学校",
        "住所": "千葉県市川市二俣678",
        "指定緊急避難場所との住所同一": "1",
        "その他市町村長が必要と認める事項": null,
        "受入対象者": null,
        "備考": ""
      }
    },
    {
      "type": "Feature",
      "geometry": {
        "type": "Point",
        "coordinates": [
          139.923678,
          35.678083
        ]
      },
      "properties": {
        "NO": "765",
        "共通ID": "E1220300119121",
        "施設・場所名": "日之出老人いこいの家",
        "住所": "千葉県市川市日之出8-18",
        "指定緊急避難場所との住所同一": "",
        "その他市町村長が必要と認める事項": null,
        "受入対象者": "要配慮者",
        "備考": ""
      }
    },
    {
      "type": "Feature",
      "geometry": {
        "type": "Point",
        "coordinates": [
          139.97149,
          35.74095
        ]
      },
      "properties": {
        "NO": "766",
        "共通ID": "E1220300120121",
        "施設・場所名": "いちかわ翔裕園",
        "住所": "千葉県市川市柏井町1-1076",
        "指定緊急避難場所との住所同一": "",
        "その他市町村長が必要と認める事項": null,
        "受入対象者": "要配慮者",
        "備考": ""
      }
    },
    {
      "type": "Feature",
      "geometry": {
        "type": "Point",
        "coordinates": [
          139.966508,
          35.739574
        ]
      },
      "properties": {
        "NO": "767",
        "共通ID": "E1220300121111",
        "施設・場所名": "柏井小学校",
        "住所": "千葉県市川市柏井町1-1149-1",
        "指定緊急避難場所との住所同一": "1",
        "その他市町村長が必要と認める事項": null,
        "受入対象者": null,
        "備考": ""
      }
    },
    {
      "type": "Feature",
      "geometry": {
        "type": "Point",
        "coordinates": [
          139.965477,
          35.743786
        ]
      },
      "properties": {
        "NO": "768",
        "共通ID": "E1220300123121",
        "施設・場所名": "咲楽苑",
        "住所": "千葉県市川市柏井町2-746-1",
        "指定緊急避難場所との住所同一": "",
        "その他市町村長が必要と認める事項": null,
        "受入対象者": "要配慮者",
        "備考": ""
      }
    },
    {
      "type": "Feature",
      "geometry": {
        "type": "Point",
        "coordinates": [
          139.965395,
          35.745979
        ]
      },
      "properties": {
        "NO": "769",
        "共通ID": "E1220300124111",
        "施設・場所名": "柏井公民館",
        "住所": "千葉県市川市柏井町2-844",
        "指定緊急避難場所との住所同一": "1",
        "その他市町村長が必要と認める事項": null,
        "受入対象者": null,
        "備考": ""
      }
    },
    {
      "type": "Feature",
      "geometry": {
        "type": "Point",
        "coordinates": [
          139.961897,
          35.744599
        ]
      },
      "properties": {
        "NO": "770",
        "共通ID": "E1220300125121",
        "施設・場所名": "かしわい苑",
        "住所": "千葉県市川市柏井町3-637-1",
        "指定緊急避難場所との住所同一": "",
        "その他市町村長が必要と認める事項": null,
        "受入対象者": "要配慮者",
        "備考": ""
      }
    },
    {
      "type": "Feature",
      "geometry": {
        "type": "Point",
        "coordinates": [
          139.964678,
          35.751308
        ]
      },
      "properties": {
        "NO": "771",
        "共通ID": "E1220300126121",
        "施設・場所名": "保健医療福祉センター",
        "住所": "千葉県市川市柏井町4-229-4",
        "指定緊急避難場所との住所同一": "",
        "その他市町村長が必要と認める事項": null,
        "受入対象者": "要配慮者",
        "備考": ""
      }
    },
    {
      "type": "Feature",
      "geometry": {
        "type": "Point",
        "coordinates": [
          139.971346,
          35.754127
        ]
      },
      "properties": {
        "NO": "772",
        "共通ID": "E1220300127121",
        "施設・場所名": "らいおんハート",
        "住所": "千葉県市川市柏井町4-269-2",
        "指定緊急避難場所との住所同一": "",
        "その他市町村長が必要と認める事項": null,
        "受入対象者": "要配慮者",
        "備考": ""
      }
    },
    {
      "type": "Feature",
      "geometry": {
        "type": "Point",
        "coordinates": [
          139.968384,
          35.753578
        ]
      },
      "properties": {
        "NO": "773",
        "共通ID": "E1220300167111",
        "施設・場所名": "Ｊ：ＣＯＭ北市川スポーツパーク",
        "住所": "千葉県市川市柏井町4-277-1",
        "指定緊急避難場所との住所同一": "",
        "その他市町村長が必要と認める事項": "",
        "受入対象者": "",
        "備考": ""
      }
    },
    {
      "type": "Feature",
      "geometry": {
        "type": "Point",
        "coordinates": [
          139.973118,
          35.753751
        ]
      },
      "properties": {
        "NO": "774",
        "共通ID": "E1220300128121",
        "施設・場所名": "ナーシングホーム市川",
        "住所": "千葉県市川市柏井町4-310",
        "指定緊急避難場所との住所同一": "",
        "その他市町村長が必要と認める事項": null,
        "受入対象者": "要配慮者",
        "備考": ""
      }
    },
    {
      "type": "Feature",
      "geometry": {
        "type": "Point",
        "coordinates": [
          139.974582,
          35.75272
        ]
      },
      "properties": {
        "NO": "775",
        "共通ID": "E1220300129121",
        "施設・場所名": "市川ヒルズ",
        "住所": "千葉県市川市柏井町4-312",
        "指定緊急避難場所との住所同一": "",
        "その他市町村長が必要と認める事項": null,
        "受入対象者": "要配慮者",
        "備考": ""
      }
    },
    {
      "type": "Feature",
      "geometry": {
        "type": "Point",
        "coordinates": [
          139.97337,
          35.752659
        ]
      },
      "properties": {
        "NO": "776",
        "共通ID": "E1220300130121",
        "施設・場所名": "清山荘",
        "住所": "千葉県市川市柏井町4-314",
        "指定緊急避難場所との住所同一": "",
        "その他市町村長が必要と認める事項": null,
        "受入対象者": "要配慮者",
        "備考": ""
      }
    },
    {
      "type": "Feature",
      "geometry": {
        "type": "Point",
        "coordinates": [
          139.973536,
          35.75312
        ]
      },
      "properties": {
        "NO": "777",
        "共通ID": "E1220300131121",
        "施設・場所名": "レガーレ市川",
        "住所": "千葉県市川市柏井町4-315",
        "指定緊急避難場所との住所同一": "",
        "その他市町村長が必要と認める事項": null,
        "受入対象者": "要配慮者",
        "備考": ""
      }
    },
    {
      "type": "Feature",
      "geometry": {
        "type": "Point",
        "coordinates": [
          139.928069,
          35.725727
        ]
      },
      "properties": {
        "NO": "778",
        "共通ID": "E1220300132111",
        "施設・場所名": "八幡小学校",
        "住所": "千葉県市川市八幡3-24-1",
        "指定緊急避難場所との住所同一": "1",
        "その他市町村長が必要と認める事項": null,
        "受入対象者": null,
        "備考": ""
      }
    },
    {
      "type": "Feature",
      "geometry": {
        "type": "Point",
        "coordinates": [
          139.930509,
          35.723727
        ]
      },
      "properties": {
        "NO": "779",
        "共通ID": "E1220300133121",
        "施設・場所名": "八幡市民交流館　ニコット",
        "住所": "千葉県市川市八幡4-2-1",
        "指定緊急避難場所との住所同一": "1",
        "その他市町村長が必要と認める事項": "",
        "受入対象者": "要配慮者",
        "備考": ""
      }
    },
    {
      "type": "Feature",
      "geometry": {
        "type": "Point",
        "coordinates": [
          139.930509,
          35.723727
        ]
      },
      "properties": {
        "NO": "780",
        "共通ID": "E1220300133112",
        "施設・場所名": "八幡市民交流館　ニコット",
        "住所": "千葉県市川市八幡4-2-1",
        "指定緊急避難場所との住所同一": "1",
        "その他市町村長が必要と認める事項": "",
        "受入対象者": "",
        "備考": ""
      }
    },
    {
      "type": "Feature",
      "geometry": {
        "type": "Point",
        "coordinates": [
          139.931064,
          35.723525
        ]
      },
      "properties": {
        "NO": "781",
        "共通ID": "E1220300133111",
        "施設・場所名": "全日警ホール",
        "住所": "千葉県市川市八幡4-2-1",
        "指定緊急避難場所との住所同一": "1",
        "その他市町村長が必要と認める事項": "",
        "受入対象者": "",
        "備考": ""
      }
    },
    {
      "type": "Feature",
      "geometry": {
        "type": "Point",
        "coordinates": [
          139.929556,
          35.724546
        ]
      },
      "properties": {
        "NO": "782",
        "共通ID": "E1220300134111",
        "施設・場所名": "奥野木学園不二女子高校",
        "住所": "千葉県市川市八幡4-5-7",
        "指定緊急避難場所との住所同一": "1",
        "その他市町村長が必要と認める事項": null,
        "受入対象者": null,
        "備考": ""
      }
    },
    {
      "type": "Feature",
      "geometry": {
        "type": "Point",
        "coordinates": [
          139.937725,
          35.726975
        ]
      },
      "properties": {
        "NO": "783",
        "共通ID": "E1220300135111",
        "施設・場所名": "冨貴島小学校",
        "住所": "千葉県市川市八幡6-10-11",
        "指定緊急避難場所との住所同一": "1",
        "その他市町村長が必要と認める事項": null,
        "受入対象者": null,
        "備考": ""
      }
    },
    {
      "type": "Feature",
      "geometry": {
        "type": "Point",
        "coordinates": [
          139.923751,
          35.692727
        ]
      },
      "properties": {
        "NO": "784",
        "共通ID": "E1220300136111",
        "施設・場所名": "行徳小学校",
        "住所": "千葉県市川市富浜1-1-40",
        "指定緊急避難場所との住所同一": "1",
        "その他市町村長が必要と認める事項": null,
        "受入対象者": null,
        "備考": ""
      }
    },
    {
      "type": "Feature",
      "geometry": {
        "type": "Point",
        "coordinates": [
          139.910199,
          35.673914
        ]
      },
      "properties": {
        "NO": "785",
        "共通ID": "E1220300138111",
        "施設・場所名": "福栄中学校",
        "住所": "千葉県市川市福栄3-4-1",
        "指定緊急避難場所との住所同一": "1",
        "その他市町村長が必要と認める事項": null,
        "受入対象者": null,
        "備考": ""
      }
    },
    {
      "type": "Feature",
      "geometry": {
        "type": "Point",
        "coordinates": [
          139.909303,
          35.669354
        ]
      },
      "properties": {
        "NO": "786",
        "共通ID": "E1220300139121",
        "施設・場所名": "福栄老人いこいの家",
        "住所": "千葉県市川市福栄4-32-2",
        "指定緊急避難場所との住所同一": "",
        "その他市町村長が必要と認める事項": null,
        "受入対象者": "要配慮者",
        "備考": ""
      }
    },
    {
      "type": "Feature",
      "geometry": {
        "type": "Point",
        "coordinates": [
          139.919609,
          35.723182
        ]
      },
      "properties": {
        "NO": "787",
        "共通ID": "E1220300140111",
        "施設・場所名": "県立市川工業高校",
        "住所": "千葉県市川市平田3-10-10",
        "指定緊急避難場所との住所同一": "1",
        "その他市町村長が必要と認める事項": null,
        "受入対象者": null,
        "備考": ""
      }
    },
    {
      "type": "Feature",
      "geometry": {
        "type": "Point",
        "coordinates": [
          139.918095,
          35.724144
        ]
      },
      "properties": {
        "NO": "788",
        "共通ID": "E1220300141111",
        "施設・場所名": "平田小学校",
        "住所": "千葉県市川市平田3-28-1",
        "指定緊急避難場所との住所同一": "1",
        "その他市町村長が必要と認める事項": null,
        "受入対象者": null,
        "備考": ""
      }
    },
    {
      "type": "Feature",
      "geometry": {
        "type": "Point",
        "coordinates": [
          139.954764,
          35.739908
        ]
      },
      "properties": {
        "NO": "789",
        "共通ID": "E1220300142121",
        "施設・場所名": "やまぶき園",
        "住所": "千葉県市川市奉免町191-2",
        "指定緊急避難場所との住所同一": "",
        "その他市町村長が必要と認める事項": null,
        "受入対象者": "要配慮者",
        "備考": ""
      }
    },
    {
      "type": "Feature",
      "geometry": {
        "type": "Point",
        "coordinates": [
          139.957056,
          35.743205
        ]
      },
      "properties": {
        "NO": "790",
        "共通ID": "E1220300143121",
        "施設・場所名": "ハートケア市川",
        "住所": "千葉県市川市奉免町59-2",
        "指定緊急避難場所との住所同一": "",
        "その他市町村長が必要と認める事項": null,
        "受入対象者": "要配慮者",
        "備考": ""
      }
    },
    {
      "type": "Feature",
      "geometry": {
        "type": "Point",
        "coordinates": [
          139.903541,
          35.75882
        ]
      },
      "properties": {
        "NO": "791",
        "共通ID": "E1220300144121",
        "施設・場所名": "北国分老人いこいの家",
        "住所": "千葉県市川市北国分1-12-32",
        "指定緊急避難場所との住所同一": "",
        "その他市町村長が必要と認める事項": null,
        "受入対象者": "要配慮者",
        "備考": ""
      }
    },
    {
      "type": "Feature",
      "geometry": {
        "type": "Point",
        "coordinates": [
          139.941048,
          35.725403
        ]
      },
      "properties": {
        "NO": "792",
        "共通ID": "E1220300146121",
        "施設・場所名": "北方老人いこいの家",
        "住所": "千葉県市川市北方2-29-19",
        "指定緊急避難場所との住所同一": "",
        "その他市町村長が必要と認める事項": null,
        "受入対象者": "要配慮者",
        "備考": ""
      }
    },
    {
      "type": "Feature",
      "geometry": {
        "type": "Point",
        "coordinates": [
          139.945658,
          35.732711
        ]
      },
      "properties": {
        "NO": "793",
        "共通ID": "E1220300148111",
        "施設・場所名": "北方小学校",
        "住所": "千葉県市川市北方町4-1356-1",
        "指定緊急避難場所との住所同一": "1",
        "その他市町村長が必要と認める事項": null,
        "受入対象者": null,
        "備考": ""
      }
    },
    {
      "type": "Feature",
      "geometry": {
        "type": "Point",
        "coordinates": [
          139.949295,
          35.734909
        ]
      },
      "properties": {
        "NO": "794",
        "共通ID": "E1220300169111",
        "施設・場所名": "大柏川ビジターセンター",
        "住所": "千葉県市川市北方町4-1444-59",
        "指定緊急避難場所との住所同一": "",
        "その他市町村長が必要と認める事項": "",
        "受入対象者": "",
        "備考": ""
      }
    },
    {
      "type": "Feature",
      "geometry": {
        "type": "Point",
        "coordinates": [
          139.954058,
          35.738034
        ]
      },
      "properties": {
        "NO": "795",
        "共通ID": "E1220300149121",
        "施設・場所名": "サンシルバー市川",
        "住所": "千葉県市川市北方町4-1460",
        "指定緊急避難場所との住所同一": "",
        "その他市町村長が必要と認める事項": null,
        "受入対象者": "要配慮者",
        "備考": ""
      }
    },
    {
      "type": "Feature",
      "geometry": {
        "type": "Point",
        "coordinates": [
          139.955835,
          35.737689
        ]
      },
      "properties": {
        "NO": "796",
        "共通ID": "E1220300150111",
        "施設・場所名": "県立市川東高校",
        "住所": "千葉県市川市北方町4-2191",
        "指定緊急避難場所との住所同一": "1",
        "その他市町村長が必要と認める事項": null,
        "受入対象者": null,
        "備考": ""
      }
    },
    {
      "type": "Feature",
      "geometry": {
        "type": "Point",
        "coordinates": [
          139.953888,
          35.735516
        ]
      },
      "properties": {
        "NO": "797",
        "共通ID": "E1220300166111",
        "施設・場所名": "市民プール",
        "住所": "千葉県市川市北方町4-2270-3",
        "指定緊急避難場所との住所同一": "",
        "その他市町村長が必要と認める事項": "",
        "受入対象者": "",
        "備考": ""
      }
    },
    {
      "type": "Feature",
      "geometry": {
        "type": "Point",
        "coordinates": [
          139.912029,
          35.759073
        ]
      },
      "properties": {
        "NO": "798",
        "共通ID": "E1220300151111",
        "施設・場所名": "市川考古博物館",
        "住所": "千葉県市川市堀之内2-26-1",
        "指定緊急避難場所との住所同一": "1",
        "その他市町村長が必要と認める事項": null,
        "受入対象者": null,
        "備考": ""
      }
    },
    {
      "type": "Feature",
      "geometry": {
        "type": "Point",
        "coordinates": [
          139.911562,
          35.759817
        ]
      },
      "properties": {
        "NO": "799",
        "共通ID": "E1220300152111",
        "施設・場所名": "市川歴史博物館",
        "住所": "千葉県市川市堀之内2-27-1",
        "指定緊急避難場所との住所同一": "1",
        "その他市町村長が必要と認める事項": null,
        "受入対象者": null,
        "備考": ""
      }
    },
    {
      "type": "Feature",
      "geometry": {
        "type": "Point",
        "coordinates": [
          139.919298,
          35.696187
        ]
      },
      "properties": {
        "NO": "800",
        "共通ID": "E1220300154121",
        "施設・場所名": "身体障害者福祉センター",
        "住所": "千葉県市川市本行徳1-5",
        "指定緊急避難場所との住所同一": "",
        "その他市町村長が必要と認める事項": null,
        "受入対象者": "要配慮者",
        "備考": ""
      }
    },
    {
      "type": "Feature",
      "geometry": {
        "type": "Point",
        "coordinates": [
          139.918288,
          35.694539
        ]
      },
      "properties": {
        "NO": "801",
        "共通ID": "E1220300153111",
        "施設・場所名": "本行徳公民館",
        "住所": "千葉県市川市本行徳12-8",
        "指定緊急避難場所との住所同一": "1",
        "その他市町村長が必要と認める事項": null,
        "受入対象者": null,
        "備考": ""
      }
    },
    {
      "type": "Feature",
      "geometry": {
        "type": "Point",
        "coordinates": [
          139.934291,
          35.685512
        ]
      },
      "properties": {
        "NO": "802",
        "共通ID": "E1220300172121",
        "施設・場所名": "妙典こども地域交流館（ぴあぱーく妙典ＣＯＣＯ）",
        "住所": "千葉県市川市本行徳1266-1",
        "指定緊急避難場所との住所同一": "",
        "その他市町村長が必要と認める事項": "",
        "受入対象者": "要配慮者",
        "備考": ""
      }
    },
    {
      "type": "Feature",
      "geometry": {
        "type": "Point",
        "coordinates": [
          139.946445,
          35.732528
        ]
      },
      "properties": {
        "NO": "803",
        "共通ID": "E1220300155111",
        "施設・場所名": "市川学園",
        "住所": "千葉県市川市本北方2-38-1",
        "指定緊急避難場所との住所同一": "1",
        "その他市町村長が必要と認める事項": null,
        "受入対象者": null,
        "備考": ""
      }
    },
    {
      "type": "Feature",
      "geometry": {
        "type": "Point",
        "coordinates": [
          139.95079,
          35.728756
        ]
      },
      "properties": {
        "NO": "804",
        "共通ID": "E1220300156111",
        "施設・場所名": "東部公民館",
        "住所": "千葉県市川市本北方3-19-16",
        "指定緊急避難場所との住所同一": "1",
        "その他市町村長が必要と認める事項": "",
        "受入対象者": "",
        "備考": ""
      }
    },
    {
      "type": "Feature",
      "geometry": {
        "type": "Point",
        "coordinates": [
          139.916336,
          35.685493
        ]
      },
      "properties": {
        "NO": "805",
        "共通ID": "E1220300170111",
        "施設・場所名": "行徳公民館",
        "住所": "千葉県市川市末広1-1-31",
        "指定緊急避難場所との住所同一": "",
        "その他市町村長が必要と認める事項": "",
        "受入対象者": "",
        "備考": ""
      }
    },
    {
      "type": "Feature",
      "geometry": {
        "type": "Point",
        "coordinates": [
          139.917293,
          35.686525
        ]
      },
      "properties": {
        "NO": "806",
        "共通ID": "E1220300157111",
        "施設・場所名": "第七中学校",
        "住所": "千葉県市川市末広1-1-48",
        "指定緊急避難場所との住所同一": "1",
        "その他市町村長が必要と認める事項": "",
        "受入対象者": "",
        "備考": ""
      }
    },
    {
      "type": "Feature",
      "geometry": {
        "type": "Point",
        "coordinates": [
          139.917637,
          35.686779
        ]
      },
      "properties": {
        "NO": "807",
        "共通ID": "E1220300157121",
        "施設・場所名": "行徳翔裕園",
        "住所": "千葉県市川市末広1-1-48",
        "指定緊急避難場所との住所同一": "1",
        "その他市町村長が必要と認める事項": "",
        "受入対象者": "要配慮者",
        "備考": ""
      }
    },
    {
      "type": "Feature",
      "geometry": {
        "type": "Point",
        "coordinates": [
          139.929747,
          35.696026
        ]
      },
      "properties": {
        "NO": "808",
        "共通ID": "E1220300159111",
        "施設・場所名": "妙典小学校",
        "住所": "千葉県市川市妙典2-14-2",
        "指定緊急避難場所との住所同一": "1",
        "その他市町村長が必要と認める事項": null,
        "受入対象者": null,
        "備考": ""
      }
    },
    {
      "type": "Feature",
      "geometry": {
        "type": "Point",
        "coordinates": [
          139.933763,
          35.688096
        ]
      },
      "properties": {
        "NO": "809",
        "共通ID": "E1220300161111",
        "施設・場所名": "妙典中学校",
        "住所": "千葉県市川市妙典5-22-1",
        "指定緊急避難場所との住所同一": "1",
        "その他市町村長が必要と認める事項": "",
        "受入対象者": "",
        "備考": ""
      }
    },
    {
      "type": "Feature",
      "geometry": {
        "type": "Point",
        "coordinates": [
          140.396929,
          35.714444
        ]
      },
      "properties": {
        "NO": "810",
        "共通ID": "E1240900002111",
        "施設・場所名": "芝山中学校",
        "住所": "千葉県芝山町高田239-1",
        "指定緊急避難場所との住所同一": "1",
        "その他市町村長が必要と認める事項": "",
        "受入対象者": "",
        "備考": ""
      }
    },
    {
      "type": "Feature",
      "geometry": {
        "type": "Point",
        "coordinates": [
          140.407545,
          35.697368
        ]
      },
      "properties": {
        "NO": "811",
        "共通ID": "E1240900008111",
        "施設・場所名": "芝山小学校",
        "住所": "千葉県芝山町新井田63",
        "指定緊急避難場所との住所同一": "1",
        "その他市町村長が必要と認める事項": "",
        "受入対象者": "",
        "備考": ""
      }
    },
    {
      "type": "Feature",
      "geometry": {
        "type": "Point",
        "coordinates": [
          140.417891,
          35.734708
        ]
      },
      "properties": {
        "NO": "812",
        "共通ID": "E1240900011111",
        "施設・場所名": "旧東小学校",
        "住所": "千葉県芝山町大里2631",
        "指定緊急避難場所との住所同一": "1",
        "その他市町村長が必要と認める事項": "",
        "受入対象者": "",
        "備考": ""
      }
    },
    {
      "type": "Feature",
      "geometry": {
        "type": "Point",
        "coordinates": [
          140.417605,
          35.727353
        ]
      },
      "properties": {
        "NO": "813",
        "共通ID": "E1240900013121",
        "施設・場所名": "芝山町福祉センター",
        "住所": "千葉県芝山町飯櫃126-1",
        "指定緊急避難場所との住所同一": "1",
        "その他市町村長が必要と認める事項": "",
        "受入対象者": "要配慮者",
        "備考": ""
      }
    },
    {
      "type": "Feature",
      "geometry": {
        "type": "Point",
        "coordinates": [
          140.417605,
          35.727353
        ]
      },
      "properties": {
        "NO": "814",
        "共通ID": "E1240900013111",
        "施設・場所名": "芝山町福祉センター",
        "住所": "千葉県芝山町飯櫃126-1",
        "指定緊急避難場所との住所同一": "1",
        "その他市町村長が必要と認める事項": "",
        "受入対象者": "",
        "備考": ""
      }
    },
    {
      "type": "Feature",
      "geometry": {
        "type": "Point",
        "coordinates": [
          140.281263,
          35.747081
        ]
      },
      "properties": {
        "NO": "815",
        "共通ID": "E1232200001111",
        "施設・場所名": "東京学館高等学校",
        "住所": "千葉県酒々井町伊篠21",
        "指定緊急避難場所との住所同一": "1",
        "その他市町村長が必要と認める事項": null,
        "受入対象者": null,
        "備考": ""
      }
    },
    {
      "type": "Feature",
      "geometry": {
        "type": "Point",
        "coordinates": [
          140.266529,
          35.728769
        ]
      },
      "properties": {
        "NO": "816",
        "共通ID": "E1232200002111",
        "施設・場所名": "酒々井小学校",
        "住所": "千葉県酒々井町酒々井203",
        "指定緊急避難場所との住所同一": "1",
        "その他市町村長が必要と認める事項": null,
        "受入対象者": null,
        "備考": ""
      }
    },
    {
      "type": "Feature",
      "geometry": {
        "type": "Point",
        "coordinates": [
          140.270008,
          35.72765
        ]
      },
      "properties": {
        "NO": "817",
        "共通ID": "E1232200004111",
        "施設・場所名": "プリミエール酒々井",
        "住所": "千葉県酒々井町中央台3-4-1",
        "指定緊急避難場所との住所同一": "",
        "その他市町村長が必要と認める事項": null,
        "受入対象者": null,
        "備考": ""
      }
    },
    {
      "type": "Feature",
      "geometry": {
        "type": "Point",
        "coordinates": [
          140.26959,
          35.725824
        ]
      },
      "properties": {
        "NO": "818",
        "共通ID": "E1232200005111",
        "施設・場所名": "中央公民館",
        "住所": "千葉県酒々井町中央台4-10-1",
        "指定緊急避難場所との住所同一": "",
        "その他市町村長が必要と認める事項": null,
        "受入対象者": null,
        "備考": ""
      }
    },
    {
      "type": "Feature",
      "geometry": {
        "type": "Point",
        "coordinates": [
          140.287767,
          35.727136
        ]
      },
      "properties": {
        "NO": "819",
        "共通ID": "E1232200007111",
        "施設・場所名": "酒々井中学校",
        "住所": "千葉県酒々井町尾上141-10",
        "指定緊急避難場所との住所同一": "1",
        "その他市町村長が必要と認める事項": null,
        "受入対象者": null,
        "備考": ""
      }
    },
    {
      "type": "Feature",
      "geometry": {
        "type": "Point",
        "coordinates": [
          140.284733,
          35.729334
        ]
      },
      "properties": {
        "NO": "820",
        "共通ID": "E1232200008111",
        "施設・場所名": "大室台小学校",
        "住所": "千葉県酒々井町尾上2-2",
        "指定緊急避難場所との住所同一": "1",
        "その他市町村長が必要と認める事項": null,
        "受入対象者": null,
        "備考": ""
      }
    },
    {
      "type": "Feature",
      "geometry": {
        "type": "Point",
        "coordinates": [
          140.288052,
          35.710022
        ]
      },
      "properties": {
        "NO": "821",
        "共通ID": "E1232200009111",
        "施設・場所名": "酒々井コミュニティプラザ",
        "住所": "千葉県酒々井町墨1549-1",
        "指定緊急避難場所との住所同一": "1",
        "その他市町村長が必要と認める事項": null,
        "受入対象者": null,
        "備考": ""
      }
    },
    {
      "type": "Feature",
      "geometry": {
        "type": "Point",
        "coordinates": [
          140.255264,
          35.715949
        ]
      },
      "properties": {
        "NO": "822",
        "共通ID": "E1232200011121",
        "施設・場所名": "社会福祉法人鼎　エコトピア酒々井",
        "住所": "千葉県酒々井町本佐倉352-2",
        "指定緊急避難場所との住所同一": "",
        "その他市町村長が必要と認める事項": "",
        "受入対象者": "町及び施設が特定したもの",
        "備考": ""
      }
    },
    {
      "type": "Feature",
      "geometry": {
        "type": "Point",
        "coordinates": [
          140.050764,
          35.679634
        ]
      },
      "properties": {
        "NO": "823",
        "共通ID": "E1221600002111",
        "施設・場所名": "屋敷小学校",
        "住所": "千葉県習志野市屋敷2-1-1",
        "指定緊急避難場所との住所同一": "1",
        "その他市町村長が必要と認める事項": null,
        "受入対象者": null,
        "備考": ""
      }
    },
    {
      "type": "Feature",
      "geometry": {
        "type": "Point",
        "coordinates": [
          140.053414,
          35.68013
        ]
      },
      "properties": {
        "NO": "824",
        "共通ID": "E1221600003111",
        "施設・場所名": "第六中学校",
        "住所": "千葉県習志野市屋敷2-17-7",
        "指定緊急避難場所との住所同一": "1",
        "その他市町村長が必要と認める事項": null,
        "受入対象者": null,
        "備考": ""
      }
    },
    {
      "type": "Feature",
      "geometry": {
        "type": "Point",
        "coordinates": [
          140.026772,
          35.665299
        ]
      },
      "properties": {
        "NO": "825",
        "共通ID": "E1221600004111",
        "施設・場所名": "香澄小学校",
        "住所": "千葉県習志野市香澄4-6-1",
        "指定緊急避難場所との住所同一": "1",
        "その他市町村長が必要と認める事項": null,
        "受入対象者": null,
        "備考": ""
      }
    },
    {
      "type": "Feature",
      "geometry": {
        "type": "Point",
        "coordinates": [
          140.019856,
          35.667514
        ]
      },
      "properties": {
        "NO": "826",
        "共通ID": "E1221600005111",
        "施設・場所名": "第七中学校",
        "住所": "千葉県習志野市香澄6-1-1",
        "指定緊急避難場所との住所同一": "1",
        "その他市町村長が必要と認める事項": null,
        "受入対象者": null,
        "備考": ""
      }
    },
    {
      "type": "Feature",
      "geometry": {
        "type": "Point",
        "coordinates": [
          140.029167,
          35.677908
        ]
      },
      "properties": {
        "NO": "827",
        "共通ID": "E1221600007111",
        "施設・場所名": "鷺沼小学校",
        "住所": "千葉県習志野市鷺沼3-1-1",
        "指定緊急避難場所との住所同一": "1",
        "その他市町村長が必要と認める事項": null,
        "受入対象者": null,
        "備考": ""
      }
    },
    {
      "type": "Feature",
      "geometry": {
        "type": "Point",
        "coordinates": [
          140.065149,
          35.689525
        ]
      },
      "properties": {
        "NO": "828",
        "共通ID": "E1221600010111",
        "施設・場所名": "実籾小学校",
        "住所": "千葉県習志野市実籾1-25-1",
        "指定緊急避難場所との住所同一": "1",
        "その他市町村長が必要と認める事項": null,
        "受入対象者": null,
        "備考": ""
      }
    },
    {
      "type": "Feature",
      "geometry": {
        "type": "Point",
        "coordinates": [
          140.058626,
          35.686988
        ]
      },
      "properties": {
        "NO": "829",
        "共通ID": "E1221600011111",
        "施設・場所名": "第二中学校",
        "住所": "千葉県習志野市実籾1-44-1",
        "指定緊急避難場所との住所同一": "1",
        "その他市町村長が必要と認める事項": null,
        "受入対象者": null,
        "備考": ""
      }
    },
    {
      "type": "Feature",
      "geometry": {
        "type": "Point",
        "coordinates": [
          140.06353,
          35.682365
        ]
      },
      "properties": {
        "NO": "830",
        "共通ID": "E1221600012111",
        "施設・場所名": "県立実籾高等学校",
        "住所": "千葉県習志野市実籾本郷22-1",
        "指定緊急避難場所との住所同一": "1",
        "その他市町村長が必要と認める事項": null,
        "受入対象者": null,
        "備考": ""
      }
    },
    {
      "type": "Feature",
      "geometry": {
        "type": "Point",
        "coordinates": [
          140.014455,
          35.672099
        ]
      },
      "properties": {
        "NO": "831",
        "共通ID": "E1221600015111",
        "施設・場所名": "秋津小学校",
        "住所": "千葉県習志野市秋津3-1-1",
        "指定緊急避難場所との住所同一": "1",
        "その他市町村長が必要と認める事項": null,
        "受入対象者": null,
        "備考": ""
      }
    },
    {
      "type": "Feature",
      "geometry": {
        "type": "Point",
        "coordinates": [
          140.010876,
          35.674861
        ]
      },
      "properties": {
        "NO": "832",
        "共通ID": "E1221600017111",
        "施設・場所名": "県立津田沼高等学校",
        "住所": "千葉県習志野市秋津5-9-1",
        "指定緊急避難場所との住所同一": "1",
        "その他市町村長が必要と認める事項": null,
        "受入対象者": null,
        "備考": ""
      }
    },
    {
      "type": "Feature",
      "geometry": {
        "type": "Point",
        "coordinates": [
          140.012482,
          35.691177
        ]
      },
      "properties": {
        "NO": "833",
        "共通ID": "E1221600021111",
        "施設・場所名": "第一中学校",
        "住所": "千葉県習志野市奏の杜1-13-1",
        "指定緊急避難場所との住所同一": "1",
        "その他市町村長が必要と認める事項": null,
        "受入対象者": null,
        "備考": ""
      }
    },
    {
      "type": "Feature",
      "geometry": {
        "type": "Point",
        "coordinates": [
          140.016419,
          35.67821
        ]
      },
      "properties": {
        "NO": "834",
        "共通ID": "E1221600023111",
        "施設・場所名": "袖ケ浦西小学校",
        "住所": "千葉県習志野市袖ケ浦1-1-1",
        "指定緊急避難場所との住所同一": "1",
        "その他市町村長が必要と認める事項": null,
        "受入対象者": null,
        "備考": ""
      }
    },
    {
      "type": "Feature",
      "geometry": {
        "type": "Point",
        "coordinates": [
          140.023624,
          35.673306
        ]
      },
      "properties": {
        "NO": "835",
        "共通ID": "E1221600026111",
        "施設・場所名": "第三中学校",
        "住所": "千葉県習志野市袖ケ浦4-3-1",
        "指定緊急避難場所との住所同一": "1",
        "その他市町村長が必要と認める事項": null,
        "受入対象者": null,
        "備考": ""
      }
    },
    {
      "type": "Feature",
      "geometry": {
        "type": "Point",
        "coordinates": [
          140.027789,
          35.670842
        ]
      },
      "properties": {
        "NO": "836",
        "共通ID": "E1221600029111",
        "施設・場所名": "袖ケ浦東小学校",
        "住所": "千葉県習志野市袖ケ浦5-11-1",
        "指定緊急避難場所との住所同一": "1",
        "その他市町村長が必要と認める事項": null,
        "受入対象者": null,
        "備考": ""
      }
    },
    {
      "type": "Feature",
      "geometry": {
        "type": "Point",
        "coordinates": [
          140.05358,
          35.687053
        ]
      },
      "properties": {
        "NO": "837",
        "共通ID": "E1221600031111",
        "施設・場所名": "大久保東小学校",
        "住所": "千葉県習志野市大久保2-12-1",
        "指定緊急避難場所との住所同一": "1",
        "その他市町村長が必要と認める事項": null,
        "受入対象者": null,
        "備考": ""
      }
    },
    {
      "type": "Feature",
      "geometry": {
        "type": "Point",
        "coordinates": [
          140.013885,
          35.682573
        ]
      },
      "properties": {
        "NO": "838",
        "共通ID": "E1221600032111",
        "施設・場所名": "向山小学校",
        "住所": "千葉県習志野市谷津2-16-32",
        "指定緊急避難場所との住所同一": "1",
        "その他市町村長が必要と認める事項": null,
        "受入対象者": null,
        "備考": ""
      }
    },
    {
      "type": "Feature",
      "geometry": {
        "type": "Point",
        "coordinates": [
          140.008692,
          35.679648
        ]
      },
      "properties": {
        "NO": "839",
        "共通ID": "E1221600033111",
        "施設・場所名": "谷津南小学校",
        "住所": "千葉県習志野市谷津3-1-36",
        "指定緊急避難場所との住所同一": "1",
        "その他市町村長が必要と認める事項": null,
        "受入対象者": null,
        "備考": ""
      }
    },
    {
      "type": "Feature",
      "geometry": {
        "type": "Point",
        "coordinates": [
          140.011848,
          35.686669
        ]
      },
      "properties": {
        "NO": "840",
        "共通ID": "E1221600034111",
        "施設・場所名": "谷津小学校",
        "住所": "千葉県習志野市谷津5-1-32",
        "指定緊急避難場所との住所同一": "1",
        "その他市町村長が必要と認める事項": null,
        "受入対象者": null,
        "備考": ""
      }
    },
    {
      "type": "Feature",
      "geometry": {
        "type": "Point",
        "coordinates": [
          140.020339,
          35.683584
        ]
      },
      "properties": {
        "NO": "841",
        "共通ID": "E1221600036111",
        "施設・場所名": "津田沼小学校",
        "住所": "千葉県習志野市津田沼4-5-2",
        "指定緊急避難場所との住所同一": "1",
        "その他市町村長が必要と認める事項": null,
        "受入対象者": null,
        "備考": ""
      }
    },
    {
      "type": "Feature",
      "geometry": {
        "type": "Point",
        "coordinates": [
          140.065905,
          35.694663
        ]
      },
      "properties": {
        "NO": "842",
        "共通ID": "E1221600037111",
        "施設・場所名": "習志野高等学校",
        "住所": "千葉県習志野市東習志野1-2-1",
        "指定緊急避難場所との住所同一": "1",
        "その他市町村長が必要と認める事項": null,
        "受入対象者": null,
        "備考": ""
      }
    },
    {
      "type": "Feature",
      "geometry": {
        "type": "Point",
        "coordinates": [
          140.073174,
          35.691879
        ]
      },
      "properties": {
        "NO": "843",
        "共通ID": "E1221600038111",
        "施設・場所名": "東習志野小学校",
        "住所": "千葉県習志野市東習志野3-4-2",
        "指定緊急避難場所との住所同一": "1",
        "その他市町村長が必要と認める事項": null,
        "受入対象者": null,
        "備考": ""
      }
    },
    {
      "type": "Feature",
      "geometry": {
        "type": "Point",
        "coordinates": [
          140.073366,
          35.69351
        ]
      },
      "properties": {
        "NO": "844",
        "共通ID": "E1221600039111",
        "施設・場所名": "第四中学校",
        "住所": "千葉県習志野市東習志野3-4-3",
        "指定緊急避難場所との住所同一": "1",
        "その他市町村長が必要と認める事項": null,
        "受入対象者": null,
        "備考": ""
      }
    },
    {
      "type": "Feature",
      "geometry": {
        "type": "Point",
        "coordinates": [
          140.073903,
          35.692475
        ]
      },
      "properties": {
        "NO": "845",
        "共通ID": "E1221600040111",
        "施設・場所名": "東部体育館",
        "住所": "千葉県習志野市東習志野3-4-5",
        "指定緊急避難場所との住所同一": "",
        "その他市町村長が必要と認める事項": null,
        "受入対象者": null,
        "備考": ""
      }
    },
    {
      "type": "Feature",
      "geometry": {
        "type": "Point",
        "coordinates": [
          140.06599,
          35.698615
        ]
      },
      "properties": {
        "NO": "846",
        "共通ID": "E1221600041111",
        "施設・場所名": "実花小学校",
        "住所": "千葉県習志野市東習志野6-7-2",
        "指定緊急避難場所との住所同一": "1",
        "その他市町村長が必要と認める事項": null,
        "受入対象者": null,
        "備考": ""
      }
    },
    {
      "type": "Feature",
      "geometry": {
        "type": "Point",
        "coordinates": [
          140.028638,
          35.688928
        ]
      },
      "properties": {
        "NO": "847",
        "共通ID": "E1221600045111",
        "施設・場所名": "第五中学校",
        "住所": "千葉県習志野市藤崎2-3-16",
        "指定緊急避難場所との住所同一": "1",
        "その他市町村長が必要と認める事項": null,
        "受入対象者": null,
        "備考": ""
      }
    },
    {
      "type": "Feature",
      "geometry": {
        "type": "Point",
        "coordinates": [
          140.038325,
          35.693495
        ]
      },
      "properties": {
        "NO": "848",
        "共通ID": "E1221600046111",
        "施設・場所名": "藤崎小学校",
        "住所": "千葉県習志野市藤崎4-12-1",
        "指定緊急避難場所との住所同一": "1",
        "その他市町村長が必要と認める事項": null,
        "受入対象者": null,
        "備考": ""
      }
    },
    {
      "type": "Feature",
      "geometry": {
        "type": "Point",
        "coordinates": [
          140.044715,
          35.689351
        ]
      },
      "properties": {
        "NO": "849",
        "共通ID": "E1221600048111",
        "施設・場所名": "大久保小学校",
        "住所": "千葉県習志野市藤崎6-9-28",
        "指定緊急避難場所との住所同一": "1",
        "その他市町村長が必要と認める事項": null,
        "受入対象者": null,
        "備考": ""
      }
    },
    {
      "type": "Feature",
      "geometry": {
        "type": "Point",
        "coordinates": [
          140.04659,
          35.68295
        ]
      },
      "properties": {
        "NO": "850",
        "共通ID": "E1221600052111",
        "施設・場所名": "生涯学習施設（プラッツ習志野）",
        "住所": "千葉県習志野市本大久保3-8-19",
        "指定緊急避難場所との住所同一": "",
        "その他市町村長が必要と認める事項": "",
        "受入対象者": "",
        "備考": "避難施設：中央公園体育館及び中央公民館（こどもスペース）\n"
      }
    },
    {
      "type": "Feature",
      "geometry": {
        "type": "Point",
        "coordinates": [
          140.271055,
          35.139885
        ]
      },
      "properties": {
        "NO": "851",
        "共通ID": "E1221800001111",
        "施設・場所名": "元清海小学校",
        "住所": "千葉県勝浦市鵜原142-2",
        "指定緊急避難場所との住所同一": "1",
        "その他市町村長が必要と認める事項": "",
        "受入対象者": "",
        "備考": ""
      }
    },
    {
      "type": "Feature",
      "geometry": {
        "type": "Point",
        "coordinates": [
          140.27642,
          35.201008
        ]
      },
      "properties": {
        "NO": "852",
        "共通ID": "E1221800002111",
        "施設・場所名": "総野集会所",
        "住所": "千葉県勝浦市蟹田159",
        "指定緊急避難場所との住所同一": "",
        "その他市町村長が必要と認める事項": "",
        "受入対象者": "",
        "備考": ""
      }
    },
    {
      "type": "Feature",
      "geometry": {
        "type": "Point",
        "coordinates": [
          140.276412,
          35.200364
        ]
      },
      "properties": {
        "NO": "853",
        "共通ID": "E1221800003111",
        "施設・場所名": "総野小学校",
        "住所": "千葉県勝浦市蟹田222-1",
        "指定緊急避難場所との住所同一": "1",
        "その他市町村長が必要と認める事項": "",
        "受入対象者": "",
        "備考": ""
      }
    },
    {
      "type": "Feature",
      "geometry": {
        "type": "Point",
        "coordinates": [
          140.275449,
          35.201042
        ]
      },
      "properties": {
        "NO": "854",
        "共通ID": "E1221800004121",
        "施設・場所名": "勝浦総野園",
        "住所": "千葉県勝浦市蟹田88",
        "指定緊急避難場所との住所同一": "",
        "その他市町村長が必要と認める事項": "",
        "受入対象者": "勝浦市長が認めた要配慮者",
        "備考": ""
      }
    },
    {
      "type": "Feature",
      "geometry": {
        "type": "Point",
        "coordinates": [
          140.244384,
          35.135425
        ]
      },
      "properties": {
        "NO": "855",
        "共通ID": "E1221800005112",
        "施設・場所名": "興津集会所",
        "住所": "千葉県勝浦市興津1222-1",
        "指定緊急避難場所との住所同一": "1",
        "その他市町村長が必要と認める事項": "",
        "受入対象者": "",
        "備考": ""
      }
    },
    {
      "type": "Feature",
      "geometry": {
        "type": "Point",
        "coordinates": [
          140.244137,
          35.135137
        ]
      },
      "properties": {
        "NO": "856",
        "共通ID": "E1221800005111",
        "施設・場所名": "元興津中学校",
        "住所": "千葉県勝浦市興津1222-1",
        "指定緊急避難場所との住所同一": "1",
        "その他市町村長が必要と認める事項": "",
        "受入対象者": "",
        "備考": ""
      }
    },
    {
      "type": "Feature",
      "geometry": {
        "type": "Point",
        "coordinates": [
          140.237873,
          35.138066
        ]
      },
      "properties": {
        "NO": "857",
        "共通ID": "E1221800006111",
        "施設・場所名": "ブルーベリーヒル体育館",
        "住所": "千葉県勝浦市興津1514-10",
        "指定緊急避難場所との住所同一": "1",
        "その他市町村長が必要と認める事項": "",
        "受入対象者": "",
        "備考": ""
      }
    },
    {
      "type": "Feature",
      "geometry": {
        "type": "Point",
        "coordinates": [
          140.24294,
          35.132603
        ]
      },
      "properties": {
        "NO": "858",
        "共通ID": "E1221800007111",
        "施設・場所名": "興津小学校",
        "住所": "千葉県勝浦市興津1700",
        "指定緊急避難場所との住所同一": "1",
        "その他市町村長が必要と認める事項": "",
        "受入対象者": "",
        "備考": ""
      }
    },
    {
      "type": "Feature",
      "geometry": {
        "type": "Point",
        "coordinates": [
          140.278508,
          35.228331
        ]
      },
      "properties": {
        "NO": "859",
        "共通ID": "E1221800009121",
        "施設・場所名": "勝浦裕和園",
        "住所": "千葉県勝浦市市野郷230-1",
        "指定緊急避難場所との住所同一": "",
        "その他市町村長が必要と認める事項": "",
        "受入対象者": "勝浦市長が認めた要配慮者",
        "備考": ""
      }
    },
    {
      "type": "Feature",
      "geometry": {
        "type": "Point",
        "coordinates": [
          140.316857,
          35.154243
        ]
      },
      "properties": {
        "NO": "860",
        "共通ID": "E1221800010111",
        "施設・場所名": "勝浦中学校",
        "住所": "千葉県勝浦市出水1120-1",
        "指定緊急避難場所との住所同一": "1",
        "その他市町村長が必要と認める事項": "",
        "受入対象者": "",
        "備考": ""
      }
    },
    {
      "type": "Feature",
      "geometry": {
        "type": "Point",
        "coordinates": [
          140.265691,
          35.180394
        ]
      },
      "properties": {
        "NO": "861",
        "共通ID": "E1221800011111",
        "施設・場所名": "元北中学校",
        "住所": "千葉県勝浦市小羽戸58-2",
        "指定緊急避難場所との住所同一": "1",
        "その他市町村長が必要と認める事項": "",
        "受入対象者": "",
        "備考": ""
      }
    },
    {
      "type": "Feature",
      "geometry": {
        "type": "Point",
        "coordinates": [
          140.294148,
          35.149555
        ]
      },
      "properties": {
        "NO": "862",
        "共通ID": "E1221800012111",
        "施設・場所名": "元郁文小学校",
        "住所": "千葉県勝浦市松部1000-1",
        "指定緊急避難場所との住所同一": "1",
        "その他市町村長が必要と認める事項": "",
        "受入対象者": "",
        "備考": ""
      }
    },
    {
      "type": "Feature",
      "geometry": {
        "type": "Point",
        "coordinates": [
          140.252651,
          35.154099
        ]
      },
      "properties": {
        "NO": "863",
        "共通ID": "E1221800013111",
        "施設・場所名": "上野集会所",
        "住所": "千葉県勝浦市植野元宮田34",
        "指定緊急避難場所との住所同一": "",
        "その他市町村長が必要と認める事項": "",
        "受入対象者": "",
        "備考": ""
      }
    },
    {
      "type": "Feature",
      "geometry": {
        "type": "Point",
        "coordinates": [
          140.252302,
          35.154132
        ]
      },
      "properties": {
        "NO": "864",
        "共通ID": "E1221800014111",
        "施設・場所名": "上野小学校",
        "住所": "千葉県勝浦市植野元宮田72",
        "指定緊急避難場所との住所同一": "1",
        "その他市町村長が必要と認める事項": "",
        "受入対象者": "",
        "備考": ""
      }
    },
    {
      "type": "Feature",
      "geometry": {
        "type": "Point",
        "coordinates": [
          140.320021,
          35.155823
        ]
      },
      "properties": {
        "NO": "865",
        "共通ID": "E1221800015111",
        "施設・場所名": "元大原高等学校勝浦キャンパス体育館・セミナーハウス",
        "住所": "千葉県勝浦市新官1380",
        "指定緊急避難場所との住所同一": "1",
        "その他市町村長が必要と認める事項": "",
        "受入対象者": "",
        "備考": ""
      }
    },
    {
      "type": "Feature",
      "geometry": {
        "type": "Point",
        "coordinates": [
          140.327008,
          35.153821
        ]
      },
      "properties": {
        "NO": "866",
        "共通ID": "E1221800016111",
        "施設・場所名": "豊浜小学校",
        "住所": "千葉県勝浦市新官65",
        "指定緊急避難場所との住所同一": "1",
        "その他市町村長が必要と認める事項": "",
        "受入対象者": "",
        "備考": ""
      }
    },
    {
      "type": "Feature",
      "geometry": {
        "type": "Point",
        "coordinates": [
          140.321073,
          35.160762
        ]
      },
      "properties": {
        "NO": "867",
        "共通ID": "E1221800017111",
        "施設・場所名": "国際武道大学２号館武道館・３号館第１体育館・５号館第２体育館・７号館第２体育館",
        "住所": "千葉県勝浦市新官841",
        "指定緊急避難場所との住所同一": "1",
        "その他市町村長が必要と認める事項": "",
        "受入対象者": "",
        "備考": ""
      }
    },
    {
      "type": "Feature",
      "geometry": {
        "type": "Point",
        "coordinates": [
          140.295569,
          35.179666
        ]
      },
      "properties": {
        "NO": "868",
        "共通ID": "E1221800018121",
        "施設・場所名": "勝浦市福祉避難所",
        "住所": "千葉県勝浦市新戸272-1",
        "指定緊急避難場所との住所同一": "",
        "その他市町村長が必要と認める事項": "",
        "受入対象者": "勝浦市長が認めた要配慮者",
        "備考": ""
      }
    },
    {
      "type": "Feature",
      "geometry": {
        "type": "Point",
        "coordinates": [
          140.321988,
          35.153226
        ]
      },
      "properties": {
        "NO": "869",
        "共通ID": "E1221800019111",
        "施設・場所名": "芸術文化交流センター",
        "住所": "千葉県勝浦市沢倉523-1",
        "指定緊急避難場所との住所同一": "1",
        "その他市町村長が必要と認める事項": "",
        "受入対象者": "",
        "備考": ""
      }
    },
    {
      "type": "Feature",
      "geometry": {
        "type": "Point",
        "coordinates": [
          140.319674,
          35.150671
        ]
      },
      "properties": {
        "NO": "870",
        "共通ID": "E1221800020111",
        "施設・場所名": "日本武道館研修センター大道場・第１研修室・第２研修室",
        "住所": "千葉県勝浦市沢倉582",
        "指定緊急避難場所との住所同一": "1",
        "その他市町村長が必要と認める事項": "",
        "受入対象者": "",
        "備考": ""
      }
    },
    {
      "type": "Feature",
      "geometry": {
        "type": "Point",
        "coordinates": [
          140.230129,
          35.121483
        ]
      },
      "properties": {
        "NO": "871",
        "共通ID": "E1221800021111",
        "施設・場所名": "元行川小学校",
        "住所": "千葉県勝浦市浜行川808",
        "指定緊急避難場所との住所同一": "1",
        "その他市町村長が必要と認める事項": "",
        "受入対象者": "",
        "備考": ""
      }
    },
    {
      "type": "Feature",
      "geometry": {
        "type": "Point",
        "coordinates": [
          140.315344,
          35.151577
        ]
      },
      "properties": {
        "NO": "872",
        "共通ID": "E1221800023111",
        "施設・場所名": "勝浦小学校",
        "住所": "千葉県勝浦市墨名733-1",
        "指定緊急避難場所との住所同一": "1",
        "その他市町村長が必要と認める事項": "",
        "受入対象者": "",
        "備考": ""
      }
    },
    {
      "type": "Feature",
      "geometry": {
        "type": "Point",
        "coordinates": [
          140.231541,
          35.152977
        ]
      },
      "properties": {
        "NO": "873",
        "共通ID": "E1221800024121",
        "施設・場所名": "名木緑風苑",
        "住所": "千葉県勝浦市名木89-13",
        "指定緊急避難場所との住所同一": "",
        "その他市町村長が必要と認める事項": "",
        "受入対象者": "勝浦市長が認めた要配慮者",
        "備考": ""
      }
    },
    {
      "type": "Feature",
      "geometry": {
        "type": "Point",
        "coordinates": [
          139.901766,
          35.816302
        ]
      },
      "properties": {
        "NO": "874",
        "共通ID": "E1220700001111",
        "施設・場所名": "旭町中学校",
        "住所": "千葉県松戸市旭町1-150",
        "指定緊急避難場所との住所同一": "1",
        "その他市町村長が必要と認める事項": null,
        "受入対象者": null,
        "備考": ""
      }
    },
    {
      "type": "Feature",
      "geometry": {
        "type": "Point",
        "coordinates": [
          139.901313,
          35.814704
        ]
      },
      "properties": {
        "NO": "875",
        "共通ID": "E1220700002111",
        "施設・場所名": "旭町小学校",
        "住所": "千葉県松戸市旭町1-20-2",
        "指定緊急避難場所との住所同一": "1",
        "その他市町村長が必要と認める事項": null,
        "受入対象者": null,
        "備考": ""
      }
    },
    {
      "type": "Feature",
      "geometry": {
        "type": "Point",
        "coordinates": [
          139.899822,
          35.81452
        ]
      },
      "properties": {
        "NO": "876",
        "共通ID": "E1220700003111",
        "施設・場所名": "千葉県立松戸馬橋高等学校",
        "住所": "千葉県松戸市旭町1-7-1",
        "指定緊急避難場所との住所同一": "1",
        "その他市町村長が必要と認める事項": null,
        "受入対象者": null,
        "備考": ""
      }
    },
    {
      "type": "Feature",
      "geometry": {
        "type": "Point",
        "coordinates": [
          139.899238,
          35.809916
        ]
      },
      "properties": {
        "NO": "877",
        "共通ID": "E1220700004111",
        "施設・場所名": "日本大学松戸歯学部",
        "住所": "千葉県松戸市栄町西2-870-1",
        "指定緊急避難場所との住所同一": "1",
        "その他市町村長が必要と認める事項": null,
        "受入対象者": null,
        "備考": ""
      }
    },
    {
      "type": "Feature",
      "geometry": {
        "type": "Point",
        "coordinates": [
          139.938987,
          35.776329
        ]
      },
      "properties": {
        "NO": "878",
        "共通ID": "E1220700005111",
        "施設・場所名": "河原塚中学校",
        "住所": "千葉県松戸市河原塚190",
        "指定緊急避難場所との住所同一": "1",
        "その他市町村長が必要と認める事項": null,
        "受入対象者": null,
        "備考": ""
      }
    },
    {
      "type": "Feature",
      "geometry": {
        "type": "Point",
        "coordinates": [
          139.938532,
          35.783833
        ]
      },
      "properties": {
        "NO": "879",
        "共通ID": "E1220700006111",
        "施設・場所名": "河原塚小学校",
        "住所": "千葉県松戸市河原塚47-1",
        "指定緊急避難場所との住所同一": "1",
        "その他市町村長が必要と認める事項": null,
        "受入対象者": null,
        "備考": ""
      }
    },
    {
      "type": "Feature",
      "geometry": {
        "type": "Point",
        "coordinates": [
          139.90475,
          35.780842
        ]
      },
      "properties": {
        "NO": "880",
        "共通ID": "E1220700007111",
        "施設・場所名": "相模台小学校",
        "住所": "千葉県松戸市岩瀬434-2",
        "指定緊急避難場所との住所同一": "1",
        "その他市町村長が必要と認める事項": null,
        "受入対象者": null,
        "備考": ""
      }
    },
    {
      "type": "Feature",
      "geometry": {
        "type": "Point",
        "coordinates": [
          139.906202,
          35.782489
        ]
      },
      "properties": {
        "NO": "881",
        "共通ID": "E1220700009111",
        "施設・場所名": "第一中学校",
        "住所": "千葉県松戸市岩瀬587",
        "指定緊急避難場所との住所同一": "1",
        "その他市町村長が必要と認める事項": null,
        "受入対象者": null,
        "備考": ""
      }
    },
    {
      "type": "Feature",
      "geometry": {
        "type": "Point",
        "coordinates": [
          139.943998,
          35.807345
        ]
      },
      "properties": {
        "NO": "882",
        "共通ID": "E1220700010111",
        "施設・場所名": "高木小学校",
        "住所": "千葉県松戸市金ケ作120",
        "指定緊急避難場所との住所同一": "1",
        "その他市町村長が必要と認める事項": null,
        "受入対象者": null,
        "備考": ""
      }
    },
    {
      "type": "Feature",
      "geometry": {
        "type": "Point",
        "coordinates": [
          139.962228,
          35.804199
        ]
      },
      "properties": {
        "NO": "883",
        "共通ID": "E1220700011111",
        "施設・場所名": "金ケ作小学校",
        "住所": "千葉県松戸市金ケ作317",
        "指定緊急避難場所との住所同一": "1",
        "その他市町村長が必要と認める事項": null,
        "受入対象者": null,
        "備考": ""
      }
    },
    {
      "type": "Feature",
      "geometry": {
        "type": "Point",
        "coordinates": [
          139.956125,
          35.805555
        ]
      },
      "properties": {
        "NO": "884",
        "共通ID": "E1220700012111",
        "施設・場所名": "金ケ作中学校",
        "住所": "千葉県松戸市金ケ作341-15",
        "指定緊急避難場所との住所同一": "1",
        "その他市町村長が必要と認める事項": null,
        "受入対象者": null,
        "備考": ""
      }
    },
    {
      "type": "Feature",
      "geometry": {
        "type": "Point",
        "coordinates": [
          139.895366,
          35.794389
        ]
      },
      "properties": {
        "NO": "885",
        "共通ID": "E1220700013111",
        "施設・場所名": "旧古ケ崎南小学校",
        "住所": "千葉県松戸市古ケ崎1-3073",
        "指定緊急避難場所との住所同一": "1",
        "その他市町村長が必要と認める事項": null,
        "受入対象者": null,
        "備考": ""
      }
    },
    {
      "type": "Feature",
      "geometry": {
        "type": "Point",
        "coordinates": [
          139.893775,
          35.804843
        ]
      },
      "properties": {
        "NO": "886",
        "共通ID": "E1220700014111",
        "施設・場所名": "古ケ崎中学校",
        "住所": "千葉県松戸市古ケ崎2515-1",
        "指定緊急避難場所との住所同一": "1",
        "その他市町村長が必要と認める事項": null,
        "受入対象者": null,
        "備考": ""
      }
    },
    {
      "type": "Feature",
      "geometry": {
        "type": "Point",
        "coordinates": [
          139.900876,
          35.80348
        ]
      },
      "properties": {
        "NO": "887",
        "共通ID": "E1220700015111",
        "施設・場所名": "古ケ崎市民センター",
        "住所": "千葉県松戸市古ケ崎4-3490",
        "指定緊急避難場所との住所同一": "",
        "その他市町村長が必要と認める事項": null,
        "受入対象者": null,
        "備考": ""
      }
    },
    {
      "type": "Feature",
      "geometry": {
        "type": "Point",
        "coordinates": [
          139.89881,
          35.806821
        ]
      },
      "properties": {
        "NO": "888",
        "共通ID": "E1220700016111",
        "施設・場所名": "古ケ崎小学校",
        "住所": "千葉県松戸市古ケ崎4-3620-1",
        "指定緊急避難場所との住所同一": "1",
        "その他市町村長が必要と認める事項": null,
        "受入対象者": null,
        "備考": ""
      }
    },
    {
      "type": "Feature",
      "geometry": {
        "type": "Point",
        "coordinates": [
          139.972273,
          35.7956
        ]
      },
      "properties": {
        "NO": "889",
        "共通ID": "E1220700017111",
        "施設・場所名": "五香市民センター",
        "住所": "千葉県松戸市五香2-35-5",
        "指定緊急避難場所との住所同一": "",
        "その他市町村長が必要と認める事項": null,
        "受入対象者": null,
        "備考": ""
      }
    },
    {
      "type": "Feature",
      "geometry": {
        "type": "Point",
        "coordinates": [
          139.979671,
          35.794822
        ]
      },
      "properties": {
        "NO": "890",
        "共通ID": "E1220700018111",
        "施設・場所名": "高木第二小学校",
        "住所": "千葉県松戸市五香4-18-1",
        "指定緊急避難場所との住所同一": "1",
        "その他市町村長が必要と認める事項": null,
        "受入対象者": null,
        "備考": ""
      }
    },
    {
      "type": "Feature",
      "geometry": {
        "type": "Point",
        "coordinates": [
          139.965977,
          35.794822
        ]
      },
      "properties": {
        "NO": "891",
        "共通ID": "E1220700019111",
        "施設・場所名": "第四中学校",
        "住所": "千葉県松戸市五香西1-6-1",
        "指定緊急避難場所との住所同一": "1",
        "その他市町村長が必要と認める事項": null,
        "受入対象者": null,
        "備考": ""
      }
    },
    {
      "type": "Feature",
      "geometry": {
        "type": "Point",
        "coordinates": [
          139.962204,
          35.78705
        ]
      },
      "properties": {
        "NO": "892",
        "共通ID": "E1220700020111",
        "施設・場所名": "松飛台小学校",
        "住所": "千葉県松戸市五香西4-22-1",
        "指定緊急避難場所との住所同一": "1",
        "その他市町村長が必要と認める事項": null,
        "受入対象者": null,
        "備考": ""
      }
    },
    {
      "type": "Feature",
      "geometry": {
        "type": "Point",
        "coordinates": [
          139.958151,
          35.787241
        ]
      },
      "properties": {
        "NO": "893",
        "共通ID": "E1220700021111",
        "施設・場所名": "牧野原中学校",
        "住所": "千葉県松戸市五香西4-39-1",
        "指定緊急避難場所との住所同一": "1",
        "その他市町村長が必要と認める事項": null,
        "受入対象者": null,
        "備考": ""
      }
    },
    {
      "type": "Feature",
      "geometry": {
        "type": "Point",
        "coordinates": [
          139.955483,
          35.786279
        ]
      },
      "properties": {
        "NO": "894",
        "共通ID": "E1220700022111",
        "施設・場所名": "千葉県立松戸国際高等学校",
        "住所": "千葉県松戸市五香西5-6-1",
        "指定緊急避難場所との住所同一": "1",
        "その他市町村長が必要と認める事項": null,
        "受入対象者": null,
        "備考": ""
      }
    },
    {
      "type": "Feature",
      "geometry": {
        "type": "Point",
        "coordinates": [
          139.923951,
          35.821772
        ]
      },
      "properties": {
        "NO": "895",
        "共通ID": "E1220700024111",
        "施設・場所名": "幸谷小学校",
        "住所": "千葉県松戸市幸谷212-2",
        "指定緊急避難場所との住所同一": "1",
        "その他市町村長が必要と認める事項": null,
        "受入対象者": null,
        "備考": ""
      }
    },
    {
      "type": "Feature",
      "geometry": {
        "type": "Point",
        "coordinates": [
          139.923994,
          35.848812
        ]
      },
      "properties": {
        "NO": "896",
        "共通ID": "E1220700025111",
        "施設・場所名": "小金北中学校",
        "住所": "千葉県松戸市幸田206",
        "指定緊急避難場所との住所同一": "1",
        "その他市町村長が必要と認める事項": null,
        "受入対象者": null,
        "備考": ""
      }
    },
    {
      "type": "Feature",
      "geometry": {
        "type": "Point",
        "coordinates": [
          139.93339,
          35.768616
        ]
      },
      "properties": {
        "NO": "897",
        "共通ID": "E1220700027111",
        "施設・場所名": "第五中学校",
        "住所": "千葉県松戸市高塚新田380",
        "指定緊急避難場所との住所同一": "1",
        "その他市町村長が必要と認める事項": null,
        "受入対象者": null,
        "備考": ""
      }
    },
    {
      "type": "Feature",
      "geometry": {
        "type": "Point",
        "coordinates": [
          139.930985,
          35.768175
        ]
      },
      "properties": {
        "NO": "898",
        "共通ID": "E1220700028111",
        "施設・場所名": "東部小学校",
        "住所": "千葉県松戸市高塚新田382-1",
        "指定緊急避難場所との住所同一": "1",
        "その他市町村長が必要と認める事項": "",
        "受入対象者": "",
        "備考": ""
      }
    },
    {
      "type": "Feature",
      "geometry": {
        "type": "Point",
        "coordinates": [
          139.937618,
          35.764103
        ]
      },
      "properties": {
        "NO": "899",
        "共通ID": "E1220700029111",
        "施設・場所名": "東部スポーツパーク体育館",
        "住所": "千葉県松戸市高塚新田427",
        "指定緊急避難場所との住所同一": "1",
        "その他市町村長が必要と認める事項": null,
        "受入対象者": null,
        "備考": ""
      }
    },
    {
      "type": "Feature",
      "geometry": {
        "type": "Point",
        "coordinates": [
          139.935206,
          35.75809
        ]
      },
      "properties": {
        "NO": "900",
        "共通ID": "E1220700030111",
        "施設・場所名": "東部市民センター",
        "住所": "千葉県松戸市高塚新田494-9",
        "指定緊急避難場所との住所同一": "",
        "その他市町村長が必要と認める事項": null,
        "受入対象者": null,
        "備考": ""
      }
    },
    {
      "type": "Feature",
      "geometry": {
        "type": "Point",
        "coordinates": [
          139.933768,
          35.756856
        ]
      },
      "properties": {
        "NO": "901",
        "共通ID": "E1220700031111",
        "施設・場所名": "梨香台小学校",
        "住所": "千葉県松戸市高塚新田512-13",
        "指定緊急避難場所との住所同一": "1",
        "その他市町村長が必要と認める事項": null,
        "受入対象者": null,
        "備考": ""
      }
    },
    {
      "type": "Feature",
      "geometry": {
        "type": "Point",
        "coordinates": [
          139.987104,
          35.805819
        ]
      },
      "properties": {
        "NO": "902",
        "共通ID": "E1220700032111",
        "施設・場所名": "クリーンセンター（体育館）",
        "住所": "千葉県松戸市高柳新田37",
        "指定緊急避難場所との住所同一": "1",
        "その他市町村長が必要と認める事項": null,
        "受入対象者": null,
        "備考": ""
      }
    },
    {
      "type": "Feature",
      "geometry": {
        "type": "Point",
        "coordinates": [
          139.902343,
          35.792109
        ]
      },
      "properties": {
        "NO": "903",
        "共通ID": "E1220700033111",
        "施設・場所名": "北部小学校",
        "住所": "千葉県松戸市根本217",
        "指定緊急避難場所との住所同一": "1",
        "その他市町村長が必要と認める事項": null,
        "受入対象者": null,
        "備考": ""
      }
    },
    {
      "type": "Feature",
      "geometry": {
        "type": "Point",
        "coordinates": [
          139.899046,
          35.787084
        ]
      },
      "properties": {
        "NO": "904",
        "共通ID": "E1220700034111",
        "施設・場所名": "勤労会館",
        "住所": "千葉県松戸市根本8-11",
        "指定緊急避難場所との住所同一": "",
        "その他市町村長が必要と認める事項": null,
        "受入対象者": null,
        "備考": ""
      }
    },
    {
      "type": "Feature",
      "geometry": {
        "type": "Point",
        "coordinates": [
          139.955904,
          35.775852
        ]
      },
      "properties": {
        "NO": "905",
        "共通ID": "E1220700036111",
        "施設・場所名": "東松戸小学校",
        "住所": "千葉県松戸市紙敷1-19-1",
        "指定緊急避難場所との住所同一": "1",
        "その他市町村長が必要と認める事項": null,
        "受入対象者": null,
        "備考": ""
      }
    },
    {
      "type": "Feature",
      "geometry": {
        "type": "Point",
        "coordinates": [
          139.933489,
          35.771504
        ]
      },
      "properties": {
        "NO": "906",
        "共通ID": "E1220700037111",
        "施設・場所名": "千葉県立松戸南高等学校",
        "住所": "千葉県松戸市紙敷1199",
        "指定緊急避難場所との住所同一": "1",
        "その他市町村長が必要と認める事項": null,
        "受入対象者": null,
        "備考": ""
      }
    },
    {
      "type": "Feature",
      "geometry": {
        "type": "Point",
        "coordinates": [
          139.950348,
          35.776111
        ]
      },
      "properties": {
        "NO": "907",
        "共通ID": "E1220700038111",
        "施設・場所名": "市立松戸高等学校",
        "住所": "千葉県松戸市紙敷2-7-5",
        "指定緊急避難場所との住所同一": "1",
        "その他市町村長が必要と認める事項": null,
        "受入対象者": null,
        "備考": ""
      }
    },
    {
      "type": "Feature",
      "geometry": {
        "type": "Point",
        "coordinates": [
          139.924514,
          35.765728
        ]
      },
      "properties": {
        "NO": "908",
        "共通ID": "E1220700039111",
        "施設・場所名": "千葉県立松戸向陽高等学校",
        "住所": "千葉県松戸市秋山682",
        "指定緊急避難場所との住所同一": "1",
        "その他市町村長が必要と認める事項": null,
        "受入対象者": null,
        "備考": ""
      }
    },
    {
      "type": "Feature",
      "geometry": {
        "type": "Point",
        "coordinates": [
          139.903016,
          35.825499
        ]
      },
      "properties": {
        "NO": "909",
        "共通ID": "E1220700040111",
        "施設・場所名": "新松戸西小学校",
        "住所": "千葉県松戸市小金1180",
        "指定緊急避難場所との住所同一": "1",
        "その他市町村長が必要と認める事項": null,
        "受入対象者": null,
        "備考": ""
      }
    },
    {
      "type": "Feature",
      "geometry": {
        "type": "Point",
        "coordinates": [
          139.929886,
          35.829087
        ]
      },
      "properties": {
        "NO": "910",
        "共通ID": "E1220700041111",
        "施設・場所名": "小金小学校",
        "住所": "千葉県松戸市小金355",
        "指定緊急避難場所との住所同一": "1",
        "その他市町村長が必要と認める事項": null,
        "受入対象者": null,
        "備考": ""
      }
    },
    {
      "type": "Feature",
      "geometry": {
        "type": "Point",
        "coordinates": [
          139.933772,
          35.828548
        ]
      },
      "properties": {
        "NO": "911",
        "共通ID": "E1220700043111",
        "施設・場所名": "小金市民センター",
        "住所": "千葉県松戸市小金きよしケ丘3-1-1",
        "指定緊急避難場所との住所同一": "",
        "その他市町村長が必要と認める事項": null,
        "受入対象者": null,
        "備考": ""
      }
    },
    {
      "type": "Feature",
      "geometry": {
        "type": "Point",
        "coordinates": [
          139.94203,
          35.824702
        ]
      },
      "properties": {
        "NO": "912",
        "共通ID": "E1220700045111",
        "施設・場所名": "根木内中学校",
        "住所": "千葉県松戸市小金原1-30",
        "指定緊急避難場所との住所同一": "1",
        "その他市町村長が必要と認める事項": null,
        "受入対象者": null,
        "備考": ""
      }
    },
    {
      "type": "Feature",
      "geometry": {
        "type": "Point",
        "coordinates": [
          139.945415,
          35.823677
        ]
      },
      "properties": {
        "NO": "913",
        "共通ID": "E1220700046111",
        "施設・場所名": "根木内小学校",
        "住所": "千葉県松戸市小金原2-3",
        "指定緊急避難場所との住所同一": "1",
        "その他市町村長が必要と認める事項": null,
        "受入対象者": null,
        "備考": ""
      }
    },
    {
      "type": "Feature",
      "geometry": {
        "type": "Point",
        "coordinates": [
          139.946141,
          35.819106
        ]
      },
      "properties": {
        "NO": "914",
        "共通ID": "E1220700048111",
        "施設・場所名": "小金原体育館",
        "住所": "千葉県松戸市小金原6-4-1",
        "指定緊急避難場所との住所同一": "",
        "その他市町村長が必要と認める事項": null,
        "受入対象者": null,
        "備考": ""
      }
    },
    {
      "type": "Feature",
      "geometry": {
        "type": "Point",
        "coordinates": [
          139.944392,
          35.819034
        ]
      },
      "properties": {
        "NO": "915",
        "共通ID": "E1220700049111",
        "施設・場所名": "小金原市民センター",
        "住所": "千葉県松戸市小金原6-6-2",
        "指定緊急避難場所との住所同一": "",
        "その他市町村長が必要と認める事項": null,
        "受入対象者": null,
        "備考": ""
      }
    },
    {
      "type": "Feature",
      "geometry": {
        "type": "Point",
        "coordinates": [
          139.948767,
          35.81552
        ]
      },
      "properties": {
        "NO": "916",
        "共通ID": "E1220700050111",
        "施設・場所名": "栗ケ沢小学校",
        "住所": "千葉県松戸市小金原7-16",
        "指定緊急避難場所との住所同一": "1",
        "その他市町村長が必要と認める事項": null,
        "受入対象者": null,
        "備考": ""
      }
    },
    {
      "type": "Feature",
      "geometry": {
        "type": "Point",
        "coordinates": [
          139.941378,
          35.81407
        ]
      },
      "properties": {
        "NO": "917",
        "共通ID": "E1220700051111",
        "施設・場所名": "貝の花小学校",
        "住所": "千葉県松戸市小金原8-10",
        "指定緊急避難場所との住所同一": "1",
        "その他市町村長が必要と認める事項": null,
        "受入対象者": null,
        "備考": ""
      }
    },
    {
      "type": "Feature",
      "geometry": {
        "type": "Point",
        "coordinates": [
          139.948005,
          35.812332
        ]
      },
      "properties": {
        "NO": "918",
        "共通ID": "E1220700053111",
        "施設・場所名": "栗ケ沢中学校",
        "住所": "千葉県松戸市小金原9-25",
        "指定緊急避難場所との住所同一": "1",
        "その他市町村長が必要と認める事項": null,
        "受入対象者": null,
        "備考": ""
      }
    },
    {
      "type": "Feature",
      "geometry": {
        "type": "Point",
        "coordinates": [
          139.929486,
          35.823217
        ]
      },
      "properties": {
        "NO": "919",
        "共通ID": "E1220700054111",
        "施設・場所名": "小金南中学校",
        "住所": "千葉県松戸市小金清志町1-16-1",
        "指定緊急避難場所との住所同一": "1",
        "その他市町村長が必要と認める事項": null,
        "受入対象者": null,
        "備考": ""
      }
    },
    {
      "type": "Feature",
      "geometry": {
        "type": "Point",
        "coordinates": [
          139.893953,
          35.774774
        ]
      },
      "properties": {
        "NO": "920",
        "共通ID": "E1220700055111",
        "施設・場所名": "南部小学校",
        "住所": "千葉県松戸市小山148",
        "指定緊急避難場所との住所同一": "1",
        "その他市町村長が必要と認める事項": null,
        "受入対象者": null,
        "備考": ""
      }
    },
    {
      "type": "Feature",
      "geometry": {
        "type": "Point",
        "coordinates": [
          139.898053,
          35.77168
        ]
      },
      "properties": {
        "NO": "921",
        "共通ID": "E1220700056111",
        "施設・場所名": "第二中学校",
        "住所": "千葉県松戸市小山685",
        "指定緊急避難場所との住所同一": "1",
        "その他市町村長が必要と認める事項": null,
        "受入対象者": null,
        "備考": ""
      }
    },
    {
      "type": "Feature",
      "geometry": {
        "type": "Point",
        "coordinates": [
          139.900444,
          35.780917
        ]
      },
      "properties": {
        "NO": "922",
        "共通ID": "E1220700122111",
        "施設・場所名": "松戸市民会館",
        "住所": "千葉県松戸市松戸1389-1",
        "指定緊急避難場所との住所同一": "",
        "その他市町村長が必要と認める事項": "",
        "受入対象者": "",
        "備考": ""
      }
    },
    {
      "type": "Feature",
      "geometry": {
        "type": "Point",
        "coordinates": [
          139.895501,
          35.78528
        ]
      },
      "properties": {
        "NO": "923",
        "共通ID": "E1220700057111",
        "施設・場所名": "中部小学校",
        "住所": "千葉県松戸市松戸2062",
        "指定緊急避難場所との住所同一": "1",
        "その他市町村長が必要と認める事項": null,
        "受入対象者": null,
        "備考": ""
      }
    },
    {
      "type": "Feature",
      "geometry": {
        "type": "Point",
        "coordinates": [
          139.903323,
          35.773036
        ]
      },
      "properties": {
        "NO": "924",
        "共通ID": "E1220700058111",
        "施設・場所名": "柿ノ木台公園体育館",
        "住所": "千葉県松戸市松戸594-7",
        "指定緊急避難場所との住所同一": "1",
        "その他市町村長が必要と認める事項": null,
        "受入対象者": null,
        "備考": ""
      }
    },
    {
      "type": "Feature",
      "geometry": {
        "type": "Point",
        "coordinates": [
          139.915631,
          35.786022
        ]
      },
      "properties": {
        "NO": "925",
        "共通ID": "E1220700059111",
        "施設・場所名": "松ケ丘小学校",
        "住所": "千葉県松戸市松戸新田159",
        "指定緊急避難場所との住所同一": "1",
        "その他市町村長が必要と認める事項": null,
        "受入対象者": null,
        "備考": ""
      }
    },
    {
      "type": "Feature",
      "geometry": {
        "type": "Point",
        "coordinates": [
          139.926289,
          35.795101
        ]
      },
      "properties": {
        "NO": "926",
        "共通ID": "E1220700060111",
        "施設・場所名": "寒風台小学校",
        "住所": "千葉県松戸市松戸新田316-25",
        "指定緊急避難場所との住所同一": "1",
        "その他市町村長が必要と認める事項": null,
        "受入対象者": null,
        "備考": ""
      }
    },
    {
      "type": "Feature",
      "geometry": {
        "type": "Point",
        "coordinates": [
          139.964726,
          35.784805
        ]
      },
      "properties": {
        "NO": "927",
        "共通ID": "E1220700061111",
        "施設・場所名": "松飛台市民センター",
        "住所": "千葉県松戸市松飛台210-2",
        "指定緊急避難場所との住所同一": "",
        "その他市町村長が必要と認める事項": null,
        "受入対象者": null,
        "備考": ""
      }
    },
    {
      "type": "Feature",
      "geometry": {
        "type": "Point",
        "coordinates": [
          139.968765,
          35.790311
        ]
      },
      "properties": {
        "NO": "928",
        "共通ID": "E1220700062111",
        "施設・場所名": "松飛台第二小学校",
        "住所": "千葉県松戸市松飛台59",
        "指定緊急避難場所との住所同一": "1",
        "その他市町村長が必要と認める事項": null,
        "受入対象者": null,
        "備考": ""
      }
    },
    {
      "type": "Feature",
      "geometry": {
        "type": "Point",
        "coordinates": [
          139.920168,
          35.798954
        ]
      },
      "properties": {
        "NO": "929",
        "共通ID": "E1220700063111",
        "施設・場所名": "専修大学松戸高等学校",
        "住所": "千葉県松戸市上本郷2-3621",
        "指定緊急避難場所との住所同一": "1",
        "その他市町村長が必要と認める事項": null,
        "受入対象者": null,
        "備考": ""
      }
    },
    {
      "type": "Feature",
      "geometry": {
        "type": "Point",
        "coordinates": [
          139.915491,
          35.792221
        ]
      },
      "properties": {
        "NO": "930",
        "共通ID": "E1220700064111",
        "施設・場所名": "上本郷第二小学校",
        "住所": "千葉県松戸市上本郷2677",
        "指定緊急避難場所との住所同一": "1",
        "その他市町村長が必要と認める事項": null,
        "受入対象者": null,
        "備考": ""
      }
    },
    {
      "type": "Feature",
      "geometry": {
        "type": "Point",
        "coordinates": [
          139.918879,
          35.792055
        ]
      },
      "properties": {
        "NO": "931",
        "共通ID": "E1220700065111",
        "施設・場所名": "明市民センター",
        "住所": "千葉県松戸市上本郷3018-1",
        "指定緊急避難場所との住所同一": "",
        "その他市町村長が必要と認める事項": null,
        "受入対象者": null,
        "備考": ""
      }
    },
    {
      "type": "Feature",
      "geometry": {
        "type": "Point",
        "coordinates": [
          139.918249,
          35.798852
        ]
      },
      "properties": {
        "NO": "932",
        "共通ID": "E1220700066111",
        "施設・場所名": "上本郷小学校",
        "住所": "千葉県松戸市上本郷3620",
        "指定緊急避難場所との住所同一": "1",
        "その他市町村長が必要と認める事項": null,
        "受入対象者": null,
        "備考": ""
      }
    },
    {
      "type": "Feature",
      "geometry": {
        "type": "Point",
        "coordinates": [
          139.897302,
          35.769165
        ]
      },
      "properties": {
        "NO": "933",
        "共通ID": "E1220700069111",
        "施設・場所名": "総合福祉会館",
        "住所": "千葉県松戸市上矢切299-1",
        "指定緊急避難場所との住所同一": "",
        "その他市町村長が必要と認める事項": null,
        "受入対象者": null,
        "備考": ""
      }
    },
    {
      "type": "Feature",
      "geometry": {
        "type": "Point",
        "coordinates": [
          139.952953,
          35.79875
        ]
      },
      "properties": {
        "NO": "934",
        "共通ID": "E1220700071111",
        "施設・場所名": "常盤平市民センター",
        "住所": "千葉県松戸市常盤平3-30",
        "指定緊急避難場所との住所同一": "",
        "その他市町村長が必要と認める事項": null,
        "受入対象者": null,
        "備考": ""
      }
    },
    {
      "type": "Feature",
      "geometry": {
        "type": "Point",
        "coordinates": [
          139.957424,
          35.799793
        ]
      },
      "properties": {
        "NO": "935",
        "共通ID": "E1220700072111",
        "施設・場所名": "常盤平第二小学校",
        "住所": "千葉県松戸市常盤平4-18",
        "指定緊急避難場所との住所同一": "1",
        "その他市町村長が必要と認める事項": null,
        "受入対象者": null,
        "備考": ""
      }
    },
    {
      "type": "Feature",
      "geometry": {
        "type": "Point",
        "coordinates": [
          139.949556,
          35.797969
        ]
      },
      "properties": {
        "NO": "936",
        "共通ID": "E1220700073111",
        "施設・場所名": "常盤平第一小学校",
        "住所": "千葉県松戸市常盤平7-1",
        "指定緊急避難場所との住所同一": "1",
        "その他市町村長が必要と認める事項": null,
        "受入対象者": null,
        "備考": ""
      }
    },
    {
      "type": "Feature",
      "geometry": {
        "type": "Point",
        "coordinates": [
          139.952504,
          35.795246
        ]
      },
      "properties": {
        "NO": "937",
        "共通ID": "E1220700074111",
        "施設・場所名": "常盤平中学校",
        "住所": "千葉県松戸市常盤平7-25",
        "指定緊急避難場所との住所同一": "1",
        "その他市町村長が必要と認める事項": null,
        "受入対象者": null,
        "備考": ""
      }
    },
    {
      "type": "Feature",
      "geometry": {
        "type": "Point",
        "coordinates": [
          139.945585,
          35.79484
        ]
      },
      "properties": {
        "NO": "938",
        "共通ID": "E1220700075111",
        "施設・場所名": "常盤平体育館",
        "住所": "千葉県松戸市常盤平松葉町1-3",
        "指定緊急避難場所との住所同一": "",
        "その他市町村長が必要と認める事項": null,
        "受入対象者": null,
        "備考": ""
      }
    },
    {
      "type": "Feature",
      "geometry": {
        "type": "Point",
        "coordinates": [
          139.942728,
          35.796229
        ]
      },
      "properties": {
        "NO": "939",
        "共通ID": "E1220700076111",
        "施設・場所名": "常盤平第三小学校",
        "住所": "千葉県松戸市常盤平西窪町25-1",
        "指定緊急避難場所との住所同一": "1",
        "その他市町村長が必要と認める事項": null,
        "受入対象者": null,
        "備考": ""
      }
    },
    {
      "type": "Feature",
      "geometry": {
        "type": "Point",
        "coordinates": [
          139.91288,
          35.826378
        ]
      },
      "properties": {
        "NO": "940",
        "共通ID": "E1220700077111",
        "施設・場所名": "新松戸市民センター",
        "住所": "千葉県松戸市新松戸3-27",
        "指定緊急避難場所との住所同一": "",
        "その他市町村長が必要と認める事項": null,
        "受入対象者": null,
        "備考": ""
      }
    },
    {
      "type": "Feature",
      "geometry": {
        "type": "Point",
        "coordinates": [
          139.908389,
          35.830181
        ]
      },
      "properties": {
        "NO": "941",
        "共通ID": "E1220700078111",
        "施設・場所名": "市民交流会館（運動施設）",
        "住所": "千葉県松戸市新松戸5-179-1",
        "指定緊急避難場所との住所同一": "1",
        "その他市町村長が必要と認める事項": null,
        "受入対象者": null,
        "備考": ""
      }
    },
    {
      "type": "Feature",
      "geometry": {
        "type": "Point",
        "coordinates": [
          139.905663,
          35.823711
        ]
      },
      "properties": {
        "NO": "942",
        "共通ID": "E1220700080111",
        "施設・場所名": "新松戸南小学校",
        "住所": "千葉県松戸市新松戸6-301",
        "指定緊急避難場所との住所同一": "1",
        "その他市町村長が必要と認める事項": null,
        "受入対象者": null,
        "備考": ""
      }
    },
    {
      "type": "Feature",
      "geometry": {
        "type": "Point",
        "coordinates": [
          139.905368,
          35.830665
        ]
      },
      "properties": {
        "NO": "943",
        "共通ID": "E1220700081111",
        "施設・場所名": "市民交流会館（文化施設）",
        "住所": "千葉県松戸市新松戸7-192-1",
        "指定緊急避難場所との住所同一": "1",
        "その他市町村長が必要と認める事項": null,
        "受入対象者": null,
        "備考": ""
      }
    },
    {
      "type": "Feature",
      "geometry": {
        "type": "Point",
        "coordinates": [
          139.911997,
          35.821757
        ]
      },
      "properties": {
        "NO": "944",
        "共通ID": "E1220700082111",
        "施設・場所名": "馬橋北小学校",
        "住所": "千葉県松戸市新松戸南2-1",
        "指定緊急避難場所との住所同一": "1",
        "その他市町村長が必要と認める事項": null,
        "受入対象者": null,
        "備考": ""
      }
    },
    {
      "type": "Feature",
      "geometry": {
        "type": "Point",
        "coordinates": [
          139.909216,
          35.821708
        ]
      },
      "properties": {
        "NO": "945",
        "共通ID": "E1220700083111",
        "施設・場所名": "新松戸南中学校",
        "住所": "千葉県松戸市新松戸南2-124",
        "指定緊急避難場所との住所同一": "1",
        "その他市町村長が必要と認める事項": null,
        "受入対象者": null,
        "備考": ""
      }
    },
    {
      "type": "Feature",
      "geometry": {
        "type": "Point",
        "coordinates": [
          139.911929,
          35.821327
        ]
      },
      "properties": {
        "NO": "946",
        "共通ID": "E1220700084111",
        "施設・場所名": "青少年会館",
        "住所": "千葉県松戸市新松戸南2-2",
        "指定緊急避難場所との住所同一": "",
        "その他市町村長が必要と認める事項": null,
        "受入対象者": null,
        "備考": ""
      }
    },
    {
      "type": "Feature",
      "geometry": {
        "type": "Point",
        "coordinates": [
          139.910025,
          35.833008
        ]
      },
      "properties": {
        "NO": "947",
        "共通ID": "E1220700085111",
        "施設・場所名": "横須賀小学校",
        "住所": "千葉県松戸市新松戸北2-13-1",
        "指定緊急避難場所との住所同一": "1",
        "その他市町村長が必要と認める事項": null,
        "受入対象者": null,
        "備考": ""
      }
    },
    {
      "type": "Feature",
      "geometry": {
        "type": "Point",
        "coordinates": [
          139.912026,
          35.833089
        ]
      },
      "properties": {
        "NO": "948",
        "共通ID": "E1220700086111",
        "施設・場所名": "千葉県立小金高等学校",
        "住所": "千葉県松戸市新松戸北2-14-1",
        "指定緊急避難場所との住所同一": "1",
        "その他市町村長が必要と認める事項": null,
        "受入対象者": null,
        "備考": ""
      }
    },
    {
      "type": "Feature",
      "geometry": {
        "type": "Point",
        "coordinates": [
          139.913555,
          35.832402
        ]
      },
      "properties": {
        "NO": "949",
        "共通ID": "E1220700087111",
        "施設・場所名": "小金中学校",
        "住所": "千葉県松戸市新松戸北2-16-11",
        "指定緊急避難場所との住所同一": "1",
        "その他市町村長が必要と認める事項": null,
        "受入対象者": null,
        "備考": ""
      }
    },
    {
      "type": "Feature",
      "geometry": {
        "type": "Point",
        "coordinates": [
          139.914196,
          35.815946
        ]
      },
      "properties": {
        "NO": "950",
        "共通ID": "E1220700088111",
        "施設・場所名": "馬橋小学校",
        "住所": "千葉県松戸市西馬橋1-12-1",
        "指定緊急避難場所との住所同一": "1",
        "その他市町村長が必要と認める事項": null,
        "受入対象者": null,
        "備考": ""
      }
    },
    {
      "type": "Feature",
      "geometry": {
        "type": "Point",
        "coordinates": [
          139.912338,
          35.814085
        ]
      },
      "properties": {
        "NO": "951",
        "共通ID": "E1220700089111",
        "施設・場所名": "馬橋市民センター",
        "住所": "千葉県松戸市西馬橋蔵元町177",
        "指定緊急避難場所との住所同一": "",
        "その他市町村長が必要と認める事項": null,
        "受入対象者": null,
        "備考": ""
      }
    },
    {
      "type": "Feature",
      "geometry": {
        "type": "Point",
        "coordinates": [
          139.930555,
          35.796957
        ]
      },
      "properties": {
        "NO": "952",
        "共通ID": "E1220700090111",
        "施設・場所名": "第六中学校",
        "住所": "千葉県松戸市千駄堀1341",
        "指定緊急避難場所との住所同一": "1",
        "その他市町村長が必要と認める事項": null,
        "受入対象者": null,
        "備考": ""
      }
    },
    {
      "type": "Feature",
      "geometry": {
        "type": "Point",
        "coordinates": [
          139.926429,
          35.8398
        ]
      },
      "properties": {
        "NO": "953",
        "共通ID": "E1220700091111",
        "施設・場所名": "小金北市民センター",
        "住所": "千葉県松戸市中金杉2-159-2",
        "指定緊急避難場所との住所同一": "",
        "その他市町村長が必要と認める事項": null,
        "受入対象者": null,
        "備考": ""
      }
    },
    {
      "type": "Feature",
      "geometry": {
        "type": "Point",
        "coordinates": [
          139.897125,
          35.762987
        ]
      },
      "properties": {
        "NO": "954",
        "共通ID": "E1220700092111",
        "施設・場所名": "矢切小学校",
        "住所": "千葉県松戸市中矢切540",
        "指定緊急避難場所との住所同一": "1",
        "その他市町村長が必要と認める事項": null,
        "受入対象者": null,
        "備考": ""
      }
    },
    {
      "type": "Feature",
      "geometry": {
        "type": "Point",
        "coordinates": [
          139.92651,
          35.801656
        ]
      },
      "properties": {
        "NO": "955",
        "共通ID": "E1220700093111",
        "施設・場所名": "千葉県立松戸高等学校",
        "住所": "千葉県松戸市中和倉590-1",
        "指定緊急避難場所との住所同一": "1",
        "その他市町村長が必要と認める事項": null,
        "受入対象者": null,
        "備考": ""
      }
    },
    {
      "type": "Feature",
      "geometry": {
        "type": "Point",
        "coordinates": [
          139.923474,
          35.838497
        ]
      },
      "properties": {
        "NO": "956",
        "共通ID": "E1220700094111",
        "施設・場所名": "小金北小学校",
        "住所": "千葉県松戸市殿平賀270",
        "指定緊急避難場所との住所同一": "1",
        "その他市町村長が必要と認める事項": null,
        "受入対象者": null,
        "備考": ""
      }
    },
    {
      "type": "Feature",
      "geometry": {
        "type": "Point",
        "coordinates": [
          139.926259,
          35.837499
        ]
      },
      "properties": {
        "NO": "957",
        "共通ID": "E1220700095111",
        "施設・場所名": "殿平賀小学校",
        "住所": "千葉県松戸市殿平賀339-1",
        "指定緊急避難場所との住所同一": "1",
        "その他市町村長が必要と認める事項": null,
        "受入対象者": null,
        "備考": ""
      }
    },
    {
      "type": "Feature",
      "geometry": {
        "type": "Point",
        "coordinates": [
          139.904389,
          35.771566
        ]
      },
      "properties": {
        "NO": "958",
        "共通ID": "E1220700096111",
        "施設・場所名": "柿ノ木台小学校",
        "住所": "千葉県松戸市二十世紀が丘柿の木町111",
        "指定緊急避難場所との住所同一": "1",
        "その他市町村長が必要と認める事項": null,
        "受入対象者": null,
        "備考": ""
      }
    },
    {
      "type": "Feature",
      "geometry": {
        "type": "Point",
        "coordinates": [
          139.908392,
          35.771526
        ]
      },
      "properties": {
        "NO": "959",
        "共通ID": "E1220700098111",
        "施設・場所名": "二十世紀が丘市民センター",
        "住所": "千葉県松戸市二十世紀が丘中松町2",
        "指定緊急避難場所との住所同一": "",
        "その他市町村長が必要と認める事項": null,
        "受入対象者": null,
        "備考": ""
      }
    },
    {
      "type": "Feature",
      "geometry": {
        "type": "Point",
        "coordinates": [
          139.914853,
          35.77087
        ]
      },
      "properties": {
        "NO": "960",
        "共通ID": "E1220700099111",
        "施設・場所名": "大橋小学校",
        "住所": "千葉県松戸市二十世紀が丘梨元町32",
        "指定緊急避難場所との住所同一": "1",
        "その他市町村長が必要と認める事項": null,
        "受入対象者": null,
        "備考": ""
      }
    },
    {
      "type": "Feature",
      "geometry": {
        "type": "Point",
        "coordinates": [
          139.919523,
          35.808416
        ]
      },
      "properties": {
        "NO": "961",
        "共通ID": "E1220700100111",
        "施設・場所名": "馬橋東市民センター",
        "住所": "千葉県松戸市馬橋1854-3",
        "指定緊急避難場所との住所同一": "",
        "その他市町村長が必要と認める事項": null,
        "受入対象者": null,
        "備考": ""
      }
    },
    {
      "type": "Feature",
      "geometry": {
        "type": "Point",
        "coordinates": [
          139.925031,
          35.809721
        ]
      },
      "properties": {
        "NO": "962",
        "共通ID": "E1220700101111",
        "施設・場所名": "第三中学校",
        "住所": "千葉県松戸市馬橋2080",
        "指定緊急避難場所との住所同一": "1",
        "その他市町村長が必要と認める事項": null,
        "受入対象者": null,
        "備考": ""
      }
    },
    {
      "type": "Feature",
      "geometry": {
        "type": "Point",
        "coordinates": [
          139.935206,
          35.815458
        ]
      },
      "properties": {
        "NO": "963",
        "共通ID": "E1220700102111",
        "施設・場所名": "八ケ崎第二小学校",
        "住所": "千葉県松戸市八ケ崎3-3-1",
        "指定緊急避難場所との住所同一": "1",
        "その他市町村長が必要と認める事項": null,
        "受入対象者": null,
        "備考": ""
      }
    },
    {
      "type": "Feature",
      "geometry": {
        "type": "Point",
        "coordinates": [
          139.934764,
          35.808698
        ]
      },
      "properties": {
        "NO": "964",
        "共通ID": "E1220700103111",
        "施設・場所名": "八ケ崎市民センター",
        "住所": "千葉県松戸市八ケ崎5-15-1",
        "指定緊急避難場所との住所同一": "",
        "その他市町村長が必要と認める事項": null,
        "受入対象者": null,
        "備考": ""
      }
    },
    {
      "type": "Feature",
      "geometry": {
        "type": "Point",
        "coordinates": [
          139.930619,
          35.808495
        ]
      },
      "properties": {
        "NO": "965",
        "共通ID": "E1220700104111",
        "施設・場所名": "八ケ崎小学校",
        "住所": "千葉県松戸市八ケ崎6-53-1",
        "指定緊急避難場所との住所同一": "1",
        "その他市町村長が必要と認める事項": null,
        "受入対象者": null,
        "備考": ""
      }
    },
    {
      "type": "Feature",
      "geometry": {
        "type": "Point",
        "coordinates": [
          139.895541,
          35.791619
        ]
      },
      "properties": {
        "NO": "966",
        "共通ID": "E1220700105111",
        "施設・場所名": "青少年会館樋野口分館",
        "住所": "千葉県松戸市樋野口543",
        "指定緊急避難場所との住所同一": "",
        "その他市町村長が必要と認める事項": null,
        "受入対象者": null,
        "備考": ""
      }
    },
    {
      "type": "Feature",
      "geometry": {
        "type": "Point",
        "coordinates": [
          139.946232,
          35.790239
        ]
      },
      "properties": {
        "NO": "967",
        "共通ID": "E1220700107111",
        "施設・場所名": "八柱市民センター",
        "住所": "千葉県松戸市牧の原1-193-6",
        "指定緊急避難場所との住所同一": "",
        "その他市町村長が必要と認める事項": null,
        "受入対象者": null,
        "備考": ""
      }
    },
    {
      "type": "Feature",
      "geometry": {
        "type": "Point",
        "coordinates": [
          139.951325,
          35.792546
        ]
      },
      "properties": {
        "NO": "968",
        "共通ID": "E1220700108111",
        "施設・場所名": "牧野原小学校",
        "住所": "千葉県松戸市牧の原435-1",
        "指定緊急避難場所との住所同一": "1",
        "その他市町村長が必要と認める事項": null,
        "受入対象者": null,
        "備考": ""
      }
    },
    {
      "type": "Feature",
      "geometry": {
        "type": "Point",
        "coordinates": [
          139.898402,
          35.786157
        ]
      },
      "properties": {
        "NO": "969",
        "共通ID": "E1220700109111",
        "施設・場所名": "男女共同参画センター",
        "住所": "千葉県松戸市本町14-10",
        "指定緊急避難場所との住所同一": "",
        "その他市町村長が必要と認める事項": null,
        "受入対象者": null,
        "備考": ""
      }
    },
    {
      "type": "Feature",
      "geometry": {
        "type": "Point",
        "coordinates": [
          139.933264,
          35.783938
        ]
      },
      "properties": {
        "NO": "970",
        "共通ID": "E1220700110111",
        "施設・場所名": "稔台小学校",
        "住所": "千葉県松戸市稔台2-36-1",
        "指定緊急避難場所との住所同一": "1",
        "その他市町村長が必要と認める事項": null,
        "受入対象者": null,
        "備考": ""
      }
    },
    {
      "type": "Feature",
      "geometry": {
        "type": "Point",
        "coordinates": [
          139.929362,
          35.788152
        ]
      },
      "properties": {
        "NO": "971",
        "共通ID": "E1220700111111",
        "施設・場所名": "稔台市民センター（別館含む）",
        "住所": "千葉県松戸市稔台7-1-5",
        "指定緊急避難場所との住所同一": "",
        "その他市町村長が必要と認める事項": null,
        "受入対象者": null,
        "備考": ""
      }
    },
    {
      "type": "Feature",
      "geometry": {
        "type": "Point",
        "coordinates": [
          139.986484,
          35.79832
        ]
      },
      "properties": {
        "NO": "972",
        "共通ID": "E1220700112111",
        "施設・場所名": "六実第三小学校",
        "住所": "千葉県松戸市六高台3-141",
        "指定緊急避難場所との住所同一": "1",
        "その他市町村長が必要と認める事項": null,
        "受入対象者": null,
        "備考": ""
      }
    },
    {
      "type": "Feature",
      "geometry": {
        "type": "Point",
        "coordinates": [
          139.990162,
          35.796306
        ]
      },
      "properties": {
        "NO": "973",
        "共通ID": "E1220700114111",
        "施設・場所名": "六実市民センター（別館含む）",
        "住所": "千葉県松戸市六高台3-71",
        "指定緊急避難場所との住所同一": "",
        "その他市町村長が必要と認める事項": null,
        "受入対象者": null,
        "備考": ""
      }
    },
    {
      "type": "Feature",
      "geometry": {
        "type": "Point",
        "coordinates": [
          139.993044,
          35.797858
        ]
      },
      "properties": {
        "NO": "974",
        "共通ID": "E1220700115111",
        "施設・場所名": "六実小学校",
        "住所": "千葉県松戸市六高台4-131",
        "指定緊急避難場所との住所同一": "1",
        "その他市町村長が必要と認める事項": null,
        "受入対象者": null,
        "備考": ""
      }
    },
    {
      "type": "Feature",
      "geometry": {
        "type": "Point",
        "coordinates": [
          139.993334,
          35.801765
        ]
      },
      "properties": {
        "NO": "975",
        "共通ID": "E1220700116111",
        "施設・場所名": "千葉県立松戸六実高等学校",
        "住所": "千葉県松戸市六高台5-150-1",
        "指定緊急避難場所との住所同一": "1",
        "その他市町村長が必要と認める事項": null,
        "受入対象者": null,
        "備考": ""
      }
    },
    {
      "type": "Feature",
      "geometry": {
        "type": "Point",
        "coordinates": [
          139.996739,
          35.800897
        ]
      },
      "properties": {
        "NO": "976",
        "共通ID": "E1220700117111",
        "施設・場所名": "六実中学校",
        "住所": "千葉県松戸市六高台5-166-1",
        "指定緊急避難場所との住所同一": "1",
        "その他市町村長が必要と認める事項": null,
        "受入対象者": null,
        "備考": ""
      }
    },
    {
      "type": "Feature",
      "geometry": {
        "type": "Point",
        "coordinates": [
          139.994005,
          35.790703
        ]
      },
      "properties": {
        "NO": "977",
        "共通ID": "E1220700118111",
        "施設・場所名": "六実第二小学校",
        "住所": "千葉県松戸市六実2-34-1",
        "指定緊急避難場所との住所同一": "1",
        "その他市町村長が必要と認める事項": null,
        "受入対象者": null,
        "備考": ""
      }
    },
    {
      "type": "Feature",
      "geometry": {
        "type": "Point",
        "coordinates": [
          139.923618,
          35.778188
        ]
      },
      "properties": {
        "NO": "978",
        "共通ID": "E1220700119111",
        "施設・場所名": "和名ケ谷小学校",
        "住所": "千葉県松戸市和名ケ谷1085",
        "指定緊急避難場所との住所同一": "1",
        "その他市町村長が必要と認める事項": null,
        "受入対象者": null,
        "備考": ""
      }
    },
    {
      "type": "Feature",
      "geometry": {
        "type": "Point",
        "coordinates": [
          139.917019,
          35.776688
        ]
      },
      "properties": {
        "NO": "979",
        "共通ID": "E1220700120111",
        "施設・場所名": "和名ケ谷中学校",
        "住所": "千葉県松戸市和名ケ谷1338-1",
        "指定緊急避難場所との住所同一": "1",
        "その他市町村長が必要と認める事項": null,
        "受入対象者": null,
        "備考": ""
      }
    },
    {
      "type": "Feature",
      "geometry": {
        "type": "Point",
        "coordinates": [
          139.918974,
          35.776907
        ]
      },
      "properties": {
        "NO": "980",
        "共通ID": "E1220700121111",
        "施設・場所名": "和名ケ谷スポーツセンター",
        "住所": "千葉県松戸市和名ケ谷1360",
        "指定緊急避難場所との住所同一": "",
        "その他市町村長が必要と認める事項": null,
        "受入対象者": null,
        "備考": ""
      }
    },
    {
      "type": "Feature",
      "geometry": {
        "type": "Point",
        "coordinates": [
          140.379341,
          35.899952
        ]
      },
      "properties": {
        "NO": "981",
        "共通ID": "E1234200002111",
        "施設・場所名": "道の駅発酵の里こうざき",
        "住所": "千葉県神崎町松崎855",
        "指定緊急避難場所との住所同一": "1",
        "その他市町村長が必要と認める事項": null,
        "受入対象者": null,
        "備考": ""
      }
    },
    {
      "type": "Feature",
      "geometry": {
        "type": "Point",
        "coordinates": [
          140.418857,
          35.877803
        ]
      },
      "properties": {
        "NO": "982",
        "共通ID": "E1234200003111",
        "施設・場所名": "米沢小学校",
        "住所": "千葉県神崎町新385",
        "指定緊急避難場所との住所同一": "1",
        "その他市町村長が必要と認める事項": null,
        "受入対象者": null,
        "備考": ""
      }
    },
    {
      "type": "Feature",
      "geometry": {
        "type": "Point",
        "coordinates": [
          140.400824,
          35.901201
        ]
      },
      "properties": {
        "NO": "983",
        "共通ID": "E1234200004111",
        "施設・場所名": "神崎小学校",
        "住所": "千葉県神崎町神崎本宿22",
        "指定緊急避難場所との住所同一": "1",
        "その他市町村長が必要と認める事項": null,
        "受入対象者": null,
        "備考": ""
      }
    },
    {
      "type": "Feature",
      "geometry": {
        "type": "Point",
        "coordinates": [
          140.406443,
          35.899725
        ]
      },
      "properties": {
        "NO": "984",
        "共通ID": "E1234200005111",
        "施設・場所名": "神崎中学校",
        "住所": "千葉県神崎町神崎本宿260",
        "指定緊急避難場所との住所同一": "1",
        "その他市町村長が必要と認める事項": null,
        "受入対象者": null,
        "備考": ""
      }
    },
    {
      "type": "Feature",
      "geometry": {
        "type": "Point",
        "coordinates": [
          140.402762,
          35.901534
        ]
      },
      "properties": {
        "NO": "985",
        "共通ID": "E1234200006111",
        "施設・場所名": "神崎ふれあいプラザ",
        "住所": "千葉県神崎町神崎本宿96",
        "指定緊急避難場所との住所同一": "1",
        "その他市町村長が必要と認める事項": null,
        "受入対象者": null,
        "備考": ""
      }
    },
    {
      "type": "Feature",
      "geometry": {
        "type": "Point",
        "coordinates": [
          140.399681,
          35.894214
        ]
      },
      "properties": {
        "NO": "986",
        "共通ID": "E1234200008111",
        "施設・場所名": "わくわく西の城",
        "住所": "千葉県神崎町並木658",
        "指定緊急避難場所との住所同一": "1",
        "その他市町村長が必要と認める事項": null,
        "受入対象者": null,
        "備考": ""
      }
    },
    {
      "type": "Feature",
      "geometry": {
        "type": "Point",
        "coordinates": [
          140.425793,
          35.833119
        ]
      },
      "properties": {
        "NO": "987",
        "共通ID": "E1221100001111",
        "施設・場所名": "大栄みらい学園（体育館）",
        "住所": "千葉県成田市伊能125",
        "指定緊急避難場所との住所同一": "1",
        "その他市町村長が必要と認める事項": "",
        "受入対象者": "",
        "備考": ""
      }
    },
    {
      "type": "Feature",
      "geometry": {
        "type": "Point",
        "coordinates": [
          140.433128,
          35.838426
        ]
      },
      "properties": {
        "NO": "988",
        "共通ID": "E1221100002111",
        "施設・場所名": "大須賀運動施設（体育館）",
        "住所": "千葉県成田市伊能547",
        "指定緊急避難場所との住所同一": "1",
        "その他市町村長が必要と認める事項": "",
        "受入対象者": "",
        "備考": ""
      }
    },
    {
      "type": "Feature",
      "geometry": {
        "type": "Point",
        "coordinates": [
          140.421452,
          35.817494
        ]
      },
      "properties": {
        "NO": "989",
        "共通ID": "E1221100003111",
        "施設・場所名": "大栄Ｂ＆Ｇ海洋センター",
        "住所": "千葉県成田市一坪田388",
        "指定緊急避難場所との住所同一": "1",
        "その他市町村長が必要と認める事項": "",
        "受入対象者": "",
        "備考": ""
      }
    },
    {
      "type": "Feature",
      "geometry": {
        "type": "Point",
        "coordinates": [
          140.305513,
          35.777753
        ]
      },
      "properties": {
        "NO": "990",
        "共通ID": "E1221100004111",
        "施設・場所名": "成田国際高等学校（体育館）",
        "住所": "千葉県成田市加良部3-16",
        "指定緊急避難場所との住所同一": "1",
        "その他市町村長が必要と認める事項": null,
        "受入対象者": null,
        "備考": ""
      }
    },
    {
      "type": "Feature",
      "geometry": {
        "type": "Point",
        "coordinates": [
          140.30034,
          35.774189
        ]
      },
      "properties": {
        "NO": "991",
        "共通ID": "E1221100005111",
        "施設・場所名": "新山小学校（体育館）",
        "住所": "千葉県成田市加良部4-23",
        "指定緊急避難場所との住所同一": "1",
        "その他市町村長が必要と認める事項": null,
        "受入対象者": null,
        "備考": ""
      }
    },
    {
      "type": "Feature",
      "geometry": {
        "type": "Point",
        "coordinates": [
          140.295979,
          35.774545
        ]
      },
      "properties": {
        "NO": "992",
        "共通ID": "E1221100006111",
        "施設・場所名": "西中学校（体育館）",
        "住所": "千葉県成田市加良部5-11",
        "指定緊急避難場所との住所同一": "1",
        "その他市町村長が必要と認める事項": null,
        "受入対象者": null,
        "備考": ""
      }
    },
    {
      "type": "Feature",
      "geometry": {
        "type": "Point",
        "coordinates": [
          140.295843,
          35.775306
        ]
      },
      "properties": {
        "NO": "993",
        "共通ID": "E1221100007111",
        "施設・場所名": "加良部小学校（体育館）",
        "住所": "千葉県成田市加良部6-8",
        "指定緊急避難場所との住所同一": "1",
        "その他市町村長が必要と認める事項": null,
        "受入対象者": null,
        "備考": ""
      }
    },
    {
      "type": "Feature",
      "geometry": {
        "type": "Point",
        "coordinates": [
          140.342854,
          35.866042
        ]
      },
      "properties": {
        "NO": "994",
        "共通ID": "E1221100008111",
        "施設・場所名": "滑河運動施設（体育館）",
        "住所": "千葉県成田市滑川1142",
        "指定緊急避難場所との住所同一": "1",
        "その他市町村長が必要と認める事項": "",
        "受入対象者": "",
        "備考": ""
      }
    },
    {
      "type": "Feature",
      "geometry": {
        "type": "Point",
        "coordinates": [
          140.342076,
          35.834242
        ]
      },
      "properties": {
        "NO": "995",
        "共通ID": "E1221100009111",
        "施設・場所名": "久住中学校（体育館）",
        "住所": "千葉県成田市久住中央2-1",
        "指定緊急避難場所との住所同一": "1",
        "その他市町村長が必要と認める事項": null,
        "受入対象者": null,
        "備考": ""
      }
    },
    {
      "type": "Feature",
      "geometry": {
        "type": "Point",
        "coordinates": [
          140.340391,
          35.836855
        ]
      },
      "properties": {
        "NO": "996",
        "共通ID": "E1221100010111",
        "施設・場所名": "久住小学校（体育館）",
        "住所": "千葉県成田市久住中央3-12-1",
        "指定緊急避難場所との住所同一": "1",
        "その他市町村長が必要と認める事項": null,
        "受入対象者": null,
        "備考": ""
      }
    },
    {
      "type": "Feature",
      "geometry": {
        "type": "Point",
        "coordinates": [
          140.290629,
          35.773308
        ]
      },
      "properties": {
        "NO": "997",
        "共通ID": "E1221100011111",
        "施設・場所名": "橋賀台小学校（体育館）",
        "住所": "千葉県成田市橋賀台3-4",
        "指定緊急避難場所との住所同一": "1",
        "その他市町村長が必要と認める事項": null,
        "受入対象者": null,
        "備考": ""
      }
    },
    {
      "type": "Feature",
      "geometry": {
        "type": "Point",
        "coordinates": [
          140.285907,
          35.792509
        ]
      },
      "properties": {
        "NO": "998",
        "共通ID": "E1221100012111",
        "施設・場所名": "玉造小学校（体育館）",
        "住所": "千葉県成田市玉造3-4",
        "指定緊急避難場所との住所同一": "1",
        "その他市町村長が必要と認める事項": null,
        "受入対象者": null,
        "備考": ""
      }
    },
    {
      "type": "Feature",
      "geometry": {
        "type": "Point",
        "coordinates": [
          140.286328,
          35.789971
        ]
      },
      "properties": {
        "NO": "999",
        "共通ID": "E1221100013111",
        "施設・場所名": "玉造中学校（体育館）",
        "住所": "千葉県成田市玉造3-7",
        "指定緊急避難場所との住所同一": "1",
        "その他市町村長が必要と認める事項": null,
        "受入対象者": null,
        "備考": ""
      }
    },
    {
      "type": "Feature",
      "geometry": {
        "type": "Point",
        "coordinates": [
          140.294192,
          35.795418
        ]
      },
      "properties": {
        "NO": "1000",
        "共通ID": "E1221100014111",
        "施設・場所名": "成田北高等学校（体育館）",
        "住所": "千葉県成田市玉造5-1",
        "指定緊急避難場所との住所同一": "1",
        "その他市町村長が必要と認める事項": null,
        "受入対象者": null,
        "備考": ""
      }
    },
    {
      "type": "Feature",
      "geometry": {
        "type": "Point",
        "coordinates": [
          140.292208,
          35.793548
        ]
      },
      "properties": {
        "NO": "1001",
        "共通ID": "E1221100015111",
        "施設・場所名": "神宮寺小学校（体育館）",
        "住所": "千葉県成田市玉造5-28",
        "指定緊急避難場所との住所同一": "1",
        "その他市町村長が必要と認める事項": null,
        "受入対象者": null,
        "備考": ""
      }
    },
    {
      "type": "Feature",
      "geometry": {
        "type": "Point",
        "coordinates": [
          140.28618,
          35.780143
        ]
      },
      "properties": {
        "NO": "1002",
        "共通ID": "E1221100016111",
        "施設・場所名": "吾妻中学校（体育館）",
        "住所": "千葉県成田市吾妻1-24",
        "指定緊急避難場所との住所同一": "1",
        "その他市町村長が必要と認める事項": null,
        "受入対象者": null,
        "備考": ""
      }
    },
    {
      "type": "Feature",
      "geometry": {
        "type": "Point",
        "coordinates": [
          140.285581,
          35.783162
        ]
      },
      "properties": {
        "NO": "1003",
        "共通ID": "E1221100017111",
        "施設・場所名": "吾妻小学校（体育館）",
        "住所": "千葉県成田市吾妻2-6",
        "指定緊急避難場所との住所同一": "1",
        "その他市町村長が必要と認める事項": null,
        "受入対象者": null,
        "備考": ""
      }
    },
    {
      "type": "Feature",
      "geometry": {
        "type": "Point",
        "coordinates": [
          140.293846,
          35.75629
        ]
      },
      "properties": {
        "NO": "1004",
        "共通ID": "E1221100018111",
        "施設・場所名": "公津の杜小学校（体育館）",
        "住所": "千葉県成田市公津の杜3-2",
        "指定緊急避難場所との住所同一": "1",
        "その他市町村長が必要と認める事項": null,
        "受入対象者": null,
        "備考": ""
      }
    },
    {
      "type": "Feature",
      "geometry": {
        "type": "Point",
        "coordinates": [
          140.286215,
          35.756669
        ]
      },
      "properties": {
        "NO": "1005",
        "共通ID": "E1221100019111",
        "施設・場所名": "公津の杜中学校（体育館）",
        "住所": "千葉県成田市公津の杜5-29",
        "指定緊急避難場所との住所同一": "1",
        "その他市町村長が必要と認める事項": "",
        "受入対象者": "",
        "備考": ""
      }
    },
    {
      "type": "Feature",
      "geometry": {
        "type": "Point",
        "coordinates": [
          140.31447,
          35.78276
        ]
      },
      "properties": {
        "NO": "1006",
        "共通ID": "E1221100020111",
        "施設・場所名": "成田小学校（体育館）",
        "住所": "千葉県成田市幸町948-1",
        "指定緊急避難場所との住所同一": "1",
        "その他市町村長が必要と認める事項": null,
        "受入対象者": null,
        "備考": ""
      }
    },
    {
      "type": "Feature",
      "geometry": {
        "type": "Point",
        "coordinates": [
          140.356001,
          35.874287
        ]
      },
      "properties": {
        "NO": "1007",
        "共通ID": "E1221100021111",
        "施設・場所名": "下総公民館",
        "住所": "千葉県成田市高岡1435",
        "指定緊急避難場所との住所同一": "1",
        "その他市町村長が必要と認める事項": "",
        "受入対象者": "",
        "備考": ""
      }
    },
    {
      "type": "Feature",
      "geometry": {
        "type": "Point",
        "coordinates": [
          140.451585,
          35.844462
        ]
      },
      "properties": {
        "NO": "1008",
        "共通ID": "E1221100022111",
        "施設・場所名": "桜田小学校（体育館）",
        "住所": "千葉県成田市桜田941",
        "指定緊急避難場所との住所同一": "1",
        "その他市町村長が必要と認める事項": "",
        "受入対象者": "",
        "備考": ""
      }
    },
    {
      "type": "Feature",
      "geometry": {
        "type": "Point",
        "coordinates": [
          140.355485,
          35.771109
        ]
      },
      "properties": {
        "NO": "1009",
        "共通ID": "E1221100024111",
        "施設・場所名": "遠山小学校（体育館）",
        "住所": "千葉県成田市小菅1411",
        "指定緊急避難場所との住所同一": "1",
        "その他市町村長が必要と認める事項": null,
        "受入対象者": null,
        "備考": ""
      }
    },
    {
      "type": "Feature",
      "geometry": {
        "type": "Point",
        "coordinates": [
          140.292251,
          35.804479
        ]
      },
      "properties": {
        "NO": "1010",
        "共通ID": "E1221100025111",
        "施設・場所名": "八生小学校（体育館）",
        "住所": "千葉県成田市松崎1468",
        "指定緊急避難場所との住所同一": "1",
        "その他市町村長が必要と認める事項": null,
        "受入対象者": null,
        "備考": ""
      }
    },
    {
      "type": "Feature",
      "geometry": {
        "type": "Point",
        "coordinates": [
          140.2854,
          35.810936
        ]
      },
      "properties": {
        "NO": "1011",
        "共通ID": "E1221100026111",
        "施設・場所名": "成田西陵高等学校（体育館）",
        "住所": "千葉県成田市松崎20",
        "指定緊急避難場所との住所同一": "1",
        "その他市町村長が必要と認める事項": null,
        "受入対象者": null,
        "備考": ""
      }
    },
    {
      "type": "Feature",
      "geometry": {
        "type": "Point",
        "coordinates": [
          140.41881,
          35.831771
        ]
      },
      "properties": {
        "NO": "1012",
        "共通ID": "E1221100027111",
        "施設・場所名": "大栄公民館",
        "住所": "千葉県成田市松子393",
        "指定緊急避難場所との住所同一": "1",
        "その他市町村長が必要と認める事項": "",
        "受入対象者": "",
        "備考": ""
      }
    },
    {
      "type": "Feature",
      "geometry": {
        "type": "Point",
        "coordinates": [
          140.322727,
          35.784553
        ]
      },
      "properties": {
        "NO": "1013",
        "共通ID": "E1221100028111",
        "施設・場所名": "成田高等学校（講堂兼体育館）",
        "住所": "千葉県成田市成田27",
        "指定緊急避難場所との住所同一": "1",
        "その他市町村長が必要と認める事項": null,
        "受入対象者": null,
        "備考": ""
      }
    },
    {
      "type": "Feature",
      "geometry": {
        "type": "Point",
        "coordinates": [
          140.329694,
          35.808739
        ]
      },
      "properties": {
        "NO": "1014",
        "共通ID": "E1221100029111",
        "施設・場所名": "中郷ふるさと交流館（体育館）",
        "住所": "千葉県成田市赤荻1574",
        "指定緊急避難場所との住所同一": "1",
        "その他市町村長が必要と認める事項": "",
        "受入対象者": "",
        "備考": ""
      }
    },
    {
      "type": "Feature",
      "geometry": {
        "type": "Point",
        "coordinates": [
          140.293196,
          35.779344
        ]
      },
      "properties": {
        "NO": "1015",
        "共通ID": "E1221100030111",
        "施設・場所名": "中央公民館",
        "住所": "千葉県成田市赤坂1-1-3",
        "指定緊急避難場所との住所同一": "1",
        "その他市町村長が必要と認める事項": null,
        "受入対象者": null,
        "備考": ""
      }
    },
    {
      "type": "Feature",
      "geometry": {
        "type": "Point",
        "coordinates": [
          140.26725,
          35.786278
        ]
      },
      "properties": {
        "NO": "1016",
        "共通ID": "E1221100031111",
        "施設・場所名": "印東体育館",
        "住所": "千葉県成田市船形186-2",
        "指定緊急避難場所との住所同一": "1",
        "その他市町村長が必要と認める事項": null,
        "受入対象者": null,
        "備考": ""
      }
    },
    {
      "type": "Feature",
      "geometry": {
        "type": "Point",
        "coordinates": [
          140.432711,
          35.801705
        ]
      },
      "properties": {
        "NO": "1017",
        "共通ID": "E1221100032111",
        "施設・場所名": "前林運動施設（体育館）",
        "住所": "千葉県成田市前林430",
        "指定緊急避難場所との住所同一": "1",
        "その他市町村長が必要と認める事項": "",
        "受入対象者": "",
        "備考": ""
      }
    },
    {
      "type": "Feature",
      "geometry": {
        "type": "Point",
        "coordinates": [
          140.406737,
          35.803197
        ]
      },
      "properties": {
        "NO": "1018",
        "共通ID": "E1221100033111",
        "施設・場所名": "川上小学校（体育館）",
        "住所": "千葉県成田市多良貝245-308",
        "指定緊急避難場所との住所同一": "1",
        "その他市町村長が必要と認める事項": "",
        "受入対象者": "",
        "備考": ""
      }
    },
    {
      "type": "Feature",
      "geometry": {
        "type": "Point",
        "coordinates": [
          140.282646,
          35.767086
        ]
      },
      "properties": {
        "NO": "1019",
        "共通ID": "E1221100034111",
        "施設・場所名": "公津小学校（体育館）",
        "住所": "千葉県成田市台方851",
        "指定緊急避難場所との住所同一": "1",
        "その他市町村長が必要と認める事項": null,
        "受入対象者": null,
        "備考": ""
      }
    },
    {
      "type": "Feature",
      "geometry": {
        "type": "Point",
        "coordinates": [
          140.355274,
          35.767069
        ]
      },
      "properties": {
        "NO": "1020",
        "共通ID": "E1221100036111",
        "施設・場所名": "遠山中学校（体育館）",
        "住所": "千葉県成田市大清水19",
        "指定緊急避難場所との住所同一": "1",
        "その他市町村長が必要と認める事項": null,
        "受入対象者": null,
        "備考": ""
      }
    },
    {
      "type": "Feature",
      "geometry": {
        "type": "Point",
        "coordinates": [
          140.362601,
          35.881
        ]
      },
      "properties": {
        "NO": "1021",
        "共通ID": "E1221100037111",
        "施設・場所名": "高岡運動施設（体育館）",
        "住所": "千葉県成田市大和田151",
        "指定緊急避難場所との住所同一": "1",
        "その他市町村長が必要と認める事項": "",
        "受入対象者": "",
        "備考": ""
      }
    },
    {
      "type": "Feature",
      "geometry": {
        "type": "Point",
        "coordinates": [
          140.291232,
          35.785079
        ]
      },
      "properties": {
        "NO": "1022",
        "共通ID": "E1221100038111",
        "施設・場所名": "中台小学校（体育館）",
        "住所": "千葉県成田市中台1-4",
        "指定緊急避難場所との住所同一": "1",
        "その他市町村長が必要と認める事項": null,
        "受入対象者": null,
        "備考": ""
      }
    },
    {
      "type": "Feature",
      "geometry": {
        "type": "Point",
        "coordinates": [
          140.300615,
          35.781812
        ]
      },
      "properties": {
        "NO": "1023",
        "共通ID": "E1221100039111",
        "施設・場所名": "向台小学校（体育館）",
        "住所": "千葉県成田市中台3-6",
        "指定緊急避難場所との住所同一": "1",
        "その他市町村長が必要と認める事項": null,
        "受入対象者": null,
        "備考": ""
      }
    },
    {
      "type": "Feature",
      "geometry": {
        "type": "Point",
        "coordinates": [
          140.297642,
          35.783195
        ]
      },
      "properties": {
        "NO": "1024",
        "共通ID": "E1221100040111",
        "施設・場所名": "中台中学校（体育館）",
        "住所": "千葉県成田市中台4-2",
        "指定緊急避難場所との住所同一": "1",
        "その他市町村長が必要と認める事項": null,
        "受入対象者": null,
        "備考": ""
      }
    },
    {
      "type": "Feature",
      "geometry": {
        "type": "Point",
        "coordinates": [
          140.307558,
          35.781316
        ]
      },
      "properties": {
        "NO": "1025",
        "共通ID": "E1221100041111",
        "施設・場所名": "重兵衛スポーツフィールド中台（体育館）",
        "住所": "千葉県成田市中台5-2",
        "指定緊急避難場所との住所同一": "1",
        "その他市町村長が必要と認める事項": "",
        "受入対象者": "",
        "備考": ""
      }
    },
    {
      "type": "Feature",
      "geometry": {
        "type": "Point",
        "coordinates": [
          140.413413,
          35.831139
        ]
      },
      "properties": {
        "NO": "1026",
        "共通ID": "E1221100042111",
        "施設・場所名": "津富浦小学校（体育館）",
        "住所": "千葉県成田市津富浦1093",
        "指定緊急避難場所との住所同一": "1",
        "その他市町村長が必要と認める事項": "",
        "受入対象者": "",
        "備考": ""
      }
    },
    {
      "type": "Feature",
      "geometry": {
        "type": "Point",
        "coordinates": [
          140.322158,
          35.790184
        ]
      },
      "properties": {
        "NO": "1027",
        "共通ID": "E1221100043111",
        "施設・場所名": "成田国際文化会館",
        "住所": "千葉県成田市土屋303",
        "指定緊急避難場所との住所同一": "1",
        "その他市町村長が必要と認める事項": null,
        "受入対象者": null,
        "備考": ""
      }
    },
    {
      "type": "Feature",
      "geometry": {
        "type": "Point",
        "coordinates": [
          140.314748,
          35.787832
        ]
      },
      "properties": {
        "NO": "1028",
        "共通ID": "E1221100044111",
        "施設・場所名": "成田中学校（体育館）",
        "住所": "千葉県成田市土屋928-1",
        "指定緊急避難場所との住所同一": "1",
        "その他市町村長が必要と認める事項": null,
        "受入対象者": null,
        "備考": ""
      }
    },
    {
      "type": "Feature",
      "geometry": {
        "type": "Point",
        "coordinates": [
          140.352406,
          35.835108
        ]
      },
      "properties": {
        "NO": "1029",
        "共通ID": "E1221100045111",
        "施設・場所名": "久住体育館",
        "住所": "千葉県成田市幡谷922-6",
        "指定緊急避難場所との住所同一": "1",
        "その他市町村長が必要と認める事項": "",
        "受入対象者": "",
        "備考": ""
      }
    },
    {
      "type": "Feature",
      "geometry": {
        "type": "Point",
        "coordinates": [
          140.299417,
          35.757737
        ]
      },
      "properties": {
        "NO": "1030",
        "共通ID": "E1221100046111",
        "施設・場所名": "平成小学校（体育館）",
        "住所": "千葉県成田市飯仲50-1",
        "指定緊急避難場所との住所同一": "1",
        "その他市町村長が必要と認める事項": null,
        "受入対象者": null,
        "備考": ""
      }
    },
    {
      "type": "Feature",
      "geometry": {
        "type": "Point",
        "coordinates": [
          140.307935,
          35.796418
        ]
      },
      "properties": {
        "NO": "1031",
        "共通ID": "E1221100047111",
        "施設・場所名": "美郷台小学校（体育館）",
        "住所": "千葉県成田市美郷台2-19-1",
        "指定緊急避難場所との住所同一": "1",
        "その他市町村長が必要と認める事項": null,
        "受入対象者": null,
        "備考": ""
      }
    },
    {
      "type": "Feature",
      "geometry": {
        "type": "Point",
        "coordinates": [
          140.295857,
          35.854168
        ]
      },
      "properties": {
        "NO": "1032",
        "共通ID": "E1221100048111",
        "施設・場所名": "豊住ふれあい健康館（体育館）",
        "住所": "千葉県成田市北羽鳥1975-3",
        "指定緊急避難場所との住所同一": "1",
        "その他市町村長が必要と認める事項": null,
        "受入対象者": null,
        "備考": ""
      }
    },
    {
      "type": "Feature",
      "geometry": {
        "type": "Point",
        "coordinates": [
          140.294165,
          35.852169
        ]
      },
      "properties": {
        "NO": "1033",
        "共通ID": "E1221100049111",
        "施設・場所名": "豊住小学校（体育館）",
        "住所": "千葉県成田市北羽鳥1985-2",
        "指定緊急避難場所との住所同一": "1",
        "その他市町村長が必要と認める事項": null,
        "受入対象者": null,
        "備考": ""
      }
    },
    {
      "type": "Feature",
      "geometry": {
        "type": "Point",
        "coordinates": [
          140.374363,
          35.799849
        ]
      },
      "properties": {
        "NO": "1034",
        "共通ID": "E1221100056111",
        "施設・場所名": "成田エアポート東雲パークゴルフ場（体育館）",
        "住所": "千葉県成田市堀之内392-4",
        "指定緊急避難場所との住所同一": "1",
        "その他市町村長が必要と認める事項": "",
        "受入対象者": "",
        "備考": ""
      }
    },
    {
      "type": "Feature",
      "geometry": {
        "type": "Point",
        "coordinates": [
          140.373426,
          35.752571
        ]
      },
      "properties": {
        "NO": "1035",
        "共通ID": "E1221100050111",
        "施設・場所名": "三里塚小学校（体育館）",
        "住所": "千葉県成田市本三里塚153-1",
        "指定緊急避難場所との住所同一": "1",
        "その他市町村長が必要と認める事項": null,
        "受入対象者": null,
        "備考": ""
      }
    },
    {
      "type": "Feature",
      "geometry": {
        "type": "Point",
        "coordinates": [
          140.365467,
          35.736196
        ]
      },
      "properties": {
        "NO": "1036",
        "共通ID": "E1221100051111",
        "施設・場所名": "本城小学校（体育館）",
        "住所": "千葉県成田市本城178-1",
        "指定緊急避難場所との住所同一": "1",
        "その他市町村長が必要と認める事項": null,
        "受入対象者": null,
        "備考": ""
      }
    },
    {
      "type": "Feature",
      "geometry": {
        "type": "Point",
        "coordinates": [
          140.363688,
          35.86302
        ]
      },
      "properties": {
        "NO": "1037",
        "共通ID": "E1221100053111",
        "施設・場所名": "下総みどり学園（体育館）",
        "住所": "千葉県成田市名古屋1214",
        "指定緊急避難場所との住所同一": "1",
        "その他市町村長が必要と認める事項": "",
        "受入対象者": "",
        "備考": ""
      }
    },
    {
      "type": "Feature",
      "geometry": {
        "type": "Point",
        "coordinates": [
          140.356324,
          35.859536
        ]
      },
      "properties": {
        "NO": "1038",
        "共通ID": "E1221100054111",
        "施設・場所名": "下総高等学校（体育館）",
        "住所": "千葉県成田市名古屋247",
        "指定緊急避難場所との住所同一": "1",
        "その他市町村長が必要と認める事項": null,
        "受入対象者": null,
        "備考": ""
      }
    },
    {
      "type": "Feature",
      "geometry": {
        "type": "Point",
        "coordinates": [
          140.088013,
          35.632606
        ]
      },
      "properties": {
        "NO": "1039",
        "共通ID": "E1210000001111",
        "施設・場所名": "稲丘小学校",
        "住所": "千葉県千葉市稲毛区稲丘町19-30",
        "指定緊急避難場所との住所同一": "1",
        "その他市町村長が必要と認める事項": null,
        "受入対象者": null,
        "備考": ""
      }
    },
    {
      "type": "Feature",
      "geometry": {
        "type": "Point",
        "coordinates": [
          140.08339,
          35.636562
        ]
      },
      "properties": {
        "NO": "1040",
        "共通ID": "E1210000003111",
        "施設・場所名": "稲毛公民館",
        "住所": "千葉県千葉市稲毛区稲毛1-10-17",
        "指定緊急避難場所との住所同一": "1",
        "その他市町村長が必要と認める事項": null,
        "受入対象者": null,
        "備考": ""
      }
    },
    {
      "type": "Feature",
      "geometry": {
        "type": "Point",
        "coordinates": [
          140.0821,
          35.643927
        ]
      },
      "properties": {
        "NO": "1041",
        "共通ID": "E1210000004111",
        "施設・場所名": "稲毛中学校",
        "住所": "千葉県千葉市稲毛区稲毛町5-120",
        "指定緊急避難場所との住所同一": "1",
        "その他市町村長が必要と認める事項": null,
        "受入対象者": null,
        "備考": ""
      }
    },
    {
      "type": "Feature",
      "geometry": {
        "type": "Point",
        "coordinates": [
          140.08292,
          35.64062
        ]
      },
      "properties": {
        "NO": "1042",
        "共通ID": "E1210000005111",
        "施設・場所名": "稲毛小学校",
        "住所": "千葉県千葉市稲毛区稲毛町5-534-5",
        "指定緊急避難場所との住所同一": "1",
        "その他市町村長が必要と認める事項": null,
        "受入対象者": null,
        "備考": ""
      }
    },
    {
      "type": "Feature",
      "geometry": {
        "type": "Point",
        "coordinates": [
          140.125533,
          35.65317
        ]
      },
      "properties": {
        "NO": "1043",
        "共通ID": "E1210000007111",
        "施設・場所名": "草野小学校",
        "住所": "千葉県千葉市稲毛区園生町1385",
        "指定緊急避難場所との住所同一": "1",
        "その他市町村長が必要と認める事項": null,
        "受入対象者": null,
        "備考": ""
      }
    },
    {
      "type": "Feature",
      "geometry": {
        "type": "Point",
        "coordinates": [
          140.127453,
          35.652474
        ]
      },
      "properties": {
        "NO": "1044",
        "共通ID": "E1210000008111",
        "施設・場所名": "草野中学校",
        "住所": "千葉県千葉市稲毛区園生町1397",
        "指定緊急避難場所との住所同一": "1",
        "その他市町村長が必要と認める事項": null,
        "受入対象者": null,
        "備考": ""
      }
    },
    {
      "type": "Feature",
      "geometry": {
        "type": "Point",
        "coordinates": [
          140.119792,
          35.654072
        ]
      },
      "properties": {
        "NO": "1045",
        "共通ID": "E1210000009111",
        "施設・場所名": "草野公民館",
        "住所": "千葉県千葉市稲毛区園生町384-93",
        "指定緊急避難場所との住所同一": "1",
        "その他市町村長が必要と認める事項": null,
        "受入対象者": null,
        "備考": ""
      }
    },
    {
      "type": "Feature",
      "geometry": {
        "type": "Point",
        "coordinates": [
          140.115721,
          35.646871
        ]
      },
      "properties": {
        "NO": "1046",
        "共通ID": "E1210000010111",
        "施設・場所名": "あやめ台小学校",
        "住所": "千葉県千葉市稲毛区園生町446-1",
        "指定緊急避難場所との住所同一": "1",
        "その他市町村長が必要と認める事項": null,
        "受入対象者": null,
        "備考": ""
      }
    },
    {
      "type": "Feature",
      "geometry": {
        "type": "Point",
        "coordinates": [
          140.10734,
          35.648613
        ]
      },
      "properties": {
        "NO": "1047",
        "共通ID": "E1210000011111",
        "施設・場所名": "柏台小学校",
        "住所": "千葉県千葉市稲毛区園生町588",
        "指定緊急避難場所との住所同一": "1",
        "その他市町村長が必要と認める事項": null,
        "受入対象者": null,
        "備考": ""
      }
    },
    {
      "type": "Feature",
      "geometry": {
        "type": "Point",
        "coordinates": [
          140.107228,
          35.657817
        ]
      },
      "properties": {
        "NO": "1048",
        "共通ID": "E1210000012111",
        "施設・場所名": "緑が丘公民館",
        "住所": "千葉県千葉市稲毛区宮野木町1807-3",
        "指定緊急避難場所との住所同一": "1",
        "その他市町村長が必要と認める事項": null,
        "受入対象者": null,
        "備考": ""
      }
    },
    {
      "type": "Feature",
      "geometry": {
        "type": "Point",
        "coordinates": [
          140.109734,
          35.658964
        ]
      },
      "properties": {
        "NO": "1049",
        "共通ID": "E1210000013111",
        "施設・場所名": "宮野木小学校",
        "住所": "千葉県千葉市稲毛区宮野木町2100",
        "指定緊急避難場所との住所同一": "1",
        "その他市町村長が必要と認める事項": null,
        "受入対象者": null,
        "備考": ""
      }
    },
    {
      "type": "Feature",
      "geometry": {
        "type": "Point",
        "coordinates": [
          140.105819,
          35.66299
        ]
      },
      "properties": {
        "NO": "1050",
        "共通ID": "E1210000014111",
        "施設・場所名": "宮野木スポーツセンター体育館",
        "住所": "千葉県千葉市稲毛区宮野木町2150-4",
        "指定緊急避難場所との住所同一": "1",
        "その他市町村長が必要と認める事項": null,
        "受入対象者": null,
        "備考": ""
      }
    },
    {
      "type": "Feature",
      "geometry": {
        "type": "Point",
        "coordinates": [
          140.105287,
          35.638143
        ]
      },
      "properties": {
        "NO": "1051",
        "共通ID": "E1210000015111",
        "施設・場所名": "県立京葉工業高等学校",
        "住所": "千葉県千葉市稲毛区穴川4-11-32",
        "指定緊急避難場所との住所同一": "1",
        "その他市町村長が必要と認める事項": null,
        "受入対象者": null,
        "備考": ""
      }
    },
    {
      "type": "Feature",
      "geometry": {
        "type": "Point",
        "coordinates": [
          140.106468,
          35.63627
        ]
      },
      "properties": {
        "NO": "1052",
        "共通ID": "E1210000016111",
        "施設・場所名": "穴川コミュニティセンター",
        "住所": "千葉県千葉市稲毛区穴川4-12-3",
        "指定緊急避難場所との住所同一": "1",
        "その他市町村長が必要と認める事項": null,
        "受入対象者": null,
        "備考": ""
      }
    },
    {
      "type": "Feature",
      "geometry": {
        "type": "Point",
        "coordinates": [
          140.109721,
          35.624684
        ]
      },
      "properties": {
        "NO": "1053",
        "共通ID": "E1210000017111",
        "施設・場所名": "轟公民館",
        "住所": "千葉県千葉市稲毛区轟町1-12-3",
        "指定緊急避難場所との住所同一": "1",
        "その他市町村長が必要と認める事項": null,
        "受入対象者": null,
        "備考": ""
      }
    },
    {
      "type": "Feature",
      "geometry": {
        "type": "Point",
        "coordinates": [
          140.111161,
          35.625768
        ]
      },
      "properties": {
        "NO": "1054",
        "共通ID": "E1210000018111",
        "施設・場所名": "県立千葉東高等学校",
        "住所": "千葉県千葉市稲毛区轟町1-18-52",
        "指定緊急避難場所との住所同一": "1",
        "その他市町村長が必要と認める事項": null,
        "受入対象者": null,
        "備考": ""
      }
    },
    {
      "type": "Feature",
      "geometry": {
        "type": "Point",
        "coordinates": [
          140.108309,
          35.630306
        ]
      },
      "properties": {
        "NO": "1055",
        "共通ID": "E1210000019111",
        "施設・場所名": "轟町小学校",
        "住所": "千葉県千葉市稲毛区轟町3-4-30",
        "指定緊急避難場所との住所同一": "1",
        "その他市町村長が必要と認める事項": null,
        "受入対象者": null,
        "備考": ""
      }
    },
    {
      "type": "Feature",
      "geometry": {
        "type": "Point",
        "coordinates": [
          140.108064,
          35.631176
        ]
      },
      "properties": {
        "NO": "1056",
        "共通ID": "E1210000020111",
        "施設・場所名": "轟町中学校",
        "住所": "千葉県千葉市稲毛区轟町3-5-14",
        "指定緊急避難場所との住所同一": "1",
        "その他市町村長が必要と認める事項": null,
        "受入対象者": null,
        "備考": ""
      }
    },
    {
      "type": "Feature",
      "geometry": {
        "type": "Point",
        "coordinates": [
          140.109383,
          35.631506
        ]
      },
      "properties": {
        "NO": "1057",
        "共通ID": "E1210000021111",
        "施設・場所名": "市立第二特別支援学校",
        "住所": "千葉県千葉市稲毛区轟町3-6-25",
        "指定緊急避難場所との住所同一": "1",
        "その他市町村長が必要と認める事項": "",
        "受入対象者": "",
        "備考": ""
      }
    },
    {
      "type": "Feature",
      "geometry": {
        "type": "Point",
        "coordinates": [
          140.093987,
          35.626439
        ]
      },
      "properties": {
        "NO": "1058",
        "共通ID": "E1210000022111",
        "施設・場所名": "黒砂公民館",
        "住所": "千葉県千葉市稲毛区黒砂2-4-18",
        "指定緊急避難場所との住所同一": "1",
        "その他市町村長が必要と認める事項": null,
        "受入対象者": null,
        "備考": ""
      }
    },
    {
      "type": "Feature",
      "geometry": {
        "type": "Point",
        "coordinates": [
          140.117697,
          35.625484
        ]
      },
      "properties": {
        "NO": "1059",
        "共通ID": "E1210000024111",
        "施設・場所名": "都賀公民館",
        "住所": "千葉県千葉市稲毛区作草部2-8-53",
        "指定緊急避難場所との住所同一": "1",
        "その他市町村長が必要と認める事項": null,
        "受入対象者": null,
        "備考": ""
      }
    },
    {
      "type": "Feature",
      "geometry": {
        "type": "Point",
        "coordinates": [
          140.122988,
          35.631669
        ]
      },
      "properties": {
        "NO": "1060",
        "共通ID": "E1210000025111",
        "施設・場所名": "千草台東小学校",
        "住所": "千葉県千葉市稲毛区作草部町1298-1",
        "指定緊急避難場所との住所同一": "1",
        "その他市町村長が必要と認める事項": null,
        "受入対象者": null,
        "備考": ""
      }
    },
    {
      "type": "Feature",
      "geometry": {
        "type": "Point",
        "coordinates": [
          140.123101,
          35.631022
        ]
      },
      "properties": {
        "NO": "1061",
        "共通ID": "E1210000026111",
        "施設・場所名": "都賀中学校",
        "住所": "千葉県千葉市稲毛区作草部町1306-1",
        "指定緊急避難場所との住所同一": "1",
        "その他市町村長が必要と認める事項": null,
        "受入対象者": null,
        "備考": ""
      }
    },
    {
      "type": "Feature",
      "geometry": {
        "type": "Point",
        "coordinates": [
          140.120068,
          35.629152
        ]
      },
      "properties": {
        "NO": "1062",
        "共通ID": "E1210000027111",
        "施設・場所名": "都賀小学校",
        "住所": "千葉県千葉市稲毛区作草部町938",
        "指定緊急避難場所との住所同一": "1",
        "その他市町村長が必要と認める事項": null,
        "受入対象者": null,
        "備考": ""
      }
    },
    {
      "type": "Feature",
      "geometry": {
        "type": "Point",
        "coordinates": [
          140.142685,
          35.665341
        ]
      },
      "properties": {
        "NO": "1063",
        "共通ID": "E1210000028111",
        "施設・場所名": "山王小学校",
        "住所": "千葉県千葉市稲毛区山王町121",
        "指定緊急避難場所との住所同一": "1",
        "その他市町村長が必要と認める事項": null,
        "受入対象者": null,
        "備考": ""
      }
    },
    {
      "type": "Feature",
      "geometry": {
        "type": "Point",
        "coordinates": [
          140.101221,
          35.641281
        ]
      },
      "properties": {
        "NO": "1064",
        "共通ID": "E1210000033111",
        "施設・場所名": "県立千葉女子高等学校",
        "住所": "千葉県千葉市稲毛区小仲台5-10-1",
        "指定緊急避難場所との住所同一": "1",
        "その他市町村長が必要と認める事項": "",
        "受入対象者": "",
        "備考": ""
      }
    },
    {
      "type": "Feature",
      "geometry": {
        "type": "Point",
        "coordinates": [
          140.099082,
          35.639361
        ]
      },
      "properties": {
        "NO": "1065",
        "共通ID": "E1210000034111",
        "施設・場所名": "小中台公民館",
        "住所": "千葉県千葉市稲毛区小仲台5-7-1",
        "指定緊急避難場所との住所同一": "1",
        "その他市町村長が必要と認める事項": null,
        "受入対象者": null,
        "備考": ""
      }
    },
    {
      "type": "Feature",
      "geometry": {
        "type": "Point",
        "coordinates": [
          140.095854,
          35.639676
        ]
      },
      "properties": {
        "NO": "1066",
        "共通ID": "E1210000035111",
        "施設・場所名": "小中台小学校",
        "住所": "千葉県千葉市稲毛区小仲台6-34-1",
        "指定緊急避難場所との住所同一": "1",
        "その他市町村長が必要と認める事項": null,
        "受入対象者": null,
        "備考": ""
      }
    },
    {
      "type": "Feature",
      "geometry": {
        "type": "Point",
        "coordinates": [
          140.089395,
          35.646589
        ]
      },
      "properties": {
        "NO": "1067",
        "共通ID": "E1210000036111",
        "施設・場所名": "小中台南小学校",
        "住所": "千葉県千葉市稲毛区小仲台8-15-1",
        "指定緊急避難場所との住所同一": "1",
        "その他市町村長が必要と認める事項": null,
        "受入対象者": null,
        "備考": ""
      }
    },
    {
      "type": "Feature",
      "geometry": {
        "type": "Point",
        "coordinates": [
          140.097899,
          35.647279
        ]
      },
      "properties": {
        "NO": "1068",
        "共通ID": "E1210000037111",
        "施設・場所名": "園生小学校",
        "住所": "千葉県千葉市稲毛区小仲台9-30-1",
        "指定緊急避難場所との住所同一": "1",
        "その他市町村長が必要と認める事項": null,
        "受入対象者": null,
        "備考": ""
      }
    },
    {
      "type": "Feature",
      "geometry": {
        "type": "Point",
        "coordinates": [
          140.099461,
          35.644048
        ]
      },
      "properties": {
        "NO": "1069",
        "共通ID": "E1210000038111",
        "施設・場所名": "市立千葉高等学校",
        "住所": "千葉県千葉市稲毛区小仲台9-46-1",
        "指定緊急避難場所との住所同一": "1",
        "その他市町村長が必要と認める事項": null,
        "受入対象者": null,
        "備考": ""
      }
    },
    {
      "type": "Feature",
      "geometry": {
        "type": "Point",
        "coordinates": [
          140.099422,
          35.645896
        ]
      },
      "properties": {
        "NO": "1070",
        "共通ID": "E1210000039111",
        "施設・場所名": "小中台中学校",
        "住所": "千葉県千葉市稲毛区小仲台9-46-2",
        "指定緊急避難場所との住所同一": "1",
        "その他市町村長が必要と認める事項": null,
        "受入対象者": null,
        "備考": ""
      }
    },
    {
      "type": "Feature",
      "geometry": {
        "type": "Point",
        "coordinates": [
          140.117923,
          35.636797
        ]
      },
      "properties": {
        "NO": "1071",
        "共通ID": "E1210000040111",
        "施設・場所名": "千草台中学校",
        "住所": "千葉県千葉市稲毛区千草台2-3-1",
        "指定緊急避難場所との住所同一": "1",
        "その他市町村長が必要と認める事項": null,
        "受入対象者": null,
        "備考": ""
      }
    },
    {
      "type": "Feature",
      "geometry": {
        "type": "Point",
        "coordinates": [
          140.129942,
          35.668396
        ]
      },
      "properties": {
        "NO": "1072",
        "共通ID": "E1210000041111",
        "施設・場所名": "長沼原勤労市民プラザ",
        "住所": "千葉県千葉市稲毛区長沼原町304-1",
        "指定緊急避難場所との住所同一": "1",
        "その他市町村長が必要と認める事項": null,
        "受入対象者": null,
        "備考": ""
      }
    },
    {
      "type": "Feature",
      "geometry": {
        "type": "Point",
        "coordinates": [
          140.113685,
          35.662191
        ]
      },
      "properties": {
        "NO": "1073",
        "共通ID": "E1210000043111",
        "施設・場所名": "県立千葉北高等学校",
        "住所": "千葉県千葉市稲毛区長沼町153",
        "指定緊急避難場所との住所同一": "1",
        "その他市町村長が必要と認める事項": null,
        "受入対象者": null,
        "備考": ""
      }
    },
    {
      "type": "Feature",
      "geometry": {
        "type": "Point",
        "coordinates": [
          140.126171,
          35.663381
        ]
      },
      "properties": {
        "NO": "1074",
        "共通ID": "E1210000045111",
        "施設・場所名": "長沼コミュニティセンター",
        "住所": "千葉県千葉市稲毛区長沼町461-8",
        "指定緊急避難場所との住所同一": "1",
        "その他市町村長が必要と認める事項": null,
        "受入対象者": null,
        "備考": ""
      }
    },
    {
      "type": "Feature",
      "geometry": {
        "type": "Point",
        "coordinates": [
          140.1168,
          35.633774
        ]
      },
      "properties": {
        "NO": "1075",
        "共通ID": "E1210000046111",
        "施設・場所名": "千草台公民館",
        "住所": "千葉県千葉市稲毛区天台3-16-5",
        "指定緊急避難場所との住所同一": "1",
        "その他市町村長が必要と認める事項": null,
        "受入対象者": null,
        "備考": ""
      }
    },
    {
      "type": "Feature",
      "geometry": {
        "type": "Point",
        "coordinates": [
          140.116007,
          35.638225
        ]
      },
      "properties": {
        "NO": "1076",
        "共通ID": "E1210000047111",
        "施設・場所名": "千草台小学校",
        "住所": "千葉県千葉市稲毛区天台5-11-1",
        "指定緊急避難場所との住所同一": "1",
        "その他市町村長が必要と認める事項": null,
        "受入対象者": null,
        "備考": ""
      }
    },
    {
      "type": "Feature",
      "geometry": {
        "type": "Point",
        "coordinates": [
          140.101136,
          35.625803
        ]
      },
      "properties": {
        "NO": "1077",
        "共通ID": "E1210000050111",
        "施設・場所名": "弥生小学校",
        "住所": "千葉県千葉市稲毛区弥生町3-18",
        "指定緊急避難場所との住所同一": "1",
        "その他市町村長が必要と認める事項": null,
        "受入対象者": null,
        "備考": ""
      }
    },
    {
      "type": "Feature",
      "geometry": {
        "type": "Point",
        "coordinates": [
          140.097753,
          35.623442
        ]
      },
      "properties": {
        "NO": "1078",
        "共通ID": "E1210000051111",
        "施設・場所名": "緑町小学校",
        "住所": "千葉県千葉市稲毛区緑町2-13-1",
        "指定緊急避難場所との住所同一": "1",
        "その他市町村長が必要と認める事項": null,
        "受入対象者": null,
        "備考": ""
      }
    },
    {
      "type": "Feature",
      "geometry": {
        "type": "Point",
        "coordinates": [
          140.09687,
          35.622432
        ]
      },
      "properties": {
        "NO": "1079",
        "共通ID": "E1210000052111",
        "施設・場所名": "緑町中学校",
        "住所": "千葉県千葉市稲毛区緑町2-3-1",
        "指定緊急避難場所との住所同一": "1",
        "その他市町村長が必要と認める事項": null,
        "受入対象者": null,
        "備考": ""
      }
    },
    {
      "type": "Feature",
      "geometry": {
        "type": "Point",
        "coordinates": [
          140.145563,
          35.657531
        ]
      },
      "properties": {
        "NO": "1080",
        "共通ID": "E1210000053111",
        "施設・場所名": "山王公民館",
        "住所": "千葉県千葉市稲毛区六方町55-29",
        "指定緊急避難場所との住所同一": "1",
        "その他市町村長が必要と認める事項": null,
        "受入対象者": null,
        "備考": ""
      }
    },
    {
      "type": "Feature",
      "geometry": {
        "type": "Point",
        "coordinates": [
          140.122574,
          35.687879
        ]
      },
      "properties": {
        "NO": "1081",
        "共通ID": "E1210000054111",
        "施設・場所名": "こてはし台小学校",
        "住所": "千葉県千葉市花見川区こてはし台2-28-1",
        "指定緊急避難場所との住所同一": "1",
        "その他市町村長が必要と認める事項": null,
        "受入対象者": null,
        "備考": ""
      }
    },
    {
      "type": "Feature",
      "geometry": {
        "type": "Point",
        "coordinates": [
          140.11922,
          35.691687
        ]
      },
      "properties": {
        "NO": "1082",
        "共通ID": "E1210000056111",
        "施設・場所名": "こてはし台中学校",
        "住所": "千葉県千葉市花見川区こてはし台5-15-1",
        "指定緊急避難場所との住所同一": "1",
        "その他市町村長が必要と認める事項": null,
        "受入対象者": null,
        "備考": ""
      }
    },
    {
      "type": "Feature",
      "geometry": {
        "type": "Point",
        "coordinates": [
          140.120026,
          35.689219
        ]
      },
      "properties": {
        "NO": "1083",
        "共通ID": "E1210000363111",
        "施設・場所名": "こてはし台公民館",
        "住所": "千葉県千葉市花見川区こてはし台5-9-7",
        "指定緊急避難場所との住所同一": "1",
        "その他市町村長が必要と認める事項": "",
        "受入対象者": "",
        "備考": ""
      }
    },
    {
      "type": "Feature",
      "geometry": {
        "type": "Point",
        "coordinates": [
          140.096923,
          35.665081
        ]
      },
      "properties": {
        "NO": "1084",
        "共通ID": "E1210000058111",
        "施設・場所名": "さつきが丘公民館",
        "住所": "千葉県千葉市花見川区さつきが丘1-32-4",
        "指定緊急避難場所との住所同一": "1",
        "その他市町村長が必要と認める事項": null,
        "受入対象者": null,
        "備考": ""
      }
    },
    {
      "type": "Feature",
      "geometry": {
        "type": "Point",
        "coordinates": [
          140.099185,
          35.663923
        ]
      },
      "properties": {
        "NO": "1085",
        "共通ID": "E1210000059111",
        "施設・場所名": "さつきが丘東小学校",
        "住所": "千葉県千葉市花見川区さつきが丘1-7",
        "指定緊急避難場所との住所同一": "1",
        "その他市町村長が必要と認める事項": null,
        "受入対象者": null,
        "備考": ""
      }
    },
    {
      "type": "Feature",
      "geometry": {
        "type": "Point",
        "coordinates": [
          140.091189,
          35.667513
        ]
      },
      "properties": {
        "NO": "1086",
        "共通ID": "E1210000060111",
        "施設・場所名": "さつきが丘西小学校",
        "住所": "千葉県千葉市花見川区さつきが丘2-14",
        "指定緊急避難場所との住所同一": "1",
        "その他市町村長が必要と認める事項": null,
        "受入対象者": null,
        "備考": ""
      }
    },
    {
      "type": "Feature",
      "geometry": {
        "type": "Point",
        "coordinates": [
          140.091346,
          35.668038
        ]
      },
      "properties": {
        "NO": "1087",
        "共通ID": "E1210000061111",
        "施設・場所名": "さつきが丘中学校",
        "住所": "千葉県千葉市花見川区さつきが丘2-15",
        "指定緊急避難場所との住所同一": "1",
        "その他市町村長が必要と認める事項": null,
        "受入対象者": null,
        "備考": ""
      }
    },
    {
      "type": "Feature",
      "geometry": {
        "type": "Point",
        "coordinates": [
          140.120359,
          35.696165
        ]
      },
      "properties": {
        "NO": "1088",
        "共通ID": "E1210000064111",
        "施設・場所名": "横戸小学校",
        "住所": "千葉県千葉市花見川区横戸町1005",
        "指定緊急避難場所との住所同一": "1",
        "その他市町村長が必要と認める事項": null,
        "受入対象者": null,
        "備考": ""
      }
    },
    {
      "type": "Feature",
      "geometry": {
        "type": "Point",
        "coordinates": [
          140.069651,
          35.657782
        ]
      },
      "properties": {
        "NO": "1089",
        "共通ID": "E1210000066111",
        "施設・場所名": "花園公民館",
        "住所": "千葉県千葉市花見川区花園3-12-8",
        "指定緊急避難場所との住所同一": "1",
        "その他市町村長が必要と認める事項": null,
        "受入対象者": null,
        "備考": ""
      }
    },
    {
      "type": "Feature",
      "geometry": {
        "type": "Point",
        "coordinates": [
          140.074047,
          35.655299
        ]
      },
      "properties": {
        "NO": "1090",
        "共通ID": "E1210000067111",
        "施設・場所名": "花園中学校",
        "住所": "千葉県千葉市花見川区花園4-1-1",
        "指定緊急避難場所との住所同一": "1",
        "その他市町村長が必要と認める事項": null,
        "受入対象者": null,
        "備考": ""
      }
    },
    {
      "type": "Feature",
      "geometry": {
        "type": "Point",
        "coordinates": [
          140.073887,
          35.656337
        ]
      },
      "properties": {
        "NO": "1091",
        "共通ID": "E1210000068111",
        "施設・場所名": "花園小学校",
        "住所": "千葉県千葉市花見川区花園4-1-2",
        "指定緊急避難場所との住所同一": "1",
        "その他市町村長が必要と認める事項": null,
        "受入対象者": null,
        "備考": ""
      }
    },
    {
      "type": "Feature",
      "geometry": {
        "type": "Point",
        "coordinates": [
          140.088844,
          35.685277
        ]
      },
      "properties": {
        "NO": "1092",
        "共通ID": "E1210000069111",
        "施設・場所名": "旧花見川第三小学校（跡施設）",
        "住所": "千葉県千葉市花見川区花見川1-1",
        "指定緊急避難場所との住所同一": "1",
        "その他市町村長が必要と認める事項": "",
        "受入対象者": "",
        "備考": ""
      }
    },
    {
      "type": "Feature",
      "geometry": {
        "type": "Point",
        "coordinates": [
          140.097846,
          35.694152
        ]
      },
      "properties": {
        "NO": "1093",
        "共通ID": "E1210000070111",
        "施設・場所名": "花見川小学校",
        "住所": "千葉県千葉市花見川区花見川4-1",
        "指定緊急避難場所との住所同一": "1",
        "その他市町村長が必要と認める事項": null,
        "受入対象者": null,
        "備考": ""
      }
    },
    {
      "type": "Feature",
      "geometry": {
        "type": "Point",
        "coordinates": [
          140.101329,
          35.688791
        ]
      },
      "properties": {
        "NO": "1094",
        "共通ID": "E1210000071111",
        "施設・場所名": "旧花見川第二小学校（跡施設）",
        "住所": "千葉県千葉市花見川区花見川6-1",
        "指定緊急避難場所との住所同一": "1",
        "その他市町村長が必要と認める事項": "",
        "受入対象者": "",
        "備考": ""
      }
    },
    {
      "type": "Feature",
      "geometry": {
        "type": "Point",
        "coordinates": [
          140.102719,
          35.689048
        ]
      },
      "properties": {
        "NO": "1095",
        "共通ID": "E1210000073111",
        "施設・場所名": "花見川中学校",
        "住所": "千葉県千葉市花見川区花見川6-2",
        "指定緊急避難場所との住所同一": "1",
        "その他市町村長が必要と認める事項": null,
        "受入対象者": null,
        "備考": ""
      }
    },
    {
      "type": "Feature",
      "geometry": {
        "type": "Point",
        "coordinates": [
          140.094928,
          35.683631
        ]
      },
      "properties": {
        "NO": "1096",
        "共通ID": "E1210000074111",
        "施設・場所名": "花島小学校",
        "住所": "千葉県千葉市花見川区花見川8-1",
        "指定緊急避難場所との住所同一": "1",
        "その他市町村長が必要と認める事項": "",
        "受入対象者": "",
        "備考": ""
      }
    },
    {
      "type": "Feature",
      "geometry": {
        "type": "Point",
        "coordinates": [
          140.096891,
          35.681497
        ]
      },
      "properties": {
        "NO": "1097",
        "共通ID": "E1210000075111",
        "施設・場所名": "花島コミュニティセンター",
        "住所": "千葉県千葉市花見川区花島町308",
        "指定緊急避難場所との住所同一": "1",
        "その他市町村長が必要と認める事項": "",
        "受入対象者": "",
        "備考": ""
      }
    },
    {
      "type": "Feature",
      "geometry": {
        "type": "Point",
        "coordinates": [
          140.068613,
          35.648881
        ]
      },
      "properties": {
        "NO": "1098",
        "共通ID": "E1210000077111",
        "施設・場所名": "検見川小学校",
        "住所": "千葉県千葉市花見川区検見川町3-322-23",
        "指定緊急避難場所との住所同一": "1",
        "その他市町村長が必要と認める事項": null,
        "受入対象者": null,
        "備考": ""
      }
    },
    {
      "type": "Feature",
      "geometry": {
        "type": "Point",
        "coordinates": [
          140.067343,
          35.649268
        ]
      },
      "properties": {
        "NO": "1099",
        "共通ID": "E1210000078111",
        "施設・場所名": "検見川公民館",
        "住所": "千葉県千葉市花見川区検見川町3-322-25",
        "指定緊急避難場所との住所同一": "1",
        "その他市町村長が必要と認める事項": null,
        "受入対象者": null,
        "備考": ""
      }
    },
    {
      "type": "Feature",
      "geometry": {
        "type": "Point",
        "coordinates": [
          140.084471,
          35.687734
        ]
      },
      "properties": {
        "NO": "1100",
        "共通ID": "E1210000079111",
        "施設・場所名": "作新小学校",
        "住所": "千葉県千葉市花見川区作新台7-2-1",
        "指定緊急避難場所との住所同一": "1",
        "その他市町村長が必要と認める事項": null,
        "受入対象者": null,
        "備考": ""
      }
    },
    {
      "type": "Feature",
      "geometry": {
        "type": "Point",
        "coordinates": [
          140.116991,
          35.677681
        ]
      },
      "properties": {
        "NO": "1101",
        "共通ID": "E1210000080111",
        "施設・場所名": "犢橋中学校",
        "住所": "千葉県千葉市花見川区三角町656-2",
        "指定緊急避難場所との住所同一": "1",
        "その他市町村長が必要と認める事項": null,
        "受入対象者": null,
        "備考": ""
      }
    },
    {
      "type": "Feature",
      "geometry": {
        "type": "Point",
        "coordinates": [
          140.069014,
          35.664124
        ]
      },
      "properties": {
        "NO": "1102",
        "共通ID": "E1210000081111",
        "施設・場所名": "瑞穂小学校",
        "住所": "千葉県千葉市花見川区瑞穂1-2",
        "指定緊急避難場所との住所同一": "1",
        "その他市町村長が必要と認める事項": null,
        "受入対象者": null,
        "備考": ""
      }
    },
    {
      "type": "Feature",
      "geometry": {
        "type": "Point",
        "coordinates": [
          140.086281,
          35.650972
        ]
      },
      "properties": {
        "NO": "1103",
        "共通ID": "E1210000082111",
        "施設・場所名": "西小中台小学校",
        "住所": "千葉県千葉市花見川区西小中台3-1",
        "指定緊急避難場所との住所同一": "1",
        "その他市町村長が必要と認める事項": null,
        "受入対象者": null,
        "備考": ""
      }
    },
    {
      "type": "Feature",
      "geometry": {
        "type": "Point",
        "coordinates": [
          140.120609,
          35.678105
        ]
      },
      "properties": {
        "NO": "1104",
        "共通ID": "E1210000084111",
        "施設・場所名": "県立犢橋高等学校",
        "住所": "千葉県千葉市花見川区千種町381-1",
        "指定緊急避難場所との住所同一": "1",
        "その他市町村長が必要と認める事項": null,
        "受入対象者": null,
        "備考": ""
      }
    },
    {
      "type": "Feature",
      "geometry": {
        "type": "Point",
        "coordinates": [
          140.08917,
          35.655571
        ]
      },
      "properties": {
        "NO": "1105",
        "共通ID": "E1210000085111",
        "施設・場所名": "朝日ヶ丘公民館",
        "住所": "千葉県千葉市花見川区朝日ケ丘1-1-30",
        "指定緊急避難場所との住所同一": "1",
        "その他市町村長が必要と認める事項": null,
        "受入対象者": null,
        "備考": ""
      }
    },
    {
      "type": "Feature",
      "geometry": {
        "type": "Point",
        "coordinates": [
          140.087576,
          35.656489
        ]
      },
      "properties": {
        "NO": "1106",
        "共通ID": "E1210000086111",
        "施設・場所名": "朝日ヶ丘中学校",
        "住所": "千葉県千葉市花見川区朝日ケ丘2-4-1",
        "指定緊急避難場所との住所同一": "1",
        "その他市町村長が必要と認める事項": null,
        "受入対象者": null,
        "備考": ""
      }
    },
    {
      "type": "Feature",
      "geometry": {
        "type": "Point",
        "coordinates": [
          140.085505,
          35.659229
        ]
      },
      "properties": {
        "NO": "1107",
        "共通ID": "E1210000087111",
        "施設・場所名": "朝日ヶ丘小学校",
        "住所": "千葉県千葉市花見川区朝日ケ丘2-6-1",
        "指定緊急避難場所との住所同一": "1",
        "その他市町村長が必要と認める事項": null,
        "受入対象者": null,
        "備考": ""
      }
    },
    {
      "type": "Feature",
      "geometry": {
        "type": "Point",
        "coordinates": [
          140.073743,
          35.684214
        ]
      },
      "properties": {
        "NO": "1108",
        "共通ID": "E1210000089111",
        "施設・場所名": "長作小学校",
        "住所": "千葉県千葉市花見川区長作町1273",
        "指定緊急避難場所との住所同一": "1",
        "その他市町村長が必要と認める事項": null,
        "受入対象者": null,
        "備考": ""
      }
    },
    {
      "type": "Feature",
      "geometry": {
        "type": "Point",
        "coordinates": [
          140.079025,
          35.680342
        ]
      },
      "properties": {
        "NO": "1109",
        "共通ID": "E1210000090111",
        "施設・場所名": "長作公民館",
        "住所": "千葉県千葉市花見川区長作町1722-1",
        "指定緊急避難場所との住所同一": "1",
        "その他市町村長が必要と認める事項": null,
        "受入対象者": null,
        "備考": ""
      }
    },
    {
      "type": "Feature",
      "geometry": {
        "type": "Point",
        "coordinates": [
          140.087113,
          35.681448
        ]
      },
      "properties": {
        "NO": "1110",
        "共通ID": "E1210000092111",
        "施設・場所名": "天戸中学校",
        "住所": "千葉県千葉市花見川区天戸町1429",
        "指定緊急避難場所との住所同一": "1",
        "その他市町村長が必要と認める事項": null,
        "受入対象者": null,
        "備考": ""
      }
    },
    {
      "type": "Feature",
      "geometry": {
        "type": "Point",
        "coordinates": [
          140.106365,
          35.708785
        ]
      },
      "properties": {
        "NO": "1111",
        "共通ID": "E1210000093111",
        "施設・場所名": "柏井小学校",
        "住所": "千葉県千葉市花見川区柏井4-48-1",
        "指定緊急避難場所との住所同一": "1",
        "その他市町村長が必要と認める事項": null,
        "受入対象者": null,
        "備考": ""
      }
    },
    {
      "type": "Feature",
      "geometry": {
        "type": "Point",
        "coordinates": [
          140.107457,
          35.698188
        ]
      },
      "properties": {
        "NO": "1112",
        "共通ID": "E1210000094111",
        "施設・場所名": "県立柏井高等学校",
        "住所": "千葉県千葉市花見川区柏井町1452",
        "指定緊急避難場所との住所同一": "1",
        "その他市町村長が必要と認める事項": "",
        "受入対象者": "",
        "備考": ""
      }
    },
    {
      "type": "Feature",
      "geometry": {
        "type": "Point",
        "coordinates": [
          140.099679,
          35.695591
        ]
      },
      "properties": {
        "NO": "1113",
        "共通ID": "E1210000095111",
        "施設・場所名": "花見川公民館",
        "住所": "千葉県千葉市花見川区柏井町1590-8",
        "指定緊急避難場所との住所同一": "1",
        "その他市町村長が必要と認める事項": null,
        "受入対象者": null,
        "備考": ""
      }
    },
    {
      "type": "Feature",
      "geometry": {
        "type": "Point",
        "coordinates": [
          140.079314,
          35.666976
        ]
      },
      "properties": {
        "NO": "1114",
        "共通ID": "E1210000097111",
        "施設・場所名": "畑コミュニティセンター",
        "住所": "千葉県千葉市花見川区畑町1336-2",
        "指定緊急避難場所との住所同一": "1",
        "その他市町村長が必要と認める事項": null,
        "受入対象者": null,
        "備考": ""
      }
    },
    {
      "type": "Feature",
      "geometry": {
        "type": "Point",
        "coordinates": [
          140.078677,
          35.665423
        ]
      },
      "properties": {
        "NO": "1115",
        "共通ID": "E1210000098111",
        "施設・場所名": "畑小学校",
        "住所": "千葉県千葉市花見川区畑町1385-1",
        "指定緊急避難場所との住所同一": "1",
        "その他市町村長が必要と認める事項": null,
        "受入対象者": null,
        "備考": ""
      }
    },
    {
      "type": "Feature",
      "geometry": {
        "type": "Point",
        "coordinates": [
          140.047183,
          35.657064
        ]
      },
      "properties": {
        "NO": "1116",
        "共通ID": "E1210000099111",
        "施設・場所名": "幕張南小学校",
        "住所": "千葉県千葉市花見川区幕張町3-7718",
        "指定緊急避難場所との住所同一": "1",
        "その他市町村長が必要と認める事項": null,
        "受入対象者": null,
        "備考": ""
      }
    },
    {
      "type": "Feature",
      "geometry": {
        "type": "Point",
        "coordinates": [
          140.047597,
          35.656515
        ]
      },
      "properties": {
        "NO": "1117",
        "共通ID": "E1210000101111",
        "施設・場所名": "幕張コミュニティセンター",
        "住所": "千葉県千葉市花見川区幕張町3-7730-4",
        "指定緊急避難場所との住所同一": "1",
        "その他市町村長が必要と認める事項": null,
        "受入対象者": null,
        "備考": ""
      }
    },
    {
      "type": "Feature",
      "geometry": {
        "type": "Point",
        "coordinates": [
          140.059058,
          35.662916
        ]
      },
      "properties": {
        "NO": "1118",
        "共通ID": "E1210000102111",
        "施設・場所名": "幕張中学校",
        "住所": "千葉県千葉市花見川区幕張町4-45",
        "指定緊急避難場所との住所同一": "1",
        "その他市町村長が必要と認める事項": null,
        "受入対象者": null,
        "備考": ""
      }
    },
    {
      "type": "Feature",
      "geometry": {
        "type": "Point",
        "coordinates": [
          140.055428,
          35.660265
        ]
      },
      "properties": {
        "NO": "1119",
        "共通ID": "E1210000103111",
        "施設・場所名": "幕張公民館",
        "住所": "千葉県千葉市花見川区幕張町4-602",
        "指定緊急避難場所との住所同一": "1",
        "その他市町村長が必要と認める事項": null,
        "受入対象者": null,
        "備考": ""
      }
    },
    {
      "type": "Feature",
      "geometry": {
        "type": "Point",
        "coordinates": [
          140.058071,
          35.665366
        ]
      },
      "properties": {
        "NO": "1120",
        "共通ID": "E1210000104111",
        "施設・場所名": "幕張東小学校",
        "住所": "千葉県千葉市花見川区幕張町4-681",
        "指定緊急避難場所との住所同一": "1",
        "その他市町村長が必要と認める事項": null,
        "受入対象者": null,
        "備考": ""
      }
    },
    {
      "type": "Feature",
      "geometry": {
        "type": "Point",
        "coordinates": [
          140.053739,
          35.661884
        ]
      },
      "properties": {
        "NO": "1121",
        "共通ID": "E1210000105111",
        "施設・場所名": "幕張小学校",
        "住所": "千葉県千葉市花見川区幕張町4-781",
        "指定緊急避難場所との住所同一": "1",
        "その他市町村長が必要と認める事項": null,
        "受入対象者": null,
        "備考": ""
      }
    },
    {
      "type": "Feature",
      "geometry": {
        "type": "Point",
        "coordinates": [
          140.03917,
          35.66819
        ]
      },
      "properties": {
        "NO": "1122",
        "共通ID": "E1210000106111",
        "施設・場所名": "幕張本郷公民館",
        "住所": "千葉県千葉市花見川区幕張本郷2-19-33",
        "指定緊急避難場所との住所同一": "1",
        "その他市町村長が必要と認める事項": null,
        "受入対象者": null,
        "備考": ""
      }
    },
    {
      "type": "Feature",
      "geometry": {
        "type": "Point",
        "coordinates": [
          140.04597,
          35.666154
        ]
      },
      "properties": {
        "NO": "1123",
        "共通ID": "E1210000108111",
        "施設・場所名": "西の谷小学校",
        "住所": "千葉県千葉市花見川区幕張本郷3-22-6",
        "指定緊急避難場所との住所同一": "1",
        "その他市町村長が必要と認める事項": null,
        "受入対象者": null,
        "備考": ""
      }
    },
    {
      "type": "Feature",
      "geometry": {
        "type": "Point",
        "coordinates": [
          140.050455,
          35.668121
        ]
      },
      "properties": {
        "NO": "1124",
        "共通ID": "E1210000109111",
        "施設・場所名": "上の台小学校",
        "住所": "千葉県千葉市花見川区幕張本郷4-8-1",
        "指定緊急避難場所との住所同一": "1",
        "その他市町村長が必要と認める事項": null,
        "受入対象者": null,
        "備考": ""
      }
    },
    {
      "type": "Feature",
      "geometry": {
        "type": "Point",
        "coordinates": [
          140.04763,
          35.671886
        ]
      },
      "properties": {
        "NO": "1125",
        "共通ID": "E1210000110111",
        "施設・場所名": "幕張本郷中学校",
        "住所": "千葉県千葉市花見川区幕張本郷5-18-1",
        "指定緊急避難場所との住所同一": "1",
        "その他市町村長が必要と認める事項": null,
        "受入対象者": null,
        "備考": ""
      }
    },
    {
      "type": "Feature",
      "geometry": {
        "type": "Point",
        "coordinates": [
          140.1136,
          35.66681
        ]
      },
      "properties": {
        "NO": "1126",
        "共通ID": "E1210000112111",
        "施設・場所名": "犢橋公民館",
        "住所": "千葉県千葉市花見川区犢橋町162-1",
        "指定緊急避難場所との住所同一": "1",
        "その他市町村長が必要と認める事項": null,
        "受入対象者": null,
        "備考": ""
      }
    },
    {
      "type": "Feature",
      "geometry": {
        "type": "Point",
        "coordinates": [
          140.111212,
          35.664324
        ]
      },
      "properties": {
        "NO": "1127",
        "共通ID": "E1210000113111",
        "施設・場所名": "緑が丘中学校",
        "住所": "千葉県千葉市花見川区犢橋町213-4",
        "指定緊急避難場所との住所同一": "1",
        "その他市町村長が必要と認める事項": null,
        "受入対象者": null,
        "備考": ""
      }
    },
    {
      "type": "Feature",
      "geometry": {
        "type": "Point",
        "coordinates": [
          140.108168,
          35.67297
        ]
      },
      "properties": {
        "NO": "1128",
        "共通ID": "E1210000114111",
        "施設・場所名": "犢橋小学校",
        "住所": "千葉県千葉市花見川区犢橋町774",
        "指定緊急避難場所との住所同一": "1",
        "その他市町村長が必要と認める事項": null,
        "受入対象者": null,
        "備考": ""
      }
    },
    {
      "type": "Feature",
      "geometry": {
        "type": "Point",
        "coordinates": [
          140.130816,
          35.634603
        ]
      },
      "properties": {
        "NO": "1129",
        "共通ID": "E1210000115111",
        "施設・場所名": "みつわ台南小学校",
        "住所": "千葉県千葉市若葉区みつわ台1-17-1",
        "指定緊急避難場所との住所同一": "1",
        "その他市町村長が必要と認める事項": null,
        "受入対象者": null,
        "備考": ""
      }
    },
    {
      "type": "Feature",
      "geometry": {
        "type": "Point",
        "coordinates": [
          140.13119,
          35.635307
        ]
      },
      "properties": {
        "NO": "1130",
        "共通ID": "E1210000118111",
        "施設・場所名": "みつわ台中学校",
        "住所": "千葉県千葉市若葉区みつわ台2-41-1",
        "指定緊急避難場所との住所同一": "1",
        "その他市町村長が必要と認める事項": null,
        "受入対象者": null,
        "備考": ""
      }
    },
    {
      "type": "Feature",
      "geometry": {
        "type": "Point",
        "coordinates": [
          140.135506,
          35.639241
        ]
      },
      "properties": {
        "NO": "1131",
        "共通ID": "E1210000119111",
        "施設・場所名": "みつわ台公民館",
        "住所": "千葉県千葉市若葉区みつわ台3-12-17",
        "指定緊急避難場所との住所同一": "1",
        "その他市町村長が必要と認める事項": null,
        "受入対象者": null,
        "備考": ""
      }
    },
    {
      "type": "Feature",
      "geometry": {
        "type": "Point",
        "coordinates": [
          140.13626,
          35.640936
        ]
      },
      "properties": {
        "NO": "1132",
        "共通ID": "E1210000121111",
        "施設・場所名": "みつわ台体育館",
        "住所": "千葉県千葉市若葉区みつわ台3-3-1",
        "指定緊急避難場所との住所同一": "1",
        "その他市町村長が必要と認める事項": null,
        "受入対象者": null,
        "備考": ""
      }
    },
    {
      "type": "Feature",
      "geometry": {
        "type": "Point",
        "coordinates": [
          140.137846,
          35.642034
        ]
      },
      "properties": {
        "NO": "1133",
        "共通ID": "E1210000122111",
        "施設・場所名": "みつわ台北小学校",
        "住所": "千葉県千葉市若葉区みつわ台3-5-1",
        "指定緊急避難場所との住所同一": "1",
        "その他市町村長が必要と認める事項": null,
        "受入対象者": null,
        "備考": ""
      }
    },
    {
      "type": "Feature",
      "geometry": {
        "type": "Point",
        "coordinates": [
          140.1689,
          35.614322
        ]
      },
      "properties": {
        "NO": "1134",
        "共通ID": "E1210000125111",
        "施設・場所名": "県立桜が丘特別支援学校",
        "住所": "千葉県千葉市若葉区加曽利町1538",
        "指定緊急避難場所との住所同一": "1",
        "その他市町村長が必要と認める事項": null,
        "受入対象者": null,
        "備考": ""
      }
    },
    {
      "type": "Feature",
      "geometry": {
        "type": "Point",
        "coordinates": [
          140.152058,
          35.612151
        ]
      },
      "properties": {
        "NO": "1135",
        "共通ID": "E1210000126111",
        "施設・場所名": "加曽利公民館",
        "住所": "千葉県千葉市若葉区加曽利町892-6",
        "指定緊急避難場所との住所同一": "1",
        "その他市町村長が必要と認める事項": null,
        "受入対象者": null,
        "備考": ""
      }
    },
    {
      "type": "Feature",
      "geometry": {
        "type": "Point",
        "coordinates": [
          140.157619,
          35.613952
        ]
      },
      "properties": {
        "NO": "1136",
        "共通ID": "E1210000127111",
        "施設・場所名": "加曽利中学校",
        "住所": "千葉県千葉市若葉区加曽利町961-5",
        "指定緊急避難場所との住所同一": "1",
        "その他市町村長が必要と認める事項": null,
        "受入対象者": null,
        "備考": ""
      }
    },
    {
      "type": "Feature",
      "geometry": {
        "type": "Point",
        "coordinates": [
          140.15347,
          35.624021
        ]
      },
      "properties": {
        "NO": "1137",
        "共通ID": "E1210000129111",
        "施設・場所名": "貝塚中学校",
        "住所": "千葉県千葉市若葉区貝塚1-7-1",
        "指定緊急避難場所との住所同一": "1",
        "その他市町村長が必要と認める事項": null,
        "受入対象者": null,
        "備考": ""
      }
    },
    {
      "type": "Feature",
      "geometry": {
        "type": "Point",
        "coordinates": [
          140.145034,
          35.628665
        ]
      },
      "properties": {
        "NO": "1138",
        "共通ID": "E1210000128111",
        "施設・場所名": "北貝塚小学校",
        "住所": "千葉県千葉市若葉区貝塚町1093",
        "指定緊急避難場所との住所同一": "1",
        "その他市町村長が必要と認める事項": null,
        "受入対象者": null,
        "備考": ""
      }
    },
    {
      "type": "Feature",
      "geometry": {
        "type": "Point",
        "coordinates": [
          140.13377,
          35.615433
        ]
      },
      "properties": {
        "NO": "1139",
        "共通ID": "E1210000130111",
        "施設・場所名": "千葉刑務所",
        "住所": "千葉県千葉市若葉区貝塚町192",
        "指定緊急避難場所との住所同一": "1",
        "その他市町村長が必要と認める事項": null,
        "受入対象者": null,
        "備考": ""
      }
    },
    {
      "type": "Feature",
      "geometry": {
        "type": "Point",
        "coordinates": [
          140.131757,
          35.648724
        ]
      },
      "properties": {
        "NO": "1140",
        "共通ID": "E1210000131111",
        "施設・場所名": "源小学校",
        "住所": "千葉県千葉市若葉区源町541-6",
        "指定緊急避難場所との住所同一": "1",
        "その他市町村長が必要と認める事項": null,
        "受入対象者": null,
        "備考": ""
      }
    },
    {
      "type": "Feature",
      "geometry": {
        "type": "Point",
        "coordinates": [
          140.228021,
          35.619293
        ]
      },
      "properties": {
        "NO": "1141",
        "共通ID": "E1210000133111",
        "施設・場所名": "更科小学校",
        "住所": "千葉県千葉市若葉区更科町2073",
        "指定緊急避難場所との住所同一": "1",
        "その他市町村長が必要と認める事項": null,
        "受入対象者": null,
        "備考": ""
      }
    },
    {
      "type": "Feature",
      "geometry": {
        "type": "Point",
        "coordinates": [
          140.226416,
          35.617657
        ]
      },
      "properties": {
        "NO": "1142",
        "共通ID": "E1210000134111",
        "施設・場所名": "更科中学校",
        "住所": "千葉県千葉市若葉区更科町2112",
        "指定緊急避難場所との住所同一": "1",
        "その他市町村長が必要と認める事項": null,
        "受入対象者": null,
        "備考": ""
      }
    },
    {
      "type": "Feature",
      "geometry": {
        "type": "Point",
        "coordinates": [
          140.227794,
          35.6178
        ]
      },
      "properties": {
        "NO": "1143",
        "共通ID": "E1210000135111",
        "施設・場所名": "更科公民館",
        "住所": "千葉県千葉市若葉区更科町2254-1",
        "指定緊急避難場所との住所同一": "1",
        "その他市町村長が必要と認める事項": null,
        "受入対象者": null,
        "備考": ""
      }
    },
    {
      "type": "Feature",
      "geometry": {
        "type": "Point",
        "coordinates": [
          140.210218,
          35.602155
        ]
      },
      "properties": {
        "NO": "1144",
        "共通ID": "E1210000136111",
        "施設・場所名": "県立泉高等学校",
        "住所": "千葉県千葉市若葉区高根町875-1",
        "指定緊急避難場所との住所同一": "1",
        "その他市町村長が必要と認める事項": null,
        "受入対象者": null,
        "備考": ""
      }
    },
    {
      "type": "Feature",
      "geometry": {
        "type": "Point",
        "coordinates": [
          140.18158,
          35.612023
        ]
      },
      "properties": {
        "NO": "1145",
        "共通ID": "E1210000137111",
        "施設・場所名": "坂月小学校",
        "住所": "千葉県千葉市若葉区坂月町298",
        "指定緊急避難場所との住所同一": "1",
        "その他市町村長が必要と認める事項": null,
        "受入対象者": null,
        "備考": ""
      }
    },
    {
      "type": "Feature",
      "geometry": {
        "type": "Point",
        "coordinates": [
          140.160381,
          35.622766
        ]
      },
      "properties": {
        "NO": "1146",
        "共通ID": "E1210000140111",
        "施設・場所名": "桜木公民館",
        "住所": "千葉県千葉市若葉区桜木3-17-29",
        "指定緊急避難場所との住所同一": "1",
        "その他市町村長が必要と認める事項": null,
        "受入対象者": null,
        "備考": ""
      }
    },
    {
      "type": "Feature",
      "geometry": {
        "type": "Point",
        "coordinates": [
          140.159517,
          35.621105
        ]
      },
      "properties": {
        "NO": "1147",
        "共通ID": "E1210000141111",
        "施設・場所名": "桜木小学校",
        "住所": "千葉県千葉市若葉区桜木3-26-1",
        "指定緊急避難場所との住所同一": "1",
        "その他市町村長が必要と認める事項": null,
        "受入対象者": null,
        "備考": ""
      }
    },
    {
      "type": "Feature",
      "geometry": {
        "type": "Point",
        "coordinates": [
          140.171906,
          35.649861
        ]
      },
      "properties": {
        "NO": "1148",
        "共通ID": "E1210000142111",
        "施設・場所名": "若松台小学校",
        "住所": "千葉県千葉市若葉区若松台2-25-1",
        "指定緊急避難場所との住所同一": "1",
        "その他市町村長が必要と認める事項": null,
        "受入対象者": null,
        "備考": ""
      }
    },
    {
      "type": "Feature",
      "geometry": {
        "type": "Point",
        "coordinates": [
          140.169846,
          35.635795
        ]
      },
      "properties": {
        "NO": "1149",
        "共通ID": "E1210000143111",
        "施設・場所名": "若松中学校",
        "住所": "千葉県千葉市若葉区若松町2106-2",
        "指定緊急避難場所との住所同一": "1",
        "その他市町村長が必要と認める事項": null,
        "受入対象者": null,
        "備考": ""
      }
    },
    {
      "type": "Feature",
      "geometry": {
        "type": "Point",
        "coordinates": [
          140.167547,
          35.635095
        ]
      },
      "properties": {
        "NO": "1150",
        "共通ID": "E1210000144111",
        "施設・場所名": "若松公民館",
        "住所": "千葉県千葉市若葉区若松町2117-2",
        "指定緊急避難場所との住所同一": "1",
        "その他市町村長が必要と認める事項": null,
        "受入対象者": null,
        "備考": ""
      }
    },
    {
      "type": "Feature",
      "geometry": {
        "type": "Point",
        "coordinates": [
          140.16792,
          35.640785
        ]
      },
      "properties": {
        "NO": "1151",
        "共通ID": "E1210000145111",
        "施設・場所名": "若松小学校",
        "住所": "千葉県千葉市若葉区若松町360-1",
        "指定緊急避難場所との住所同一": "1",
        "その他市町村長が必要と認める事項": null,
        "受入対象者": null,
        "備考": ""
      }
    },
    {
      "type": "Feature",
      "geometry": {
        "type": "Point",
        "coordinates": [
          140.159173,
          35.644031
        ]
      },
      "properties": {
        "NO": "1152",
        "共通ID": "E1210000146111",
        "施設・場所名": "県立若松高等学校",
        "住所": "千葉県千葉市若葉区若松町429",
        "指定緊急避難場所との住所同一": "1",
        "その他市町村長が必要と認める事項": null,
        "受入対象者": null,
        "備考": ""
      }
    },
    {
      "type": "Feature",
      "geometry": {
        "type": "Point",
        "coordinates": [
          140.142673,
          35.653051
        ]
      },
      "properties": {
        "NO": "1153",
        "共通ID": "E1210000147111",
        "施設・場所名": "山王中学校",
        "住所": "千葉県千葉市若葉区若松町774",
        "指定緊急避難場所との住所同一": "1",
        "その他市町村長が必要と認める事項": null,
        "受入対象者": null,
        "備考": ""
      }
    },
    {
      "type": "Feature",
      "geometry": {
        "type": "Point",
        "coordinates": [
          140.173037,
          35.631903
        ]
      },
      "properties": {
        "NO": "1154",
        "共通ID": "E1210000150111",
        "施設・場所名": "小倉小学校",
        "住所": "千葉県千葉市若葉区小倉台5-1-1",
        "指定緊急避難場所との住所同一": "1",
        "その他市町村長が必要と認める事項": null,
        "受入対象者": null,
        "備考": ""
      }
    },
    {
      "type": "Feature",
      "geometry": {
        "type": "Point",
        "coordinates": [
          140.187309,
          35.622318
        ]
      },
      "properties": {
        "NO": "1155",
        "共通ID": "E1210000152112",
        "施設・場所名": "千城台公民館",
        "住所": "千葉県千葉市若葉区千城台西2-1-1",
        "指定緊急避難場所との住所同一": "1",
        "その他市町村長が必要と認める事項": null,
        "受入対象者": null,
        "備考": ""
      }
    },
    {
      "type": "Feature",
      "geometry": {
        "type": "Point",
        "coordinates": [
          140.186443,
          35.621971
        ]
      },
      "properties": {
        "NO": "1156",
        "共通ID": "E1210000152111",
        "施設・場所名": "千城台コミュニティセンター",
        "住所": "千葉県千葉市若葉区千城台西2-1-1",
        "指定緊急避難場所との住所同一": "1",
        "その他市町村長が必要と認める事項": null,
        "受入対象者": null,
        "備考": ""
      }
    },
    {
      "type": "Feature",
      "geometry": {
        "type": "Point",
        "coordinates": [
          140.188093,
          35.62161
        ]
      },
      "properties": {
        "NO": "1157",
        "共通ID": "E1210000152113",
        "施設・場所名": "県立千城台高等学校",
        "住所": "千葉県千葉市若葉区千城台西2-1-1",
        "指定緊急避難場所との住所同一": "1",
        "その他市町村長が必要と認める事項": null,
        "受入対象者": null,
        "備考": ""
      }
    },
    {
      "type": "Feature",
      "geometry": {
        "type": "Point",
        "coordinates": [
          140.18464,
          35.621598
        ]
      },
      "properties": {
        "NO": "1158",
        "共通ID": "E1210000153111",
        "施設・場所名": "千城台西中学校",
        "住所": "千葉県千葉市若葉区千城台西2-20-1",
        "指定緊急避難場所との住所同一": "1",
        "その他市町村長が必要と認める事項": null,
        "受入対象者": null,
        "備考": ""
      }
    },
    {
      "type": "Feature",
      "geometry": {
        "type": "Point",
        "coordinates": [
          140.191512,
          35.62234
        ]
      },
      "properties": {
        "NO": "1159",
        "共通ID": "E1210000155111",
        "施設・場所名": "千城台東小学校",
        "住所": "千葉県千葉市若葉区千城台東1-15-1",
        "指定緊急避難場所との住所同一": "1",
        "その他市町村長が必要と認める事項": null,
        "受入対象者": null,
        "備考": ""
      }
    },
    {
      "type": "Feature",
      "geometry": {
        "type": "Point",
        "coordinates": [
          140.195927,
          35.61735
        ]
      },
      "properties": {
        "NO": "1160",
        "共通ID": "E1210000157111",
        "施設・場所名": "千城台みらい小学校",
        "住所": "千葉県千葉市若葉区千城台東3-18-1",
        "指定緊急避難場所との住所同一": "1",
        "その他市町村長が必要と認める事項": null,
        "受入対象者": null,
        "備考": ""
      }
    },
    {
      "type": "Feature",
      "geometry": {
        "type": "Point",
        "coordinates": [
          140.190774,
          35.618688
        ]
      },
      "properties": {
        "NO": "1161",
        "共通ID": "E1210000159111",
        "施設・場所名": "千城台南中学校",
        "住所": "千葉県千葉市若葉区千城台南1-20-1",
        "指定緊急避難場所との住所同一": "1",
        "その他市町村長が必要と認める事項": null,
        "受入対象者": null,
        "備考": ""
      }
    },
    {
      "type": "Feature",
      "geometry": {
        "type": "Point",
        "coordinates": [
          140.18372,
          35.628698
        ]
      },
      "properties": {
        "NO": "1162",
        "共通ID": "E1210000161111",
        "施設・場所名": "千城台わかば小学校",
        "住所": "千葉県千葉市若葉区千城台北1-4-1",
        "指定緊急避難場所との住所同一": "1",
        "その他市町村長が必要と認める事項": null,
        "受入対象者": null,
        "備考": ""
      }
    },
    {
      "type": "Feature",
      "geometry": {
        "type": "Point",
        "coordinates": [
          140.182235,
          35.596181
        ]
      },
      "properties": {
        "NO": "1163",
        "共通ID": "E1210000163111",
        "施設・場所名": "大宮小学校",
        "住所": "千葉県千葉市若葉区大宮台7-8-1",
        "指定緊急避難場所との住所同一": "1",
        "その他市町村長が必要と認める事項": null,
        "受入対象者": null,
        "備考": ""
      }
    },
    {
      "type": "Feature",
      "geometry": {
        "type": "Point",
        "coordinates": [
          140.166978,
          35.59769
        ]
      },
      "properties": {
        "NO": "1164",
        "共通ID": "E1210000164111",
        "施設・場所名": "市立特別支援学校",
        "住所": "千葉県千葉市若葉区大宮町1066-1",
        "指定緊急避難場所との住所同一": "1",
        "その他市町村長が必要と認める事項": "",
        "受入対象者": "",
        "備考": ""
      }
    },
    {
      "type": "Feature",
      "geometry": {
        "type": "Point",
        "coordinates": [
          140.186714,
          35.586326
        ]
      },
      "properties": {
        "NO": "1165",
        "共通ID": "E1210000165111",
        "施設・場所名": "大宮中学校",
        "住所": "千葉県千葉市若葉区大宮町2077",
        "指定緊急避難場所との住所同一": "1",
        "その他市町村長が必要と認める事項": null,
        "受入対象者": null,
        "備考": ""
      }
    },
    {
      "type": "Feature",
      "geometry": {
        "type": "Point",
        "coordinates": [
          140.186184,
          35.585079
        ]
      },
      "properties": {
        "NO": "1166",
        "共通ID": "E1210000167111",
        "施設・場所名": "旧大宮台小学校（跡施設）",
        "住所": "千葉県千葉市若葉区大宮町2082",
        "指定緊急避難場所との住所同一": "1",
        "その他市町村長が必要と認める事項": null,
        "受入対象者": null,
        "備考": ""
      }
    },
    {
      "type": "Feature",
      "geometry": {
        "type": "Point",
        "coordinates": [
          140.168745,
          35.600051
        ]
      },
      "properties": {
        "NO": "1167",
        "共通ID": "E1210000168111",
        "施設・場所名": "千城小学校",
        "住所": "千葉県千葉市若葉区大宮町2655",
        "指定緊急避難場所との住所同一": "1",
        "その他市町村長が必要と認める事項": null,
        "受入対象者": null,
        "備考": ""
      }
    },
    {
      "type": "Feature",
      "geometry": {
        "type": "Point",
        "coordinates": [
          140.169997,
          35.602702
        ]
      },
      "properties": {
        "NO": "1168",
        "共通ID": "E1210000169111",
        "施設・場所名": "県立千葉大宮高等学校",
        "住所": "千葉県千葉市若葉区大宮町2699-1",
        "指定緊急避難場所との住所同一": "1",
        "その他市町村長が必要と認める事項": null,
        "受入対象者": null,
        "備考": ""
      }
    },
    {
      "type": "Feature",
      "geometry": {
        "type": "Point",
        "coordinates": [
          140.181029,
          35.596559
        ]
      },
      "properties": {
        "NO": "1169",
        "共通ID": "E1210000170111",
        "施設・場所名": "大宮公民館",
        "住所": "千葉県千葉市若葉区大宮町3221-2",
        "指定緊急避難場所との住所同一": "1",
        "その他市町村長が必要と認める事項": null,
        "受入対象者": null,
        "備考": ""
      }
    },
    {
      "type": "Feature",
      "geometry": {
        "type": "Point",
        "coordinates": [
          140.154666,
          35.634316
        ]
      },
      "properties": {
        "NO": "1170",
        "共通ID": "E1210000172111",
        "施設・場所名": "都賀コミュニティセンター",
        "住所": "千葉県千葉市若葉区都賀4-20-1",
        "指定緊急避難場所との住所同一": "1",
        "その他市町村長が必要と認める事項": null,
        "受入対象者": null,
        "備考": ""
      }
    },
    {
      "type": "Feature",
      "geometry": {
        "type": "Point",
        "coordinates": [
          140.141663,
          35.643833
        ]
      },
      "properties": {
        "NO": "1171",
        "共通ID": "E1210000173111",
        "施設・場所名": "都賀の台小学校",
        "住所": "千葉県千葉市若葉区都賀の台2-13-1",
        "指定緊急避難場所との住所同一": "1",
        "その他市町村長が必要と認める事項": null,
        "受入対象者": null,
        "備考": ""
      }
    },
    {
      "type": "Feature",
      "geometry": {
        "type": "Point",
        "coordinates": [
          140.230974,
          35.580907
        ]
      },
      "properties": {
        "NO": "1172",
        "共通ID": "E1210000177111",
        "施設・場所名": "白井小学校",
        "住所": "千葉県千葉市若葉区野呂町215",
        "指定緊急避難場所との住所同一": "1",
        "その他市町村長が必要と認める事項": null,
        "受入対象者": null,
        "備考": ""
      }
    },
    {
      "type": "Feature",
      "geometry": {
        "type": "Point",
        "coordinates": [
          140.230279,
          35.583898
        ]
      },
      "properties": {
        "NO": "1173",
        "共通ID": "E1210000178111",
        "施設・場所名": "白井公民館",
        "住所": "千葉県千葉市若葉区野呂町622-10",
        "指定緊急避難場所との住所同一": "1",
        "その他市町村長が必要と認める事項": null,
        "受入対象者": null,
        "備考": ""
      }
    },
    {
      "type": "Feature",
      "geometry": {
        "type": "Point",
        "coordinates": [
          140.225637,
          35.587526
        ]
      },
      "properties": {
        "NO": "1174",
        "共通ID": "E1210000179111",
        "施設・場所名": "白井中学校",
        "住所": "千葉県千葉市若葉区野呂町623",
        "指定緊急避難場所との住所同一": "1",
        "その他市町村長が必要と認める事項": null,
        "受入対象者": null,
        "備考": ""
      }
    },
    {
      "type": "Feature",
      "geometry": {
        "type": "Point",
        "coordinates": [
          140.131289,
          35.558963
        ]
      },
      "properties": {
        "NO": "1175",
        "共通ID": "E1210000180111",
        "施設・場所名": "生浜西小学校",
        "住所": "千葉県千葉市中央区塩田町316-1",
        "指定緊急避難場所との住所同一": "1",
        "その他市町村長が必要と認める事項": null,
        "受入対象者": null,
        "備考": ""
      }
    },
    {
      "type": "Feature",
      "geometry": {
        "type": "Point",
        "coordinates": [
          140.129611,
          35.560683
        ]
      },
      "properties": {
        "NO": "1176",
        "共通ID": "E1210000181111",
        "施設・場所名": "県立生浜高等学校",
        "住所": "千葉県千葉市中央区塩田町372",
        "指定緊急避難場所との住所同一": "1",
        "その他市町村長が必要と認める事項": null,
        "受入対象者": null,
        "備考": ""
      }
    },
    {
      "type": "Feature",
      "geometry": {
        "type": "Point",
        "coordinates": [
          140.163589,
          35.576886
        ]
      },
      "properties": {
        "NO": "1177",
        "共通ID": "E1210000182111",
        "施設・場所名": "県立千葉南高等学校",
        "住所": "千葉県千葉市中央区花輪町45-3",
        "指定緊急避難場所との住所同一": "1",
        "その他市町村長が必要と認める事項": null,
        "受入対象者": null,
        "備考": ""
      }
    },
    {
      "type": "Feature",
      "geometry": {
        "type": "Point",
        "coordinates": [
          140.128396,
          35.599997
        ]
      },
      "properties": {
        "NO": "1178",
        "共通ID": "E1210000183111",
        "施設・場所名": "県立千葉中学校・千葉高等学校",
        "住所": "千葉県千葉市中央区葛城1-5-2",
        "指定緊急避難場所との住所同一": "1",
        "その他市町村長が必要と認める事項": "",
        "受入対象者": "",
        "備考": ""
      }
    },
    {
      "type": "Feature",
      "geometry": {
        "type": "Point",
        "coordinates": [
          140.131033,
          35.600871
        ]
      },
      "properties": {
        "NO": "1179",
        "共通ID": "E1210000184111",
        "施設・場所名": "葛城中学校",
        "住所": "千葉県千葉市中央区葛城2-9-1",
        "指定緊急避難場所との住所同一": "1",
        "その他市町村長が必要と認める事項": null,
        "受入対象者": null,
        "備考": ""
      }
    },
    {
      "type": "Feature",
      "geometry": {
        "type": "Point",
        "coordinates": [
          140.130897,
          35.59964
        ]
      },
      "properties": {
        "NO": "1180",
        "共通ID": "E1210000185111",
        "施設・場所名": "葛城公民館",
        "住所": "千葉県千葉市中央区葛城2-9-2",
        "指定緊急避難場所との住所同一": "1",
        "その他市町村長が必要と認める事項": null,
        "受入対象者": null,
        "備考": ""
      }
    },
    {
      "type": "Feature",
      "geometry": {
        "type": "Point",
        "coordinates": [
          140.121804,
          35.597317
        ]
      },
      "properties": {
        "NO": "1181",
        "共通ID": "E1210000186111",
        "施設・場所名": "寒川小学校",
        "住所": "千葉県千葉市中央区寒川町1-205",
        "指定緊急避難場所との住所同一": "1",
        "その他市町村長が必要と認める事項": null,
        "受入対象者": null,
        "備考": ""
      }
    },
    {
      "type": "Feature",
      "geometry": {
        "type": "Point",
        "coordinates": [
          140.136586,
          35.583663
        ]
      },
      "properties": {
        "NO": "1182",
        "共通ID": "E1210000187111",
        "施設・場所名": "宮崎小学校",
        "住所": "千葉県千葉市中央区宮崎2-3-13",
        "指定緊急避難場所との住所同一": "1",
        "その他市町村長が必要と認める事項": null,
        "受入対象者": null,
        "備考": ""
      }
    },
    {
      "type": "Feature",
      "geometry": {
        "type": "Point",
        "coordinates": [
          140.136829,
          35.580616
        ]
      },
      "properties": {
        "NO": "1183",
        "共通ID": "E1210000189111",
        "施設・場所名": "宮崎公民館",
        "住所": "千葉県千葉市中央区宮崎2-5-22",
        "指定緊急避難場所との住所同一": "1",
        "その他市町村長が必要と認める事項": null,
        "受入対象者": null,
        "備考": ""
      }
    },
    {
      "type": "Feature",
      "geometry": {
        "type": "Point",
        "coordinates": [
          140.129181,
          35.583746
        ]
      },
      "properties": {
        "NO": "1184",
        "共通ID": "E1210000190111",
        "施設・場所名": "蘇我コミュニティセンター",
        "住所": "千葉県千葉市中央区今井1-14-43",
        "指定緊急避難場所との住所同一": "1",
        "その他市町村長が必要と認める事項": null,
        "受入対象者": null,
        "備考": ""
      }
    },
    {
      "type": "Feature",
      "geometry": {
        "type": "Point",
        "coordinates": [
          140.131263,
          35.578211
        ]
      },
      "properties": {
        "NO": "1185",
        "共通ID": "E1210000191111",
        "施設・場所名": "蘇我小学校",
        "住所": "千葉県千葉市中央区今井3-15-32",
        "指定緊急避難場所との住所同一": "1",
        "その他市町村長が必要と認める事項": null,
        "受入対象者": null,
        "備考": ""
      }
    },
    {
      "type": "Feature",
      "geometry": {
        "type": "Point",
        "coordinates": [
          140.141141,
          35.57154
        ]
      },
      "properties": {
        "NO": "1186",
        "共通ID": "E1210000192111",
        "施設・場所名": "県立千葉工業高等学校",
        "住所": "千葉県千葉市中央区今井町1478",
        "指定緊急避難場所との住所同一": "1",
        "その他市町村長が必要と認める事項": null,
        "受入対象者": null,
        "備考": ""
      }
    },
    {
      "type": "Feature",
      "geometry": {
        "type": "Point",
        "coordinates": [
          140.151861,
          35.588168
        ]
      },
      "properties": {
        "NO": "1187",
        "共通ID": "E1210000195111",
        "施設・場所名": "松ヶ丘公民館",
        "住所": "千葉県千葉市中央区松ケ丘町257-2",
        "指定緊急避難場所との住所同一": "1",
        "その他市町村長が必要と認める事項": null,
        "受入対象者": null,
        "備考": ""
      }
    },
    {
      "type": "Feature",
      "geometry": {
        "type": "Point",
        "coordinates": [
          140.152469,
          35.587721
        ]
      },
      "properties": {
        "NO": "1188",
        "共通ID": "E1210000196111",
        "施設・場所名": "松ヶ丘中学校",
        "住所": "千葉県千葉市中央区松ケ丘町440",
        "指定緊急避難場所との住所同一": "1",
        "その他市町村長が必要と認める事項": null,
        "受入対象者": null,
        "備考": ""
      }
    },
    {
      "type": "Feature",
      "geometry": {
        "type": "Point",
        "coordinates": [
          140.155405,
          35.586438
        ]
      },
      "properties": {
        "NO": "1189",
        "共通ID": "E1210000197111",
        "施設・場所名": "松ヶ丘小学校",
        "住所": "千葉県千葉市中央区松ケ丘町580",
        "指定緊急避難場所との住所同一": "1",
        "その他市町村長が必要と認める事項": null,
        "受入対象者": null,
        "備考": ""
      }
    },
    {
      "type": "Feature",
      "geometry": {
        "type": "Point",
        "coordinates": [
          140.107925,
          35.621103
        ]
      },
      "properties": {
        "NO": "1190",
        "共通ID": "E1210000198111",
        "施設・場所名": "県立千葉商業高等学校",
        "住所": "千葉県千葉市中央区松波2-22-48",
        "指定緊急避難場所との住所同一": "1",
        "その他市町村長が必要と認める事項": null,
        "受入対象者": null,
        "備考": ""
      }
    },
    {
      "type": "Feature",
      "geometry": {
        "type": "Point",
        "coordinates": [
          140.114303,
          35.607909
        ]
      },
      "properties": {
        "NO": "1191",
        "共通ID": "E1210000199111",
        "施設・場所名": "新宿小学校",
        "住所": "千葉県千葉市中央区新宿2-15-1",
        "指定緊急避難場所との住所同一": "1",
        "その他市町村長が必要と認める事項": null,
        "受入対象者": null,
        "備考": ""
      }
    },
    {
      "type": "Feature",
      "geometry": {
        "type": "Point",
        "coordinates": [
          140.113776,
          35.606858
        ]
      },
      "properties": {
        "NO": "1192",
        "共通ID": "E1210000200111",
        "施設・場所名": "新宿公民館",
        "住所": "千葉県千葉市中央区新宿2-16-14",
        "指定緊急避難場所との住所同一": "1",
        "その他市町村長が必要と認める事項": null,
        "受入対象者": null,
        "備考": ""
      }
    },
    {
      "type": "Feature",
      "geometry": {
        "type": "Point",
        "coordinates": [
          140.158669,
          35.59256
        ]
      },
      "properties": {
        "NO": "1193",
        "共通ID": "E1210000201111",
        "施設・場所名": "仁戸名小学校",
        "住所": "千葉県千葉市中央区仁戸名町380",
        "指定緊急避難場所との住所同一": "1",
        "その他市町村長が必要と認める事項": null,
        "受入対象者": null,
        "備考": ""
      }
    },
    {
      "type": "Feature",
      "geometry": {
        "type": "Point",
        "coordinates": [
          140.146688,
          35.596806
        ]
      },
      "properties": {
        "NO": "1194",
        "共通ID": "E1210000203111",
        "施設・場所名": "星久喜小学校",
        "住所": "千葉県千葉市中央区星久喜町1060",
        "指定緊急避難場所との住所同一": "1",
        "その他市町村長が必要と認める事項": null,
        "受入対象者": null,
        "備考": ""
      }
    },
    {
      "type": "Feature",
      "geometry": {
        "type": "Point",
        "coordinates": [
          140.151577,
          35.601812
        ]
      },
      "properties": {
        "NO": "1195",
        "共通ID": "E1210000204111",
        "施設・場所名": "都市緑化植物園",
        "住所": "千葉県千葉市中央区星久喜町278",
        "指定緊急避難場所との住所同一": "1",
        "その他市町村長が必要と認める事項": null,
        "受入対象者": null,
        "備考": ""
      }
    },
    {
      "type": "Feature",
      "geometry": {
        "type": "Point",
        "coordinates": [
          140.151177,
          35.597701
        ]
      },
      "properties": {
        "NO": "1196",
        "共通ID": "E1210000205111",
        "施設・場所名": "星久喜公民館",
        "住所": "千葉県千葉市中央区星久喜町615-7",
        "指定緊急避難場所との住所同一": "1",
        "その他市町村長が必要と認める事項": null,
        "受入対象者": null,
        "備考": ""
      }
    },
    {
      "type": "Feature",
      "geometry": {
        "type": "Point",
        "coordinates": [
          140.152051,
          35.600845
        ]
      },
      "properties": {
        "NO": "1197",
        "共通ID": "E1210000206111",
        "施設・場所名": "星久喜中学校",
        "住所": "千葉県千葉市中央区星久喜町823",
        "指定緊急避難場所との住所同一": "1",
        "その他市町村長が必要と認める事項": null,
        "受入対象者": null,
        "備考": ""
      }
    },
    {
      "type": "Feature",
      "geometry": {
        "type": "Point",
        "coordinates": [
          140.147935,
          35.559876
        ]
      },
      "properties": {
        "NO": "1198",
        "共通ID": "E1210000207111",
        "施設・場所名": "生浜東小学校",
        "住所": "千葉県千葉市中央区生実町1928",
        "指定緊急避難場所との住所同一": "1",
        "その他市町村長が必要と認める事項": null,
        "受入対象者": null,
        "備考": ""
      }
    },
    {
      "type": "Feature",
      "geometry": {
        "type": "Point",
        "coordinates": [
          140.14177,
          35.559637
        ]
      },
      "properties": {
        "NO": "1199",
        "共通ID": "E1210000208111",
        "施設・場所名": "生浜公民館",
        "住所": "千葉県千葉市中央区生実町67-1",
        "指定緊急避難場所との住所同一": "1",
        "その他市町村長が必要と認める事項": null,
        "受入対象者": null,
        "備考": ""
      }
    },
    {
      "type": "Feature",
      "geometry": {
        "type": "Point",
        "coordinates": [
          140.138826,
          35.597896
        ]
      },
      "properties": {
        "NO": "1200",
        "共通ID": "E1210000210111",
        "施設・場所名": "青葉の森公園芸術文化ホール",
        "住所": "千葉県千葉市中央区青葉町977-1",
        "指定緊急避難場所との住所同一": "1",
        "その他市町村長が必要と認める事項": null,
        "受入対象者": null,
        "備考": ""
      }
    },
    {
      "type": "Feature",
      "geometry": {
        "type": "Point",
        "coordinates": [
          140.134677,
          35.59465
        ]
      },
      "properties": {
        "NO": "1201",
        "共通ID": "E1210000212111",
        "施設・場所名": "ハーモニープラザ",
        "住所": "千葉県千葉市中央区千葉寺町1208-2",
        "指定緊急避難場所との住所同一": "1",
        "その他市町村長が必要と認める事項": null,
        "受入対象者": null,
        "備考": ""
      }
    },
    {
      "type": "Feature",
      "geometry": {
        "type": "Point",
        "coordinates": [
          140.166883,
          35.581942
        ]
      },
      "properties": {
        "NO": "1202",
        "共通ID": "E1210000213111",
        "施設・場所名": "川戸公民館",
        "住所": "千葉県千葉市中央区川戸町403-1",
        "指定緊急避難場所との住所同一": "1",
        "その他市町村長が必要と認める事項": null,
        "受入対象者": null,
        "備考": ""
      }
    },
    {
      "type": "Feature",
      "geometry": {
        "type": "Point",
        "coordinates": [
          140.167873,
          35.584003
        ]
      },
      "properties": {
        "NO": "1203",
        "共通ID": "E1210000214111",
        "施設・場所名": "川戸中学校",
        "住所": "千葉県千葉市中央区川戸町443",
        "指定緊急避難場所との住所同一": "1",
        "その他市町村長が必要と認める事項": null,
        "受入対象者": null,
        "備考": ""
      }
    },
    {
      "type": "Feature",
      "geometry": {
        "type": "Point",
        "coordinates": [
          140.167967,
          35.584782
        ]
      },
      "properties": {
        "NO": "1204",
        "共通ID": "E1210000215111",
        "施設・場所名": "川戸小学校",
        "住所": "千葉県千葉市中央区川戸町450",
        "指定緊急避難場所との住所同一": "1",
        "その他市町村長が必要と認める事項": null,
        "受入対象者": null,
        "備考": ""
      }
    },
    {
      "type": "Feature",
      "geometry": {
        "type": "Point",
        "coordinates": [
          140.149072,
          35.573157
        ]
      },
      "properties": {
        "NO": "1205",
        "共通ID": "E1210000218111",
        "施設・場所名": "大巌寺小学校",
        "住所": "千葉県千葉市中央区大巌寺町375",
        "指定緊急避難場所との住所同一": "1",
        "その他市町村長が必要と認める事項": null,
        "受入対象者": null,
        "備考": ""
      }
    },
    {
      "type": "Feature",
      "geometry": {
        "type": "Point",
        "coordinates": [
          140.144476,
          35.580623
        ]
      },
      "properties": {
        "NO": "1206",
        "共通ID": "E1210000219111",
        "施設・場所名": "大森小学校",
        "住所": "千葉県千葉市中央区大森町268",
        "指定緊急避難場所との住所同一": "1",
        "その他市町村長が必要と認める事項": null,
        "受入対象者": null,
        "備考": ""
      }
    },
    {
      "type": "Feature",
      "geometry": {
        "type": "Point",
        "coordinates": [
          140.123188,
          35.607443
        ]
      },
      "properties": {
        "NO": "1207",
        "共通ID": "E1210000220112",
        "施設・場所名": "科学館",
        "住所": "千葉県千葉市中央区中央4-5-1",
        "指定緊急避難場所との住所同一": "1",
        "その他市町村長が必要と認める事項": "",
        "受入対象者": "",
        "備考": ""
      }
    },
    {
      "type": "Feature",
      "geometry": {
        "type": "Point",
        "coordinates": [
          140.122887,
          35.607396
        ]
      },
      "properties": {
        "NO": "1208",
        "共通ID": "E1210000220113",
        "施設・場所名": "子ども交流館",
        "住所": "千葉県千葉市中央区中央4-5-1",
        "指定緊急避難場所との住所同一": "1",
        "その他市町村長が必要と認める事項": null,
        "受入対象者": null,
        "備考": ""
      }
    },
    {
      "type": "Feature",
      "geometry": {
        "type": "Point",
        "coordinates": [
          140.122494,
          35.607374
        ]
      },
      "properties": {
        "NO": "1209",
        "共通ID": "E1210000220111",
        "施設・場所名": "子育て支援館",
        "住所": "千葉県千葉市中央区中央4-5-1",
        "指定緊急避難場所との住所同一": "1",
        "その他市町村長が必要と認める事項": "",
        "受入対象者": "",
        "備考": ""
      }
    },
    {
      "type": "Feature",
      "geometry": {
        "type": "Point",
        "coordinates": [
          140.120766,
          35.622409
        ]
      },
      "properties": {
        "NO": "1210",
        "共通ID": "E1210000221111",
        "施設・場所名": "椿森中学校",
        "住所": "千葉県千葉市中央区椿森4-1-1",
        "指定緊急避難場所との住所同一": "1",
        "その他市町村長が必要と認める事項": null,
        "受入対象者": null,
        "備考": ""
      }
    },
    {
      "type": "Feature",
      "geometry": {
        "type": "Point",
        "coordinates": [
          140.123848,
          35.620126
        ]
      },
      "properties": {
        "NO": "1211",
        "共通ID": "E1210000222111",
        "施設・場所名": "椿森公民館",
        "住所": "千葉県千葉市中央区椿森6-1-11",
        "指定緊急避難場所との住所同一": "1",
        "その他市町村長が必要と認める事項": null,
        "受入対象者": null,
        "備考": ""
      }
    },
    {
      "type": "Feature",
      "geometry": {
        "type": "Point",
        "coordinates": [
          140.133712,
          35.60987
        ]
      },
      "properties": {
        "NO": "1212",
        "共通ID": "E1210000223111",
        "施設・場所名": "鶴沢小学校",
        "住所": "千葉県千葉市中央区鶴沢町21-1",
        "指定緊急避難場所との住所同一": "1",
        "その他市町村長が必要と認める事項": null,
        "受入対象者": null,
        "備考": ""
      }
    },
    {
      "type": "Feature",
      "geometry": {
        "type": "Point",
        "coordinates": [
          140.107616,
          35.612438
        ]
      },
      "properties": {
        "NO": "1213",
        "共通ID": "E1210000224111",
        "施設・場所名": "登戸小学校",
        "住所": "千葉県千葉市中央区登戸2-11-1",
        "指定緊急避難場所との住所同一": "1",
        "その他市町村長が必要と認める事項": null,
        "受入対象者": null,
        "備考": ""
      }
    },
    {
      "type": "Feature",
      "geometry": {
        "type": "Point",
        "coordinates": [
          140.144835,
          35.612507
        ]
      },
      "properties": {
        "NO": "1214",
        "共通ID": "E1210000226111",
        "施設・場所名": "都小学校",
        "住所": "千葉県千葉市中央区都町4-2-1",
        "指定緊急避難場所との住所同一": "1",
        "その他市町村長が必要と認める事項": null,
        "受入対象者": null,
        "備考": ""
      }
    },
    {
      "type": "Feature",
      "geometry": {
        "type": "Point",
        "coordinates": [
          140.154581,
          35.560637
        ]
      },
      "properties": {
        "NO": "1215",
        "共通ID": "E1210000227111",
        "施設・場所名": "千葉明徳学園",
        "住所": "千葉県千葉市中央区南生実町1412",
        "指定緊急避難場所との住所同一": "1",
        "その他市町村長が必要と認める事項": null,
        "受入対象者": null,
        "備考": ""
      }
    },
    {
      "type": "Feature",
      "geometry": {
        "type": "Point",
        "coordinates": [
          140.144112,
          35.557209
        ]
      },
      "properties": {
        "NO": "1216",
        "共通ID": "E1210000228111",
        "施設・場所名": "生浜中学校",
        "住所": "千葉県千葉市中央区南生実町258",
        "指定緊急避難場所との住所同一": "1",
        "その他市町村長が必要と認める事項": null,
        "受入対象者": null,
        "備考": ""
      }
    },
    {
      "type": "Feature",
      "geometry": {
        "type": "Point",
        "coordinates": [
          140.138547,
          35.579056
        ]
      },
      "properties": {
        "NO": "1217",
        "共通ID": "E1210000230111",
        "施設・場所名": "南部青少年センター",
        "住所": "千葉県千葉市中央区白旗1-3-16",
        "指定緊急避難場所との住所同一": "1",
        "その他市町村長が必要と認める事項": null,
        "受入対象者": null,
        "備考": ""
      }
    },
    {
      "type": "Feature",
      "geometry": {
        "type": "Point",
        "coordinates": [
          140.138018,
          35.577268
        ]
      },
      "properties": {
        "NO": "1218",
        "共通ID": "E1210000231111",
        "施設・場所名": "蘇我中学校",
        "住所": "千葉県千葉市中央区白旗1-5-3",
        "指定緊急避難場所との住所同一": "1",
        "その他市町村長が必要と認める事項": null,
        "受入対象者": null,
        "備考": ""
      }
    },
    {
      "type": "Feature",
      "geometry": {
        "type": "Point",
        "coordinates": [
          140.140508,
          35.559479
        ]
      },
      "properties": {
        "NO": "1219",
        "共通ID": "E1210000232111",
        "施設・場所名": "生浜小学校",
        "住所": "千葉県千葉市中央区浜野町1335",
        "指定緊急避難場所との住所同一": "1",
        "その他市町村長が必要と認める事項": null,
        "受入対象者": null,
        "備考": ""
      }
    },
    {
      "type": "Feature",
      "geometry": {
        "type": "Point",
        "coordinates": [
          140.112619,
          35.616491
        ]
      },
      "properties": {
        "NO": "1220",
        "共通ID": "E1210000233111",
        "施設・場所名": "弁天小学校",
        "住所": "千葉県千葉市中央区弁天1-21-2",
        "指定緊急避難場所との住所同一": "1",
        "その他市町村長が必要と認める事項": null,
        "受入対象者": null,
        "備考": ""
      }
    },
    {
      "type": "Feature",
      "geometry": {
        "type": "Point",
        "coordinates": [
          140.128119,
          35.60932
        ]
      },
      "properties": {
        "NO": "1221",
        "共通ID": "E1210000235111",
        "施設・場所名": "本町小学校",
        "住所": "千葉県千葉市中央区本町2-6-23",
        "指定緊急避難場所との住所同一": "1",
        "その他市町村長が必要と認める事項": null,
        "受入対象者": null,
        "備考": ""
      }
    },
    {
      "type": "Feature",
      "geometry": {
        "type": "Point",
        "coordinates": [
          140.126615,
          35.596786
        ]
      },
      "properties": {
        "NO": "1222",
        "共通ID": "E1210000236111",
        "施設・場所名": "末広中学校",
        "住所": "千葉県千葉市中央区末広2-10-1",
        "指定緊急避難場所との住所同一": "1",
        "その他市町村長が必要と認める事項": null,
        "受入対象者": null,
        "備考": ""
      }
    },
    {
      "type": "Feature",
      "geometry": {
        "type": "Point",
        "coordinates": [
          140.125234,
          35.593978
        ]
      },
      "properties": {
        "NO": "1223",
        "共通ID": "E1210000237111",
        "施設・場所名": "末広公民館",
        "住所": "千葉県千葉市中央区末広3-2-2",
        "指定緊急避難場所との住所同一": "1",
        "その他市町村長が必要と認める事項": null,
        "受入対象者": null,
        "備考": ""
      }
    },
    {
      "type": "Feature",
      "geometry": {
        "type": "Point",
        "coordinates": [
          140.111797,
          35.602902
        ]
      },
      "properties": {
        "NO": "1224",
        "共通ID": "E1210000238111",
        "施設・場所名": "千葉ポートアリーナ",
        "住所": "千葉県千葉市中央区問屋町1-20",
        "指定緊急避難場所との住所同一": "1",
        "その他市町村長が必要と認める事項": null,
        "受入対象者": null,
        "備考": ""
      }
    },
    {
      "type": "Feature",
      "geometry": {
        "type": "Point",
        "coordinates": [
          140.109207,
          35.604404
        ]
      },
      "properties": {
        "NO": "1225",
        "共通ID": "E1210000240111",
        "施設・場所名": "新宿中学校",
        "住所": "千葉県千葉市中央区問屋町1-73",
        "指定緊急避難場所との住所同一": "1",
        "その他市町村長が必要と認める事項": null,
        "受入対象者": null,
        "備考": ""
      }
    },
    {
      "type": "Feature",
      "geometry": {
        "type": "Point",
        "coordinates": [
          140.125796,
          35.615512
        ]
      },
      "properties": {
        "NO": "1226",
        "共通ID": "E1210000242111",
        "施設・場所名": "院内小学校",
        "住所": "千葉県千葉市中央区祐光1-25-3",
        "指定緊急避難場所との住所同一": "1",
        "その他市町村長が必要と認める事項": null,
        "受入対象者": null,
        "備考": ""
      }
    },
    {
      "type": "Feature",
      "geometry": {
        "type": "Point",
        "coordinates": [
          140.120277,
          35.615425
        ]
      },
      "properties": {
        "NO": "1227",
        "共通ID": "E1210000243111",
        "施設・場所名": "市民会館",
        "住所": "千葉県千葉市中央区要町1-1",
        "指定緊急避難場所との住所同一": "1",
        "その他市町村長が必要と認める事項": null,
        "受入対象者": null,
        "備考": ""
      }
    },
    {
      "type": "Feature",
      "geometry": {
        "type": "Point",
        "coordinates": [
          140.064158,
          35.630095
        ]
      },
      "properties": {
        "NO": "1228",
        "共通ID": "E1210000245111",
        "施設・場所名": "磯辺第三小学校",
        "住所": "千葉県千葉市美浜区磯辺1-25-1",
        "指定緊急避難場所との住所同一": "1",
        "その他市町村長が必要と認める事項": null,
        "受入対象者": null,
        "備考": ""
      }
    },
    {
      "type": "Feature",
      "geometry": {
        "type": "Point",
        "coordinates": [
          140.061779,
          35.628198
        ]
      },
      "properties": {
        "NO": "1229",
        "共通ID": "E1210000247111",
        "施設・場所名": "磯辺公民館",
        "住所": "千葉県千葉市美浜区磯辺1-48-1",
        "指定緊急避難場所との住所同一": "1",
        "その他市町村長が必要と認める事項": null,
        "受入対象者": null,
        "備考": ""
      }
    },
    {
      "type": "Feature",
      "geometry": {
        "type": "Point",
        "coordinates": [
          140.062442,
          35.627547
        ]
      },
      "properties": {
        "NO": "1230",
        "共通ID": "E1210000248111",
        "施設・場所名": "磯辺スポーツセンター",
        "住所": "千葉県千葉市美浜区磯辺1-50-1",
        "指定緊急避難場所との住所同一": "1",
        "その他市町村長が必要と認める事項": null,
        "受入対象者": null,
        "備考": ""
      }
    },
    {
      "type": "Feature",
      "geometry": {
        "type": "Point",
        "coordinates": [
          140.058344,
          35.62603
        ]
      },
      "properties": {
        "NO": "1231",
        "共通ID": "E1210000249111",
        "施設・場所名": "県立磯辺高等学校",
        "住所": "千葉県千葉市美浜区磯辺2-7-1",
        "指定緊急避難場所との住所同一": "1",
        "その他市町村長が必要と認める事項": null,
        "受入対象者": null,
        "備考": ""
      }
    },
    {
      "type": "Feature",
      "geometry": {
        "type": "Point",
        "coordinates": [
          140.053344,
          35.627413
        ]
      },
      "properties": {
        "NO": "1232",
        "共通ID": "E1210000250111",
        "施設・場所名": "県立千葉西高等学校",
        "住所": "千葉県千葉市美浜区磯辺3-30-3",
        "指定緊急避難場所との住所同一": "1",
        "その他市町村長が必要と認める事項": null,
        "受入対象者": null,
        "備考": ""
      }
    },
    {
      "type": "Feature",
      "geometry": {
        "type": "Point",
        "coordinates": [
          140.058101,
          35.631764
        ]
      },
      "properties": {
        "NO": "1233",
        "共通ID": "E1210000251111",
        "施設・場所名": "磯辺小学校",
        "住所": "千葉県千葉市美浜区磯辺4-16-1",
        "指定緊急避難場所との住所同一": "1",
        "その他市町村長が必要と認める事項": null,
        "受入対象者": null,
        "備考": ""
      }
    },
    {
      "type": "Feature",
      "geometry": {
        "type": "Point",
        "coordinates": [
          140.053963,
          35.632514
        ]
      },
      "properties": {
        "NO": "1234",
        "共通ID": "E1210000254111",
        "施設・場所名": "磯辺中学校",
        "住所": "千葉県千葉市美浜区磯辺7-1-1",
        "指定緊急避難場所との住所同一": "1",
        "その他市町村長が必要と認める事項": null,
        "受入対象者": null,
        "備考": ""
      }
    },
    {
      "type": "Feature",
      "geometry": {
        "type": "Point",
        "coordinates": [
          140.084343,
          35.629948
        ]
      },
      "properties": {
        "NO": "1235",
        "共通ID": "E1210000255111",
        "施設・場所名": "稲浜小学校",
        "住所": "千葉県千葉市美浜区稲毛海岸2-3-2",
        "指定緊急避難場所との住所同一": "1",
        "その他市町村長が必要と認める事項": null,
        "受入対象者": null,
        "備考": ""
      }
    },
    {
      "type": "Feature",
      "geometry": {
        "type": "Point",
        "coordinates": [
          140.081805,
          35.632781
        ]
      },
      "properties": {
        "NO": "1236",
        "共通ID": "E1210000256111",
        "施設・場所名": "稲浜中学校",
        "住所": "千葉県千葉市美浜区稲毛海岸2-3-3",
        "指定緊急避難場所との住所同一": "1",
        "その他市町村長が必要と認める事項": null,
        "受入対象者": null,
        "備考": ""
      }
    },
    {
      "type": "Feature",
      "geometry": {
        "type": "Point",
        "coordinates": [
          140.079466,
          35.631989
        ]
      },
      "properties": {
        "NO": "1237",
        "共通ID": "E1210000258111",
        "施設・場所名": "稲浜公民館",
        "住所": "千葉県千葉市美浜区稲毛海岸3-4-1",
        "指定緊急避難場所との住所同一": "1",
        "その他市町村長が必要と認める事項": null,
        "受入対象者": null,
        "備考": ""
      }
    },
    {
      "type": "Feature",
      "geometry": {
        "type": "Point",
        "coordinates": [
          140.075339,
          35.636881
        ]
      },
      "properties": {
        "NO": "1238",
        "共通ID": "E1210000259111",
        "施設・場所名": "稲毛第二小学校",
        "住所": "千葉県千葉市美浜区稲毛海岸5-7-1",
        "指定緊急避難場所との住所同一": "1",
        "その他市町村長が必要と認める事項": null,
        "受入対象者": null,
        "備考": ""
      }
    },
    {
      "type": "Feature",
      "geometry": {
        "type": "Point",
        "coordinates": [
          140.099009,
          35.61127
        ]
      },
      "properties": {
        "NO": "1239",
        "共通ID": "E1210000260111",
        "施設・場所名": "幸町第三小学校",
        "住所": "千葉県千葉市美浜区幸町1-10-1",
        "指定緊急避難場所との住所同一": "1",
        "その他市町村長が必要と認める事項": null,
        "受入対象者": null,
        "備考": ""
      }
    },
    {
      "type": "Feature",
      "geometry": {
        "type": "Point",
        "coordinates": [
          140.098057,
          35.612579
        ]
      },
      "properties": {
        "NO": "1240",
        "共通ID": "E1210000261111",
        "施設・場所名": "幸町第二中学校",
        "住所": "千葉県千葉市美浜区幸町1-10-2",
        "指定緊急避難場所との住所同一": "1",
        "その他市町村長が必要と認める事項": null,
        "受入対象者": null,
        "備考": ""
      }
    },
    {
      "type": "Feature",
      "geometry": {
        "type": "Point",
        "coordinates": [
          140.090536,
          35.621654
        ]
      },
      "properties": {
        "NO": "1241",
        "共通ID": "E1210000264111",
        "施設・場所名": "幸町小学校",
        "住所": "千葉県千葉市美浜区幸町2-12-12",
        "指定緊急避難場所との住所同一": "1",
        "その他市町村長が必要と認める事項": null,
        "受入対象者": null,
        "備考": ""
      }
    },
    {
      "type": "Feature",
      "geometry": {
        "type": "Point",
        "coordinates": [
          140.092358,
          35.620676
        ]
      },
      "properties": {
        "NO": "1242",
        "共通ID": "E1210000265111",
        "施設・場所名": "幸町公民館",
        "住所": "千葉県千葉市美浜区幸町2-12-14",
        "指定緊急避難場所との住所同一": "1",
        "その他市町村長が必要と認める事項": null,
        "受入対象者": null,
        "備考": ""
      }
    },
    {
      "type": "Feature",
      "geometry": {
        "type": "Point",
        "coordinates": [
          140.090026,
          35.621181
        ]
      },
      "properties": {
        "NO": "1243",
        "共通ID": "E1210000266111",
        "施設・場所名": "幸町第一中学校",
        "住所": "千葉県千葉市美浜区幸町2-12-7",
        "指定緊急避難場所との住所同一": "1",
        "その他市町村長が必要と認める事項": null,
        "受入対象者": null,
        "備考": ""
      }
    },
    {
      "type": "Feature",
      "geometry": {
        "type": "Point",
        "coordinates": [
          140.095016,
          35.617929
        ]
      },
      "properties": {
        "NO": "1244",
        "共通ID": "E1210000269111",
        "施設・場所名": "旧幸町第二小学校（跡施設）",
        "住所": "千葉県千葉市美浜区幸町2-9-4",
        "指定緊急避難場所との住所同一": "1",
        "その他市町村長が必要と認める事項": null,
        "受入対象者": null,
        "備考": ""
      }
    },
    {
      "type": "Feature",
      "geometry": {
        "type": "Point",
        "coordinates": [
          140.077952,
          35.630763
        ]
      },
      "properties": {
        "NO": "1245",
        "共通ID": "E1210000270111",
        "施設・場所名": "高洲第四小学校",
        "住所": "千葉県千葉市美浜区高洲1-15-1",
        "指定緊急避難場所との住所同一": "1",
        "その他市町村長が必要と認める事項": null,
        "受入対象者": null,
        "備考": ""
      }
    },
    {
      "type": "Feature",
      "geometry": {
        "type": "Point",
        "coordinates": [
          140.079808,
          35.625053
        ]
      },
      "properties": {
        "NO": "1246",
        "共通ID": "E1210000271111",
        "施設・場所名": "高洲小学校",
        "住所": "千葉県千葉市美浜区高洲2-2-20",
        "指定緊急避難場所との住所同一": "1",
        "その他市町村長が必要と認める事項": null,
        "受入対象者": null,
        "備考": ""
      }
    },
    {
      "type": "Feature",
      "geometry": {
        "type": "Point",
        "coordinates": [
          140.077441,
          35.623245
        ]
      },
      "properties": {
        "NO": "1247",
        "共通ID": "E1210000272111",
        "施設・場所名": "高洲中学校",
        "住所": "千葉県千葉市美浜区高洲2-3-18",
        "指定緊急避難場所との住所同一": "1",
        "その他市町村長が必要と認める事項": null,
        "受入対象者": null,
        "備考": ""
      }
    },
    {
      "type": "Feature",
      "geometry": {
        "type": "Point",
        "coordinates": [
          140.071044,
          35.626992
        ]
      },
      "properties": {
        "NO": "1248",
        "共通ID": "E1210000273111",
        "施設・場所名": "高洲コミュニティセンター",
        "住所": "千葉県千葉市美浜区高洲3-12-1",
        "指定緊急避難場所との住所同一": "1",
        "その他市町村長が必要と認める事項": null,
        "受入対象者": null,
        "備考": ""
      }
    },
    {
      "type": "Feature",
      "geometry": {
        "type": "Point",
        "coordinates": [
          140.074168,
          35.626726
        ]
      },
      "properties": {
        "NO": "1249",
        "共通ID": "E1210000275111",
        "施設・場所名": "高洲第三小学校",
        "住所": "千葉県千葉市美浜区高洲3-3-11",
        "指定緊急避難場所との住所同一": "1",
        "その他市町村長が必要と認める事項": null,
        "受入対象者": null,
        "備考": ""
      }
    },
    {
      "type": "Feature",
      "geometry": {
        "type": "Point",
        "coordinates": [
          140.075025,
          35.634024
        ]
      },
      "properties": {
        "NO": "1250",
        "共通ID": "E1210000276111",
        "施設・場所名": "高洲スポーツセンター体育館",
        "住所": "千葉県千葉市美浜区高洲4-2-2",
        "指定緊急避難場所との住所同一": "1",
        "その他市町村長が必要と認める事項": "",
        "受入対象者": "",
        "備考": ""
      }
    },
    {
      "type": "Feature",
      "geometry": {
        "type": "Point",
        "coordinates": [
          140.071747,
          35.632562
        ]
      },
      "properties": {
        "NO": "1251",
        "共通ID": "E1210000277111",
        "施設・場所名": "旧高洲第二中学校（跡施設）",
        "住所": "千葉県千葉市美浜区高洲4-4-3",
        "指定緊急避難場所との住所同一": "1",
        "その他市町村長が必要と認める事項": null,
        "受入対象者": null,
        "備考": ""
      }
    },
    {
      "type": "Feature",
      "geometry": {
        "type": "Point",
        "coordinates": [
          140.075894,
          35.61987
        ]
      },
      "properties": {
        "NO": "1252",
        "共通ID": "E1210000278111",
        "施設・場所名": "高浜第一小学校",
        "住所": "千葉県千葉市美浜区高浜1-4-1",
        "指定緊急避難場所との住所同一": "1",
        "その他市町村長が必要と認める事項": null,
        "受入対象者": null,
        "備考": ""
      }
    },
    {
      "type": "Feature",
      "geometry": {
        "type": "Point",
        "coordinates": [
          140.073378,
          35.620207
        ]
      },
      "properties": {
        "NO": "1253",
        "共通ID": "E1210000280111",
        "施設・場所名": "高浜公民館",
        "住所": "千葉県千葉市美浜区高浜1-8-3",
        "指定緊急避難場所との住所同一": "1",
        "その他市町村長が必要と認める事項": null,
        "受入対象者": null,
        "備考": ""
      }
    },
    {
      "type": "Feature",
      "geometry": {
        "type": "Point",
        "coordinates": [
          140.068525,
          35.620401
        ]
      },
      "properties": {
        "NO": "1254",
        "共通ID": "E1210000282111",
        "施設・場所名": "市立稲毛高等学校・国際中等教育学校",
        "住所": "千葉県千葉市美浜区高浜3-1-1",
        "指定緊急避難場所との住所同一": "1",
        "その他市町村長が必要と認める事項": "",
        "受入対象者": "",
        "備考": ""
      }
    },
    {
      "type": "Feature",
      "geometry": {
        "type": "Point",
        "coordinates": [
          140.070887,
          35.623768
        ]
      },
      "properties": {
        "NO": "1255",
        "共通ID": "E1210000285111",
        "施設・場所名": "高浜中学校",
        "住所": "千葉県千葉市美浜区高浜4-8-1",
        "指定緊急避難場所との住所同一": "1",
        "その他市町村長が必要と認める事項": null,
        "受入対象者": null,
        "備考": ""
      }
    },
    {
      "type": "Feature",
      "geometry": {
        "type": "Point",
        "coordinates": [
          140.069654,
          35.623464
        ]
      },
      "properties": {
        "NO": "1256",
        "共通ID": "E1210000286111",
        "施設・場所名": "高浜海浜小学校",
        "住所": "千葉県千葉市美浜区高浜4-8-2",
        "指定緊急避難場所との住所同一": "1",
        "その他市町村長が必要と認める事項": null,
        "受入対象者": null,
        "備考": ""
      }
    },
    {
      "type": "Feature",
      "geometry": {
        "type": "Point",
        "coordinates": [
          140.054039,
          35.651476
        ]
      },
      "properties": {
        "NO": "1257",
        "共通ID": "E1210000289111",
        "施設・場所名": "県立幕張総合高等学校（看護科校舎）",
        "住所": "千葉県千葉市美浜区若葉2-10-2",
        "指定緊急避難場所との住所同一": "1",
        "その他市町村長が必要と認める事項": null,
        "受入対象者": null,
        "備考": ""
      }
    },
    {
      "type": "Feature",
      "geometry": {
        "type": "Point",
        "coordinates": [
          140.054752,
          35.645658
        ]
      },
      "properties": {
        "NO": "1258",
        "共通ID": "E1210000364111",
        "施設・場所名": "幕張若葉小学校",
        "住所": "千葉県千葉市美浜区若葉3-1-26",
        "指定緊急避難場所との住所同一": "1",
        "その他市町村長が必要と認める事項": "",
        "受入対象者": "",
        "備考": ""
      }
    },
    {
      "type": "Feature",
      "geometry": {
        "type": "Point",
        "coordinates": [
          140.052809,
          35.647831
        ]
      },
      "properties": {
        "NO": "1259",
        "共通ID": "E1210000290111",
        "施設・場所名": "県立幕張総合高等学校",
        "住所": "千葉県千葉市美浜区若葉3-1-6",
        "指定緊急避難場所との住所同一": "1",
        "その他市町村長が必要と認める事項": null,
        "受入対象者": null,
        "備考": ""
      }
    },
    {
      "type": "Feature",
      "geometry": {
        "type": "Point",
        "coordinates": [
          140.050262,
          35.648923
        ]
      },
      "properties": {
        "NO": "1260",
        "共通ID": "E1210000291111",
        "施設・場所名": "幕張勤労市民プラザ",
        "住所": "千葉県千葉市美浜区若葉3-1-8",
        "指定緊急避難場所との住所同一": "1",
        "その他市町村長が必要と認める事項": null,
        "受入対象者": null,
        "備考": ""
      }
    },
    {
      "type": "Feature",
      "geometry": {
        "type": "Point",
        "coordinates": [
          140.069148,
          35.632619
        ]
      },
      "properties": {
        "NO": "1261",
        "共通ID": "E1210000294111",
        "施設・場所名": "真砂第五小学校",
        "住所": "千葉県千葉市美浜区真砂1-12-15",
        "指定緊急避難場所との住所同一": "1",
        "その他市町村長が必要と認める事項": null,
        "受入対象者": null,
        "備考": ""
      }
    },
    {
      "type": "Feature",
      "geometry": {
        "type": "Point",
        "coordinates": [
          140.06691,
          35.637802
        ]
      },
      "properties": {
        "NO": "1262",
        "共通ID": "E1210000296111",
        "施設・場所名": "真砂東小学校",
        "住所": "千葉県千葉市美浜区真砂2-13-1",
        "指定緊急避難場所との住所同一": "1",
        "その他市町村長が必要と認める事項": null,
        "受入対象者": null,
        "備考": ""
      }
    },
    {
      "type": "Feature",
      "geometry": {
        "type": "Point",
        "coordinates": [
          140.069187,
          35.6404
        ]
      },
      "properties": {
        "NO": "1263",
        "共通ID": "E1210000297111",
        "施設・場所名": "真砂コミュニティセンター",
        "住所": "千葉県千葉市美浜区真砂2-3-1",
        "指定緊急避難場所との住所同一": "1",
        "その他市町村長が必要と認める事項": null,
        "受入対象者": null,
        "備考": ""
      }
    },
    {
      "type": "Feature",
      "geometry": {
        "type": "Point",
        "coordinates": [
          140.056873,
          35.640109
        ]
      },
      "properties": {
        "NO": "1264",
        "共通ID": "E1210000298111",
        "施設・場所名": "県立検見川高等学校",
        "住所": "千葉県千葉市美浜区真砂4-17-1",
        "指定緊急避難場所との住所同一": "1",
        "その他市町村長が必要と認める事項": null,
        "受入対象者": null,
        "備考": ""
      }
    },
    {
      "type": "Feature",
      "geometry": {
        "type": "Point",
        "coordinates": [
          140.059097,
          35.642633
        ]
      },
      "properties": {
        "NO": "1265",
        "共通ID": "E1210000299111",
        "施設・場所名": "真砂西小学校",
        "住所": "千葉県千葉市美浜区真砂4-5-1",
        "指定緊急避難場所との住所同一": "1",
        "その他市町村長が必要と認める事項": null,
        "受入対象者": null,
        "備考": ""
      }
    },
    {
      "type": "Feature",
      "geometry": {
        "type": "Point",
        "coordinates": [
          140.061599,
          35.644017
        ]
      },
      "properties": {
        "NO": "1266",
        "共通ID": "E1210000301111",
        "施設・場所名": "市立高等特別支援学校",
        "住所": "千葉県千葉市美浜区真砂5-18-1",
        "指定緊急避難場所との住所同一": "1",
        "その他市町村長が必要と認める事項": null,
        "受入対象者": null,
        "備考": ""
      }
    },
    {
      "type": "Feature",
      "geometry": {
        "type": "Point",
        "coordinates": [
          140.063106,
          35.645222
        ]
      },
      "properties": {
        "NO": "1267",
        "共通ID": "E1210000302111",
        "施設・場所名": "真砂中学校",
        "住所": "千葉県千葉市美浜区真砂5-18-2",
        "指定緊急避難場所との住所同一": "1",
        "その他市町村長が必要と認める事項": null,
        "受入対象者": null,
        "備考": ""
      }
    },
    {
      "type": "Feature",
      "geometry": {
        "type": "Point",
        "coordinates": [
          140.047293,
          35.642022
        ]
      },
      "properties": {
        "NO": "1268",
        "共通ID": "E1210000304111",
        "施設・場所名": "打瀬小学校",
        "住所": "千葉県千葉市美浜区打瀬1-3-1",
        "指定緊急避難場所との住所同一": "1",
        "その他市町村長が必要と認める事項": null,
        "受入対象者": null,
        "備考": ""
      }
    },
    {
      "type": "Feature",
      "geometry": {
        "type": "Point",
        "coordinates": [
          140.046688,
          35.63969
        ]
      },
      "properties": {
        "NO": "1269",
        "共通ID": "E1210000305111",
        "施設・場所名": "打瀬公民館",
        "住所": "千葉県千葉市美浜区打瀬2-13",
        "指定緊急避難場所との住所同一": "1",
        "その他市町村長が必要と認める事項": null,
        "受入対象者": null,
        "備考": ""
      }
    },
    {
      "type": "Feature",
      "geometry": {
        "type": "Point",
        "coordinates": [
          140.044719,
          35.638051
        ]
      },
      "properties": {
        "NO": "1270",
        "共通ID": "E1210000306111",
        "施設・場所名": "美浜打瀬小学校",
        "住所": "千葉県千葉市美浜区打瀬2-18-1",
        "指定緊急避難場所との住所同一": "1",
        "その他市町村長が必要と認める事項": null,
        "受入対象者": null,
        "備考": ""
      }
    },
    {
      "type": "Feature",
      "geometry": {
        "type": "Point",
        "coordinates": [
          140.043153,
          35.636641
        ]
      },
      "properties": {
        "NO": "1271",
        "共通ID": "E1210000307111",
        "施設・場所名": "打瀬中学校",
        "住所": "千葉県千葉市美浜区打瀬3-12-1",
        "指定緊急避難場所との住所同一": "1",
        "その他市町村長が必要と認める事項": null,
        "受入対象者": null,
        "備考": ""
      }
    },
    {
      "type": "Feature",
      "geometry": {
        "type": "Point",
        "coordinates": [
          140.041622,
          35.640504
        ]
      },
      "properties": {
        "NO": "1272",
        "共通ID": "E1210000308111",
        "施設・場所名": "海浜打瀬小学校",
        "住所": "千葉県千葉市美浜区打瀬3-3-1",
        "指定緊急避難場所との住所同一": "1",
        "その他市町村長が必要と認める事項": null,
        "受入対象者": null,
        "備考": ""
      }
    },
    {
      "type": "Feature",
      "geometry": {
        "type": "Point",
        "coordinates": [
          140.036361,
          35.665574
        ]
      },
      "properties": {
        "NO": "1273",
        "共通ID": "E1210000310111",
        "施設・場所名": "幕張西公民館",
        "住所": "千葉県千葉市美浜区幕張西2-6-2",
        "指定緊急避難場所との住所同一": "1",
        "その他市町村長が必要と認める事項": null,
        "受入対象者": null,
        "備考": ""
      }
    },
    {
      "type": "Feature",
      "geometry": {
        "type": "Point",
        "coordinates": [
          140.038036,
          35.664865
        ]
      },
      "properties": {
        "NO": "1274",
        "共通ID": "E1210000311111",
        "施設・場所名": "幕張西小学校",
        "住所": "千葉県千葉市美浜区幕張西2-8-1",
        "指定緊急避難場所との住所同一": "1",
        "その他市町村長が必要と認める事項": null,
        "受入対象者": null,
        "備考": ""
      }
    },
    {
      "type": "Feature",
      "geometry": {
        "type": "Point",
        "coordinates": [
          140.037348,
          35.663569
        ]
      },
      "properties": {
        "NO": "1275",
        "共通ID": "E1210000313111",
        "施設・場所名": "幕張西中学校",
        "住所": "千葉県千葉市美浜区幕張西2-9-1",
        "指定緊急避難場所との住所同一": "1",
        "その他市町村長が必要と認める事項": null,
        "受入対象者": null,
        "備考": ""
      }
    },
    {
      "type": "Feature",
      "geometry": {
        "type": "Point",
        "coordinates": [
          140.265018,
          35.523073
        ]
      },
      "properties": {
        "NO": "1276",
        "共通ID": "E1210000316111",
        "施設・場所名": "土気南小学校",
        "住所": "千葉県千葉市緑区あすみが丘4-16",
        "指定緊急避難場所との住所同一": "1",
        "その他市町村長が必要と認める事項": null,
        "受入対象者": null,
        "備考": ""
      }
    },
    {
      "type": "Feature",
      "geometry": {
        "type": "Point",
        "coordinates": [
          140.261005,
          35.524839
        ]
      },
      "properties": {
        "NO": "1277",
        "共通ID": "E1210000317111",
        "施設・場所名": "土気南中学校",
        "住所": "千葉県千葉市緑区あすみが丘4-38",
        "指定緊急避難場所との住所同一": "1",
        "その他市町村長が必要と認める事項": null,
        "受入対象者": null,
        "備考": ""
      }
    },
    {
      "type": "Feature",
      "geometry": {
        "type": "Point",
        "coordinates": [
          140.263327,
          35.519679
        ]
      },
      "properties": {
        "NO": "1278",
        "共通ID": "E1210000320111",
        "施設・場所名": "あすみが丘小学校",
        "住所": "千葉県千葉市緑区あすみが丘6-2",
        "指定緊急避難場所との住所同一": "1",
        "その他市町村長が必要と認める事項": null,
        "受入対象者": null,
        "備考": ""
      }
    },
    {
      "type": "Feature",
      "geometry": {
        "type": "Point",
        "coordinates": [
          140.26234,
          35.514374
        ]
      },
      "properties": {
        "NO": "1279",
        "共通ID": "E1210000321111",
        "施設・場所名": "大椎小学校",
        "住所": "千葉県千葉市緑区あすみが丘6-38",
        "指定緊急避難場所との住所同一": "1",
        "その他市町村長が必要と認める事項": null,
        "受入対象者": null,
        "備考": ""
      }
    },
    {
      "type": "Feature",
      "geometry": {
        "type": "Point",
        "coordinates": [
          140.265204,
          35.521279
        ]
      },
      "properties": {
        "NO": "1280",
        "共通ID": "E1210000322111",
        "施設・場所名": "土気あすみが丘プラザ",
        "住所": "千葉県千葉市緑区あすみが丘7-2-4",
        "指定緊急避難場所との住所同一": "1",
        "その他市町村長が必要と認める事項": null,
        "受入対象者": null,
        "備考": ""
      }
    },
    {
      "type": "Feature",
      "geometry": {
        "type": "Point",
        "coordinates": [
          140.270416,
          35.517118
        ]
      },
      "properties": {
        "NO": "1281",
        "共通ID": "E1210000323111",
        "施設・場所名": "大椎中学校",
        "住所": "千葉県千葉市緑区あすみが丘8-26",
        "指定緊急避難場所との住所同一": "1",
        "その他市町村長が必要と認める事項": null,
        "受入対象者": null,
        "備考": ""
      }
    },
    {
      "type": "Feature",
      "geometry": {
        "type": "Point",
        "coordinates": [
          140.274237,
          35.523568
        ]
      },
      "properties": {
        "NO": "1282",
        "共通ID": "E1210000325111",
        "施設・場所名": "県立土気高等学校",
        "住所": "千葉県千葉市緑区あすみが丘東2-24-1",
        "指定緊急避難場所との住所同一": "1",
        "その他市町村長が必要と認める事項": null,
        "受入対象者": null,
        "備考": ""
      }
    },
    {
      "type": "Feature",
      "geometry": {
        "type": "Point",
        "coordinates": [
          140.166093,
          35.56129
        ]
      },
      "properties": {
        "NO": "1283",
        "共通ID": "E1210000326111",
        "施設・場所名": "有吉小学校",
        "住所": "千葉県千葉市緑区おゆみ野1-53",
        "指定緊急避難場所との住所同一": "1",
        "その他市町村長が必要と認める事項": null,
        "受入対象者": null,
        "備考": ""
      }
    },
    {
      "type": "Feature",
      "geometry": {
        "type": "Point",
        "coordinates": [
          140.170486,
          35.560555
        ]
      },
      "properties": {
        "NO": "1284",
        "共通ID": "E1210000327111",
        "施設・場所名": "有吉中学校",
        "住所": "千葉県千葉市緑区おゆみ野2-41",
        "指定緊急避難場所との住所同一": "1",
        "その他市町村長が必要と認める事項": null,
        "受入対象者": null,
        "備考": ""
      }
    },
    {
      "type": "Feature",
      "geometry": {
        "type": "Point",
        "coordinates": [
          140.175703,
          35.559952
        ]
      },
      "properties": {
        "NO": "1285",
        "共通ID": "E1210000329111",
        "施設・場所名": "鎌取コミュニティセンター",
        "住所": "千葉県千葉市緑区おゆみ野3-15-2",
        "指定緊急避難場所との住所同一": "1",
        "その他市町村長が必要と認める事項": null,
        "受入対象者": null,
        "備考": ""
      }
    },
    {
      "type": "Feature",
      "geometry": {
        "type": "Point",
        "coordinates": [
          140.181398,
          35.555342
        ]
      },
      "properties": {
        "NO": "1286",
        "共通ID": "E1210000330111",
        "施設・場所名": "小谷小学校",
        "住所": "千葉県千葉市緑区おゆみ野4-45",
        "指定緊急避難場所との住所同一": "1",
        "その他市町村長が必要と認める事項": null,
        "受入対象者": null,
        "備考": ""
      }
    },
    {
      "type": "Feature",
      "geometry": {
        "type": "Point",
        "coordinates": [
          140.163464,
          35.556929
        ]
      },
      "properties": {
        "NO": "1287",
        "共通ID": "E1210000331111",
        "施設・場所名": "扇田小学校",
        "住所": "千葉県千葉市緑区おゆみ野中央1-26",
        "指定緊急避難場所との住所同一": "1",
        "その他市町村長が必要と認める事項": null,
        "受入対象者": null,
        "備考": ""
      }
    },
    {
      "type": "Feature",
      "geometry": {
        "type": "Point",
        "coordinates": [
          140.164181,
          35.556087
        ]
      },
      "properties": {
        "NO": "1288",
        "共通ID": "E1210000332111",
        "施設・場所名": "おゆみ野公民館",
        "住所": "千葉県千葉市緑区おゆみ野中央2-7-6",
        "指定緊急避難場所との住所同一": "1",
        "その他市町村長が必要と認める事項": null,
        "受入対象者": null,
        "備考": ""
      }
    },
    {
      "type": "Feature",
      "geometry": {
        "type": "Point",
        "coordinates": [
          140.172145,
          35.554916
        ]
      },
      "properties": {
        "NO": "1289",
        "共通ID": "E1210000333111",
        "施設・場所名": "泉谷中学校",
        "住所": "千葉県千葉市緑区おゆみ野中央4-2",
        "指定緊急避難場所との住所同一": "1",
        "その他市町村長が必要と認める事項": null,
        "受入対象者": null,
        "備考": ""
      }
    },
    {
      "type": "Feature",
      "geometry": {
        "type": "Point",
        "coordinates": [
          140.17359,
          35.554272
        ]
      },
      "properties": {
        "NO": "1290",
        "共通ID": "E1210000334111",
        "施設・場所名": "泉谷小学校",
        "住所": "千葉県千葉市緑区おゆみ野中央4-3",
        "指定緊急避難場所との住所同一": "1",
        "その他市町村長が必要と認める事項": null,
        "受入対象者": null,
        "備考": ""
      }
    },
    {
      "type": "Feature",
      "geometry": {
        "type": "Point",
        "coordinates": [
          140.168743,
          35.545057
        ]
      },
      "properties": {
        "NO": "1291",
        "共通ID": "E1210000336111",
        "施設・場所名": "おゆみ野南小学校",
        "住所": "千葉県千葉市緑区おゆみ野南4-26",
        "指定緊急避難場所との住所同一": "1",
        "その他市町村長が必要と認める事項": null,
        "受入対象者": null,
        "備考": ""
      }
    },
    {
      "type": "Feature",
      "geometry": {
        "type": "Point",
        "coordinates": [
          140.17698,
          35.545119
        ]
      },
      "properties": {
        "NO": "1292",
        "共通ID": "E1210000337111",
        "施設・場所名": "おゆみ野南中学校",
        "住所": "千葉県千葉市緑区おゆみ野南5-25",
        "指定緊急避難場所との住所同一": "1",
        "その他市町村長が必要と認める事項": null,
        "受入対象者": null,
        "備考": ""
      }
    },
    {
      "type": "Feature",
      "geometry": {
        "type": "Point",
        "coordinates": [
          140.172434,
          35.547626
        ]
      },
      "properties": {
        "NO": "1293",
        "共通ID": "E1210000338111",
        "施設・場所名": "金沢小学校",
        "住所": "千葉県千葉市緑区おゆみ野南5-31",
        "指定緊急避難場所との住所同一": "1",
        "その他市町村長が必要と認める事項": null,
        "受入対象者": null,
        "備考": ""
      }
    },
    {
      "type": "Feature",
      "geometry": {
        "type": "Point",
        "coordinates": [
          140.241287,
          35.533554
        ]
      },
      "properties": {
        "NO": "1294",
        "共通ID": "E1210000339111",
        "施設・場所名": "越智中学校",
        "住所": "千葉県千葉市緑区越智町651",
        "指定緊急避難場所との住所同一": "1",
        "その他市町村長が必要と認める事項": null,
        "受入対象者": null,
        "備考": ""
      }
    },
    {
      "type": "Feature",
      "geometry": {
        "type": "Point",
        "coordinates": [
          140.237031,
          35.532181
        ]
      },
      "properties": {
        "NO": "1295",
        "共通ID": "E1210000340111",
        "施設・場所名": "越智小学校",
        "住所": "千葉県千葉市緑区越智町705-359",
        "指定緊急避難場所との住所同一": "1",
        "その他市町村長が必要と認める事項": null,
        "受入対象者": null,
        "備考": ""
      }
    },
    {
      "type": "Feature",
      "geometry": {
        "type": "Point",
        "coordinates": [
          140.236383,
          35.534883
        ]
      },
      "properties": {
        "NO": "1296",
        "共通ID": "E1210000342111",
        "施設・場所名": "越智公民館",
        "住所": "千葉県千葉市緑区越智町822-7",
        "指定緊急避難場所との住所同一": "1",
        "その他市町村長が必要と認める事項": null,
        "受入対象者": null,
        "備考": ""
      }
    },
    {
      "type": "Feature",
      "geometry": {
        "type": "Point",
        "coordinates": [
          140.146295,
          35.549187
        ]
      },
      "properties": {
        "NO": "1297",
        "共通ID": "E1210000343111",
        "施設・場所名": "古市場体育館・古市場公園野球場",
        "住所": "千葉県千葉市緑区古市場町474-277",
        "指定緊急避難場所との住所同一": "1",
        "その他市町村長が必要と認める事項": null,
        "受入対象者": null,
        "備考": ""
      }
    },
    {
      "type": "Feature",
      "geometry": {
        "type": "Point",
        "coordinates": [
          140.250358,
          35.531038
        ]
      },
      "properties": {
        "NO": "1298",
        "共通ID": "E1210000346111",
        "施設・場所名": "大木戸小学校",
        "住所": "千葉県千葉市緑区大木戸町317",
        "指定緊急避難場所との住所同一": "1",
        "その他市町村長が必要と認める事項": null,
        "受入対象者": null,
        "備考": ""
      }
    },
    {
      "type": "Feature",
      "geometry": {
        "type": "Point",
        "coordinates": [
          140.272533,
          35.54135
        ]
      },
      "properties": {
        "NO": "1299",
        "共通ID": "E1210000348111",
        "施設・場所名": "土気中学校",
        "住所": "千葉県千葉市緑区土気町1400",
        "指定緊急避難場所との住所同一": "1",
        "その他市町村長が必要と認める事項": null,
        "受入対象者": null,
        "備考": ""
      }
    },
    {
      "type": "Feature",
      "geometry": {
        "type": "Point",
        "coordinates": [
          140.273647,
          35.530729
        ]
      },
      "properties": {
        "NO": "1300",
        "共通ID": "E1210000349111",
        "施設・場所名": "土気公民館",
        "住所": "千葉県千葉市緑区土気町1631-7",
        "指定緊急避難場所との住所同一": "1",
        "その他市町村長が必要と認める事項": null,
        "受入対象者": null,
        "備考": ""
      }
    },
    {
      "type": "Feature",
      "geometry": {
        "type": "Point",
        "coordinates": [
          140.27324,
          35.530758
        ]
      },
      "properties": {
        "NO": "1301",
        "共通ID": "E1210000350111",
        "施設・場所名": "土気市民センター",
        "住所": "千葉県千葉市緑区土気町1634",
        "指定緊急避難場所との住所同一": "1",
        "その他市町村長が必要と認める事項": null,
        "受入対象者": null,
        "備考": ""
      }
    },
    {
      "type": "Feature",
      "geometry": {
        "type": "Point",
        "coordinates": [
          140.273411,
          35.531626
        ]
      },
      "properties": {
        "NO": "1302",
        "共通ID": "E1210000351111",
        "施設・場所名": "土気小学校",
        "住所": "千葉県千葉市緑区土気町1634-2",
        "指定緊急避難場所との住所同一": "1",
        "その他市町村長が必要と認める事項": null,
        "受入対象者": null,
        "備考": ""
      }
    },
    {
      "type": "Feature",
      "geometry": {
        "type": "Point",
        "coordinates": [
          140.163851,
          35.543663
        ]
      },
      "properties": {
        "NO": "1303",
        "共通ID": "E1210000353111",
        "施設・場所名": "椎名公民館",
        "住所": "千葉県千葉市緑区富岡町290-1",
        "指定緊急避難場所との住所同一": "1",
        "その他市町村長が必要と認める事項": null,
        "受入対象者": null,
        "備考": ""
      }
    },
    {
      "type": "Feature",
      "geometry": {
        "type": "Point",
        "coordinates": [
          140.180059,
          35.568846
        ]
      },
      "properties": {
        "NO": "1304",
        "共通ID": "E1210000355111",
        "施設・場所名": "平山小学校",
        "住所": "千葉県千葉市緑区辺田町141",
        "指定緊急避難場所との住所同一": "1",
        "その他市町村長が必要と認める事項": null,
        "受入対象者": null,
        "備考": ""
      }
    },
    {
      "type": "Feature",
      "geometry": {
        "type": "Point",
        "coordinates": [
          140.163408,
          35.541806
        ]
      },
      "properties": {
        "NO": "1305",
        "共通ID": "E1210000357111",
        "施設・場所名": "椎名小学校",
        "住所": "千葉県千葉市緑区茂呂町582",
        "指定緊急避難場所との住所同一": "1",
        "その他市町村長が必要と認める事項": null,
        "受入対象者": null,
        "備考": ""
      }
    },
    {
      "type": "Feature",
      "geometry": {
        "type": "Point",
        "coordinates": [
          140.202982,
          35.552381
        ]
      },
      "properties": {
        "NO": "1306",
        "共通ID": "E1210000358111",
        "施設・場所名": "誉田中学校",
        "住所": "千葉県千葉市緑区誉田町1-138",
        "指定緊急避難場所との住所同一": "1",
        "その他市町村長が必要と認める事項": null,
        "受入対象者": null,
        "備考": ""
      }
    },
    {
      "type": "Feature",
      "geometry": {
        "type": "Point",
        "coordinates": [
          140.204475,
          35.549554
        ]
      },
      "properties": {
        "NO": "1307",
        "共通ID": "E1210000359111",
        "施設・場所名": "誉田小学校",
        "住所": "千葉県千葉市緑区誉田町1-27",
        "指定緊急避難場所との住所同一": "1",
        "その他市町村長が必要と認める事項": null,
        "受入対象者": null,
        "備考": ""
      }
    },
    {
      "type": "Feature",
      "geometry": {
        "type": "Point",
        "coordinates": [
          140.203233,
          35.549869
        ]
      },
      "properties": {
        "NO": "1308",
        "共通ID": "E1210000361111",
        "施設・場所名": "誉田公民館",
        "住所": "千葉県千葉市緑区誉田町1-789-49",
        "指定緊急避難場所との住所同一": "1",
        "その他市町村長が必要と認める事項": null,
        "受入対象者": null,
        "備考": ""
      }
    },
    {
      "type": "Feature",
      "geometry": {
        "type": "Point",
        "coordinates": [
          140.218211,
          35.549533
        ]
      },
      "properties": {
        "NO": "1309",
        "共通ID": "E1210000362111",
        "施設・場所名": "誉田東小学校",
        "住所": "千葉県千葉市緑区誉田町2-21-84",
        "指定緊急避難場所との住所同一": "1",
        "その他市町村長が必要と認める事項": null,
        "受入対象者": null,
        "備考": ""
      }
    },
    {
      "type": "Feature",
      "geometry": {
        "type": "Point",
        "coordinates": [
          140.04185,
          35.762315
        ]
      },
      "properties": {
        "NO": "1310",
        "共通ID": "E1220400222121",
        "施設・場所名": "みやぎ台南生苑",
        "住所": "千葉県船橋市みやぎ台4-18-1",
        "指定緊急避難場所との住所同一": "",
        "その他市町村長が必要と認める事項": "",
        "受入対象者": "要介護高齢者",
        "備考": ""
      }
    },
    {
      "type": "Feature",
      "geometry": {
        "type": "Point",
        "coordinates": [
          139.987392,
          35.735578
        ]
      },
      "properties": {
        "NO": "1311",
        "共通ID": "E1220400004111",
        "施設・場所名": "船橋市立旭中学校",
        "住所": "千葉県船橋市旭町2-23-1",
        "指定緊急避難場所との住所同一": "1",
        "その他市町村長が必要と認める事項": null,
        "受入対象者": null,
        "備考": ""
      }
    },
    {
      "type": "Feature",
      "geometry": {
        "type": "Point",
        "coordinates": [
          139.984487,
          35.731549
        ]
      },
      "properties": {
        "NO": "1312",
        "共通ID": "E1220400005111",
        "施設・場所名": "千葉県立船橋啓明高等学校",
        "住所": "千葉県船橋市旭町333",
        "指定緊急避難場所との住所同一": "1",
        "その他市町村長が必要と認める事項": null,
        "受入対象者": null,
        "備考": ""
      }
    },
    {
      "type": "Feature",
      "geometry": {
        "type": "Point",
        "coordinates": [
          139.993576,
          35.735622
        ]
      },
      "properties": {
        "NO": "1313",
        "共通ID": "E1220400193121",
        "施設・場所名": "ふなばし翔裕園",
        "住所": "千葉県船橋市旭町4-19-30",
        "指定緊急避難場所との住所同一": "",
        "その他市町村長が必要と認める事項": "",
        "受入対象者": "要介護高齢者",
        "備考": ""
      }
    },
    {
      "type": "Feature",
      "geometry": {
        "type": "Point",
        "coordinates": [
          139.992188,
          35.733341
        ]
      },
      "properties": {
        "NO": "1314",
        "共通ID": "E1220400180122",
        "施設・場所名": "みどりの丘",
        "住所": "千葉県船橋市旭町4-9-1",
        "指定緊急避難場所との住所同一": "",
        "その他市町村長が必要と認める事項": "",
        "受入対象者": "要介護高齢者",
        "備考": ""
      }
    },
    {
      "type": "Feature",
      "geometry": {
        "type": "Point",
        "coordinates": [
          139.992188,
          35.733341
        ]
      },
      "properties": {
        "NO": "1315",
        "共通ID": "E1220400180121",
        "施設・場所名": "船橋あさひ苑",
        "住所": "千葉県船橋市旭町4-9-1",
        "指定緊急避難場所との住所同一": "",
        "その他市町村長が必要と認める事項": "",
        "受入対象者": "要介護高齢者",
        "備考": ""
      }
    },
    {
      "type": "Feature",
      "geometry": {
        "type": "Point",
        "coordinates": [
          139.959099,
          35.712679
        ]
      },
      "properties": {
        "NO": "1316",
        "共通ID": "E1220400006111",
        "施設・場所名": "船橋市立葛飾小学校",
        "住所": "千葉県船橋市印内1-2-1",
        "指定緊急避難場所との住所同一": "1",
        "その他市町村長が必要と認める事項": null,
        "受入対象者": null,
        "備考": ""
      }
    },
    {
      "type": "Feature",
      "geometry": {
        "type": "Point",
        "coordinates": [
          139.960277,
          35.714105
        ]
      },
      "properties": {
        "NO": "1317",
        "共通ID": "E1220400007111",
        "施設・場所名": "船橋市立葛飾中学校",
        "住所": "千葉県船橋市印内1-5-1",
        "指定緊急避難場所との住所同一": "1",
        "その他市町村長が必要と認める事項": null,
        "受入対象者": null,
        "備考": ""
      }
    },
    {
      "type": "Feature",
      "geometry": {
        "type": "Point",
        "coordinates": [
          139.976375,
          35.693804
        ]
      },
      "properties": {
        "NO": "1318",
        "共通ID": "E1220400008111",
        "施設・場所名": "船橋市立南本町小学校",
        "住所": "千葉県船橋市栄町1-7-1",
        "指定緊急避難場所との住所同一": "1",
        "その他市町村長が必要と認める事項": null,
        "受入対象者": null,
        "備考": ""
      }
    },
    {
      "type": "Feature",
      "geometry": {
        "type": "Point",
        "coordinates": [
          139.987321,
          35.709331
        ]
      },
      "properties": {
        "NO": "1319",
        "共通ID": "E1220400010111",
        "施設・場所名": "船橋市立船橋中学校",
        "住所": "千葉県船橋市夏見2-11-1",
        "指定緊急避難場所との住所同一": "1",
        "その他市町村長が必要と認める事項": null,
        "受入対象者": null,
        "備考": ""
      }
    },
    {
      "type": "Feature",
      "geometry": {
        "type": "Point",
        "coordinates": [
          139.992263,
          35.711649
        ]
      },
      "properties": {
        "NO": "1320",
        "共通ID": "E1220400011111",
        "施設・場所名": "船橋市夏見公民館",
        "住所": "千葉県船橋市夏見2-29-1",
        "指定緊急避難場所との住所同一": "",
        "その他市町村長が必要と認める事項": null,
        "受入対象者": null,
        "備考": ""
      }
    },
    {
      "type": "Feature",
      "geometry": {
        "type": "Point",
        "coordinates": [
          139.992263,
          35.711649
        ]
      },
      "properties": {
        "NO": "1321",
        "共通ID": "E1220400011121",
        "施設・場所名": "船橋市夏見公民館",
        "住所": "千葉県船橋市夏見2-29-1",
        "指定緊急避難場所との住所同一": "",
        "その他市町村長が必要と認める事項": null,
        "受入対象者": "要配慮者",
        "備考": ""
      }
    },
    {
      "type": "Feature",
      "geometry": {
        "type": "Point",
        "coordinates": [
          139.993523,
          35.711797
        ]
      },
      "properties": {
        "NO": "1322",
        "共通ID": "E1220400012111",
        "施設・場所名": "船橋市立八栄小学校",
        "住所": "千葉県船橋市夏見5-27-1",
        "指定緊急避難場所との住所同一": "1",
        "その他市町村長が必要と認める事項": null,
        "受入対象者": null,
        "備考": ""
      }
    },
    {
      "type": "Feature",
      "geometry": {
        "type": "Point",
        "coordinates": [
          139.995257,
          35.718119
        ]
      },
      "properties": {
        "NO": "1323",
        "共通ID": "E1220400013121",
        "施設・場所名": "中央老人福祉センター",
        "住所": "千葉県船橋市夏見台1-11-3",
        "指定緊急避難場所との住所同一": "",
        "その他市町村長が必要と認める事項": null,
        "受入対象者": "要配慮者",
        "備考": ""
      }
    },
    {
      "type": "Feature",
      "geometry": {
        "type": "Point",
        "coordinates": [
          139.994966,
          35.721716
        ]
      },
      "properties": {
        "NO": "1324",
        "共通ID": "E1220400014111",
        "施設・場所名": "船橋市立夏見台小学校",
        "住所": "千葉県船橋市夏見台2-12-1",
        "指定緊急避難場所との住所同一": "1",
        "その他市町村長が必要と認める事項": null,
        "受入対象者": null,
        "備考": ""
      }
    },
    {
      "type": "Feature",
      "geometry": {
        "type": "Point",
        "coordinates": [
          139.997314,
          35.725754
        ]
      },
      "properties": {
        "NO": "1325",
        "共通ID": "E1220400230121",
        "施設・場所名": "なつみの郷",
        "住所": "千葉県船橋市夏見台4-24-1",
        "指定緊急避難場所との住所同一": "",
        "その他市町村長が必要と認める事項": "",
        "受入対象者": "要介護高齢者",
        "備考": ""
      }
    },
    {
      "type": "Feature",
      "geometry": {
        "type": "Point",
        "coordinates": [
          139.979737,
          35.70331
        ]
      },
      "properties": {
        "NO": "1326",
        "共通ID": "E1220400017111",
        "施設・場所名": "船橋市立海神小学校",
        "住所": "千葉県船橋市海神2-6-5",
        "指定緊急避難場所との住所同一": "1",
        "その他市町村長が必要と認める事項": null,
        "受入対象者": null,
        "備考": ""
      }
    },
    {
      "type": "Feature",
      "geometry": {
        "type": "Point",
        "coordinates": [
          139.97609,
          35.710389
        ]
      },
      "properties": {
        "NO": "1327",
        "共通ID": "E1220400018111",
        "施設・場所名": "船橋市立海神中学校",
        "住所": "千葉県船橋市海神4-27-1",
        "指定緊急避難場所との住所同一": "1",
        "その他市町村長が必要と認める事項": null,
        "受入対象者": null,
        "備考": ""
      }
    },
    {
      "type": "Feature",
      "geometry": {
        "type": "Point",
        "coordinates": [
          139.968115,
          35.709496
        ]
      },
      "properties": {
        "NO": "1328",
        "共通ID": "E1220400019111",
        "施設・場所名": "船橋市立西海神小学校",
        "住所": "千葉県船橋市海神5-19-36",
        "指定緊急避難場所との住所同一": "1",
        "その他市町村長が必要と認める事項": null,
        "受入対象者": null,
        "備考": ""
      }
    },
    {
      "type": "Feature",
      "geometry": {
        "type": "Point",
        "coordinates": [
          139.972865,
          35.704988
        ]
      },
      "properties": {
        "NO": "1329",
        "共通ID": "E1220400020121",
        "施設・場所名": "船橋市海神公民館",
        "住所": "千葉県船橋市海神6-3-36",
        "指定緊急避難場所との住所同一": "",
        "その他市町村長が必要と認める事項": null,
        "受入対象者": "要配慮者",
        "備考": ""
      }
    },
    {
      "type": "Feature",
      "geometry": {
        "type": "Point",
        "coordinates": [
          139.972865,
          35.704988
        ]
      },
      "properties": {
        "NO": "1330",
        "共通ID": "E1220400020111",
        "施設・場所名": "船橋市海神公民館",
        "住所": "千葉県船橋市海神6-3-36",
        "指定緊急避難場所との住所同一": "",
        "その他市町村長が必要と認める事項": null,
        "受入対象者": null,
        "備考": ""
      }
    },
    {
      "type": "Feature",
      "geometry": {
        "type": "Point",
        "coordinates": [
          139.968358,
          35.700949
        ]
      },
      "properties": {
        "NO": "1331",
        "共通ID": "E1220400021111",
        "施設・場所名": "船橋市立海神南小学校",
        "住所": "千葉県船橋市海神町南1-1510",
        "指定緊急避難場所との住所同一": "1",
        "その他市町村長が必要と認める事項": null,
        "受入対象者": null,
        "備考": ""
      }
    },
    {
      "type": "Feature",
      "geometry": {
        "type": "Point",
        "coordinates": [
          139.997495,
          35.750105
        ]
      },
      "properties": {
        "NO": "1332",
        "共通ID": "E1220400022111",
        "施設・場所名": "船橋市立丸山小学校",
        "住所": "千葉県船橋市丸山4-43-1",
        "指定緊急避難場所との住所同一": "1",
        "その他市町村長が必要と認める事項": null,
        "受入対象者": null,
        "備考": ""
      }
    },
    {
      "type": "Feature",
      "geometry": {
        "type": "Point",
        "coordinates": [
          139.996512,
          35.746392
        ]
      },
      "properties": {
        "NO": "1333",
        "共通ID": "E1220400023111",
        "施設・場所名": "船橋市丸山公民館",
        "住所": "千葉県船橋市丸山5-19-6",
        "指定緊急避難場所との住所同一": "",
        "その他市町村長が必要と認める事項": null,
        "受入対象者": null,
        "備考": ""
      }
    },
    {
      "type": "Feature",
      "geometry": {
        "type": "Point",
        "coordinates": [
          139.996512,
          35.746392
        ]
      },
      "properties": {
        "NO": "1334",
        "共通ID": "E1220400023121",
        "施設・場所名": "船橋市丸山公民館",
        "住所": "千葉県船橋市丸山5-19-6",
        "指定緊急避難場所との住所同一": "",
        "その他市町村長が必要と認める事項": null,
        "受入対象者": "要配慮者",
        "備考": ""
      }
    },
    {
      "type": "Feature",
      "geometry": {
        "type": "Point",
        "coordinates": [
          139.995678,
          35.745499
        ]
      },
      "properties": {
        "NO": "1335",
        "共通ID": "E1220400024111",
        "施設・場所名": "船橋市立法典東小学校",
        "住所": "千葉県船橋市丸山5-25-1",
        "指定緊急避難場所との住所同一": "1",
        "その他市町村長が必要と認める事項": null,
        "受入対象者": null,
        "備考": ""
      }
    },
    {
      "type": "Feature",
      "geometry": {
        "type": "Point",
        "coordinates": [
          139.994989,
          35.697678
        ]
      },
      "properties": {
        "NO": "1336",
        "共通ID": "E1220400026121",
        "施設・場所名": "船橋市宮本公民館",
        "住所": "千葉県船橋市宮本6-18-1",
        "指定緊急避難場所との住所同一": "",
        "その他市町村長が必要と認める事項": null,
        "受入対象者": "要配慮者",
        "備考": ""
      }
    },
    {
      "type": "Feature",
      "geometry": {
        "type": "Point",
        "coordinates": [
          139.994989,
          35.697678
        ]
      },
      "properties": {
        "NO": "1337",
        "共通ID": "E1220400026111",
        "施設・場所名": "船橋市宮本公民館",
        "住所": "千葉県船橋市宮本6-18-1",
        "指定緊急避難場所との住所同一": "",
        "その他市町村長が必要と認める事項": null,
        "受入対象者": null,
        "備考": ""
      }
    },
    {
      "type": "Feature",
      "geometry": {
        "type": "Point",
        "coordinates": [
          139.997652,
          35.699174
        ]
      },
      "properties": {
        "NO": "1338",
        "共通ID": "E1220400027111",
        "施設・場所名": "船橋市立峰台小学校",
        "住所": "千葉県船橋市宮本6-33-1",
        "指定緊急避難場所との住所同一": "1",
        "その他市町村長が必要と認める事項": null,
        "受入対象者": null,
        "備考": ""
      }
    },
    {
      "type": "Feature",
      "geometry": {
        "type": "Point",
        "coordinates": [
          139.996487,
          35.694141
        ]
      },
      "properties": {
        "NO": "1339",
        "共通ID": "E1220400028111",
        "施設・場所名": "船橋市立宮本小学校",
        "住所": "千葉県船橋市宮本7-10-1",
        "指定緊急避難場所との住所同一": "1",
        "その他市町村長が必要と認める事項": null,
        "受入対象者": null,
        "備考": ""
      }
    },
    {
      "type": "Feature",
      "geometry": {
        "type": "Point",
        "coordinates": [
          140.01766,
          35.738054
        ]
      },
      "properties": {
        "NO": "1340",
        "共通ID": "E1220400030111",
        "施設・場所名": "船橋市立御滝中学校",
        "住所": "千葉県船橋市金杉6-5-1",
        "指定緊急避難場所との住所同一": "1",
        "その他市町村長が必要と認める事項": null,
        "受入対象者": null,
        "備考": ""
      }
    },
    {
      "type": "Feature",
      "geometry": {
        "type": "Point",
        "coordinates": [
          140.015992,
          35.731313
        ]
      },
      "properties": {
        "NO": "1341",
        "共通ID": "E1220400031111",
        "施設・場所名": "船橋市立金杉小学校",
        "住所": "千葉県船橋市金杉8-10-1",
        "指定緊急避難場所との住所同一": "1",
        "その他市町村長が必要と認める事項": null,
        "受入対象者": null,
        "備考": ""
      }
    },
    {
      "type": "Feature",
      "geometry": {
        "type": "Point",
        "coordinates": [
          140.010472,
          35.73771
        ]
      },
      "properties": {
        "NO": "1342",
        "共通ID": "E1220400032111",
        "施設・場所名": "御滝中学校　金杉台武道室",
        "住所": "千葉県船橋市金杉台1-2-18",
        "指定緊急避難場所との住所同一": "1",
        "その他市町村長が必要と認める事項": "",
        "受入対象者": "",
        "備考": ""
      }
    },
    {
      "type": "Feature",
      "geometry": {
        "type": "Point",
        "coordinates": [
          140.014323,
          35.737208
        ]
      },
      "properties": {
        "NO": "1343",
        "共通ID": "E1220400033111",
        "施設・場所名": "船橋市立金杉台小学校",
        "住所": "千葉県船橋市金杉台2-1-7",
        "指定緊急避難場所との住所同一": "1",
        "その他市町村長が必要と認める事項": null,
        "受入対象者": null,
        "備考": ""
      }
    },
    {
      "type": "Feature",
      "geometry": {
        "type": "Point",
        "coordinates": [
          139.999359,
          35.719112
        ]
      },
      "properties": {
        "NO": "1344",
        "共通ID": "E1220400185121",
        "施設・場所名": "船橋健恒会ケアセンター南館",
        "住所": "千葉県船橋市金杉町139-2",
        "指定緊急避難場所との住所同一": "",
        "その他市町村長が必要と認める事項": "",
        "受入対象者": "要介護高齢者",
        "備考": ""
      }
    },
    {
      "type": "Feature",
      "geometry": {
        "type": "Point",
        "coordinates": [
          139.999359,
          35.719112
        ]
      },
      "properties": {
        "NO": "1345",
        "共通ID": "E1220400184121",
        "施設・場所名": "船橋健恒会ケアセンター",
        "住所": "千葉県船橋市金杉町141-2",
        "指定緊急避難場所との住所同一": "",
        "その他市町村長が必要と認める事項": "",
        "受入対象者": "要介護高齢者",
        "備考": ""
      }
    },
    {
      "type": "Feature",
      "geometry": {
        "type": "Point",
        "coordinates": [
          140.063202,
          35.750793
        ]
      },
      "properties": {
        "NO": "1346",
        "共通ID": "E1220400189121",
        "施設・場所名": "プレーゲ船橋",
        "住所": "千葉県船橋市金堀町195",
        "指定緊急避難場所との住所同一": "",
        "その他市町村長が必要と認める事項": "",
        "受入対象者": "要介護高齢者",
        "備考": ""
      }
    },
    {
      "type": "Feature",
      "geometry": {
        "type": "Point",
        "coordinates": [
          140.056402,
          35.7581
        ]
      },
      "properties": {
        "NO": "1347",
        "共通ID": "E1220400034121",
        "施設・場所名": "船橋市立船橋特別支援学校",
        "住所": "千葉県船橋市金堀町349-1",
        "指定緊急避難場所との住所同一": "",
        "その他市町村長が必要と認める事項": null,
        "受入対象者": "要配慮者",
        "備考": ""
      }
    },
    {
      "type": "Feature",
      "geometry": {
        "type": "Point",
        "coordinates": [
          140.061844,
          35.753986
        ]
      },
      "properties": {
        "NO": "1348",
        "共通ID": "E1220400208121",
        "施設・場所名": "ふなばし工房",
        "住所": "千葉県船橋市金堀町432-2",
        "指定緊急避難場所との住所同一": "",
        "その他市町村長が必要と認める事項": "",
        "受入対象者": "知的障害者",
        "備考": ""
      }
    },
    {
      "type": "Feature",
      "geometry": {
        "type": "Point",
        "coordinates": [
          140.060623,
          35.755417
        ]
      },
      "properties": {
        "NO": "1349",
        "共通ID": "E1220400207121",
        "施設・場所名": "大久保学園",
        "住所": "千葉県船橋市金堀町499-1",
        "指定緊急避難場所との住所同一": "",
        "その他市町村長が必要と認める事項": "",
        "受入対象者": "知的障害者",
        "備考": ""
      }
    },
    {
      "type": "Feature",
      "geometry": {
        "type": "Point",
        "coordinates": [
          140.061613,
          35.743508
        ]
      },
      "properties": {
        "NO": "1350",
        "共通ID": "E1220400221121",
        "施設・場所名": "南生苑",
        "住所": "千葉県船橋市古和釜町430-1",
        "指定緊急避難場所との住所同一": "",
        "その他市町村長が必要と認める事項": "",
        "受入対象者": "要介護高齢者",
        "備考": ""
      }
    },
    {
      "type": "Feature",
      "geometry": {
        "type": "Point",
        "coordinates": [
          140.055565,
          35.73971
        ]
      },
      "properties": {
        "NO": "1351",
        "共通ID": "E1220400036111",
        "施設・場所名": "千葉県立船橋古和釜高等学校",
        "住所": "千葉県船橋市古和釜町586",
        "指定緊急避難場所との住所同一": "1",
        "その他市町村長が必要と認める事項": null,
        "受入対象者": null,
        "備考": ""
      }
    },
    {
      "type": "Feature",
      "geometry": {
        "type": "Point",
        "coordinates": [
          140.052048,
          35.741737
        ]
      },
      "properties": {
        "NO": "1352",
        "共通ID": "E1220400178121",
        "施設・場所名": "船橋百寿苑",
        "住所": "千葉県船橋市古和釜町791-1",
        "指定緊急避難場所との住所同一": "",
        "その他市町村長が必要と認める事項": "",
        "受入対象者": "要介護高齢者",
        "備考": ""
      }
    },
    {
      "type": "Feature",
      "geometry": {
        "type": "Point",
        "coordinates": [
          140.052048,
          35.741737
        ]
      },
      "properties": {
        "NO": "1353",
        "共通ID": "E1220400178122",
        "施設・場所名": "福寿荘",
        "住所": "千葉県船橋市古和釜町791-1",
        "指定緊急避難場所との住所同一": "",
        "その他市町村長が必要と認める事項": "",
        "受入対象者": "要介護高齢者",
        "備考": ""
      }
    },
    {
      "type": "Feature",
      "geometry": {
        "type": "Point",
        "coordinates": [
          139.980201,
          35.718709
        ]
      },
      "properties": {
        "NO": "1354",
        "共通ID": "E1220400037111",
        "施設・場所名": "船橋市立塚田南小学校",
        "住所": "千葉県船橋市行田1-50-1",
        "指定緊急避難場所との住所同一": "1",
        "その他市町村長が必要と認める事項": null,
        "受入対象者": null,
        "備考": ""
      }
    },
    {
      "type": "Feature",
      "geometry": {
        "type": "Point",
        "coordinates": [
          139.973548,
          35.71691
        ]
      },
      "properties": {
        "NO": "1355",
        "共通ID": "E1220400038111",
        "施設・場所名": "船橋市立行田東小学校",
        "住所": "千葉県船橋市行田2-4-1",
        "指定緊急避難場所との住所同一": "1",
        "その他市町村長が必要と認める事項": null,
        "受入対象者": null,
        "備考": ""
      }
    },
    {
      "type": "Feature",
      "geometry": {
        "type": "Point",
        "coordinates": [
          139.972022,
          35.721901
        ]
      },
      "properties": {
        "NO": "1356",
        "共通ID": "E1220400220121",
        "施設・場所名": "さざんかキッズ",
        "住所": "千葉県船橋市行田2-8-1",
        "指定緊急避難場所との住所同一": "",
        "その他市町村長が必要と認める事項": "",
        "受入対象者": "障害児",
        "備考": ""
      }
    },
    {
      "type": "Feature",
      "geometry": {
        "type": "Point",
        "coordinates": [
          139.972263,
          35.723151
        ]
      },
      "properties": {
        "NO": "1357",
        "共通ID": "E1220400214121",
        "施設・場所名": "障害者通所施設　アトリエ　プレジュ",
        "住所": "千葉県船橋市行田2-9-1",
        "指定緊急避難場所との住所同一": "",
        "その他市町村長が必要と認める事項": "",
        "受入対象者": "身体障害者",
        "備考": ""
      }
    },
    {
      "type": "Feature",
      "geometry": {
        "type": "Point",
        "coordinates": [
          139.968077,
          35.718979
        ]
      },
      "properties": {
        "NO": "1358",
        "共通ID": "E1220400040111",
        "施設・場所名": "船橋市立行田西小学校",
        "住所": "千葉県船橋市行田3-4-1",
        "指定緊急避難場所との住所同一": "1",
        "その他市町村長が必要と認める事項": null,
        "受入対象者": null,
        "備考": ""
      }
    },
    {
      "type": "Feature",
      "geometry": {
        "type": "Point",
        "coordinates": [
          139.969798,
          35.721039
        ]
      },
      "properties": {
        "NO": "1359",
        "共通ID": "E1220400041111",
        "施設・場所名": "船橋市立行田中学校",
        "住所": "千葉県船橋市行田3-6-1",
        "指定緊急避難場所との住所同一": "1",
        "その他市町村長が必要と認める事項": null,
        "受入対象者": null,
        "備考": ""
      }
    },
    {
      "type": "Feature",
      "geometry": {
        "type": "Point",
        "coordinates": [
          140.031509,
          35.730472
        ]
      },
      "properties": {
        "NO": "1360",
        "共通ID": "E1220400042111",
        "施設・場所名": "船橋市高根台公民館",
        "住所": "千葉県船橋市高根台1-2-5",
        "指定緊急避難場所との住所同一": "",
        "その他市町村長が必要と認める事項": null,
        "受入対象者": null,
        "備考": ""
      }
    },
    {
      "type": "Feature",
      "geometry": {
        "type": "Point",
        "coordinates": [
          140.031509,
          35.730472
        ]
      },
      "properties": {
        "NO": "1361",
        "共通ID": "E1220400042121",
        "施設・場所名": "船橋市高根台公民館",
        "住所": "千葉県船橋市高根台1-2-5",
        "指定緊急避難場所との住所同一": "",
        "その他市町村長が必要と認める事項": null,
        "受入対象者": "要配慮者",
        "備考": ""
      }
    },
    {
      "type": "Feature",
      "geometry": {
        "type": "Point",
        "coordinates": [
          140.032476,
          35.730145
        ]
      },
      "properties": {
        "NO": "1362",
        "共通ID": "E1220400043111",
        "施設・場所名": "船橋市立高根台第三小学校",
        "住所": "千葉県船橋市高根台1-4-1",
        "指定緊急避難場所との住所同一": "1",
        "その他市町村長が必要と認める事項": null,
        "受入対象者": null,
        "備考": ""
      }
    },
    {
      "type": "Feature",
      "geometry": {
        "type": "Point",
        "coordinates": [
          140.028893,
          35.735115
        ]
      },
      "properties": {
        "NO": "1363",
        "共通ID": "E1220400044111",
        "施設・場所名": "船橋市立船橋特別支援学校高根台校舎",
        "住所": "千葉県船橋市高根台2-1-1",
        "指定緊急避難場所との住所同一": "1",
        "その他市町村長が必要と認める事項": null,
        "受入対象者": null,
        "備考": ""
      }
    },
    {
      "type": "Feature",
      "geometry": {
        "type": "Point",
        "coordinates": [
          140.028893,
          35.735115
        ]
      },
      "properties": {
        "NO": "1364",
        "共通ID": "E1220400044121",
        "施設・場所名": "船橋市立船橋特別支援学校高根台校舎",
        "住所": "千葉県船橋市高根台2-1-1",
        "指定緊急避難場所との住所同一": "1",
        "その他市町村長が必要と認める事項": null,
        "受入対象者": "要配慮者",
        "備考": ""
      }
    },
    {
      "type": "Feature",
      "geometry": {
        "type": "Point",
        "coordinates": [
          140.038773,
          35.73296
        ]
      },
      "properties": {
        "NO": "1365",
        "共通ID": "E1220400191121",
        "施設・場所名": "船橋愛弘園",
        "住所": "千葉県船橋市高根台3-10-1",
        "指定緊急避難場所との住所同一": "",
        "その他市町村長が必要と認める事項": "",
        "受入対象者": "要介護高齢者",
        "備考": ""
      }
    },
    {
      "type": "Feature",
      "geometry": {
        "type": "Point",
        "coordinates": [
          140.04299,
          35.731386
        ]
      },
      "properties": {
        "NO": "1366",
        "共通ID": "E1220400045111",
        "施設・場所名": "船橋市立高根台中学校",
        "住所": "千葉県船橋市高根台3-3-1",
        "指定緊急避難場所との住所同一": "1",
        "その他市町村長が必要と認める事項": null,
        "受入対象者": null,
        "備考": ""
      }
    },
    {
      "type": "Feature",
      "geometry": {
        "type": "Point",
        "coordinates": [
          140.041504,
          35.729375
        ]
      },
      "properties": {
        "NO": "1367",
        "共通ID": "E1220400046111",
        "施設・場所名": "船橋市立高根台第二小学校",
        "住所": "千葉県船橋市高根台5-2-1",
        "指定緊急避難場所との住所同一": "1",
        "その他市町村長が必要と認める事項": null,
        "受入対象者": null,
        "備考": ""
      }
    },
    {
      "type": "Feature",
      "geometry": {
        "type": "Point",
        "coordinates": [
          140.011612,
          35.717323
        ]
      },
      "properties": {
        "NO": "1368",
        "共通ID": "E1220400201121",
        "施設・場所名": "船橋うぐいす園",
        "住所": "千葉県船橋市高根町1-1",
        "指定緊急避難場所との住所同一": "",
        "その他市町村長が必要と認める事項": "",
        "受入対象者": "要介護高齢者",
        "備考": ""
      }
    },
    {
      "type": "Feature",
      "geometry": {
        "type": "Point",
        "coordinates": [
          140.004913,
          35.721001
        ]
      },
      "properties": {
        "NO": "1369",
        "共通ID": "E1220400195121",
        "施設・場所名": "ノテ船橋",
        "住所": "千葉県船橋市高根町1665-2",
        "指定緊急避難場所との住所同一": "",
        "その他市町村長が必要と認める事項": "",
        "受入対象者": "要介護高齢者",
        "備考": ""
      }
    },
    {
      "type": "Feature",
      "geometry": {
        "type": "Point",
        "coordinates": [
          140.009562,
          35.727315
        ]
      },
      "properties": {
        "NO": "1370",
        "共通ID": "E1220400048111",
        "施設・場所名": "船橋市高根公民館",
        "住所": "千葉県船橋市高根町2885-3",
        "指定緊急避難場所との住所同一": "",
        "その他市町村長が必要と認める事項": null,
        "受入対象者": null,
        "備考": ""
      }
    },
    {
      "type": "Feature",
      "geometry": {
        "type": "Point",
        "coordinates": [
          140.009562,
          35.727315
        ]
      },
      "properties": {
        "NO": "1371",
        "共通ID": "E1220400048121",
        "施設・場所名": "船橋市高根公民館",
        "住所": "千葉県船橋市高根町2885-3",
        "指定緊急避難場所との住所同一": "",
        "その他市町村長が必要と認める事項": null,
        "受入対象者": "要配慮者",
        "備考": ""
      }
    },
    {
      "type": "Feature",
      "geometry": {
        "type": "Point",
        "coordinates": [
          140.009049,
          35.726862
        ]
      },
      "properties": {
        "NO": "1372",
        "共通ID": "E1220400049111",
        "施設・場所名": "船橋市立高根小学校",
        "住所": "千葉県船橋市高根町2895",
        "指定緊急避難場所との住所同一": "1",
        "その他市町村長が必要と認める事項": null,
        "受入対象者": null,
        "備考": ""
      }
    },
    {
      "type": "Feature",
      "geometry": {
        "type": "Point",
        "coordinates": [
          140.034805,
          35.768429
        ]
      },
      "properties": {
        "NO": "1373",
        "共通ID": "E1220400202121",
        "施設・場所名": "船橋ケアセンター",
        "住所": "千葉県船橋市高野台5-741-6",
        "指定緊急避難場所との住所同一": "",
        "その他市町村長が必要と認める事項": "",
        "受入対象者": "要介護高齢者",
        "備考": ""
      }
    },
    {
      "type": "Feature",
      "geometry": {
        "type": "Point",
        "coordinates": [
          140.018516,
          35.760024
        ]
      },
      "properties": {
        "NO": "1374",
        "共通ID": "E1220400052111",
        "施設・場所名": "船橋市立咲が丘小学校",
        "住所": "千葉県船橋市咲が丘1-22-1",
        "指定緊急避難場所との住所同一": "1",
        "その他市町村長が必要と認める事項": null,
        "受入対象者": null,
        "備考": ""
      }
    },
    {
      "type": "Feature",
      "geometry": {
        "type": "Point",
        "coordinates": [
          140.034453,
          35.75252
        ]
      },
      "properties": {
        "NO": "1375",
        "共通ID": "E1220400053111",
        "施設・場所名": "船橋市三咲公民館",
        "住所": "千葉県船橋市三咲3-5-10",
        "指定緊急避難場所との住所同一": "",
        "その他市町村長が必要と認める事項": null,
        "受入対象者": null,
        "備考": ""
      }
    },
    {
      "type": "Feature",
      "geometry": {
        "type": "Point",
        "coordinates": [
          140.034453,
          35.75252
        ]
      },
      "properties": {
        "NO": "1376",
        "共通ID": "E1220400053121",
        "施設・場所名": "船橋市三咲公民館",
        "住所": "千葉県船橋市三咲3-5-10",
        "指定緊急避難場所との住所同一": "",
        "その他市町村長が必要と認める事項": null,
        "受入対象者": "要配慮者",
        "備考": ""
      }
    },
    {
      "type": "Feature",
      "geometry": {
        "type": "Point",
        "coordinates": [
          140.039215,
          35.753994
        ]
      },
      "properties": {
        "NO": "1377",
        "共通ID": "E1220400229121",
        "施設・場所名": "みさきの郷",
        "住所": "千葉県船橋市三咲4-23-15",
        "指定緊急避難場所との住所同一": "",
        "その他市町村長が必要と認める事項": "",
        "受入対象者": "要介護高齢者",
        "備考": ""
      }
    },
    {
      "type": "Feature",
      "geometry": {
        "type": "Point",
        "coordinates": [
          140.038191,
          35.748057
        ]
      },
      "properties": {
        "NO": "1378",
        "共通ID": "E1220400054121",
        "施設・場所名": "北老人福祉センター",
        "住所": "千葉県船橋市三咲7-24-1",
        "指定緊急避難場所との住所同一": "",
        "その他市町村長が必要と認める事項": null,
        "受入対象者": "要配慮者",
        "備考": ""
      }
    },
    {
      "type": "Feature",
      "geometry": {
        "type": "Point",
        "coordinates": [
          140.048575,
          35.692059
        ]
      },
      "properties": {
        "NO": "1379",
        "共通ID": "E1220400055111",
        "施設・場所名": "東邦大学",
        "住所": "千葉県船橋市三山2-2-1",
        "指定緊急避難場所との住所同一": "1",
        "その他市町村長が必要と認める事項": null,
        "受入対象者": null,
        "備考": ""
      }
    },
    {
      "type": "Feature",
      "geometry": {
        "type": "Point",
        "coordinates": [
          140.047089,
          35.693356
        ]
      },
      "properties": {
        "NO": "1380",
        "共通ID": "E1220400174121",
        "施設・場所名": "三山園",
        "住所": "千葉県船橋市三山2-3-2",
        "指定緊急避難場所との住所同一": "",
        "その他市町村長が必要と認める事項": "",
        "受入対象者": "要介護高齢者",
        "備考": ""
      }
    },
    {
      "type": "Feature",
      "geometry": {
        "type": "Point",
        "coordinates": [
          140.050078,
          35.696134
        ]
      },
      "properties": {
        "NO": "1381",
        "共通ID": "E1220400056111",
        "施設・場所名": "船橋市立三山小学校",
        "住所": "千葉県船橋市三山2-42-1",
        "指定緊急避難場所との住所同一": "1",
        "その他市町村長が必要と認める事項": null,
        "受入対象者": null,
        "備考": ""
      }
    },
    {
      "type": "Feature",
      "geometry": {
        "type": "Point",
        "coordinates": [
          140.056875,
          35.701406
        ]
      },
      "properties": {
        "NO": "1382",
        "共通ID": "E1220400057111",
        "施設・場所名": "船橋市立三山中学校",
        "住所": "千葉県船橋市三山6-26-1",
        "指定緊急避難場所との住所同一": "1",
        "その他市町村長が必要と認める事項": null,
        "受入対象者": null,
        "備考": ""
      }
    },
    {
      "type": "Feature",
      "geometry": {
        "type": "Point",
        "coordinates": [
          140.056505,
          35.700372
        ]
      },
      "properties": {
        "NO": "1383",
        "共通ID": "E1220400058111",
        "施設・場所名": "船橋市立三山東小学校",
        "住所": "千葉県船橋市三山6-32-1",
        "指定緊急避難場所との住所同一": "1",
        "その他市町村長が必要と認める事項": null,
        "受入対象者": null,
        "備考": ""
      }
    },
    {
      "type": "Feature",
      "geometry": {
        "type": "Point",
        "coordinates": [
          140.05816,
          35.697102
        ]
      },
      "properties": {
        "NO": "1384",
        "共通ID": "E1220400059111",
        "施設・場所名": "船橋市三山市民センター",
        "住所": "千葉県船橋市三山8-19-1",
        "指定緊急避難場所との住所同一": "",
        "その他市町村長が必要と認める事項": null,
        "受入対象者": null,
        "備考": ""
      }
    },
    {
      "type": "Feature",
      "geometry": {
        "type": "Point",
        "coordinates": [
          140.05816,
          35.697102
        ]
      },
      "properties": {
        "NO": "1385",
        "共通ID": "E1220400059121",
        "施設・場所名": "船橋市三山市民センター",
        "住所": "千葉県船橋市三山8-19-1",
        "指定緊急避難場所との住所同一": "",
        "その他市町村長が必要と認める事項": null,
        "受入対象者": "要配慮者",
        "備考": ""
      }
    },
    {
      "type": "Feature",
      "geometry": {
        "type": "Point",
        "coordinates": [
          139.993733,
          35.701972
        ]
      },
      "properties": {
        "NO": "1386",
        "共通ID": "E1220400060111",
        "施設・場所名": "船橋市武道センター",
        "住所": "千葉県船橋市市場1-3-1",
        "指定緊急避難場所との住所同一": "",
        "その他市町村長が必要と認める事項": null,
        "受入対象者": null,
        "備考": ""
      }
    },
    {
      "type": "Feature",
      "geometry": {
        "type": "Point",
        "coordinates": [
          139.992693,
          35.702079
        ]
      },
      "properties": {
        "NO": "1387",
        "共通ID": "E1220400061111",
        "施設・場所名": "船橋市立市場小学校",
        "住所": "千葉県船橋市市場1-5-1",
        "指定緊急避難場所との住所同一": "1",
        "その他市町村長が必要と認める事項": null,
        "受入対象者": null,
        "備考": ""
      }
    },
    {
      "type": "Feature",
      "geometry": {
        "type": "Point",
        "coordinates": [
          139.9991,
          35.701414
        ]
      },
      "properties": {
        "NO": "1388",
        "共通ID": "E1220400063111",
        "施設・場所名": "船橋市立船橋高等学校",
        "住所": "千葉県船橋市市場4-5-1",
        "指定緊急避難場所との住所同一": "1",
        "その他市町村長が必要と認める事項": "",
        "受入対象者": "",
        "備考": ""
      }
    },
    {
      "type": "Feature",
      "geometry": {
        "type": "Point",
        "coordinates": [
          140.038952,
          35.716269
        ]
      },
      "properties": {
        "NO": "1389",
        "共通ID": "E1220400064111",
        "施設・場所名": "船橋市立七林小学校",
        "住所": "千葉県船橋市七林町115-13",
        "指定緊急避難場所との住所同一": "1",
        "その他市町村長が必要と認める事項": null,
        "受入対象者": null,
        "備考": ""
      }
    },
    {
      "type": "Feature",
      "geometry": {
        "type": "Point",
        "coordinates": [
          140.037187,
          35.717105
        ]
      },
      "properties": {
        "NO": "1390",
        "共通ID": "E1220400065111",
        "施設・場所名": "船橋市立七林中学校",
        "住所": "千葉県船橋市七林町130",
        "指定緊急避難場所との住所同一": "1",
        "その他市町村長が必要と認める事項": null,
        "受入対象者": null,
        "備考": ""
      }
    },
    {
      "type": "Feature",
      "geometry": {
        "type": "Point",
        "coordinates": [
          140.018787,
          35.716364
        ]
      },
      "properties": {
        "NO": "1391",
        "共通ID": "E1220400066111",
        "施設・場所名": "船橋市立芝山中学校",
        "住所": "千葉県船橋市芝山1-40-11",
        "指定緊急避難場所との住所同一": "1",
        "その他市町村長が必要と認める事項": null,
        "受入対象者": null,
        "備考": ""
      }
    },
    {
      "type": "Feature",
      "geometry": {
        "type": "Point",
        "coordinates": [
          140.018714,
          35.722629
        ]
      },
      "properties": {
        "NO": "1392",
        "共通ID": "E1220400067111",
        "施設・場所名": "千葉県立船橋東高等学校",
        "住所": "千葉県船橋市芝山2-13-1",
        "指定緊急避難場所との住所同一": "1",
        "その他市町村長が必要と認める事項": null,
        "受入対象者": null,
        "備考": ""
      }
    },
    {
      "type": "Feature",
      "geometry": {
        "type": "Point",
        "coordinates": [
          140.015612,
          35.718673
        ]
      },
      "properties": {
        "NO": "1393",
        "共通ID": "E1220400068111",
        "施設・場所名": "船橋市立芝山西小学校",
        "住所": "千葉県船橋市芝山2-4-1",
        "指定緊急避難場所との住所同一": "1",
        "その他市町村長が必要と認める事項": null,
        "受入対象者": null,
        "備考": ""
      }
    },
    {
      "type": "Feature",
      "geometry": {
        "type": "Point",
        "coordinates": [
          140.024163,
          35.716747
        ]
      },
      "properties": {
        "NO": "1394",
        "共通ID": "E1220400069111",
        "施設・場所名": "船橋市立芝山東小学校",
        "住所": "千葉県船橋市芝山3-19-1",
        "指定緊急避難場所との住所同一": "1",
        "その他市町村長が必要と認める事項": null,
        "受入対象者": null,
        "備考": ""
      }
    },
    {
      "type": "Feature",
      "geometry": {
        "type": "Point",
        "coordinates": [
          140.028519,
          35.718239
        ]
      },
      "properties": {
        "NO": "1395",
        "共通ID": "E1220400070111",
        "施設・場所名": "千葉県立船橋芝山高等学校",
        "住所": "千葉県船橋市芝山7-39-1",
        "指定緊急避難場所との住所同一": "1",
        "その他市町村長が必要と認める事項": null,
        "受入対象者": null,
        "備考": ""
      }
    },
    {
      "type": "Feature",
      "geometry": {
        "type": "Point",
        "coordinates": [
          140.0271,
          35.717064
        ]
      },
      "properties": {
        "NO": "1396",
        "共通ID": "E1220400198121",
        "施設・場所名": "オレンジガーデン・ケアセンター",
        "住所": "千葉県船橋市芝山7-41-1",
        "指定緊急避難場所との住所同一": "",
        "その他市町村長が必要と認める事項": "",
        "受入対象者": "要介護高齢者",
        "備考": ""
      }
    },
    {
      "type": "Feature",
      "geometry": {
        "type": "Point",
        "coordinates": [
          140.0271,
          35.717064
        ]
      },
      "properties": {
        "NO": "1397",
        "共通ID": "E1220400183121",
        "施設・場所名": "オレンジガーデン（特別養護老人ホーム）",
        "住所": "千葉県船橋市芝山7-41-2",
        "指定緊急避難場所との住所同一": "",
        "その他市町村長が必要と認める事項": "",
        "受入対象者": "要介護高齢者",
        "備考": ""
      }
    },
    {
      "type": "Feature",
      "geometry": {
        "type": "Point",
        "coordinates": [
          140.0271,
          35.717064
        ]
      },
      "properties": {
        "NO": "1398",
        "共通ID": "E1220400197121",
        "施設・場所名": "オレンジガーデン（軽費老人ホーム）",
        "住所": "千葉県船橋市芝山7-41-3",
        "指定緊急避難場所との住所同一": "",
        "その他市町村長が必要と認める事項": "",
        "受入対象者": "要介護高齢者",
        "備考": ""
      }
    },
    {
      "type": "Feature",
      "geometry": {
        "type": "Point",
        "coordinates": [
          140.076981,
          35.774437
        ]
      },
      "properties": {
        "NO": "1399",
        "共通ID": "E1220400216121",
        "施設・場所名": "ゆたか福祉苑",
        "住所": "千葉県船橋市車方町400",
        "指定緊急避難場所との住所同一": "",
        "その他市町村長が必要と認める事項": "",
        "受入対象者": "知的障害者",
        "備考": ""
      }
    },
    {
      "type": "Feature",
      "geometry": {
        "type": "Point",
        "coordinates": [
          140.076981,
          35.774437
        ]
      },
      "properties": {
        "NO": "1400",
        "共通ID": "E1220400177121",
        "施設・場所名": "船橋梨香園",
        "住所": "千葉県船橋市車方町541-2",
        "指定緊急避難場所との住所同一": "",
        "その他市町村長が必要と認める事項": "",
        "受入対象者": "要介護高齢者",
        "備考": ""
      }
    },
    {
      "type": "Feature",
      "geometry": {
        "type": "Point",
        "coordinates": [
          140.076981,
          35.774437
        ]
      },
      "properties": {
        "NO": "1401",
        "共通ID": "E1220400196121",
        "施設・場所名": "ヴィラ梨香園",
        "住所": "千葉県船橋市車方町543",
        "指定緊急避難場所との住所同一": "",
        "その他市町村長が必要と認める事項": "",
        "受入対象者": "要介護高齢者",
        "備考": ""
      }
    },
    {
      "type": "Feature",
      "geometry": {
        "type": "Point",
        "coordinates": [
          140.078705,
          35.775063
        ]
      },
      "properties": {
        "NO": "1402",
        "共通ID": "E1220400215121",
        "施設・場所名": "のまる",
        "住所": "千葉県船橋市車方町549",
        "指定緊急避難場所との住所同一": "",
        "その他市町村長が必要と認める事項": "",
        "受入対象者": "知的障害者",
        "備考": ""
      }
    },
    {
      "type": "Feature",
      "geometry": {
        "type": "Point",
        "coordinates": [
          139.993306,
          35.677119
        ]
      },
      "properties": {
        "NO": "1403",
        "共通ID": "E1220400072111",
        "施設・場所名": "船橋市立若松中学校",
        "住所": "千葉県船橋市若松3-2-3",
        "指定緊急避難場所との住所同一": "1",
        "その他市町村長が必要と認める事項": null,
        "受入対象者": null,
        "備考": ""
      }
    },
    {
      "type": "Feature",
      "geometry": {
        "type": "Point",
        "coordinates": [
          139.994931,
          35.676531
        ]
      },
      "properties": {
        "NO": "1404",
        "共通ID": "E1220400073111",
        "施設・場所名": "船橋市立若松小学校",
        "住所": "千葉県船橋市若松3-2-4",
        "指定緊急避難場所との住所同一": "1",
        "その他市町村長が必要と認める事項": null,
        "受入対象者": null,
        "備考": ""
      }
    },
    {
      "type": "Feature",
      "geometry": {
        "type": "Point",
        "coordinates": [
          139.991742,
          35.677622
        ]
      },
      "properties": {
        "NO": "1405",
        "共通ID": "E1220400074111",
        "施設・場所名": "船橋市青少年会館",
        "住所": "千葉県船橋市若松3-3-4",
        "指定緊急避難場所との住所同一": "",
        "その他市町村長が必要と認める事項": null,
        "受入対象者": null,
        "備考": ""
      }
    },
    {
      "type": "Feature",
      "geometry": {
        "type": "Point",
        "coordinates": [
          139.991742,
          35.677622
        ]
      },
      "properties": {
        "NO": "1406",
        "共通ID": "E1220400074121",
        "施設・場所名": "船橋市青少年会館",
        "住所": "千葉県船橋市若松3-3-4",
        "指定緊急避難場所との住所同一": "",
        "その他市町村長が必要と認める事項": null,
        "受入対象者": "要配慮者",
        "備考": ""
      }
    },
    {
      "type": "Feature",
      "geometry": {
        "type": "Point",
        "coordinates": [
          140.046425,
          35.724282
        ]
      },
      "properties": {
        "NO": "1407",
        "共通ID": "E1220400076111",
        "施設・場所名": "船橋市立習志野台第一小学校",
        "住所": "千葉県船橋市習志野台2-51-1",
        "指定緊急避難場所との住所同一": "1",
        "その他市町村長が必要と認める事項": null,
        "受入対象者": null,
        "備考": ""
      }
    },
    {
      "type": "Feature",
      "geometry": {
        "type": "Point",
        "coordinates": [
          140.046494,
          35.716564
        ]
      },
      "properties": {
        "NO": "1408",
        "共通ID": "E1220400186121",
        "施設・場所名": "習志野台みゆき苑",
        "住所": "千葉県船橋市習志野台4-46-7",
        "指定緊急避難場所との住所同一": "",
        "その他市町村長が必要と認める事項": "",
        "受入対象者": "要介護高齢者",
        "備考": ""
      }
    },
    {
      "type": "Feature",
      "geometry": {
        "type": "Point",
        "coordinates": [
          140.050578,
          35.718438
        ]
      },
      "properties": {
        "NO": "1409",
        "共通ID": "E1220400078121",
        "施設・場所名": "船橋市習志野台公民館",
        "住所": "千葉県船橋市習志野台5-1-1",
        "指定緊急避難場所との住所同一": "",
        "その他市町村長が必要と認める事項": null,
        "受入対象者": "要配慮者",
        "備考": ""
      }
    },
    {
      "type": "Feature",
      "geometry": {
        "type": "Point",
        "coordinates": [
          140.050578,
          35.718438
        ]
      },
      "properties": {
        "NO": "1410",
        "共通ID": "E1220400078111",
        "施設・場所名": "船橋市習志野台公民館",
        "住所": "千葉県船橋市習志野台5-1-1",
        "指定緊急避難場所との住所同一": "",
        "その他市町村長が必要と認める事項": null,
        "受入対象者": null,
        "備考": ""
      }
    },
    {
      "type": "Feature",
      "geometry": {
        "type": "Point",
        "coordinates": [
          140.05533,
          35.719252
        ]
      },
      "properties": {
        "NO": "1411",
        "共通ID": "E1220400079111",
        "施設・場所名": "船橋市立習志野台第二小学校",
        "住所": "千葉県船橋市習志野台5-43-1",
        "指定緊急避難場所との住所同一": "1",
        "その他市町村長が必要と認める事項": null,
        "受入対象者": null,
        "備考": ""
      }
    },
    {
      "type": "Feature",
      "geometry": {
        "type": "Point",
        "coordinates": [
          140.053748,
          35.721499
        ]
      },
      "properties": {
        "NO": "1412",
        "共通ID": "E1220400080111",
        "施設・場所名": "船橋市立習志野台中学校",
        "住所": "千葉県船橋市習志野台6-23-1",
        "指定緊急避難場所との住所同一": "1",
        "その他市町村長が必要と認める事項": null,
        "受入対象者": null,
        "備考": ""
      }
    },
    {
      "type": "Feature",
      "geometry": {
        "type": "Point",
        "coordinates": [
          140.057691,
          35.725207
        ]
      },
      "properties": {
        "NO": "1413",
        "共通ID": "E1220400081111",
        "施設・場所名": "日本大学理工学部",
        "住所": "千葉県船橋市習志野台7-24-1",
        "指定緊急避難場所との住所同一": "1",
        "その他市町村長が必要と認める事項": null,
        "受入対象者": null,
        "備考": ""
      }
    },
    {
      "type": "Feature",
      "geometry": {
        "type": "Point",
        "coordinates": [
          140.051877,
          35.729577
        ]
      },
      "properties": {
        "NO": "1414",
        "共通ID": "E1220400082111",
        "施設・場所名": "船橋市総合体育館（船橋アリーナ）",
        "住所": "千葉県船橋市習志野台7-5-1",
        "指定緊急避難場所との住所同一": "1",
        "その他市町村長が必要と認める事項": "",
        "受入対象者": "",
        "備考": ""
      }
    },
    {
      "type": "Feature",
      "geometry": {
        "type": "Point",
        "coordinates": [
          140.063614,
          35.718781
        ]
      },
      "properties": {
        "NO": "1415",
        "共通ID": "E1220400188121",
        "施設・場所名": "さくら館",
        "住所": "千葉県船橋市習志野台8-55-1",
        "指定緊急避難場所との住所同一": "",
        "その他市町村長が必要と認める事項": "",
        "受入対象者": "要介護高齢者",
        "備考": ""
      }
    },
    {
      "type": "Feature",
      "geometry": {
        "type": "Point",
        "coordinates": [
          140.074268,
          35.788025
        ]
      },
      "properties": {
        "NO": "1416",
        "共通ID": "E1220400083111",
        "施設・場所名": "船橋市小室公民館",
        "住所": "千葉県船橋市小室町3308",
        "指定緊急避難場所との住所同一": "",
        "その他市町村長が必要と認める事項": null,
        "受入対象者": null,
        "備考": ""
      }
    },
    {
      "type": "Feature",
      "geometry": {
        "type": "Point",
        "coordinates": [
          140.074268,
          35.788025
        ]
      },
      "properties": {
        "NO": "1417",
        "共通ID": "E1220400083121",
        "施設・場所名": "船橋市小室公民館",
        "住所": "千葉県船橋市小室町3308",
        "指定緊急避難場所との住所同一": "",
        "その他市町村長が必要と認める事項": null,
        "受入対象者": "要配慮者",
        "備考": ""
      }
    },
    {
      "type": "Feature",
      "geometry": {
        "type": "Point",
        "coordinates": [
          140.074808,
          35.793932
        ]
      },
      "properties": {
        "NO": "1418",
        "共通ID": "E1220400084111",
        "施設・場所名": "船橋市立小室中学校",
        "住所": "千葉県船橋市小室町898",
        "指定緊急避難場所との住所同一": "1",
        "その他市町村長が必要と認める事項": null,
        "受入対象者": null,
        "備考": ""
      }
    },
    {
      "type": "Feature",
      "geometry": {
        "type": "Point",
        "coordinates": [
          140.073778,
          35.792788
        ]
      },
      "properties": {
        "NO": "1419",
        "共通ID": "E1220400085111",
        "施設・場所名": "船橋市立小室小学校",
        "住所": "千葉県船橋市小室町899",
        "指定緊急避難場所との住所同一": "1",
        "その他市町村長が必要と認める事項": null,
        "受入対象者": null,
        "備考": ""
      }
    },
    {
      "type": "Feature",
      "geometry": {
        "type": "Point",
        "coordinates": [
          140.075928,
          35.78236
        ]
      },
      "properties": {
        "NO": "1420",
        "共通ID": "E1220400206121",
        "施設・場所名": "エスポワール船橋",
        "住所": "千葉県船橋市小野田町1494-1",
        "指定緊急避難場所との住所同一": "",
        "その他市町村長が必要と認める事項": "",
        "受入対象者": "要介護高齢者",
        "備考": ""
      }
    },
    {
      "type": "Feature",
      "geometry": {
        "type": "Point",
        "coordinates": [
          140.08255,
          35.782387
        ]
      },
      "properties": {
        "NO": "1421",
        "共通ID": "E1220400212121",
        "施設・場所名": "障害者支援施設　誠光園",
        "住所": "千葉県船橋市小野田町769-18",
        "指定緊急避難場所との住所同一": "",
        "その他市町村長が必要と認める事項": "",
        "受入対象者": "身体障害者",
        "備考": ""
      }
    },
    {
      "type": "Feature",
      "geometry": {
        "type": "Point",
        "coordinates": [
          140.046033,
          35.735471
        ]
      },
      "properties": {
        "NO": "1422",
        "共通ID": "E1220400086111",
        "施設・場所名": "船橋市立古和釜小学校",
        "住所": "千葉県船橋市松が丘3-42-1",
        "指定緊急避難場所との住所同一": "1",
        "その他市町村長が必要と認める事項": null,
        "受入対象者": null,
        "備考": ""
      }
    },
    {
      "type": "Feature",
      "geometry": {
        "type": "Point",
        "coordinates": [
          140.049689,
          35.738328
        ]
      },
      "properties": {
        "NO": "1423",
        "共通ID": "E1220400087111",
        "施設・場所名": "船橋市立古和釜中学校",
        "住所": "千葉県船橋市松が丘3-69-1",
        "指定緊急避難場所との住所同一": "1",
        "その他市町村長が必要と認める事項": null,
        "受入対象者": null,
        "備考": ""
      }
    },
    {
      "type": "Feature",
      "geometry": {
        "type": "Point",
        "coordinates": [
          140.048142,
          35.733153
        ]
      },
      "properties": {
        "NO": "1424",
        "共通ID": "E1220400088111",
        "施設・場所名": "船橋市松が丘公民館",
        "住所": "千葉県船橋市松が丘4-32-2",
        "指定緊急避難場所との住所同一": "",
        "その他市町村長が必要と認める事項": null,
        "受入対象者": null,
        "備考": ""
      }
    },
    {
      "type": "Feature",
      "geometry": {
        "type": "Point",
        "coordinates": [
          140.048142,
          35.733153
        ]
      },
      "properties": {
        "NO": "1425",
        "共通ID": "E1220400088121",
        "施設・場所名": "船橋市松が丘公民館",
        "住所": "千葉県船橋市松が丘4-32-2",
        "指定緊急避難場所との住所同一": "",
        "その他市町村長が必要と認める事項": null,
        "受入対象者": "要配慮者",
        "備考": ""
      }
    },
    {
      "type": "Feature",
      "geometry": {
        "type": "Point",
        "coordinates": [
          139.970956,
          35.727456
        ]
      },
      "properties": {
        "NO": "1426",
        "共通ID": "E1220400089111",
        "施設・場所名": "船橋市立法典西小学校",
        "住所": "千葉県船橋市上山町1-111-5",
        "指定緊急避難場所との住所同一": "1",
        "その他市町村長が必要と認める事項": null,
        "受入対象者": null,
        "備考": ""
      }
    },
    {
      "type": "Feature",
      "geometry": {
        "type": "Point",
        "coordinates": [
          139.969452,
          35.729782
        ]
      },
      "properties": {
        "NO": "1427",
        "共通ID": "E1220400218121",
        "施設・場所名": "カメリアハウス",
        "住所": "千葉県船橋市上山町1-157-4",
        "指定緊急避難場所との住所同一": "",
        "その他市町村長が必要と認める事項": "",
        "受入対象者": "知的障害者",
        "備考": ""
      }
    },
    {
      "type": "Feature",
      "geometry": {
        "type": "Point",
        "coordinates": [
          140.021733,
          35.72405
        ]
      },
      "properties": {
        "NO": "1428",
        "共通ID": "E1220400090121",
        "施設・場所名": "船橋市新高根公民館",
        "住所": "千葉県船橋市新高根1-12-9",
        "指定緊急避難場所との住所同一": "",
        "その他市町村長が必要と認める事項": null,
        "受入対象者": "要配慮者",
        "備考": ""
      }
    },
    {
      "type": "Feature",
      "geometry": {
        "type": "Point",
        "coordinates": [
          140.021733,
          35.72405
        ]
      },
      "properties": {
        "NO": "1429",
        "共通ID": "E1220400090111",
        "施設・場所名": "船橋市新高根公民館",
        "住所": "千葉県船橋市新高根1-12-9",
        "指定緊急避難場所との住所同一": "",
        "その他市町村長が必要と認める事項": null,
        "受入対象者": null,
        "備考": ""
      }
    },
    {
      "type": "Feature",
      "geometry": {
        "type": "Point",
        "coordinates": [
          140.022548,
          35.725077
        ]
      },
      "properties": {
        "NO": "1430",
        "共通ID": "E1220400091111",
        "施設・場所名": "船橋市立高根東小学校",
        "住所": "千葉県船橋市新高根1-17-1",
        "指定緊急避難場所との住所同一": "1",
        "その他市町村長が必要と認める事項": null,
        "受入対象者": null,
        "備考": ""
      }
    },
    {
      "type": "Feature",
      "geometry": {
        "type": "Point",
        "coordinates": [
          140.02249,
          35.726725
        ]
      },
      "properties": {
        "NO": "1431",
        "共通ID": "E1220400092111",
        "施設・場所名": "船橋市立高根中学校",
        "住所": "千葉県船橋市新高根1-17-2",
        "指定緊急避難場所との住所同一": "1",
        "その他市町村長が必要と認める事項": null,
        "受入対象者": null,
        "備考": ""
      }
    },
    {
      "type": "Feature",
      "geometry": {
        "type": "Point",
        "coordinates": [
          140.044271,
          35.762057
        ]
      },
      "properties": {
        "NO": "1432",
        "共通ID": "E1220400093111",
        "施設・場所名": "千葉県立船橋北高等学校",
        "住所": "千葉県船橋市神保町133-1",
        "指定緊急避難場所との住所同一": "1",
        "その他市町村長が必要と認める事項": null,
        "受入対象者": null,
        "備考": ""
      }
    },
    {
      "type": "Feature",
      "geometry": {
        "type": "Point",
        "coordinates": [
          140.035228,
          35.722119
        ]
      },
      "properties": {
        "NO": "1433",
        "共通ID": "E1220400094111",
        "施設・場所名": "船橋市立高郷小学校",
        "住所": "千葉県船橋市西習志野1-47-1",
        "指定緊急避難場所との住所同一": "1",
        "その他市町村長が必要と認める事項": null,
        "受入対象者": null,
        "備考": ""
      }
    },
    {
      "type": "Feature",
      "geometry": {
        "type": "Point",
        "coordinates": [
          139.96946,
          35.713064
        ]
      },
      "properties": {
        "NO": "1434",
        "共通ID": "E1220400227121",
        "施設・場所名": "特別養護老人ホーム朋松苑",
        "住所": "千葉県船橋市西船2-21-12",
        "指定緊急避難場所との住所同一": "",
        "その他市町村長が必要と認める事項": "",
        "受入対象者": "要介護高齢者",
        "備考": ""
      }
    },
    {
      "type": "Feature",
      "geometry": {
        "type": "Point",
        "coordinates": [
          139.961521,
          35.713088
        ]
      },
      "properties": {
        "NO": "1435",
        "共通ID": "E1220400096121",
        "施設・場所名": "船橋市葛飾公民館",
        "住所": "千葉県船橋市西船3-6-25-201",
        "指定緊急避難場所との住所同一": "",
        "その他市町村長が必要と認める事項": null,
        "受入対象者": "要配慮者",
        "備考": ""
      }
    },
    {
      "type": "Feature",
      "geometry": {
        "type": "Point",
        "coordinates": [
          139.961521,
          35.713088
        ]
      },
      "properties": {
        "NO": "1436",
        "共通ID": "E1220400096111",
        "施設・場所名": "船橋市葛飾公民館",
        "住所": "千葉県船橋市西船3-6-25-201",
        "指定緊急避難場所との住所同一": "",
        "その他市町村長が必要と認める事項": null,
        "受入対象者": null,
        "備考": ""
      }
    },
    {
      "type": "Feature",
      "geometry": {
        "type": "Point",
        "coordinates": [
          139.979146,
          35.723381
        ]
      },
      "properties": {
        "NO": "1437",
        "共通ID": "E1220400097111",
        "施設・場所名": "船橋市立塚田小学校",
        "住所": "千葉県船橋市前貝塚町600",
        "指定緊急避難場所との住所同一": "1",
        "その他市町村長が必要と認める事項": null,
        "受入対象者": null,
        "備考": ""
      }
    },
    {
      "type": "Feature",
      "geometry": {
        "type": "Point",
        "coordinates": [
          139.979872,
          35.723552
        ]
      },
      "properties": {
        "NO": "1438",
        "共通ID": "E1220400098111",
        "施設・場所名": "船橋市塚田公民館",
        "住所": "千葉県船橋市前貝塚町601-1",
        "指定緊急避難場所との住所同一": "",
        "その他市町村長が必要と認める事項": null,
        "受入対象者": null,
        "備考": ""
      }
    },
    {
      "type": "Feature",
      "geometry": {
        "type": "Point",
        "coordinates": [
          139.979872,
          35.723552
        ]
      },
      "properties": {
        "NO": "1439",
        "共通ID": "E1220400098121",
        "施設・場所名": "船橋市塚田公民館",
        "住所": "千葉県船橋市前貝塚町601-1",
        "指定緊急避難場所との住所同一": "",
        "その他市町村長が必要と認める事項": null,
        "受入対象者": "要配慮者",
        "備考": ""
      }
    },
    {
      "type": "Feature",
      "geometry": {
        "type": "Point",
        "coordinates": [
          140.022736,
          35.692816
        ]
      },
      "properties": {
        "NO": "1440",
        "共通ID": "E1220400099111",
        "施設・場所名": "船橋市東部公民館",
        "住所": "千葉県船橋市前原西2-21-21",
        "指定緊急避難場所との住所同一": "",
        "その他市町村長が必要と認める事項": null,
        "受入対象者": null,
        "備考": ""
      }
    },
    {
      "type": "Feature",
      "geometry": {
        "type": "Point",
        "coordinates": [
          140.022736,
          35.692816
        ]
      },
      "properties": {
        "NO": "1441",
        "共通ID": "E1220400099121",
        "施設・場所名": "船橋市東部公民館",
        "住所": "千葉県船橋市前原西2-21-21",
        "指定緊急避難場所との住所同一": "",
        "その他市町村長が必要と認める事項": null,
        "受入対象者": "要配慮者",
        "備考": ""
      }
    },
    {
      "type": "Feature",
      "geometry": {
        "type": "Point",
        "coordinates": [
          140.024341,
          35.69537
        ]
      },
      "properties": {
        "NO": "1442",
        "共通ID": "E1220400100111",
        "施設・場所名": "船橋市立前原小学校",
        "住所": "千葉県船橋市前原西2-28-1",
        "指定緊急避難場所との住所同一": "1",
        "その他市町村長が必要と認める事項": null,
        "受入対象者": null,
        "備考": ""
      }
    },
    {
      "type": "Feature",
      "geometry": {
        "type": "Point",
        "coordinates": [
          140.032677,
          35.70282
        ]
      },
      "properties": {
        "NO": "1443",
        "共通ID": "E1220400101111",
        "施設・場所名": "船橋市立二宮小学校",
        "住所": "千葉県船橋市前原東5-9-3",
        "指定緊急避難場所との住所同一": "1",
        "その他市町村長が必要と認める事項": null,
        "受入対象者": null,
        "備考": ""
      }
    },
    {
      "type": "Feature",
      "geometry": {
        "type": "Point",
        "coordinates": [
          140.03445,
          35.740628
        ]
      },
      "properties": {
        "NO": "1444",
        "共通ID": "E1220400102111",
        "施設・場所名": "船橋市立大穴小学校",
        "住所": "千葉県船橋市大穴南2-7-1",
        "指定緊急避難場所との住所同一": "1",
        "その他市町村長が必要と認める事項": null,
        "受入対象者": null,
        "備考": ""
      }
    },
    {
      "type": "Feature",
      "geometry": {
        "type": "Point",
        "coordinates": [
          140.0426,
          35.741033
        ]
      },
      "properties": {
        "NO": "1445",
        "共通ID": "E1220400103111",
        "施設・場所名": "船橋市海老が作公民館",
        "住所": "千葉県船橋市大穴南3-19-1",
        "指定緊急避難場所との住所同一": "",
        "その他市町村長が必要と認める事項": null,
        "受入対象者": null,
        "備考": ""
      }
    },
    {
      "type": "Feature",
      "geometry": {
        "type": "Point",
        "coordinates": [
          140.0426,
          35.741033
        ]
      },
      "properties": {
        "NO": "1446",
        "共通ID": "E1220400103121",
        "施設・場所名": "船橋市海老が作公民館",
        "住所": "千葉県船橋市大穴南3-19-1",
        "指定緊急避難場所との住所同一": "",
        "その他市町村長が必要と認める事項": null,
        "受入対象者": "要配慮者",
        "備考": ""
      }
    },
    {
      "type": "Feature",
      "geometry": {
        "type": "Point",
        "coordinates": [
          140.042888,
          35.741367
        ]
      },
      "properties": {
        "NO": "1447",
        "共通ID": "E1220400104111",
        "施設・場所名": "船橋市立大穴中学校",
        "住所": "千葉県船橋市大穴南3-19-2",
        "指定緊急避難場所との住所同一": "1",
        "その他市町村長が必要と認める事項": null,
        "受入対象者": null,
        "備考": ""
      }
    },
    {
      "type": "Feature",
      "geometry": {
        "type": "Point",
        "coordinates": [
          140.039051,
          35.746719
        ]
      },
      "properties": {
        "NO": "1448",
        "共通ID": "E1220400106111",
        "施設・場所名": "船橋市立大穴北小学校",
        "住所": "千葉県船橋市大穴北1-7-1",
        "指定緊急避難場所との住所同一": "1",
        "その他市町村長が必要と認める事項": null,
        "受入対象者": null,
        "備考": ""
      }
    },
    {
      "type": "Feature",
      "geometry": {
        "type": "Point",
        "coordinates": [
          140.048538,
          35.752113
        ]
      },
      "properties": {
        "NO": "1449",
        "共通ID": "E1220400179121",
        "施設・場所名": "船橋笑寿苑",
        "住所": "千葉県船橋市大穴北4-25-15",
        "指定緊急避難場所との住所同一": "",
        "その他市町村長が必要と認める事項": "",
        "受入対象者": "要介護高齢者",
        "備考": ""
      }
    },
    {
      "type": "Feature",
      "geometry": {
        "type": "Point",
        "coordinates": [
          140.053223,
          35.748081
        ]
      },
      "properties": {
        "NO": "1450",
        "共通ID": "E1220400199121",
        "施設・場所名": "千葉徳州苑",
        "住所": "千葉県船橋市大穴北7-22-1",
        "指定緊急避難場所との住所同一": "",
        "その他市町村長が必要と認める事項": "",
        "受入対象者": "要介護高齢者",
        "備考": ""
      }
    },
    {
      "type": "Feature",
      "geometry": {
        "type": "Point",
        "coordinates": [
          140.069581,
          35.775738
        ]
      },
      "properties": {
        "NO": "1451",
        "共通ID": "E1220400225121",
        "施設・場所名": "船橋市光風みどり園",
        "住所": "千葉県船橋市大神保町1359-7",
        "指定緊急避難場所との住所同一": "",
        "その他市町村長が必要と認める事項": "",
        "受入対象者": "知的障害者",
        "備考": ""
      }
    },
    {
      "type": "Feature",
      "geometry": {
        "type": "Point",
        "coordinates": [
          140.056656,
          35.769684
        ]
      },
      "properties": {
        "NO": "1452",
        "共通ID": "E1220400192121",
        "施設・場所名": "アグリ・ケアホームいこいの森",
        "住所": "千葉県船橋市大神保町700-5",
        "指定緊急避難場所との住所同一": "",
        "その他市町村長が必要と認める事項": "",
        "受入対象者": "要介護高齢者",
        "備考": ""
      }
    },
    {
      "type": "Feature",
      "geometry": {
        "type": "Point",
        "coordinates": [
          140.034957,
          35.704275
        ]
      },
      "properties": {
        "NO": "1453",
        "共通ID": "E1220400108111",
        "施設・場所名": "船橋市立二宮中学校",
        "住所": "千葉県船橋市滝台1-2-1",
        "指定緊急避難場所との住所同一": "1",
        "その他市町村長が必要と認める事項": null,
        "受入対象者": null,
        "備考": ""
      }
    },
    {
      "type": "Feature",
      "geometry": {
        "type": "Point",
        "coordinates": [
          140.020073,
          35.702759
        ]
      },
      "properties": {
        "NO": "1454",
        "共通ID": "E1220400109111",
        "施設・場所名": "船橋市立中野木小学校",
        "住所": "千葉県船橋市中野木2-19-1",
        "指定緊急避難場所との住所同一": "1",
        "その他市町村長が必要と認める事項": null,
        "受入対象者": null,
        "備考": ""
      }
    },
    {
      "type": "Feature",
      "geometry": {
        "type": "Point",
        "coordinates": [
          140.017451,
          35.704286
        ]
      },
      "properties": {
        "NO": "1455",
        "共通ID": "E1220400110111",
        "施設・場所名": "船橋市立前原中学校",
        "住所": "千葉県船橋市中野木2-33-1",
        "指定緊急避難場所との住所同一": "1",
        "その他市町村長が必要と認める事項": null,
        "受入対象者": null,
        "備考": ""
      }
    },
    {
      "type": "Feature",
      "geometry": {
        "type": "Point",
        "coordinates": [
          140.065261,
          35.73689
        ]
      },
      "properties": {
        "NO": "1456",
        "共通ID": "E1220400231121",
        "施設・場所名": "ふる里学舎船橋",
        "住所": "千葉県船橋市坪井町123-1",
        "指定緊急避難場所との住所同一": "",
        "その他市町村長が必要と認める事項": "",
        "受入対象者": "知的障害者、障害児",
        "備考": ""
      }
    },
    {
      "type": "Feature",
      "geometry": {
        "type": "Point",
        "coordinates": [
          140.05981,
          35.732812
        ]
      },
      "properties": {
        "NO": "1457",
        "共通ID": "E1220400115121",
        "施設・場所名": "船橋市坪井公民館",
        "住所": "千葉県船橋市坪井町1371",
        "指定緊急避難場所との住所同一": "1",
        "その他市町村長が必要と認める事項": "",
        "受入対象者": "要配慮者",
        "備考": ""
      }
    },
    {
      "type": "Feature",
      "geometry": {
        "type": "Point",
        "coordinates": [
          140.05981,
          35.732812
        ]
      },
      "properties": {
        "NO": "1458",
        "共通ID": "E1220400115111",
        "施設・場所名": "船橋市坪井公民館",
        "住所": "千葉県船橋市坪井町1371",
        "指定緊急避難場所との住所同一": "1",
        "その他市町村長が必要と認める事項": "",
        "受入対象者": "",
        "備考": ""
      }
    },
    {
      "type": "Feature",
      "geometry": {
        "type": "Point",
        "coordinates": [
          140.057277,
          35.732755
        ]
      },
      "properties": {
        "NO": "1459",
        "共通ID": "E1220400116111",
        "施設・場所名": "船橋市立坪井小学校",
        "住所": "千葉県船橋市坪井町747-1",
        "指定緊急避難場所との住所同一": "1",
        "その他市町村長が必要と認める事項": null,
        "受入対象者": null,
        "備考": ""
      }
    },
    {
      "type": "Feature",
      "geometry": {
        "type": "Point",
        "coordinates": [
          140.056608,
          35.730044
        ]
      },
      "properties": {
        "NO": "1460",
        "共通ID": "E1220400117111",
        "施設・場所名": "船橋市立坪井中学校",
        "住所": "千葉県船橋市坪井東1-24-1",
        "指定緊急避難場所との住所同一": "1",
        "その他市町村長が必要と認める事項": null,
        "受入対象者": null,
        "備考": ""
      }
    },
    {
      "type": "Feature",
      "geometry": {
        "type": "Point",
        "coordinates": [
          140.045062,
          35.698918
        ]
      },
      "properties": {
        "NO": "1461",
        "共通ID": "E1220400118111",
        "施設・場所名": "船橋市立三田中学校",
        "住所": "千葉県船橋市田喜野井2-24-1",
        "指定緊急避難場所との住所同一": "1",
        "その他市町村長が必要と認める事項": null,
        "受入対象者": null,
        "備考": ""
      }
    },
    {
      "type": "Feature",
      "geometry": {
        "type": "Point",
        "coordinates": [
          140.044938,
          35.698288
        ]
      },
      "properties": {
        "NO": "1462",
        "共通ID": "E1220400119121",
        "施設・場所名": "船橋市三田公民館",
        "住所": "千葉県船橋市田喜野井2-24-2",
        "指定緊急避難場所との住所同一": "",
        "その他市町村長が必要と認める事項": null,
        "受入対象者": "要配慮者",
        "備考": ""
      }
    },
    {
      "type": "Feature",
      "geometry": {
        "type": "Point",
        "coordinates": [
          140.044938,
          35.698288
        ]
      },
      "properties": {
        "NO": "1463",
        "共通ID": "E1220400119111",
        "施設・場所名": "船橋市三田公民館",
        "住所": "千葉県船橋市田喜野井2-24-2",
        "指定緊急避難場所との住所同一": "",
        "その他市町村長が必要と認める事項": null,
        "受入対象者": null,
        "備考": ""
      }
    },
    {
      "type": "Feature",
      "geometry": {
        "type": "Point",
        "coordinates": [
          140.042963,
          35.701911
        ]
      },
      "properties": {
        "NO": "1464",
        "共通ID": "E1220400120111",
        "施設・場所名": "船橋市立田喜野井小学校",
        "住所": "千葉県船橋市田喜野井4-33-1",
        "指定緊急避難場所との住所同一": "1",
        "その他市町村長が必要と認める事項": null,
        "受入対象者": null,
        "備考": ""
      }
    },
    {
      "type": "Feature",
      "geometry": {
        "type": "Point",
        "coordinates": [
          140.003139,
          35.695258
        ]
      },
      "properties": {
        "NO": "1465",
        "共通ID": "E1220400121111",
        "施設・場所名": "千葉県立船橋高等学校",
        "住所": "千葉県船橋市東船橋6-1-1",
        "指定緊急避難場所との住所同一": "1",
        "その他市町村長が必要と認める事項": null,
        "受入対象者": null,
        "備考": ""
      }
    },
    {
      "type": "Feature",
      "geometry": {
        "type": "Point",
        "coordinates": [
          140.001043,
          35.694629
        ]
      },
      "properties": {
        "NO": "1466",
        "共通ID": "E1220400122111",
        "施設・場所名": "船橋市立宮本中学校",
        "住所": "千葉県船橋市東船橋7-8-1",
        "指定緊急避難場所との住所同一": "1",
        "その他市町村長が必要と認める事項": null,
        "受入対象者": null,
        "備考": ""
      }
    },
    {
      "type": "Feature",
      "geometry": {
        "type": "Point",
        "coordinates": [
          139.975417,
          35.734871
        ]
      },
      "properties": {
        "NO": "1467",
        "共通ID": "E1220400123121",
        "施設・場所名": "西老人福祉センター",
        "住所": "千葉県船橋市藤原3-2-15",
        "指定緊急避難場所との住所同一": "",
        "その他市町村長が必要と認める事項": null,
        "受入対象者": "要配慮者",
        "備考": ""
      }
    },
    {
      "type": "Feature",
      "geometry": {
        "type": "Point",
        "coordinates": [
          139.97462,
          35.741978
        ]
      },
      "properties": {
        "NO": "1468",
        "共通ID": "E1220400124111",
        "施設・場所名": "千葉県立船橋法典高等学校",
        "住所": "千葉県船橋市藤原4-1-1",
        "指定緊急避難場所との住所同一": "1",
        "その他市町村長が必要と認める事項": null,
        "受入対象者": null,
        "備考": ""
      }
    },
    {
      "type": "Feature",
      "geometry": {
        "type": "Point",
        "coordinates": [
          139.980183,
          35.737878
        ]
      },
      "properties": {
        "NO": "1469",
        "共通ID": "E1220400125111",
        "施設・場所名": "船橋市立法典小学校",
        "住所": "千葉県船橋市藤原5-2-1",
        "指定緊急避難場所との住所同一": "1",
        "その他市町村長が必要と認める事項": null,
        "受入対象者": null,
        "備考": ""
      }
    },
    {
      "type": "Feature",
      "geometry": {
        "type": "Point",
        "coordinates": [
          139.982285,
          35.740025
        ]
      },
      "properties": {
        "NO": "1470",
        "共通ID": "E1220400204121",
        "施設・場所名": "ロータスケアセンター",
        "住所": "千葉県船橋市藤原5-23-1",
        "指定緊急避難場所との住所同一": "",
        "その他市町村長が必要と認める事項": "",
        "受入対象者": "要介護高齢者",
        "備考": ""
      }
    },
    {
      "type": "Feature",
      "geometry": {
        "type": "Point",
        "coordinates": [
          139.987613,
          35.740264
        ]
      },
      "properties": {
        "NO": "1471",
        "共通ID": "E1220400127111",
        "施設・場所名": "船橋市法典公民館",
        "住所": "千葉県船橋市藤原7-33-7",
        "指定緊急避難場所との住所同一": "",
        "その他市町村長が必要と認める事項": null,
        "受入対象者": null,
        "備考": ""
      }
    },
    {
      "type": "Feature",
      "geometry": {
        "type": "Point",
        "coordinates": [
          139.987613,
          35.740264
        ]
      },
      "properties": {
        "NO": "1472",
        "共通ID": "E1220400127121",
        "施設・場所名": "船橋市法典公民館",
        "住所": "千葉県船橋市藤原7-33-7",
        "指定緊急避難場所との住所同一": "",
        "その他市町村長が必要と認める事項": null,
        "受入対象者": "要配慮者",
        "備考": ""
      }
    },
    {
      "type": "Feature",
      "geometry": {
        "type": "Point",
        "coordinates": [
          139.984388,
          35.744572
        ]
      },
      "properties": {
        "NO": "1473",
        "共通ID": "E1220400128111",
        "施設・場所名": "船橋市立法田中学校",
        "住所": "千葉県船橋市藤原7-46-1",
        "指定緊急避難場所との住所同一": "1",
        "その他市町村長が必要と認める事項": null,
        "受入対象者": null,
        "備考": ""
      }
    },
    {
      "type": "Feature",
      "geometry": {
        "type": "Point",
        "coordinates": [
          139.982758,
          35.749729
        ]
      },
      "properties": {
        "NO": "1474",
        "共通ID": "E1220400211121",
        "施設・場所名": "障害者支援施設　ローゼンヴィラ藤原",
        "住所": "千葉県船橋市藤原8-17-1",
        "指定緊急避難場所との住所同一": "",
        "その他市町村長が必要と認める事項": "",
        "受入対象者": "身体障害者",
        "備考": ""
      }
    },
    {
      "type": "Feature",
      "geometry": {
        "type": "Point",
        "coordinates": [
          139.982758,
          35.749729
        ]
      },
      "properties": {
        "NO": "1475",
        "共通ID": "E1220400213121",
        "施設・場所名": "障害者通所施設　オーヴェル",
        "住所": "千葉県船橋市藤原8-17-2",
        "指定緊急避難場所との住所同一": "",
        "その他市町村長が必要と認める事項": "",
        "受入対象者": "身体障害者",
        "備考": ""
      }
    },
    {
      "type": "Feature",
      "geometry": {
        "type": "Point",
        "coordinates": [
          139.982495,
          35.749791
        ]
      },
      "properties": {
        "NO": "1476",
        "共通ID": "E1220400181121",
        "施設・場所名": "ローゼンヴィラ藤原（特別養護老人ホーム）",
        "住所": "千葉県船橋市藤原8-17-3",
        "指定緊急避難場所との住所同一": "",
        "その他市町村長が必要と認める事項": "",
        "受入対象者": "要介護高齢者",
        "備考": ""
      }
    },
    {
      "type": "Feature",
      "geometry": {
        "type": "Point",
        "coordinates": [
          139.982714,
          35.749847
        ]
      },
      "properties": {
        "NO": "1477",
        "共通ID": "E1220400181123",
        "施設・場所名": "ローゼンヴィラ藤原（軽費老人ホーム）",
        "住所": "千葉県船橋市藤原8-17-3",
        "指定緊急避難場所との住所同一": "",
        "その他市町村長が必要と認める事項": "",
        "受入対象者": "要介護高齢者",
        "備考": ""
      }
    },
    {
      "type": "Feature",
      "geometry": {
        "type": "Point",
        "coordinates": [
          140.027344,
          35.739109
        ]
      },
      "properties": {
        "NO": "1478",
        "共通ID": "E1220400190121",
        "施設・場所名": "南三咲",
        "住所": "千葉県船橋市南三咲3-27-1",
        "指定緊急避難場所との住所同一": "",
        "その他市町村長が必要と認める事項": "",
        "受入対象者": "要介護高齢者",
        "備考": ""
      }
    },
    {
      "type": "Feature",
      "geometry": {
        "type": "Point",
        "coordinates": [
          140.011205,
          35.744965
        ]
      },
      "properties": {
        "NO": "1479",
        "共通ID": "E1220400129111",
        "施設・場所名": "千葉県立船橋二和高等学校",
        "住所": "千葉県船橋市二和西1-3-1",
        "指定緊急避難場所との住所同一": "1",
        "その他市町村長が必要と認める事項": null,
        "受入対象者": null,
        "備考": ""
      }
    },
    {
      "type": "Feature",
      "geometry": {
        "type": "Point",
        "coordinates": [
          140.013779,
          35.747814
        ]
      },
      "properties": {
        "NO": "1480",
        "共通ID": "E1220400217121",
        "施設・場所名": "けいよう",
        "住所": "千葉県船橋市二和西5-10-1",
        "指定緊急避難場所との住所同一": "",
        "その他市町村長が必要と認める事項": "",
        "受入対象者": "知的障害者",
        "備考": ""
      }
    },
    {
      "type": "Feature",
      "geometry": {
        "type": "Point",
        "coordinates": [
          140.013646,
          35.747244
        ]
      },
      "properties": {
        "NO": "1481",
        "共通ID": "E1220400226121",
        "施設・場所名": "船橋市身体障害者福祉作業所太陽",
        "住所": "千葉県船橋市二和西5-7-17",
        "指定緊急避難場所との住所同一": "",
        "その他市町村長が必要と認める事項": "",
        "受入対象者": "身体障害者",
        "備考": ""
      }
    },
    {
      "type": "Feature",
      "geometry": {
        "type": "Point",
        "coordinates": [
          140.013779,
          35.74704
        ]
      },
      "properties": {
        "NO": "1482",
        "共通ID": "E1220400219121",
        "施設・場所名": "とらのこキッズ",
        "住所": "千葉県船橋市二和西5-7-28",
        "指定緊急避難場所との住所同一": "",
        "その他市町村長が必要と認める事項": "",
        "受入対象者": "障害児",
        "備考": ""
      }
    },
    {
      "type": "Feature",
      "geometry": {
        "type": "Point",
        "coordinates": [
          140.009491,
          35.748337
        ]
      },
      "properties": {
        "NO": "1483",
        "共通ID": "E1220400187121",
        "施設・場所名": "ひかりの郷",
        "住所": "千葉県船橋市二和西6-3-20",
        "指定緊急避難場所との住所同一": "",
        "その他市町村長が必要と認める事項": "",
        "受入対象者": "要介護高齢者",
        "備考": ""
      }
    },
    {
      "type": "Feature",
      "geometry": {
        "type": "Point",
        "coordinates": [
          140.021533,
          35.740939
        ]
      },
      "properties": {
        "NO": "1484",
        "共通ID": "E1220400130111",
        "施設・場所名": "船橋市立二和小学校",
        "住所": "千葉県船橋市二和東1-9-11",
        "指定緊急避難場所との住所同一": "1",
        "その他市町村長が必要と認める事項": null,
        "受入対象者": null,
        "備考": ""
      }
    },
    {
      "type": "Feature",
      "geometry": {
        "type": "Point",
        "coordinates": [
          140.022406,
          35.753647
        ]
      },
      "properties": {
        "NO": "1485",
        "共通ID": "E1220400131111",
        "施設・場所名": "船橋市二和公民館",
        "住所": "千葉県船橋市二和東5-26-1",
        "指定緊急避難場所との住所同一": "",
        "その他市町村長が必要と認める事項": null,
        "受入対象者": null,
        "備考": ""
      }
    },
    {
      "type": "Feature",
      "geometry": {
        "type": "Point",
        "coordinates": [
          140.022406,
          35.753647
        ]
      },
      "properties": {
        "NO": "1486",
        "共通ID": "E1220400131121",
        "施設・場所名": "船橋市二和公民館",
        "住所": "千葉県船橋市二和東5-26-1",
        "指定緊急避難場所との住所同一": "",
        "その他市町村長が必要と認める事項": null,
        "受入対象者": "要配慮者",
        "備考": ""
      }
    },
    {
      "type": "Feature",
      "geometry": {
        "type": "Point",
        "coordinates": [
          140.023846,
          35.752645
        ]
      },
      "properties": {
        "NO": "1487",
        "共通ID": "E1220400132111",
        "施設・場所名": "船橋市立三咲小学校",
        "住所": "千葉県船橋市二和東5-39-1",
        "指定緊急避難場所との住所同一": "1",
        "その他市町村長が必要と認める事項": null,
        "受入対象者": null,
        "備考": ""
      }
    },
    {
      "type": "Feature",
      "geometry": {
        "type": "Point",
        "coordinates": [
          139.979678,
          35.690215
        ]
      },
      "properties": {
        "NO": "1488",
        "共通ID": "E1220400133111",
        "施設・場所名": "船橋市立湊中学校",
        "住所": "千葉県船橋市日の出1-1-2",
        "指定緊急避難場所との住所同一": "1",
        "その他市町村長が必要と認める事項": null,
        "受入対象者": null,
        "備考": ""
      }
    },
    {
      "type": "Feature",
      "geometry": {
        "type": "Point",
        "coordinates": [
          139.999725,
          35.742184
        ]
      },
      "properties": {
        "NO": "1489",
        "共通ID": "E1220400194121",
        "施設・場所名": "ケアホーム船橋",
        "住所": "千葉県船橋市馬込町899-2",
        "指定緊急避難場所との住所同一": "",
        "その他市町村長が必要と認める事項": "",
        "受入対象者": "要介護高齢者",
        "備考": ""
      }
    },
    {
      "type": "Feature",
      "geometry": {
        "type": "Point",
        "coordinates": [
          140.034368,
          35.760512
        ]
      },
      "properties": {
        "NO": "1490",
        "共通ID": "E1220400135111",
        "施設・場所名": "船橋市八木が谷公民館",
        "住所": "千葉県船橋市八木が谷2-14-6",
        "指定緊急避難場所との住所同一": "",
        "その他市町村長が必要と認める事項": null,
        "受入対象者": null,
        "備考": ""
      }
    },
    {
      "type": "Feature",
      "geometry": {
        "type": "Point",
        "coordinates": [
          140.034368,
          35.760512
        ]
      },
      "properties": {
        "NO": "1491",
        "共通ID": "E1220400135121",
        "施設・場所名": "船橋市八木が谷公民館",
        "住所": "千葉県船橋市八木が谷2-14-6",
        "指定緊急避難場所との住所同一": "",
        "その他市町村長が必要と認める事項": null,
        "受入対象者": "要配慮者",
        "備考": ""
      }
    },
    {
      "type": "Feature",
      "geometry": {
        "type": "Point",
        "coordinates": [
          140.031535,
          35.759385
        ]
      },
      "properties": {
        "NO": "1492",
        "共通ID": "E1220400136111",
        "施設・場所名": "船橋市立八木が谷小学校",
        "住所": "千葉県船橋市八木が谷2-3-1",
        "指定緊急避難場所との住所同一": "1",
        "その他市町村長が必要と認める事項": null,
        "受入対象者": null,
        "備考": ""
      }
    },
    {
      "type": "Feature",
      "geometry": {
        "type": "Point",
        "coordinates": [
          140.033461,
          35.759625
        ]
      },
      "properties": {
        "NO": "1493",
        "共通ID": "E1220400137111",
        "施設・場所名": "船橋市立八木が谷中学校",
        "住所": "千葉県船橋市八木が谷2-9-1",
        "指定緊急避難場所との住所同一": "1",
        "その他市町村長が必要と認める事項": null,
        "受入対象者": null,
        "備考": ""
      }
    },
    {
      "type": "Feature",
      "geometry": {
        "type": "Point",
        "coordinates": [
          140.036021,
          35.76354
        ]
      },
      "properties": {
        "NO": "1494",
        "共通ID": "E1220400138111",
        "施設・場所名": "船橋市立八木が谷北小学校",
        "住所": "千葉県船橋市八木が谷4-13-1",
        "指定緊急避難場所との住所同一": "1",
        "その他市町村長が必要と認める事項": null,
        "受入対象者": null,
        "備考": ""
      }
    },
    {
      "type": "Feature",
      "geometry": {
        "type": "Point",
        "coordinates": [
          140.010454,
          35.709152
        ]
      },
      "properties": {
        "NO": "1495",
        "共通ID": "E1220400223121",
        "施設・場所名": "フェルマータ船橋",
        "住所": "千葉県船橋市飯山満町1-822",
        "指定緊急避難場所との住所同一": "",
        "その他市町村長が必要と認める事項": "",
        "受入対象者": "要介護高齢者",
        "備考": ""
      }
    },
    {
      "type": "Feature",
      "geometry": {
        "type": "Point",
        "coordinates": [
          140.017732,
          35.711304
        ]
      },
      "properties": {
        "NO": "1496",
        "共通ID": "E1220400139111",
        "施設・場所名": "船橋市立飯山満中学校",
        "住所": "千葉県船橋市飯山満町1-946-1",
        "指定緊急避難場所との住所同一": "1",
        "その他市町村長が必要と認める事項": null,
        "受入対象者": null,
        "備考": ""
      }
    },
    {
      "type": "Feature",
      "geometry": {
        "type": "Point",
        "coordinates": [
          140.017084,
          35.711726
        ]
      },
      "properties": {
        "NO": "1497",
        "共通ID": "E1220400140121",
        "施設・場所名": "船橋市飯山満公民館",
        "住所": "千葉県船橋市飯山満町1-950-3",
        "指定緊急避難場所との住所同一": "",
        "その他市町村長が必要と認める事項": null,
        "受入対象者": "要配慮者",
        "備考": ""
      }
    },
    {
      "type": "Feature",
      "geometry": {
        "type": "Point",
        "coordinates": [
          140.017084,
          35.711726
        ]
      },
      "properties": {
        "NO": "1498",
        "共通ID": "E1220400140111",
        "施設・場所名": "船橋市飯山満公民館",
        "住所": "千葉県船橋市飯山満町1-950-3",
        "指定緊急避難場所との住所同一": "",
        "その他市町村長が必要と認める事項": null,
        "受入対象者": null,
        "備考": ""
      }
    },
    {
      "type": "Feature",
      "geometry": {
        "type": "Point",
        "coordinates": [
          140.016172,
          35.709669
        ]
      },
      "properties": {
        "NO": "1499",
        "共通ID": "E1220400141111",
        "施設・場所名": "船橋市立飯山満南小学校",
        "住所": "千葉県船橋市飯山満町1-954-4",
        "指定緊急避難場所との住所同一": "1",
        "その他市町村長が必要と認める事項": null,
        "受入対象者": null,
        "備考": ""
      }
    },
    {
      "type": "Feature",
      "geometry": {
        "type": "Point",
        "coordinates": [
          140.022781,
          35.705612
        ]
      },
      "properties": {
        "NO": "1500",
        "共通ID": "E1220400176121",
        "施設・場所名": "第２ワールドナーシングホーム",
        "住所": "千葉県船橋市飯山満町2-518-1",
        "指定緊急避難場所との住所同一": "",
        "その他市町村長が必要と認める事項": "",
        "受入対象者": "要介護高齢者",
        "備考": ""
      }
    },
    {
      "type": "Feature",
      "geometry": {
        "type": "Point",
        "coordinates": [
          140.022722,
          35.705781
        ]
      },
      "properties": {
        "NO": "1501",
        "共通ID": "E1220400224121",
        "施設・場所名": "ケアハウス市立船橋長寿園",
        "住所": "千葉県船橋市飯山満町2-519-3",
        "指定緊急避難場所との住所同一": "",
        "その他市町村長が必要と認める事項": "",
        "受入対象者": "要介護高齢者",
        "備考": ""
      }
    },
    {
      "type": "Feature",
      "geometry": {
        "type": "Point",
        "coordinates": [
          140.020094,
          35.710632
        ]
      },
      "properties": {
        "NO": "1502",
        "共通ID": "E1220400143111",
        "施設・場所名": "東葉高等学校",
        "住所": "千葉県船橋市飯山満町2-665-1",
        "指定緊急避難場所との住所同一": "1",
        "その他市町村長が必要と認める事項": null,
        "受入対象者": null,
        "備考": ""
      }
    },
    {
      "type": "Feature",
      "geometry": {
        "type": "Point",
        "coordinates": [
          140.021219,
          35.709305
        ]
      },
      "properties": {
        "NO": "1503",
        "共通ID": "E1220400175121",
        "施設・場所名": "ワールドナーシングホーム",
        "住所": "千葉県船橋市飯山満町2-681",
        "指定緊急避難場所との住所同一": "",
        "その他市町村長が必要と認める事項": "",
        "受入対象者": "要介護高齢者",
        "備考": ""
      }
    },
    {
      "type": "Feature",
      "geometry": {
        "type": "Point",
        "coordinates": [
          140.018654,
          35.709139
        ]
      },
      "properties": {
        "NO": "1504",
        "共通ID": "E1220400200121",
        "施設・場所名": "はさま徳州苑",
        "住所": "千葉県船橋市飯山満町2-685-3",
        "指定緊急避難場所との住所同一": "",
        "その他市町村長が必要と認める事項": "",
        "受入対象者": "要介護高齢者",
        "備考": ""
      }
    },
    {
      "type": "Feature",
      "geometry": {
        "type": "Point",
        "coordinates": [
          140.029287,
          35.710973
        ]
      },
      "properties": {
        "NO": "1505",
        "共通ID": "E1220400144111",
        "施設・場所名": "船橋市立飯山満小学校",
        "住所": "千葉県船橋市飯山満町3-1394-3",
        "指定緊急避難場所との住所同一": "1",
        "その他市町村長が必要と認める事項": null,
        "受入対象者": null,
        "備考": ""
      }
    },
    {
      "type": "Feature",
      "geometry": {
        "type": "Point",
        "coordinates": [
          139.989818,
          35.688647
        ]
      },
      "properties": {
        "NO": "1506",
        "共通ID": "E1220400146111",
        "施設・場所名": "船橋市浜町公民館",
        "住所": "千葉県船橋市浜町2-1-15",
        "指定緊急避難場所との住所同一": "",
        "その他市町村長が必要と認める事項": null,
        "受入対象者": null,
        "備考": ""
      }
    },
    {
      "type": "Feature",
      "geometry": {
        "type": "Point",
        "coordinates": [
          139.989818,
          35.688647
        ]
      },
      "properties": {
        "NO": "1507",
        "共通ID": "E1220400146121",
        "施設・場所名": "船橋市浜町公民館",
        "住所": "千葉県船橋市浜町2-1-15",
        "指定緊急避難場所との住所同一": "",
        "その他市町村長が必要と認める事項": null,
        "受入対象者": "要配慮者",
        "備考": ""
      }
    },
    {
      "type": "Feature",
      "geometry": {
        "type": "Point",
        "coordinates": [
          140.007904,
          35.710613
        ]
      },
      "properties": {
        "NO": "1508",
        "共通ID": "E1220400182121",
        "施設・場所名": "さわやか苑",
        "住所": "千葉県船橋市米ケ崎町691-1",
        "指定緊急避難場所との住所同一": "",
        "その他市町村長が必要と認める事項": "",
        "受入対象者": "要介護高齢者",
        "備考": ""
      }
    },
    {
      "type": "Feature",
      "geometry": {
        "type": "Point",
        "coordinates": [
          140.066339,
          35.761095
        ]
      },
      "properties": {
        "NO": "1509",
        "共通ID": "E1220400152111",
        "施設・場所名": "船橋市立豊富小学校",
        "住所": "千葉県船橋市豊富町1",
        "指定緊急避難場所との住所同一": "1",
        "その他市町村長が必要と認める事項": null,
        "受入対象者": null,
        "備考": ""
      }
    },
    {
      "type": "Feature",
      "geometry": {
        "type": "Point",
        "coordinates": [
          140.063981,
          35.762915
        ]
      },
      "properties": {
        "NO": "1510",
        "共通ID": "E1220400153111",
        "施設・場所名": "船橋市立豊富中学校",
        "住所": "千葉県船橋市豊富町12",
        "指定緊急避難場所との住所同一": "1",
        "その他市町村長が必要と認める事項": null,
        "受入対象者": null,
        "備考": ""
      }
    },
    {
      "type": "Feature",
      "geometry": {
        "type": "Point",
        "coordinates": [
          140.065566,
          35.761681
        ]
      },
      "properties": {
        "NO": "1511",
        "共通ID": "E1220400154121",
        "施設・場所名": "船橋市北部公民館",
        "住所": "千葉県船橋市豊富町4",
        "指定緊急避難場所との住所同一": "",
        "その他市町村長が必要と認める事項": null,
        "受入対象者": "要配慮者",
        "備考": ""
      }
    },
    {
      "type": "Feature",
      "geometry": {
        "type": "Point",
        "coordinates": [
          140.065566,
          35.761681
        ]
      },
      "properties": {
        "NO": "1512",
        "共通ID": "E1220400154111",
        "施設・場所名": "船橋市北部公民館",
        "住所": "千葉県船橋市豊富町4",
        "指定緊急避難場所との住所同一": "",
        "その他市町村長が必要と認める事項": null,
        "受入対象者": null,
        "備考": ""
      }
    },
    {
      "type": "Feature",
      "geometry": {
        "type": "Point",
        "coordinates": [
          140.069382,
          35.767963
        ]
      },
      "properties": {
        "NO": "1513",
        "共通ID": "E1220400209121",
        "施設・場所名": "みらい工芸館",
        "住所": "千葉県船橋市豊富町603-2",
        "指定緊急避難場所との住所同一": "",
        "その他市町村長が必要と認める事項": "",
        "受入対象者": "知的障害者",
        "備考": ""
      }
    },
    {
      "type": "Feature",
      "geometry": {
        "type": "Point",
        "coordinates": [
          140.072952,
          35.760014
        ]
      },
      "properties": {
        "NO": "1514",
        "共通ID": "E1220400210121",
        "施設・場所名": "生活介護事業所　とよとみみらい",
        "住所": "千葉県船橋市豊富町690-13",
        "指定緊急避難場所との住所同一": "",
        "その他市町村長が必要と認める事項": "",
        "受入対象者": "知的障害者",
        "備考": ""
      }
    },
    {
      "type": "Feature",
      "geometry": {
        "type": "Point",
        "coordinates": [
          139.947202,
          35.715316
        ]
      },
      "properties": {
        "NO": "1515",
        "共通ID": "E1220400155121",
        "施設・場所名": "船橋市西部公民館",
        "住所": "千葉県船橋市本中山1-6-6",
        "指定緊急避難場所との住所同一": "",
        "その他市町村長が必要と認める事項": null,
        "受入対象者": "要配慮者",
        "備考": ""
      }
    },
    {
      "type": "Feature",
      "geometry": {
        "type": "Point",
        "coordinates": [
          139.947202,
          35.715316
        ]
      },
      "properties": {
        "NO": "1516",
        "共通ID": "E1220400155111",
        "施設・場所名": "船橋市西部公民館",
        "住所": "千葉県船橋市本中山1-6-6",
        "指定緊急避難場所との住所同一": "",
        "その他市町村長が必要と認める事項": null,
        "受入対象者": null,
        "備考": ""
      }
    },
    {
      "type": "Feature",
      "geometry": {
        "type": "Point",
        "coordinates": [
          139.943132,
          35.711895
        ]
      },
      "properties": {
        "NO": "1517",
        "共通ID": "E1220400156111",
        "施設・場所名": "船橋市立小栗原小学校",
        "住所": "千葉県船橋市本中山3-16-12",
        "指定緊急避難場所との住所同一": "1",
        "その他市町村長が必要と認める事項": null,
        "受入対象者": null,
        "備考": ""
      }
    },
    {
      "type": "Feature",
      "geometry": {
        "type": "Point",
        "coordinates": [
          139.981269,
          35.700015
        ]
      },
      "properties": {
        "NO": "1518",
        "共通ID": "E1220400157111",
        "施設・場所名": "船橋市青少年センター",
        "住所": "千葉県船橋市本町1-23-7",
        "指定緊急避難場所との住所同一": "",
        "その他市町村長が必要と認める事項": null,
        "受入対象者": null,
        "備考": ""
      }
    },
    {
      "type": "Feature",
      "geometry": {
        "type": "Point",
        "coordinates": [
          139.984887,
          35.697805
        ]
      },
      "properties": {
        "NO": "1519",
        "共通ID": "E1220400158111",
        "施設・場所名": "船橋市中央公民館",
        "住所": "千葉県船橋市本町2-2-5",
        "指定緊急避難場所との住所同一": "",
        "その他市町村長が必要と認める事項": null,
        "受入対象者": null,
        "備考": ""
      }
    },
    {
      "type": "Feature",
      "geometry": {
        "type": "Point",
        "coordinates": [
          139.984887,
          35.697805
        ]
      },
      "properties": {
        "NO": "1520",
        "共通ID": "E1220400158121",
        "施設・場所名": "船橋市中央公民館",
        "住所": "千葉県船橋市本町2-2-5",
        "指定緊急避難場所との住所同一": "",
        "その他市町村長が必要と認める事項": null,
        "受入対象者": "要配慮者",
        "備考": ""
      }
    },
    {
      "type": "Feature",
      "geometry": {
        "type": "Point",
        "coordinates": [
          139.988424,
          35.70009
        ]
      },
      "properties": {
        "NO": "1521",
        "共通ID": "E1220400159111",
        "施設・場所名": "船橋市立船橋小学校",
        "住所": "千葉県船橋市本町4-17-20",
        "指定緊急避難場所との住所同一": "1",
        "その他市町村長が必要と認める事項": null,
        "受入対象者": null,
        "備考": ""
      }
    },
    {
      "type": "Feature",
      "geometry": {
        "type": "Point",
        "coordinates": [
          139.98791,
          35.698881
        ]
      },
      "properties": {
        "NO": "1522",
        "共通ID": "E1220400160111",
        "施設・場所名": "船橋市勤労市民センター",
        "住所": "千葉県船橋市本町4-19-6",
        "指定緊急避難場所との住所同一": "",
        "その他市町村長が必要と認める事項": null,
        "受入対象者": null,
        "備考": ""
      }
    },
    {
      "type": "Feature",
      "geometry": {
        "type": "Point",
        "coordinates": [
          139.990799,
          35.70076
        ]
      },
      "properties": {
        "NO": "1523",
        "共通ID": "E1220400205121",
        "施設・場所名": "リハビリケア船橋",
        "住所": "千葉県船橋市本町4-8-30",
        "指定緊急避難場所との住所同一": "",
        "その他市町村長が必要と認める事項": "",
        "受入対象者": "要介護高齢者",
        "備考": ""
      }
    },
    {
      "type": "Feature",
      "geometry": {
        "type": "Point",
        "coordinates": [
          139.988098,
          35.693642
        ]
      },
      "properties": {
        "NO": "1524",
        "共通ID": "E1220400162121",
        "施設・場所名": "南老人福祉センター",
        "住所": "千葉県船橋市湊町1-11-19",
        "指定緊急避難場所との住所同一": "",
        "その他市町村長が必要と認める事項": null,
        "受入対象者": "要配慮者",
        "備考": ""
      }
    },
    {
      "type": "Feature",
      "geometry": {
        "type": "Point",
        "coordinates": [
          139.98627,
          35.692978
        ]
      },
      "properties": {
        "NO": "1525",
        "共通ID": "E1220400163111",
        "施設・場所名": "船橋市立湊町小学校",
        "住所": "千葉県船橋市湊町1-16-5",
        "指定緊急避難場所との住所同一": "1",
        "その他市町村長が必要と認める事項": null,
        "受入対象者": null,
        "備考": ""
      }
    },
    {
      "type": "Feature",
      "geometry": {
        "type": "Point",
        "coordinates": [
          140.046046,
          35.70738
        ]
      },
      "properties": {
        "NO": "1526",
        "共通ID": "E1220400166111",
        "施設・場所名": "船橋市立薬円台南小学校",
        "住所": "千葉県船橋市薬円台2-18-1",
        "指定緊急避難場所との住所同一": "1",
        "その他市町村長が必要と認める事項": null,
        "受入対象者": null,
        "備考": ""
      }
    },
    {
      "type": "Feature",
      "geometry": {
        "type": "Point",
        "coordinates": [
          140.045232,
          35.713183
        ]
      },
      "properties": {
        "NO": "1527",
        "共通ID": "E1220400168111",
        "施設・場所名": "船橋市立薬円台小学校",
        "住所": "千葉県船橋市薬円台4-5-1",
        "指定緊急避難場所との住所同一": "1",
        "その他市町村長が必要と認める事項": null,
        "受入対象者": null,
        "備考": ""
      }
    },
    {
      "type": "Feature",
      "geometry": {
        "type": "Point",
        "coordinates": [
          140.039743,
          35.71025
        ]
      },
      "properties": {
        "NO": "1528",
        "共通ID": "E1220400169121",
        "施設・場所名": "船橋市薬円台公民館",
        "住所": "千葉県船橋市薬円台5-18-1",
        "指定緊急避難場所との住所同一": "",
        "その他市町村長が必要と認める事項": null,
        "受入対象者": "要配慮者",
        "備考": ""
      }
    },
    {
      "type": "Feature",
      "geometry": {
        "type": "Point",
        "coordinates": [
          140.039743,
          35.71025
        ]
      },
      "properties": {
        "NO": "1529",
        "共通ID": "E1220400169111",
        "施設・場所名": "船橋市薬円台公民館",
        "住所": "千葉県船橋市薬円台5-18-1",
        "指定緊急避難場所との住所同一": "",
        "その他市町村長が必要と認める事項": null,
        "受入対象者": null,
        "備考": ""
      }
    },
    {
      "type": "Feature",
      "geometry": {
        "type": "Point",
        "coordinates": [
          140.043224,
          35.714456
        ]
      },
      "properties": {
        "NO": "1530",
        "共通ID": "E1220400170121",
        "施設・場所名": "東老人福祉センター",
        "住所": "千葉県船橋市薬円台5-31-1",
        "指定緊急避難場所との住所同一": "",
        "その他市町村長が必要と認める事項": null,
        "受入対象者": "要配慮者",
        "備考": ""
      }
    },
    {
      "type": "Feature",
      "geometry": {
        "type": "Point",
        "coordinates": [
          140.04456,
          35.711529
        ]
      },
      "properties": {
        "NO": "1531",
        "共通ID": "E1220400171111",
        "施設・場所名": "千葉県立薬園台高等学校",
        "住所": "千葉県船橋市薬円台5-34-1",
        "指定緊急避難場所との住所同一": "1",
        "その他市町村長が必要と認める事項": null,
        "受入対象者": null,
        "備考": ""
      }
    },
    {
      "type": "Feature",
      "geometry": {
        "type": "Point",
        "coordinates": [
          140.555114,
          35.65138
        ]
      },
      "properties": {
        "NO": "1532",
        "共通ID": "E1223500003111",
        "施設・場所名": "栄小学校",
        "住所": "千葉県匝瑳市栢田823",
        "指定緊急避難場所との住所同一": "1",
        "その他市町村長が必要と認める事項": null,
        "受入対象者": null,
        "備考": ""
      }
    },
    {
      "type": "Feature",
      "geometry": {
        "type": "Point",
        "coordinates": [
          140.505882,
          35.721139
        ]
      },
      "properties": {
        "NO": "1533",
        "共通ID": "E1223500005111",
        "施設・場所名": "吉田小学校",
        "住所": "千葉県匝瑳市吉田4020",
        "指定緊急避難場所との住所同一": "1",
        "その他市町村長が必要と認める事項": null,
        "受入対象者": null,
        "備考": ""
      }
    },
    {
      "type": "Feature",
      "geometry": {
        "type": "Point",
        "coordinates": [
          140.54974,
          35.678887
        ]
      },
      "properties": {
        "NO": "1534",
        "共通ID": "E1223500006111",
        "施設・場所名": "須賀小学校",
        "住所": "千葉県匝瑳市高1956",
        "指定緊急避難場所との住所同一": "1",
        "その他市町村長が必要と認める事項": null,
        "受入対象者": null,
        "備考": ""
      }
    },
    {
      "type": "Feature",
      "geometry": {
        "type": "Point",
        "coordinates": [
          140.569365,
          35.666865
        ]
      },
      "properties": {
        "NO": "1535",
        "共通ID": "E1223500008111",
        "施設・場所名": "野栄中学校",
        "住所": "千葉県匝瑳市今泉5323-3",
        "指定緊急避難場所との住所同一": "1",
        "その他市町村長が必要と認める事項": null,
        "受入対象者": null,
        "備考": ""
      }
    },
    {
      "type": "Feature",
      "geometry": {
        "type": "Point",
        "coordinates": [
          140.568412,
          35.660234
        ]
      },
      "properties": {
        "NO": "1536",
        "共通ID": "E1223500009111",
        "施設・場所名": "生涯学習センター",
        "住所": "千葉県匝瑳市今泉6489-1",
        "指定緊急避難場所との住所同一": "1",
        "その他市町村長が必要と認める事項": null,
        "受入対象者": null,
        "備考": ""
      }
    },
    {
      "type": "Feature",
      "geometry": {
        "type": "Point",
        "coordinates": [
          140.570395,
          35.659329
        ]
      },
      "properties": {
        "NO": "1537",
        "共通ID": "E1223500010111",
        "施設・場所名": "のさかアリーナ",
        "住所": "千葉県匝瑳市今泉6536-1",
        "指定緊急避難場所との住所同一": "1",
        "その他市町村長が必要と認める事項": null,
        "受入対象者": null,
        "備考": ""
      }
    },
    {
      "type": "Feature",
      "geometry": {
        "type": "Point",
        "coordinates": [
          140.533113,
          35.71319
        ]
      },
      "properties": {
        "NO": "1538",
        "共通ID": "E1223500012111",
        "施設・場所名": "旧匝瑳小学校",
        "住所": "千葉県匝瑳市松山1122",
        "指定緊急避難場所との住所同一": "1",
        "その他市町村長が必要と認める事項": null,
        "受入対象者": null,
        "備考": ""
      }
    },
    {
      "type": "Feature",
      "geometry": {
        "type": "Point",
        "coordinates": [
          140.572051,
          35.712203
        ]
      },
      "properties": {
        "NO": "1539",
        "共通ID": "E1223500014111",
        "施設・場所名": "八日市場第一中学校",
        "住所": "千葉県匝瑳市上谷中2270-5",
        "指定緊急避難場所との住所同一": "1",
        "その他市町村長が必要と認める事項": null,
        "受入対象者": null,
        "備考": ""
      }
    },
    {
      "type": "Feature",
      "geometry": {
        "type": "Point",
        "coordinates": [
          140.55422,
          35.742569
        ]
      },
      "properties": {
        "NO": "1540",
        "共通ID": "E1223500016111",
        "施設・場所名": "豊和小学校",
        "住所": "千葉県匝瑳市大寺1492",
        "指定緊急避難場所との住所同一": "1",
        "その他市町村長が必要と認める事項": null,
        "受入対象者": null,
        "備考": ""
      }
    },
    {
      "type": "Feature",
      "geometry": {
        "type": "Point",
        "coordinates": [
          140.578768,
          35.721986
        ]
      },
      "properties": {
        "NO": "1541",
        "共通ID": "E1223500018111",
        "施設・場所名": "椿海小学校",
        "住所": "千葉県匝瑳市椿973",
        "指定緊急避難場所との住所同一": "1",
        "その他市町村長が必要と認める事項": null,
        "受入対象者": null,
        "備考": ""
      }
    },
    {
      "type": "Feature",
      "geometry": {
        "type": "Point",
        "coordinates": [
          140.595497,
          35.681349
        ]
      },
      "properties": {
        "NO": "1542",
        "共通ID": "E1223500019111",
        "施設・場所名": "共興小学校",
        "住所": "千葉県匝瑳市東小笹1160",
        "指定緊急避難場所との住所同一": "1",
        "その他市町村長が必要と認める事項": null,
        "受入対象者": null,
        "備考": ""
      }
    },
    {
      "type": "Feature",
      "geometry": {
        "type": "Point",
        "coordinates": [
          140.54347,
          35.70506
        ]
      },
      "properties": {
        "NO": "1543",
        "共通ID": "E1223500021111",
        "施設・場所名": "八日市場第二中学校",
        "住所": "千葉県匝瑳市八日市場イ1687",
        "指定緊急避難場所との住所同一": "1",
        "その他市町村長が必要と認める事項": null,
        "受入対象者": null,
        "備考": ""
      }
    },
    {
      "type": "Feature",
      "geometry": {
        "type": "Point",
        "coordinates": [
          140.545947,
          35.701815
        ]
      },
      "properties": {
        "NO": "1544",
        "共通ID": "E1223500022111",
        "施設・場所名": "八日市場勤労青少年ホーム",
        "住所": "千葉県匝瑳市八日市場イ2030",
        "指定緊急避難場所との住所同一": "1",
        "その他市町村長が必要と認める事項": "",
        "受入対象者": "",
        "備考": ""
      }
    },
    {
      "type": "Feature",
      "geometry": {
        "type": "Point",
        "coordinates": [
          140.550209,
          35.705201
        ]
      },
      "properties": {
        "NO": "1545",
        "共通ID": "E1223500023111",
        "施設・場所名": "八日市場小学校",
        "住所": "千葉県匝瑳市八日市場イ2311",
        "指定緊急避難場所との住所同一": "1",
        "その他市町村長が必要と認める事項": null,
        "受入対象者": null,
        "備考": ""
      }
    },
    {
      "type": "Feature",
      "geometry": {
        "type": "Point",
        "coordinates": [
          140.551696,
          35.70341
        ]
      },
      "properties": {
        "NO": "1546",
        "共通ID": "E1223500026111",
        "施設・場所名": "八日市場公民館",
        "住所": "千葉県匝瑳市八日市場イ2402",
        "指定緊急避難場所との住所同一": "",
        "その他市町村長が必要と認める事項": null,
        "受入対象者": null,
        "備考": ""
      }
    },
    {
      "type": "Feature",
      "geometry": {
        "type": "Point",
        "coordinates": [
          140.565263,
          35.707792
        ]
      },
      "properties": {
        "NO": "1547",
        "共通ID": "E1223500028111",
        "施設・場所名": "八日市場ドーム",
        "住所": "千葉県匝瑳市八日市場ハ793-1",
        "指定緊急避難場所との住所同一": "",
        "その他市町村長が必要と認める事項": null,
        "受入対象者": null,
        "備考": ""
      }
    },
    {
      "type": "Feature",
      "geometry": {
        "type": "Point",
        "coordinates": [
          140.565304,
          35.708464
        ]
      },
      "properties": {
        "NO": "1548",
        "共通ID": "E1223500029111",
        "施設・場所名": "市民ふれあいセンター",
        "住所": "千葉県匝瑳市八日市場ハ793-35",
        "指定緊急避難場所との住所同一": "1",
        "その他市町村長が必要と認める事項": null,
        "受入対象者": null,
        "備考": ""
      }
    },
    {
      "type": "Feature",
      "geometry": {
        "type": "Point",
        "coordinates": [
          140.523912,
          35.749785
        ]
      },
      "properties": {
        "NO": "1549",
        "共通ID": "E1223500032111",
        "施設・場所名": "県立飯高特別支援学校",
        "住所": "千葉県匝瑳市飯高1692",
        "指定緊急避難場所との住所同一": "1",
        "その他市町村長が必要と認める事項": null,
        "受入対象者": null,
        "備考": ""
      }
    },
    {
      "type": "Feature",
      "geometry": {
        "type": "Point",
        "coordinates": [
          140.516223,
          35.696513
        ]
      },
      "properties": {
        "NO": "1550",
        "共通ID": "E1223500034111",
        "施設・場所名": "豊栄小学校",
        "住所": "千葉県匝瑳市飯倉1847",
        "指定緊急避難場所との住所同一": "1",
        "その他市町村長が必要と認める事項": null,
        "受入対象者": null,
        "備考": ""
      }
    },
    {
      "type": "Feature",
      "geometry": {
        "type": "Point",
        "coordinates": [
          140.589249,
          35.700231
        ]
      },
      "properties": {
        "NO": "1551",
        "共通ID": "E1223500038111",
        "施設・場所名": "平和小学校",
        "住所": "千葉県匝瑳市平木1819",
        "指定緊急避難場所との住所同一": "1",
        "その他市町村長が必要と認める事項": null,
        "受入対象者": null,
        "備考": ""
      }
    },
    {
      "type": "Feature",
      "geometry": {
        "type": "Point",
        "coordinates": [
          140.036913,
          35.387494
        ]
      },
      "properties": {
        "NO": "1552",
        "共通ID": "E1222900001111",
        "施設・場所名": "平川公民館",
        "住所": "千葉県袖ケ浦市横田115-1",
        "指定緊急避難場所との住所同一": "1",
        "その他市町村長が必要と認める事項": null,
        "受入対象者": null,
        "備考": ""
      }
    },
    {
      "type": "Feature",
      "geometry": {
        "type": "Point",
        "coordinates": [
          140.036913,
          35.387494
        ]
      },
      "properties": {
        "NO": "1553",
        "共通ID": "E1222900001121",
        "施設・場所名": "平川公民館",
        "住所": "千葉県袖ケ浦市横田115-1",
        "指定緊急避難場所との住所同一": "1",
        "その他市町村長が必要と認める事項": null,
        "受入対象者": "要配慮者",
        "備考": ""
      }
    },
    {
      "type": "Feature",
      "geometry": {
        "type": "Point",
        "coordinates": [
          140.016545,
          35.382176
        ]
      },
      "properties": {
        "NO": "1554",
        "共通ID": "E1222900002111",
        "施設・場所名": "中川小学校",
        "住所": "千葉県袖ケ浦市横田2583",
        "指定緊急避難場所との住所同一": "1",
        "その他市町村長が必要と認める事項": null,
        "受入対象者": null,
        "備考": ""
      }
    },
    {
      "type": "Feature",
      "geometry": {
        "type": "Point",
        "coordinates": [
          140.016148,
          35.384499
        ]
      },
      "properties": {
        "NO": "1555",
        "共通ID": "E1222900003111",
        "施設・場所名": "中川幼稚園",
        "住所": "千葉県袖ケ浦市横田2637",
        "指定緊急避難場所との住所同一": "1",
        "その他市町村長が必要と認める事項": null,
        "受入対象者": null,
        "備考": ""
      }
    },
    {
      "type": "Feature",
      "geometry": {
        "type": "Point",
        "coordinates": [
          140.034207,
          35.390267
        ]
      },
      "properties": {
        "NO": "1556",
        "共通ID": "E1222900004111",
        "施設・場所名": "平川中学校",
        "住所": "千葉県袖ケ浦市横田500",
        "指定緊急避難場所との住所同一": "1",
        "その他市町村長が必要と認める事項": null,
        "受入対象者": null,
        "備考": ""
      }
    },
    {
      "type": "Feature",
      "geometry": {
        "type": "Point",
        "coordinates": [
          139.998984,
          35.419141
        ]
      },
      "properties": {
        "NO": "1557",
        "共通ID": "E1222900005121",
        "施設・場所名": "根形公民館",
        "住所": "千葉県袖ケ浦市下新田1277",
        "指定緊急避難場所との住所同一": "1",
        "その他市町村長が必要と認める事項": null,
        "受入対象者": "要配慮者",
        "備考": ""
      }
    },
    {
      "type": "Feature",
      "geometry": {
        "type": "Point",
        "coordinates": [
          139.998984,
          35.419141
        ]
      },
      "properties": {
        "NO": "1558",
        "共通ID": "E1222900005111",
        "施設・場所名": "根形公民館",
        "住所": "千葉県袖ケ浦市下新田1277",
        "指定緊急避難場所との住所同一": "1",
        "その他市町村長が必要と認める事項": null,
        "受入対象者": null,
        "備考": ""
      }
    },
    {
      "type": "Feature",
      "geometry": {
        "type": "Point",
        "coordinates": [
          140.008247,
          35.365429
        ]
      },
      "properties": {
        "NO": "1559",
        "共通ID": "E1222900006111",
        "施設・場所名": "吉野田保育所",
        "住所": "千葉県袖ケ浦市吉野田198",
        "指定緊急避難場所との住所同一": "1",
        "その他市町村長が必要と認める事項": null,
        "受入対象者": null,
        "備考": ""
      }
    },
    {
      "type": "Feature",
      "geometry": {
        "type": "Point",
        "coordinates": [
          140.01672,
          35.374255
        ]
      },
      "properties": {
        "NO": "1560",
        "共通ID": "E1222900007111",
        "施設・場所名": "富岡分館",
        "住所": "千葉県袖ケ浦市吉野田622-2",
        "指定緊急避難場所との住所同一": "1",
        "その他市町村長が必要と認める事項": null,
        "受入対象者": null,
        "備考": ""
      }
    },
    {
      "type": "Feature",
      "geometry": {
        "type": "Point",
        "coordinates": [
          140.002157,
          35.452473
        ]
      },
      "properties": {
        "NO": "1561",
        "共通ID": "E1222900008111",
        "施設・場所名": "長浦中学校",
        "住所": "千葉県袖ケ浦市久保田129",
        "指定緊急避難場所との住所同一": "1",
        "その他市町村長が必要と認める事項": null,
        "受入対象者": null,
        "備考": ""
      }
    },
    {
      "type": "Feature",
      "geometry": {
        "type": "Point",
        "coordinates": [
          139.95501,
          35.428087
        ]
      },
      "properties": {
        "NO": "1562",
        "共通ID": "E1222900009111",
        "施設・場所名": "昭和小学校",
        "住所": "千葉県袖ケ浦市坂戸市場1431",
        "指定緊急避難場所との住所同一": "1",
        "その他市町村長が必要と認める事項": null,
        "受入対象者": null,
        "備考": ""
      }
    },
    {
      "type": "Feature",
      "geometry": {
        "type": "Point",
        "coordinates": [
          139.953753,
          35.422961
        ]
      },
      "properties": {
        "NO": "1563",
        "共通ID": "E1222900010111",
        "施設・場所名": "市民会館",
        "住所": "千葉県袖ケ浦市坂戸市場1566",
        "指定緊急避難場所との住所同一": "1",
        "その他市町村長が必要と認める事項": null,
        "受入対象者": null,
        "備考": ""
      }
    },
    {
      "type": "Feature",
      "geometry": {
        "type": "Point",
        "coordinates": [
          139.953753,
          35.422961
        ]
      },
      "properties": {
        "NO": "1564",
        "共通ID": "E1222900010121",
        "施設・場所名": "市民会館",
        "住所": "千葉県袖ケ浦市坂戸市場1566",
        "指定緊急避難場所との住所同一": "1",
        "その他市町村長が必要と認める事項": null,
        "受入対象者": "要配慮者",
        "備考": ""
      }
    },
    {
      "type": "Feature",
      "geometry": {
        "type": "Point",
        "coordinates": [
          140.009874,
          35.422619
        ]
      },
      "properties": {
        "NO": "1565",
        "共通ID": "E1222900011111",
        "施設・場所名": "健康づくり支援センター",
        "住所": "千葉県袖ケ浦市三ツ作1862-12",
        "指定緊急避難場所との住所同一": "1",
        "その他市町村長が必要と認める事項": null,
        "受入対象者": null,
        "備考": ""
      }
    },
    {
      "type": "Feature",
      "geometry": {
        "type": "Point",
        "coordinates": [
          140.00229,
          35.41453
        ]
      },
      "properties": {
        "NO": "1566",
        "共通ID": "E1222900012111",
        "施設・場所名": "根形中学校",
        "住所": "千葉県袖ケ浦市三ツ作741",
        "指定緊急避難場所との住所同一": "1",
        "その他市町村長が必要と認める事項": null,
        "受入対象者": null,
        "備考": ""
      }
    },
    {
      "type": "Feature",
      "geometry": {
        "type": "Point",
        "coordinates": [
          140.00122,
          35.414056
        ]
      },
      "properties": {
        "NO": "1567",
        "共通ID": "E1222900013111",
        "施設・場所名": "根形小学校",
        "住所": "千葉県袖ケ浦市三ツ作761",
        "指定緊急避難場所との住所同一": "1",
        "その他市町村長が必要と認める事項": null,
        "受入対象者": null,
        "備考": ""
      }
    },
    {
      "type": "Feature",
      "geometry": {
        "type": "Point",
        "coordinates": [
          140.05734,
          35.388951
        ]
      },
      "properties": {
        "NO": "1568",
        "共通ID": "E1222900014111",
        "施設・場所名": "平川保育所",
        "住所": "千葉県袖ケ浦市三箇1965",
        "指定緊急避難場所との住所同一": "1",
        "その他市町村長が必要と認める事項": null,
        "受入対象者": null,
        "備考": ""
      }
    },
    {
      "type": "Feature",
      "geometry": {
        "type": "Point",
        "coordinates": [
          139.972352,
          35.431549
        ]
      },
      "properties": {
        "NO": "1569",
        "共通ID": "E1222900015111",
        "施設・場所名": "昭和中学校",
        "住所": "千葉県袖ケ浦市神納3204",
        "指定緊急避難場所との住所同一": "1",
        "その他市町村長が必要と認める事項": null,
        "受入対象者": null,
        "備考": ""
      }
    },
    {
      "type": "Feature",
      "geometry": {
        "type": "Point",
        "coordinates": [
          139.967564,
          35.423757
        ]
      },
      "properties": {
        "NO": "1570",
        "共通ID": "E1222900016111",
        "施設・場所名": "袖ヶ浦高校",
        "住所": "千葉県袖ケ浦市神納530",
        "指定緊急避難場所との住所同一": "1",
        "その他市町村長が必要と認める事項": null,
        "受入対象者": null,
        "備考": ""
      }
    },
    {
      "type": "Feature",
      "geometry": {
        "type": "Point",
        "coordinates": [
          140.068169,
          35.411292
        ]
      },
      "properties": {
        "NO": "1571",
        "共通ID": "E1222900017111",
        "施設・場所名": "幽谷分校",
        "住所": "千葉県袖ケ浦市川原井470",
        "指定緊急避難場所との住所同一": "1",
        "その他市町村長が必要と認める事項": null,
        "受入対象者": null,
        "備考": ""
      }
    },
    {
      "type": "Feature",
      "geometry": {
        "type": "Point",
        "coordinates": [
          139.997082,
          35.43575
        ]
      },
      "properties": {
        "NO": "1572",
        "共通ID": "E1222900018111",
        "施設・場所名": "蔵波中学校",
        "住所": "千葉県袖ケ浦市蔵波2967-2",
        "指定緊急避難場所との住所同一": "1",
        "その他市町村長が必要と認める事項": null,
        "受入対象者": null,
        "備考": ""
      }
    },
    {
      "type": "Feature",
      "geometry": {
        "type": "Point",
        "coordinates": [
          140.005813,
          35.440908
        ]
      },
      "properties": {
        "NO": "1573",
        "共通ID": "E1222900019111",
        "施設・場所名": "長浦公民館",
        "住所": "千葉県袖ケ浦市蔵波513-1",
        "指定緊急避難場所との住所同一": "1",
        "その他市町村長が必要と認める事項": null,
        "受入対象者": null,
        "備考": ""
      }
    },
    {
      "type": "Feature",
      "geometry": {
        "type": "Point",
        "coordinates": [
          140.005813,
          35.440908
        ]
      },
      "properties": {
        "NO": "1574",
        "共通ID": "E1222900019121",
        "施設・場所名": "長浦公民館",
        "住所": "千葉県袖ケ浦市蔵波513-1",
        "指定緊急避難場所との住所同一": "1",
        "その他市町村長が必要と認める事項": null,
        "受入対象者": "要配慮者",
        "備考": ""
      }
    },
    {
      "type": "Feature",
      "geometry": {
        "type": "Point",
        "coordinates": [
          139.998438,
          35.442122
        ]
      },
      "properties": {
        "NO": "1575",
        "共通ID": "E1222900020111",
        "施設・場所名": "蔵波小学校",
        "住所": "千葉県袖ケ浦市蔵波台4-19-1",
        "指定緊急避難場所との住所同一": "1",
        "その他市町村長が必要と認める事項": null,
        "受入対象者": null,
        "備考": ""
      }
    },
    {
      "type": "Feature",
      "geometry": {
        "type": "Point",
        "coordinates": [
          140.021623,
          35.459104
        ]
      },
      "properties": {
        "NO": "1576",
        "共通ID": "E1222900021111",
        "施設・場所名": "代宿公民館",
        "住所": "千葉県袖ケ浦市代宿74-1",
        "指定緊急避難場所との住所同一": "1",
        "その他市町村長が必要と認める事項": null,
        "受入対象者": null,
        "備考": ""
      }
    },
    {
      "type": "Feature",
      "geometry": {
        "type": "Point",
        "coordinates": [
          139.993192,
          35.451172
        ]
      },
      "properties": {
        "NO": "1577",
        "共通ID": "E1222900022111",
        "施設・場所名": "臨海スポーツセンター",
        "住所": "千葉県袖ケ浦市長浦1-57",
        "指定緊急避難場所との住所同一": "1",
        "その他市町村長が必要と認める事項": null,
        "受入対象者": null,
        "備考": ""
      }
    },
    {
      "type": "Feature",
      "geometry": {
        "type": "Point",
        "coordinates": [
          140.003576,
          35.449636
        ]
      },
      "properties": {
        "NO": "1578",
        "共通ID": "E1222900023111",
        "施設・場所名": "長浦小学校",
        "住所": "千葉県袖ケ浦市長浦駅前6-1-4",
        "指定緊急避難場所との住所同一": "1",
        "その他市町村長が必要と認める事項": null,
        "受入対象者": null,
        "備考": ""
      }
    },
    {
      "type": "Feature",
      "geometry": {
        "type": "Point",
        "coordinates": [
          139.965984,
          35.43856
        ]
      },
      "properties": {
        "NO": "1579",
        "共通ID": "E1222900024111",
        "施設・場所名": "奈良輪小学校",
        "住所": "千葉県袖ケ浦市奈良輪425-1",
        "指定緊急避難場所との住所同一": "1",
        "その他市町村長が必要と認める事項": null,
        "受入対象者": null,
        "備考": ""
      }
    },
    {
      "type": "Feature",
      "geometry": {
        "type": "Point",
        "coordinates": [
          140.048023,
          35.403532
        ]
      },
      "properties": {
        "NO": "1580",
        "共通ID": "E1222900026111",
        "施設・場所名": "平岡小学校",
        "住所": "千葉県袖ケ浦市野里1503",
        "指定緊急避難場所との住所同一": "1",
        "その他市町村長が必要と認める事項": null,
        "受入対象者": null,
        "備考": ""
      }
    },
    {
      "type": "Feature",
      "geometry": {
        "type": "Point",
        "coordinates": [
          140.043982,
          35.403726
        ]
      },
      "properties": {
        "NO": "1581",
        "共通ID": "E1222900027111",
        "施設・場所名": "平岡公民館",
        "住所": "千葉県袖ケ浦市野里1563-1",
        "指定緊急避難場所との住所同一": "1",
        "その他市町村長が必要と認める事項": null,
        "受入対象者": null,
        "備考": ""
      }
    },
    {
      "type": "Feature",
      "geometry": {
        "type": "Point",
        "coordinates": [
          140.044317,
          35.403719
        ]
      },
      "properties": {
        "NO": "1582",
        "共通ID": "E1222900027121",
        "施設・場所名": "平岡公民館",
        "住所": "千葉県袖ケ浦市野里1563-1",
        "指定緊急避難場所との住所同一": "1",
        "その他市町村長が必要と認める事項": null,
        "受入対象者": "要配慮者",
        "備考": ""
      }
    },
    {
      "type": "Feature",
      "geometry": {
        "type": "Point",
        "coordinates": [
          140.448979,
          35.75206
        ]
      },
      "properties": {
        "NO": "1583",
        "共通ID": "E1234700002111",
        "施設・場所名": "多古町民第二体育館",
        "住所": "千葉県多古町喜多井野144-1",
        "指定緊急避難場所との住所同一": "",
        "その他市町村長が必要と認める事項": null,
        "受入対象者": null,
        "備考": ""
      }
    },
    {
      "type": "Feature",
      "geometry": {
        "type": "Point",
        "coordinates": [
          140.456904,
          35.710694
        ]
      },
      "properties": {
        "NO": "1584",
        "共通ID": "E1234700005111",
        "施設・場所名": "多古町民牛尾体育館",
        "住所": "千葉県多古町牛尾2053-2",
        "指定緊急避難場所との住所同一": "",
        "その他市町村長が必要と認める事項": null,
        "受入対象者": null,
        "備考": ""
      }
    },
    {
      "type": "Feature",
      "geometry": {
        "type": "Point",
        "coordinates": [
          140.463653,
          35.734411
        ]
      },
      "properties": {
        "NO": "1585",
        "共通ID": "E1234700009111",
        "施設・場所名": "多古第一小学校（体育館）",
        "住所": "千葉県多古町多古2547",
        "指定緊急避難場所との住所同一": "1",
        "その他市町村長が必要と認める事項": "",
        "受入対象者": "",
        "備考": ""
      }
    },
    {
      "type": "Feature",
      "geometry": {
        "type": "Point",
        "coordinates": [
          140.4682,
          35.739684
        ]
      },
      "properties": {
        "NO": "1586",
        "共通ID": "E1234700010121",
        "施設・場所名": "多古町保健福祉センター",
        "住所": "千葉県多古町多古2848",
        "指定緊急避難場所との住所同一": "",
        "その他市町村長が必要と認める事項": "",
        "受入対象者": "高齢者・障害者・乳幼児その他の特に配慮を要する者",
        "備考": ""
      }
    },
    {
      "type": "Feature",
      "geometry": {
        "type": "Point",
        "coordinates": [
          140.469156,
          35.741185
        ]
      },
      "properties": {
        "NO": "1587",
        "共通ID": "E1234700011111",
        "施設・場所名": "多古町民体育館",
        "住所": "千葉県多古町多古2886-1",
        "指定緊急避難場所との住所同一": "",
        "その他市町村長が必要と認める事項": null,
        "受入対象者": null,
        "備考": ""
      }
    },
    {
      "type": "Feature",
      "geometry": {
        "type": "Point",
        "coordinates": [
          140.470455,
          35.744402
        ]
      },
      "properties": {
        "NO": "1588",
        "共通ID": "E1234700012111",
        "施設・場所名": "多古中学校（体育館）",
        "住所": "千葉県多古町多古2920-1",
        "指定緊急避難場所との住所同一": "1",
        "その他市町村長が必要と認める事項": "",
        "受入対象者": "",
        "備考": ""
      }
    },
    {
      "type": "Feature",
      "geometry": {
        "type": "Point",
        "coordinates": [
          140.466276,
          35.742496
        ]
      },
      "properties": {
        "NO": "1589",
        "共通ID": "E1234700013111",
        "施設・場所名": "多古高等学校（小体育館）",
        "住所": "千葉県多古町多古3236",
        "指定緊急避難場所との住所同一": "1",
        "その他市町村長が必要と認める事項": "",
        "受入対象者": "",
        "備考": ""
      }
    },
    {
      "type": "Feature",
      "geometry": {
        "type": "Point",
        "coordinates": [
          140.466641,
          35.742139
        ]
      },
      "properties": {
        "NO": "1590",
        "共通ID": "E1234700013112",
        "施設・場所名": "多古高等学校（大体育館）",
        "住所": "千葉県多古町多古3236",
        "指定緊急避難場所との住所同一": "1",
        "その他市町村長が必要と認める事項": "",
        "受入対象者": "",
        "備考": ""
      }
    },
    {
      "type": "Feature",
      "geometry": {
        "type": "Point",
        "coordinates": [
          140.460997,
          35.778905
        ]
      },
      "properties": {
        "NO": "1591",
        "共通ID": "E1234700014111",
        "施設・場所名": "久賀小学校（体育館）",
        "住所": "千葉県多古町大門205-6",
        "指定緊急避難場所との住所同一": "1",
        "その他市町村長が必要と認める事項": "",
        "受入対象者": "",
        "備考": ""
      }
    },
    {
      "type": "Feature",
      "geometry": {
        "type": "Point",
        "coordinates": [
          140.517498,
          35.770032
        ]
      },
      "properties": {
        "NO": "1592",
        "共通ID": "E1234700015111",
        "施設・場所名": "多古町民常磐体育館",
        "住所": "千葉県多古町南玉造162",
        "指定緊急避難場所との住所同一": "1",
        "その他市町村長が必要と認める事項": "",
        "受入対象者": "",
        "備考": ""
      }
    },
    {
      "type": "Feature",
      "geometry": {
        "type": "Point",
        "coordinates": [
          140.490292,
          35.739749
        ]
      },
      "properties": {
        "NO": "1593",
        "共通ID": "E1234700016111",
        "施設・場所名": "中村小学校（体育館）",
        "住所": "千葉県多古町南中349-2",
        "指定緊急避難場所との住所同一": "1",
        "その他市町村長が必要と認める事項": "",
        "受入対象者": "",
        "備考": ""
      }
    },
    {
      "type": "Feature",
      "geometry": {
        "type": "Point",
        "coordinates": [
          140.253226,
          35.299791
        ]
      },
      "properties": {
        "NO": "1594",
        "共通ID": "E1244100002111",
        "施設・場所名": "旧上瀑小学校",
        "住所": "千葉県大多喜町下大多喜100",
        "指定緊急避難場所との住所同一": "1",
        "その他市町村長が必要と認める事項": null,
        "受入対象者": null,
        "備考": ""
      }
    },
    {
      "type": "Feature",
      "geometry": {
        "type": "Point",
        "coordinates": [
          140.221956,
          35.254424
        ]
      },
      "properties": {
        "NO": "1595",
        "共通ID": "E1244100004111",
        "施設・場所名": "農村コミュニティーセンター",
        "住所": "千葉県大多喜町三条440-1",
        "指定緊急避難場所との住所同一": "1",
        "その他市町村長が必要と認める事項": null,
        "受入対象者": null,
        "備考": ""
      }
    },
    {
      "type": "Feature",
      "geometry": {
        "type": "Point",
        "coordinates": [
          140.168955,
          35.242669
        ]
      },
      "properties": {
        "NO": "1596",
        "共通ID": "E1244100005111",
        "施設・場所名": "旧老川小学校",
        "住所": "千葉県大多喜町小田代524-1",
        "指定緊急避難場所との住所同一": "1",
        "その他市町村長が必要と認める事項": null,
        "受入対象者": null,
        "備考": ""
      }
    },
    {
      "type": "Feature",
      "geometry": {
        "type": "Point",
        "coordinates": [
          140.216117,
          35.252054
        ]
      },
      "properties": {
        "NO": "1597",
        "共通ID": "E1244100006111",
        "施設・場所名": "西小学校",
        "住所": "千葉県大多喜町松尾277",
        "指定緊急避難場所との住所同一": "1",
        "その他市町村長が必要と認める事項": null,
        "受入対象者": null,
        "備考": ""
      }
    },
    {
      "type": "Feature",
      "geometry": {
        "type": "Point",
        "coordinates": [
          140.247633,
          35.280448
        ]
      },
      "properties": {
        "NO": "1598",
        "共通ID": "E1244100008121",
        "施設・場所名": "特別養護老人ホーム",
        "住所": "千葉県大多喜町新丁173-2",
        "指定緊急避難場所との住所同一": "",
        "その他市町村長が必要と認める事項": null,
        "受入対象者": "要配慮者",
        "備考": ""
      }
    },
    {
      "type": "Feature",
      "geometry": {
        "type": "Point",
        "coordinates": [
          140.247633,
          35.280448
        ]
      },
      "properties": {
        "NO": "1599",
        "共通ID": "E1244100008111",
        "施設・場所名": "特別養護老人ホーム",
        "住所": "千葉県大多喜町新丁173-2",
        "指定緊急避難場所との住所同一": "",
        "その他市町村長が必要と認める事項": null,
        "受入対象者": null,
        "備考": ""
      }
    },
    {
      "type": "Feature",
      "geometry": {
        "type": "Point",
        "coordinates": [
          140.248783,
          35.287402
        ]
      },
      "properties": {
        "NO": "1600",
        "共通ID": "E1244100009111",
        "施設・場所名": "大多喜中学校",
        "住所": "千葉県大多喜町船子197",
        "指定緊急避難場所との住所同一": "1",
        "その他市町村長が必要と認める事項": null,
        "受入対象者": null,
        "備考": ""
      }
    },
    {
      "type": "Feature",
      "geometry": {
        "type": "Point",
        "coordinates": [
          140.250651,
          35.289325
        ]
      },
      "properties": {
        "NO": "1601",
        "共通ID": "E1244100010111",
        "施設・場所名": "みつば保育園",
        "住所": "千葉県大多喜町船子838-2",
        "指定緊急避難場所との住所同一": "1",
        "その他市町村長が必要と認める事項": null,
        "受入対象者": null,
        "備考": ""
      }
    },
    {
      "type": "Feature",
      "geometry": {
        "type": "Point",
        "coordinates": [
          140.247451,
          35.256897
        ]
      },
      "properties": {
        "NO": "1602",
        "共通ID": "E1244100011111",
        "施設・場所名": "旧総元小学校",
        "住所": "千葉県大多喜町大戸433",
        "指定緊急避難場所との住所同一": "1",
        "その他市町村長が必要と認める事項": null,
        "受入対象者": null,
        "備考": ""
      }
    },
    {
      "type": "Feature",
      "geometry": {
        "type": "Point",
        "coordinates": [
          140.243706,
          35.284031
        ]
      },
      "properties": {
        "NO": "1603",
        "共通ID": "E1244100012111",
        "施設・場所名": "大多喜小学校",
        "住所": "千葉県大多喜町大多喜12",
        "指定緊急避難場所との住所同一": "1",
        "その他市町村長が必要と認める事項": null,
        "受入対象者": null,
        "備考": ""
      }
    },
    {
      "type": "Feature",
      "geometry": {
        "type": "Point",
        "coordinates": [
          140.240672,
          35.285571
        ]
      },
      "properties": {
        "NO": "1604",
        "共通ID": "E1244100013111",
        "施設・場所名": "大多喜高校",
        "住所": "千葉県大多喜町大多喜481",
        "指定緊急避難場所との住所同一": "1",
        "その他市町村長が必要と認める事項": null,
        "受入対象者": null,
        "備考": ""
      }
    },
    {
      "type": "Feature",
      "geometry": {
        "type": "Point",
        "coordinates": [
          140.235284,
          35.285155
        ]
      },
      "properties": {
        "NO": "1605",
        "共通ID": "E1244100014111",
        "施設・場所名": "中央公民館",
        "住所": "千葉県大多喜町大多喜486-10",
        "指定緊急避難場所との住所同一": "1",
        "その他市町村長が必要と認める事項": null,
        "受入対象者": null,
        "備考": ""
      }
    },
    {
      "type": "Feature",
      "geometry": {
        "type": "Point",
        "coordinates": [
          140.235179,
          35.284423
        ]
      },
      "properties": {
        "NO": "1606",
        "共通ID": "E1244100015111",
        "施設・場所名": "海洋センター",
        "住所": "千葉県大多喜町大多喜486-12",
        "指定緊急避難場所との住所同一": "1",
        "その他市町村長が必要と認める事項": null,
        "受入対象者": null,
        "備考": ""
      }
    },
    {
      "type": "Feature",
      "geometry": {
        "type": "Point",
        "coordinates": [
          140.170131,
          35.242269
        ]
      },
      "properties": {
        "NO": "1607",
        "共通ID": "E1244100016111",
        "施設・場所名": "老川基幹集落センター",
        "住所": "千葉県大多喜町大田代1229-1",
        "指定緊急避難場所との住所同一": "1",
        "その他市町村長が必要と認める事項": null,
        "受入対象者": null,
        "備考": ""
      }
    },
    {
      "type": "Feature",
      "geometry": {
        "type": "Point",
        "coordinates": [
          140.201401,
          35.251557
        ]
      },
      "properties": {
        "NO": "1608",
        "共通ID": "E1244100017111",
        "施設・場所名": "つぐみの森保育園",
        "住所": "千葉県大多喜町中野260",
        "指定緊急避難場所との住所同一": "1",
        "その他市町村長が必要と認める事項": null,
        "受入対象者": null,
        "備考": ""
      }
    },
    {
      "type": "Feature",
      "geometry": {
        "type": "Point",
        "coordinates": [
          140.203509,
          35.250441
        ]
      },
      "properties": {
        "NO": "1609",
        "共通ID": "E1244100018111",
        "施設・場所名": "三育学院中学校（旧西中学校）",
        "住所": "千葉県大多喜町中野589",
        "指定緊急避難場所との住所同一": "1",
        "その他市町村長が必要と認める事項": null,
        "受入対象者": null,
        "備考": ""
      }
    },
    {
      "type": "Feature",
      "geometry": {
        "type": "Point",
        "coordinates": [
          140.31734,
          35.545113
        ]
      },
      "properties": {
        "NO": "1610",
        "共通ID": "E1223900003111",
        "施設・場所名": "大網小学校",
        "住所": "千葉県大網白里市みどりが丘3-18-3",
        "指定緊急避難場所との住所同一": "1",
        "その他市町村長が必要と認める事項": null,
        "受入対象者": null,
        "備考": ""
      }
    },
    {
      "type": "Feature",
      "geometry": {
        "type": "Point",
        "coordinates": [
          140.305496,
          35.509701
        ]
      },
      "properties": {
        "NO": "1611",
        "共通ID": "E1223900004111",
        "施設・場所名": "瑞穂小学校",
        "住所": "千葉県大網白里市永田1055",
        "指定緊急避難場所との住所同一": "1",
        "その他市町村長が必要と認める事項": null,
        "受入対象者": null,
        "備考": ""
      }
    },
    {
      "type": "Feature",
      "geometry": {
        "type": "Point",
        "coordinates": [
          140.350312,
          35.508614
        ]
      },
      "properties": {
        "NO": "1612",
        "共通ID": "E1223900005111",
        "施設・場所名": "中部コミュニティセンター",
        "住所": "千葉県大網白里市柿餅26-1",
        "指定緊急避難場所との住所同一": "1",
        "その他市町村長が必要と認める事項": null,
        "受入対象者": null,
        "備考": ""
      }
    },
    {
      "type": "Feature",
      "geometry": {
        "type": "Point",
        "coordinates": [
          140.350312,
          35.508614
        ]
      },
      "properties": {
        "NO": "1613",
        "共通ID": "E1223900005121",
        "施設・場所名": "中部コミュニティセンター",
        "住所": "千葉県大網白里市柿餅26-1",
        "指定緊急避難場所との住所同一": "1",
        "その他市町村長が必要と認める事項": null,
        "受入対象者": "要配慮者",
        "備考": ""
      }
    },
    {
      "type": "Feature",
      "geometry": {
        "type": "Point",
        "coordinates": [
          140.293676,
          35.551119
        ]
      },
      "properties": {
        "NO": "1614",
        "共通ID": "E1223900006111",
        "施設・場所名": "季美の森小学校",
        "住所": "千葉県大網白里市季美の森南1-28",
        "指定緊急避難場所との住所同一": "1",
        "その他市町村長が必要と認める事項": null,
        "受入対象者": null,
        "備考": ""
      }
    },
    {
      "type": "Feature",
      "geometry": {
        "type": "Point",
        "coordinates": [
          140.299744,
          35.533559
        ]
      },
      "properties": {
        "NO": "1615",
        "共通ID": "E1223900008111",
        "施設・場所名": "農村ふれあいセンター",
        "住所": "千葉県大網白里市金谷郷1356-2",
        "指定緊急避難場所との住所同一": "1",
        "その他市町村長が必要と認める事項": null,
        "受入対象者": null,
        "備考": ""
      }
    },
    {
      "type": "Feature",
      "geometry": {
        "type": "Point",
        "coordinates": [
          140.317448,
          35.530315
        ]
      },
      "properties": {
        "NO": "1616",
        "共通ID": "E1223900009111",
        "施設・場所名": "大網中学校",
        "住所": "千葉県大網白里市金谷郷275",
        "指定緊急避難場所との住所同一": "1",
        "その他市町村長が必要と認める事項": null,
        "受入対象者": null,
        "備考": ""
      }
    },
    {
      "type": "Feature",
      "geometry": {
        "type": "Point",
        "coordinates": [
          140.389117,
          35.497098
        ]
      },
      "properties": {
        "NO": "1617",
        "共通ID": "E1223900010111",
        "施設・場所名": "白里中学校",
        "住所": "千葉県大網白里市細草1385-1",
        "指定緊急避難場所との住所同一": "1",
        "その他市町村長が必要と認める事項": null,
        "受入対象者": null,
        "備考": ""
      }
    },
    {
      "type": "Feature",
      "geometry": {
        "type": "Point",
        "coordinates": [
          140.387676,
          35.496504
        ]
      },
      "properties": {
        "NO": "1618",
        "共通ID": "E1223900034111",
        "施設・場所名": "千葉県立大網白里特別支援学校",
        "住所": "千葉県大網白里市細草1385-5",
        "指定緊急避難場所との住所同一": "",
        "その他市町村長が必要と認める事項": "",
        "受入対象者": "",
        "備考": "受入対象者（内在校生又は卒業生）"
      }
    },
    {
      "type": "Feature",
      "geometry": {
        "type": "Point",
        "coordinates": [
          140.344564,
          35.519161
        ]
      },
      "properties": {
        "NO": "1619",
        "共通ID": "E1223900015111",
        "施設・場所名": "大網白里アリーナ",
        "住所": "千葉県大網白里市上貝塚160",
        "指定緊急避難場所との住所同一": "1",
        "その他市町村長が必要と認める事項": null,
        "受入対象者": null,
        "備考": ""
      }
    },
    {
      "type": "Feature",
      "geometry": {
        "type": "Point",
        "coordinates": [
          140.344564,
          35.519161
        ]
      },
      "properties": {
        "NO": "1620",
        "共通ID": "E1223900015121",
        "施設・場所名": "大網白里アリーナ",
        "住所": "千葉県大網白里市上貝塚160",
        "指定緊急避難場所との住所同一": "1",
        "その他市町村長が必要と認める事項": null,
        "受入対象者": "要配慮者",
        "備考": ""
      }
    },
    {
      "type": "Feature",
      "geometry": {
        "type": "Point",
        "coordinates": [
          140.343795,
          35.516913
        ]
      },
      "properties": {
        "NO": "1621",
        "共通ID": "E1223900016111",
        "施設・場所名": "増穂北小学校",
        "住所": "千葉県大網白里市上貝塚317",
        "指定緊急避難場所との住所同一": "1",
        "その他市町村長が必要と認める事項": null,
        "受入対象者": null,
        "備考": ""
      }
    },
    {
      "type": "Feature",
      "geometry": {
        "type": "Point",
        "coordinates": [
          140.320054,
          35.521879
        ]
      },
      "properties": {
        "NO": "1622",
        "共通ID": "E1223900017111",
        "施設・場所名": "保健文化センター",
        "住所": "千葉県大網白里市大網100-2",
        "指定緊急避難場所との住所同一": "1",
        "その他市町村長が必要と認める事項": null,
        "受入対象者": null,
        "備考": ""
      }
    },
    {
      "type": "Feature",
      "geometry": {
        "type": "Point",
        "coordinates": [
          140.320054,
          35.521879
        ]
      },
      "properties": {
        "NO": "1623",
        "共通ID": "E1223900017121",
        "施設・場所名": "保健文化センター",
        "住所": "千葉県大網白里市大網100-2",
        "指定緊急避難場所との住所同一": "1",
        "その他市町村長が必要と認める事項": null,
        "受入対象者": "要配慮者",
        "備考": ""
      }
    },
    {
      "type": "Feature",
      "geometry": {
        "type": "Point",
        "coordinates": [
          140.320421,
          35.522256
        ]
      },
      "properties": {
        "NO": "1624",
        "共通ID": "E1223900018121",
        "施設・場所名": "中央公民館",
        "住所": "千葉県大網白里市大網121-2",
        "指定緊急避難場所との住所同一": "1",
        "その他市町村長が必要と認める事項": null,
        "受入対象者": "要配慮者",
        "備考": ""
      }
    },
    {
      "type": "Feature",
      "geometry": {
        "type": "Point",
        "coordinates": [
          140.320421,
          35.522256
        ]
      },
      "properties": {
        "NO": "1625",
        "共通ID": "E1223900018111",
        "施設・場所名": "中央公民館",
        "住所": "千葉県大網白里市大網121-2",
        "指定緊急避難場所との住所同一": "1",
        "その他市町村長が必要と認める事項": "",
        "受入対象者": "",
        "備考": ""
      }
    },
    {
      "type": "Feature",
      "geometry": {
        "type": "Point",
        "coordinates": [
          140.400399,
          35.492499
        ]
      },
      "properties": {
        "NO": "1626",
        "共通ID": "E1223900021111",
        "施設・場所名": "白里公民館",
        "住所": "千葉県大網白里市南今泉1088-1",
        "指定緊急避難場所との住所同一": "1",
        "その他市町村長が必要と認める事項": null,
        "受入対象者": null,
        "備考": ""
      }
    },
    {
      "type": "Feature",
      "geometry": {
        "type": "Point",
        "coordinates": [
          140.400399,
          35.492499
        ]
      },
      "properties": {
        "NO": "1627",
        "共通ID": "E1223900021121",
        "施設・場所名": "白里公民館",
        "住所": "千葉県大網白里市南今泉1088-1",
        "指定緊急避難場所との住所同一": "1",
        "その他市町村長が必要と認める事項": null,
        "受入対象者": "要配慮者",
        "備考": ""
      }
    },
    {
      "type": "Feature",
      "geometry": {
        "type": "Point",
        "coordinates": [
          140.399014,
          35.49347
        ]
      },
      "properties": {
        "NO": "1628",
        "共通ID": "E1223900023111",
        "施設・場所名": "白里小学校",
        "住所": "千葉県大網白里市南今泉3349",
        "指定緊急避難場所との住所同一": "1",
        "その他市町村長が必要と認める事項": null,
        "受入対象者": null,
        "備考": ""
      }
    },
    {
      "type": "Feature",
      "geometry": {
        "type": "Point",
        "coordinates": [
          140.328511,
          35.518764
        ]
      },
      "properties": {
        "NO": "1629",
        "共通ID": "E1223900026111",
        "施設・場所名": "大網東小学校",
        "住所": "千葉県大網白里市富田32-2",
        "指定緊急避難場所との住所同一": "1",
        "その他市町村長が必要と認める事項": null,
        "受入対象者": null,
        "備考": ""
      }
    },
    {
      "type": "Feature",
      "geometry": {
        "type": "Point",
        "coordinates": [
          140.347402,
          35.507523
        ]
      },
      "properties": {
        "NO": "1630",
        "共通ID": "E1223900030111",
        "施設・場所名": "増穂中学校",
        "住所": "千葉県大網白里市北飯塚200-1",
        "指定緊急避難場所との住所同一": "1",
        "その他市町村長が必要と認める事項": null,
        "受入対象者": null,
        "備考": ""
      }
    },
    {
      "type": "Feature",
      "geometry": {
        "type": "Point",
        "coordinates": [
          140.349787,
          35.508454
        ]
      },
      "properties": {
        "NO": "1631",
        "共通ID": "E1223900031111",
        "施設・場所名": "増穂小学校",
        "住所": "千葉県大網白里市北飯塚281",
        "指定緊急避難場所との住所同一": "1",
        "その他市町村長が必要と認める事項": null,
        "受入対象者": null,
        "備考": ""
      }
    },
    {
      "type": "Feature",
      "geometry": {
        "type": "Point",
        "coordinates": [
          140.730647,
          35.742664
        ]
      },
      "properties": {
        "NO": "1632",
        "共通ID": "E1220200001111",
        "施設・場所名": "さるだ学集館（旧猿田小学校）",
        "住所": "千葉県銚子市猿田町1179-2",
        "指定緊急避難場所との住所同一": "1",
        "その他市町村長が必要と認める事項": "",
        "受入対象者": "",
        "備考": ""
      }
    },
    {
      "type": "Feature",
      "geometry": {
        "type": "Point",
        "coordinates": [
          140.792398,
          35.746156
        ]
      },
      "properties": {
        "NO": "1633",
        "共通ID": "E1220200004111",
        "施設・場所名": "海上小学校",
        "住所": "千葉県銚子市垣根町1-370",
        "指定緊急避難場所との住所同一": "1",
        "その他市町村長が必要と認める事項": "",
        "受入対象者": "",
        "備考": ""
      }
    },
    {
      "type": "Feature",
      "geometry": {
        "type": "Point",
        "coordinates": [
          140.85752,
          35.701849
        ]
      },
      "properties": {
        "NO": "1634",
        "共通ID": "E1220200005111",
        "施設・場所名": "高神小学校",
        "住所": "千葉県銚子市犬吠埼10222-1",
        "指定緊急避難場所との住所同一": "1",
        "その他市町村長が必要と認める事項": "",
        "受入対象者": "",
        "備考": ""
      }
    },
    {
      "type": "Feature",
      "geometry": {
        "type": "Point",
        "coordinates": [
          140.860339,
          35.701413
        ]
      },
      "properties": {
        "NO": "1635",
        "共通ID": "E1220200006111",
        "施設・場所名": "第二中学校",
        "住所": "千葉県銚子市犬吠埼10292-49",
        "指定緊急避難場所との住所同一": "1",
        "その他市町村長が必要と認める事項": "",
        "受入対象者": "",
        "備考": ""
      }
    },
    {
      "type": "Feature",
      "geometry": {
        "type": "Point",
        "coordinates": [
          140.718749,
          35.794092
        ]
      },
      "properties": {
        "NO": "1636",
        "共通ID": "E1220200010111",
        "施設・場所名": "豊里地区コミュニティセンター",
        "住所": "千葉県銚子市笹本町359-1",
        "指定緊急避難場所との住所同一": "",
        "その他市町村長が必要と認める事項": "",
        "受入対象者": "",
        "備考": ""
      }
    },
    {
      "type": "Feature",
      "geometry": {
        "type": "Point",
        "coordinates": [
          140.718935,
          35.793487
        ]
      },
      "properties": {
        "NO": "1637",
        "共通ID": "E1220200011111",
        "施設・場所名": "豊里小学校",
        "住所": "千葉県銚子市笹本町360",
        "指定緊急避難場所との住所同一": "1",
        "その他市町村長が必要と認める事項": "",
        "受入対象者": "",
        "備考": ""
      }
    },
    {
      "type": "Feature",
      "geometry": {
        "type": "Point",
        "coordinates": [
          140.784127,
          35.707518
        ]
      },
      "properties": {
        "NO": "1638",
        "共通ID": "E1220200014111",
        "施設・場所名": "県立銚子特別支援学校",
        "住所": "千葉県銚子市三崎町3-94-1",
        "指定緊急避難場所との住所同一": "1",
        "その他市町村長が必要と認める事項": "",
        "受入対象者": "",
        "備考": ""
      }
    },
    {
      "type": "Feature",
      "geometry": {
        "type": "Point",
        "coordinates": [
          140.827327,
          35.734212
        ]
      },
      "properties": {
        "NO": "1639",
        "共通ID": "E1220200055111",
        "施設・場所名": "勤労コミュニティセンター",
        "住所": "千葉県銚子市若宮町1-1",
        "指定緊急避難場所との住所同一": "",
        "その他市町村長が必要と認める事項": "",
        "受入対象者": "",
        "備考": ""
      }
    },
    {
      "type": "Feature",
      "geometry": {
        "type": "Point",
        "coordinates": [
          140.826996,
          35.733452
        ]
      },
      "properties": {
        "NO": "1640",
        "共通ID": "E1220200054111",
        "施設・場所名": "保健福祉センター",
        "住所": "千葉県銚子市若宮町4-8",
        "指定緊急避難場所との住所同一": "",
        "その他市町村長が必要と認める事項": "",
        "受入対象者": "",
        "備考": ""
      }
    },
    {
      "type": "Feature",
      "geometry": {
        "type": "Point",
        "coordinates": [
          140.814002,
          35.724781
        ]
      },
      "properties": {
        "NO": "1641",
        "共通ID": "E1220200017111",
        "施設・場所名": "市立銚子高校",
        "住所": "千葉県銚子市春日町2689",
        "指定緊急避難場所との住所同一": "1",
        "その他市町村長が必要と認める事項": "",
        "受入対象者": "",
        "備考": ""
      }
    },
    {
      "type": "Feature",
      "geometry": {
        "type": "Point",
        "coordinates": [
          140.822956,
          35.724644
        ]
      },
      "properties": {
        "NO": "1642",
        "共通ID": "E1220200018111",
        "施設・場所名": "春日小学校",
        "住所": "千葉県銚子市春日町287",
        "指定緊急避難場所との住所同一": "1",
        "その他市町村長が必要と認める事項": "",
        "受入対象者": "",
        "備考": ""
      }
    },
    {
      "type": "Feature",
      "geometry": {
        "type": "Point",
        "coordinates": [
          140.751788,
          35.77068
        ]
      },
      "properties": {
        "NO": "1643",
        "共通ID": "E1220200019111",
        "施設・場所名": "椎柴小学校",
        "住所": "千葉県銚子市小船木町1-385",
        "指定緊急避難場所との住所同一": "1",
        "その他市町村長が必要と認める事項": "",
        "受入対象者": "",
        "備考": ""
      }
    },
    {
      "type": "Feature",
      "geometry": {
        "type": "Point",
        "coordinates": [
          140.856694,
          35.720868
        ]
      },
      "properties": {
        "NO": "1644",
        "共通ID": "E1220200020111",
        "施設・場所名": "市民センター",
        "住所": "千葉県銚子市小畑新町7756",
        "指定緊急避難場所との住所同一": "",
        "その他市町村長が必要と認める事項": "",
        "受入対象者": "",
        "備考": ""
      }
    },
    {
      "type": "Feature",
      "geometry": {
        "type": "Point",
        "coordinates": [
          140.792416,
          35.743827
        ]
      },
      "properties": {
        "NO": "1645",
        "共通ID": "E1220200021111",
        "施設・場所名": "海上地区コミュニティセンター",
        "住所": "千葉県銚子市松岸町2-188-1",
        "指定緊急避難場所との住所同一": "",
        "その他市町村長が必要と認める事項": "",
        "受入対象者": "",
        "備考": ""
      }
    },
    {
      "type": "Feature",
      "geometry": {
        "type": "Point",
        "coordinates": [
          140.848945,
          35.731381
        ]
      },
      "properties": {
        "NO": "1646",
        "共通ID": "E1220200026111",
        "施設・場所名": "清水小学校",
        "住所": "千葉県銚子市清水町2894",
        "指定緊急避難場所との住所同一": "1",
        "その他市町村長が必要と認める事項": "",
        "受入対象者": "",
        "備考": ""
      }
    },
    {
      "type": "Feature",
      "geometry": {
        "type": "Point",
        "coordinates": [
          140.82797,
          35.71742
        ]
      },
      "properties": {
        "NO": "1647",
        "共通ID": "E1220200028111",
        "施設・場所名": "スポーツコミュニティセンター",
        "住所": "千葉県銚子市西小川町5000",
        "指定緊急避難場所との住所同一": "",
        "その他市町村長が必要と認める事項": "",
        "受入対象者": "",
        "備考": ""
      }
    },
    {
      "type": "Feature",
      "geometry": {
        "type": "Point",
        "coordinates": [
          140.766151,
          35.758428
        ]
      },
      "properties": {
        "NO": "1648",
        "共通ID": "E1220200029111",
        "施設・場所名": "船木小学校",
        "住所": "千葉県銚子市船木町140",
        "指定緊急避難場所との住所同一": "1",
        "その他市町村長が必要と認める事項": "",
        "受入対象者": "",
        "備考": ""
      }
    },
    {
      "type": "Feature",
      "geometry": {
        "type": "Point",
        "coordinates": [
          140.843514,
          35.728571
        ]
      },
      "properties": {
        "NO": "1649",
        "共通ID": "E1220200030111",
        "施設・場所名": "市体育館",
        "住所": "千葉県銚子市前宿町1140",
        "指定緊急避難場所との住所同一": "",
        "その他市町村長が必要と認める事項": "",
        "受入対象者": "",
        "備考": ""
      }
    },
    {
      "type": "Feature",
      "geometry": {
        "type": "Point",
        "coordinates": [
          140.844603,
          35.728818
        ]
      },
      "properties": {
        "NO": "1650",
        "共通ID": "E1220200031111",
        "施設・場所名": "飯沼小学校",
        "住所": "千葉県銚子市前宿町1200",
        "指定緊急避難場所との住所同一": "1",
        "その他市町村長が必要と認める事項": "",
        "受入対象者": "",
        "備考": ""
      }
    },
    {
      "type": "Feature",
      "geometry": {
        "type": "Point",
        "coordinates": [
          140.826336,
          35.720114
        ]
      },
      "properties": {
        "NO": "1651",
        "共通ID": "E1220200033111",
        "施設・場所名": "県立銚子商業高校",
        "住所": "千葉県銚子市台町1781",
        "指定緊急避難場所との住所同一": "1",
        "その他市町村長が必要と認める事項": "",
        "受入対象者": "",
        "備考": ""
      }
    },
    {
      "type": "Feature",
      "geometry": {
        "type": "Point",
        "coordinates": [
          140.800387,
          35.738077
        ]
      },
      "properties": {
        "NO": "1652",
        "共通ID": "E1220200036111",
        "施設・場所名": "銚子西中学校",
        "住所": "千葉県銚子市長塚町3-620",
        "指定緊急避難場所との住所同一": "1",
        "その他市町村長が必要と認める事項": "",
        "受入対象者": "",
        "備考": ""
      }
    },
    {
      "type": "Feature",
      "geometry": {
        "type": "Point",
        "coordinates": [
          140.822624,
          35.730984
        ]
      },
      "properties": {
        "NO": "1653",
        "共通ID": "E1220200039111",
        "施設・場所名": "銚子中学校",
        "住所": "千葉県銚子市唐子町31-2",
        "指定緊急避難場所との住所同一": "1",
        "その他市町村長が必要と認める事項": "",
        "受入対象者": "",
        "備考": ""
      }
    },
    {
      "type": "Feature",
      "geometry": {
        "type": "Point",
        "coordinates": [
          140.830813,
          35.72945
        ]
      },
      "properties": {
        "NO": "1654",
        "共通ID": "E1220200040111",
        "施設・場所名": "双葉小学校",
        "住所": "千葉県銚子市東芝町8-5",
        "指定緊急避難場所との住所同一": "1",
        "その他市町村長が必要と認める事項": "",
        "受入対象者": "",
        "備考": ""
      }
    },
    {
      "type": "Feature",
      "geometry": {
        "type": "Point",
        "coordinates": [
          140.837863,
          35.726393
        ]
      },
      "properties": {
        "NO": "1655",
        "共通ID": "E1220200041111",
        "施設・場所名": "第三中学校",
        "住所": "千葉県銚子市東小川町2348",
        "指定緊急避難場所との住所同一": "1",
        "その他市町村長が必要と認める事項": "",
        "受入対象者": "",
        "備考": ""
      }
    },
    {
      "type": "Feature",
      "geometry": {
        "type": "Point",
        "coordinates": [
          140.839429,
          35.723161
        ]
      },
      "properties": {
        "NO": "1656",
        "共通ID": "E1220200042111",
        "施設・場所名": "県立銚子高校",
        "住所": "千葉県銚子市南小川町943",
        "指定緊急避難場所との住所同一": "1",
        "その他市町村長が必要と認める事項": "",
        "受入対象者": "",
        "備考": ""
      }
    },
    {
      "type": "Feature",
      "geometry": {
        "type": "Point",
        "coordinates": [
          140.742329,
          35.707224
        ]
      },
      "properties": {
        "NO": "1657",
        "共通ID": "E1220200044111",
        "施設・場所名": "ジオパーク・芸術センター",
        "住所": "千葉県銚子市八木町1777-1",
        "指定緊急避難場所との住所同一": "1",
        "その他市町村長が必要と認める事項": "",
        "受入対象者": "",
        "備考": ""
      }
    },
    {
      "type": "Feature",
      "geometry": {
        "type": "Point",
        "coordinates": [
          140.811894,
          35.73302
        ]
      },
      "properties": {
        "NO": "1658",
        "共通ID": "E1220200046111",
        "施設・場所名": "本城小学校",
        "住所": "千葉県銚子市本城町4-226",
        "指定緊急避難場所との住所同一": "1",
        "その他市町村長が必要と認める事項": "",
        "受入対象者": "",
        "備考": ""
      }
    },
    {
      "type": "Feature",
      "geometry": {
        "type": "Point",
        "coordinates": [
          140.844379,
          35.735461
        ]
      },
      "properties": {
        "NO": "1659",
        "共通ID": "E1220200047111",
        "施設・場所名": "東部地区コミュニティセンター",
        "住所": "千葉県銚子市本町1594",
        "指定緊急避難場所との住所同一": "",
        "その他市町村長が必要と認める事項": "",
        "受入対象者": "",
        "備考": ""
      }
    },
    {
      "type": "Feature",
      "geometry": {
        "type": "Point",
        "coordinates": [
          140.854856,
          35.733471
        ]
      },
      "properties": {
        "NO": "1660",
        "共通ID": "E1220200050112",
        "施設・場所名": "明神小学校",
        "住所": "千葉県銚子市明神町1-1",
        "指定緊急避難場所との住所同一": "1",
        "その他市町村長が必要と認める事項": "",
        "受入対象者": "",
        "備考": ""
      }
    },
    {
      "type": "Feature",
      "geometry": {
        "type": "Point",
        "coordinates": [
          140.855609,
          35.734451
        ]
      },
      "properties": {
        "NO": "1661",
        "共通ID": "E1220200050111",
        "施設・場所名": "第一中学校",
        "住所": "千葉県銚子市明神町1-1",
        "指定緊急避難場所との住所同一": "1",
        "その他市町村長が必要と認める事項": "",
        "受入対象者": "",
        "備考": ""
      }
    },
    {
      "type": "Feature",
      "geometry": {
        "type": "Point",
        "coordinates": [
          140.748973,
          35.761939
        ]
      },
      "properties": {
        "NO": "1662",
        "共通ID": "E1220200051111",
        "施設・場所名": "銚子スポーツタウン",
        "住所": "千葉県銚子市野尻町1600",
        "指定緊急避難場所との住所同一": "1",
        "その他市町村長が必要と認める事項": "",
        "受入対象者": "",
        "備考": ""
      }
    },
    {
      "type": "Feature",
      "geometry": {
        "type": "Point",
        "coordinates": [
          140.370662,
          35.40528
        ]
      },
      "properties": {
        "NO": "1663",
        "共通ID": "E1242300002111",
        "施設・場所名": "一松小学校",
        "住所": "千葉県長生村一松丁573",
        "指定緊急避難場所との住所同一": "1",
        "その他市町村長が必要と認める事項": null,
        "受入対象者": null,
        "備考": ""
      }
    },
    {
      "type": "Feature",
      "geometry": {
        "type": "Point",
        "coordinates": [
          140.346762,
          35.409957
        ]
      },
      "properties": {
        "NO": "1664",
        "共通ID": "E1242300004111",
        "施設・場所名": "長生中学校",
        "住所": "千葉県長生村岩沼1634",
        "指定緊急避難場所との住所同一": "1",
        "その他市町村長が必要と認める事項": null,
        "受入対象者": null,
        "備考": ""
      }
    },
    {
      "type": "Feature",
      "geometry": {
        "type": "Point",
        "coordinates": [
          140.350061,
          35.404566
        ]
      },
      "properties": {
        "NO": "1665",
        "共通ID": "E1242300005111",
        "施設・場所名": "長生村文化会館",
        "住所": "千葉県長生村岩沼2119",
        "指定緊急避難場所との住所同一": "1",
        "その他市町村長が必要と認める事項": null,
        "受入対象者": null,
        "備考": ""
      }
    },
    {
      "type": "Feature",
      "geometry": {
        "type": "Point",
        "coordinates": [
          140.350061,
          35.404566
        ]
      },
      "properties": {
        "NO": "1666",
        "共通ID": "E1242300005121",
        "施設・場所名": "長生村文化会館",
        "住所": "千葉県長生村岩沼2119",
        "指定緊急避難場所との住所同一": "1",
        "その他市町村長が必要と認める事項": null,
        "受入対象者": "要配慮者",
        "備考": ""
      }
    },
    {
      "type": "Feature",
      "geometry": {
        "type": "Point",
        "coordinates": [
          140.34682,
          35.403913
        ]
      },
      "properties": {
        "NO": "1667",
        "共通ID": "E1242300006111",
        "施設・場所名": "長生村交流センター",
        "住所": "千葉県長生村岩沼874-1",
        "指定緊急避難場所との住所同一": "1",
        "その他市町村長が必要と認める事項": null,
        "受入対象者": null,
        "備考": ""
      }
    },
    {
      "type": "Feature",
      "geometry": {
        "type": "Point",
        "coordinates": [
          140.34688,
          35.403838
        ]
      },
      "properties": {
        "NO": "1668",
        "共通ID": "E1242300006121",
        "施設・場所名": "長生村交流センター",
        "住所": "千葉県長生村岩沼874-1",
        "指定緊急避難場所との住所同一": "1",
        "その他市町村長が必要と認める事項": null,
        "受入対象者": "要配慮者",
        "備考": ""
      }
    },
    {
      "type": "Feature",
      "geometry": {
        "type": "Point",
        "coordinates": [
          140.383548,
          35.416569
        ]
      },
      "properties": {
        "NO": "1669",
        "共通ID": "E1242300007111",
        "施設・場所名": "一松北部コミュニティセンター",
        "住所": "千葉県長生村驚507",
        "指定緊急避難場所との住所同一": "1",
        "その他市町村長が必要と認める事項": null,
        "受入対象者": null,
        "備考": ""
      }
    },
    {
      "type": "Feature",
      "geometry": {
        "type": "Point",
        "coordinates": [
          140.344048,
          35.392122
        ]
      },
      "properties": {
        "NO": "1670",
        "共通ID": "E1242300008111",
        "施設・場所名": "八積小学校",
        "住所": "千葉県長生村金田2660",
        "指定緊急避難場所との住所同一": "1",
        "その他市町村長が必要と認める事項": null,
        "受入対象者": null,
        "備考": ""
      }
    },
    {
      "type": "Feature",
      "geometry": {
        "type": "Point",
        "coordinates": [
          140.353459,
          35.411974
        ]
      },
      "properties": {
        "NO": "1671",
        "共通ID": "E1242300010111",
        "施設・場所名": "長生村福祉センター",
        "住所": "千葉県長生村本郷1-77",
        "指定緊急避難場所との住所同一": "1",
        "その他市町村長が必要と認める事項": null,
        "受入対象者": null,
        "備考": ""
      }
    },
    {
      "type": "Feature",
      "geometry": {
        "type": "Point",
        "coordinates": [
          140.353453,
          35.41169
        ]
      },
      "properties": {
        "NO": "1672",
        "共通ID": "E1242300010112",
        "施設・場所名": "長生村保健センター",
        "住所": "千葉県長生村本郷1-77",
        "指定緊急避難場所との住所同一": "1",
        "その他市町村長が必要と認める事項": null,
        "受入対象者": null,
        "備考": ""
      }
    },
    {
      "type": "Feature",
      "geometry": {
        "type": "Point",
        "coordinates": [
          140.353453,
          35.41169
        ]
      },
      "properties": {
        "NO": "1673",
        "共通ID": "E1242300010122",
        "施設・場所名": "長生村保健センター",
        "住所": "千葉県長生村本郷1-77",
        "指定緊急避難場所との住所同一": "1",
        "その他市町村長が必要と認める事項": null,
        "受入対象者": "要配慮者",
        "備考": ""
      }
    },
    {
      "type": "Feature",
      "geometry": {
        "type": "Point",
        "coordinates": [
          140.353459,
          35.411974
        ]
      },
      "properties": {
        "NO": "1674",
        "共通ID": "E1242300010121",
        "施設・場所名": "長生村福祉センター",
        "住所": "千葉県長生村本郷1-77",
        "指定緊急避難場所との住所同一": "1",
        "その他市町村長が必要と認める事項": null,
        "受入対象者": "要配慮者",
        "備考": ""
      }
    },
    {
      "type": "Feature",
      "geometry": {
        "type": "Point",
        "coordinates": [
          140.361164,
          35.416724
        ]
      },
      "properties": {
        "NO": "1675",
        "共通ID": "E1242300009111",
        "施設・場所名": "高根小学校",
        "住所": "千葉県長生村本郷1297",
        "指定緊急避難場所との住所同一": "1",
        "その他市町村長が必要と認める事項": null,
        "受入対象者": null,
        "備考": ""
      }
    },
    {
      "type": "Feature",
      "geometry": {
        "type": "Point",
        "coordinates": [
          140.338054,
          35.420956
        ]
      },
      "properties": {
        "NO": "1676",
        "共通ID": "E1242300011111",
        "施設・場所名": "長生村尼ヶ台総合公園",
        "住所": "千葉県長生村本郷5366-1",
        "指定緊急避難場所との住所同一": "1",
        "その他市町村長が必要と認める事項": null,
        "受入対象者": null,
        "備考": ""
      }
    },
    {
      "type": "Feature",
      "geometry": {
        "type": "Point",
        "coordinates": [
          140.234952,
          35.361234
        ]
      },
      "properties": {
        "NO": "1677",
        "共通ID": "E1242700001111",
        "施設・場所名": "旧西小学校",
        "住所": "千葉県長南町佐坪1351",
        "指定緊急避難場所との住所同一": "1",
        "その他市町村長が必要と認める事項": null,
        "受入対象者": null,
        "備考": ""
      }
    },
    {
      "type": "Feature",
      "geometry": {
        "type": "Point",
        "coordinates": [
          140.27418,
          35.373347
        ]
      },
      "properties": {
        "NO": "1678",
        "共通ID": "E1242700002111",
        "施設・場所名": "旧東小学校",
        "住所": "千葉県長南町地引1239",
        "指定緊急避難場所との住所同一": "1",
        "その他市町村長が必要と認める事項": null,
        "受入対象者": null,
        "備考": ""
      }
    },
    {
      "type": "Feature",
      "geometry": {
        "type": "Point",
        "coordinates": [
          140.239639,
          35.386399
        ]
      },
      "properties": {
        "NO": "1679",
        "共通ID": "E1242700003111",
        "施設・場所名": "長南中学校",
        "住所": "千葉県長南町長南2060",
        "指定緊急避難場所との住所同一": "1",
        "その他市町村長が必要と認める事項": null,
        "受入対象者": null,
        "備考": ""
      }
    },
    {
      "type": "Feature",
      "geometry": {
        "type": "Point",
        "coordinates": [
          140.236525,
          35.386332
        ]
      },
      "properties": {
        "NO": "1680",
        "共通ID": "E1242700004111",
        "施設・場所名": "中央公民館",
        "住所": "千葉県長南町長南2125",
        "指定緊急避難場所との住所同一": "1",
        "その他市町村長が必要と認める事項": null,
        "受入対象者": null,
        "備考": ""
      }
    },
    {
      "type": "Feature",
      "geometry": {
        "type": "Point",
        "coordinates": [
          140.230081,
          35.398165
        ]
      },
      "properties": {
        "NO": "1681",
        "共通ID": "E1242700005111",
        "施設・場所名": "旧長南小学校",
        "住所": "千葉県長南町長南770-1",
        "指定緊急避難場所との住所同一": "1",
        "その他市町村長が必要と認める事項": null,
        "受入対象者": null,
        "備考": ""
      }
    },
    {
      "type": "Feature",
      "geometry": {
        "type": "Point",
        "coordinates": [
          140.242027,
          35.412517
        ]
      },
      "properties": {
        "NO": "1682",
        "共通ID": "E1242700006111",
        "施設・場所名": "旧豊栄小学校",
        "住所": "千葉県長南町米満101",
        "指定緊急避難場所との住所同一": "1",
        "その他市町村長が必要と認める事項": null,
        "受入対象者": null,
        "備考": ""
      }
    },
    {
      "type": "Feature",
      "geometry": {
        "type": "Point",
        "coordinates": [
          140.239868,
          35.384295
        ]
      },
      "properties": {
        "NO": "1683",
        "共通ID": "E1242700008111",
        "施設・場所名": "農村環境改善センター",
        "住所": "千葉県長南町報恩寺559",
        "指定緊急避難場所との住所同一": "",
        "その他市町村長が必要と認める事項": null,
        "受入対象者": null,
        "備考": ""
      }
    },
    {
      "type": "Feature",
      "geometry": {
        "type": "Point",
        "coordinates": [
          140.239885,
          35.384273
        ]
      },
      "properties": {
        "NO": "1684",
        "共通ID": "E1242700008121",
        "施設・場所名": "農村環境改善センター",
        "住所": "千葉県長南町報恩寺559",
        "指定緊急避難場所との住所同一": "",
        "その他市町村長が必要と認める事項": "通常は一般避難所として開設し、避難者数や福祉避難所への避難が必要な避難者が来た場合、福祉避難所とする。",
        "受入対象者": "要配慮者",
        "備考": ""
      }
    },
    {
      "type": "Feature",
      "geometry": {
        "type": "Point",
        "coordinates": [
          140.192713,
          35.425587
        ]
      },
      "properties": {
        "NO": "1685",
        "共通ID": "E1242600001111",
        "施設・場所名": "梅乃木荘",
        "住所": "千葉県長柄町刑部5",
        "指定緊急避難場所との住所同一": "1",
        "その他市町村長が必要と認める事項": null,
        "受入対象者": null,
        "備考": ""
      }
    },
    {
      "type": "Feature",
      "geometry": {
        "type": "Point",
        "coordinates": [
          140.229146,
          35.43111
        ]
      },
      "properties": {
        "NO": "1686",
        "共通ID": "E1242600002111",
        "施設・場所名": "公民館",
        "住所": "千葉県長柄町桜谷690",
        "指定緊急避難場所との住所同一": "1",
        "その他市町村長が必要と認める事項": null,
        "受入対象者": null,
        "備考": ""
      }
    },
    {
      "type": "Feature",
      "geometry": {
        "type": "Point",
        "coordinates": [
          140.227862,
          35.431341
        ]
      },
      "properties": {
        "NO": "1687",
        "共通ID": "E1242600003121",
        "施設・場所名": "福祉センター",
        "住所": "千葉県長柄町桜谷712",
        "指定緊急避難場所との住所同一": "1",
        "その他市町村長が必要と認める事項": null,
        "受入対象者": "要配慮者",
        "備考": ""
      }
    },
    {
      "type": "Feature",
      "geometry": {
        "type": "Point",
        "coordinates": [
          140.227862,
          35.431341
        ]
      },
      "properties": {
        "NO": "1688",
        "共通ID": "E1242600003111",
        "施設・場所名": "福祉センター",
        "住所": "千葉県長柄町桜谷712",
        "指定緊急避難場所との住所同一": "1",
        "その他市町村長が必要と認める事項": null,
        "受入対象者": null,
        "備考": ""
      }
    },
    {
      "type": "Feature",
      "geometry": {
        "type": "Point",
        "coordinates": [
          140.237863,
          35.459432
        ]
      },
      "properties": {
        "NO": "1689",
        "共通ID": "E1242600004111",
        "施設・場所名": "長柄中学校",
        "住所": "千葉県長柄町山根1500",
        "指定緊急避難場所との住所同一": "1",
        "その他市町村長が必要と認める事項": null,
        "受入対象者": null,
        "備考": ""
      }
    },
    {
      "type": "Feature",
      "geometry": {
        "type": "Point",
        "coordinates": [
          140.203739,
          35.469579
        ]
      },
      "properties": {
        "NO": "1690",
        "共通ID": "E1242600005111",
        "施設・場所名": "都市農村交流センター",
        "住所": "千葉県長柄町山之郷70-15",
        "指定緊急避難場所との住所同一": "1",
        "その他市町村長が必要と認める事項": null,
        "受入対象者": null,
        "備考": ""
      }
    },
    {
      "type": "Feature",
      "geometry": {
        "type": "Point",
        "coordinates": [
          140.229252,
          35.43039
        ]
      },
      "properties": {
        "NO": "1691",
        "共通ID": "E1242600006111",
        "施設・場所名": "日吉小学校",
        "住所": "千葉県長柄町長富101",
        "指定緊急避難場所との住所同一": "1",
        "その他市町村長が必要と認める事項": null,
        "受入対象者": null,
        "備考": ""
      }
    },
    {
      "type": "Feature",
      "geometry": {
        "type": "Point",
        "coordinates": [
          140.21893,
          35.428264
        ]
      },
      "properties": {
        "NO": "1692",
        "共通ID": "E1242600007111",
        "施設・場所名": "町民体育館",
        "住所": "千葉県長柄町鴇谷870",
        "指定緊急避難場所との住所同一": "1",
        "その他市町村長が必要と認める事項": null,
        "受入対象者": null,
        "備考": ""
      }
    },
    {
      "type": "Feature",
      "geometry": {
        "type": "Point",
        "coordinates": [
          140.399802,
          35.543032
        ]
      },
      "properties": {
        "NO": "1693",
        "共通ID": "E1221300002111",
        "施設・場所名": "東金市立正気小学校",
        "住所": "千葉県東金市家徳34-1",
        "指定緊急避難場所との住所同一": "1",
        "その他市町村長が必要と認める事項": null,
        "受入対象者": null,
        "備考": ""
      }
    },
    {
      "type": "Feature",
      "geometry": {
        "type": "Point",
        "coordinates": [
          140.400558,
          35.544781
        ]
      },
      "properties": {
        "NO": "1694",
        "共通ID": "E1221300072121",
        "施設・場所名": "浅井病院",
        "住所": "千葉県東金市家徳38-1",
        "指定緊急避難場所との住所同一": "",
        "その他市町村長が必要と認める事項": "",
        "受入対象者": "",
        "備考": ""
      }
    },
    {
      "type": "Feature",
      "geometry": {
        "type": "Point",
        "coordinates": [
          140.379318,
          35.588718
        ]
      },
      "properties": {
        "NO": "1695",
        "共通ID": "E1221300067111",
        "施設・場所名": "千葉県立農業大学校",
        "住所": "千葉県東金市家之子1059",
        "指定緊急避難場所との住所同一": "1",
        "その他市町村長が必要と認める事項": "",
        "受入対象者": "",
        "備考": ""
      }
    },
    {
      "type": "Feature",
      "geometry": {
        "type": "Point",
        "coordinates": [
          140.416801,
          35.568515
        ]
      },
      "properties": {
        "NO": "1696",
        "共通ID": "E1221300003111",
        "施設・場所名": "東金市立豊成小学校",
        "住所": "千葉県東金市関内550-1",
        "指定緊急避難場所との住所同一": "1",
        "その他市町村長が必要と認める事項": null,
        "受入対象者": null,
        "備考": ""
      }
    },
    {
      "type": "Feature",
      "geometry": {
        "type": "Point",
        "coordinates": [
          140.391982,
          35.581983
        ]
      },
      "properties": {
        "NO": "1697",
        "共通ID": "E1221300070111",
        "施設・場所名": "城西国際大学",
        "住所": "千葉県東金市求名1",
        "指定緊急避難場所との住所同一": "",
        "その他市町村長が必要と認める事項": "",
        "受入対象者": "",
        "備考": ""
      }
    },
    {
      "type": "Feature",
      "geometry": {
        "type": "Point",
        "coordinates": [
          140.379738,
          35.513361
        ]
      },
      "properties": {
        "NO": "1698",
        "共通ID": "E1221300010111",
        "施設・場所名": "東金市立福岡小学校",
        "住所": "千葉県東金市砂古瀬422-1",
        "指定緊急避難場所との住所同一": "1",
        "その他市町村長が必要と認める事項": null,
        "受入対象者": null,
        "備考": ""
      }
    },
    {
      "type": "Feature",
      "geometry": {
        "type": "Point",
        "coordinates": [
          140.364903,
          35.579427
        ]
      },
      "properties": {
        "NO": "1699",
        "共通ID": "E1221300011111",
        "施設・場所名": "千葉県立東金商業高等学校",
        "住所": "千葉県東金市松之郷1641-1",
        "指定緊急避難場所との住所同一": "1",
        "その他市町村長が必要と認める事項": null,
        "受入対象者": null,
        "備考": ""
      }
    },
    {
      "type": "Feature",
      "geometry": {
        "type": "Point",
        "coordinates": [
          140.372273,
          35.576672
        ]
      },
      "properties": {
        "NO": "1700",
        "共通ID": "E1221300013111",
        "施設・場所名": "千葉県立東金青少年自然の家",
        "住所": "千葉県東金市松之郷270",
        "指定緊急避難場所との住所同一": "1",
        "その他市町村長が必要と認める事項": null,
        "受入対象者": null,
        "備考": ""
      }
    },
    {
      "type": "Feature",
      "geometry": {
        "type": "Point",
        "coordinates": [
          140.337424,
          35.616882
        ]
      },
      "properties": {
        "NO": "1701",
        "共通ID": "E1221300014111",
        "施設・場所名": "旧東金市立源小学校",
        "住所": "千葉県東金市上布田385",
        "指定緊急避難場所との住所同一": "",
        "その他市町村長が必要と認める事項": "",
        "受入対象者": "",
        "備考": ""
      }
    },
    {
      "type": "Feature",
      "geometry": {
        "type": "Point",
        "coordinates": [
          140.345229,
          35.551312
        ]
      },
      "properties": {
        "NO": "1702",
        "共通ID": "E1221300017111",
        "施設・場所名": "東金市立西中学校",
        "住所": "千葉県東金市台方1327-1",
        "指定緊急避難場所との住所同一": "1",
        "その他市町村長が必要と認める事項": null,
        "受入対象者": null,
        "備考": ""
      }
    },
    {
      "type": "Feature",
      "geometry": {
        "type": "Point",
        "coordinates": [
          140.351979,
          35.557054
        ]
      },
      "properties": {
        "NO": "1703",
        "共通ID": "E1221300018111",
        "施設・場所名": "東金市立城西小学校",
        "住所": "千葉県東金市台方74-2",
        "指定緊急避難場所との住所同一": "1",
        "その他市町村長が必要と認める事項": null,
        "受入対象者": null,
        "備考": ""
      }
    },
    {
      "type": "Feature",
      "geometry": {
        "type": "Point",
        "coordinates": [
          140.323243,
          35.576483
        ]
      },
      "properties": {
        "NO": "1704",
        "共通ID": "E1221300019111",
        "施設・場所名": "東金市立丘山小学校",
        "住所": "千葉県東金市丹尾4-2",
        "指定緊急避難場所との住所同一": "1",
        "その他市町村長が必要と認める事項": null,
        "受入対象者": null,
        "備考": ""
      }
    },
    {
      "type": "Feature",
      "geometry": {
        "type": "Point",
        "coordinates": [
          140.378106,
          35.575424
        ]
      },
      "properties": {
        "NO": "1705",
        "共通ID": "E1221300020111",
        "施設・場所名": "東金市立東小学校",
        "住所": "千葉県東金市田間1188-2",
        "指定緊急避難場所との住所同一": "1",
        "その他市町村長が必要と認める事項": null,
        "受入対象者": null,
        "備考": ""
      }
    },
    {
      "type": "Feature",
      "geometry": {
        "type": "Point",
        "coordinates": [
          140.372455,
          35.574284
        ]
      },
      "properties": {
        "NO": "1706",
        "共通ID": "E1221300071111",
        "施設・場所名": "千葉学芸高等学校",
        "住所": "千葉県東金市田間1999",
        "指定緊急避難場所との住所同一": "1",
        "その他市町村長が必要と認める事項": "",
        "受入対象者": "",
        "備考": ""
      }
    },
    {
      "type": "Feature",
      "geometry": {
        "type": "Point",
        "coordinates": [
          140.381661,
          35.571016
        ]
      },
      "properties": {
        "NO": "1707",
        "共通ID": "E1221300028111",
        "施設・場所名": "東金市立東中学校",
        "住所": "千葉県東金市田間953-1",
        "指定緊急避難場所との住所同一": "1",
        "その他市町村長が必要と認める事項": null,
        "受入対象者": null,
        "備考": ""
      }
    },
    {
      "type": "Feature",
      "geometry": {
        "type": "Point",
        "coordinates": [
          140.366286,
          35.5588
        ]
      },
      "properties": {
        "NO": "1708",
        "共通ID": "E1221300030111",
        "施設・場所名": "東金中央コミュニティセンター",
        "住所": "千葉県東金市東岩崎1-20",
        "指定緊急避難場所との住所同一": "1",
        "その他市町村長が必要と認める事項": null,
        "受入対象者": null,
        "備考": ""
      }
    },
    {
      "type": "Feature",
      "geometry": {
        "type": "Point",
        "coordinates": [
          140.366293,
          35.557147
        ]
      },
      "properties": {
        "NO": "1709",
        "共通ID": "E1221300032111",
        "施設・場所名": "東金市立鴇嶺小学校",
        "住所": "千葉県東金市東岩崎24-1",
        "指定緊急避難場所との住所同一": "1",
        "その他市町村長が必要と認める事項": null,
        "受入対象者": null,
        "備考": ""
      }
    },
    {
      "type": "Feature",
      "geometry": {
        "type": "Point",
        "coordinates": [
          140.356654,
          35.560137
        ]
      },
      "properties": {
        "NO": "1710",
        "共通ID": "E1221300033111",
        "施設・場所名": "千葉県立東金高等学校",
        "住所": "千葉県東金市東金1410",
        "指定緊急避難場所との住所同一": "1",
        "その他市町村長が必要と認める事項": null,
        "受入対象者": null,
        "備考": ""
      }
    },
    {
      "type": "Feature",
      "geometry": {
        "type": "Point",
        "coordinates": [
          140.340026,
          35.567995
        ]
      },
      "properties": {
        "NO": "1711",
        "共通ID": "E1221300046111",
        "施設・場所名": "東金市立北中学校",
        "住所": "千葉県東金市日吉台1-20",
        "指定緊急避難場所との住所同一": "1",
        "その他市町村長が必要と認める事項": null,
        "受入対象者": null,
        "備考": ""
      }
    },
    {
      "type": "Feature",
      "geometry": {
        "type": "Point",
        "coordinates": [
          140.345102,
          35.572848
        ]
      },
      "properties": {
        "NO": "1712",
        "共通ID": "E1221300050111",
        "施設・場所名": "東金市立日吉台小学校",
        "住所": "千葉県東金市日吉台2-32-1",
        "指定緊急避難場所との住所同一": "1",
        "その他市町村長が必要と認める事項": null,
        "受入対象者": null,
        "備考": ""
      }
    },
    {
      "type": "Feature",
      "geometry": {
        "type": "Point",
        "coordinates": [
          140.363184,
          35.56899
        ]
      },
      "properties": {
        "NO": "1713",
        "共通ID": "E1221300057111",
        "施設・場所名": "東金文化会館",
        "住所": "千葉県東金市八坂台1-2107-3",
        "指定緊急避難場所との住所同一": "1",
        "その他市町村長が必要と認める事項": null,
        "受入対象者": null,
        "備考": ""
      }
    },
    {
      "type": "Feature",
      "geometry": {
        "type": "Point",
        "coordinates": [
          140.38103,
          35.564065
        ]
      },
      "properties": {
        "NO": "1714",
        "共通ID": "E1221300001121",
        "施設・場所名": "千葉県立東金特別支援学校",
        "住所": "千葉県東金市北之幸谷502",
        "指定緊急避難場所との住所同一": "1",
        "その他市町村長が必要と認める事項": null,
        "受入対象者": null,
        "備考": ""
      }
    },
    {
      "type": "Feature",
      "geometry": {
        "type": "Point",
        "coordinates": [
          140.369958,
          35.555167
        ]
      },
      "properties": {
        "NO": "1715",
        "共通ID": "E1221300061111",
        "施設・場所名": "東金市立東金中学校",
        "住所": "千葉県東金市堀上111",
        "指定緊急避難場所との住所同一": "1",
        "その他市町村長が必要と認める事項": null,
        "受入対象者": null,
        "備考": ""
      }
    },
    {
      "type": "Feature",
      "geometry": {
        "type": "Point",
        "coordinates": [
          140.385784,
          35.548317
        ]
      },
      "properties": {
        "NO": "1716",
        "共通ID": "E1221300062111",
        "施設・場所名": "東金アリーナ",
        "住所": "千葉県東金市堀上1361-1",
        "指定緊急避難場所との住所同一": "1",
        "その他市町村長が必要と認める事項": null,
        "受入対象者": null,
        "備考": ""
      }
    },
    {
      "type": "Feature",
      "geometry": {
        "type": "Point",
        "coordinates": [
          140.329267,
          35.579065
        ]
      },
      "properties": {
        "NO": "1717",
        "共通ID": "E1221300063111",
        "施設・場所名": "千葉県立東金テクノスクール",
        "住所": "千葉県東金市油井1061-6",
        "指定緊急避難場所との住所同一": "1",
        "その他市町村長が必要と認める事項": "",
        "受入対象者": "",
        "備考": ""
      }
    },
    {
      "type": "Feature",
      "geometry": {
        "type": "Point",
        "coordinates": [
          140.646026,
          35.805353
        ]
      },
      "properties": {
        "NO": "1718",
        "共通ID": "E1234900001111",
        "施設・場所名": "旧神代小学校",
        "住所": "千葉県東庄町窪野谷1661",
        "指定緊急避難場所との住所同一": "1",
        "その他市町村長が必要と認める事項": null,
        "受入対象者": null,
        "備考": ""
      }
    },
    {
      "type": "Feature",
      "geometry": {
        "type": "Point",
        "coordinates": [
          140.690067,
          35.818251
        ]
      },
      "properties": {
        "NO": "1719",
        "共通ID": "E1234900002111",
        "施設・場所名": "旧橘小学校",
        "住所": "千葉県東庄町今郡558",
        "指定緊急避難場所との住所同一": "1",
        "その他市町村長が必要と認める事項": null,
        "受入対象者": null,
        "備考": ""
      }
    },
    {
      "type": "Feature",
      "geometry": {
        "type": "Point",
        "coordinates": [
          140.666272,
          35.837963
        ]
      },
      "properties": {
        "NO": "1720",
        "共通ID": "E1234900003111",
        "施設・場所名": "東庄小学校",
        "住所": "千葉県東庄町笹川い4713",
        "指定緊急避難場所との住所同一": "1",
        "その他市町村長が必要と認める事項": null,
        "受入対象者": null,
        "備考": ""
      }
    },
    {
      "type": "Feature",
      "geometry": {
        "type": "Point",
        "coordinates": [
          140.667977,
          35.837155
        ]
      },
      "properties": {
        "NO": "1721",
        "共通ID": "E1234900012111",
        "施設・場所名": "東庄町公民館",
        "住所": "千葉県東庄町笹川い4713-131",
        "指定緊急避難場所との住所同一": "1",
        "その他市町村長が必要と認める事項": "",
        "受入対象者": "",
        "備考": ""
      }
    },
    {
      "type": "Feature",
      "geometry": {
        "type": "Point",
        "coordinates": [
          140.644303,
          35.795857
        ]
      },
      "properties": {
        "NO": "1722",
        "共通ID": "E1234900005111",
        "施設・場所名": "東庄町ふれあい公園",
        "住所": "千葉県東庄町舟戸526-1",
        "指定緊急避難場所との住所同一": "",
        "その他市町村長が必要と認める事項": null,
        "受入対象者": null,
        "備考": ""
      }
    },
    {
      "type": "Feature",
      "geometry": {
        "type": "Point",
        "coordinates": [
          140.680854,
          35.79503
        ]
      },
      "properties": {
        "NO": "1723",
        "共通ID": "E1234900006111",
        "施設・場所名": "東庄町ふれあいセンター",
        "住所": "千葉県東庄町小南1140",
        "指定緊急避難場所との住所同一": "",
        "その他市町村長が必要と認める事項": null,
        "受入対象者": null,
        "備考": ""
      }
    },
    {
      "type": "Feature",
      "geometry": {
        "type": "Point",
        "coordinates": [
          140.673565,
          35.781396
        ]
      },
      "properties": {
        "NO": "1724",
        "共通ID": "E1234900007111",
        "施設・場所名": "東庄町児童館",
        "住所": "千葉県東庄町小南534",
        "指定緊急避難場所との住所同一": "1",
        "その他市町村長が必要と認める事項": null,
        "受入対象者": null,
        "備考": ""
      }
    },
    {
      "type": "Feature",
      "geometry": {
        "type": "Point",
        "coordinates": [
          140.67593,
          35.791942
        ]
      },
      "properties": {
        "NO": "1725",
        "共通ID": "E1234900008111",
        "施設・場所名": "旧東城小学校",
        "住所": "千葉県東庄町小南941",
        "指定緊急避難場所との住所同一": "1",
        "その他市町村長が必要と認める事項": null,
        "受入対象者": null,
        "備考": ""
      }
    },
    {
      "type": "Feature",
      "geometry": {
        "type": "Point",
        "coordinates": [
          140.670604,
          35.811822
        ]
      },
      "properties": {
        "NO": "1726",
        "共通ID": "E1234900009111",
        "施設・場所名": "東庄中学校",
        "住所": "千葉県東庄町青馬1752-1",
        "指定緊急避難場所との住所同一": "1",
        "その他市町村長が必要と認める事項": null,
        "受入対象者": null,
        "備考": ""
      }
    },
    {
      "type": "Feature",
      "geometry": {
        "type": "Point",
        "coordinates": [
          140.703995,
          35.819724
        ]
      },
      "properties": {
        "NO": "1727",
        "共通ID": "E1234900010111",
        "施設・場所名": "旧石出小学校",
        "住所": "千葉県東庄町石出1599",
        "指定緊急避難場所との住所同一": "1",
        "その他市町村長が必要と認める事項": null,
        "受入対象者": null,
        "備考": ""
      }
    },
    {
      "type": "Feature",
      "geometry": {
        "type": "Point",
        "coordinates": [
          140.697845,
          35.820005
        ]
      },
      "properties": {
        "NO": "1728",
        "共通ID": "E1234900011111",
        "施設・場所名": "東庄町保健福祉総合センター",
        "住所": "千葉県東庄町石出2692-4",
        "指定緊急避難場所との住所同一": "",
        "その他市町村長が必要と認める事項": null,
        "受入対象者": null,
        "備考": ""
      }
    },
    {
      "type": "Feature",
      "geometry": {
        "type": "Point",
        "coordinates": [
          139.962669,
          35.021769
        ]
      },
      "properties": {
        "NO": "1729",
        "共通ID": "E1223400027111",
        "施設・場所名": "丸山公民館・丸山児童体育館",
        "住所": "千葉県南房総市岩糸2489",
        "指定緊急避難場所との住所同一": "1",
        "その他市町村長が必要と認める事項": null,
        "受入対象者": null,
        "備考": ""
      }
    },
    {
      "type": "Feature",
      "geometry": {
        "type": "Point",
        "coordinates": [
          139.845892,
          35.097409
        ]
      },
      "properties": {
        "NO": "1730",
        "共通ID": "E1223400017111",
        "施設・場所名": "富山ふれあいスポーツセンター",
        "住所": "千葉県南房総市久枝1024",
        "指定緊急避難場所との住所同一": "1",
        "その他市町村長が必要と認める事項": null,
        "受入対象者": null,
        "備考": ""
      }
    },
    {
      "type": "Feature",
      "geometry": {
        "type": "Point",
        "coordinates": [
          139.9556,
          35.02125
        ]
      },
      "properties": {
        "NO": "1731",
        "共通ID": "E1223400001111",
        "施設・場所名": "嶺南中学校",
        "住所": "千葉県南房総市沓見2705",
        "指定緊急避難場所との住所同一": "1",
        "その他市町村長が必要と認める事項": null,
        "受入対象者": null,
        "備考": ""
      }
    },
    {
      "type": "Feature",
      "geometry": {
        "type": "Point",
        "coordinates": [
          139.956385,
          35.021033
        ]
      },
      "properties": {
        "NO": "1732",
        "共通ID": "E1223400001112",
        "施設・場所名": "嶺南小学校",
        "住所": "千葉県南房総市沓見2705",
        "指定緊急避難場所との住所同一": "1",
        "その他市町村長が必要と認める事項": null,
        "受入対象者": null,
        "備考": ""
      }
    },
    {
      "type": "Feature",
      "geometry": {
        "type": "Point",
        "coordinates": [
          139.863128,
          35.095496
        ]
      },
      "properties": {
        "NO": "1733",
        "共通ID": "E1223400002111",
        "施設・場所名": "富山学園",
        "住所": "千葉県南房総市合戸22-1",
        "指定緊急避難場所との住所同一": "1",
        "その他市町村長が必要と認める事項": null,
        "受入対象者": null,
        "備考": ""
      }
    },
    {
      "type": "Feature",
      "geometry": {
        "type": "Point",
        "coordinates": [
          139.853377,
          35.092441
        ]
      },
      "properties": {
        "NO": "1734",
        "共通ID": "E1223400018111",
        "施設・場所名": "富山岩井体育館",
        "住所": "千葉県南房総市市部250",
        "指定緊急避難場所との住所同一": "1",
        "その他市町村長が必要と認める事項": null,
        "受入対象者": null,
        "備考": ""
      }
    },
    {
      "type": "Feature",
      "geometry": {
        "type": "Point",
        "coordinates": [
          139.956025,
          35.042102
        ]
      },
      "properties": {
        "NO": "1735",
        "共通ID": "E1223400047111",
        "施設・場所名": "子育て支援センターほのぼの",
        "住所": "千葉県南房総市珠師ケ谷1289-13",
        "指定緊急避難場所との住所同一": "",
        "その他市町村長が必要と認める事項": "",
        "受入対象者": "",
        "備考": ""
      }
    },
    {
      "type": "Feature",
      "geometry": {
        "type": "Point",
        "coordinates": [
          139.95273,
          34.981766
        ]
      },
      "properties": {
        "NO": "1736",
        "共通ID": "E1223400003111",
        "施設・場所名": "千倉小学校",
        "住所": "千葉県南房総市千倉町瀬戸1616",
        "指定緊急避難場所との住所同一": "1",
        "その他市町村長が必要と認める事項": null,
        "受入対象者": null,
        "備考": ""
      }
    },
    {
      "type": "Feature",
      "geometry": {
        "type": "Point",
        "coordinates": [
          139.960908,
          34.974554
        ]
      },
      "properties": {
        "NO": "1737",
        "共通ID": "E1223400025111",
        "施設・場所名": "ちくら介護予防センターゆらり・千倉保健センター",
        "住所": "千葉県南房総市千倉町瀬戸2705-6",
        "指定緊急避難場所との住所同一": "1",
        "その他市町村長が必要と認める事項": "",
        "受入対象者": "",
        "備考": ""
      }
    },
    {
      "type": "Feature",
      "geometry": {
        "type": "Point",
        "coordinates": [
          139.945293,
          34.97158
        ]
      },
      "properties": {
        "NO": "1738",
        "共通ID": "E1223400022111",
        "施設・場所名": "千倉総合運動公園",
        "住所": "千葉県南房総市千倉町川戸544-8",
        "指定緊急避難場所との住所同一": "1",
        "その他市町村長が必要と認める事項": null,
        "受入対象者": null,
        "備考": ""
      }
    },
    {
      "type": "Feature",
      "geometry": {
        "type": "Point",
        "coordinates": [
          139.945024,
          34.932259
        ]
      },
      "properties": {
        "NO": "1739",
        "共通ID": "E1223400023111",
        "施設・場所名": "千倉七浦体育館",
        "住所": "千葉県南房総市千倉町大川638",
        "指定緊急避難場所との住所同一": "1",
        "その他市町村長が必要と認める事項": null,
        "受入対象者": null,
        "備考": ""
      }
    },
    {
      "type": "Feature",
      "geometry": {
        "type": "Point",
        "coordinates": [
          139.954509,
          34.960969
        ]
      },
      "properties": {
        "NO": "1740",
        "共通ID": "E1223400004111",
        "施設・場所名": "千倉子ども園",
        "住所": "千葉県南房総市千倉町南朝夷1400",
        "指定緊急避難場所との住所同一": "1",
        "その他市町村長が必要と認める事項": null,
        "受入対象者": null,
        "備考": ""
      }
    },
    {
      "type": "Feature",
      "geometry": {
        "type": "Point",
        "coordinates": [
          139.953468,
          34.967942
        ]
      },
      "properties": {
        "NO": "1741",
        "共通ID": "E1223400005111",
        "施設・場所名": "南房総中学校",
        "住所": "千葉県南房総市千倉町北朝夷630",
        "指定緊急避難場所との住所同一": "1",
        "その他市町村長が必要と認める事項": "",
        "受入対象者": "",
        "備考": ""
      }
    },
    {
      "type": "Feature",
      "geometry": {
        "type": "Point",
        "coordinates": [
          139.896115,
          35.026208
        ]
      },
      "properties": {
        "NO": "1742",
        "共通ID": "E1223400020111",
        "施設・場所名": "三芳農村環境改善センター",
        "住所": "千葉県南房総市谷向109-1",
        "指定緊急避難場所との住所同一": "1",
        "その他市町村長が必要と認める事項": null,
        "受入対象者": null,
        "備考": ""
      }
    },
    {
      "type": "Feature",
      "geometry": {
        "type": "Point",
        "coordinates": [
          139.896157,
          35.02685
        ]
      },
      "properties": {
        "NO": "1743",
        "共通ID": "E1223400006111",
        "施設・場所名": "三芳小学校",
        "住所": "千葉県南房総市谷向150",
        "指定緊急避難場所との住所同一": "1",
        "その他市町村長が必要と認める事項": null,
        "受入対象者": null,
        "備考": ""
      }
    },
    {
      "type": "Feature",
      "geometry": {
        "type": "Point",
        "coordinates": [
          139.867762,
          34.909992
        ]
      },
      "properties": {
        "NO": "1744",
        "共通ID": "E1223400007111",
        "施設・場所名": "白浜体育館",
        "住所": "千葉県南房総市白浜町滝口5580-57",
        "指定緊急避難場所との住所同一": "1",
        "その他市町村長が必要と認める事項": "",
        "受入対象者": "",
        "備考": ""
      }
    },
    {
      "type": "Feature",
      "geometry": {
        "type": "Point",
        "coordinates": [
          139.895928,
          34.908812
        ]
      },
      "properties": {
        "NO": "1745",
        "共通ID": "E1223400021111",
        "施設・場所名": "白浜コミュニティセンター",
        "住所": "千葉県南房総市白浜町白浜14955",
        "指定緊急避難場所との住所同一": "1",
        "その他市町村長が必要と認める事項": null,
        "受入対象者": null,
        "備考": ""
      }
    },
    {
      "type": "Feature",
      "geometry": {
        "type": "Point",
        "coordinates": [
          139.896124,
          34.910078
        ]
      },
      "properties": {
        "NO": "1746",
        "共通ID": "E1223400008111",
        "施設・場所名": "白浜小学校",
        "住所": "千葉県南房総市白浜町白浜3061",
        "指定緊急避難場所との住所同一": "1",
        "その他市町村長が必要と認める事項": null,
        "受入対象者": null,
        "備考": ""
      }
    },
    {
      "type": "Feature",
      "geometry": {
        "type": "Point",
        "coordinates": [
          139.83717,
          35.038805
        ]
      },
      "properties": {
        "NO": "1747",
        "共通ID": "E1223400014111",
        "施設・場所名": "とみうら元気俱楽部",
        "住所": "千葉県南房総市富浦町原岡88-2",
        "指定緊急避難場所との住所同一": "1",
        "その他市町村長が必要と認める事項": null,
        "受入対象者": null,
        "備考": ""
      }
    },
    {
      "type": "Feature",
      "geometry": {
        "type": "Point",
        "coordinates": [
          139.834269,
          35.047959
        ]
      },
      "properties": {
        "NO": "1748",
        "共通ID": "E1223400009111",
        "施設・場所名": "富浦小学校",
        "住所": "千葉県南房総市富浦町原岡931",
        "指定緊急避難場所との住所同一": "1",
        "その他市町村長が必要と認める事項": null,
        "受入対象者": null,
        "備考": ""
      }
    },
    {
      "type": "Feature",
      "geometry": {
        "type": "Point",
        "coordinates": [
          139.853136,
          35.041286
        ]
      },
      "properties": {
        "NO": "1749",
        "共通ID": "E1223400010111",
        "施設・場所名": "富浦子ども園",
        "住所": "千葉県南房総市富浦町深名710",
        "指定緊急避難場所との住所同一": "1",
        "その他市町村長が必要と認める事項": null,
        "受入対象者": null,
        "備考": ""
      }
    },
    {
      "type": "Feature",
      "geometry": {
        "type": "Point",
        "coordinates": [
          139.841004,
          35.043806
        ]
      },
      "properties": {
        "NO": "1750",
        "共通ID": "E1223400011111",
        "施設・場所名": "富浦中学校",
        "住所": "千葉県南房総市富浦町青木249-1",
        "指定緊急避難場所との住所同一": "1",
        "その他市町村長が必要と認める事項": null,
        "受入対象者": null,
        "備考": ""
      }
    },
    {
      "type": "Feature",
      "geometry": {
        "type": "Point",
        "coordinates": [
          139.840272,
          35.04166
        ]
      },
      "properties": {
        "NO": "1751",
        "共通ID": "E1223400015111",
        "施設・場所名": "富浦体育館",
        "住所": "千葉県南房総市富浦町青木71",
        "指定緊急避難場所との住所同一": "1",
        "その他市町村長が必要と認める事項": null,
        "受入対象者": null,
        "備考": ""
      }
    },
    {
      "type": "Feature",
      "geometry": {
        "type": "Point",
        "coordinates": [
          139.816399,
          35.039368
        ]
      },
      "properties": {
        "NO": "1752",
        "共通ID": "E1223400016111",
        "施設・場所名": "大房岬自然の家",
        "住所": "千葉県南房総市富浦町多田良1212-23",
        "指定緊急避難場所との住所同一": "1",
        "その他市町村長が必要と認める事項": null,
        "受入対象者": null,
        "備考": ""
      }
    },
    {
      "type": "Feature",
      "geometry": {
        "type": "Point",
        "coordinates": [
          139.915564,
          35.097444
        ]
      },
      "properties": {
        "NO": "1753",
        "共通ID": "E1223400019111",
        "施設・場所名": "富山平群コミュニティセンター",
        "住所": "千葉県南房総市平久里中1350-1",
        "指定緊急避難場所との住所同一": "1",
        "その他市町村長が必要と認める事項": null,
        "受入対象者": null,
        "備考": ""
      }
    },
    {
      "type": "Feature",
      "geometry": {
        "type": "Point",
        "coordinates": [
          139.89558,
          35.024742
        ]
      },
      "properties": {
        "NO": "1754",
        "共通ID": "E1223400012111",
        "施設・場所名": "三芳中学校",
        "住所": "千葉県南房総市本織60",
        "指定緊急避難場所との住所同一": "1",
        "その他市町村長が必要と認める事項": null,
        "受入対象者": null,
        "備考": ""
      }
    },
    {
      "type": "Feature",
      "geometry": {
        "type": "Point",
        "coordinates": [
          139.987963,
          35.022245
        ]
      },
      "properties": {
        "NO": "1755",
        "共通ID": "E1223400013111",
        "施設・場所名": "嶺南和田体育館",
        "住所": "千葉県南房総市和田町海発1602",
        "指定緊急避難場所との住所同一": "1",
        "その他市町村長が必要と認める事項": null,
        "受入対象者": null,
        "備考": ""
      }
    },
    {
      "type": "Feature",
      "geometry": {
        "type": "Point",
        "coordinates": [
          139.986175,
          35.020987
        ]
      },
      "properties": {
        "NO": "1756",
        "共通ID": "E1223400032111",
        "施設・場所名": "千葉県立安房拓心高等学校",
        "住所": "千葉県南房総市和田町海発1604",
        "指定緊急避難場所との住所同一": "1",
        "その他市町村長が必要と認める事項": null,
        "受入対象者": null,
        "備考": ""
      }
    },
    {
      "type": "Feature",
      "geometry": {
        "type": "Point",
        "coordinates": [
          139.990931,
          35.04608
        ]
      },
      "properties": {
        "NO": "1757",
        "共通ID": "E1223400031111",
        "施設・場所名": "北三原多目的研修集会施設",
        "住所": "千葉県南房総市和田町黒岩386-1",
        "指定緊急避難場所との住所同一": "1",
        "その他市町村長が必要と認める事項": null,
        "受入対象者": null,
        "備考": ""
      }
    },
    {
      "type": "Feature",
      "geometry": {
        "type": "Point",
        "coordinates": [
          139.995834,
          35.07989
        ]
      },
      "properties": {
        "NO": "1758",
        "共通ID": "E1223400030111",
        "施設・場所名": "上区集会所・くすの木",
        "住所": "千葉県南房総市和田町上三原1246",
        "指定緊急避難場所との住所同一": "1",
        "その他市町村長が必要と認める事項": null,
        "受入対象者": null,
        "備考": ""
      }
    },
    {
      "type": "Feature",
      "geometry": {
        "type": "Point",
        "coordinates": [
          140.020303,
          35.042227
        ]
      },
      "properties": {
        "NO": "1759",
        "共通ID": "E1223400028111",
        "施設・場所名": "和田コミュニティセンター",
        "住所": "千葉県南房総市和田町仁我浦206",
        "指定緊急避難場所との住所同一": "1",
        "その他市町村長が必要と認める事項": null,
        "受入対象者": null,
        "備考": ""
      }
    },
    {
      "type": "Feature",
      "geometry": {
        "type": "Point",
        "coordinates": [
          140.017118,
          35.04077
        ]
      },
      "properties": {
        "NO": "1760",
        "共通ID": "E1223400029111",
        "施設・場所名": "和田体育館",
        "住所": "千葉県南房総市和田町仁我浦8-1",
        "指定緊急避難場所との住所同一": "1",
        "その他市町村長が必要と認める事項": null,
        "受入対象者": null,
        "備考": ""
      }
    },
    {
      "type": "Feature",
      "geometry": {
        "type": "Point",
        "coordinates": [
          139.972293,
          35.865992
        ]
      },
      "properties": {
        "NO": "1761",
        "共通ID": "E1221700001111",
        "施設・場所名": "柏市立柏第一小学校",
        "住所": "千葉県柏市あけぼの1-7-6",
        "指定緊急避難場所との住所同一": "1",
        "その他市町村長が必要と認める事項": "",
        "受入対象者": "",
        "備考": ""
      }
    },
    {
      "type": "Feature",
      "geometry": {
        "type": "Point",
        "coordinates": [
          139.953644,
          35.865646
        ]
      },
      "properties": {
        "NO": "1762",
        "共通ID": "E1221700147112",
        "施設・場所名": "柏市豊四季台近隣センター体育館",
        "住所": "千葉県柏市かやの町2-65",
        "指定緊急避難場所との住所同一": "1",
        "その他市町村長が必要と認める事項": "",
        "受入対象者": "",
        "備考": ""
      }
    },
    {
      "type": "Feature",
      "geometry": {
        "type": "Point",
        "coordinates": [
          139.982333,
          35.802757
        ]
      },
      "properties": {
        "NO": "1763",
        "共通ID": "E1221700003111",
        "施設・場所名": "柏市立高柳西小学校",
        "住所": "千葉県柏市しいの木台3-2",
        "指定緊急避難場所との住所同一": "1",
        "その他市町村長が必要と認める事項": "",
        "受入対象者": "",
        "備考": ""
      }
    },
    {
      "type": "Feature",
      "geometry": {
        "type": "Point",
        "coordinates": [
          139.964741,
          35.860782
        ]
      },
      "properties": {
        "NO": "1764",
        "共通ID": "E1221700004111",
        "施設・場所名": "千葉県立東葛飾中学校・高等学校",
        "住所": "千葉県柏市旭町3-2-1",
        "指定緊急避難場所との住所同一": "1",
        "その他市町村長が必要と認める事項": "",
        "受入対象者": "",
        "備考": ""
      }
    },
    {
      "type": "Feature",
      "geometry": {
        "type": "Point",
        "coordinates": [
          139.961542,
          35.856138
        ]
      },
      "properties": {
        "NO": "1765",
        "共通ID": "E1221700005111",
        "施設・場所名": "柏市旭町近隣センター",
        "住所": "千葉県柏市旭町5-3-32",
        "指定緊急避難場所との住所同一": "1",
        "その他市町村長が必要と認める事項": "",
        "受入対象者": "",
        "備考": ""
      }
    },
    {
      "type": "Feature",
      "geometry": {
        "type": "Point",
        "coordinates": [
          139.962377,
          35.856355
        ]
      },
      "properties": {
        "NO": "1766",
        "共通ID": "E1221700006111",
        "施設・場所名": "柏市立旭東小学校",
        "住所": "千葉県柏市旭町5-3-9",
        "指定緊急避難場所との住所同一": "1",
        "その他市町村長が必要と認める事項": "",
        "受入対象者": "",
        "備考": ""
      }
    },
    {
      "type": "Feature",
      "geometry": {
        "type": "Point",
        "coordinates": [
          139.955768,
          35.857503
        ]
      },
      "properties": {
        "NO": "1767",
        "共通ID": "E1221700007111",
        "施設・場所名": "柏市立旭小学校",
        "住所": "千葉県柏市旭町6-5-17",
        "指定緊急避難場所との住所同一": "1",
        "その他市町村長が必要と認める事項": "",
        "受入対象者": "",
        "備考": ""
      }
    },
    {
      "type": "Feature",
      "geometry": {
        "type": "Point",
        "coordinates": [
          139.958838,
          35.85926
        ]
      },
      "properties": {
        "NO": "1768",
        "共通ID": "E1221700008111",
        "施設・場所名": "気象大学校",
        "住所": "千葉県柏市旭町7-4-81",
        "指定緊急避難場所との住所同一": "1",
        "その他市町村長が必要と認める事項": "",
        "受入対象者": "",
        "備考": ""
      }
    },
    {
      "type": "Feature",
      "geometry": {
        "type": "Point",
        "coordinates": [
          139.971657,
          35.842871
        ]
      },
      "properties": {
        "NO": "1769",
        "共通ID": "E1221700010111",
        "施設・場所名": "柏市永楽台近隣センター",
        "住所": "千葉県柏市永楽台2-11-25",
        "指定緊急避難場所との住所同一": "1",
        "その他市町村長が必要と認める事項": "",
        "受入対象者": "",
        "備考": ""
      }
    },
    {
      "type": "Feature",
      "geometry": {
        "type": "Point",
        "coordinates": [
          139.97193,
          35.844016
        ]
      },
      "properties": {
        "NO": "1770",
        "共通ID": "E1221700011111",
        "施設・場所名": "柏市立柏第八小学校",
        "住所": "千葉県柏市永楽台2-8-1",
        "指定緊急避難場所との住所同一": "1",
        "その他市町村長が必要と認める事項": "",
        "受入対象者": "",
        "備考": ""
      }
    },
    {
      "type": "Feature",
      "geometry": {
        "type": "Point",
        "coordinates": [
          139.971215,
          35.899831
        ]
      },
      "properties": {
        "NO": "1771",
        "共通ID": "E1221700012111",
        "施設・場所名": "柏市立花野井小学校",
        "住所": "千葉県柏市花野井1652-34",
        "指定緊急避難場所との住所同一": "1",
        "その他市町村長が必要と認める事項": "",
        "受入対象者": "",
        "備考": ""
      }
    },
    {
      "type": "Feature",
      "geometry": {
        "type": "Point",
        "coordinates": [
          139.974053,
          35.897592
        ]
      },
      "properties": {
        "NO": "1772",
        "共通ID": "E1221700013111",
        "施設・場所名": "公益財団法人吉田記念テニス研修センター",
        "住所": "千葉県柏市花野井936-1",
        "指定緊急避難場所との住所同一": "1",
        "その他市町村長が必要と認める事項": "",
        "受入対象者": "",
        "備考": ""
      }
    },
    {
      "type": "Feature",
      "geometry": {
        "type": "Point",
        "coordinates": [
          140.032035,
          35.844947
        ]
      },
      "properties": {
        "NO": "1773",
        "共通ID": "E1221700016111",
        "施設・場所名": "千葉県立沼南高等学校",
        "住所": "千葉県柏市岩井678-3",
        "指定緊急避難場所との住所同一": "1",
        "その他市町村長が必要と認める事項": "",
        "受入対象者": "",
        "備考": ""
      }
    },
    {
      "type": "Feature",
      "geometry": {
        "type": "Point",
        "coordinates": [
          139.981137,
          35.810227
        ]
      },
      "properties": {
        "NO": "1774",
        "共通ID": "E1221700017111",
        "施設・場所名": "千葉県立柏陵高等学校",
        "住所": "千葉県柏市逆井444-1",
        "指定緊急避難場所との住所同一": "1",
        "その他市町村長が必要と認める事項": "",
        "受入対象者": "",
        "備考": ""
      }
    },
    {
      "type": "Feature",
      "geometry": {
        "type": "Point",
        "coordinates": [
          139.981936,
          35.812102
        ]
      },
      "properties": {
        "NO": "1775",
        "共通ID": "E1221700018111",
        "施設・場所名": "柏市立逆井小学校",
        "住所": "千葉県柏市逆井452-2",
        "指定緊急避難場所との住所同一": "1",
        "その他市町村長が必要と認める事項": "",
        "受入対象者": "",
        "備考": ""
      }
    },
    {
      "type": "Feature",
      "geometry": {
        "type": "Point",
        "coordinates": [
          139.984444,
          35.817239
        ]
      },
      "properties": {
        "NO": "1776",
        "共通ID": "E1221700019111",
        "施設・場所名": "柏市立逆井中学校",
        "住所": "千葉県柏市逆井555",
        "指定緊急避難場所との住所同一": "1",
        "その他市町村長が必要と認める事項": "",
        "受入対象者": "",
        "備考": ""
      }
    },
    {
      "type": "Feature",
      "geometry": {
        "type": "Point",
        "coordinates": [
          139.990436,
          35.857532
        ]
      },
      "properties": {
        "NO": "1777",
        "共通ID": "E1221700021111",
        "施設・場所名": "日本体育大学柏高等学校",
        "住所": "千葉県柏市戸張944",
        "指定緊急避難場所との住所同一": "1",
        "その他市町村長が必要と認める事項": "",
        "受入対象者": "",
        "備考": ""
      }
    },
    {
      "type": "Feature",
      "geometry": {
        "type": "Point",
        "coordinates": [
          139.954116,
          35.832685
        ]
      },
      "properties": {
        "NO": "1778",
        "共通ID": "E1221700024111",
        "施設・場所名": "麗澤大学",
        "住所": "千葉県柏市光ケ丘2-1-1",
        "指定緊急避難場所との住所同一": "1",
        "その他市町村長が必要と認める事項": "",
        "受入対象者": "",
        "備考": ""
      }
    },
    {
      "type": "Feature",
      "geometry": {
        "type": "Point",
        "coordinates": [
          139.965073,
          35.829344
        ]
      },
      "properties": {
        "NO": "1779",
        "共通ID": "E1221700025111",
        "施設・場所名": "柏市立光ケ丘中学校",
        "住所": "千葉県柏市光ケ丘4-23-1",
        "指定緊急避難場所との住所同一": "1",
        "その他市町村長が必要と認める事項": "",
        "受入対象者": "",
        "備考": ""
      }
    },
    {
      "type": "Feature",
      "geometry": {
        "type": "Point",
        "coordinates": [
          139.956569,
          35.830932
        ]
      },
      "properties": {
        "NO": "1780",
        "共通ID": "E1221700026111",
        "施設・場所名": "柏市光ケ丘近隣センター",
        "住所": "千葉県柏市光ケ丘団地200-5",
        "指定緊急避難場所との住所同一": "1",
        "その他市町村長が必要と認める事項": "",
        "受入対象者": "",
        "備考": ""
      }
    },
    {
      "type": "Feature",
      "geometry": {
        "type": "Point",
        "coordinates": [
          139.952376,
          35.874795
        ]
      },
      "properties": {
        "NO": "1781",
        "共通ID": "E1221700027111",
        "施設・場所名": "柏市立高田小学校",
        "住所": "千葉県柏市高田376-3",
        "指定緊急避難場所との住所同一": "1",
        "その他市町村長が必要と認める事項": "",
        "受入対象者": "",
        "備考": ""
      }
    },
    {
      "type": "Feature",
      "geometry": {
        "type": "Point",
        "coordinates": [
          139.960361,
          35.874642
        ]
      },
      "properties": {
        "NO": "1782",
        "共通ID": "E1221700028111",
        "施設・場所名": "柏市高田近隣センター",
        "住所": "千葉県柏市高田693-2",
        "指定緊急避難場所との住所同一": "1",
        "その他市町村長が必要と認める事項": "",
        "受入対象者": "",
        "備考": ""
      }
    },
    {
      "type": "Feature",
      "geometry": {
        "type": "Point",
        "coordinates": [
          139.965575,
          35.873968
        ]
      },
      "properties": {
        "NO": "1783",
        "共通ID": "E1221700029111",
        "施設・場所名": "柏市立柏第五中学校",
        "住所": "千葉県柏市高田919-1",
        "指定緊急避難場所との住所同一": "1",
        "その他市町村長が必要と認める事項": "",
        "受入対象者": "",
        "備考": ""
      }
    },
    {
      "type": "Feature",
      "geometry": {
        "type": "Point",
        "coordinates": [
          139.995562,
          35.806164
        ]
      },
      "properties": {
        "NO": "1784",
        "共通ID": "E1221700030111",
        "施設・場所名": "柏市立高柳中学校",
        "住所": "千葉県柏市高南台1-1-1",
        "指定緊急避難場所との住所同一": "1",
        "その他市町村長が必要と認める事項": "",
        "受入対象者": "",
        "備考": ""
      }
    },
    {
      "type": "Feature",
      "geometry": {
        "type": "Point",
        "coordinates": [
          139.994886,
          35.806764
        ]
      },
      "properties": {
        "NO": "1785",
        "共通ID": "E1221700031111",
        "施設・場所名": "柏市立高柳小学校",
        "住所": "千葉県柏市高南台3-14-12",
        "指定緊急避難場所との住所同一": "1",
        "その他市町村長が必要と認める事項": "",
        "受入対象者": "",
        "備考": ""
      }
    },
    {
      "type": "Feature",
      "geometry": {
        "type": "Point",
        "coordinates": [
          139.998255,
          35.811219
        ]
      },
      "properties": {
        "NO": "1786",
        "共通ID": "E1221700032111",
        "施設・場所名": "柏市高柳近隣センター",
        "住所": "千葉県柏市高柳1652-10",
        "指定緊急避難場所との住所同一": "1",
        "その他市町村長が必要と認める事項": "",
        "受入対象者": "",
        "備考": ""
      }
    },
    {
      "type": "Feature",
      "geometry": {
        "type": "Point",
        "coordinates": [
          140.006451,
          35.804432
        ]
      },
      "properties": {
        "NO": "1787",
        "共通ID": "E1221700033111",
        "施設・場所名": "千葉県立沼南高柳高等学校",
        "住所": "千葉県柏市高柳995",
        "指定緊急避難場所との住所同一": "1",
        "その他市町村長が必要と認める事項": "",
        "受入対象者": "",
        "備考": ""
      }
    },
    {
      "type": "Feature",
      "geometry": {
        "type": "Point",
        "coordinates": [
          139.985096,
          35.885364
        ]
      },
      "properties": {
        "NO": "1788",
        "共通ID": "E1221700034111",
        "施設・場所名": "柏市立富勢中学校",
        "住所": "千葉県柏市根戸467-1",
        "指定緊急避難場所との住所同一": "1",
        "その他市町村長が必要と認める事項": "",
        "受入対象者": "",
        "備考": ""
      }
    },
    {
      "type": "Feature",
      "geometry": {
        "type": "Point",
        "coordinates": [
          139.986266,
          35.88536
        ]
      },
      "properties": {
        "NO": "1789",
        "共通ID": "E1221700035111",
        "施設・場所名": "柏市根戸近隣センター",
        "住所": "千葉県柏市根戸467-178",
        "指定緊急避難場所との住所同一": "1",
        "その他市町村長が必要と認める事項": "",
        "受入対象者": "",
        "備考": ""
      }
    },
    {
      "type": "Feature",
      "geometry": {
        "type": "Point",
        "coordinates": [
          139.956907,
          35.871627
        ]
      },
      "properties": {
        "NO": "1790",
        "共通ID": "E1221700038111",
        "施設・場所名": "柏市立柏第七小学校",
        "住所": "千葉県柏市篠籠田723-1",
        "指定緊急避難場所との住所同一": "1",
        "その他市町村長が必要と認める事項": "",
        "受入対象者": "",
        "備考": ""
      }
    },
    {
      "type": "Feature",
      "geometry": {
        "type": "Point",
        "coordinates": [
          139.952995,
          35.86781
        ]
      },
      "properties": {
        "NO": "1791",
        "共通ID": "E1221700039111",
        "施設・場所名": "柏市立柏第三中学校",
        "住所": "千葉県柏市篠籠田987-1",
        "指定緊急避難場所との住所同一": "1",
        "その他市町村長が必要と認める事項": "",
        "受入対象者": "",
        "備考": ""
      }
    },
    {
      "type": "Feature",
      "geometry": {
        "type": "Point",
        "coordinates": [
          139.971691,
          35.854215
        ]
      },
      "properties": {
        "NO": "1792",
        "共通ID": "E1221700040111",
        "施設・場所名": "柏市立柏第三小学校",
        "住所": "千葉県柏市若葉町4-54",
        "指定緊急避難場所との住所同一": "1",
        "その他市町村長が必要と認める事項": "",
        "受入対象者": "",
        "備考": ""
      }
    },
    {
      "type": "Feature",
      "geometry": {
        "type": "Point",
        "coordinates": [
          140.078208,
          35.839241
        ]
      },
      "properties": {
        "NO": "1793",
        "共通ID": "E1221700041111",
        "施設・場所名": "柏市立手賀東小学校",
        "住所": "千葉県柏市手賀479-7",
        "指定緊急避難場所との住所同一": "1",
        "その他市町村長が必要と認める事項": "",
        "受入対象者": "",
        "備考": ""
      }
    },
    {
      "type": "Feature",
      "geometry": {
        "type": "Point",
        "coordinates": [
          139.963914,
          35.825465
        ]
      },
      "properties": {
        "NO": "1794",
        "共通ID": "E1221700042111",
        "施設・場所名": "柏市立酒井根東小学校",
        "住所": "千葉県柏市酒井根1-2-1",
        "指定緊急避難場所との住所同一": "1",
        "その他市町村長が必要と認める事項": "",
        "受入対象者": "",
        "備考": ""
      }
    },
    {
      "type": "Feature",
      "geometry": {
        "type": "Point",
        "coordinates": [
          139.965833,
          35.823979
        ]
      },
      "properties": {
        "NO": "1795",
        "共通ID": "E1221700043111",
        "施設・場所名": "柏市立酒井根中学校",
        "住所": "千葉県柏市酒井根1-3-1",
        "指定緊急避難場所との住所同一": "1",
        "その他市町村長が必要と認める事項": "",
        "受入対象者": "",
        "備考": ""
      }
    },
    {
      "type": "Feature",
      "geometry": {
        "type": "Point",
        "coordinates": [
          139.96292,
          35.820365
        ]
      },
      "properties": {
        "NO": "1796",
        "共通ID": "E1221700044111",
        "施設・場所名": "柏市立酒井根小学校",
        "住所": "千葉県柏市酒井根19-2",
        "指定緊急避難場所との住所同一": "1",
        "その他市町村長が必要と認める事項": "",
        "受入対象者": "",
        "備考": ""
      }
    },
    {
      "type": "Feature",
      "geometry": {
        "type": "Point",
        "coordinates": [
          139.957139,
          35.818087
        ]
      },
      "properties": {
        "NO": "1797",
        "共通ID": "E1221700046111",
        "施設・場所名": "柏市酒井根近隣センター",
        "住所": "千葉県柏市酒井根653-4",
        "指定緊急避難場所との住所同一": "1",
        "その他市町村長が必要と認める事項": "",
        "受入対象者": "",
        "備考": ""
      }
    },
    {
      "type": "Feature",
      "geometry": {
        "type": "Point",
        "coordinates": [
          139.953421,
          35.818308
        ]
      },
      "properties": {
        "NO": "1798",
        "共通ID": "E1221700047111",
        "施設・場所名": "柏市立酒井根西小学校",
        "住所": "千葉県柏市酒井根662-1",
        "指定緊急避難場所との住所同一": "1",
        "その他市町村長が必要と認める事項": "",
        "受入対象者": "",
        "備考": ""
      }
    },
    {
      "type": "Feature",
      "geometry": {
        "type": "Point",
        "coordinates": [
          139.927916,
          35.906784
        ]
      },
      "properties": {
        "NO": "1799",
        "共通ID": "E1221700048111",
        "施設・場所名": "流通経済大学付属柏高等学校",
        "住所": "千葉県柏市十余二1-20",
        "指定緊急避難場所との住所同一": "1",
        "その他市町村長が必要と認める事項": "",
        "受入対象者": "",
        "備考": ""
      }
    },
    {
      "type": "Feature",
      "geometry": {
        "type": "Point",
        "coordinates": [
          139.960421,
          35.884753
        ]
      },
      "properties": {
        "NO": "1800",
        "共通ID": "E1221700049111",
        "施設・場所名": "柏市青少年センター",
        "住所": "千葉県柏市十余二313-92",
        "指定緊急避難場所との住所同一": "1",
        "その他市町村長が必要と認める事項": "",
        "受入対象者": "",
        "備考": ""
      }
    },
    {
      "type": "Feature",
      "geometry": {
        "type": "Point",
        "coordinates": [
          139.954662,
          35.885681
        ]
      },
      "properties": {
        "NO": "1801",
        "共通ID": "E1221700050111",
        "施設・場所名": "柏市立柏の葉中学校",
        "住所": "千葉県柏市十余二３３７番地９３中央４０５街区1",
        "指定緊急避難場所との住所同一": "1",
        "その他市町村長が必要と認める事項": "",
        "受入対象者": "",
        "備考": ""
      }
    },
    {
      "type": "Feature",
      "geometry": {
        "type": "Point",
        "coordinates": [
          139.952837,
          35.885893
        ]
      },
      "properties": {
        "NO": "1802",
        "共通ID": "E1221700051111",
        "施設・場所名": "柏市立柏の葉小学校",
        "住所": "千葉県柏市十余二３４８番地５１中央４０４街区1",
        "指定緊急避難場所との住所同一": "1",
        "その他市町村長が必要と認める事項": "",
        "受入対象者": "",
        "備考": ""
      }
    },
    {
      "type": "Feature",
      "geometry": {
        "type": "Point",
        "coordinates": [
          139.968525,
          35.874933
        ]
      },
      "properties": {
        "NO": "1803",
        "共通ID": "E1221700052111",
        "施設・場所名": "柏市立柏第四小学校",
        "住所": "千葉県柏市松ケ崎1182-9",
        "指定緊急避難場所との住所同一": "1",
        "その他市町村長が必要と認める事項": "",
        "受入対象者": "",
        "備考": ""
      }
    },
    {
      "type": "Feature",
      "geometry": {
        "type": "Point",
        "coordinates": [
          139.973662,
          35.875135
        ]
      },
      "properties": {
        "NO": "1804",
        "共通ID": "E1221700053111",
        "施設・場所名": "千葉県立柏中央高等学校",
        "住所": "千葉県柏市松ケ崎884-1",
        "指定緊急避難場所との住所同一": "1",
        "その他市町村長が必要と認める事項": "",
        "受入対象者": "",
        "備考": ""
      }
    },
    {
      "type": "Feature",
      "geometry": {
        "type": "Point",
        "coordinates": [
          139.975202,
          35.888482
        ]
      },
      "properties": {
        "NO": "1805",
        "共通ID": "E1221700054111",
        "施設・場所名": "柏市立松葉第二小学校",
        "住所": "千葉県柏市松葉町2-16",
        "指定緊急避難場所との住所同一": "1",
        "その他市町村長が必要と認める事項": "",
        "受入対象者": "",
        "備考": ""
      }
    },
    {
      "type": "Feature",
      "geometry": {
        "type": "Point",
        "coordinates": [
          139.9702,
          35.887386
        ]
      },
      "properties": {
        "NO": "1806",
        "共通ID": "E1221700055111",
        "施設・場所名": "柏市立松葉中学校",
        "住所": "千葉県柏市松葉町3-14",
        "指定緊急避難場所との住所同一": "1",
        "その他市町村長が必要と認める事項": "",
        "受入対象者": "",
        "備考": ""
      }
    },
    {
      "type": "Feature",
      "geometry": {
        "type": "Point",
        "coordinates": [
          139.969703,
          35.889659
        ]
      },
      "properties": {
        "NO": "1807",
        "共通ID": "E1221700056111",
        "施設・場所名": "柏市松葉近隣センター",
        "住所": "千葉県柏市松葉町4-11",
        "指定緊急避難場所との住所同一": "1",
        "その他市町村長が必要と認める事項": "",
        "受入対象者": "",
        "備考": ""
      }
    },
    {
      "type": "Feature",
      "geometry": {
        "type": "Point",
        "coordinates": [
          139.966842,
          35.888865
        ]
      },
      "properties": {
        "NO": "1808",
        "共通ID": "E1221700059111",
        "施設・場所名": "柏市立松葉第一小学校",
        "住所": "千葉県柏市松葉町5-3",
        "指定緊急避難場所との住所同一": "1",
        "その他市町村長が必要と認める事項": "",
        "受入対象者": "",
        "備考": ""
      }
    },
    {
      "type": "Feature",
      "geometry": {
        "type": "Point",
        "coordinates": [
          139.974249,
          35.812185
        ]
      },
      "properties": {
        "NO": "1809",
        "共通ID": "E1221700060111",
        "施設・場所名": "柏市立土南部小学校",
        "住所": "千葉県柏市新逆井1-10-1",
        "指定緊急避難場所との住所同一": "1",
        "その他市町村長が必要と認める事項": "",
        "受入対象者": "",
        "備考": ""
      }
    },
    {
      "type": "Feature",
      "geometry": {
        "type": "Point",
        "coordinates": [
          139.972339,
          35.809518
        ]
      },
      "properties": {
        "NO": "1810",
        "共通ID": "E1221700062111",
        "施設・場所名": "柏市南部近隣センター",
        "住所": "千葉県柏市新逆井2-5-13",
        "指定緊急避難場所との住所同一": "1",
        "その他市町村長が必要と認める事項": "",
        "受入対象者": "",
        "備考": ""
      }
    },
    {
      "type": "Feature",
      "geometry": {
        "type": "Point",
        "coordinates": [
          139.92012,
          35.898216
        ]
      },
      "properties": {
        "NO": "1811",
        "共通ID": "E1221700146113",
        "施設・場所名": "柏市西原近隣センター体育館",
        "住所": "千葉県柏市西原2-10-62",
        "指定緊急避難場所との住所同一": "1",
        "その他市町村長が必要と認める事項": "",
        "受入対象者": "",
        "備考": ""
      }
    },
    {
      "type": "Feature",
      "geometry": {
        "type": "Point",
        "coordinates": [
          139.91998,
          35.896804
        ]
      },
      "properties": {
        "NO": "1812",
        "共通ID": "E1221700064111",
        "施設・場所名": "柏市西原近隣センター",
        "住所": "千葉県柏市西原3-2-48",
        "指定緊急避難場所との住所同一": "1",
        "その他市町村長が必要と認める事項": "",
        "受入対象者": "",
        "備考": ""
      }
    },
    {
      "type": "Feature",
      "geometry": {
        "type": "Point",
        "coordinates": [
          139.92378,
          35.892483
        ]
      },
      "properties": {
        "NO": "1813",
        "共通ID": "E1221700065111",
        "施設・場所名": "柏市立西原小学校",
        "住所": "千葉県柏市西原4-17-1",
        "指定緊急避難場所との住所同一": "1",
        "その他市町村長が必要と認める事項": "",
        "受入対象者": "",
        "備考": ""
      }
    },
    {
      "type": "Feature",
      "geometry": {
        "type": "Point",
        "coordinates": [
          139.924024,
          35.889316
        ]
      },
      "properties": {
        "NO": "1814",
        "共通ID": "E1221700066111",
        "施設・場所名": "柏市立西原中学校",
        "住所": "千葉県柏市西原6-13-1",
        "指定緊急避難場所との住所同一": "1",
        "その他市町村長が必要と認める事項": "",
        "受入対象者": "",
        "備考": ""
      }
    },
    {
      "type": "Feature",
      "geometry": {
        "type": "Point",
        "coordinates": [
          140.04503,
          35.841212
        ]
      },
      "properties": {
        "NO": "1815",
        "共通ID": "E1221700067111",
        "施設・場所名": "柏市立手賀西小学校",
        "住所": "千葉県柏市泉541",
        "指定緊急避難場所との住所同一": "1",
        "その他市町村長が必要と認める事項": "",
        "受入対象者": "",
        "備考": ""
      }
    },
    {
      "type": "Feature",
      "geometry": {
        "type": "Point",
        "coordinates": [
          139.951096,
          35.913666
        ]
      },
      "properties": {
        "NO": "1816",
        "共通ID": "E1221700145111",
        "施設・場所名": "柏市立田中北小学校",
        "住所": "千葉県柏市船戸1-7-1",
        "指定緊急避難場所との住所同一": "1",
        "その他市町村長が必要と認める事項": "",
        "受入対象者": "",
        "備考": ""
      }
    },
    {
      "type": "Feature",
      "geometry": {
        "type": "Point",
        "coordinates": [
          139.939821,
          35.924518
        ]
      },
      "properties": {
        "NO": "1817",
        "共通ID": "E1221700069111",
        "施設・場所名": "柏市立柏高等学校",
        "住所": "千葉県柏市船戸山高野325-1",
        "指定緊急避難場所との住所同一": "1",
        "その他市町村長が必要と認める事項": "",
        "受入対象者": "",
        "備考": ""
      }
    },
    {
      "type": "Feature",
      "geometry": {
        "type": "Point",
        "coordinates": [
          139.947162,
          35.92734
        ]
      },
      "properties": {
        "NO": "1818",
        "共通ID": "E1221700070111",
        "施設・場所名": "柏寿荘",
        "住所": "千葉県柏市船戸山高野535",
        "指定緊急避難場所との住所同一": "1",
        "その他市町村長が必要と認める事項": "",
        "受入対象者": "",
        "備考": ""
      }
    },
    {
      "type": "Feature",
      "geometry": {
        "type": "Point",
        "coordinates": [
          139.97582,
          35.834108
        ]
      },
      "properties": {
        "NO": "1819",
        "共通ID": "E1221700071111",
        "施設・場所名": "柏市立土中学校",
        "住所": "千葉県柏市増尾1-23-1",
        "指定緊急避難場所との住所同一": "1",
        "その他市町村長が必要と認める事項": "",
        "受入対象者": "",
        "備考": ""
      }
    },
    {
      "type": "Feature",
      "geometry": {
        "type": "Point",
        "coordinates": [
          139.976962,
          35.837557
        ]
      },
      "properties": {
        "NO": "1820",
        "共通ID": "E1221700072111",
        "施設・場所名": "千葉県立柏南高等学校",
        "住所": "千葉県柏市増尾1705",
        "指定緊急避難場所との住所同一": "1",
        "その他市町村長が必要と認める事項": "",
        "受入対象者": "",
        "備考": ""
      }
    },
    {
      "type": "Feature",
      "geometry": {
        "type": "Point",
        "coordinates": [
          139.979618,
          35.834413
        ]
      },
      "properties": {
        "NO": "1821",
        "共通ID": "E1221700073111",
        "施設・場所名": "柏市増尾近隣センター",
        "住所": "千葉県柏市増尾3-1-1",
        "指定緊急避難場所との住所同一": "1",
        "その他市町村長が必要と認める事項": "",
        "受入対象者": "",
        "備考": ""
      }
    },
    {
      "type": "Feature",
      "geometry": {
        "type": "Point",
        "coordinates": [
          139.982,
          35.834539
        ]
      },
      "properties": {
        "NO": "1822",
        "共通ID": "E1221700074111",
        "施設・場所名": "柏市立土小学校",
        "住所": "千葉県柏市増尾4-4-1",
        "指定緊急避難場所との住所同一": "1",
        "その他市町村長が必要と認める事項": "",
        "受入対象者": "",
        "備考": ""
      }
    },
    {
      "type": "Feature",
      "geometry": {
        "type": "Point",
        "coordinates": [
          139.974717,
          35.825145
        ]
      },
      "properties": {
        "NO": "1823",
        "共通ID": "E1221700076111",
        "施設・場所名": "柏市立増尾西小学校",
        "住所": "千葉県柏市増尾台3-5-9",
        "指定緊急避難場所との住所同一": "1",
        "その他市町村長が必要と認める事項": "",
        "受入対象者": "",
        "備考": ""
      }
    },
    {
      "type": "Feature",
      "geometry": {
        "type": "Point",
        "coordinates": [
          140.007693,
          35.844231
        ]
      },
      "properties": {
        "NO": "1824",
        "共通ID": "E1221700077111",
        "施設・場所名": "柏市立風早北部小学校",
        "住所": "千葉県柏市大井1854-1",
        "指定緊急避難場所との住所同一": "1",
        "その他市町村長が必要と認める事項": "",
        "受入対象者": "",
        "備考": ""
      }
    },
    {
      "type": "Feature",
      "geometry": {
        "type": "Point",
        "coordinates": [
          140.012543,
          35.852299
        ]
      },
      "properties": {
        "NO": "1825",
        "共通ID": "E1221700078111",
        "施設・場所名": "二松学舎大学",
        "住所": "千葉県柏市大井2590",
        "指定緊急避難場所との住所同一": "1",
        "その他市町村長が必要と認める事項": "",
        "受入対象者": "",
        "備考": ""
      }
    },
    {
      "type": "Feature",
      "geometry": {
        "type": "Point",
        "coordinates": [
          139.963569,
          35.901581
        ]
      },
      "properties": {
        "NO": "1826",
        "共通ID": "E1221700080111",
        "施設・場所名": "柏市立田中小学校",
        "住所": "千葉県柏市大室1193-3",
        "指定緊急避難場所との住所同一": "1",
        "その他市町村長が必要と認める事項": "",
        "受入対象者": "",
        "備考": ""
      }
    },
    {
      "type": "Feature",
      "geometry": {
        "type": "Point",
        "coordinates": [
          139.958712,
          35.903909
        ]
      },
      "properties": {
        "NO": "1827",
        "共通ID": "E1221700083111",
        "施設・場所名": "柏市田中近隣センター",
        "住所": "千葉県柏市大室249-1",
        "指定緊急避難場所との住所同一": "1",
        "その他市町村長が必要と認める事項": "",
        "受入対象者": "",
        "備考": ""
      }
    },
    {
      "type": "Feature",
      "geometry": {
        "type": "Point",
        "coordinates": [
          139.95692,
          35.904605
        ]
      },
      "properties": {
        "NO": "1828",
        "共通ID": "E1221700084111",
        "施設・場所名": "柏市立田中中学校",
        "住所": "千葉県柏市大室249-9",
        "指定緊急避難場所との住所同一": "1",
        "その他市町村長が必要と認める事項": "",
        "受入対象者": "",
        "備考": ""
      }
    },
    {
      "type": "Feature",
      "geometry": {
        "type": "Point",
        "coordinates": [
          139.941886,
          35.913519
        ]
      },
      "properties": {
        "NO": "1829",
        "共通ID": "E1221700086111",
        "施設・場所名": "柏市北部近隣センター",
        "住所": "千葉県柏市大青田1541-2",
        "指定緊急避難場所との住所同一": "1",
        "その他市町村長が必要と認める事項": "",
        "受入対象者": "",
        "備考": ""
      }
    },
    {
      "type": "Feature",
      "geometry": {
        "type": "Point",
        "coordinates": [
          140.002629,
          35.844422
        ]
      },
      "properties": {
        "NO": "1830",
        "共通ID": "E1221700087111",
        "施設・場所名": "柏市立大津ケ丘中学校",
        "住所": "千葉県柏市大津ケ丘1-25",
        "指定緊急避難場所との住所同一": "1",
        "その他市町村長が必要と認める事項": "",
        "受入対象者": "",
        "備考": ""
      }
    },
    {
      "type": "Feature",
      "geometry": {
        "type": "Point",
        "coordinates": [
          139.996348,
          35.839586
        ]
      },
      "properties": {
        "NO": "1831",
        "共通ID": "E1221700089111",
        "施設・場所名": "柏市立大津ケ丘第一小学校",
        "住所": "千葉県柏市大津ケ丘3-50",
        "指定緊急避難場所との住所同一": "1",
        "その他市町村長が必要と認める事項": "",
        "受入対象者": "",
        "備考": ""
      }
    },
    {
      "type": "Feature",
      "geometry": {
        "type": "Point",
        "coordinates": [
          140.00308,
          35.836168
        ]
      },
      "properties": {
        "NO": "1832",
        "共通ID": "E1221700090111",
        "施設・場所名": "柏市立大津ケ丘第二小学校",
        "住所": "千葉県柏市大津ケ丘4-8",
        "指定緊急避難場所との住所同一": "1",
        "その他市町村長が必要と認める事項": "",
        "受入対象者": "",
        "備考": ""
      }
    },
    {
      "type": "Feature",
      "geometry": {
        "type": "Point",
        "coordinates": [
          140.006901,
          35.841457
        ]
      },
      "properties": {
        "NO": "1833",
        "共通ID": "E1221700149111",
        "施設・場所名": "柏市沼南近隣センター",
        "住所": "千葉県柏市大島田21-2",
        "指定緊急避難場所との住所同一": "1",
        "その他市町村長が必要と認める事項": "",
        "受入対象者": "",
        "備考": ""
      }
    },
    {
      "type": "Feature",
      "geometry": {
        "type": "Point",
        "coordinates": [
          139.971265,
          35.837187
        ]
      },
      "properties": {
        "NO": "1834",
        "共通ID": "E1221700092111",
        "施設・場所名": "柏市立中原中学校",
        "住所": "千葉県柏市中原1816-2",
        "指定緊急避難場所との住所同一": "1",
        "その他市町村長が必要と認める事項": "",
        "受入対象者": "",
        "備考": ""
      }
    },
    {
      "type": "Feature",
      "geometry": {
        "type": "Point",
        "coordinates": [
          139.971453,
          35.835765
        ]
      },
      "properties": {
        "NO": "1835",
        "共通ID": "E1221700093111",
        "施設・場所名": "柏市立中原小学校",
        "住所": "千葉県柏市中原1821-1",
        "指定緊急避難場所との住所同一": "1",
        "その他市町村長が必要と認める事項": "",
        "受入対象者": "",
        "備考": ""
      }
    },
    {
      "type": "Feature",
      "geometry": {
        "type": "Point",
        "coordinates": [
          140.003745,
          35.83108
        ]
      },
      "properties": {
        "NO": "1836",
        "共通ID": "E1221700094111",
        "施設・場所名": "柏市立風早中学校",
        "住所": "千葉県柏市塚崎1319",
        "指定緊急避難場所との住所同一": "1",
        "その他市町村長が必要と認める事項": "",
        "受入対象者": "",
        "備考": ""
      }
    },
    {
      "type": "Feature",
      "geometry": {
        "type": "Point",
        "coordinates": [
          140.00845,
          35.830449
        ]
      },
      "properties": {
        "NO": "1837",
        "共通ID": "E1221700095111",
        "施設・場所名": "沼南老人福祉センターいこい荘",
        "住所": "千葉県柏市塚崎1356",
        "指定緊急避難場所との住所同一": "1",
        "その他市町村長が必要と認める事項": "",
        "受入対象者": "",
        "備考": ""
      }
    },
    {
      "type": "Feature",
      "geometry": {
        "type": "Point",
        "coordinates": [
          139.985782,
          35.849843
        ]
      },
      "properties": {
        "NO": "1838",
        "共通ID": "E1221700096111",
        "施設・場所名": "柏市新田原近隣センター",
        "住所": "千葉県柏市東柏2-2-15",
        "指定緊急避難場所との住所同一": "1",
        "その他市町村長が必要と認める事項": "",
        "受入対象者": "",
        "備考": ""
      }
    },
    {
      "type": "Feature",
      "geometry": {
        "type": "Point",
        "coordinates": [
          140.023458,
          35.809284
        ]
      },
      "properties": {
        "NO": "1839",
        "共通ID": "E1221700098111",
        "施設・場所名": "藤ケ谷区民館",
        "住所": "千葉県柏市藤ケ谷558",
        "指定緊急避難場所との住所同一": "1",
        "その他市町村長が必要と認める事項": "",
        "受入対象者": "",
        "備考": ""
      }
    },
    {
      "type": "Feature",
      "geometry": {
        "type": "Point",
        "coordinates": [
          140.017891,
          35.817935
        ]
      },
      "properties": {
        "NO": "1840",
        "共通ID": "E1221700099111",
        "施設・場所名": "柏市立風早南部小学校",
        "住所": "千葉県柏市藤ケ谷新田111-2",
        "指定緊急避難場所との住所同一": "1",
        "その他市町村長が必要と認める事項": "",
        "受入対象者": "",
        "備考": ""
      }
    },
    {
      "type": "Feature",
      "geometry": {
        "type": "Point",
        "coordinates": [
          140.02378,
          35.798463
        ]
      },
      "properties": {
        "NO": "1841",
        "共通ID": "E1222400025111",
        "施設・場所名": "海上自衛隊下総航空基地（体育館）",
        "住所": "千葉県柏市藤ヶ谷1614-1",
        "指定緊急避難場所との住所同一": "1",
        "その他市町村長が必要と認める事項": null,
        "受入対象者": null,
        "備考": ""
      }
    },
    {
      "type": "Feature",
      "geometry": {
        "type": "Point",
        "coordinates": [
          139.995598,
          35.824476
        ]
      },
      "properties": {
        "NO": "1842",
        "共通ID": "E1221700100111",
        "施設・場所名": "南部老人福祉センターかたくりの里",
        "住所": "千葉県柏市藤心293-1",
        "指定緊急避難場所との住所同一": "1",
        "その他市町村長が必要と認める事項": "",
        "受入対象者": "",
        "備考": ""
      }
    },
    {
      "type": "Feature",
      "geometry": {
        "type": "Point",
        "coordinates": [
          139.988886,
          35.822934
        ]
      },
      "properties": {
        "NO": "1843",
        "共通ID": "E1221700101111",
        "施設・場所名": "柏市藤心近隣センター",
        "住所": "千葉県柏市藤心4-1-11",
        "指定緊急避難場所との住所同一": "1",
        "その他市町村長が必要と認める事項": "",
        "受入対象者": "",
        "備考": ""
      }
    },
    {
      "type": "Feature",
      "geometry": {
        "type": "Point",
        "coordinates": [
          139.992424,
          35.820644
        ]
      },
      "properties": {
        "NO": "1844",
        "共通ID": "E1221700102111",
        "施設・場所名": "柏市立藤心小学校",
        "住所": "千葉県柏市藤心880-1",
        "指定緊急避難場所との住所同一": "1",
        "その他市町村長が必要と認める事項": "",
        "受入対象者": "",
        "備考": ""
      }
    },
    {
      "type": "Feature",
      "geometry": {
        "type": "Point",
        "coordinates": [
          139.971893,
          35.806709
        ]
      },
      "properties": {
        "NO": "1845",
        "共通ID": "E1221700148112",
        "施設・場所名": "柏市南部近隣センター体育館",
        "住所": "千葉県柏市南逆井1-20-1",
        "指定緊急避難場所との住所同一": "1",
        "その他市町村長が必要と認める事項": "",
        "受入対象者": "",
        "備考": ""
      }
    },
    {
      "type": "Feature",
      "geometry": {
        "type": "Point",
        "coordinates": [
          139.973037,
          35.817163
        ]
      },
      "properties": {
        "NO": "1846",
        "共通ID": "E1221700104111",
        "施設・場所名": "柏リフレッシュ公園リフレッシュプラザ柏",
        "住所": "千葉県柏市南増尾58-3",
        "指定緊急避難場所との住所同一": "1",
        "その他市町村長が必要と認める事項": "",
        "受入対象者": "",
        "備考": ""
      }
    },
    {
      "type": "Feature",
      "geometry": {
        "type": "Point",
        "coordinates": [
          139.964299,
          35.809324
        ]
      },
      "properties": {
        "NO": "1847",
        "共通ID": "E1221700105111",
        "施設・場所名": "柏市立南部中学校",
        "住所": "千葉県柏市南増尾6-16-1",
        "指定緊急避難場所との住所同一": "1",
        "その他市町村長が必要と認める事項": "",
        "受入対象者": "",
        "備考": ""
      }
    },
    {
      "type": "Feature",
      "geometry": {
        "type": "Point",
        "coordinates": [
          139.976642,
          35.8669
        ]
      },
      "properties": {
        "NO": "1848",
        "共通ID": "E1221700108111",
        "施設・場所名": "柏市中央公民館",
        "住所": "千葉県柏市柏5-8-12",
        "指定緊急避難場所との住所同一": "1",
        "その他市町村長が必要と認める事項": "",
        "受入対象者": "",
        "備考": ""
      }
    },
    {
      "type": "Feature",
      "geometry": {
        "type": "Point",
        "coordinates": [
          139.975907,
          35.863139
        ]
      },
      "properties": {
        "NO": "1849",
        "共通ID": "E1221700109111",
        "施設・場所名": "アミュゼ柏",
        "住所": "千葉県柏市柏6-2-22",
        "指定緊急避難場所との住所同一": "1",
        "その他市町村長が必要と認める事項": "",
        "受入対象者": "",
        "備考": ""
      }
    },
    {
      "type": "Feature",
      "geometry": {
        "type": "Point",
        "coordinates": [
          139.983406,
          35.862555
        ]
      },
      "properties": {
        "NO": "1850",
        "共通ID": "E1221700110111",
        "施設・場所名": "柏市立柏第五小学校",
        "住所": "千葉県柏市柏932-7",
        "指定緊急避難場所との住所同一": "1",
        "その他市町村長が必要と認める事項": "",
        "受入対象者": "",
        "備考": ""
      }
    },
    {
      "type": "Feature",
      "geometry": {
        "type": "Point",
        "coordinates": [
          139.933171,
          35.898131
        ]
      },
      "properties": {
        "NO": "1851",
        "共通ID": "E1221700113111",
        "施設・場所名": "柏市立十余二小学校",
        "住所": "千葉県柏市柏の葉4-4-1",
        "指定緊急避難場所との住所同一": "1",
        "その他市町村長が必要と認める事項": "",
        "受入対象者": "",
        "備考": ""
      }
    },
    {
      "type": "Feature",
      "geometry": {
        "type": "Point",
        "coordinates": [
          139.944793,
          35.891834
        ]
      },
      "properties": {
        "NO": "1852",
        "共通ID": "E1221700114111",
        "施設・場所名": "千葉県立柏の葉高等学校",
        "住所": "千葉県柏市柏の葉6-1",
        "指定緊急避難場所との住所同一": "1",
        "その他市町村長が必要と認める事項": "",
        "受入対象者": "",
        "備考": ""
      }
    },
    {
      "type": "Feature",
      "geometry": {
        "type": "Point",
        "coordinates": [
          139.984008,
          35.867099
        ]
      },
      "properties": {
        "NO": "1853",
        "共通ID": "E1221700115111",
        "施設・場所名": "柏市民文化会館",
        "住所": "千葉県柏市柏下107",
        "指定緊急避難場所との住所同一": "1",
        "その他市町村長が必要と認める事項": "",
        "受入対象者": "",
        "備考": ""
      }
    },
    {
      "type": "Feature",
      "geometry": {
        "type": "Point",
        "coordinates": [
          139.985225,
          35.86773
        ]
      },
      "properties": {
        "NO": "1854",
        "共通ID": "E1221700117111",
        "施設・場所名": "柏市中央体育館",
        "住所": "千葉県柏市柏下73",
        "指定緊急避難場所との住所同一": "1",
        "その他市町村長が必要と認める事項": "",
        "受入対象者": "",
        "備考": ""
      }
    },
    {
      "type": "Feature",
      "geometry": {
        "type": "Point",
        "coordinates": [
          139.964707,
          35.852475
        ]
      },
      "properties": {
        "NO": "1855",
        "共通ID": "E1221700118111",
        "施設・場所名": "柏市富里近隣センター",
        "住所": "千葉県柏市富里2-4-4",
        "指定緊急避難場所との住所同一": "1",
        "その他市町村長が必要と認める事項": "",
        "受入対象者": "",
        "備考": ""
      }
    },
    {
      "type": "Feature",
      "geometry": {
        "type": "Point",
        "coordinates": [
          139.997798,
          35.891866
        ]
      },
      "properties": {
        "NO": "1856",
        "共通ID": "E1221700119111",
        "施設・場所名": "柏市布施近隣センター",
        "住所": "千葉県柏市布施1196-5",
        "指定緊急避難場所との住所同一": "1",
        "その他市町村長が必要と認める事項": "",
        "受入対象者": "",
        "備考": ""
      }
    },
    {
      "type": "Feature",
      "geometry": {
        "type": "Point",
        "coordinates": [
          140.007475,
          35.893003
        ]
      },
      "properties": {
        "NO": "1857",
        "共通ID": "E1221700121111",
        "施設・場所名": "柏市立富勢東小学校",
        "住所": "千葉県柏市布施2176-2",
        "指定緊急避難場所との住所同一": "1",
        "その他市町村長が必要と認める事項": "",
        "受入対象者": "",
        "備考": ""
      }
    },
    {
      "type": "Feature",
      "geometry": {
        "type": "Point",
        "coordinates": [
          139.989431,
          35.892539
        ]
      },
      "properties": {
        "NO": "1858",
        "共通ID": "E1221700122111",
        "施設・場所名": "千葉県立柏高等学校",
        "住所": "千葉県柏市布施254",
        "指定緊急避難場所との住所同一": "1",
        "その他市町村長が必要と認める事項": "",
        "受入対象者": "",
        "備考": ""
      }
    },
    {
      "type": "Feature",
      "geometry": {
        "type": "Point",
        "coordinates": [
          139.987646,
          35.890757
        ]
      },
      "properties": {
        "NO": "1859",
        "共通ID": "E1221700123111",
        "施設・場所名": "柏市立富勢西小学校",
        "住所": "千葉県柏市布施84-2",
        "指定緊急避難場所との住所同一": "1",
        "その他市町村長が必要と認める事項": "",
        "受入対象者": "",
        "備考": ""
      }
    },
    {
      "type": "Feature",
      "geometry": {
        "type": "Point",
        "coordinates": [
          139.992852,
          35.887503
        ]
      },
      "properties": {
        "NO": "1860",
        "共通ID": "E1221700124111",
        "施設・場所名": "柏市立富勢小学校",
        "住所": "千葉県柏市布施925-1",
        "指定緊急避難場所との住所同一": "1",
        "その他市町村長が必要と認める事項": "",
        "受入対象者": "",
        "備考": ""
      }
    },
    {
      "type": "Feature",
      "geometry": {
        "type": "Point",
        "coordinates": [
          139.950303,
          35.861251
        ]
      },
      "properties": {
        "NO": "1861",
        "共通ID": "E1221700128111",
        "施設・場所名": "柏市立豊四季中学校",
        "住所": "千葉県柏市豊四季287-7",
        "指定緊急避難場所との住所同一": "1",
        "その他市町村長が必要と認める事項": "",
        "受入対象者": "",
        "備考": ""
      }
    },
    {
      "type": "Feature",
      "geometry": {
        "type": "Point",
        "coordinates": [
          139.949554,
          35.85909
        ]
      },
      "properties": {
        "NO": "1862",
        "共通ID": "E1221700129111",
        "施設・場所名": "柏市立柏第二小学校",
        "住所": "千葉県柏市豊四季310",
        "指定緊急避難場所との住所同一": "1",
        "その他市町村長が必要と認める事項": "",
        "受入対象者": "",
        "備考": ""
      }
    },
    {
      "type": "Feature",
      "geometry": {
        "type": "Point",
        "coordinates": [
          139.962586,
          35.844062
        ]
      },
      "properties": {
        "NO": "1863",
        "共通ID": "E1221700130111",
        "施設・場所名": "柏市立豊小学校",
        "住所": "千葉県柏市豊四季610-2",
        "指定緊急避難場所との住所同一": "1",
        "その他市町村長が必要と認める事項": "",
        "受入対象者": "",
        "備考": ""
      }
    },
    {
      "type": "Feature",
      "geometry": {
        "type": "Point",
        "coordinates": [
          139.948887,
          35.857973
        ]
      },
      "properties": {
        "NO": "1864",
        "共通ID": "E1221700131111",
        "施設・場所名": "柏市新富近隣センター",
        "住所": "千葉県柏市豊四季945-1",
        "指定緊急避難場所との住所同一": "1",
        "その他市町村長が必要と認める事項": "",
        "受入対象者": "",
        "備考": ""
      }
    },
    {
      "type": "Feature",
      "geometry": {
        "type": "Point",
        "coordinates": [
          139.959788,
          35.866599
        ]
      },
      "properties": {
        "NO": "1865",
        "共通ID": "E1221700133111",
        "施設・場所名": "柏市豊四季台近隣センター",
        "住所": "千葉県柏市豊四季台1-1-116",
        "指定緊急避難場所との住所同一": "1",
        "その他市町村長が必要と認める事項": "",
        "受入対象者": "",
        "備考": ""
      }
    },
    {
      "type": "Feature",
      "geometry": {
        "type": "Point",
        "coordinates": [
          139.954647,
          35.863369
        ]
      },
      "properties": {
        "NO": "1866",
        "共通ID": "E1221700134111",
        "施設・場所名": "柏市立柏第六小学校",
        "住所": "千葉県柏市豊四季台4-2-1",
        "指定緊急避難場所との住所同一": "1",
        "その他市町村長が必要と認める事項": "",
        "受入対象者": "",
        "備考": ""
      }
    },
    {
      "type": "Feature",
      "geometry": {
        "type": "Point",
        "coordinates": [
          139.976715,
          35.84624
        ]
      },
      "properties": {
        "NO": "1867",
        "共通ID": "E1221700137111",
        "施設・場所名": "柏市立柏第四中学校",
        "住所": "千葉県柏市名戸ケ谷1-6-8",
        "指定緊急避難場所との住所同一": "1",
        "その他市町村長が必要と認める事項": "",
        "受入対象者": "",
        "備考": ""
      }
    },
    {
      "type": "Feature",
      "geometry": {
        "type": "Point",
        "coordinates": [
          139.985047,
          35.846947
        ]
      },
      "properties": {
        "NO": "1868",
        "共通ID": "E1221700138111",
        "施設・場所名": "柏市立名戸ケ谷小学校",
        "住所": "千葉県柏市名戸ケ谷474-1",
        "指定緊急避難場所との住所同一": "1",
        "その他市町村長が必要と認める事項": "",
        "受入対象者": "",
        "備考": ""
      }
    },
    {
      "type": "Feature",
      "geometry": {
        "type": "Point",
        "coordinates": [
          139.963041,
          35.864642
        ]
      },
      "properties": {
        "NO": "1869",
        "共通ID": "E1221700140111",
        "施設・場所名": "柏市立柏中学校",
        "住所": "千葉県柏市明原4-1-1",
        "指定緊急避難場所との住所同一": "1",
        "その他市町村長が必要と認める事項": "",
        "受入対象者": "",
        "備考": ""
      }
    },
    {
      "type": "Feature",
      "geometry": {
        "type": "Point",
        "coordinates": [
          139.985466,
          35.857024
        ]
      },
      "properties": {
        "NO": "1870",
        "共通ID": "E1221700141111",
        "施設・場所名": "柏市立柏第二中学校",
        "住所": "千葉県柏市弥生町6-6",
        "指定緊急避難場所との住所同一": "1",
        "その他市町村長が必要と認める事項": "",
        "受入対象者": "",
        "備考": ""
      }
    },
    {
      "type": "Feature",
      "geometry": {
        "type": "Point",
        "coordinates": [
          140.057631,
          35.837685
        ]
      },
      "properties": {
        "NO": "1871",
        "共通ID": "E1221700142111",
        "施設・場所名": "柏市手賀近隣センター",
        "住所": "千葉県柏市柳戸511-11",
        "指定緊急避難場所との住所同一": "1",
        "その他市町村長が必要と認める事項": "",
        "受入対象者": "",
        "備考": ""
      }
    },
    {
      "type": "Feature",
      "geometry": {
        "type": "Point",
        "coordinates": [
          140.050712,
          35.836688
        ]
      },
      "properties": {
        "NO": "1872",
        "共通ID": "E1221700143111",
        "施設・場所名": "柏市立手賀中学校",
        "住所": "千葉県柏市柳戸690",
        "指定緊急避難場所との住所同一": "1",
        "その他市町村長が必要と認める事項": "",
        "受入対象者": "",
        "備考": ""
      }
    },
    {
      "type": "Feature",
      "geometry": {
        "type": "Point",
        "coordinates": [
          140.05528,
          35.794754
        ]
      },
      "properties": {
        "NO": "1873",
        "共通ID": "E1223200001111",
        "施設・場所名": "白井第一小学校",
        "住所": "千葉県白井市根105",
        "指定緊急避難場所との住所同一": "1",
        "その他市町村長が必要と認める事項": "",
        "受入対象者": "",
        "備考": ""
      }
    },
    {
      "type": "Feature",
      "geometry": {
        "type": "Point",
        "coordinates": [
          140.029667,
          35.774576
        ]
      },
      "properties": {
        "NO": "1874",
        "共通ID": "E1223200002111",
        "施設・場所名": "白井第三小学校",
        "住所": "千葉県白井市根336-15",
        "指定緊急避難場所との住所同一": "1",
        "その他市町村長が必要と認める事項": "",
        "受入対象者": "",
        "備考": ""
      }
    },
    {
      "type": "Feature",
      "geometry": {
        "type": "Point",
        "coordinates": [
          140.057413,
          35.800373
        ]
      },
      "properties": {
        "NO": "1875",
        "共通ID": "E1223200003111",
        "施設・場所名": "白井中学校",
        "住所": "千葉県白井市根54",
        "指定緊急避難場所との住所同一": "1",
        "その他市町村長が必要と認める事項": "",
        "受入対象者": "",
        "備考": ""
      }
    },
    {
      "type": "Feature",
      "geometry": {
        "type": "Point",
        "coordinates": [
          140.102222,
          35.801312
        ]
      },
      "properties": {
        "NO": "1876",
        "共通ID": "E1223200004111",
        "施設・場所名": "桜台センター",
        "住所": "千葉県白井市桜台2-14",
        "指定緊急避難場所との住所同一": "1",
        "その他市町村長が必要と認める事項": null,
        "受入対象者": null,
        "備考": ""
      }
    },
    {
      "type": "Feature",
      "geometry": {
        "type": "Point",
        "coordinates": [
          140.104727,
          35.800563
        ]
      },
      "properties": {
        "NO": "1877",
        "共通ID": "E1223200005121",
        "施設・場所名": "桜台保育園",
        "住所": "千葉県白井市桜台2-9",
        "指定緊急避難場所との住所同一": "",
        "その他市町村長が必要と認める事項": null,
        "受入対象者": "乳幼児、妊産婦",
        "備考": ""
      }
    },
    {
      "type": "Feature",
      "geometry": {
        "type": "Point",
        "coordinates": [
          140.101232,
          35.802562
        ]
      },
      "properties": {
        "NO": "1878",
        "共通ID": "E1223200006111",
        "施設・場所名": "桜台中学校",
        "住所": "千葉県白井市桜台3-27",
        "指定緊急避難場所との住所同一": "1",
        "その他市町村長が必要と認める事項": "",
        "受入対象者": "",
        "備考": ""
      }
    },
    {
      "type": "Feature",
      "geometry": {
        "type": "Point",
        "coordinates": [
          140.099941,
          35.802142
        ]
      },
      "properties": {
        "NO": "1879",
        "共通ID": "E1223200007111",
        "施設・場所名": "桜台小学校",
        "住所": "千葉県白井市桜台3-28",
        "指定緊急避難場所との住所同一": "1",
        "その他市町村長が必要と認める事項": "",
        "受入対象者": "",
        "備考": ""
      }
    },
    {
      "type": "Feature",
      "geometry": {
        "type": "Point",
        "coordinates": [
          140.04039,
          35.794621
        ]
      },
      "properties": {
        "NO": "1880",
        "共通ID": "E1223200008111",
        "施設・場所名": "七次台中学校",
        "住所": "千葉県白井市七次台1-21-1",
        "指定緊急避難場所との住所同一": "1",
        "その他市町村長が必要と認める事項": "",
        "受入対象者": "",
        "備考": ""
      }
    },
    {
      "type": "Feature",
      "geometry": {
        "type": "Point",
        "coordinates": [
          140.042143,
          35.798275
        ]
      },
      "properties": {
        "NO": "1881",
        "共通ID": "E1223200009111",
        "施設・場所名": "七次台小学校",
        "住所": "千葉県白井市七次台3-17-1",
        "指定緊急避難場所との住所同一": "1",
        "その他市町村長が必要と認める事項": "",
        "受入対象者": "",
        "備考": ""
      }
    },
    {
      "type": "Feature",
      "geometry": {
        "type": "Point",
        "coordinates": [
          140.09463,
          35.798308
        ]
      },
      "properties": {
        "NO": "1882",
        "共通ID": "E1223200011121",
        "施設・場所名": "福祉センター",
        "住所": "千葉県白井市清戸766-1",
        "指定緊急避難場所との住所同一": "",
        "その他市町村長が必要と認める事項": null,
        "受入対象者": "要配慮者",
        "備考": ""
      }
    },
    {
      "type": "Feature",
      "geometry": {
        "type": "Point",
        "coordinates": [
          140.032765,
          35.78581
        ]
      },
      "properties": {
        "NO": "1883",
        "共通ID": "E1223200012111",
        "施設・場所名": "西白井複合センター",
        "住所": "千葉県白井市清水口1-2-1",
        "指定緊急避難場所との住所同一": "1",
        "その他市町村長が必要と認める事項": null,
        "受入対象者": null,
        "備考": ""
      }
    },
    {
      "type": "Feature",
      "geometry": {
        "type": "Point",
        "coordinates": [
          140.034576,
          35.789566
        ]
      },
      "properties": {
        "NO": "1884",
        "共通ID": "E1223200014111",
        "施設・場所名": "清水口小学校",
        "住所": "千葉県白井市清水口2-3-1",
        "指定緊急避難場所との住所同一": "1",
        "その他市町村長が必要と認める事項": "",
        "受入対象者": "",
        "備考": ""
      }
    },
    {
      "type": "Feature",
      "geometry": {
        "type": "Point",
        "coordinates": [
          140.032678,
          35.787479
        ]
      },
      "properties": {
        "NO": "1885",
        "共通ID": "E1223200015121",
        "施設・場所名": "清水口保育園",
        "住所": "千葉県白井市清水口2-8-1",
        "指定緊急避難場所との住所同一": "",
        "その他市町村長が必要と認める事項": null,
        "受入対象者": "乳幼児、妊産婦",
        "備考": ""
      }
    },
    {
      "type": "Feature",
      "geometry": {
        "type": "Point",
        "coordinates": [
          140.030248,
          35.797443
        ]
      },
      "properties": {
        "NO": "1886",
        "共通ID": "E1223200016111",
        "施設・場所名": "西白井コミュニティプラザ",
        "住所": "千葉県白井市西白井2-16-1",
        "指定緊急避難場所との住所同一": "1",
        "その他市町村長が必要と認める事項": null,
        "受入対象者": null,
        "備考": ""
      }
    },
    {
      "type": "Feature",
      "geometry": {
        "type": "Point",
        "coordinates": [
          140.022449,
          35.788107
        ]
      },
      "properties": {
        "NO": "1887",
        "共通ID": "E1223200018111",
        "施設・場所名": "大山口中学校",
        "住所": "千葉県白井市大山口2-1-1",
        "指定緊急避難場所との住所同一": "1",
        "その他市町村長が必要と認める事項": "",
        "受入対象者": "",
        "備考": ""
      }
    },
    {
      "type": "Feature",
      "geometry": {
        "type": "Point",
        "coordinates": [
          140.024975,
          35.786858
        ]
      },
      "properties": {
        "NO": "1888",
        "共通ID": "E1223200019111",
        "施設・場所名": "大山口小学校",
        "住所": "千葉県白井市大山口2-2-1",
        "指定緊急避難場所との住所同一": "1",
        "その他市町村長が必要と認める事項": "",
        "受入対象者": "",
        "備考": ""
      }
    },
    {
      "type": "Feature",
      "geometry": {
        "type": "Point",
        "coordinates": [
          140.055184,
          35.775867
        ]
      },
      "properties": {
        "NO": "1889",
        "共通ID": "E1223200020111",
        "施設・場所名": "白井高等学校",
        "住所": "千葉県白井市池の上1-8-1",
        "指定緊急避難場所との住所同一": "1",
        "その他市町村長が必要と認める事項": "",
        "受入対象者": "",
        "備考": ""
      }
    },
    {
      "type": "Feature",
      "geometry": {
        "type": "Point",
        "coordinates": [
          140.048405,
          35.778189
        ]
      },
      "properties": {
        "NO": "1890",
        "共通ID": "E1223200021111",
        "施設・場所名": "池の上小学校",
        "住所": "千葉県白井市池の上2-21",
        "指定緊急避難場所との住所同一": "1",
        "その他市町村長が必要と認める事項": "",
        "受入対象者": "",
        "備考": ""
      }
    },
    {
      "type": "Feature",
      "geometry": {
        "type": "Point",
        "coordinates": [
          140.046359,
          35.819013
        ]
      },
      "properties": {
        "NO": "1891",
        "共通ID": "E1223200023111",
        "施設・場所名": "白井第二小学校",
        "住所": "千葉県白井市中181-2",
        "指定緊急避難場所との住所同一": "1",
        "その他市町村長が必要と認める事項": "",
        "受入対象者": "",
        "備考": ""
      }
    },
    {
      "type": "Feature",
      "geometry": {
        "type": "Point",
        "coordinates": [
          140.052667,
          35.824114
        ]
      },
      "properties": {
        "NO": "1892",
        "共通ID": "E1223200024111",
        "施設・場所名": "公民センター",
        "住所": "千葉県白井市中98-17",
        "指定緊急避難場所との住所同一": "1",
        "その他市町村長が必要と認める事項": null,
        "受入対象者": null,
        "備考": ""
      }
    },
    {
      "type": "Feature",
      "geometry": {
        "type": "Point",
        "coordinates": [
          140.05935,
          35.78069
        ]
      },
      "properties": {
        "NO": "1893",
        "共通ID": "E1223200026111",
        "施設・場所名": "南山中学校",
        "住所": "千葉県白井市南山1-6-1",
        "指定緊急避難場所との住所同一": "1",
        "その他市町村長が必要と認める事項": "",
        "受入対象者": "",
        "備考": ""
      }
    },
    {
      "type": "Feature",
      "geometry": {
        "type": "Point",
        "coordinates": [
          140.059258,
          35.781544
        ]
      },
      "properties": {
        "NO": "1894",
        "共通ID": "E1223200027111",
        "施設・場所名": "南山小学校",
        "住所": "千葉県白井市南山1-7-1",
        "指定緊急避難場所との住所同一": "1",
        "その他市町村長が必要と認める事項": "",
        "受入対象者": "",
        "備考": ""
      }
    },
    {
      "type": "Feature",
      "geometry": {
        "type": "Point",
        "coordinates": [
          140.060555,
          35.78215
        ]
      },
      "properties": {
        "NO": "1895",
        "共通ID": "E1223200036121",
        "施設・場所名": "南山保育園",
        "住所": "千葉県白井市南山１－７－１（南山保育園）",
        "指定緊急避難場所との住所同一": "",
        "その他市町村長が必要と認める事項": "",
        "受入対象者": "乳幼児、妊産婦",
        "備考": ""
      }
    },
    {
      "type": "Feature",
      "geometry": {
        "type": "Point",
        "coordinates": [
          140.026087,
          35.775818
        ]
      },
      "properties": {
        "NO": "1896",
        "共通ID": "E1223200028111",
        "施設・場所名": "冨士センター",
        "住所": "千葉県白井市冨士239-2",
        "指定緊急避難場所との住所同一": "1",
        "その他市町村長が必要と認める事項": null,
        "受入対象者": null,
        "備考": ""
      }
    },
    {
      "type": "Feature",
      "geometry": {
        "type": "Point",
        "coordinates": [
          140.063268,
          35.797538
        ]
      },
      "properties": {
        "NO": "1897",
        "共通ID": "E1223200031111",
        "施設・場所名": "白井コミュニティセンター",
        "住所": "千葉県白井市復1458-1",
        "指定緊急避難場所との住所同一": "1",
        "その他市町村長が必要と認める事項": null,
        "受入対象者": null,
        "備考": ""
      }
    },
    {
      "type": "Feature",
      "geometry": {
        "type": "Point",
        "coordinates": [
          140.055352,
          35.783095
        ]
      },
      "properties": {
        "NO": "1898",
        "共通ID": "E1223200032111",
        "施設・場所名": "白井駅前センター",
        "住所": "千葉県白井市堀込1-2-2",
        "指定緊急避難場所との住所同一": "1",
        "その他市町村長が必要と認める事項": null,
        "受入対象者": null,
        "備考": ""
      }
    },
    {
      "type": "Feature",
      "geometry": {
        "type": "Point",
        "coordinates": [
          140.365191,
          35.450678
        ]
      },
      "properties": {
        "NO": "1899",
        "共通ID": "E1242400001111",
        "施設・場所名": "関小学校　（体育館）",
        "住所": "千葉県白子町関3889-1",
        "指定緊急避難場所との住所同一": "1",
        "その他市町村長が必要と認める事項": null,
        "受入対象者": null,
        "備考": ""
      }
    },
    {
      "type": "Feature",
      "geometry": {
        "type": "Point",
        "coordinates": [
          140.358933,
          35.446039
        ]
      },
      "properties": {
        "NO": "1900",
        "共通ID": "E1242400003111",
        "施設・場所名": "関ふれあいセンター　（会議室）",
        "住所": "千葉県白子町関6724-1",
        "指定緊急避難場所との住所同一": "",
        "その他市町村長が必要と認める事項": null,
        "受入対象者": null,
        "備考": ""
      }
    },
    {
      "type": "Feature",
      "geometry": {
        "type": "Point",
        "coordinates": [
          140.388074,
          35.464178
        ]
      },
      "properties": {
        "NO": "1901",
        "共通ID": "E1242400004111",
        "施設・場所名": "南白亀小学校　（体育館）",
        "住所": "千葉県白子町牛込12",
        "指定緊急避難場所との住所同一": "1",
        "その他市町村長が必要と認める事項": null,
        "受入対象者": null,
        "備考": ""
      }
    },
    {
      "type": "Feature",
      "geometry": {
        "type": "Point",
        "coordinates": [
          140.38989,
          35.465437
        ]
      },
      "properties": {
        "NO": "1902",
        "共通ID": "E1242400005111",
        "施設・場所名": "南白亀ふれあいセンター　（会議室）",
        "住所": "千葉県白子町牛込553-18",
        "指定緊急避難場所との住所同一": "",
        "その他市町村長が必要と認める事項": null,
        "受入対象者": null,
        "備考": ""
      }
    },
    {
      "type": "Feature",
      "geometry": {
        "type": "Point",
        "coordinates": [
          140.381678,
          35.438496
        ]
      },
      "properties": {
        "NO": "1903",
        "共通ID": "E1242400007111",
        "施設・場所名": "白潟ふれあいセンター　（会議室）",
        "住所": "千葉県白子町中里4825",
        "指定緊急避難場所との住所同一": "",
        "その他市町村長が必要と認める事項": null,
        "受入対象者": null,
        "備考": ""
      }
    },
    {
      "type": "Feature",
      "geometry": {
        "type": "Point",
        "coordinates": [
          140.374739,
          35.443713
        ]
      },
      "properties": {
        "NO": "1904",
        "共通ID": "E1242400008111",
        "施設・場所名": "白子中学校　（体育館・武道場）",
        "住所": "千葉県白子町中里860",
        "指定緊急避難場所との住所同一": "1",
        "その他市町村長が必要と認める事項": "",
        "受入対象者": "",
        "備考": ""
      }
    },
    {
      "type": "Feature",
      "geometry": {
        "type": "Point",
        "coordinates": [
          140.380342,
          35.43979
        ]
      },
      "properties": {
        "NO": "1905",
        "共通ID": "E1242400009111",
        "施設・場所名": "白潟小学校　（体育館）",
        "住所": "千葉県白子町八斗470",
        "指定緊急避難場所との住所同一": "1",
        "その他市町村長が必要と認める事項": null,
        "受入対象者": null,
        "備考": ""
      }
    },
    {
      "type": "Feature",
      "geometry": {
        "type": "Point",
        "coordinates": [
          140.277185,
          35.597623
        ]
      },
      "properties": {
        "NO": "1906",
        "共通ID": "E1223000001111",
        "施設・場所名": "二州小学校沖分校",
        "住所": "千葉県八街市沖1033",
        "指定緊急避難場所との住所同一": "1",
        "その他市町村長が必要と認める事項": null,
        "受入対象者": null,
        "備考": ""
      }
    },
    {
      "type": "Feature",
      "geometry": {
        "type": "Point",
        "coordinates": [
          140.273289,
          35.600441
        ]
      },
      "properties": {
        "NO": "1907",
        "共通ID": "E1223000002111",
        "施設・場所名": "八街市南部老人憩いの家",
        "住所": "千葉県八街市沖1124-2",
        "指定緊急避難場所との住所同一": "1",
        "その他市町村長が必要と認める事項": null,
        "受入対象者": null,
        "備考": ""
      }
    },
    {
      "type": "Feature",
      "geometry": {
        "type": "Point",
        "coordinates": [
          140.299347,
          35.616747
        ]
      },
      "properties": {
        "NO": "1908",
        "共通ID": "E1223000003111",
        "施設・場所名": "八街南中学校",
        "住所": "千葉県八街市吉倉590-1",
        "指定緊急避難場所との住所同一": "1",
        "その他市町村長が必要と認める事項": null,
        "受入対象者": null,
        "備考": ""
      }
    },
    {
      "type": "Feature",
      "geometry": {
        "type": "Point",
        "coordinates": [
          140.30258,
          35.57821
        ]
      },
      "properties": {
        "NO": "1909",
        "共通ID": "E1223000005111",
        "施設・場所名": "二州小学校",
        "住所": "千葉県八街市山田台1",
        "指定緊急避難場所との住所同一": "1",
        "その他市町村長が必要と認める事項": null,
        "受入対象者": null,
        "備考": ""
      }
    },
    {
      "type": "Feature",
      "geometry": {
        "type": "Point",
        "coordinates": [
          140.286171,
          35.579563
        ]
      },
      "properties": {
        "NO": "1910",
        "共通ID": "E1223000006111",
        "施設・場所名": "二州第一保育園",
        "住所": "千葉県八街市山田台671-1",
        "指定緊急避難場所との住所同一": "1",
        "その他市町村長が必要と認める事項": null,
        "受入対象者": null,
        "備考": ""
      }
    },
    {
      "type": "Feature",
      "geometry": {
        "type": "Point",
        "coordinates": [
          140.302597,
          35.594556
        ]
      },
      "properties": {
        "NO": "1911",
        "共通ID": "E1223000007111",
        "施設・場所名": "二州第二保育園",
        "住所": "千葉県八街市四木1938",
        "指定緊急避難場所との住所同一": "1",
        "その他市町村長が必要と認める事項": null,
        "受入対象者": null,
        "備考": ""
      }
    },
    {
      "type": "Feature",
      "geometry": {
        "type": "Point",
        "coordinates": [
          140.288731,
          35.624904
        ]
      },
      "properties": {
        "NO": "1912",
        "共通ID": "E1223000009111",
        "施設・場所名": "川上小学校",
        "住所": "千葉県八街市大谷流867-1",
        "指定緊急避難場所との住所同一": "1",
        "その他市町村長が必要と認める事項": null,
        "受入対象者": null,
        "備考": ""
      }
    },
    {
      "type": "Feature",
      "geometry": {
        "type": "Point",
        "coordinates": [
          140.317463,
          35.589186
        ]
      },
      "properties": {
        "NO": "1913",
        "共通ID": "E1223000010111",
        "施設・場所名": "滝台コミュニティセンター",
        "住所": "千葉県八街市滝台252",
        "指定緊急避難場所との住所同一": "1",
        "その他市町村長が必要と認める事項": null,
        "受入対象者": null,
        "備考": ""
      }
    },
    {
      "type": "Feature",
      "geometry": {
        "type": "Point",
        "coordinates": [
          140.289797,
          35.652588
        ]
      },
      "properties": {
        "NO": "1914",
        "共通ID": "E1223000011111",
        "施設・場所名": "松林公民館",
        "住所": "千葉県八街市八街い213",
        "指定緊急避難場所との住所同一": "1",
        "その他市町村長が必要と認める事項": null,
        "受入対象者": null,
        "備考": ""
      }
    },
    {
      "type": "Feature",
      "geometry": {
        "type": "Point",
        "coordinates": [
          140.266123,
          35.651077
        ]
      },
      "properties": {
        "NO": "1915",
        "共通ID": "E1223000012111",
        "施設・場所名": "神田集会所",
        "住所": "千葉県八街市八街い55",
        "指定緊急避難場所との住所同一": "1",
        "その他市町村長が必要と認める事項": null,
        "受入対象者": null,
        "備考": ""
      }
    },
    {
      "type": "Feature",
      "geometry": {
        "type": "Point",
        "coordinates": [
          140.275853,
          35.648909
        ]
      },
      "properties": {
        "NO": "1916",
        "共通ID": "E1223000013111",
        "施設・場所名": "八街市スポーツプラザ",
        "住所": "千葉県八街市八街い84-10",
        "指定緊急避難場所との住所同一": "1",
        "その他市町村長が必要と認める事項": null,
        "受入対象者": null,
        "備考": ""
      }
    },
    {
      "type": "Feature",
      "geometry": {
        "type": "Point",
        "coordinates": [
          140.321108,
          35.659156
        ]
      },
      "properties": {
        "NO": "1917",
        "共通ID": "E1223000014111",
        "施設・場所名": "八街保育園",
        "住所": "千葉県八街市八街に112",
        "指定緊急避難場所との住所同一": "1",
        "その他市町村長が必要と認める事項": null,
        "受入対象者": null,
        "備考": ""
      }
    },
    {
      "type": "Feature",
      "geometry": {
        "type": "Point",
        "coordinates": [
          140.304531,
          35.690974
        ]
      },
      "properties": {
        "NO": "1918",
        "共通ID": "E1223000015111",
        "施設・場所名": "八街北中学校",
        "住所": "千葉県八街市八街は18-2",
        "指定緊急避難場所との住所同一": "1",
        "その他市町村長が必要と認める事項": null,
        "受入対象者": null,
        "備考": ""
      }
    },
    {
      "type": "Feature",
      "geometry": {
        "type": "Point",
        "coordinates": [
          140.308009,
          35.691593
        ]
      },
      "properties": {
        "NO": "1919",
        "共通ID": "E1223000016111",
        "施設・場所名": "朝陽小学校",
        "住所": "千葉県八街市八街は19-2",
        "指定緊急避難場所との住所同一": "1",
        "その他市町村長が必要と認める事項": null,
        "受入対象者": null,
        "備考": ""
      }
    },
    {
      "type": "Feature",
      "geometry": {
        "type": "Point",
        "coordinates": [
          140.311876,
          35.688449
        ]
      },
      "properties": {
        "NO": "1920",
        "共通ID": "E1223000017111",
        "施設・場所名": "朝陽保育園",
        "住所": "千葉県八街市八街は21",
        "指定緊急避難場所との住所同一": "1",
        "その他市町村長が必要と認める事項": null,
        "受入対象者": null,
        "備考": ""
      }
    },
    {
      "type": "Feature",
      "geometry": {
        "type": "Point",
        "coordinates": [
          140.310481,
          35.630309
        ]
      },
      "properties": {
        "NO": "1921",
        "共通ID": "E1223000018111",
        "施設・場所名": "笹引小学校",
        "住所": "千葉県八街市八街へ199-133",
        "指定緊急避難場所との住所同一": "1",
        "その他市町村長が必要と認める事項": null,
        "受入対象者": null,
        "備考": ""
      }
    },
    {
      "type": "Feature",
      "geometry": {
        "type": "Point",
        "coordinates": [
          140.31077,
          35.663423
        ]
      },
      "properties": {
        "NO": "1922",
        "共通ID": "E1223000020111",
        "施設・場所名": "実住保育園",
        "住所": "千葉県八街市八街ほ215",
        "指定緊急避難場所との住所同一": "1",
        "その他市町村長が必要と認める事項": null,
        "受入対象者": null,
        "備考": ""
      }
    },
    {
      "type": "Feature",
      "geometry": {
        "type": "Point",
        "coordinates": [
          140.314715,
          35.658206
        ]
      },
      "properties": {
        "NO": "1923",
        "共通ID": "E1223000022111",
        "施設・場所名": "実住小学校",
        "住所": "千葉県八街市八街ほ301",
        "指定緊急避難場所との住所同一": "1",
        "その他市町村長が必要と認める事項": null,
        "受入対象者": null,
        "備考": ""
      }
    },
    {
      "type": "Feature",
      "geometry": {
        "type": "Point",
        "coordinates": [
          140.315634,
          35.665531
        ]
      },
      "properties": {
        "NO": "1924",
        "共通ID": "E1223000023111",
        "施設・場所名": "八街中学校",
        "住所": "千葉県八街市八街ほ35",
        "指定緊急避難場所との住所同一": "1",
        "その他市町村長が必要と認める事項": null,
        "受入対象者": null,
        "備考": ""
      }
    },
    {
      "type": "Feature",
      "geometry": {
        "type": "Point",
        "coordinates": [
          140.317894,
          35.667487
        ]
      },
      "properties": {
        "NO": "1925",
        "共通ID": "E1223000025111",
        "施設・場所名": "八街東小学校",
        "住所": "千葉県八街市八街ほ40-1",
        "指定緊急避難場所との住所同一": "1",
        "その他市町村長が必要と認める事項": null,
        "受入対象者": null,
        "備考": ""
      }
    },
    {
      "type": "Feature",
      "geometry": {
        "type": "Point",
        "coordinates": [
          140.311936,
          35.658808
        ]
      },
      "properties": {
        "NO": "1926",
        "共通ID": "E1223000026111",
        "施設・場所名": "八街中央中学校",
        "住所": "千葉県八街市八街ほ591",
        "指定緊急避難場所との住所同一": "1",
        "その他市町村長が必要と認める事項": null,
        "受入対象者": null,
        "備考": ""
      }
    },
    {
      "type": "Feature",
      "geometry": {
        "type": "Point",
        "coordinates": [
          140.307506,
          35.65618
        ]
      },
      "properties": {
        "NO": "1927",
        "共通ID": "E1223000027111",
        "施設・場所名": "中央公民館",
        "住所": "千葉県八街市八街ほ796-1",
        "指定緊急避難場所との住所同一": "1",
        "その他市町村長が必要と認める事項": null,
        "受入対象者": null,
        "備考": ""
      }
    },
    {
      "type": "Feature",
      "geometry": {
        "type": "Point",
        "coordinates": [
          140.285966,
          35.659058
        ]
      },
      "properties": {
        "NO": "1928",
        "共通ID": "E1223000028111",
        "施設・場所名": "交進保育園",
        "住所": "千葉県八街市八街ろ111",
        "指定緊急避難場所との住所同一": "1",
        "その他市町村長が必要と認める事項": null,
        "受入対象者": null,
        "備考": ""
      }
    },
    {
      "type": "Feature",
      "geometry": {
        "type": "Point",
        "coordinates": [
          140.283648,
          35.663183
        ]
      },
      "properties": {
        "NO": "1929",
        "共通ID": "E1223000029111",
        "施設・場所名": "交進小学校",
        "住所": "千葉県八街市八街ろ111-33",
        "指定緊急避難場所との住所同一": "1",
        "その他市町村長が必要と認める事項": null,
        "受入対象者": null,
        "備考": ""
      }
    },
    {
      "type": "Feature",
      "geometry": {
        "type": "Point",
        "coordinates": [
          140.316469,
          35.676531
        ]
      },
      "properties": {
        "NO": "1930",
        "共通ID": "E1223000030111",
        "施設・場所名": "文違コミュニティセンター",
        "住所": "千葉県八街市文違301-144",
        "指定緊急避難場所との住所同一": "1",
        "その他市町村長が必要と認める事項": null,
        "受入対象者": null,
        "備考": ""
      }
    },
    {
      "type": "Feature",
      "geometry": {
        "type": "Point",
        "coordinates": [
          140.268707,
          35.636622
        ]
      },
      "properties": {
        "NO": "1931",
        "共通ID": "E1223000031111",
        "施設・場所名": "用草公民館",
        "住所": "千葉県八街市用草1044-1",
        "指定緊急避難場所との住所同一": "1",
        "その他市町村長が必要と認める事項": null,
        "受入対象者": null,
        "備考": ""
      }
    },
    {
      "type": "Feature",
      "geometry": {
        "type": "Point",
        "coordinates": [
          140.099787,
          35.729164
        ]
      },
      "properties": {
        "NO": "1932",
        "共通ID": "E1222100001111",
        "施設・場所名": "萱田南小学校及び八千代市総合生涯学習プラザ　アリーナ",
        "住所": "千葉県八千代市ゆりのき台3-7-3",
        "指定緊急避難場所との住所同一": "1",
        "その他市町村長が必要と認める事項": "",
        "受入対象者": "",
        "備考": ""
      }
    },
    {
      "type": "Feature",
      "geometry": {
        "type": "Point",
        "coordinates": [
          140.105197,
          35.73509
        ]
      },
      "properties": {
        "NO": "1933",
        "共通ID": "E1222100002111",
        "施設・場所名": "萱田小学校",
        "住所": "千葉県八千代市ゆりのき台6-20",
        "指定緊急避難場所との住所同一": "1",
        "その他市町村長が必要と認める事項": null,
        "受入対象者": null,
        "備考": ""
      }
    },
    {
      "type": "Feature",
      "geometry": {
        "type": "Point",
        "coordinates": [
          140.102405,
          35.736686
        ]
      },
      "properties": {
        "NO": "1934",
        "共通ID": "E1222100003111",
        "施設・場所名": "萱田中学校",
        "住所": "千葉県八千代市ゆりのき台7-8-1",
        "指定緊急避難場所との住所同一": "1",
        "その他市町村長が必要と認める事項": null,
        "受入対象者": null,
        "備考": ""
      }
    },
    {
      "type": "Feature",
      "geometry": {
        "type": "Point",
        "coordinates": [
          140.102037,
          35.72115
        ]
      },
      "properties": {
        "NO": "1935",
        "共通ID": "E1222100005111",
        "施設・場所名": "大和田小学校",
        "住所": "千葉県八千代市萱田町628",
        "指定緊急避難場所との住所同一": "1",
        "その他市町村長が必要と認める事項": null,
        "受入対象者": null,
        "備考": ""
      }
    },
    {
      "type": "Feature",
      "geometry": {
        "type": "Point",
        "coordinates": [
          140.103847,
          35.721802
        ]
      },
      "properties": {
        "NO": "1936",
        "共通ID": "E1222100006111",
        "施設・場所名": "大和田中学校",
        "住所": "千葉県八千代市萱田町645",
        "指定緊急避難場所との住所同一": "1",
        "その他市町村長が必要と認める事項": null,
        "受入対象者": null,
        "備考": ""
      }
    },
    {
      "type": "Feature",
      "geometry": {
        "type": "Point",
        "coordinates": [
          140.075419,
          35.732485
        ]
      },
      "properties": {
        "NO": "1937",
        "共通ID": "E1222100007121",
        "施設・場所名": "特別養護老人ホーム愛生苑",
        "住所": "千葉県八千代市吉橋1059-17",
        "指定緊急避難場所との住所同一": "",
        "その他市町村長が必要と認める事項": null,
        "受入対象者": "高齢者",
        "備考": ""
      }
    },
    {
      "type": "Feature",
      "geometry": {
        "type": "Point",
        "coordinates": [
          140.076215,
          35.744884
        ]
      },
      "properties": {
        "NO": "1938",
        "共通ID": "E1222100079111",
        "施設・場所名": "八千代西高等学校",
        "住所": "千葉県八千代市吉橋2405-1",
        "指定緊急避難場所との住所同一": "1",
        "その他市町村長が必要と認める事項": "",
        "受入対象者": "",
        "備考": ""
      }
    },
    {
      "type": "Feature",
      "geometry": {
        "type": "Point",
        "coordinates": [
          140.09775,
          35.757452
        ]
      },
      "properties": {
        "NO": "1939",
        "共通ID": "E1222100008111",
        "施設・場所名": "睦小学校",
        "住所": "千葉県八千代市桑納176",
        "指定緊急避難場所との住所同一": "1",
        "その他市町村長が必要と認める事項": null,
        "受入対象者": null,
        "備考": ""
      }
    },
    {
      "type": "Feature",
      "geometry": {
        "type": "Point",
        "coordinates": [
          140.08691,
          35.719503
        ]
      },
      "properties": {
        "NO": "1940",
        "共通ID": "E1222100009121",
        "施設・場所名": "ふる里学舎高津",
        "住所": "千葉県八千代市高津1047-1",
        "指定緊急避難場所との住所同一": "",
        "その他市町村長が必要と認める事項": null,
        "受入対象者": "障害者",
        "備考": ""
      }
    },
    {
      "type": "Feature",
      "geometry": {
        "type": "Point",
        "coordinates": [
          140.090355,
          35.719069
        ]
      },
      "properties": {
        "NO": "1941",
        "共通ID": "E1222100010111",
        "施設・場所名": "東高津中学校",
        "住所": "千葉県八千代市高津1092",
        "指定緊急避難場所との住所同一": "1",
        "その他市町村長が必要と認める事項": null,
        "受入対象者": null,
        "備考": ""
      }
    },
    {
      "type": "Feature",
      "geometry": {
        "type": "Point",
        "coordinates": [
          140.081835,
          35.716602
        ]
      },
      "properties": {
        "NO": "1942",
        "共通ID": "E1222100011111",
        "施設・場所名": "南高津小学校",
        "住所": "千葉県八千代市高津421-3",
        "指定緊急避難場所との住所同一": "1",
        "その他市町村長が必要と認める事項": null,
        "受入対象者": null,
        "備考": ""
      }
    },
    {
      "type": "Feature",
      "geometry": {
        "type": "Point",
        "coordinates": [
          140.081565,
          35.719393
        ]
      },
      "properties": {
        "NO": "1943",
        "共通ID": "E1222100012111",
        "施設・場所名": "高津小学校",
        "住所": "千葉県八千代市高津738-6",
        "指定緊急避難場所との住所同一": "1",
        "その他市町村長が必要と認める事項": null,
        "受入対象者": null,
        "備考": ""
      }
    },
    {
      "type": "Feature",
      "geometry": {
        "type": "Point",
        "coordinates": [
          140.080977,
          35.717355
        ]
      },
      "properties": {
        "NO": "1944",
        "共通ID": "E1222100014111",
        "施設・場所名": "高津公民館",
        "住所": "千葉県八千代市高津832-1",
        "指定緊急避難場所との住所同一": "",
        "その他市町村長が必要と認める事項": null,
        "受入対象者": null,
        "備考": ""
      }
    },
    {
      "type": "Feature",
      "geometry": {
        "type": "Point",
        "coordinates": [
          140.074425,
          35.718115
        ]
      },
      "properties": {
        "NO": "1945",
        "共通ID": "E1222100015111",
        "施設・場所名": "西高津小学校",
        "住所": "千葉県八千代市高津832-38",
        "指定緊急避難場所との住所同一": "1",
        "その他市町村長が必要と認める事項": null,
        "受入対象者": null,
        "備考": ""
      }
    },
    {
      "type": "Feature",
      "geometry": {
        "type": "Point",
        "coordinates": [
          140.079724,
          35.721087
        ]
      },
      "properties": {
        "NO": "1946",
        "共通ID": "E1222100016111",
        "施設・場所名": "高津中学校",
        "住所": "千葉県八千代市高津880-4",
        "指定緊急避難場所との住所同一": "",
        "その他市町村長が必要と認める事項": null,
        "受入対象者": null,
        "備考": ""
      }
    },
    {
      "type": "Feature",
      "geometry": {
        "type": "Point",
        "coordinates": [
          140.128088,
          35.704425
        ]
      },
      "properties": {
        "NO": "1947",
        "共通ID": "E1222100017111",
        "施設・場所名": "勝田台公民館",
        "住所": "千葉県八千代市勝田735-7",
        "指定緊急避難場所との住所同一": "",
        "その他市町村長が必要と認める事項": null,
        "受入対象者": null,
        "備考": ""
      }
    },
    {
      "type": "Feature",
      "geometry": {
        "type": "Point",
        "coordinates": [
          140.128206,
          35.711323
        ]
      },
      "properties": {
        "NO": "1948",
        "共通ID": "E1222100019111",
        "施設・場所名": "勝田台小学校",
        "住所": "千葉県八千代市勝田台2-14",
        "指定緊急避難場所との住所同一": "1",
        "その他市町村長が必要と認める事項": null,
        "受入対象者": null,
        "備考": ""
      }
    },
    {
      "type": "Feature",
      "geometry": {
        "type": "Point",
        "coordinates": [
          140.124643,
          35.707719
        ]
      },
      "properties": {
        "NO": "1949",
        "共通ID": "E1222100020111",
        "施設・場所名": "勝田台中学校",
        "住所": "千葉県八千代市勝田台3-1",
        "指定緊急避難場所との住所同一": "1",
        "その他市町村長が必要と認める事項": null,
        "受入対象者": null,
        "備考": ""
      }
    },
    {
      "type": "Feature",
      "geometry": {
        "type": "Point",
        "coordinates": [
          140.129304,
          35.708171
        ]
      },
      "properties": {
        "NO": "1950",
        "共通ID": "E1222100022111",
        "施設・場所名": "勝田台中央公園小体育館",
        "住所": "千葉県八千代市勝田台3-31-3",
        "指定緊急避難場所との住所同一": "",
        "その他市町村長が必要と認める事項": null,
        "受入対象者": null,
        "備考": ""
      }
    },
    {
      "type": "Feature",
      "geometry": {
        "type": "Point",
        "coordinates": [
          140.132216,
          35.705885
        ]
      },
      "properties": {
        "NO": "1951",
        "共通ID": "E1222100023111",
        "施設・場所名": "勝田台南小学校",
        "住所": "千葉県八千代市勝田台5-9",
        "指定緊急避難場所との住所同一": "1",
        "その他市町村長が必要と認める事項": null,
        "受入対象者": null,
        "備考": ""
      }
    },
    {
      "type": "Feature",
      "geometry": {
        "type": "Point",
        "coordinates": [
          140.125849,
          35.714755
        ]
      },
      "properties": {
        "NO": "1952",
        "共通ID": "E1222100076121",
        "施設・場所名": "小規模多機能型居宅介護サテライトグリーンヒル勝田台",
        "住所": "千葉県八千代市勝田台１－７サンコーポ勝田台Ｄ208",
        "指定緊急避難場所との住所同一": "",
        "その他市町村長が必要と認める事項": null,
        "受入対象者": "高齢者",
        "備考": ""
      }
    },
    {
      "type": "Feature",
      "geometry": {
        "type": "Point",
        "coordinates": [
          140.087401,
          35.780655
        ]
      },
      "properties": {
        "NO": "1953",
        "共通ID": "E1222100025121",
        "施設・場所名": "作山更生園",
        "住所": "千葉県八千代市小池392",
        "指定緊急避難場所との住所同一": "",
        "その他市町村長が必要と認める事項": null,
        "受入対象者": "障害者",
        "備考": ""
      }
    },
    {
      "type": "Feature",
      "geometry": {
        "type": "Point",
        "coordinates": [
          140.088233,
          35.780589
        ]
      },
      "properties": {
        "NO": "1954",
        "共通ID": "E1222100026121",
        "施設・場所名": "小池更生園",
        "住所": "千葉県八千代市小池393",
        "指定緊急避難場所との住所同一": "",
        "その他市町村長が必要と認める事項": null,
        "受入対象者": "障害者",
        "備考": ""
      }
    },
    {
      "type": "Feature",
      "geometry": {
        "type": "Point",
        "coordinates": [
          140.093015,
          35.780131
        ]
      },
      "properties": {
        "NO": "1955",
        "共通ID": "E1222100027121",
        "施設・場所名": "こいけ障害者支援センター",
        "住所": "千葉県八千代市小池407",
        "指定緊急避難場所との住所同一": "",
        "その他市町村長が必要と認める事項": null,
        "受入対象者": "障害者",
        "備考": ""
      }
    },
    {
      "type": "Feature",
      "geometry": {
        "type": "Point",
        "coordinates": [
          140.090824,
          35.779488
        ]
      },
      "properties": {
        "NO": "1956",
        "共通ID": "E1222100028121",
        "施設・場所名": "ビック・ハート",
        "住所": "千葉県八千代市小池412-3",
        "指定緊急避難場所との住所同一": "",
        "その他市町村長が必要と認める事項": null,
        "受入対象者": "障害者",
        "備考": ""
      }
    },
    {
      "type": "Feature",
      "geometry": {
        "type": "Point",
        "coordinates": [
          140.127945,
          35.744553
        ]
      },
      "properties": {
        "NO": "1957",
        "共通ID": "E1222100030121",
        "施設・場所名": "特別養護老人ホームほうゆうの里",
        "住所": "千葉県八千代市上高野157",
        "指定緊急避難場所との住所同一": "",
        "その他市町村長が必要と認める事項": null,
        "受入対象者": "高齢者",
        "備考": ""
      }
    },
    {
      "type": "Feature",
      "geometry": {
        "type": "Point",
        "coordinates": [
          140.127306,
          35.73722
        ]
      },
      "properties": {
        "NO": "1958",
        "共通ID": "E1222100031121",
        "施設・場所名": "特別養護老人ホームグリーン・ヒル",
        "住所": "千葉県八千代市上高野2058-5",
        "指定緊急避難場所との住所同一": "",
        "その他市町村長が必要と認める事項": null,
        "受入対象者": "高齢者",
        "備考": ""
      }
    },
    {
      "type": "Feature",
      "geometry": {
        "type": "Point",
        "coordinates": [
          140.137218,
          35.737809
        ]
      },
      "properties": {
        "NO": "1959",
        "共通ID": "E1222100032111",
        "施設・場所名": "ふれあいプラザ",
        "住所": "千葉県八千代市上高野640-2",
        "指定緊急避難場所との住所同一": "",
        "その他市町村長が必要と認める事項": null,
        "受入対象者": null,
        "備考": ""
      }
    },
    {
      "type": "Feature",
      "geometry": {
        "type": "Point",
        "coordinates": [
          140.121038,
          35.729045
        ]
      },
      "properties": {
        "NO": "1960",
        "共通ID": "E1222100033111",
        "施設・場所名": "村上公民館",
        "住所": "千葉県八千代市村上1113-1",
        "指定緊急避難場所との住所同一": "1",
        "その他市町村長が必要と認める事項": null,
        "受入対象者": null,
        "備考": ""
      }
    },
    {
      "type": "Feature",
      "geometry": {
        "type": "Point",
        "coordinates": [
          140.12626,
          35.727124
        ]
      },
      "properties": {
        "NO": "1961",
        "共通ID": "E1222100033114",
        "施設・場所名": "村上東小学校",
        "住所": "千葉県八千代市村上1113-1",
        "指定緊急避難場所との住所同一": "1",
        "その他市町村長が必要と認める事項": null,
        "受入対象者": null,
        "備考": ""
      }
    },
    {
      "type": "Feature",
      "geometry": {
        "type": "Point",
        "coordinates": [
          140.122241,
          35.724588
        ]
      },
      "properties": {
        "NO": "1962",
        "共通ID": "E1222100033115",
        "施設・場所名": "村上小学校",
        "住所": "千葉県八千代市村上1113-1",
        "指定緊急避難場所との住所同一": "1",
        "その他市町村長が必要と認める事項": null,
        "受入対象者": null,
        "備考": ""
      }
    },
    {
      "type": "Feature",
      "geometry": {
        "type": "Point",
        "coordinates": [
          140.12251,
          35.735465
        ]
      },
      "properties": {
        "NO": "1963",
        "共通ID": "E1222100033113",
        "施設・場所名": "村上北小学校",
        "住所": "千葉県八千代市村上1113-1",
        "指定緊急避難場所との住所同一": "1",
        "その他市町村長が必要と認める事項": null,
        "受入対象者": null,
        "備考": ""
      }
    },
    {
      "type": "Feature",
      "geometry": {
        "type": "Point",
        "coordinates": [
          140.125794,
          35.728848
        ]
      },
      "properties": {
        "NO": "1964",
        "共通ID": "E1222100033112",
        "施設・場所名": "村上東中学校",
        "住所": "千葉県八千代市村上1113-1",
        "指定緊急避難場所との住所同一": "1",
        "その他市町村長が必要と認める事項": null,
        "受入対象者": null,
        "備考": ""
      }
    },
    {
      "type": "Feature",
      "geometry": {
        "type": "Point",
        "coordinates": [
          140.117439,
          35.731368
        ]
      },
      "properties": {
        "NO": "1965",
        "共通ID": "E1222100035121",
        "施設・場所名": "サービス付き高齢者向け住宅アゼリアガーデン",
        "住所": "千葉県八千代市村上1248-6",
        "指定緊急避難場所との住所同一": "",
        "その他市町村長が必要と認める事項": null,
        "受入対象者": "高齢者",
        "備考": ""
      }
    },
    {
      "type": "Feature",
      "geometry": {
        "type": "Point",
        "coordinates": [
          140.12099,
          35.725749
        ]
      },
      "properties": {
        "NO": "1966",
        "共通ID": "E1222100036111",
        "施設・場所名": "村上中学校",
        "住所": "千葉県八千代市村上1643-55",
        "指定緊急避難場所との住所同一": "1",
        "その他市町村長が必要と認める事項": null,
        "受入対象者": null,
        "備考": ""
      }
    },
    {
      "type": "Feature",
      "geometry": {
        "type": "Point",
        "coordinates": [
          140.118917,
          35.742967
        ]
      },
      "properties": {
        "NO": "1967",
        "共通ID": "E1222100037121",
        "施設・場所名": "グループホーム美乃里",
        "住所": "千葉県八千代市村上573-5",
        "指定緊急避難場所との住所同一": "",
        "その他市町村長が必要と認める事項": null,
        "受入対象者": "高齢者",
        "備考": ""
      }
    },
    {
      "type": "Feature",
      "geometry": {
        "type": "Point",
        "coordinates": [
          140.119379,
          35.74265
        ]
      },
      "properties": {
        "NO": "1968",
        "共通ID": "E1222100038121",
        "施設・場所名": "特別養護老人ホーム美香苑",
        "住所": "千葉県八千代市村上641",
        "指定緊急避難場所との住所同一": "",
        "その他市町村長が必要と認める事項": null,
        "受入対象者": "高齢者",
        "備考": ""
      }
    },
    {
      "type": "Feature",
      "geometry": {
        "type": "Point",
        "coordinates": [
          140.100051,
          35.716656
        ]
      },
      "properties": {
        "NO": "1969",
        "共通ID": "E1222100040121",
        "施設・場所名": "地域密着型特別養護老人ホームひばりの郷",
        "住所": "千葉県八千代市大和田53",
        "指定緊急避難場所との住所同一": "",
        "その他市町村長が必要と認める事項": null,
        "受入対象者": "高齢者",
        "備考": ""
      }
    },
    {
      "type": "Feature",
      "geometry": {
        "type": "Point",
        "coordinates": [
          140.101462,
          35.713948
        ]
      },
      "properties": {
        "NO": "1970",
        "共通ID": "E1222100041111",
        "施設・場所名": "大和田南小学校",
        "住所": "千葉県八千代市大和田628",
        "指定緊急避難場所との住所同一": "1",
        "その他市町村長が必要と認める事項": null,
        "受入対象者": null,
        "備考": ""
      }
    },
    {
      "type": "Feature",
      "geometry": {
        "type": "Point",
        "coordinates": [
          140.100302,
          35.722203
        ]
      },
      "properties": {
        "NO": "1971",
        "共通ID": "E1222100042111",
        "施設・場所名": "福祉センター",
        "住所": "千葉県八千代市大和田新田312-5",
        "指定緊急避難場所との住所同一": "",
        "その他市町村長が必要と認める事項": null,
        "受入対象者": null,
        "備考": ""
      }
    },
    {
      "type": "Feature",
      "geometry": {
        "type": "Point",
        "coordinates": [
          140.098274,
          35.724671
        ]
      },
      "properties": {
        "NO": "1972",
        "共通ID": "E1222100043121",
        "施設・場所名": "愛生苑デイサービスかがやき",
        "住所": "千葉県八千代市大和田新田346-1",
        "指定緊急避難場所との住所同一": "",
        "その他市町村長が必要と認める事項": null,
        "受入対象者": "高齢者",
        "備考": ""
      }
    },
    {
      "type": "Feature",
      "geometry": {
        "type": "Point",
        "coordinates": [
          140.09096,
          35.726353
        ]
      },
      "properties": {
        "NO": "1973",
        "共通ID": "E1222100044111",
        "施設・場所名": "大和田西小学校",
        "住所": "千葉県八千代市大和田新田409-3",
        "指定緊急避難場所との住所同一": "1",
        "その他市町村長が必要と認める事項": null,
        "受入対象者": null,
        "備考": ""
      }
    },
    {
      "type": "Feature",
      "geometry": {
        "type": "Point",
        "coordinates": [
          140.094821,
          35.728647
        ]
      },
      "properties": {
        "NO": "1974",
        "共通ID": "E1222100078121",
        "施設・場所名": "子ども子育て支援複合施設ハルモニア",
        "住所": "千葉県八千代市大和田新田477-106",
        "指定緊急避難場所との住所同一": "",
        "その他市町村長が必要と認める事項": "",
        "受入対象者": "障害者",
        "備考": ""
      }
    },
    {
      "type": "Feature",
      "geometry": {
        "type": "Point",
        "coordinates": [
          140.097548,
          35.770306
        ]
      },
      "properties": {
        "NO": "1975",
        "共通ID": "E1222100046121",
        "施設・場所名": "ケアハウスガーデンカルミア",
        "住所": "千葉県八千代市島田台1002-6",
        "指定緊急避難場所との住所同一": "",
        "その他市町村長が必要と認める事項": null,
        "受入対象者": "高齢者",
        "備考": ""
      }
    },
    {
      "type": "Feature",
      "geometry": {
        "type": "Point",
        "coordinates": [
          140.087653,
          35.75699
        ]
      },
      "properties": {
        "NO": "1976",
        "共通ID": "E1222100047111",
        "施設・場所名": "睦公民館",
        "住所": "千葉県八千代市島田台756",
        "指定緊急避難場所との住所同一": "1",
        "その他市町村長が必要と認める事項": null,
        "受入対象者": null,
        "備考": ""
      }
    },
    {
      "type": "Feature",
      "geometry": {
        "type": "Point",
        "coordinates": [
          140.08772,
          35.75678
        ]
      },
      "properties": {
        "NO": "1977",
        "共通ID": "E1222100047112",
        "施設・場所名": "睦中学校",
        "住所": "千葉県八千代市島田台756",
        "指定緊急避難場所との住所同一": "1",
        "その他市町村長が必要と認める事項": null,
        "受入対象者": null,
        "備考": ""
      }
    },
    {
      "type": "Feature",
      "geometry": {
        "type": "Point",
        "coordinates": [
          140.097945,
          35.770401
        ]
      },
      "properties": {
        "NO": "1978",
        "共通ID": "E1222100048121",
        "施設・場所名": "特別養護老人ホームはなみずき",
        "住所": "千葉県八千代市島田台998-4",
        "指定緊急避難場所との住所同一": "",
        "その他市町村長が必要と認める事項": null,
        "受入対象者": "高齢者",
        "備考": ""
      }
    },
    {
      "type": "Feature",
      "geometry": {
        "type": "Point",
        "coordinates": [
          140.088316,
          35.701596
        ]
      },
      "properties": {
        "NO": "1979",
        "共通ID": "E1222100049112",
        "施設・場所名": "八千代台小学校",
        "住所": "千葉県八千代市八千代台西1-8",
        "指定緊急避難場所との住所同一": "1",
        "その他市町村長が必要と認める事項": null,
        "受入対象者": null,
        "備考": ""
      }
    },
    {
      "type": "Feature",
      "geometry": {
        "type": "Point",
        "coordinates": [
          140.088856,
          35.701947
        ]
      },
      "properties": {
        "NO": "1980",
        "共通ID": "E1222100049111",
        "施設・場所名": "八千代台公民館",
        "住所": "千葉県八千代市八千代台西1-8",
        "指定緊急避難場所との住所同一": "1",
        "その他市町村長が必要と認める事項": null,
        "受入対象者": null,
        "備考": ""
      }
    },
    {
      "type": "Feature",
      "geometry": {
        "type": "Point",
        "coordinates": [
          140.085217,
          35.702607
        ]
      },
      "properties": {
        "NO": "1981",
        "共通ID": "E1222100052121",
        "施設・場所名": "特別養護老人ホームグリーンヒル八千代台",
        "住所": "千葉県八千代市八千代台西7-2-69",
        "指定緊急避難場所との住所同一": "",
        "その他市町村長が必要と認める事項": null,
        "受入対象者": "高齢者",
        "備考": ""
      }
    },
    {
      "type": "Feature",
      "geometry": {
        "type": "Point",
        "coordinates": [
          140.084751,
          35.702896
        ]
      },
      "properties": {
        "NO": "1982",
        "共通ID": "E1222100050111",
        "施設・場所名": "八千代台西小学校",
        "住所": "千葉県八千代市八千代台西7-23-1",
        "指定緊急避難場所との住所同一": "1",
        "その他市町村長が必要と認める事項": null,
        "受入対象者": null,
        "備考": ""
      }
    },
    {
      "type": "Feature",
      "geometry": {
        "type": "Point",
        "coordinates": [
          140.080547,
          35.700939
        ]
      },
      "properties": {
        "NO": "1983",
        "共通ID": "E1222100051111",
        "施設・場所名": "八千代台西中学校",
        "住所": "千葉県八千代市八千代台西7-23-3",
        "指定緊急避難場所との住所同一": "1",
        "その他市町村長が必要と認める事項": null,
        "受入対象者": null,
        "備考": ""
      }
    },
    {
      "type": "Feature",
      "geometry": {
        "type": "Point",
        "coordinates": [
          140.095786,
          35.698631
        ]
      },
      "properties": {
        "NO": "1984",
        "共通ID": "E1222100054111",
        "施設・場所名": "八千代台東小学校",
        "住所": "千葉県八千代市八千代台東2-5-1",
        "指定緊急避難場所との住所同一": "1",
        "その他市町村長が必要と認める事項": null,
        "受入対象者": null,
        "備考": ""
      }
    },
    {
      "type": "Feature",
      "geometry": {
        "type": "Point",
        "coordinates": [
          140.101604,
          35.702972
        ]
      },
      "properties": {
        "NO": "1985",
        "共通ID": "E1222100055111",
        "施設・場所名": "八千代台近隣公園小体育館",
        "住所": "千葉県八千代市八千代台東３地先",
        "指定緊急避難場所との住所同一": "",
        "その他市町村長が必要と認める事項": null,
        "受入対象者": null,
        "備考": ""
      }
    },
    {
      "type": "Feature",
      "geometry": {
        "type": "Point",
        "coordinates": [
          140.089238,
          35.699759
        ]
      },
      "properties": {
        "NO": "1986",
        "共通ID": "E1222100057111",
        "施設・場所名": "八千代台東南公民館",
        "住所": "千葉県八千代市八千代台南1-11-6",
        "指定緊急避難場所との住所同一": "",
        "その他市町村長が必要と認める事項": null,
        "受入対象者": null,
        "備考": ""
      }
    },
    {
      "type": "Feature",
      "geometry": {
        "type": "Point",
        "coordinates": [
          140.096241,
          35.712624
        ]
      },
      "properties": {
        "NO": "1987",
        "共通ID": "E1222100059111",
        "施設・場所名": "八千代中学校",
        "住所": "千葉県八千代市八千代台北14-9-1",
        "指定緊急避難場所との住所同一": "1",
        "その他市町村長が必要と認める事項": null,
        "受入対象者": null,
        "備考": ""
      }
    },
    {
      "type": "Feature",
      "geometry": {
        "type": "Point",
        "coordinates": [
          140.113543,
          35.756132
        ]
      },
      "properties": {
        "NO": "1988",
        "共通ID": "E1222100061111",
        "施設・場所名": "阿蘇公民館",
        "住所": "千葉県八千代市米本1359",
        "指定緊急避難場所との住所同一": "",
        "その他市町村長が必要と認める事項": null,
        "受入対象者": null,
        "備考": ""
      }
    },
    {
      "type": "Feature",
      "geometry": {
        "type": "Point",
        "coordinates": [
          140.11192,
          35.761718
        ]
      },
      "properties": {
        "NO": "1989",
        "共通ID": "E1222100062111",
        "施設・場所名": "旧米本小学校",
        "住所": "千葉県八千代市米本1386-6",
        "指定緊急避難場所との住所同一": "1",
        "その他市町村長が必要と認める事項": null,
        "受入対象者": null,
        "備考": ""
      }
    },
    {
      "type": "Feature",
      "geometry": {
        "type": "Point",
        "coordinates": [
          140.110985,
          35.751384
        ]
      },
      "properties": {
        "NO": "1990",
        "共通ID": "E1222100063121",
        "施設・場所名": "ふる里学舎八千代",
        "住所": "千葉県八千代市米本1517-1",
        "指定緊急避難場所との住所同一": "",
        "その他市町村長が必要と認める事項": null,
        "受入対象者": "障害者",
        "備考": ""
      }
    },
    {
      "type": "Feature",
      "geometry": {
        "type": "Point",
        "coordinates": [
          140.123887,
          35.745133
        ]
      },
      "properties": {
        "NO": "1991",
        "共通ID": "E1222100064111",
        "施設・場所名": "阿蘇米本学園",
        "住所": "千葉県八千代市米本1914",
        "指定緊急避難場所との住所同一": "",
        "その他市町村長が必要と認める事項": null,
        "受入対象者": null,
        "備考": ""
      }
    },
    {
      "type": "Feature",
      "geometry": {
        "type": "Point",
        "coordinates": [
          140.117385,
          35.753574
        ]
      },
      "properties": {
        "NO": "1992",
        "共通ID": "E1222100065111",
        "施設・場所名": "旧米本南小学校",
        "住所": "千葉県八千代市米本2301",
        "指定緊急避難場所との住所同一": "1",
        "その他市町村長が必要と認める事項": null,
        "受入対象者": null,
        "備考": ""
      }
    },
    {
      "type": "Feature",
      "geometry": {
        "type": "Point",
        "coordinates": [
          140.121713,
          35.758285
        ]
      },
      "properties": {
        "NO": "1993",
        "共通ID": "E1222100066121",
        "施設・場所名": "はばたき職業センター",
        "住所": "千葉県八千代市米本2429-10",
        "指定緊急避難場所との住所同一": "",
        "その他市町村長が必要と認める事項": null,
        "受入対象者": "障害者",
        "備考": ""
      }
    },
    {
      "type": "Feature",
      "geometry": {
        "type": "Point",
        "coordinates": [
          140.121348,
          35.748025
        ]
      },
      "properties": {
        "NO": "1994",
        "共通ID": "E1222100067111",
        "施設・場所名": "旧阿蘇小学校",
        "住所": "千葉県八千代市米本2586",
        "指定緊急避難場所との住所同一": "1",
        "その他市町村長が必要と認める事項": null,
        "受入対象者": null,
        "備考": ""
      }
    },
    {
      "type": "Feature",
      "geometry": {
        "type": "Point",
        "coordinates": [
          140.133093,
          35.764233
        ]
      },
      "properties": {
        "NO": "1995",
        "共通ID": "E1222100069121",
        "施設・場所名": "特別養護老人ホーム八千代城",
        "住所": "千葉県八千代市保品2070-5",
        "指定緊急避難場所との住所同一": "",
        "その他市町村長が必要と認める事項": null,
        "受入対象者": "高齢者",
        "備考": ""
      }
    },
    {
      "type": "Feature",
      "geometry": {
        "type": "Point",
        "coordinates": [
          140.068626,
          35.722281
        ]
      },
      "properties": {
        "NO": "1996",
        "共通ID": "E1222100070121",
        "施設・場所名": "小規模多機能居宅介護なごみ",
        "住所": "千葉県八千代市緑が丘2-17-1",
        "指定緊急避難場所との住所同一": "",
        "その他市町村長が必要と認める事項": null,
        "受入対象者": "高齢者",
        "備考": ""
      }
    },
    {
      "type": "Feature",
      "geometry": {
        "type": "Point",
        "coordinates": [
          140.071815,
          35.726444
        ]
      },
      "properties": {
        "NO": "1997",
        "共通ID": "E1222100071111",
        "施設・場所名": "新木戸小学校",
        "住所": "千葉県八千代市緑が丘2-4",
        "指定緊急避難場所との住所同一": "1",
        "その他市町村長が必要と認める事項": null,
        "受入対象者": null,
        "備考": ""
      }
    },
    {
      "type": "Feature",
      "geometry": {
        "type": "Point",
        "coordinates": [
          140.076422,
          35.727842
        ]
      },
      "properties": {
        "NO": "1998",
        "共通ID": "E1222100072111",
        "施設・場所名": "緑が丘公民館",
        "住所": "千葉県八千代市緑が丘3-1-7",
        "指定緊急避難場所との住所同一": "",
        "その他市町村長が必要と認める事項": null,
        "受入対象者": null,
        "備考": ""
      }
    },
    {
      "type": "Feature",
      "geometry": {
        "type": "Point",
        "coordinates": [
          140.072029,
          35.738155
        ]
      },
      "properties": {
        "NO": "1999",
        "共通ID": "E1222100073111",
        "施設・場所名": "みどりが丘小学校",
        "住所": "千葉県八千代市緑が丘西3-14",
        "指定緊急避難場所との住所同一": "1",
        "その他市町村長が必要と認める事項": null,
        "受入対象者": null,
        "備考": ""
      }
    },
    {
      "type": "Feature",
      "geometry": {
        "type": "Point",
        "coordinates": [
          140.06557,
          35.742004
        ]
      },
      "properties": {
        "NO": "2000",
        "共通ID": "E1222100074121",
        "施設・場所名": "友愛みどり園",
        "住所": "千葉県八千代市緑が丘西5-20-2",
        "指定緊急避難場所との住所同一": "",
        "その他市町村長が必要と認める事項": null,
        "受入対象者": "障害者",
        "備考": ""
      }
    },
    {
      "type": "Feature",
      "geometry": {
        "type": "Point",
        "coordinates": [
          140.066666,
          35.742476
        ]
      },
      "properties": {
        "NO": "2001",
        "共通ID": "E1222100075121",
        "施設・場所名": "千葉県立八千代特別支援学校",
        "住所": "千葉県八千代市緑が丘西5-24",
        "指定緊急避難場所との住所同一": "",
        "その他市町村長が必要と認める事項": null,
        "受入対象者": "障害者",
        "備考": ""
      }
    },
    {
      "type": "Feature",
      "geometry": {
        "type": "Point",
        "coordinates": [
          140.073122,
          35.74238
        ]
      },
      "properties": {
        "NO": "2002",
        "共通ID": "E1222100077121",
        "施設・場所名": "特別養護老人ホーム緑が丘美香苑及び、緑が丘美香苑ショートステイサービス",
        "住所": "千葉県八千代市緑が丘西7-13-3",
        "指定緊急避難場所との住所同一": "",
        "その他市町村長が必要と認める事項": "",
        "受入対象者": "高齢者",
        "備考": ""
      }
    },
    {
      "type": "Feature",
      "geometry": {
        "type": "Point",
        "coordinates": [
          139.853819,
          35.321581
        ]
      },
      "properties": {
        "NO": "2003",
        "共通ID": "E1222600001111",
        "施設・場所名": "富津中学校",
        "住所": "千葉県富津市下飯野1283-1",
        "指定緊急避難場所との住所同一": "1",
        "その他市町村長が必要と認める事項": "",
        "受入対象者": "",
        "備考": ""
      }
    },
    {
      "type": "Feature",
      "geometry": {
        "type": "Point",
        "coordinates": [
          139.865868,
          35.315563
        ]
      },
      "properties": {
        "NO": "2004",
        "共通ID": "E1222600002111",
        "施設・場所名": "飯野小学校",
        "住所": "千葉県富津市下飯野154",
        "指定緊急避難場所との住所同一": "1",
        "その他市町村長が必要と認める事項": "",
        "受入対象者": "",
        "備考": ""
      }
    },
    {
      "type": "Feature",
      "geometry": {
        "type": "Point",
        "coordinates": [
          139.863723,
          35.316693
        ]
      },
      "properties": {
        "NO": "2005",
        "共通ID": "E1222600003111",
        "施設・場所名": "飯野コミュニティセンター",
        "住所": "千葉県富津市下飯野203-1",
        "指定緊急避難場所との住所同一": "1",
        "その他市町村長が必要と認める事項": null,
        "受入対象者": null,
        "備考": ""
      }
    },
    {
      "type": "Feature",
      "geometry": {
        "type": "Point",
        "coordinates": [
          139.862684,
          35.316565
        ]
      },
      "properties": {
        "NO": "2006",
        "共通ID": "E1222600005111",
        "施設・場所名": "飯野保育所",
        "住所": "千葉県富津市下飯野332-6",
        "指定緊急避難場所との住所同一": "1",
        "その他市町村長が必要と認める事項": null,
        "受入対象者": null,
        "備考": ""
      }
    },
    {
      "type": "Feature",
      "geometry": {
        "type": "Point",
        "coordinates": [
          139.888414,
          35.213053
        ]
      },
      "properties": {
        "NO": "2007",
        "共通ID": "E1222600007111",
        "施設・場所名": "旧天神山小学校",
        "住所": "千葉県富津市花輪104",
        "指定緊急避難場所との住所同一": "1",
        "その他市町村長が必要と認める事項": "",
        "受入対象者": "",
        "備考": ""
      }
    },
    {
      "type": "Feature",
      "geometry": {
        "type": "Point",
        "coordinates": [
          139.878023,
          35.225148
        ]
      },
      "properties": {
        "NO": "2008",
        "共通ID": "E1222600008111",
        "施設・場所名": "天羽中学校",
        "住所": "千葉県富津市岩坂109",
        "指定緊急避難場所との住所同一": "1",
        "その他市町村長が必要と認める事項": "",
        "受入対象者": "",
        "備考": ""
      }
    },
    {
      "type": "Feature",
      "geometry": {
        "type": "Point",
        "coordinates": [
          139.886098,
          35.231508
        ]
      },
      "properties": {
        "NO": "2009",
        "共通ID": "E1222600009121",
        "施設・場所名": "地域交流支援センター「カナリエ」",
        "住所": "千葉県富津市岩坂487-5",
        "指定緊急避難場所との住所同一": "1",
        "その他市町村長が必要と認める事項": "",
        "受入対象者": "乳幼児及び妊産婦並びにその家族",
        "備考": ""
      }
    },
    {
      "type": "Feature",
      "geometry": {
        "type": "Point",
        "coordinates": [
          139.862827,
          35.289842
        ]
      },
      "properties": {
        "NO": "2010",
        "共通ID": "E1222600010111",
        "施設・場所名": "君津商業高等学校",
        "住所": "千葉県富津市岩瀬1172",
        "指定緊急避難場所との住所同一": "1",
        "その他市町村長が必要と認める事項": "",
        "受入対象者": "",
        "備考": ""
      }
    },
    {
      "type": "Feature",
      "geometry": {
        "type": "Point",
        "coordinates": [
          139.863297,
          35.281132
        ]
      },
      "properties": {
        "NO": "2011",
        "共通ID": "E1222600011112",
        "施設・場所名": "大佐和中学校",
        "住所": "千葉県富津市岩瀬619",
        "指定緊急避難場所との住所同一": "1",
        "その他市町村長が必要と認める事項": "",
        "受入対象者": "",
        "備考": ""
      }
    },
    {
      "type": "Feature",
      "geometry": {
        "type": "Point",
        "coordinates": [
          139.879631,
          35.262885
        ]
      },
      "properties": {
        "NO": "2012",
        "共通ID": "E1222600013111",
        "施設・場所名": "佐貫コミュニティセンター",
        "住所": "千葉県富津市亀田368-1",
        "指定緊急避難場所との住所同一": "1",
        "その他市町村長が必要と認める事項": null,
        "受入対象者": null,
        "備考": ""
      }
    },
    {
      "type": "Feature",
      "geometry": {
        "type": "Point",
        "coordinates": [
          139.822914,
          35.167788
        ]
      },
      "properties": {
        "NO": "2013",
        "共通ID": "E1222600014111",
        "施設・場所名": "金谷コミュニティセンター",
        "住所": "千葉県富津市金谷2197-18",
        "指定緊急避難場所との住所同一": "1",
        "その他市町村長が必要と認める事項": "",
        "受入対象者": "",
        "備考": ""
      }
    },
    {
      "type": "Feature",
      "geometry": {
        "type": "Point",
        "coordinates": [
          139.822528,
          35.168608
        ]
      },
      "properties": {
        "NO": "2014",
        "共通ID": "E1222600015111",
        "施設・場所名": "旧金谷小学校",
        "住所": "千葉県富津市金谷2254-3",
        "指定緊急避難場所との住所同一": "1",
        "その他市町村長が必要と認める事項": "",
        "受入対象者": "",
        "備考": ""
      }
    },
    {
      "type": "Feature",
      "geometry": {
        "type": "Point",
        "coordinates": [
          139.8751,
          35.291852
        ]
      },
      "properties": {
        "NO": "2015",
        "共通ID": "E1222600017111",
        "施設・場所名": "吉野小学校",
        "住所": "千葉県富津市絹176-3",
        "指定緊急避難場所との住所同一": "1",
        "その他市町村長が必要と認める事項": "",
        "受入対象者": "",
        "備考": ""
      }
    },
    {
      "type": "Feature",
      "geometry": {
        "type": "Point",
        "coordinates": [
          139.875433,
          35.290902
        ]
      },
      "properties": {
        "NO": "2016",
        "共通ID": "E1222600018111",
        "施設・場所名": "吉野保育所",
        "住所": "千葉県富津市絹656-2",
        "指定緊急避難場所との住所同一": "1",
        "その他市町村長が必要と認める事項": null,
        "受入対象者": null,
        "備考": ""
      }
    },
    {
      "type": "Feature",
      "geometry": {
        "type": "Point",
        "coordinates": [
          139.883988,
          35.26249
        ]
      },
      "properties": {
        "NO": "2017",
        "共通ID": "E1222600019111",
        "施設・場所名": "佐貫保育所",
        "住所": "千葉県富津市佐貫143-2",
        "指定緊急避難場所との住所同一": "1",
        "その他市町村長が必要と認める事項": null,
        "受入対象者": null,
        "備考": ""
      }
    },
    {
      "type": "Feature",
      "geometry": {
        "type": "Point",
        "coordinates": [
          139.890442,
          35.263864
        ]
      },
      "properties": {
        "NO": "2018",
        "共通ID": "E1222600020111",
        "施設・場所名": "旧佐貫中学校",
        "住所": "千葉県富津市佐貫26",
        "指定緊急避難場所との住所同一": "1",
        "その他市町村長が必要と認める事項": "",
        "受入対象者": "",
        "備考": ""
      }
    },
    {
      "type": "Feature",
      "geometry": {
        "type": "Point",
        "coordinates": [
          139.924986,
          35.175836
        ]
      },
      "properties": {
        "NO": "2019",
        "共通ID": "E1222600021111",
        "施設・場所名": "旧環南小学校",
        "住所": "千葉県富津市志駒1189",
        "指定緊急避難場所との住所同一": "1",
        "その他市町村長が必要と認める事項": null,
        "受入対象者": null,
        "備考": ""
      }
    },
    {
      "type": "Feature",
      "geometry": {
        "type": "Point",
        "coordinates": [
          139.864157,
          35.280336
        ]
      },
      "properties": {
        "NO": "2020",
        "共通ID": "E1222600023111",
        "施設・場所名": "大貫小学校",
        "住所": "千葉県富津市小久保114",
        "指定緊急避難場所との住所同一": "1",
        "その他市町村長が必要と認める事項": "",
        "受入対象者": "",
        "備考": ""
      }
    },
    {
      "type": "Feature",
      "geometry": {
        "type": "Point",
        "coordinates": [
          139.857665,
          35.281949
        ]
      },
      "properties": {
        "NO": "2021",
        "共通ID": "E1222600024121",
        "施設・場所名": "中央公民館",
        "住所": "千葉県富津市小久保3014",
        "指定緊急避難場所との住所同一": "1",
        "その他市町村長が必要と認める事項": "",
        "受入対象者": "要配慮者及びその家族",
        "備考": "福祉避難避難室の収容人数は想定収容人数とは別に８人とする。"
      }
    },
    {
      "type": "Feature",
      "geometry": {
        "type": "Point",
        "coordinates": [
          139.857665,
          35.281949
        ]
      },
      "properties": {
        "NO": "2022",
        "共通ID": "E1222600024111",
        "施設・場所名": "中央公民館",
        "住所": "千葉県富津市小久保3014",
        "指定緊急避難場所との住所同一": "1",
        "その他市町村長が必要と認める事項": "",
        "受入対象者": "",
        "備考": "福祉避難避難室の収容人数は想定収容人数とは別に８人とする。"
      }
    },
    {
      "type": "Feature",
      "geometry": {
        "type": "Point",
        "coordinates": [
          139.931152,
          35.214775
        ]
      },
      "properties": {
        "NO": "2023",
        "共通ID": "E1222600025111",
        "施設・場所名": "峰上保育所",
        "住所": "千葉県富津市上後305",
        "指定緊急避難場所との住所同一": "1",
        "その他市町村長が必要と認める事項": null,
        "受入対象者": null,
        "備考": ""
      }
    },
    {
      "type": "Feature",
      "geometry": {
        "type": "Point",
        "coordinates": [
          139.930107,
          35.216243
        ]
      },
      "properties": {
        "NO": "2024",
        "共通ID": "E1222600026111",
        "施設・場所名": "環小学校",
        "住所": "千葉県富津市上後328",
        "指定緊急避難場所との住所同一": "1",
        "その他市町村長が必要と認める事項": "",
        "受入対象者": "",
        "備考": ""
      }
    },
    {
      "type": "Feature",
      "geometry": {
        "type": "Point",
        "coordinates": [
          139.931693,
          35.215468
        ]
      },
      "properties": {
        "NO": "2025",
        "共通ID": "E1222600027111",
        "施設・場所名": "旧天羽東中学校",
        "住所": "千葉県富津市上後395",
        "指定緊急避難場所との住所同一": "1",
        "その他市町村長が必要と認める事項": "",
        "受入対象者": "",
        "備考": ""
      }
    },
    {
      "type": "Feature",
      "geometry": {
        "type": "Point",
        "coordinates": [
          139.828825,
          35.319183
        ]
      },
      "properties": {
        "NO": "2026",
        "共通ID": "E1222600028121",
        "施設・場所名": "富津公民館",
        "住所": "千葉県富津市新井932-34",
        "指定緊急避難場所との住所同一": "1",
        "その他市町村長が必要と認める事項": "",
        "受入対象者": "要配慮者及びその家族",
        "備考": "福祉避難室の収容人数は想定収容人数とは別に８人とする。"
      }
    },
    {
      "type": "Feature",
      "geometry": {
        "type": "Point",
        "coordinates": [
          139.828825,
          35.319183
        ]
      },
      "properties": {
        "NO": "2027",
        "共通ID": "E1222600028111",
        "施設・場所名": "富津公民館",
        "住所": "千葉県富津市新井932-34",
        "指定緊急避難場所との住所同一": "1",
        "その他市町村長が必要と認める事項": "",
        "受入対象者": "",
        "備考": "福祉避難室の収容人数は想定収容人数とは別に８人とする。"
      }
    },
    {
      "type": "Feature",
      "geometry": {
        "type": "Point",
        "coordinates": [
          139.847259,
          35.336103
        ]
      },
      "properties": {
        "NO": "2028",
        "共通ID": "E1222600077111",
        "施設・場所名": "市民ふれあい公園ビジターセンター",
        "住所": "千葉県富津市新富154",
        "指定緊急避難場所との住所同一": "1",
        "その他市町村長が必要と認める事項": "",
        "受入対象者": "",
        "備考": ""
      }
    },
    {
      "type": "Feature",
      "geometry": {
        "type": "Point",
        "coordinates": [
          139.828848,
          35.321537
        ]
      },
      "properties": {
        "NO": "2029",
        "共通ID": "E1222600031111",
        "施設・場所名": "総合社会体育館",
        "住所": "千葉県富津市新富80-4",
        "指定緊急避難場所との住所同一": "1",
        "その他市町村長が必要と認める事項": null,
        "受入対象者": null,
        "備考": ""
      }
    },
    {
      "type": "Feature",
      "geometry": {
        "type": "Point",
        "coordinates": [
          139.881216,
          35.216826
        ]
      },
      "properties": {
        "NO": "2030",
        "共通ID": "E1222600033111",
        "施設・場所名": "天羽高等学校",
        "住所": "千葉県富津市数馬229",
        "指定緊急避難場所との住所同一": "1",
        "その他市町村長が必要と認める事項": "",
        "受入対象者": "",
        "備考": ""
      }
    },
    {
      "type": "Feature",
      "geometry": {
        "type": "Point",
        "coordinates": [
          139.883156,
          35.218719
        ]
      },
      "properties": {
        "NO": "2031",
        "共通ID": "E1222600034111",
        "施設・場所名": "中央保育所",
        "住所": "千葉県富津市数馬579",
        "指定緊急避難場所との住所同一": "1",
        "その他市町村長が必要と認める事項": null,
        "受入対象者": null,
        "備考": ""
      }
    },
    {
      "type": "Feature",
      "geometry": {
        "type": "Point",
        "coordinates": [
          139.88344,
          35.218969
        ]
      },
      "properties": {
        "NO": "2032",
        "共通ID": "E1222600035111",
        "施設・場所名": "天羽小学校",
        "住所": "千葉県富津市数馬581-1",
        "指定緊急避難場所との住所同一": "1",
        "その他市町村長が必要と認める事項": "",
        "受入対象者": "",
        "備考": ""
      }
    },
    {
      "type": "Feature",
      "geometry": {
        "type": "Point",
        "coordinates": [
          139.854283,
          35.2927
        ]
      },
      "properties": {
        "NO": "2033",
        "共通ID": "E1222600039111",
        "施設・場所名": "大貫ふれあいシニア館",
        "住所": "千葉県富津市千種新田346-1",
        "指定緊急避難場所との住所同一": "1",
        "その他市町村長が必要と認める事項": null,
        "受入対象者": null,
        "備考": ""
      }
    },
    {
      "type": "Feature",
      "geometry": {
        "type": "Point",
        "coordinates": [
          139.857089,
          35.335613
        ]
      },
      "properties": {
        "NO": "2034",
        "共通ID": "E1222600047111",
        "施設・場所名": "青堀ふれあいシニア館",
        "住所": "千葉県富津市大堀1-25-1",
        "指定緊急避難場所との住所同一": "1",
        "その他市町村長が必要と認める事項": null,
        "受入対象者": null,
        "備考": ""
      }
    },
    {
      "type": "Feature",
      "geometry": {
        "type": "Point",
        "coordinates": [
          139.851769,
          35.327101
        ]
      },
      "properties": {
        "NO": "2035",
        "共通ID": "E1222600050111",
        "施設・場所名": "青堀小学校",
        "住所": "千葉県富津市大堀2042-4",
        "指定緊急避難場所との住所同一": "1",
        "その他市町村長が必要と認める事項": "",
        "受入対象者": "",
        "備考": ""
      }
    },
    {
      "type": "Feature",
      "geometry": {
        "type": "Point",
        "coordinates": [
          139.845541,
          35.208451
        ]
      },
      "properties": {
        "NO": "2036",
        "共通ID": "E1222600055111",
        "施設・場所名": "竹岡保育所",
        "住所": "千葉県富津市竹岡403-1",
        "指定緊急避難場所との住所同一": "1",
        "その他市町村長が必要と認める事項": null,
        "受入対象者": null,
        "備考": ""
      }
    },
    {
      "type": "Feature",
      "geometry": {
        "type": "Point",
        "coordinates": [
          139.845047,
          35.20774
        ]
      },
      "properties": {
        "NO": "2037",
        "共通ID": "E1222600057111",
        "施設・場所名": "竹岡コミュニティセンター",
        "住所": "千葉県富津市竹岡473-1",
        "指定緊急避難場所との住所同一": "1",
        "その他市町村長が必要と認める事項": null,
        "受入対象者": null,
        "備考": ""
      }
    },
    {
      "type": "Feature",
      "geometry": {
        "type": "Point",
        "coordinates": [
          139.851393,
          35.206285
        ]
      },
      "properties": {
        "NO": "2038",
        "共通ID": "E1222600058111",
        "施設・場所名": "旧竹岡小学校",
        "住所": "千葉県富津市竹岡757",
        "指定緊急避難場所との住所同一": "1",
        "その他市町村長が必要と認める事項": "",
        "受入対象者": "",
        "備考": ""
      }
    },
    {
      "type": "Feature",
      "geometry": {
        "type": "Point",
        "coordinates": [
          139.88238,
          35.260329
        ]
      },
      "properties": {
        "NO": "2039",
        "共通ID": "E1222600059111",
        "施設・場所名": "佐貫小学校",
        "住所": "千葉県富津市鶴岡989-1",
        "指定緊急避難場所との住所同一": "1",
        "その他市町村長が必要と認める事項": "",
        "受入対象者": "",
        "備考": ""
      }
    },
    {
      "type": "Feature",
      "geometry": {
        "type": "Point",
        "coordinates": [
          139.829442,
          35.19747
        ]
      },
      "properties": {
        "NO": "2040",
        "共通ID": "E1222600060111",
        "施設・場所名": "竹岡第６区集会所",
        "住所": "千葉県富津市萩生1104-17",
        "指定緊急避難場所との住所同一": "1",
        "その他市町村長が必要と認める事項": "",
        "受入対象者": "",
        "備考": ""
      }
    },
    {
      "type": "Feature",
      "geometry": {
        "type": "Point",
        "coordinates": [
          139.896882,
          35.21436
        ]
      },
      "properties": {
        "NO": "2041",
        "共通ID": "E1222600062111",
        "施設・場所名": "天神山コミュニティセンター",
        "住所": "千葉県富津市不入斗1697-1",
        "指定緊急避難場所との住所同一": "1",
        "その他市町村長が必要と認める事項": null,
        "受入対象者": null,
        "備考": ""
      }
    },
    {
      "type": "Feature",
      "geometry": {
        "type": "Point",
        "coordinates": [
          139.825028,
          35.312245
        ]
      },
      "properties": {
        "NO": "2042",
        "共通ID": "E1222600065111",
        "施設・場所名": "富津小学校",
        "住所": "千葉県富津市富津396-2",
        "指定緊急避難場所との住所同一": "1",
        "その他市町村長が必要と認める事項": "",
        "受入対象者": "",
        "備考": ""
      }
    },
    {
      "type": "Feature",
      "geometry": {
        "type": "Point",
        "coordinates": [
          139.820937,
          35.307316
        ]
      },
      "properties": {
        "NO": "2043",
        "共通ID": "E1222600067111",
        "施設・場所名": "富津老人憩の家",
        "住所": "千葉県富津市富津679-85",
        "指定緊急避難場所との住所同一": "1",
        "その他市町村長が必要と認める事項": null,
        "受入対象者": null,
        "備考": ""
      }
    },
    {
      "type": "Feature",
      "geometry": {
        "type": "Point",
        "coordinates": [
          139.954377,
          35.191191
        ]
      },
      "properties": {
        "NO": "2044",
        "共通ID": "E1222600069111",
        "施設・場所名": "関豊ふれあいシニア館",
        "住所": "千葉県富津市豊岡1355-1",
        "指定緊急避難場所との住所同一": "1",
        "その他市町村長が必要と認める事項": null,
        "受入対象者": null,
        "備考": ""
      }
    },
    {
      "type": "Feature",
      "geometry": {
        "type": "Point",
        "coordinates": [
          139.954984,
          35.186879
        ]
      },
      "properties": {
        "NO": "2045",
        "共通ID": "E1222600070111",
        "施設・場所名": "わかあゆの郷",
        "住所": "千葉県富津市豊岡1432-1",
        "指定緊急避難場所との住所同一": "1",
        "その他市町村長が必要と認める事項": null,
        "受入対象者": null,
        "備考": ""
      }
    },
    {
      "type": "Feature",
      "geometry": {
        "type": "Point",
        "coordinates": [
          139.956999,
          35.176424
        ]
      },
      "properties": {
        "NO": "2046",
        "共通ID": "E1222600072111",
        "施設・場所名": "市民の森",
        "住所": "千葉県富津市豊岡2785-1",
        "指定緊急避難場所との住所同一": "1",
        "その他市町村長が必要と認める事項": null,
        "受入対象者": null,
        "備考": ""
      }
    },
    {
      "type": "Feature",
      "geometry": {
        "type": "Point",
        "coordinates": [
          139.872595,
          35.222646
        ]
      },
      "properties": {
        "NO": "2047",
        "共通ID": "E1222600076121",
        "施設・場所名": "市民会館",
        "住所": "千葉県富津市湊765-1",
        "指定緊急避難場所との住所同一": "1",
        "その他市町村長が必要と認める事項": "",
        "受入対象者": "要配慮者及びその家族",
        "備考": "指定福祉避難室の収容人数は想定収容人数とは別に７人とする。"
      }
    },
    {
      "type": "Feature",
      "geometry": {
        "type": "Point",
        "coordinates": [
          139.872595,
          35.222646
        ]
      },
      "properties": {
        "NO": "2048",
        "共通ID": "E1222600076111",
        "施設・場所名": "市民会館",
        "住所": "千葉県富津市湊765-1",
        "指定緊急避難場所との住所同一": "1",
        "その他市町村長が必要と認める事項": "",
        "受入対象者": "",
        "備考": "指定福祉避難室の収容人数は想定収容人数とは別に７人とする。"
      }
    },
    {
      "type": "Feature",
      "geometry": {
        "type": "Point",
        "coordinates": [
          140.359794,
          35.706675
        ]
      },
      "properties": {
        "NO": "2049",
        "共通ID": "E1223300001111",
        "施設・場所名": "富里市立富里南小学校",
        "住所": "千葉県富里市御料4-1",
        "指定緊急避難場所との住所同一": "1",
        "その他市町村長が必要と認める事項": null,
        "受入対象者": null,
        "備考": ""
      }
    },
    {
      "type": "Feature",
      "geometry": {
        "type": "Point",
        "coordinates": [
          140.350737,
          35.746347
        ]
      },
      "properties": {
        "NO": "2050",
        "共通ID": "E1223300003111",
        "施設・場所名": "富里市立根木名小学校",
        "住所": "千葉県富里市根木名1005-3",
        "指定緊急避難場所との住所同一": "1",
        "その他市町村長が必要と認める事項": null,
        "受入対象者": null,
        "備考": ""
      }
    },
    {
      "type": "Feature",
      "geometry": {
        "type": "Point",
        "coordinates": [
          140.318771,
          35.736971
        ]
      },
      "properties": {
        "NO": "2051",
        "共通ID": "E1223300004111",
        "施設・場所名": "富里市立七栄小学校",
        "住所": "千葉県富里市七栄132-7",
        "指定緊急避難場所との住所同一": "1",
        "その他市町村長が必要と認める事項": null,
        "受入対象者": null,
        "備考": ""
      }
    },
    {
      "type": "Feature",
      "geometry": {
        "type": "Point",
        "coordinates": [
          140.322682,
          35.73956
        ]
      },
      "properties": {
        "NO": "2052",
        "共通ID": "E1223300005111",
        "施設・場所名": "中部ふれあいセンター",
        "住所": "千葉県富里市七栄448-10",
        "指定緊急避難場所との住所同一": "",
        "その他市町村長が必要と認める事項": null,
        "受入対象者": null,
        "備考": ""
      }
    },
    {
      "type": "Feature",
      "geometry": {
        "type": "Point",
        "coordinates": [
          140.340577,
          35.727633
        ]
      },
      "properties": {
        "NO": "2053",
        "共通ID": "E1223300008111",
        "施設・場所名": "富里市立富里中学校",
        "住所": "千葉県富里市七栄652-226",
        "指定緊急避難場所との住所同一": "1",
        "その他市町村長が必要と認める事項": null,
        "受入対象者": null,
        "備考": ""
      }
    },
    {
      "type": "Feature",
      "geometry": {
        "type": "Point",
        "coordinates": [
          140.33222,
          35.734359
        ]
      },
      "properties": {
        "NO": "2054",
        "共通ID": "E1223300009111",
        "施設・場所名": "富里市立富里小学校",
        "住所": "千葉県富里市七栄720",
        "指定緊急避難場所との住所同一": "1",
        "その他市町村長が必要と認める事項": null,
        "受入対象者": null,
        "備考": ""
      }
    },
    {
      "type": "Feature",
      "geometry": {
        "type": "Point",
        "coordinates": [
          140.359573,
          35.717383
        ]
      },
      "properties": {
        "NO": "2055",
        "共通ID": "E1223300011111",
        "施設・場所名": "富里市立富里南中学校",
        "住所": "千葉県富里市十倉127-38",
        "指定緊急避難場所との住所同一": "1",
        "その他市町村長が必要と認める事項": null,
        "受入対象者": null,
        "備考": ""
      }
    },
    {
      "type": "Feature",
      "geometry": {
        "type": "Point",
        "coordinates": [
          140.338852,
          35.692896
        ]
      },
      "properties": {
        "NO": "2056",
        "共通ID": "E1223300012111",
        "施設・場所名": "富里市立浩養小学校",
        "住所": "千葉県富里市十倉185-54",
        "指定緊急避難場所との住所同一": "1",
        "その他市町村長が必要と認める事項": null,
        "受入対象者": null,
        "備考": ""
      }
    },
    {
      "type": "Feature",
      "geometry": {
        "type": "Point",
        "coordinates": [
          140.386931,
          35.684436
        ]
      },
      "properties": {
        "NO": "2057",
        "共通ID": "E1223300013111",
        "施設・場所名": "旧洗心小学校跡地",
        "住所": "千葉県富里市十倉732-3",
        "指定緊急避難場所との住所同一": "1",
        "その他市町村長が必要と認める事項": "",
        "受入対象者": "",
        "備考": ""
      }
    },
    {
      "type": "Feature",
      "geometry": {
        "type": "Point",
        "coordinates": [
          140.314179,
          35.725153
        ]
      },
      "properties": {
        "NO": "2058",
        "共通ID": "E1223300014111",
        "施設・場所名": "富里市立富里第一小学校",
        "住所": "千葉県富里市中沢573-1",
        "指定緊急避難場所との住所同一": "1",
        "その他市町村長が必要と認める事項": null,
        "受入対象者": null,
        "備考": ""
      }
    },
    {
      "type": "Feature",
      "geometry": {
        "type": "Point",
        "coordinates": [
          140.314139,
          35.759562
        ]
      },
      "properties": {
        "NO": "2059",
        "共通ID": "E1223300015111",
        "施設・場所名": "富里市立富里北中学校",
        "住所": "千葉県富里市日吉倉1515-31",
        "指定緊急避難場所との住所同一": "1",
        "その他市町村長が必要と認める事項": null,
        "受入対象者": null,
        "備考": ""
      }
    },
    {
      "type": "Feature",
      "geometry": {
        "type": "Point",
        "coordinates": [
          140.321618,
          35.766036
        ]
      },
      "properties": {
        "NO": "2060",
        "共通ID": "E1223300021111",
        "施設・場所名": "富里北部コミュニティセンター",
        "住所": "千葉県富里市日吉台3-24-1",
        "指定緊急避難場所との住所同一": "",
        "その他市町村長が必要と認める事項": null,
        "受入対象者": null,
        "備考": ""
      }
    },
    {
      "type": "Feature",
      "geometry": {
        "type": "Point",
        "coordinates": [
          140.320155,
          35.766049
        ]
      },
      "properties": {
        "NO": "2061",
        "共通ID": "E1223300024111",
        "施設・場所名": "富里市立日吉台小学校",
        "住所": "千葉県富里市日吉台4-21",
        "指定緊急避難場所との住所同一": "1",
        "その他市町村長が必要と認める事項": null,
        "受入対象者": null,
        "備考": ""
      }
    },
    {
      "type": "Feature",
      "geometry": {
        "type": "Point",
        "coordinates": [
          140.319598,
          35.361559
        ]
      },
      "properties": {
        "NO": "2062",
        "共通ID": "E1242200001111",
        "施設・場所名": "睦沢町農村環境改善センター",
        "住所": "千葉県睦沢町下之郷1666-1",
        "指定緊急避難場所との住所同一": "",
        "その他市町村長が必要と認める事項": null,
        "受入対象者": null,
        "備考": ""
      }
    },
    {
      "type": "Feature",
      "geometry": {
        "type": "Point",
        "coordinates": [
          140.331423,
          35.365377
        ]
      },
      "properties": {
        "NO": "2063",
        "共通ID": "E1242200002111",
        "施設・場所名": "睦沢小学校",
        "住所": "千葉県睦沢町小滝450-1",
        "指定緊急避難場所との住所同一": "1",
        "その他市町村長が必要と認める事項": null,
        "受入対象者": null,
        "備考": ""
      }
    },
    {
      "type": "Feature",
      "geometry": {
        "type": "Point",
        "coordinates": [
          140.330563,
          35.367575
        ]
      },
      "properties": {
        "NO": "2064",
        "共通ID": "E1242200003111",
        "施設・場所名": "睦沢中学校",
        "住所": "千葉県睦沢町上市場1500",
        "指定緊急避難場所との住所同一": "",
        "その他市町村長が必要と認める事項": null,
        "受入対象者": null,
        "備考": ""
      }
    },
    {
      "type": "Feature",
      "geometry": {
        "type": "Point",
        "coordinates": [
          140.316142,
          35.357605
        ]
      },
      "properties": {
        "NO": "2065",
        "共通ID": "E1242200004111",
        "施設・場所名": "睦沢町総合運動公園",
        "住所": "千葉県睦沢町上之郷1565",
        "指定緊急避難場所との住所同一": "",
        "その他市町村長が必要と認める事項": null,
        "受入対象者": null,
        "備考": ""
      }
    },
    {
      "type": "Feature",
      "geometry": {
        "type": "Point",
        "coordinates": [
          140.314718,
          35.356734
        ]
      },
      "properties": {
        "NO": "2066",
        "共通ID": "E1242200005111",
        "施設・場所名": "睦沢ゆうあい館",
        "住所": "千葉県睦沢町上之郷1654-1",
        "指定緊急避難場所との住所同一": "",
        "その他市町村長が必要と認める事項": null,
        "受入対象者": null,
        "備考": ""
      }
    },
    {
      "type": "Feature",
      "geometry": {
        "type": "Point",
        "coordinates": [
          140.314987,
          35.356858
        ]
      },
      "properties": {
        "NO": "2067",
        "共通ID": "E1242200005112",
        "施設・場所名": "中央公民館",
        "住所": "千葉県睦沢町上之郷1654-1",
        "指定緊急避難場所との住所同一": "",
        "その他市町村長が必要と認める事項": null,
        "受入対象者": null,
        "備考": ""
      }
    },
    {
      "type": "Feature",
      "geometry": {
        "type": "Point",
        "coordinates": [
          140.313603,
          35.356237
        ]
      },
      "properties": {
        "NO": "2068",
        "共通ID": "E1242200006111",
        "施設・場所名": "睦沢こども園",
        "住所": "千葉県睦沢町上之郷1736",
        "指定緊急避難場所との住所同一": "",
        "その他市町村長が必要と認める事項": null,
        "受入対象者": null,
        "備考": ""
      }
    },
    {
      "type": "Feature",
      "geometry": {
        "type": "Point",
        "coordinates": [
          140.303199,
          35.353749
        ]
      },
      "properties": {
        "NO": "2069",
        "共通ID": "E1242200007111",
        "施設・場所名": "むつざわスマートウェルネスタウン・道の駅・つどいの郷",
        "住所": "千葉県睦沢町森2-1",
        "指定緊急避難場所との住所同一": "",
        "その他市町村長が必要と認める事項": null,
        "受入対象者": null,
        "備考": ""
      }
    },
    {
      "type": "Feature",
      "geometry": {
        "type": "Point",
        "coordinates": [
          140.281341,
          35.344241
        ]
      },
      "properties": {
        "NO": "2070",
        "共通ID": "E1242200008111",
        "施設・場所名": "旧瑞沢小学校",
        "住所": "千葉県睦沢町大上3220-1",
        "指定緊急避難場所との住所同一": "1",
        "その他市町村長が必要と認める事項": null,
        "受入対象者": null,
        "備考": ""
      }
    },
    {
      "type": "Feature",
      "geometry": {
        "type": "Point",
        "coordinates": [
          140.353906,
          35.476667
        ]
      },
      "properties": {
        "NO": "2071",
        "共通ID": "E1221000001111",
        "施設・場所名": "豊岡福祉センター",
        "住所": "千葉県茂原市粟生野2675-4",
        "指定緊急避難場所との住所同一": "1",
        "その他市町村長が必要と認める事項": null,
        "受入対象者": null,
        "備考": ""
      }
    },
    {
      "type": "Feature",
      "geometry": {
        "type": "Point",
        "coordinates": [
          140.279406,
          35.443717
        ]
      },
      "properties": {
        "NO": "2072",
        "共通ID": "E1221000002111",
        "施設・場所名": "冨士見中学校",
        "住所": "千葉県茂原市押日1468",
        "指定緊急避難場所との住所同一": "1",
        "その他市町村長が必要と認める事項": null,
        "受入対象者": null,
        "備考": ""
      }
    },
    {
      "type": "Feature",
      "geometry": {
        "type": "Point",
        "coordinates": [
          140.303578,
          35.408902
        ]
      },
      "properties": {
        "NO": "2073",
        "共通ID": "E1221000004111",
        "施設・場所名": "旧中の島幼稚園",
        "住所": "千葉県茂原市下永吉1056-2",
        "指定緊急避難場所との住所同一": "1",
        "その他市町村長が必要と認める事項": "",
        "受入対象者": "",
        "備考": ""
      }
    },
    {
      "type": "Feature",
      "geometry": {
        "type": "Point",
        "coordinates": [
          140.279114,
          35.481972
        ]
      },
      "properties": {
        "NO": "2074",
        "共通ID": "E1221000006111",
        "施設・場所名": "旧新治小学校",
        "住所": "千葉県茂原市下太田150",
        "指定緊急避難場所との住所同一": "1",
        "その他市町村長が必要と認める事項": "",
        "受入対象者": "",
        "備考": ""
      }
    },
    {
      "type": "Feature",
      "geometry": {
        "type": "Point",
        "coordinates": [
          140.349393,
          35.475379
        ]
      },
      "properties": {
        "NO": "2075",
        "共通ID": "E1221000007111",
        "施設・場所名": "豊岡小学校",
        "住所": "千葉県茂原市弓渡255",
        "指定緊急避難場所との住所同一": "1",
        "その他市町村長が必要と認める事項": null,
        "受入対象者": null,
        "備考": ""
      }
    },
    {
      "type": "Feature",
      "geometry": {
        "type": "Point",
        "coordinates": [
          140.277167,
          35.416061
        ]
      },
      "properties": {
        "NO": "2076",
        "共通ID": "E1221000008111",
        "施設・場所名": "五郷小学校",
        "住所": "千葉県茂原市綱島1185",
        "指定緊急避難場所との住所同一": "1",
        "その他市町村長が必要と認める事項": null,
        "受入対象者": null,
        "備考": ""
      }
    },
    {
      "type": "Feature",
      "geometry": {
        "type": "Point",
        "coordinates": [
          140.280649,
          35.411047
        ]
      },
      "properties": {
        "NO": "2077",
        "共通ID": "E1221000009111",
        "施設・場所名": "五郷福祉センター",
        "住所": "千葉県茂原市綱島656",
        "指定緊急避難場所との住所同一": "1",
        "その他市町村長が必要と認める事項": null,
        "受入対象者": null,
        "備考": ""
      }
    },
    {
      "type": "Feature",
      "geometry": {
        "type": "Point",
        "coordinates": [
          140.285713,
          35.433157
        ]
      },
      "properties": {
        "NO": "2078",
        "共通ID": "E1221000010111",
        "施設・場所名": "茂原高等学校",
        "住所": "千葉県茂原市高師1300",
        "指定緊急避難場所との住所同一": "1",
        "その他市町村長が必要と認める事項": null,
        "受入対象者": null,
        "備考": ""
      }
    },
    {
      "type": "Feature",
      "geometry": {
        "type": "Point",
        "coordinates": [
          140.295097,
          35.438775
        ]
      },
      "properties": {
        "NO": "2079",
        "共通ID": "E1221000012111",
        "施設・場所名": "茂原市市民体育館",
        "住所": "千葉県茂原市高師2165",
        "指定緊急避難場所との住所同一": "1",
        "その他市町村長が必要と認める事項": null,
        "受入対象者": null,
        "備考": ""
      }
    },
    {
      "type": "Feature",
      "geometry": {
        "type": "Point",
        "coordinates": [
          140.298227,
          35.433182
        ]
      },
      "properties": {
        "NO": "2080",
        "共通ID": "E1221000013111",
        "施設・場所名": "長生高等学校",
        "住所": "千葉県茂原市高師286",
        "指定緊急避難場所との住所同一": "1",
        "その他市町村長が必要と認める事項": null,
        "受入対象者": null,
        "備考": ""
      }
    },
    {
      "type": "Feature",
      "geometry": {
        "type": "Point",
        "coordinates": [
          140.260132,
          35.44854
        ]
      },
      "properties": {
        "NO": "2081",
        "共通ID": "E1221000035111",
        "施設・場所名": "二宮福祉センター",
        "住所": "千葉県茂原市国府関1683-1",
        "指定緊急避難場所との住所同一": "1",
        "その他市町村長が必要と認める事項": "",
        "受入対象者": "",
        "備考": ""
      }
    },
    {
      "type": "Feature",
      "geometry": {
        "type": "Point",
        "coordinates": [
          140.294645,
          35.406259
        ]
      },
      "properties": {
        "NO": "2082",
        "共通ID": "E1221000015111",
        "施設・場所名": "南中学校",
        "住所": "千葉県茂原市上永吉1185-2",
        "指定緊急避難場所との住所同一": "1",
        "その他市町村長が必要と認める事項": null,
        "受入対象者": null,
        "備考": ""
      }
    },
    {
      "type": "Feature",
      "geometry": {
        "type": "Point",
        "coordinates": [
          140.298119,
          35.395135
        ]
      },
      "properties": {
        "NO": "2083",
        "共通ID": "E1221000016111",
        "施設・場所名": "鶴枝小学校",
        "住所": "千葉県茂原市上永吉955",
        "指定緊急避難場所との住所同一": "1",
        "その他市町村長が必要と認める事項": null,
        "受入対象者": null,
        "備考": ""
      }
    },
    {
      "type": "Feature",
      "geometry": {
        "type": "Point",
        "coordinates": [
          140.327362,
          35.447401
        ]
      },
      "properties": {
        "NO": "2084",
        "共通ID": "E1221000018111",
        "施設・場所名": "東郷小学校",
        "住所": "千葉県茂原市谷本142",
        "指定緊急避難場所との住所同一": "1",
        "その他市町村長が必要と認める事項": null,
        "受入対象者": null,
        "備考": ""
      }
    },
    {
      "type": "Feature",
      "geometry": {
        "type": "Point",
        "coordinates": [
          140.324911,
          35.441679
        ]
      },
      "properties": {
        "NO": "2085",
        "共通ID": "E1221000019111",
        "施設・場所名": "東郷福祉センター",
        "住所": "千葉県茂原市谷本1887-1",
        "指定緊急避難場所との住所同一": "1",
        "その他市町村長が必要と認める事項": null,
        "受入対象者": null,
        "備考": ""
      }
    },
    {
      "type": "Feature",
      "geometry": {
        "type": "Point",
        "coordinates": [
          140.303075,
          35.431101
        ]
      },
      "properties": {
        "NO": "2086",
        "共通ID": "E1221000021111",
        "施設・場所名": "総合市民センター",
        "住所": "千葉県茂原市町保13-20",
        "指定緊急避難場所との住所同一": "1",
        "その他市町村長が必要と認める事項": null,
        "受入対象者": null,
        "備考": ""
      }
    },
    {
      "type": "Feature",
      "geometry": {
        "type": "Point",
        "coordinates": [
          140.29152,
          35.456318
        ]
      },
      "properties": {
        "NO": "2087",
        "共通ID": "E1221000022111",
        "施設・場所名": "豊田福祉センター",
        "住所": "千葉県茂原市長尾148",
        "指定緊急避難場所との住所同一": "1",
        "その他市町村長が必要と認める事項": null,
        "受入対象者": null,
        "備考": ""
      }
    },
    {
      "type": "Feature",
      "geometry": {
        "type": "Point",
        "coordinates": [
          140.292577,
          35.455776
        ]
      },
      "properties": {
        "NO": "2088",
        "共通ID": "E1221000023111",
        "施設・場所名": "豊田小学校",
        "住所": "千葉県茂原市長尾156",
        "指定緊急避難場所との住所同一": "1",
        "その他市町村長が必要と認める事項": null,
        "受入対象者": null,
        "備考": ""
      }
    },
    {
      "type": "Feature",
      "geometry": {
        "type": "Point",
        "coordinates": [
          140.319713,
          35.43545
        ]
      },
      "properties": {
        "NO": "2089",
        "共通ID": "E1221000025111",
        "施設・場所名": "東中学校",
        "住所": "千葉県茂原市東郷301",
        "指定緊急避難場所との住所同一": "1",
        "その他市町村長が必要と認める事項": null,
        "受入対象者": null,
        "備考": ""
      }
    },
    {
      "type": "Feature",
      "geometry": {
        "type": "Point",
        "coordinates": [
          140.318272,
          35.421146
        ]
      },
      "properties": {
        "NO": "2090",
        "共通ID": "E1221000026111",
        "施設・場所名": "東部台文化会館",
        "住所": "千葉県茂原市東部台1-7-15",
        "指定緊急避難場所との住所同一": "1",
        "その他市町村長が必要と認める事項": null,
        "受入対象者": null,
        "備考": ""
      }
    },
    {
      "type": "Feature",
      "geometry": {
        "type": "Point",
        "coordinates": [
          140.318372,
          35.422348
        ]
      },
      "properties": {
        "NO": "2091",
        "共通ID": "E1221000027111",
        "施設・場所名": "東部小学校",
        "住所": "千葉県茂原市東部台1-9-1",
        "指定緊急避難場所との住所同一": "1",
        "その他市町村長が必要と認める事項": null,
        "受入対象者": null,
        "備考": ""
      }
    },
    {
      "type": "Feature",
      "geometry": {
        "type": "Point",
        "coordinates": [
          140.300073,
          35.438459
        ]
      },
      "properties": {
        "NO": "2092",
        "共通ID": "E1221000028111",
        "施設・場所名": "萩原小学校",
        "住所": "千葉県茂原市萩原町1-17",
        "指定緊急避難場所との住所同一": "1",
        "その他市町村長が必要と認める事項": null,
        "受入対象者": null,
        "備考": ""
      }
    },
    {
      "type": "Feature",
      "geometry": {
        "type": "Point",
        "coordinates": [
          140.314257,
          35.451679
        ]
      },
      "properties": {
        "NO": "2093",
        "共通ID": "E1221000029111",
        "施設・場所名": "千葉県生涯大学校外房学園",
        "住所": "千葉県茂原市本小轡319-1",
        "指定緊急避難場所との住所同一": "1",
        "その他市町村長が必要と認める事項": null,
        "受入対象者": null,
        "備考": ""
      }
    },
    {
      "type": "Feature",
      "geometry": {
        "type": "Point",
        "coordinates": [
          140.307305,
          35.486352
        ]
      },
      "properties": {
        "NO": "2094",
        "共通ID": "E1221000030111",
        "施設・場所名": "本納小学校・本納中学校",
        "住所": "千葉県茂原市本納1623",
        "指定緊急避難場所との住所同一": "1",
        "その他市町村長が必要と認める事項": null,
        "受入対象者": null,
        "備考": ""
      }
    },
    {
      "type": "Feature",
      "geometry": {
        "type": "Point",
        "coordinates": [
          140.306362,
          35.484439
        ]
      },
      "properties": {
        "NO": "2095",
        "共通ID": "E1221000031111",
        "施設・場所名": "本納公民館（ほのおか館）",
        "住所": "千葉県茂原市本納1741-1",
        "指定緊急避難場所との住所同一": "1",
        "その他市町村長が必要と認める事項": null,
        "受入対象者": null,
        "備考": ""
      }
    },
    {
      "type": "Feature",
      "geometry": {
        "type": "Point",
        "coordinates": [
          140.283264,
          35.427135
        ]
      },
      "properties": {
        "NO": "2096",
        "共通ID": "E1221000036111",
        "施設・場所名": "西小学校",
        "住所": "千葉県茂原市茂原1229-1",
        "指定緊急避難場所との住所同一": "1",
        "その他市町村長が必要と認める事項": "",
        "受入対象者": "",
        "備考": ""
      }
    },
    {
      "type": "Feature",
      "geometry": {
        "type": "Point",
        "coordinates": [
          140.299074,
          35.425568
        ]
      },
      "properties": {
        "NO": "2097",
        "共通ID": "E1221000032111",
        "施設・場所名": "茂原小学校",
        "住所": "千葉県茂原市茂原614",
        "指定緊急避難場所との住所同一": "1",
        "その他市町村長が必要と認める事項": null,
        "受入対象者": null,
        "備考": ""
      }
    },
    {
      "type": "Feature",
      "geometry": {
        "type": "Point",
        "coordinates": [
          140.261534,
          35.439251
        ]
      },
      "properties": {
        "NO": "2098",
        "共通ID": "E1221000033111",
        "施設・場所名": "旧西陵中学校",
        "住所": "千葉県茂原市緑ケ丘1-53",
        "指定緊急避難場所との住所同一": "1",
        "その他市町村長が必要と認める事項": null,
        "受入対象者": null,
        "備考": ""
      }
    },
    {
      "type": "Feature",
      "geometry": {
        "type": "Point",
        "coordinates": [
          140.256133,
          35.439758
        ]
      },
      "properties": {
        "NO": "2099",
        "共通ID": "E1221000034111",
        "施設・場所名": "二宮小学校（旧緑ケ丘小学校）",
        "住所": "千葉県茂原市緑ケ丘4-38",
        "指定緊急避難場所との住所同一": "1",
        "その他市町村長が必要と認める事項": null,
        "受入対象者": null,
        "備考": ""
      }
    },
    {
      "type": "Feature",
      "geometry": {
        "type": "Point",
        "coordinates": [
          139.989799,
          35.332794
        ]
      },
      "properties": {
        "NO": "2100",
        "共通ID": "E1220600073111",
        "施設・場所名": "かずさアカデミアホール",
        "住所": "千葉県木更津市かずさ鎌足2-3-9",
        "指定緊急避難場所との住所同一": "1",
        "その他市町村長が必要と認める事項": "",
        "受入対象者": "",
        "備考": "201会議室及び202会議室のみ使用可。"
      }
    },
    {
      "type": "Feature",
      "geometry": {
        "type": "Point",
        "coordinates": [
          139.969511,
          35.373088
        ]
      },
      "properties": {
        "NO": "2101",
        "共通ID": "E1220600001111",
        "施設・場所名": "木更津市立南清小学校",
        "住所": "千葉県木更津市ほたる野3-5",
        "指定緊急避難場所との住所同一": "1",
        "その他市町村長が必要と認める事項": "",
        "受入対象者": "",
        "備考": ""
      }
    },
    {
      "type": "Feature",
      "geometry": {
        "type": "Point",
        "coordinates": [
          139.970369,
          35.40555
        ]
      },
      "properties": {
        "NO": "2102",
        "共通ID": "E1220600002111",
        "施設・場所名": "木更津市立中郷地域交流センター",
        "住所": "千葉県木更津市井尻789",
        "指定緊急避難場所との住所同一": "1",
        "その他市町村長が必要と認める事項": "",
        "受入対象者": "",
        "備考": ""
      }
    },
    {
      "type": "Feature",
      "geometry": {
        "type": "Point",
        "coordinates": [
          139.972416,
          35.405837
        ]
      },
      "properties": {
        "NO": "2103",
        "共通ID": "E1220600003111",
        "施設・場所名": "木更津市立中郷小学校",
        "住所": "千葉県木更津市井尻978",
        "指定緊急避難場所との住所同一": "1",
        "その他市町村長が必要と認める事項": "",
        "受入対象者": "",
        "備考": ""
      }
    },
    {
      "type": "Feature",
      "geometry": {
        "type": "Point",
        "coordinates": [
          139.944815,
          35.388467
        ]
      },
      "properties": {
        "NO": "2104",
        "共通ID": "E1220600004111",
        "施設・場所名": "木更津市立木更津第三中学校",
        "住所": "千葉県木更津市永井作1-1-1",
        "指定緊急避難場所との住所同一": "1",
        "その他市町村長が必要と認める事項": "",
        "受入対象者": "",
        "備考": ""
      }
    },
    {
      "type": "Feature",
      "geometry": {
        "type": "Point",
        "coordinates": [
          139.945077,
          35.390934
        ]
      },
      "properties": {
        "NO": "2105",
        "共通ID": "E1220600005111",
        "施設・場所名": "木更津市立西清川地域交流センター",
        "住所": "千葉県木更津市永井作2-11-12",
        "指定緊急避難場所との住所同一": "1",
        "その他市町村長が必要と認める事項": "",
        "受入対象者": "",
        "備考": ""
      }
    },
    {
      "type": "Feature",
      "geometry": {
        "type": "Point",
        "coordinates": [
          140.041686,
          35.358136
        ]
      },
      "properties": {
        "NO": "2106",
        "共通ID": "E1220600007111",
        "施設・場所名": "木更津市立富岡地域交流センター",
        "住所": "千葉県木更津市下郡1770-1",
        "指定緊急避難場所との住所同一": "1",
        "その他市町村長が必要と認める事項": "",
        "受入対象者": "",
        "備考": ""
      }
    },
    {
      "type": "Feature",
      "geometry": {
        "type": "Point",
        "coordinates": [
          140.039339,
          35.353658
        ]
      },
      "properties": {
        "NO": "2107",
        "共通ID": "E1220600008111",
        "施設・場所名": "旧木更津市立富岡小学校",
        "住所": "千葉県木更津市下郡1886",
        "指定緊急避難場所との住所同一": "1",
        "その他市町村長が必要と認める事項": "",
        "受入対象者": "",
        "備考": ""
      }
    },
    {
      "type": "Feature",
      "geometry": {
        "type": "Point",
        "coordinates": [
          139.918688,
          35.374517
        ]
      },
      "properties": {
        "NO": "2108",
        "共通ID": "E1220600009111",
        "施設・場所名": "木更津市民体育館",
        "住所": "千葉県木更津市貝渕2-13-40",
        "指定緊急避難場所との住所同一": "1",
        "その他市町村長が必要と認める事項": "",
        "受入対象者": "",
        "備考": ""
      }
    },
    {
      "type": "Feature",
      "geometry": {
        "type": "Point",
        "coordinates": [
          139.923932,
          35.413624
        ]
      },
      "properties": {
        "NO": "2109",
        "共通ID": "E1220600011111",
        "施設・場所名": "木更津市立岩根西中学校",
        "住所": "千葉県木更津市久津間373",
        "指定緊急避難場所との住所同一": "1",
        "その他市町村長が必要と認める事項": "",
        "受入対象者": "",
        "備考": ""
      }
    },
    {
      "type": "Feature",
      "geometry": {
        "type": "Point",
        "coordinates": [
          139.93187,
          35.433554
        ]
      },
      "properties": {
        "NO": "2110",
        "共通ID": "E1220600012111",
        "施設・場所名": "木更津市金田地域交流センター",
        "住所": "千葉県木更津市金田東6-11-1",
        "指定緊急避難場所との住所同一": "1",
        "その他市町村長が必要と認める事項": "",
        "受入対象者": "",
        "備考": ""
      }
    },
    {
      "type": "Feature",
      "geometry": {
        "type": "Point",
        "coordinates": [
          139.920696,
          35.408894
        ]
      },
      "properties": {
        "NO": "2111",
        "共通ID": "E1220600013111",
        "施設・場所名": "木更津市立岩根西地域交流センター",
        "住所": "千葉県木更津市江川934-1",
        "指定緊急避難場所との住所同一": "1",
        "その他市町村長が必要と認める事項": "",
        "受入対象者": "",
        "備考": ""
      }
    },
    {
      "type": "Feature",
      "geometry": {
        "type": "Point",
        "coordinates": [
          139.941293,
          35.411922
        ]
      },
      "properties": {
        "NO": "2112",
        "共通ID": "E1220600016111",
        "施設・場所名": "木更津市立岩根地域交流センター",
        "住所": "千葉県木更津市高柳3-2-1",
        "指定緊急避難場所との住所同一": "1",
        "その他市町村長が必要と認める事項": "",
        "受入対象者": "",
        "備考": ""
      }
    },
    {
      "type": "Feature",
      "geometry": {
        "type": "Point",
        "coordinates": [
          139.94479,
          35.412306
        ]
      },
      "properties": {
        "NO": "2113",
        "共通ID": "E1220600017111",
        "施設・場所名": "木更津市立岩根中学校",
        "住所": "千葉県木更津市高柳3-7-49",
        "指定緊急避難場所との住所同一": "1",
        "その他市町村長が必要と認める事項": "",
        "受入対象者": "",
        "備考": ""
      }
    },
    {
      "type": "Feature",
      "geometry": {
        "type": "Point",
        "coordinates": [
          139.947923,
          35.412004
        ]
      },
      "properties": {
        "NO": "2114",
        "共通ID": "E1220600018111",
        "施設・場所名": "木更津市立高柳小学校",
        "住所": "千葉県木更津市高柳5932",
        "指定緊急避難場所との住所同一": "1",
        "その他市町村長が必要と認める事項": "",
        "受入対象者": "",
        "備考": ""
      }
    },
    {
      "type": "Feature",
      "geometry": {
        "type": "Point",
        "coordinates": [
          139.928006,
          35.363503
        ]
      },
      "properties": {
        "NO": "2115",
        "共通ID": "E1220600019111",
        "施設・場所名": "拓殖大学紅陵高等学校",
        "住所": "千葉県木更津市桜井1403",
        "指定緊急避難場所との住所同一": "1",
        "その他市町村長が必要と認める事項": null,
        "受入対象者": null,
        "備考": ""
      }
    },
    {
      "type": "Feature",
      "geometry": {
        "type": "Point",
        "coordinates": [
          139.921267,
          35.365632
        ]
      },
      "properties": {
        "NO": "2116",
        "共通ID": "E1220600021111",
        "施設・場所名": "木更津市立桜井地域交流センター",
        "住所": "千葉県木更津市桜井新町4-2",
        "指定緊急避難場所との住所同一": "1",
        "その他市町村長が必要と認める事項": "",
        "受入対象者": "",
        "備考": ""
      }
    },
    {
      "type": "Feature",
      "geometry": {
        "type": "Point",
        "coordinates": [
          139.98432,
          35.389483
        ]
      },
      "properties": {
        "NO": "2117",
        "共通ID": "E1220600024111",
        "施設・場所名": "木更津市立東清地域交流センター",
        "住所": "千葉県木更津市笹子469-1",
        "指定緊急避難場所との住所同一": "1",
        "その他市町村長が必要と認める事項": "",
        "受入対象者": "",
        "備考": ""
      }
    },
    {
      "type": "Feature",
      "geometry": {
        "type": "Point",
        "coordinates": [
          139.938313,
          35.36198
        ]
      },
      "properties": {
        "NO": "2118",
        "共通ID": "E1220600025111",
        "施設・場所名": "木更津市立真舟小学校",
        "住所": "千葉県木更津市真舟2-6-1",
        "指定緊急避難場所との住所同一": "1",
        "その他市町村長が必要と認める事項": "",
        "受入対象者": "",
        "備考": ""
      }
    },
    {
      "type": "Feature",
      "geometry": {
        "type": "Point",
        "coordinates": [
          139.932026,
          35.355108
        ]
      },
      "properties": {
        "NO": "2119",
        "共通ID": "E1220600026111",
        "施設・場所名": "志学館中等部・高等部",
        "住所": "千葉県木更津市真舟3-29-1",
        "指定緊急避難場所との住所同一": "1",
        "その他市町村長が必要と認める事項": null,
        "受入対象者": null,
        "備考": ""
      }
    },
    {
      "type": "Feature",
      "geometry": {
        "type": "Point",
        "coordinates": [
          140.060487,
          35.366798
        ]
      },
      "properties": {
        "NO": "2120",
        "共通ID": "E1220600028111",
        "施設・場所名": "木更津市立富来田地域交流センター",
        "住所": "千葉県木更津市真里谷110",
        "指定緊急避難場所との住所同一": "1",
        "その他市町村長が必要と認める事項": "",
        "受入対象者": "",
        "備考": ""
      }
    },
    {
      "type": "Feature",
      "geometry": {
        "type": "Point",
        "coordinates": [
          140.066043,
          35.368733
        ]
      },
      "properties": {
        "NO": "2121",
        "共通ID": "E1220600029111",
        "施設・場所名": "木更津市立富来田中学校",
        "住所": "千葉県木更津市真里谷275",
        "指定緊急避難場所との住所同一": "1",
        "その他市町村長が必要と認める事項": "",
        "受入対象者": "",
        "備考": ""
      }
    },
    {
      "type": "Feature",
      "geometry": {
        "type": "Point",
        "coordinates": [
          140.068519,
          35.369104
        ]
      },
      "properties": {
        "NO": "2122",
        "共通ID": "E1220600030111",
        "施設・場所名": "木更津市立富来田小学校",
        "住所": "千葉県木更津市真里谷518",
        "指定緊急避難場所との住所同一": "1",
        "その他市町村長が必要と認める事項": "",
        "受入対象者": "",
        "備考": ""
      }
    },
    {
      "type": "Feature",
      "geometry": {
        "type": "Point",
        "coordinates": [
          139.983183,
          35.38949
        ]
      },
      "properties": {
        "NO": "2123",
        "共通ID": "E1220600031111",
        "施設・場所名": "木更津市立東清小学校",
        "住所": "千葉県木更津市菅生114",
        "指定緊急避難場所との住所同一": "1",
        "その他市町村長が必要と認める事項": "",
        "受入対象者": "",
        "備考": ""
      }
    },
    {
      "type": "Feature",
      "geometry": {
        "type": "Point",
        "coordinates": [
          139.950749,
          35.381505
        ]
      },
      "properties": {
        "NO": "2124",
        "共通ID": "E1220600033111",
        "施設・場所名": "木更津市立清見台小学校",
        "住所": "千葉県木更津市清見台南1-15-1",
        "指定緊急避難場所との住所同一": "1",
        "その他市町村長が必要と認める事項": "",
        "受入対象者": "",
        "備考": ""
      }
    },
    {
      "type": "Feature",
      "geometry": {
        "type": "Point",
        "coordinates": [
          139.959173,
          35.379952
        ]
      },
      "properties": {
        "NO": "2125",
        "共通ID": "E1220600035111",
        "施設・場所名": "木更津市立清見台地域交流センター",
        "住所": "千葉県木更津市清見台南5-1-29",
        "指定緊急避難場所との住所同一": "1",
        "その他市町村長が必要と認める事項": "",
        "受入対象者": "",
        "備考": ""
      }
    },
    {
      "type": "Feature",
      "geometry": {
        "type": "Point",
        "coordinates": [
          139.959251,
          35.386941
        ]
      },
      "properties": {
        "NO": "2126",
        "共通ID": "E1220600036111",
        "施設・場所名": "木更津市立祇園小学校",
        "住所": "千葉県木更津市清川1-1-1",
        "指定緊急避難場所との住所同一": "1",
        "その他市町村長が必要と認める事項": "",
        "受入対象者": "",
        "備考": ""
      }
    },
    {
      "type": "Feature",
      "geometry": {
        "type": "Point",
        "coordinates": [
          139.927476,
          35.407487
        ]
      },
      "properties": {
        "NO": "2127",
        "共通ID": "E1220600038111",
        "施設・場所名": "木更津市立岩根小学校",
        "住所": "千葉県木更津市西岩根8-1",
        "指定緊急避難場所との住所同一": "1",
        "その他市町村長が必要と認める事項": "",
        "受入対象者": "",
        "備考": ""
      }
    },
    {
      "type": "Feature",
      "geometry": {
        "type": "Point",
        "coordinates": [
          139.944139,
          35.37492
        ]
      },
      "properties": {
        "NO": "2128",
        "共通ID": "E1220600039111",
        "施設・場所名": "木更津市立請西小学校",
        "住所": "千葉県木更津市請西2-8-1",
        "指定緊急避難場所との住所同一": "1",
        "その他市町村長が必要と認める事項": "",
        "受入対象者": "",
        "備考": ""
      }
    },
    {
      "type": "Feature",
      "geometry": {
        "type": "Point",
        "coordinates": [
          139.937527,
          35.372783
        ]
      },
      "properties": {
        "NO": "2129",
        "共通ID": "E1220600041111",
        "施設・場所名": "木更津市立木更津第二中学校",
        "住所": "千葉県木更津市請西941",
        "指定緊急避難場所との住所同一": "1",
        "その他市町村長が必要と認める事項": "",
        "受入対象者": "",
        "備考": ""
      }
    },
    {
      "type": "Feature",
      "geometry": {
        "type": "Point",
        "coordinates": [
          139.929761,
          35.341063
        ]
      },
      "properties": {
        "NO": "2130",
        "共通ID": "E1220600043111",
        "施設・場所名": "木更津市立波岡中学校",
        "住所": "千葉県木更津市大久保3-9-1",
        "指定緊急避難場所との住所同一": "1",
        "その他市町村長が必要と認める事項": "",
        "受入対象者": "",
        "備考": ""
      }
    },
    {
      "type": "Feature",
      "geometry": {
        "type": "Point",
        "coordinates": [
          139.935919,
          35.344988
        ]
      },
      "properties": {
        "NO": "2131",
        "共通ID": "E1220600044111",
        "施設・場所名": "木更津市立波岡地域交流センター",
        "住所": "千葉県木更津市大久保5-7-1",
        "指定緊急避難場所との住所同一": "1",
        "その他市町村長が必要と認める事項": "",
        "受入対象者": "",
        "備考": ""
      }
    },
    {
      "type": "Feature",
      "geometry": {
        "type": "Point",
        "coordinates": [
          139.92579,
          35.385787
        ]
      },
      "properties": {
        "NO": "2132",
        "共通ID": "E1220600045111",
        "施設・場所名": "木更津市立木更津第一中学校",
        "住所": "千葉県木更津市中央1-10-1",
        "指定緊急避難場所との住所同一": "1",
        "その他市町村長が必要と認める事項": "",
        "受入対象者": "",
        "備考": ""
      }
    },
    {
      "type": "Feature",
      "geometry": {
        "type": "Point",
        "coordinates": [
          139.924711,
          35.384556
        ]
      },
      "properties": {
        "NO": "2133",
        "共通ID": "E1220600046111",
        "施設・場所名": "木更津市立木更津第一小学校",
        "住所": "千葉県木更津市中央1-11-1",
        "指定緊急避難場所との住所同一": "1",
        "その他市町村長が必要と認める事項": "",
        "受入対象者": "",
        "備考": ""
      }
    },
    {
      "type": "Feature",
      "geometry": {
        "type": "Point",
        "coordinates": [
          139.926251,
          35.427329
        ]
      },
      "properties": {
        "NO": "2134",
        "共通ID": "E1220600047111",
        "施設・場所名": "木更津市立金田中学校",
        "住所": "千葉県木更津市中島2820",
        "指定緊急避難場所との住所同一": "1",
        "その他市町村長が必要と認める事項": "",
        "受入対象者": "",
        "備考": ""
      }
    },
    {
      "type": "Feature",
      "geometry": {
        "type": "Point",
        "coordinates": [
          139.926191,
          35.425703
        ]
      },
      "properties": {
        "NO": "2135",
        "共通ID": "E1220600048111",
        "施設・場所名": "木更津市立金田小学校",
        "住所": "千葉県木更津市中島2931-1",
        "指定緊急避難場所との住所同一": "1",
        "その他市町村長が必要と認める事項": "",
        "受入対象者": "",
        "備考": ""
      }
    },
    {
      "type": "Feature",
      "geometry": {
        "type": "Point",
        "coordinates": [
          139.970981,
          35.385338
        ]
      },
      "properties": {
        "NO": "2136",
        "共通ID": "E1220600049111",
        "施設・場所名": "木更津市立清川中学校",
        "住所": "千葉県木更津市中尾1096",
        "指定緊急避難場所との住所同一": "1",
        "その他市町村長が必要と認める事項": "",
        "受入対象者": "",
        "備考": ""
      }
    },
    {
      "type": "Feature",
      "geometry": {
        "type": "Point",
        "coordinates": [
          139.938496,
          35.387598
        ]
      },
      "properties": {
        "NO": "2137",
        "共通ID": "E1220600050111",
        "施設・場所名": "木更津市立西清小学校",
        "住所": "千葉県木更津市長須賀2445",
        "指定緊急避難場所との住所同一": "1",
        "その他市町村長が必要と認める事項": "",
        "受入対象者": "",
        "備考": ""
      }
    },
    {
      "type": "Feature",
      "geometry": {
        "type": "Point",
        "coordinates": [
          139.948822,
          35.37806
        ]
      },
      "properties": {
        "NO": "2138",
        "共通ID": "E1220600051111",
        "施設・場所名": "木更津市立太田中学校",
        "住所": "千葉県木更津市東太田1-2-1",
        "指定緊急避難場所との住所同一": "1",
        "その他市町村長が必要と認める事項": "",
        "受入対象者": "",
        "備考": ""
      }
    },
    {
      "type": "Feature",
      "geometry": {
        "type": "Point",
        "coordinates": [
          139.957422,
          35.375313
        ]
      },
      "properties": {
        "NO": "2139",
        "共通ID": "E1220600052111",
        "施設・場所名": "木更津総合高等学校",
        "住所": "千葉県木更津市東太田3-4-1",
        "指定緊急避難場所との住所同一": "1",
        "その他市町村長が必要と認める事項": null,
        "受入対象者": null,
        "備考": ""
      }
    },
    {
      "type": "Feature",
      "geometry": {
        "type": "Point",
        "coordinates": [
          139.9599,
          35.376653
        ]
      },
      "properties": {
        "NO": "2140",
        "共通ID": "E1220600053111",
        "施設・場所名": "清和大学短期大学部",
        "住所": "千葉県木更津市東太田3-4-2",
        "指定緊急避難場所との住所同一": "1",
        "その他市町村長が必要と認める事項": null,
        "受入対象者": null,
        "備考": ""
      }
    },
    {
      "type": "Feature",
      "geometry": {
        "type": "Point",
        "coordinates": [
          139.9596,
          35.376454
        ]
      },
      "properties": {
        "NO": "2141",
        "共通ID": "E1220600072111",
        "施設・場所名": "清和大学",
        "住所": "千葉県木更津市東太田3-4-5",
        "指定緊急避難場所との住所同一": "1",
        "その他市町村長が必要と認める事項": "",
        "受入対象者": "",
        "備考": ""
      }
    },
    {
      "type": "Feature",
      "geometry": {
        "type": "Point",
        "coordinates": [
          139.914325,
          35.348022
        ]
      },
      "properties": {
        "NO": "2142",
        "共通ID": "E1220600054111",
        "施設・場所名": "木更津市立畑沢中学校",
        "住所": "千葉県木更津市畑沢1053-1",
        "指定緊急避難場所との住所同一": "1",
        "その他市町村長が必要と認める事項": "",
        "受入対象者": "",
        "備考": ""
      }
    },
    {
      "type": "Feature",
      "geometry": {
        "type": "Point",
        "coordinates": [
          139.912816,
          35.347644
        ]
      },
      "properties": {
        "NO": "2143",
        "共通ID": "E1220600055111",
        "施設・場所名": "木更津市立畑沢地域交流センター",
        "住所": "千葉県木更津市畑沢1053-12",
        "指定緊急避難場所との住所同一": "1",
        "その他市町村長が必要と認める事項": "",
        "受入対象者": "",
        "備考": ""
      }
    },
    {
      "type": "Feature",
      "geometry": {
        "type": "Point",
        "coordinates": [
          139.903916,
          35.342099
        ]
      },
      "properties": {
        "NO": "2144",
        "共通ID": "E1220600058111",
        "施設・場所名": "木更津市立畑沢小学校",
        "住所": "千葉県木更津市畑沢南2-16-1",
        "指定緊急避難場所との住所同一": "1",
        "その他市町村長が必要と認める事項": "",
        "受入対象者": "",
        "備考": ""
      }
    },
    {
      "type": "Feature",
      "geometry": {
        "type": "Point",
        "coordinates": [
          139.951223,
          35.341556
        ]
      },
      "properties": {
        "NO": "2145",
        "共通ID": "E1220600061111",
        "施設・場所名": "木更津市立八幡台地域交流センター",
        "住所": "千葉県木更津市八幡台4-2-1",
        "指定緊急避難場所との住所同一": "1",
        "その他市町村長が必要と認める事項": "",
        "受入対象者": "",
        "備考": ""
      }
    },
    {
      "type": "Feature",
      "geometry": {
        "type": "Point",
        "coordinates": [
          139.948333,
          35.340879
        ]
      },
      "properties": {
        "NO": "2146",
        "共通ID": "E1220600063111",
        "施設・場所名": "木更津市立八幡台小学校",
        "住所": "千葉県木更津市八幡台4-5-1",
        "指定緊急避難場所との住所同一": "1",
        "その他市町村長が必要と認める事項": "",
        "受入対象者": "",
        "備考": ""
      }
    },
    {
      "type": "Feature",
      "geometry": {
        "type": "Point",
        "coordinates": [
          139.928392,
          35.377048
        ]
      },
      "properties": {
        "NO": "2147",
        "共通ID": "E1220600064111",
        "施設・場所名": "木更津市立文京地域交流センター",
        "住所": "千葉県木更津市文京2-6-54",
        "指定緊急避難場所との住所同一": "1",
        "その他市町村長が必要と認める事項": "",
        "受入対象者": "",
        "備考": ""
      }
    },
    {
      "type": "Feature",
      "geometry": {
        "type": "Point",
        "coordinates": [
          139.933344,
          35.374398
        ]
      },
      "properties": {
        "NO": "2148",
        "共通ID": "E1220600065111",
        "施設・場所名": "千葉県立木更津高等学校",
        "住所": "千葉県木更津市文京4-1-1",
        "指定緊急避難場所との住所同一": "1",
        "その他市町村長が必要と認める事項": "",
        "受入対象者": "",
        "備考": ""
      }
    },
    {
      "type": "Feature",
      "geometry": {
        "type": "Point",
        "coordinates": [
          139.928273,
          35.375809
        ]
      },
      "properties": {
        "NO": "2149",
        "共通ID": "E1220600066111",
        "施設・場所名": "木更津市立木更津第二小学校",
        "住所": "千葉県木更津市文京5-6-24",
        "指定緊急避難場所との住所同一": "1",
        "その他市町村長が必要と認める事項": "",
        "受入対象者": "",
        "備考": ""
      }
    },
    {
      "type": "Feature",
      "geometry": {
        "type": "Point",
        "coordinates": [
          139.930756,
          35.382728
        ]
      },
      "properties": {
        "NO": "2150",
        "共通ID": "E1220600067111",
        "施設・場所名": "千葉県立木更津東高等学校",
        "住所": "千葉県木更津市木更津2-2-45",
        "指定緊急避難場所との住所同一": "1",
        "その他市町村長が必要と認める事項": "",
        "受入対象者": "",
        "備考": ""
      }
    },
    {
      "type": "Feature",
      "geometry": {
        "type": "Point",
        "coordinates": [
          139.973469,
          35.348511
        ]
      },
      "properties": {
        "NO": "2151",
        "共通ID": "E1220600069111",
        "施設・場所名": "木更津市立鎌足中学校",
        "住所": "千葉県木更津市矢那2797",
        "指定緊急避難場所との住所同一": "1",
        "その他市町村長が必要と認める事項": "",
        "受入対象者": "",
        "備考": ""
      }
    },
    {
      "type": "Feature",
      "geometry": {
        "type": "Point",
        "coordinates": [
          139.97684,
          35.349687
        ]
      },
      "properties": {
        "NO": "2152",
        "共通ID": "E1220600070111",
        "施設・場所名": "木更津市立鎌足地域交流センター",
        "住所": "千葉県木更津市矢那899-1",
        "指定緊急避難場所との住所同一": "1",
        "その他市町村長が必要と認める事項": "",
        "受入対象者": "",
        "備考": ""
      }
    },
    {
      "type": "Feature",
      "geometry": {
        "type": "Point",
        "coordinates": [
          139.987037,
          35.402498
        ]
      },
      "properties": {
        "NO": "2153",
        "共通ID": "E1220600071111",
        "施設・場所名": "旧木更津市立中郷中学校",
        "住所": "千葉県木更津市有吉932",
        "指定緊急避難場所との住所同一": "1",
        "その他市町村長が必要と認める事項": "",
        "受入対象者": "",
        "備考": ""
      }
    },
    {
      "type": "Feature",
      "geometry": {
        "type": "Point",
        "coordinates": [
          139.896676,
          35.930885
        ]
      },
      "properties": {
        "NO": "2154",
        "共通ID": "E1220800001111",
        "施設・場所名": "野田市立みずき小学校（校舎　体育館）",
        "住所": "千葉県野田市みずき3-2-3",
        "指定緊急避難場所との住所同一": "1",
        "その他市町村長が必要と認める事項": null,
        "受入対象者": null,
        "備考": ""
      }
    },
    {
      "type": "Feature",
      "geometry": {
        "type": "Point",
        "coordinates": [
          139.886786,
          35.961437
        ]
      },
      "properties": {
        "NO": "2155",
        "共通ID": "E1220800002111",
        "施設・場所名": "野田市立南部中学校（校舎　体育館）",
        "住所": "千葉県野田市花井67",
        "指定緊急避難場所との住所同一": "1",
        "その他市町村長が必要と認める事項": null,
        "受入対象者": null,
        "備考": ""
      }
    },
    {
      "type": "Feature",
      "geometry": {
        "type": "Point",
        "coordinates": [
          139.782629,
          36.100439
        ]
      },
      "properties": {
        "NO": "2156",
        "共通ID": "E1220800005111",
        "施設・場所名": "千葉県立関宿城博物館",
        "住所": "千葉県野田市関宿三軒家143-4",
        "指定緊急避難場所との住所同一": "1",
        "その他市町村長が必要と認める事項": null,
        "受入対象者": null,
        "備考": ""
      }
    },
    {
      "type": "Feature",
      "geometry": {
        "type": "Point",
        "coordinates": [
          139.787155,
          36.08669
        ]
      },
      "properties": {
        "NO": "2157",
        "共通ID": "E1220800007111",
        "施設・場所名": "野田市立関宿小学校（校舎　体育館）",
        "住所": "千葉県野田市関宿台町171",
        "指定緊急避難場所との住所同一": "1",
        "その他市町村長が必要と認める事項": null,
        "受入対象者": null,
        "備考": ""
      }
    },
    {
      "type": "Feature",
      "geometry": {
        "type": "Point",
        "coordinates": [
          139.789247,
          36.088025
        ]
      },
      "properties": {
        "NO": "2158",
        "共通ID": "E1220800008111",
        "施設・場所名": "野田市立関宿中学校（校舎　体育館）",
        "住所": "千葉県野田市関宿台町2150",
        "指定緊急避難場所との住所同一": "1",
        "その他市町村長が必要と認める事項": null,
        "受入対象者": null,
        "備考": ""
      }
    },
    {
      "type": "Feature",
      "geometry": {
        "type": "Point",
        "coordinates": [
          139.789078,
          36.088955
        ]
      },
      "properties": {
        "NO": "2159",
        "共通ID": "E1220800009111",
        "施設・場所名": "野田市関宿公民館（建物）",
        "住所": "千葉県野田市関宿台町2558-1",
        "指定緊急避難場所との住所同一": "1",
        "その他市町村長が必要と認める事項": null,
        "受入対象者": null,
        "備考": ""
      }
    },
    {
      "type": "Feature",
      "geometry": {
        "type": "Point",
        "coordinates": [
          139.838144,
          35.967457
        ]
      },
      "properties": {
        "NO": "2160",
        "共通ID": "E1220800011111",
        "施設・場所名": "野田市立岩名中学校（校舎　体育館）",
        "住所": "千葉県野田市岩名1700",
        "指定緊急避難場所との住所同一": "1",
        "その他市町村長が必要と認める事項": null,
        "受入対象者": null,
        "備考": ""
      }
    },
    {
      "type": "Feature",
      "geometry": {
        "type": "Point",
        "coordinates": [
          139.838477,
          35.974939
        ]
      },
      "properties": {
        "NO": "2161",
        "共通ID": "E1220800012111",
        "施設・場所名": "野田市立岩木小学校（校舎　体育館）",
        "住所": "千葉県野田市岩名2-12-1",
        "指定緊急避難場所との住所同一": "1",
        "その他市町村長が必要と認める事項": null,
        "受入対象者": null,
        "備考": ""
      }
    },
    {
      "type": "Feature",
      "geometry": {
        "type": "Point",
        "coordinates": [
          139.870501,
          35.958759
        ]
      },
      "properties": {
        "NO": "2162",
        "共通ID": "E1220800013111",
        "施設・場所名": "野田市立宮崎小学校（校舎　体育館）",
        "住所": "千葉県野田市宮崎55",
        "指定緊急避難場所との住所同一": "1",
        "その他市町村長が必要と認める事項": null,
        "受入対象者": null,
        "備考": ""
      }
    },
    {
      "type": "Feature",
      "geometry": {
        "type": "Point",
        "coordinates": [
          139.812185,
          36.04617
        ]
      },
      "properties": {
        "NO": "2163",
        "共通ID": "E1220800014111",
        "施設・場所名": "野田市立二川中学校（校舎　体育館）",
        "住所": "千葉県野田市桐ケ作418",
        "指定緊急避難場所との住所同一": "1",
        "その他市町村長が必要と認める事項": null,
        "受入対象者": null,
        "備考": ""
      }
    },
    {
      "type": "Feature",
      "geometry": {
        "type": "Point",
        "coordinates": [
          139.809612,
          36.049624
        ]
      },
      "properties": {
        "NO": "2164",
        "共通ID": "E1220800016111",
        "施設・場所名": "野田市立二川小学校（校舎　体育館）",
        "住所": "千葉県野田市桐ケ作464",
        "指定緊急避難場所との住所同一": "1",
        "その他市町村長が必要と認める事項": null,
        "受入対象者": null,
        "備考": ""
      }
    },
    {
      "type": "Feature",
      "geometry": {
        "type": "Point",
        "coordinates": [
          139.814845,
          36.050614
        ]
      },
      "properties": {
        "NO": "2165",
        "共通ID": "E1220800017111",
        "施設・場所名": "野田市二川公民館（建物）",
        "住所": "千葉県野田市桐ケ作51-1",
        "指定緊急避難場所との住所同一": "1",
        "その他市町村長が必要と認める事項": null,
        "受入対象者": null,
        "備考": ""
      }
    },
    {
      "type": "Feature",
      "geometry": {
        "type": "Point",
        "coordinates": [
          139.886065,
          35.920396
        ]
      },
      "properties": {
        "NO": "2166",
        "共通ID": "E1220800020111",
        "施設・場所名": "野田市立福田第一小学校（校舎　体育館）",
        "住所": "千葉県野田市三ツ堀1372",
        "指定緊急避難場所との住所同一": "1",
        "その他市町村長が必要と認める事項": null,
        "受入対象者": null,
        "備考": ""
      }
    },
    {
      "type": "Feature",
      "geometry": {
        "type": "Point",
        "coordinates": [
          139.907114,
          35.917954
        ]
      },
      "properties": {
        "NO": "2167",
        "共通ID": "E1220800021111",
        "施設・場所名": "野田市立福田中学校（校舎　体育館）",
        "住所": "千葉県野田市三ツ堀782",
        "指定緊急避難場所との住所同一": "1",
        "その他市町村長が必要と認める事項": null,
        "受入対象者": null,
        "備考": ""
      }
    },
    {
      "type": "Feature",
      "geometry": {
        "type": "Point",
        "coordinates": [
          139.884788,
          35.935797
        ]
      },
      "properties": {
        "NO": "2168",
        "共通ID": "E1220800022111",
        "施設・場所名": "野田市南部梅郷公民館（建物）",
        "住所": "千葉県野田市山崎1154-1",
        "指定緊急避難場所との住所同一": "1",
        "その他市町村長が必要と認める事項": "",
        "受入対象者": "",
        "備考": ""
      }
    },
    {
      "type": "Feature",
      "geometry": {
        "type": "Point",
        "coordinates": [
          139.887985,
          35.944844
        ]
      },
      "properties": {
        "NO": "2169",
        "共通ID": "E1220800023111",
        "施設・場所名": "野田市立南部小学校（校舎　体育館）",
        "住所": "千葉県野田市山崎1503",
        "指定緊急避難場所との住所同一": "1",
        "その他市町村長が必要と認める事項": null,
        "受入対象者": null,
        "備考": ""
      }
    },
    {
      "type": "Feature",
      "geometry": {
        "type": "Point",
        "coordinates": [
          139.885029,
          35.930485
        ]
      },
      "properties": {
        "NO": "2170",
        "共通ID": "E1220800024111",
        "施設・場所名": "野田市南コミュニティセンター（建物）",
        "住所": "千葉県野田市山崎2008",
        "指定緊急避難場所との住所同一": "1",
        "その他市町村長が必要と認める事項": null,
        "受入対象者": null,
        "備考": ""
      }
    },
    {
      "type": "Feature",
      "geometry": {
        "type": "Point",
        "coordinates": [
          139.901031,
          35.928595
        ]
      },
      "properties": {
        "NO": "2171",
        "共通ID": "E1220800025111",
        "施設・場所名": "東京理科大学（校舎　体育館）",
        "住所": "千葉県野田市山崎2641",
        "指定緊急避難場所との住所同一": "1",
        "その他市町村長が必要と認める事項": null,
        "受入対象者": null,
        "備考": ""
      }
    },
    {
      "type": "Feature",
      "geometry": {
        "type": "Point",
        "coordinates": [
          139.887023,
          35.929913
        ]
      },
      "properties": {
        "NO": "2172",
        "共通ID": "E1220800026111",
        "施設・場所名": "野田市立山崎小学校（校舎　体育館）",
        "住所": "千葉県野田市山崎2733",
        "指定緊急避難場所との住所同一": "1",
        "その他市町村長が必要と認める事項": null,
        "受入対象者": null,
        "備考": ""
      }
    },
    {
      "type": "Feature",
      "geometry": {
        "type": "Point",
        "coordinates": [
          139.853488,
          35.980014
        ]
      },
      "properties": {
        "NO": "2173",
        "共通ID": "E1220800027111",
        "施設・場所名": "野田市立七光台小学校（校舎　体育館）",
        "住所": "千葉県野田市七光台20-1",
        "指定緊急避難場所との住所同一": "1",
        "その他市町村長が必要と認める事項": null,
        "受入対象者": null,
        "備考": ""
      }
    },
    {
      "type": "Feature",
      "geometry": {
        "type": "Point",
        "coordinates": [
          139.841062,
          35.979024
        ]
      },
      "properties": {
        "NO": "2174",
        "共通ID": "E1220800028111",
        "施設・場所名": "野田市北コミュニティセンター（建物）",
        "住所": "千葉県野田市春日町16-1",
        "指定緊急避難場所との住所同一": "1",
        "その他市町村長が必要と認める事項": null,
        "受入対象者": null,
        "備考": ""
      }
    },
    {
      "type": "Feature",
      "geometry": {
        "type": "Point",
        "coordinates": [
          139.919352,
          35.948132
        ]
      },
      "properties": {
        "NO": "2175",
        "共通ID": "E1220800031111",
        "施設・場所名": "野田市福田公民館（建物　体育館）",
        "住所": "千葉県野田市瀬戸970-1",
        "指定緊急避難場所との住所同一": "1",
        "その他市町村長が必要と認める事項": "",
        "受入対象者": "",
        "備考": ""
      }
    },
    {
      "type": "Feature",
      "geometry": {
        "type": "Point",
        "coordinates": [
          139.856568,
          35.960836
        ]
      },
      "properties": {
        "NO": "2176",
        "共通ID": "E1220800034111",
        "施設・場所名": "千葉県立清水高等学校（校舎　体育館）",
        "住所": "千葉県野田市清水482",
        "指定緊急避難場所との住所同一": "1",
        "その他市町村長が必要と認める事項": null,
        "受入対象者": null,
        "備考": ""
      }
    },
    {
      "type": "Feature",
      "geometry": {
        "type": "Point",
        "coordinates": [
          139.851977,
          35.953538
        ]
      },
      "properties": {
        "NO": "2177",
        "共通ID": "E1220800035111",
        "施設・場所名": "野田市立清水台小学校（校舎　体育館）",
        "住所": "千葉県野田市清水773",
        "指定緊急避難場所との住所同一": "1",
        "その他市町村長が必要と認める事項": null,
        "受入対象者": null,
        "備考": ""
      }
    },
    {
      "type": "Feature",
      "geometry": {
        "type": "Point",
        "coordinates": [
          139.850549,
          35.962308
        ]
      },
      "properties": {
        "NO": "2178",
        "共通ID": "E1220800036111",
        "施設・場所名": "野田市総合公園（体育館）",
        "住所": "千葉県野田市清水958",
        "指定緊急避難場所との住所同一": "1",
        "その他市町村長が必要と認める事項": null,
        "受入対象者": null,
        "備考": ""
      }
    },
    {
      "type": "Feature",
      "geometry": {
        "type": "Point",
        "coordinates": [
          139.793929,
          36.067478
        ]
      },
      "properties": {
        "NO": "2179",
        "共通ID": "E1220800037111",
        "施設・場所名": "アルフレッサファーマ㈱（建物）",
        "住所": "千葉県野田市西高野278-5",
        "指定緊急避難場所との住所同一": "1",
        "その他市町村長が必要と認める事項": null,
        "受入対象者": null,
        "備考": ""
      }
    },
    {
      "type": "Feature",
      "geometry": {
        "type": "Point",
        "coordinates": [
          139.921292,
          35.945003
        ]
      },
      "properties": {
        "NO": "2180",
        "共通ID": "E1220800038111",
        "施設・場所名": "野田市立福田第二小学校（校舎　体育館）",
        "住所": "千葉県野田市西三ケ尾988",
        "指定緊急避難場所との住所同一": "1",
        "その他市町村長が必要と認める事項": null,
        "受入対象者": null,
        "備考": ""
      }
    },
    {
      "type": "Feature",
      "geometry": {
        "type": "Point",
        "coordinates": [
          139.866221,
          35.986333
        ]
      },
      "properties": {
        "NO": "2181",
        "共通ID": "E1220800078111",
        "施設・場所名": "船形多世代交流センター",
        "住所": "千葉県野田市船形1173-1",
        "指定緊急避難場所との住所同一": "",
        "その他市町村長が必要と認める事項": "",
        "受入対象者": "",
        "備考": ""
      }
    },
    {
      "type": "Feature",
      "geometry": {
        "type": "Point",
        "coordinates": [
          139.855668,
          35.968748
        ]
      },
      "properties": {
        "NO": "2182",
        "共通ID": "E1220800039111",
        "施設・場所名": "野田市立北部小学校（校舎　体育館）",
        "住所": "千葉県野田市谷津25-1",
        "指定緊急避難場所との住所同一": "1",
        "その他市町村長が必要と認める事項": null,
        "受入対象者": null,
        "備考": ""
      }
    },
    {
      "type": "Feature",
      "geometry": {
        "type": "Point",
        "coordinates": [
          139.853191,
          35.968691
        ]
      },
      "properties": {
        "NO": "2183",
        "共通ID": "E1220800040111",
        "施設・場所名": "野田市北部公民館（建物）",
        "住所": "千葉県野田市谷津384",
        "指定緊急避難場所との住所同一": "1",
        "その他市町村長が必要と認める事項": null,
        "受入対象者": null,
        "備考": ""
      }
    },
    {
      "type": "Feature",
      "geometry": {
        "type": "Point",
        "coordinates": [
          139.854309,
          35.976175
        ]
      },
      "properties": {
        "NO": "2184",
        "共通ID": "E1220800041111",
        "施設・場所名": "野田市立北部中学校（校舎　体育館）",
        "住所": "千葉県野田市谷津673",
        "指定緊急避難場所との住所同一": "1",
        "その他市町村長が必要と認める事項": null,
        "受入対象者": null,
        "備考": ""
      }
    },
    {
      "type": "Feature",
      "geometry": {
        "type": "Point",
        "coordinates": [
          139.85559,
          35.974629
        ]
      },
      "properties": {
        "NO": "2185",
        "共通ID": "E1220800042111",
        "施設・場所名": "千葉県立野田中央高等学校（校舎　体育館）",
        "住所": "千葉県野田市谷津713",
        "指定緊急避難場所との住所同一": "1",
        "その他市町村長が必要と認める事項": null,
        "受入対象者": null,
        "備考": ""
      }
    },
    {
      "type": "Feature",
      "geometry": {
        "type": "Point",
        "coordinates": [
          139.87381,
          35.956888
        ]
      },
      "properties": {
        "NO": "2186",
        "共通ID": "E1220800043111",
        "施設・場所名": "野田市立第二中学校（校舎　体育館）",
        "住所": "千葉県野田市中根139",
        "指定緊急避難場所との住所同一": "1",
        "その他市町村長が必要と認める事項": null,
        "受入対象者": null,
        "備考": ""
      }
    },
    {
      "type": "Feature",
      "geometry": {
        "type": "Point",
        "coordinates": [
          139.884668,
          35.963605
        ]
      },
      "properties": {
        "NO": "2187",
        "共通ID": "E1220800044111",
        "施設・場所名": "千葉県立野田看護専門学校（校舎　体育館）",
        "住所": "千葉県野田市中根316-1",
        "指定緊急避難場所との住所同一": "1",
        "その他市町村長が必要と認める事項": null,
        "受入対象者": null,
        "備考": ""
      }
    },
    {
      "type": "Feature",
      "geometry": {
        "type": "Point",
        "coordinates": [
          139.888782,
          35.945705
        ]
      },
      "properties": {
        "NO": "2188",
        "共通ID": "E1220800077111",
        "施設・場所名": "野田地域職業訓練センター（さわやかワークのだ）",
        "住所": "千葉県野田市中根323-3",
        "指定緊急避難場所との住所同一": "",
        "その他市町村長が必要と認める事項": "",
        "受入対象者": "",
        "備考": ""
      }
    },
    {
      "type": "Feature",
      "geometry": {
        "type": "Point",
        "coordinates": [
          139.858817,
          35.946182
        ]
      },
      "properties": {
        "NO": "2189",
        "共通ID": "E1220800045111",
        "施設・場所名": "野田市生涯学習センター",
        "住所": "千葉県野田市中野台168-1",
        "指定緊急避難場所との住所同一": "1",
        "その他市町村長が必要と認める事項": null,
        "受入対象者": null,
        "備考": ""
      }
    },
    {
      "type": "Feature",
      "geometry": {
        "type": "Point",
        "coordinates": [
          139.838166,
          35.992748
        ]
      },
      "properties": {
        "NO": "2190",
        "共通ID": "E1220800047111",
        "施設・場所名": "野田市立川間中学校（校舎　体育館）",
        "住所": "千葉県野田市中里136-1",
        "指定緊急避難場所との住所同一": "1",
        "その他市町村長が必要と認める事項": null,
        "受入対象者": null,
        "備考": ""
      }
    },
    {
      "type": "Feature",
      "geometry": {
        "type": "Point",
        "coordinates": [
          139.851531,
          36.004353
        ]
      },
      "properties": {
        "NO": "2191",
        "共通ID": "E1220800048111",
        "施設・場所名": "㈱ＵＳＳ東京（建物）",
        "住所": "千葉県野田市中里2144-1",
        "指定緊急避難場所との住所同一": "1",
        "その他市町村長が必要と認める事項": null,
        "受入対象者": null,
        "備考": ""
      }
    },
    {
      "type": "Feature",
      "geometry": {
        "type": "Point",
        "coordinates": [
          139.84333,
          35.995421
        ]
      },
      "properties": {
        "NO": "2192",
        "共通ID": "E1220800049111",
        "施設・場所名": "野田市川間公民館（建物）",
        "住所": "千葉県野田市中里720",
        "指定緊急避難場所との住所同一": "1",
        "その他市町村長が必要と認める事項": null,
        "受入対象者": null,
        "備考": ""
      }
    },
    {
      "type": "Feature",
      "geometry": {
        "type": "Point",
        "coordinates": [
          139.845044,
          35.997001
        ]
      },
      "properties": {
        "NO": "2193",
        "共通ID": "E1220800050111",
        "施設・場所名": "野田市立川間小学校（校舎　体育館）",
        "住所": "千葉県野田市中里934",
        "指定緊急避難場所との住所同一": "1",
        "その他市町村長が必要と認める事項": null,
        "受入対象者": null,
        "備考": ""
      }
    },
    {
      "type": "Feature",
      "geometry": {
        "type": "Point",
        "coordinates": [
          139.873224,
          35.949436
        ]
      },
      "properties": {
        "NO": "2194",
        "共通ID": "E1220800051111",
        "施設・場所名": "野田市東部公民館（建物）",
        "住所": "千葉県野田市鶴奉174-4",
        "指定緊急避難場所との住所同一": "1",
        "その他市町村長が必要と認める事項": "",
        "受入対象者": "",
        "備考": ""
      }
    },
    {
      "type": "Feature",
      "geometry": {
        "type": "Point",
        "coordinates": [
          139.881284,
          35.962136
        ]
      },
      "properties": {
        "NO": "2195",
        "共通ID": "E1220800052111",
        "施設・場所名": "野田市立東部小学校（校舎　体育館）",
        "住所": "千葉県野田市鶴奉220",
        "指定緊急避難場所との住所同一": "1",
        "その他市町村長が必要と認める事項": null,
        "受入対象者": null,
        "備考": ""
      }
    },
    {
      "type": "Feature",
      "geometry": {
        "type": "Point",
        "coordinates": [
          139.873451,
          35.956509
        ]
      },
      "properties": {
        "NO": "2196",
        "共通ID": "E1220800053111",
        "施設・場所名": "野田市中央公民館（建物）",
        "住所": "千葉県野田市鶴奉5-1",
        "指定緊急避難場所との住所同一": "1",
        "その他市町村長が必要と認める事項": null,
        "受入対象者": null,
        "備考": ""
      }
    },
    {
      "type": "Feature",
      "geometry": {
        "type": "Point",
        "coordinates": [
          139.823062,
          36.024997
        ]
      },
      "properties": {
        "NO": "2197",
        "共通ID": "E1220800054111",
        "施設・場所名": "野田市立関宿中央小学校（校舎　体育館）",
        "住所": "千葉県野田市東宝珠花234-1",
        "指定緊急避難場所との住所同一": "1",
        "その他市町村長が必要と認める事項": null,
        "受入対象者": null,
        "備考": ""
      }
    },
    {
      "type": "Feature",
      "geometry": {
        "type": "Point",
        "coordinates": [
          139.820601,
          36.025891
        ]
      },
      "properties": {
        "NO": "2198",
        "共通ID": "E1220800055111",
        "施設・場所名": "野田市いちいのホール（建物）",
        "住所": "千葉県野田市東宝珠花237-1",
        "指定緊急避難場所との住所同一": "1",
        "その他市町村長が必要と認める事項": null,
        "受入対象者": null,
        "備考": ""
      }
    },
    {
      "type": "Feature",
      "geometry": {
        "type": "Point",
        "coordinates": [
          139.8216,
          36.024866
        ]
      },
      "properties": {
        "NO": "2199",
        "共通ID": "E1220800056111",
        "施設・場所名": "野田市関宿中央公民館（建物）",
        "住所": "千葉県野田市東宝珠花253-1",
        "指定緊急避難場所との住所同一": "1",
        "その他市町村長が必要と認める事項": null,
        "受入対象者": null,
        "備考": ""
      }
    },
    {
      "type": "Feature",
      "geometry": {
        "type": "Point",
        "coordinates": [
          139.82223,
          36.025749
        ]
      },
      "properties": {
        "NO": "2200",
        "共通ID": "E1220800057111",
        "施設・場所名": "野田市関宿保健センター（建物）",
        "住所": "千葉県野田市東宝珠花260-1",
        "指定緊急避難場所との住所同一": "1",
        "その他市町村長が必要と認める事項": null,
        "受入対象者": null,
        "備考": ""
      }
    },
    {
      "type": "Feature",
      "geometry": {
        "type": "Point",
        "coordinates": [
          139.922957,
          35.945483
        ]
      },
      "properties": {
        "NO": "2201",
        "共通ID": "E1220800058111",
        "施設・場所名": "野田市立二ツ塚小学校（校舎　体育館）",
        "住所": "千葉県野田市二ツ塚485-2",
        "指定緊急避難場所との住所同一": "1",
        "その他市町村長が必要と認める事項": null,
        "受入対象者": null,
        "備考": ""
      }
    },
    {
      "type": "Feature",
      "geometry": {
        "type": "Point",
        "coordinates": [
          139.829775,
          35.989637
        ]
      },
      "properties": {
        "NO": "2202",
        "共通ID": "E1220800059111",
        "施設・場所名": "野田市立尾崎小学校（校舎　体育館）",
        "住所": "千葉県野田市尾崎1415",
        "指定緊急避難場所との住所同一": "1",
        "その他市町村長が必要と認める事項": null,
        "受入対象者": null,
        "備考": ""
      }
    },
    {
      "type": "Feature",
      "geometry": {
        "type": "Point",
        "coordinates": [
          139.837386,
          35.991986
        ]
      },
      "properties": {
        "NO": "2203",
        "共通ID": "E1220800060111",
        "施設・場所名": "学校法人千葉武陽学園西武台千葉高等学校（校舎　体育館）",
        "住所": "千葉県野田市尾崎2241-2",
        "指定緊急避難場所との住所同一": "1",
        "その他市町村長が必要と認める事項": null,
        "受入対象者": null,
        "備考": ""
      }
    },
    {
      "type": "Feature",
      "geometry": {
        "type": "Point",
        "coordinates": [
          139.824999,
          36.019095
        ]
      },
      "properties": {
        "NO": "2204",
        "共通ID": "E1220800061111",
        "施設・場所名": "野田市関宿総合公園（体育館）",
        "住所": "千葉県野田市平井401",
        "指定緊急避難場所との住所同一": "1",
        "その他市町村長が必要と認める事項": null,
        "受入対象者": null,
        "備考": ""
      }
    },
    {
      "type": "Feature",
      "geometry": {
        "type": "Point",
        "coordinates": [
          139.840712,
          36.019022
        ]
      },
      "properties": {
        "NO": "2205",
        "共通ID": "E1220800062111",
        "施設・場所名": "野田市木間ケ瀬公民館（建物）",
        "住所": "千葉県野田市木間ケ瀬2935",
        "指定緊急避難場所との住所同一": "1",
        "その他市町村長が必要と認める事項": null,
        "受入対象者": null,
        "備考": ""
      }
    },
    {
      "type": "Feature",
      "geometry": {
        "type": "Point",
        "coordinates": [
          139.847226,
          36.02546
        ]
      },
      "properties": {
        "NO": "2206",
        "共通ID": "E1220800065111",
        "施設・場所名": "野田市立木間ケ瀬中学校（校舎　体育館）",
        "住所": "千葉県野田市木間ケ瀬3393-1",
        "指定緊急避難場所との住所同一": "1",
        "その他市町村長が必要と認める事項": null,
        "受入対象者": null,
        "備考": ""
      }
    },
    {
      "type": "Feature",
      "geometry": {
        "type": "Point",
        "coordinates": [
          139.84554,
          36.021618
        ]
      },
      "properties": {
        "NO": "2207",
        "共通ID": "E1220800066111",
        "施設・場所名": "野田市立木間ケ瀬小学校（校舎　体育館）",
        "住所": "千葉県野田市木間ケ瀬3640",
        "指定緊急避難場所との住所同一": "1",
        "その他市町村長が必要と認める事項": null,
        "受入対象者": null,
        "備考": ""
      }
    },
    {
      "type": "Feature",
      "geometry": {
        "type": "Point",
        "coordinates": [
          139.839183,
          36.0127
        ]
      },
      "properties": {
        "NO": "2208",
        "共通ID": "E1220800067111",
        "施設・場所名": "千葉県立関宿高等学校（校舎　体育館）",
        "住所": "千葉県野田市木間ケ瀬4376",
        "指定緊急避難場所との住所同一": "1",
        "その他市町村長が必要と認める事項": null,
        "受入対象者": null,
        "備考": ""
      }
    },
    {
      "type": "Feature",
      "geometry": {
        "type": "Point",
        "coordinates": [
          139.822151,
          36.032125
        ]
      },
      "properties": {
        "NO": "2209",
        "共通ID": "E1220800069111",
        "施設・場所名": "野田市関宿複合センター（建物）",
        "住所": "千葉県野田市木間ケ瀬620",
        "指定緊急避難場所との住所同一": "1",
        "その他市町村長が必要と認める事項": null,
        "受入対象者": null,
        "備考": ""
      }
    },
    {
      "type": "Feature",
      "geometry": {
        "type": "Point",
        "coordinates": [
          139.916349,
          35.959335
        ]
      },
      "properties": {
        "NO": "2210",
        "共通ID": "E1220800076111",
        "施設・場所名": "木野崎農業構造改善センター",
        "住所": "千葉県野田市木野崎891-1",
        "指定緊急避難場所との住所同一": "",
        "その他市町村長が必要と認める事項": "",
        "受入対象者": "",
        "備考": ""
      }
    },
    {
      "type": "Feature",
      "geometry": {
        "type": "Point",
        "coordinates": [
          139.875127,
          35.939307
        ]
      },
      "properties": {
        "NO": "2211",
        "共通ID": "E1220800070111",
        "施設・場所名": "野田市立東部中学校（校舎　体育館）",
        "住所": "千葉県野田市目吹1500",
        "指定緊急避難場所との住所同一": "1",
        "その他市町村長が必要と認める事項": null,
        "受入対象者": null,
        "備考": ""
      }
    },
    {
      "type": "Feature",
      "geometry": {
        "type": "Point",
        "coordinates": [
          139.864033,
          35.946716
        ]
      },
      "properties": {
        "NO": "2212",
        "共通ID": "E1220800071111",
        "施設・場所名": "野田市立中央小学校（校舎　体育館）",
        "住所": "千葉県野田市野田611",
        "指定緊急避難場所との住所同一": "1",
        "その他市町村長が必要と認める事項": null,
        "受入対象者": null,
        "備考": ""
      }
    },
    {
      "type": "Feature",
      "geometry": {
        "type": "Point",
        "coordinates": [
          139.868006,
          35.951467
        ]
      },
      "properties": {
        "NO": "2213",
        "共通ID": "E1220800073111",
        "施設・場所名": "野田市立第一中学校（校舎　体育館）",
        "住所": "千葉県野田市野田829-1",
        "指定緊急避難場所との住所同一": "1",
        "その他市町村長が必要と認める事項": null,
        "受入対象者": null,
        "備考": ""
      }
    },
    {
      "type": "Feature",
      "geometry": {
        "type": "Point",
        "coordinates": [
          139.868412,
          35.962695
        ]
      },
      "properties": {
        "NO": "2214",
        "共通ID": "E1220800074111",
        "施設・場所名": "野田市立柳沢小学校（校舎　体育館）",
        "住所": "千葉県野田市柳沢139",
        "指定緊急避難場所との住所同一": "1",
        "その他市町村長が必要と認める事項": null,
        "受入対象者": null,
        "備考": ""
      }
    },
    {
      "type": "Feature",
      "geometry": {
        "type": "Point",
        "coordinates": [
          139.910679,
          35.939426
        ]
      },
      "properties": {
        "NO": "2215",
        "共通ID": "E1220800075111",
        "施設・場所名": "東葛飾教育事務所東葛飾研修所（建物）",
        "住所": "千葉県野田市柳沢53",
        "指定緊急避難場所との住所同一": "1",
        "その他市町村長が必要と認める事項": null,
        "受入対象者": null,
        "備考": ""
      }
    },
    {
      "type": "Feature",
      "geometry": {
        "type": "Point",
        "coordinates": [
          139.918287,
          35.867373
        ]
      },
      "properties": {
        "NO": "2216",
        "共通ID": "E1222000002111",
        "施設・場所名": "流山おおたかの森センター",
        "住所": "千葉県流山市おおたかの森西2-13-1",
        "指定緊急避難場所との住所同一": "1",
        "その他市町村長が必要と認める事項": null,
        "受入対象者": null,
        "備考": ""
      }
    },
    {
      "type": "Feature",
      "geometry": {
        "type": "Point",
        "coordinates": [
          139.917375,
          35.867234
        ]
      },
      "properties": {
        "NO": "2217",
        "共通ID": "E1222000002112",
        "施設・場所名": "おおたかの森小・中学校",
        "住所": "千葉県流山市おおたかの森西2-13-1",
        "指定緊急避難場所との住所同一": "1",
        "その他市町村長が必要と認める事項": "",
        "受入対象者": "",
        "備考": ""
      }
    },
    {
      "type": "Feature",
      "geometry": {
        "type": "Point",
        "coordinates": [
          139.919785,
          35.86694
        ]
      },
      "properties": {
        "NO": "2218",
        "共通ID": "E1222000003111",
        "施設・場所名": "流山市おおたかの森児童センター",
        "住所": "千葉県流山市おおたかの森西2-7-1",
        "指定緊急避難場所との住所同一": "",
        "その他市町村長が必要と認める事項": null,
        "受入対象者": null,
        "備考": ""
      }
    },
    {
      "type": "Feature",
      "geometry": {
        "type": "Point",
        "coordinates": [
          139.931577,
          35.875798
        ]
      },
      "properties": {
        "NO": "2219",
        "共通ID": "E1222000004111",
        "施設・場所名": "流山市十太夫福祉会館",
        "住所": "千葉県流山市おおたかの森東2-5-3",
        "指定緊急避難場所との住所同一": "1",
        "その他市町村長が必要と認める事項": null,
        "受入対象者": null,
        "備考": ""
      }
    },
    {
      "type": "Feature",
      "geometry": {
        "type": "Point",
        "coordinates": [
          139.931781,
          35.875412
        ]
      },
      "properties": {
        "NO": "2220",
        "共通ID": "E1222000004112",
        "施設・場所名": "流山市立小山小学校",
        "住所": "千葉県流山市おおたかの森東2-5-3",
        "指定緊急避難場所との住所同一": "1",
        "その他市町村長が必要と認める事項": null,
        "受入対象者": null,
        "備考": ""
      }
    },
    {
      "type": "Feature",
      "geometry": {
        "type": "Point",
        "coordinates": [
          139.902553,
          35.858867
        ]
      },
      "properties": {
        "NO": "2221",
        "共通ID": "E1222000008111",
        "施設・場所名": "流山市立博物館",
        "住所": "千葉県流山市加1-1225-6",
        "指定緊急避難場所との住所同一": "",
        "その他市町村長が必要と認める事項": null,
        "受入対象者": null,
        "備考": ""
      }
    },
    {
      "type": "Feature",
      "geometry": {
        "type": "Point",
        "coordinates": [
          139.905313,
          35.860213
        ]
      },
      "properties": {
        "NO": "2222",
        "共通ID": "E1222000009111",
        "施設・場所名": "流山市文化会館",
        "住所": "千葉県流山市加1-16-2",
        "指定緊急避難場所との住所同一": "1",
        "その他市町村長が必要と認める事項": null,
        "受入対象者": null,
        "備考": ""
      }
    },
    {
      "type": "Feature",
      "geometry": {
        "type": "Point",
        "coordinates": [
          139.904533,
          35.859315
        ]
      },
      "properties": {
        "NO": "2223",
        "共通ID": "E1222000010111",
        "施設・場所名": "流山市立流山北小学校",
        "住所": "千葉県流山市加1-795-1",
        "指定緊急避難場所との住所同一": "1",
        "その他市町村長が必要と認める事項": null,
        "受入対象者": null,
        "備考": ""
      }
    },
    {
      "type": "Feature",
      "geometry": {
        "type": "Point",
        "coordinates": [
          139.911142,
          35.861922
        ]
      },
      "properties": {
        "NO": "2224",
        "共通ID": "E1222000011111",
        "施設・場所名": "流山市立南部中学校",
        "住所": "千葉県流山市加3-600-1",
        "指定緊急避難場所との住所同一": "1",
        "その他市町村長が必要と認める事項": null,
        "受入対象者": null,
        "備考": ""
      }
    },
    {
      "type": "Feature",
      "geometry": {
        "type": "Point",
        "coordinates": [
          139.938792,
          35.876627
        ]
      },
      "properties": {
        "NO": "2225",
        "共通ID": "E1222000012111",
        "施設・場所名": "江戸川大学",
        "住所": "千葉県流山市駒木474",
        "指定緊急避難場所との住所同一": "1",
        "その他市町村長が必要と認める事項": "",
        "受入対象者": "",
        "備考": ""
      }
    },
    {
      "type": "Feature",
      "geometry": {
        "type": "Point",
        "coordinates": [
          139.933135,
          35.892115
        ]
      },
      "properties": {
        "NO": "2226",
        "共通ID": "E1222000013111",
        "施設・場所名": "流山市駒木台福祉会館",
        "住所": "千葉県流山市駒木台221-3",
        "指定緊急避難場所との住所同一": "",
        "その他市町村長が必要と認める事項": null,
        "受入対象者": null,
        "備考": ""
      }
    },
    {
      "type": "Feature",
      "geometry": {
        "type": "Point",
        "coordinates": [
          139.928042,
          35.855292
        ]
      },
      "properties": {
        "NO": "2227",
        "共通ID": "E1222000014111",
        "施設・場所名": "流山市立八木中学校",
        "住所": "千葉県流山市古間木210-2",
        "指定緊急避難場所との住所同一": "1",
        "その他市町村長が必要と認める事項": "",
        "受入対象者": "",
        "備考": ""
      }
    },
    {
      "type": "Feature",
      "geometry": {
        "type": "Point",
        "coordinates": [
          139.946282,
          35.837955
        ]
      },
      "properties": {
        "NO": "2228",
        "共通ID": "E1222000015111",
        "施設・場所名": "流山市向小金福祉会館",
        "住所": "千葉県流山市向小金2-192-2",
        "指定緊急避難場所との住所同一": "1",
        "その他市町村長が必要と認める事項": null,
        "受入対象者": null,
        "備考": ""
      }
    },
    {
      "type": "Feature",
      "geometry": {
        "type": "Point",
        "coordinates": [
          139.950366,
          35.839676
        ]
      },
      "properties": {
        "NO": "2229",
        "共通ID": "E1222000016111",
        "施設・場所名": "流山市立向小金保育所",
        "住所": "千葉県流山市向小金3-102-1",
        "指定緊急避難場所との住所同一": "",
        "その他市町村長が必要と認める事項": null,
        "受入対象者": null,
        "備考": ""
      }
    },
    {
      "type": "Feature",
      "geometry": {
        "type": "Point",
        "coordinates": [
          139.95189,
          35.836358
        ]
      },
      "properties": {
        "NO": "2230",
        "共通ID": "E1222000017111",
        "施設・場所名": "流山市立向小金小学校",
        "住所": "千葉県流山市向小金3-149-1",
        "指定緊急避難場所との住所同一": "1",
        "その他市町村長が必要と認める事項": null,
        "受入対象者": null,
        "備考": ""
      }
    },
    {
      "type": "Feature",
      "geometry": {
        "type": "Point",
        "coordinates": [
          139.955835,
          35.836237
        ]
      },
      "properties": {
        "NO": "2231",
        "共通ID": "E1221700144111",
        "施設・場所名": "柏市立光ケ丘小学校",
        "住所": "千葉県流山市向小金4-20-1",
        "指定緊急避難場所との住所同一": "1",
        "その他市町村長が必要と認める事項": "",
        "受入対象者": "",
        "備考": ""
      }
    },
    {
      "type": "Feature",
      "geometry": {
        "type": "Point",
        "coordinates": [
          139.913682,
          35.898887
        ]
      },
      "properties": {
        "NO": "2232",
        "共通ID": "E1222000018111",
        "施設・場所名": "流山市江戸川台福祉会館",
        "住所": "千葉県流山市江戸川台東1-251",
        "指定緊急避難場所との住所同一": "",
        "その他市町村長が必要と認める事項": null,
        "受入対象者": null,
        "備考": ""
      }
    },
    {
      "type": "Feature",
      "geometry": {
        "type": "Point",
        "coordinates": [
          139.912737,
          35.901239
        ]
      },
      "properties": {
        "NO": "2233",
        "共通ID": "E1222000019111",
        "施設・場所名": "流山市立江戸川台小学校",
        "住所": "千葉県流山市江戸川台東3-11",
        "指定緊急避難場所との住所同一": "1",
        "その他市町村長が必要と認める事項": null,
        "受入対象者": null,
        "備考": ""
      }
    },
    {
      "type": "Feature",
      "geometry": {
        "type": "Point",
        "coordinates": [
          139.91281,
          35.900051
        ]
      },
      "properties": {
        "NO": "2234",
        "共通ID": "E1222000020111",
        "施設・場所名": "流山市立江戸川台保育所",
        "住所": "千葉県流山市江戸川台東3-5",
        "指定緊急避難場所との住所同一": "",
        "その他市町村長が必要と認める事項": null,
        "受入対象者": null,
        "備考": ""
      }
    },
    {
      "type": "Feature",
      "geometry": {
        "type": "Point",
        "coordinates": [
          139.915309,
          35.864098
        ]
      },
      "properties": {
        "NO": "2235",
        "共通ID": "E1222000082111",
        "施設・場所名": "流山市立市野谷小学校",
        "住所": "千葉県流山市市野谷283",
        "指定緊急避難場所との住所同一": "1",
        "その他市町村長が必要と認める事項": "",
        "受入対象者": "",
        "備考": ""
      }
    },
    {
      "type": "Feature",
      "geometry": {
        "type": "Point",
        "coordinates": [
          139.912819,
          35.846225
        ]
      },
      "properties": {
        "NO": "2236",
        "共通ID": "E1222000022111",
        "施設・場所名": "流山市思井福祉会館",
        "住所": "千葉県流山市思井79-2",
        "指定緊急避難場所との住所同一": "",
        "その他市町村長が必要と認める事項": null,
        "受入対象者": null,
        "備考": ""
      }
    },
    {
      "type": "Feature",
      "geometry": {
        "type": "Point",
        "coordinates": [
          139.924366,
          35.850738
        ]
      },
      "properties": {
        "NO": "2237",
        "共通ID": "E1222000023111",
        "施設・場所名": "流山市立八木南小学校",
        "住所": "千葉県流山市芝崎92",
        "指定緊急避難場所との住所同一": "1",
        "その他市町村長が必要と認める事項": null,
        "受入対象者": null,
        "備考": ""
      }
    },
    {
      "type": "Feature",
      "geometry": {
        "type": "Point",
        "coordinates": [
          139.910559,
          35.87895
        ]
      },
      "properties": {
        "NO": "2238",
        "共通ID": "E1222000026111",
        "施設・場所名": "流山市立西初石小学校",
        "住所": "千葉県流山市西初石4-347",
        "指定緊急避難場所との住所同一": "1",
        "その他市町村長が必要と認める事項": null,
        "受入対象者": null,
        "備考": ""
      }
    },
    {
      "type": "Feature",
      "geometry": {
        "type": "Point",
        "coordinates": [
          139.917781,
          35.880555
        ]
      },
      "properties": {
        "NO": "2239",
        "共通ID": "E1222000027111",
        "施設・場所名": "流山市初石公民館",
        "住所": "千葉県流山市西初石4-381-2",
        "指定緊急避難場所との住所同一": "1",
        "その他市町村長が必要と認める事項": null,
        "受入対象者": null,
        "備考": ""
      }
    },
    {
      "type": "Feature",
      "geometry": {
        "type": "Point",
        "coordinates": [
          139.912142,
          35.879832
        ]
      },
      "properties": {
        "NO": "2240",
        "共通ID": "E1222000028111",
        "施設・場所名": "流山市立西初石中学校",
        "住所": "千葉県流山市西初石4-455-1",
        "指定緊急避難場所との住所同一": "1",
        "その他市町村長が必要と認める事項": null,
        "受入対象者": null,
        "備考": ""
      }
    },
    {
      "type": "Feature",
      "geometry": {
        "type": "Point",
        "coordinates": [
          139.927946,
          35.900402
        ]
      },
      "properties": {
        "NO": "2241",
        "共通ID": "E1222000079111",
        "施設・場所名": "流山市北部柔道場",
        "住所": "千葉県流山市青田109-3",
        "指定緊急避難場所との住所同一": "",
        "その他市町村長が必要と認める事項": null,
        "受入対象者": null,
        "備考": ""
      }
    },
    {
      "type": "Feature",
      "geometry": {
        "type": "Point",
        "coordinates": [
          139.899398,
          35.909404
        ]
      },
      "properties": {
        "NO": "2242",
        "共通ID": "E1222000029111",
        "施設・場所名": "流山市西深井福祉会館",
        "住所": "千葉県流山市大字西深井313",
        "指定緊急避難場所との住所同一": "",
        "その他市町村長が必要と認める事項": null,
        "受入対象者": null,
        "備考": ""
      }
    },
    {
      "type": "Feature",
      "geometry": {
        "type": "Point",
        "coordinates": [
          139.899922,
          35.906138
        ]
      },
      "properties": {
        "NO": "2243",
        "共通ID": "E1222000030111",
        "施設・場所名": "流山市立西深井小学校",
        "住所": "千葉県流山市大字西深井67-1",
        "指定緊急避難場所との住所同一": "1",
        "その他市町村長が必要と認める事項": null,
        "受入対象者": null,
        "備考": ""
      }
    },
    {
      "type": "Feature",
      "geometry": {
        "type": "Point",
        "coordinates": [
          139.90935,
          35.878248
        ]
      },
      "properties": {
        "NO": "2244",
        "共通ID": "E1222000031111",
        "施設・場所名": "コミュニティプラザ（旧流山市勤労者総合福祉センター）",
        "住所": "千葉県流山市大字大畔25-17",
        "指定緊急避難場所との住所同一": "",
        "その他市町村長が必要と認める事項": "",
        "受入対象者": "",
        "備考": ""
      }
    },
    {
      "type": "Feature",
      "geometry": {
        "type": "Point",
        "coordinates": [
          139.910946,
          35.876809
        ]
      },
      "properties": {
        "NO": "2245",
        "共通ID": "E1222000032111",
        "施設・場所名": "千葉県立流山おおたかの森高等学校",
        "住所": "千葉県流山市大字大畔275-5",
        "指定緊急避難場所との住所同一": "1",
        "その他市町村長が必要と認める事項": null,
        "受入対象者": null,
        "備考": ""
      }
    },
    {
      "type": "Feature",
      "geometry": {
        "type": "Point",
        "coordinates": [
          139.909354,
          35.878254
        ]
      },
      "properties": {
        "NO": "2246",
        "共通ID": "E1222000033111",
        "施設・場所名": "コミュニティプラザ（旧流山市勤労者体育施設）",
        "住所": "千葉県流山市大字大畔64-1",
        "指定緊急避難場所との住所同一": "",
        "その他市町村長が必要と認める事項": "",
        "受入対象者": "",
        "備考": ""
      }
    },
    {
      "type": "Feature",
      "geometry": {
        "type": "Point",
        "coordinates": [
          139.899662,
          35.895831
        ]
      },
      "properties": {
        "NO": "2247",
        "共通ID": "E1222000034111",
        "施設・場所名": "流山市立新川小学校",
        "住所": "千葉県流山市大字中野久木339",
        "指定緊急避難場所との住所同一": "1",
        "その他市町村長が必要と認める事項": null,
        "受入対象者": null,
        "備考": ""
      }
    },
    {
      "type": "Feature",
      "geometry": {
        "type": "Point",
        "coordinates": [
          139.900036,
          35.895128
        ]
      },
      "properties": {
        "NO": "2248",
        "共通ID": "E1222000035111",
        "施設・場所名": "流山市立中野久木保育所",
        "住所": "千葉県流山市大字中野久木373",
        "指定緊急避難場所との住所同一": "",
        "その他市町村長が必要と認める事項": null,
        "受入対象者": null,
        "備考": ""
      }
    },
    {
      "type": "Feature",
      "geometry": {
        "type": "Point",
        "coordinates": [
          139.906423,
          35.896737
        ]
      },
      "properties": {
        "NO": "2249",
        "共通ID": "E1222000036111",
        "施設・場所名": "流山市立北部中学校",
        "住所": "千葉県流山市大字中野久木577",
        "指定緊急避難場所との住所同一": "1",
        "その他市町村長が必要と認める事項": null,
        "受入対象者": null,
        "備考": ""
      }
    },
    {
      "type": "Feature",
      "geometry": {
        "type": "Point",
        "coordinates": [
          139.895518,
          35.8957
        ]
      },
      "properties": {
        "NO": "2250",
        "共通ID": "E1222000037111",
        "施設・場所名": "千葉県立流山北高等学校",
        "住所": "千葉県流山市大字中野久木7-1",
        "指定緊急避難場所との住所同一": "1",
        "その他市町村長が必要と認める事項": null,
        "受入対象者": null,
        "備考": ""
      }
    },
    {
      "type": "Feature",
      "geometry": {
        "type": "Point",
        "coordinates": [
          139.908885,
          35.909351
        ]
      },
      "properties": {
        "NO": "2251",
        "共通ID": "E1222000038111",
        "施設・場所名": "流山市立東深井保育所",
        "住所": "千葉県流山市大字東深井177-2",
        "指定緊急避難場所との住所同一": "",
        "その他市町村長が必要と認める事項": null,
        "受入対象者": null,
        "備考": ""
      }
    },
    {
      "type": "Feature",
      "geometry": {
        "type": "Point",
        "coordinates": [
          139.905554,
          35.906287
        ]
      },
      "properties": {
        "NO": "2252",
        "共通ID": "E1222000040111",
        "施設・場所名": "流山市立東深井中学校",
        "住所": "千葉県流山市大字東深井47",
        "指定緊急避難場所との住所同一": "1",
        "その他市町村長が必要と認める事項": "",
        "受入対象者": "",
        "備考": ""
      }
    },
    {
      "type": "Feature",
      "geometry": {
        "type": "Point",
        "coordinates": [
          139.913585,
          35.912501
        ]
      },
      "properties": {
        "NO": "2253",
        "共通ID": "E1222000041111",
        "施設・場所名": "流山市東深井福祉会館",
        "住所": "千葉県流山市大字東深井498-30",
        "指定緊急避難場所との住所同一": "",
        "その他市町村長が必要と認める事項": null,
        "受入対象者": null,
        "備考": ""
      }
    },
    {
      "type": "Feature",
      "geometry": {
        "type": "Point",
        "coordinates": [
          139.909215,
          35.908415
        ]
      },
      "properties": {
        "NO": "2254",
        "共通ID": "E1222000043111",
        "施設・場所名": "流山市立東深井小学校",
        "住所": "千葉県流山市大字東深井879-2",
        "指定緊急避難場所との住所同一": "1",
        "その他市町村長が必要と認める事項": null,
        "受入対象者": null,
        "備考": ""
      }
    },
    {
      "type": "Feature",
      "geometry": {
        "type": "Point",
        "coordinates": [
          139.916436,
          35.911497
        ]
      },
      "properties": {
        "NO": "2255",
        "共通ID": "E1222000044111",
        "施設・場所名": "高齢者福祉センター　森の倶楽部",
        "住所": "千葉県流山市大字東深井986-1",
        "指定緊急避難場所との住所同一": "",
        "その他市町村長が必要と認める事項": null,
        "受入対象者": null,
        "備考": ""
      }
    },
    {
      "type": "Feature",
      "geometry": {
        "type": "Point",
        "coordinates": [
          139.903907,
          35.882962
        ]
      },
      "properties": {
        "NO": "2256",
        "共通ID": "E1222000045111",
        "施設・場所名": "流山市南福祉会館",
        "住所": "千葉県流山市大字南102-2",
        "指定緊急避難場所との住所同一": "",
        "その他市町村長が必要と認める事項": null,
        "受入対象者": null,
        "備考": ""
      }
    },
    {
      "type": "Feature",
      "geometry": {
        "type": "Point",
        "coordinates": [
          139.89897,
          35.83465
        ]
      },
      "properties": {
        "NO": "2257",
        "共通ID": "E1222000047111",
        "施設・場所名": "流山市立南流山小学校",
        "住所": "千葉県流山市大字木487",
        "指定緊急避難場所との住所同一": "1",
        "その他市町村長が必要と認める事項": null,
        "受入対象者": null,
        "備考": ""
      }
    },
    {
      "type": "Feature",
      "geometry": {
        "type": "Point",
        "coordinates": [
          139.91355,
          35.873883
        ]
      },
      "properties": {
        "NO": "2258",
        "共通ID": "E1222000049111",
        "施設・場所名": "流山市立おおぐろの森小学校",
        "住所": "千葉県流山市大畔316-1",
        "指定緊急避難場所との住所同一": "1",
        "その他市町村長が必要と認める事項": null,
        "受入対象者": null,
        "備考": ""
      }
    },
    {
      "type": "Feature",
      "geometry": {
        "type": "Point",
        "coordinates": [
          139.913282,
          35.874844
        ]
      },
      "properties": {
        "NO": "2259",
        "共通ID": "E1222000050111",
        "施設・場所名": "流山市立おおぐろの森中学校",
        "住所": "千葉県流山市大畔581",
        "指定緊急避難場所との住所同一": "1",
        "その他市町村長が必要と認める事項": null,
        "受入対象者": null,
        "備考": ""
      }
    },
    {
      "type": "Feature",
      "geometry": {
        "type": "Point",
        "coordinates": [
          139.91756,
          35.853643
        ]
      },
      "properties": {
        "NO": "2260",
        "共通ID": "E1222000051111",
        "施設・場所名": "流山市生涯学習センター",
        "住所": "千葉県流山市中110",
        "指定緊急避難場所との住所同一": "1",
        "その他市町村長が必要と認める事項": null,
        "受入対象者": null,
        "備考": ""
      }
    },
    {
      "type": "Feature",
      "geometry": {
        "type": "Point",
        "coordinates": [
          139.918706,
          35.890182
        ]
      },
      "properties": {
        "NO": "2261",
        "共通ID": "E1222000052111",
        "施設・場所名": "千葉県立流山高等学校",
        "住所": "千葉県流山市東初石2-98",
        "指定緊急避難場所との住所同一": "1",
        "その他市町村長が必要と認める事項": null,
        "受入対象者": null,
        "備考": ""
      }
    },
    {
      "type": "Feature",
      "geometry": {
        "type": "Point",
        "coordinates": [
          139.922459,
          35.882392
        ]
      },
      "properties": {
        "NO": "2262",
        "共通ID": "E1222000053111",
        "施設・場所名": "流山市立常盤松中学校",
        "住所": "千葉県流山市東初石3-134",
        "指定緊急避難場所との住所同一": "1",
        "その他市町村長が必要と認める事項": "",
        "受入対象者": "",
        "備考": ""
      }
    },
    {
      "type": "Feature",
      "geometry": {
        "type": "Point",
        "coordinates": [
          139.901658,
          35.83381
        ]
      },
      "properties": {
        "NO": "2263",
        "共通ID": "E1222000086111",
        "施設・場所名": "南流山児童センター",
        "住所": "千葉県流山市南流山10-2-1",
        "指定緊急避難場所との住所同一": "1",
        "その他市町村長が必要と認める事項": "",
        "受入対象者": "",
        "備考": ""
      }
    },
    {
      "type": "Feature",
      "geometry": {
        "type": "Point",
        "coordinates": [
          139.900931,
          35.834465
        ]
      },
      "properties": {
        "NO": "2264",
        "共通ID": "E1222000084111",
        "施設・場所名": "流山市立南流山第二小学校",
        "住所": "千葉県流山市南流山10-2-3",
        "指定緊急避難場所との住所同一": "1",
        "その他市町村長が必要と認める事項": "",
        "受入対象者": "",
        "備考": ""
      }
    },
    {
      "type": "Feature",
      "geometry": {
        "type": "Point",
        "coordinates": [
          139.901708,
          35.83884
        ]
      },
      "properties": {
        "NO": "2265",
        "共通ID": "E1222000055111",
        "施設・場所名": "流山市南流山センター",
        "住所": "千葉県流山市南流山3-3-1",
        "指定緊急避難場所との住所同一": "",
        "その他市町村長が必要と認める事項": null,
        "受入対象者": null,
        "備考": ""
      }
    },
    {
      "type": "Feature",
      "geometry": {
        "type": "Point",
        "coordinates": [
          139.902062,
          35.838814
        ]
      },
      "properties": {
        "NO": "2266",
        "共通ID": "E1222000055112",
        "施設・場所名": "流山市南流山福祉会館",
        "住所": "千葉県流山市南流山3-3-1",
        "指定緊急避難場所との住所同一": "",
        "その他市町村長が必要と認める事項": null,
        "受入対象者": null,
        "備考": ""
      }
    },
    {
      "type": "Feature",
      "geometry": {
        "type": "Point",
        "coordinates": [
          139.899207,
          35.834472
        ]
      },
      "properties": {
        "NO": "2267",
        "共通ID": "E1222000085111",
        "施設・場所名": "流山市立南流山小学校",
        "住所": "千葉県流山市南流山9-8-8",
        "指定緊急避難場所との住所同一": "",
        "その他市町村長が必要と認める事項": "",
        "受入対象者": "",
        "備考": ""
      }
    },
    {
      "type": "Feature",
      "geometry": {
        "type": "Point",
        "coordinates": [
          139.904603,
          35.89753
        ]
      },
      "properties": {
        "NO": "2268",
        "共通ID": "E1222000056111",
        "施設・場所名": "千葉県生涯大学校東葛飾学園江戸川台校舎",
        "住所": "千葉県流山市美原1-158-2",
        "指定緊急避難場所との住所同一": "1",
        "その他市町村長が必要と認める事項": null,
        "受入対象者": null,
        "備考": ""
      }
    },
    {
      "type": "Feature",
      "geometry": {
        "type": "Point",
        "coordinates": [
          139.904191,
          35.897785
        ]
      },
      "properties": {
        "NO": "2269",
        "共通ID": "E1222000056112",
        "施設・場所名": "流山市北部公民館",
        "住所": "千葉県流山市美原1-158-2",
        "指定緊急避難場所との住所同一": "1",
        "その他市町村長が必要と認める事項": null,
        "受入対象者": null,
        "備考": ""
      }
    },
    {
      "type": "Feature",
      "geometry": {
        "type": "Point",
        "coordinates": [
          139.928655,
          35.884717
        ]
      },
      "properties": {
        "NO": "2270",
        "共通ID": "E1222000057111",
        "施設・場所名": "流山市立八木北小学校",
        "住所": "千葉県流山市美田208",
        "指定緊急避難場所との住所同一": "1",
        "その他市町村長が必要と認める事項": null,
        "受入対象者": null,
        "備考": ""
      }
    },
    {
      "type": "Feature",
      "geometry": {
        "type": "Point",
        "coordinates": [
          139.917084,
          35.843739
        ]
      },
      "properties": {
        "NO": "2271",
        "共通ID": "E1222000083111",
        "施設・場所名": "流山市立南流山中学校",
        "住所": "千葉県流山市鰭ケ崎1662-1",
        "指定緊急避難場所との住所同一": "1",
        "その他市町村長が必要と認める事項": "",
        "受入対象者": "",
        "備考": ""
      }
    },
    {
      "type": "Feature",
      "geometry": {
        "type": "Point",
        "coordinates": [
          139.908732,
          35.839357
        ]
      },
      "properties": {
        "NO": "2272",
        "共通ID": "E1222000058111",
        "施設・場所名": "流山市立鰭ヶ崎小学校",
        "住所": "千葉県流山市鰭ケ崎7-1",
        "指定緊急避難場所との住所同一": "1",
        "その他市町村長が必要と認める事項": null,
        "受入対象者": null,
        "備考": ""
      }
    },
    {
      "type": "Feature",
      "geometry": {
        "type": "Point",
        "coordinates": [
          139.903863,
          35.854056
        ]
      },
      "properties": {
        "NO": "2273",
        "共通ID": "E1222000060111",
        "施設・場所名": "流山市立平和台保育所",
        "住所": "千葉県流山市平和台2-6-3",
        "指定緊急避難場所との住所同一": "",
        "その他市町村長が必要と認める事項": null,
        "受入対象者": null,
        "備考": ""
      }
    },
    {
      "type": "Feature",
      "geometry": {
        "type": "Point",
        "coordinates": [
          139.909468,
          35.854819
        ]
      },
      "properties": {
        "NO": "2274",
        "共通ID": "E1222000061111",
        "施設・場所名": "流山市平和台福祉会館",
        "住所": "千葉県流山市平和台5-45-34",
        "指定緊急避難場所との住所同一": "",
        "その他市町村長が必要と認める事項": null,
        "受入対象者": null,
        "備考": ""
      }
    },
    {
      "type": "Feature",
      "geometry": {
        "type": "Point",
        "coordinates": [
          139.937688,
          35.849166
        ]
      },
      "properties": {
        "NO": "2275",
        "共通ID": "E1222000062111",
        "施設・場所名": "千葉県立特別支援学校流山高等学園第二キャンパス",
        "住所": "千葉県流山市名都借140",
        "指定緊急避難場所との住所同一": "1",
        "その他市町村長が必要と認める事項": null,
        "受入対象者": null,
        "備考": ""
      }
    },
    {
      "type": "Feature",
      "geometry": {
        "type": "Point",
        "coordinates": [
          139.942724,
          35.844267
        ]
      },
      "properties": {
        "NO": "2276",
        "共通ID": "E1222000064111",
        "施設・場所名": "流山市名都借福祉会館",
        "住所": "千葉県流山市名都借274",
        "指定緊急避難場所との住所同一": "",
        "その他市町村長が必要と認める事項": null,
        "受入対象者": null,
        "備考": ""
      }
    },
    {
      "type": "Feature",
      "geometry": {
        "type": "Point",
        "coordinates": [
          139.941335,
          35.842055
        ]
      },
      "properties": {
        "NO": "2277",
        "共通ID": "E1222000065111",
        "施設・場所名": "流山市東部公民館",
        "住所": "千葉県流山市名都借756-4",
        "指定緊急避難場所との住所同一": "1",
        "その他市町村長が必要と認める事項": null,
        "受入対象者": null,
        "備考": ""
      }
    },
    {
      "type": "Feature",
      "geometry": {
        "type": "Point",
        "coordinates": [
          139.942427,
          35.84306
        ]
      },
      "properties": {
        "NO": "2278",
        "共通ID": "E1222000066111",
        "施設・場所名": "流山市立東小学校",
        "住所": "千葉県流山市名都借856",
        "指定緊急避難場所との住所同一": "1",
        "その他市町村長が必要と認める事項": null,
        "受入対象者": null,
        "備考": ""
      }
    },
    {
      "type": "Feature",
      "geometry": {
        "type": "Point",
        "coordinates": [
          139.93837,
          35.843715
        ]
      },
      "properties": {
        "NO": "2279",
        "共通ID": "E1222000067111",
        "施設・場所名": "流山市立東部中学校",
        "住所": "千葉県流山市名都借865",
        "指定緊急避難場所との住所同一": "1",
        "その他市町村長が必要と認める事項": null,
        "受入対象者": null,
        "備考": ""
      }
    },
    {
      "type": "Feature",
      "geometry": {
        "type": "Point",
        "coordinates": [
          139.917646,
          35.858916
        ]
      },
      "properties": {
        "NO": "2280",
        "共通ID": "E1222000069111",
        "施設・場所名": "キッコーマン　アリーナ　（市民総合体育館）",
        "住所": "千葉県流山市野々下1-40-1",
        "指定緊急避難場所との住所同一": "1",
        "その他市町村長が必要と認める事項": null,
        "受入対象者": null,
        "備考": ""
      }
    },
    {
      "type": "Feature",
      "geometry": {
        "type": "Point",
        "coordinates": [
          139.936184,
          35.859679
        ]
      },
      "properties": {
        "NO": "2281",
        "共通ID": "E1222000070111",
        "施設・場所名": "流山市立長崎小学校",
        "住所": "千葉県流山市野々下2-10-1",
        "指定緊急避難場所との住所同一": "1",
        "その他市町村長が必要と認める事項": null,
        "受入対象者": null,
        "備考": ""
      }
    },
    {
      "type": "Feature",
      "geometry": {
        "type": "Point",
        "coordinates": [
          139.933932,
          35.855743
        ]
      },
      "properties": {
        "NO": "2282",
        "共通ID": "E1222000071111",
        "施設・場所名": "千葉県立特別支援学校流山高等学園",
        "住所": "千葉県流山市野々下2-496-1",
        "指定緊急避難場所との住所同一": "1",
        "その他市町村長が必要と認める事項": null,
        "受入対象者": null,
        "備考": ""
      }
    },
    {
      "type": "Feature",
      "geometry": {
        "type": "Point",
        "coordinates": [
          139.935763,
          35.858702
        ]
      },
      "properties": {
        "NO": "2283",
        "共通ID": "E1222000072111",
        "施設・場所名": "流山市野々下福祉会館",
        "住所": "千葉県流山市野々下2-709-3",
        "指定緊急避難場所との住所同一": "",
        "その他市町村長が必要と認める事項": null,
        "受入対象者": null,
        "備考": ""
      }
    },
    {
      "type": "Feature",
      "geometry": {
        "type": "Point",
        "coordinates": [
          139.936822,
          35.860185
        ]
      },
      "properties": {
        "NO": "2284",
        "共通ID": "E1222000073111",
        "施設・場所名": "八木南第２コミュニティ・ホーム",
        "住所": "千葉県流山市野々下3-797",
        "指定緊急避難場所との住所同一": "",
        "その他市町村長が必要と認める事項": "",
        "受入対象者": "",
        "備考": ""
      }
    },
    {
      "type": "Feature",
      "geometry": {
        "type": "Point",
        "coordinates": [
          139.898514,
          35.855511
        ]
      },
      "properties": {
        "NO": "2285",
        "共通ID": "E1222000074111",
        "施設・場所名": "流山市流山福祉会館",
        "住所": "千葉県流山市流山2-102",
        "指定緊急避難場所との住所同一": "",
        "その他市町村長が必要と認める事項": null,
        "受入対象者": null,
        "備考": ""
      }
    },
    {
      "type": "Feature",
      "geometry": {
        "type": "Point",
        "coordinates": [
          139.900314,
          35.852587
        ]
      },
      "properties": {
        "NO": "2286",
        "共通ID": "E1222000075111",
        "施設・場所名": "流山市立流山小学校",
        "住所": "千葉県流山市流山4-359",
        "指定緊急避難場所との住所同一": "1",
        "その他市町村長が必要と認める事項": null,
        "受入対象者": null,
        "備考": ""
      }
    },
    {
      "type": "Feature",
      "geometry": {
        "type": "Point",
        "coordinates": [
          139.897483,
          35.847549
        ]
      },
      "properties": {
        "NO": "2287",
        "共通ID": "E1222000076111",
        "施設・場所名": "流山市赤城福祉会館",
        "住所": "千葉県流山市流山8-1071",
        "指定緊急避難場所との住所同一": "",
        "その他市町村長が必要と認める事項": null,
        "受入対象者": null,
        "備考": ""
      }
    },
    {
      "type": "Feature",
      "geometry": {
        "type": "Point",
        "coordinates": [
          139.898896,
          35.847989
        ]
      },
      "properties": {
        "NO": "2288",
        "共通ID": "E1222000077111",
        "施設・場所名": "千葉県立流山南高等学校",
        "住所": "千葉県流山市流山9-800-1",
        "指定緊急避難場所との住所同一": "1",
        "その他市町村長が必要と認める事項": null,
        "受入対象者": null,
        "備考": ""
      }
    },
    {
      "type": "Feature",
      "geometry": {
        "type": "Point",
        "coordinates": [
          139.901165,
          35.844819
        ]
      },
      "properties": {
        "NO": "2289",
        "共通ID": "E1222000080111",
        "施設・場所名": "流山市南部柔道場",
        "住所": "千葉県流山市流山965-14",
        "指定緊急避難場所との住所同一": "",
        "その他市町村長が必要と認める事項": null,
        "受入対象者": null,
        "備考": ""
      }
    }
  ]
}