{
  "type": "FeatureCollection",
  "name": "25000_滋賀県",
  "features": [
    {
      "type": "Feature",
      "geometry": {
        "type": "Point",
        "coordinates": [
          136.211753,
          35.171073
        ]
      },
      "properties": {
        "NO": "1",
        "共通ID": "E2542500001111",
        "施設・場所名": "愛知川公民館",
        "住所": "滋賀県愛荘町愛知川13-2",
        "指定緊急避難場所との住所同一": "1",
        "その他市町村長が必要と認める事項": null,
        "受入対象者": null,
        "備考": ""
      }
    },
    {
      "type": "Feature",
      "geometry": {
        "type": "Point",
        "coordinates": [
          136.212316,
          35.168802
        ]
      },
      "properties": {
        "NO": "2",
        "共通ID": "E2542500002111",
        "施設・場所名": "愛知川保健センター",
        "住所": "滋賀県愛荘町愛知川72",
        "指定緊急避難場所との住所同一": "1",
        "その他市町村長が必要と認める事項": null,
        "受入対象者": null,
        "備考": ""
      }
    },
    {
      "type": "Feature",
      "geometry": {
        "type": "Point",
        "coordinates": [
          136.250677,
          35.172576
        ]
      },
      "properties": {
        "NO": "3",
        "共通ID": "E2542500003121",
        "施設・場所名": "福祉センターラポール秦荘いきいきセンター",
        "住所": "滋賀県愛荘町安孫子1216-1",
        "指定緊急避難場所との住所同一": "1",
        "その他市町村長が必要と認める事項": null,
        "受入対象者": "要配慮者",
        "備考": ""
      }
    },
    {
      "type": "Feature",
      "geometry": {
        "type": "Point",
        "coordinates": [
          136.250787,
          35.172549
        ]
      },
      "properties": {
        "NO": "4",
        "共通ID": "E2542500003111",
        "施設・場所名": "福祉センターラポール秦荘いきいきセンター",
        "住所": "滋賀県愛荘町安孫子1216-1",
        "指定緊急避難場所との住所同一": "1",
        "その他市町村長が必要と認める事項": null,
        "受入対象者": null,
        "備考": ""
      }
    },
    {
      "type": "Feature",
      "geometry": {
        "type": "Point",
        "coordinates": [
          136.245944,
          35.174794
        ]
      },
      "properties": {
        "NO": "5",
        "共通ID": "E2542500004111",
        "施設・場所名": "秦荘中学校",
        "住所": "滋賀県愛荘町安孫子730",
        "指定緊急避難場所との住所同一": "1",
        "その他市町村長が必要と認める事項": null,
        "受入対象者": null,
        "備考": ""
      }
    },
    {
      "type": "Feature",
      "geometry": {
        "type": "Point",
        "coordinates": [
          136.245539,
          35.175545
        ]
      },
      "properties": {
        "NO": "6",
        "共通ID": "E2542500005111",
        "施設・場所名": "子育て支援センターあいっ子",
        "住所": "滋賀県愛荘町安孫子811-1",
        "指定緊急避難場所との住所同一": "1",
        "その他市町村長が必要と認める事項": null,
        "受入対象者": null,
        "備考": ""
      }
    },
    {
      "type": "Feature",
      "geometry": {
        "type": "Point",
        "coordinates": [
          136.210973,
          35.178995
        ]
      },
      "properties": {
        "NO": "7",
        "共通ID": "E2542500006111",
        "施設・場所名": "愛知川小学校",
        "住所": "滋賀県愛荘町沓掛480",
        "指定緊急避難場所との住所同一": "1",
        "その他市町村長が必要と認める事項": null,
        "受入対象者": null,
        "備考": ""
      }
    },
    {
      "type": "Feature",
      "geometry": {
        "type": "Point",
        "coordinates": [
          136.21025,
          35.172775
        ]
      },
      "properties": {
        "NO": "8",
        "共通ID": "E2542500007121",
        "施設・場所名": "福祉センター愛の郷",
        "住所": "滋賀県愛荘町市731",
        "指定緊急避難場所との住所同一": "1",
        "その他市町村長が必要と認める事項": null,
        "受入対象者": "要配慮者",
        "備考": ""
      }
    },
    {
      "type": "Feature",
      "geometry": {
        "type": "Point",
        "coordinates": [
          136.21036,
          35.172908
        ]
      },
      "properties": {
        "NO": "9",
        "共通ID": "E2542500007111",
        "施設・場所名": "福祉センター愛の郷",
        "住所": "滋賀県愛荘町市731",
        "指定緊急避難場所との住所同一": "1",
        "その他市町村長が必要と認める事項": null,
        "受入対象者": null,
        "備考": ""
      }
    },
    {
      "type": "Feature",
      "geometry": {
        "type": "Point",
        "coordinates": [
          136.212837,
          35.172781
        ]
      },
      "properties": {
        "NO": "10",
        "共通ID": "E2542500008111",
        "施設・場所名": "愛知中学校",
        "住所": "滋賀県愛荘町市779",
        "指定緊急避難場所との住所同一": "1",
        "その他市町村長が必要と認める事項": null,
        "受入対象者": null,
        "備考": ""
      }
    },
    {
      "type": "Feature",
      "geometry": {
        "type": "Point",
        "coordinates": [
          136.202669,
          35.190268
        ]
      },
      "properties": {
        "NO": "11",
        "共通ID": "E2542500009111",
        "施設・場所名": "つくし保育園",
        "住所": "滋賀県愛荘町川原680",
        "指定緊急避難場所との住所同一": "1",
        "その他市町村長が必要と認める事項": null,
        "受入対象者": null,
        "備考": ""
      }
    },
    {
      "type": "Feature",
      "geometry": {
        "type": "Point",
        "coordinates": [
          136.230837,
          35.166822
        ]
      },
      "properties": {
        "NO": "12",
        "共通ID": "E2542500010111",
        "施設・場所名": "秦荘西小学校",
        "住所": "滋賀県愛荘町島川1162",
        "指定緊急避難場所との住所同一": "1",
        "その他市町村長が必要と認める事項": null,
        "受入対象者": null,
        "備考": ""
      }
    },
    {
      "type": "Feature",
      "geometry": {
        "type": "Point",
        "coordinates": [
          136.258888,
          35.177436
        ]
      },
      "properties": {
        "NO": "13",
        "共通ID": "E2542500011111",
        "施設・場所名": "秦荘東小学校",
        "住所": "滋賀県愛荘町東出25",
        "指定緊急避難場所との住所同一": "1",
        "その他市町村長が必要と認める事項": null,
        "受入対象者": null,
        "備考": ""
      }
    },
    {
      "type": "Feature",
      "geometry": {
        "type": "Point",
        "coordinates": [
          136.211917,
          35.165697
        ]
      },
      "properties": {
        "NO": "14",
        "共通ID": "E2542500012111",
        "施設・場所名": "愛知川東小学校",
        "住所": "滋賀県愛荘町豊満573",
        "指定緊急避難場所との住所同一": "1",
        "その他市町村長が必要と認める事項": null,
        "受入対象者": null,
        "備考": ""
      }
    },
    {
      "type": "Feature",
      "geometry": {
        "type": "Point",
        "coordinates": [
          136.13269,
          35.145969
        ]
      },
      "properties": {
        "NO": "15",
        "共通ID": "E2520400037111",
        "施設・場所名": "安土コミュニティセンター",
        "住所": "滋賀県近江八幡市安土町下豊浦4660",
        "指定緊急避難場所との住所同一": "",
        "その他市町村長が必要と認める事項": "",
        "受入対象者": "",
        "備考": ""
      }
    },
    {
      "type": "Feature",
      "geometry": {
        "type": "Point",
        "coordinates": [
          136.131195,
          35.146801
        ]
      },
      "properties": {
        "NO": "16",
        "共通ID": "E2520400038111",
        "施設・場所名": "安土幼稚園",
        "住所": "滋賀県近江八幡市安土町下豊浦5300",
        "指定緊急避難場所との住所同一": "",
        "その他市町村長が必要と認める事項": "",
        "受入対象者": "",
        "備考": ""
      }
    },
    {
      "type": "Feature",
      "geometry": {
        "type": "Point",
        "coordinates": [
          136.146824,
          35.148056
        ]
      },
      "properties": {
        "NO": "17",
        "共通ID": "E2520400036111",
        "施設・場所名": "あづちマリエート",
        "住所": "滋賀県近江八幡市安土町桑実寺777",
        "指定緊急避難場所との住所同一": "",
        "その他市町村長が必要と認める事項": "",
        "受入対象者": "",
        "備考": ""
      }
    },
    {
      "type": "Feature",
      "geometry": {
        "type": "Point",
        "coordinates": [
          136.14228,
          35.13537
        ]
      },
      "properties": {
        "NO": "18",
        "共通ID": "E2520400035111",
        "施設・場所名": "安土中学校",
        "住所": "滋賀県近江八幡市安土町上豊浦862",
        "指定緊急避難場所との住所同一": "",
        "その他市町村長が必要と認める事項": "",
        "受入対象者": "",
        "備考": ""
      }
    },
    {
      "type": "Feature",
      "geometry": {
        "type": "Point",
        "coordinates": [
          136.131714,
          35.14336
        ]
      },
      "properties": {
        "NO": "19",
        "共通ID": "E2520400039111",
        "施設・場所名": "安土小学校",
        "住所": "滋賀県近江八幡市安土町常楽寺456",
        "指定緊急避難場所との住所同一": "",
        "その他市町村長が必要と認める事項": "",
        "受入対象者": "",
        "備考": ""
      }
    },
    {
      "type": "Feature",
      "geometry": {
        "type": "Point",
        "coordinates": [
          136.158691,
          35.126051
        ]
      },
      "properties": {
        "NO": "20",
        "共通ID": "E2520400041111",
        "施設・場所名": "老蘇コミュニティセンター",
        "住所": "滋賀県近江八幡市安土町東老蘇1136-1",
        "指定緊急避難場所との住所同一": "",
        "その他市町村長が必要と認める事項": "",
        "受入対象者": "",
        "備考": ""
      }
    },
    {
      "type": "Feature",
      "geometry": {
        "type": "Point",
        "coordinates": [
          136.157974,
          35.125282
        ]
      },
      "properties": {
        "NO": "21",
        "共通ID": "E2520400040111",
        "施設・場所名": "老蘇小学校",
        "住所": "滋賀県近江八幡市安土町東老蘇1300",
        "指定緊急避難場所との住所同一": "",
        "その他市町村長が必要と認める事項": "",
        "受入対象者": "",
        "備考": ""
      }
    },
    {
      "type": "Feature",
      "geometry": {
        "type": "Point",
        "coordinates": [
          136.091049,
          35.135197
        ]
      },
      "properties": {
        "NO": "22",
        "共通ID": "E2520400002111",
        "施設・場所名": "八幡コミュニティセンター",
        "住所": "滋賀県近江八幡市宇津呂町73-1",
        "指定緊急避難場所との住所同一": "",
        "その他市町村長が必要と認める事項": "",
        "受入対象者": "",
        "備考": ""
      }
    },
    {
      "type": "Feature",
      "geometry": {
        "type": "Point",
        "coordinates": [
          136.055355,
          35.200762
        ]
      },
      "properties": {
        "NO": "23",
        "共通ID": "E2520400010111",
        "施設・場所名": "沖島コミュニティセンター",
        "住所": "滋賀県近江八幡市沖島町268-1",
        "指定緊急避難場所との住所同一": "",
        "その他市町村長が必要と認める事項": "",
        "受入対象者": "",
        "備考": ""
      }
    },
    {
      "type": "Feature",
      "geometry": {
        "type": "Point",
        "coordinates": [
          136.060472,
          35.204234
        ]
      },
      "properties": {
        "NO": "24",
        "共通ID": "E2520400011111",
        "施設・場所名": "沖島小学校",
        "住所": "滋賀県近江八幡市沖島町360",
        "指定緊急避難場所との住所同一": "",
        "その他市町村長が必要と認める事項": "",
        "受入対象者": "",
        "備考": ""
      }
    },
    {
      "type": "Feature",
      "geometry": {
        "type": "Point",
        "coordinates": [
          136.071116,
          35.131632
        ]
      },
      "properties": {
        "NO": "25",
        "共通ID": "E2520400013111",
        "施設・場所名": "岡山小学校",
        "住所": "滋賀県近江八幡市加茂町3818",
        "指定緊急避難場所との住所同一": "",
        "その他市町村長が必要と認める事項": "",
        "受入対象者": "",
        "備考": ""
      }
    },
    {
      "type": "Feature",
      "geometry": {
        "type": "Point",
        "coordinates": [
          136.071726,
          35.132018
        ]
      },
      "properties": {
        "NO": "26",
        "共通ID": "E2520400012111",
        "施設・場所名": "岡山地域防災センター（岡山コミュニティセンター）",
        "住所": "滋賀県近江八幡市加茂町3818-1",
        "指定緊急避難場所との住所同一": "",
        "その他市町村長が必要と認める事項": "",
        "受入対象者": "",
        "備考": ""
      }
    },
    {
      "type": "Feature",
      "geometry": {
        "type": "Point",
        "coordinates": [
          136.116928,
          35.125267
        ]
      },
      "properties": {
        "NO": "27",
        "共通ID": "E2520400016111",
        "施設・場所名": "金田小学校",
        "住所": "滋賀県近江八幡市金剛寺町276",
        "指定緊急避難場所との住所同一": "",
        "その他市町村長が必要と認める事項": "",
        "受入対象者": "",
        "備考": ""
      }
    },
    {
      "type": "Feature",
      "geometry": {
        "type": "Point",
        "coordinates": [
          136.116166,
          35.125419
        ]
      },
      "properties": {
        "NO": "28",
        "共通ID": "E2520400015111",
        "施設・場所名": "金田コミュニティセンター",
        "住所": "滋賀県近江八幡市金剛寺町375",
        "指定緊急避難場所との住所同一": "",
        "その他市町村長が必要と認める事項": "",
        "受入対象者": "",
        "備考": ""
      }
    },
    {
      "type": "Feature",
      "geometry": {
        "type": "Point",
        "coordinates": [
          136.116673,
          35.126104
        ]
      },
      "properties": {
        "NO": "29",
        "共通ID": "E2520400017111",
        "施設・場所名": "金田幼稚園",
        "住所": "滋賀県近江八幡市金剛寺町390",
        "指定緊急避難場所との住所同一": "",
        "その他市町村長が必要と認める事項": "",
        "受入対象者": "",
        "備考": ""
      }
    },
    {
      "type": "Feature",
      "geometry": {
        "type": "Point",
        "coordinates": [
          136.069767,
          35.112449
        ]
      },
      "properties": {
        "NO": "30",
        "共通ID": "E2520400021111",
        "施設・場所名": "八幡西中学校",
        "住所": "滋賀県近江八幡市古川町50",
        "指定緊急避難場所との住所同一": "",
        "その他市町村長が必要と認める事項": "",
        "受入対象者": "",
        "備考": ""
      }
    },
    {
      "type": "Feature",
      "geometry": {
        "type": "Point",
        "coordinates": [
          136.049111,
          35.112045
        ]
      },
      "properties": {
        "NO": "31",
        "共通ID": "E2520400029111",
        "施設・場所名": "北里小学校",
        "住所": "滋賀県近江八幡市江頭町1014",
        "指定緊急避難場所との住所同一": "",
        "その他市町村長が必要と認める事項": "",
        "受入対象者": "",
        "備考": ""
      }
    },
    {
      "type": "Feature",
      "geometry": {
        "type": "Point",
        "coordinates": [
          136.051319,
          35.113151
        ]
      },
      "properties": {
        "NO": "32",
        "共通ID": "E2520400030111",
        "施設・場所名": "北里幼稚園",
        "住所": "滋賀県近江八幡市江頭町970",
        "指定緊急避難場所との住所同一": "",
        "その他市町村長が必要と認める事項": "",
        "受入対象者": "",
        "備考": ""
      }
    },
    {
      "type": "Feature",
      "geometry": {
        "type": "Point",
        "coordinates": [
          136.050891,
          35.11352
        ]
      },
      "properties": {
        "NO": "33",
        "共通ID": "E2520400028111",
        "施設・場所名": "北里コミュニティセンター",
        "住所": "滋賀県近江八幡市江頭町973",
        "指定緊急避難場所との住所同一": "",
        "その他市町村長が必要と認める事項": "",
        "受入対象者": "",
        "備考": ""
      }
    },
    {
      "type": "Feature",
      "geometry": {
        "type": "Point",
        "coordinates": [
          136.098877,
          35.138412
        ]
      },
      "properties": {
        "NO": "34",
        "共通ID": "E2520400005111",
        "施設・場所名": "八幡中学校",
        "住所": "滋賀県近江八幡市市井町36",
        "指定緊急避難場所との住所同一": "",
        "その他市町村長が必要と認める事項": "",
        "受入対象者": "",
        "備考": ""
      }
    },
    {
      "type": "Feature",
      "geometry": {
        "type": "Point",
        "coordinates": [
          136.09903,
          35.128918
        ]
      },
      "properties": {
        "NO": "35",
        "共通ID": "E2520400004111",
        "施設・場所名": "文化会館",
        "住所": "滋賀県近江八幡市出町366",
        "指定緊急避難場所との住所同一": "",
        "その他市町村長が必要と認める事項": "",
        "受入対象者": "",
        "備考": ""
      }
    },
    {
      "type": "Feature",
      "geometry": {
        "type": "Point",
        "coordinates": [
          136.096024,
          35.133354
        ]
      },
      "properties": {
        "NO": "36",
        "共通ID": "E2520400003111",
        "施設・場所名": "八幡幼稚園",
        "住所": "滋賀県近江八幡市出町487",
        "指定緊急避難場所との住所同一": "",
        "その他市町村長が必要と認める事項": "",
        "受入対象者": "",
        "備考": ""
      }
    },
    {
      "type": "Feature",
      "geometry": {
        "type": "Point",
        "coordinates": [
          136.118439,
          35.118282
        ]
      },
      "properties": {
        "NO": "37",
        "共通ID": "E2520400018111",
        "施設・場所名": "八幡東中学校",
        "住所": "滋賀県近江八幡市上田町1751",
        "指定緊急避難場所との住所同一": "",
        "その他市町村長が必要と認める事項": "",
        "受入対象者": "",
        "備考": ""
      }
    },
    {
      "type": "Feature",
      "geometry": {
        "type": "Point",
        "coordinates": [
          136.077897,
          35.112361
        ]
      },
      "properties": {
        "NO": "38",
        "共通ID": "E2520400020111",
        "施設・場所名": "桐原小学校",
        "住所": "滋賀県近江八幡市森尻町414-1",
        "指定緊急避難場所との住所同一": "",
        "その他市町村長が必要と認める事項": "",
        "受入対象者": "",
        "備考": ""
      }
    },
    {
      "type": "Feature",
      "geometry": {
        "type": "Point",
        "coordinates": [
          136.077349,
          35.11194
        ]
      },
      "properties": {
        "NO": "39",
        "共通ID": "E2520400022111",
        "施設・場所名": "桐原コミュニティセンター",
        "住所": "滋賀県近江八幡市森尻町414-3",
        "指定緊急避難場所との住所同一": "",
        "その他市町村長が必要と認める事項": "",
        "受入対象者": "",
        "備考": ""
      }
    },
    {
      "type": "Feature",
      "geometry": {
        "type": "Point",
        "coordinates": [
          136.140349,
          35.117328
        ]
      },
      "properties": {
        "NO": "40",
        "共通ID": "E2520400033111",
        "施設・場所名": "武佐こども園",
        "住所": "滋賀県近江八幡市西生来町1193",
        "指定緊急避難場所との住所同一": "",
        "その他市町村長が必要と認める事項": "",
        "受入対象者": "",
        "備考": ""
      }
    },
    {
      "type": "Feature",
      "geometry": {
        "type": "Point",
        "coordinates": [
          136.087177,
          35.111975
        ]
      },
      "properties": {
        "NO": "41",
        "共通ID": "E2520400023111",
        "施設・場所名": "八幡西子どもセンター",
        "住所": "滋賀県近江八幡市大森町41-1",
        "指定緊急避難場所との住所同一": "",
        "その他市町村長が必要と認める事項": "",
        "受入対象者": "",
        "備考": ""
      }
    },
    {
      "type": "Feature",
      "geometry": {
        "type": "Point",
        "coordinates": [
          136.087392,
          35.111694
        ]
      },
      "properties": {
        "NO": "42",
        "共通ID": "E2520400025111",
        "施設・場所名": "市民共生センター　はつらつ館",
        "住所": "滋賀県近江八幡市大森町41-7",
        "指定緊急避難場所との住所同一": "",
        "その他市町村長が必要と認める事項": "",
        "受入対象者": "",
        "備考": ""
      }
    },
    {
      "type": "Feature",
      "geometry": {
        "type": "Point",
        "coordinates": [
          136.107929,
          35.119408
        ]
      },
      "properties": {
        "NO": "43",
        "共通ID": "E2520400019111",
        "施設・場所名": "サン・ビレッジ近江八幡（駅南総合スポーツ施設）",
        "住所": "滋賀県近江八幡市鷹飼町40",
        "指定緊急避難場所との住所同一": "",
        "その他市町村長が必要と認める事項": "",
        "受入対象者": "",
        "備考": ""
      }
    },
    {
      "type": "Feature",
      "geometry": {
        "type": "Point",
        "coordinates": [
          136.068075,
          35.150618
        ]
      },
      "properties": {
        "NO": "44",
        "共通ID": "E2520400014111",
        "施設・場所名": "運動公園（体育館）",
        "住所": "滋賀県近江八幡市津田町18",
        "指定緊急避難場所との住所同一": "",
        "その他市町村長が必要と認める事項": "",
        "受入対象者": "",
        "備考": ""
      }
    },
    {
      "type": "Feature",
      "geometry": {
        "type": "Point",
        "coordinates": [
          136.092712,
          35.127277
        ]
      },
      "properties": {
        "NO": "45",
        "共通ID": "E2520400006111",
        "施設・場所名": "総合福祉センター（ひまわり館）",
        "住所": "滋賀県近江八幡市土田町1313",
        "指定緊急避難場所との住所同一": "",
        "その他市町村長が必要と認める事項": "",
        "受入対象者": "",
        "備考": ""
      }
    },
    {
      "type": "Feature",
      "geometry": {
        "type": "Point",
        "coordinates": [
          136.08786,
          35.122166
        ]
      },
      "properties": {
        "NO": "46",
        "共通ID": "E2520400024111",
        "施設・場所名": "桐原東小学校",
        "住所": "滋賀県近江八幡市土田町175",
        "指定緊急避難場所との住所同一": "",
        "その他市町村長が必要と認める事項": "",
        "受入対象者": "",
        "備考": ""
      }
    },
    {
      "type": "Feature",
      "geometry": {
        "type": "Point",
        "coordinates": [
          136.08371,
          35.168758
        ]
      },
      "properties": {
        "NO": "47",
        "共通ID": "E2520400009111",
        "施設・場所名": "島小学校",
        "住所": "滋賀県近江八幡市島町1603",
        "指定緊急避難場所との住所同一": "",
        "その他市町村長が必要と認める事項": "",
        "受入対象者": "",
        "備考": ""
      }
    },
    {
      "type": "Feature",
      "geometry": {
        "type": "Point",
        "coordinates": [
          136.083765,
          35.167893
        ]
      },
      "properties": {
        "NO": "48",
        "共通ID": "E2520400008111",
        "施設・場所名": "島地域防災センター（島コミュニティセンター）",
        "住所": "滋賀県近江八幡市島町1671-1",
        "指定緊急避難場所との住所同一": "",
        "その他市町村長が必要と認める事項": "",
        "受入対象者": "",
        "備考": ""
      }
    },
    {
      "type": "Feature",
      "geometry": {
        "type": "Point",
        "coordinates": [
          136.111875,
          35.102952
        ]
      },
      "properties": {
        "NO": "49",
        "共通ID": "E2520400027112",
        "施設・場所名": "馬淵こども園",
        "住所": "滋賀県近江八幡市馬淵町1533",
        "指定緊急避難場所との住所同一": "",
        "その他市町村長が必要と認める事項": "",
        "受入対象者": "",
        "備考": ""
      }
    },
    {
      "type": "Feature",
      "geometry": {
        "type": "Point",
        "coordinates": [
          136.112783,
          35.102531
        ]
      },
      "properties": {
        "NO": "50",
        "共通ID": "E2520400027111",
        "施設・場所名": "馬淵小学校",
        "住所": "滋賀県近江八幡市馬淵町1533",
        "指定緊急避難場所との住所同一": "",
        "その他市町村長が必要と認める事項": "",
        "受入対象者": "",
        "備考": ""
      }
    },
    {
      "type": "Feature",
      "geometry": {
        "type": "Point",
        "coordinates": [
          136.112406,
          35.101864
        ]
      },
      "properties": {
        "NO": "51",
        "共通ID": "E2520400026111",
        "施設・場所名": "馬淵地域防災センター（馬淵コミュニティセンター）",
        "住所": "滋賀県近江八幡市馬淵町3145",
        "指定緊急避難場所との住所同一": "",
        "その他市町村長が必要と認める事項": "",
        "受入対象者": "",
        "備考": ""
      }
    },
    {
      "type": "Feature",
      "geometry": {
        "type": "Point",
        "coordinates": [
          136.096589,
          35.137695
        ]
      },
      "properties": {
        "NO": "52",
        "共通ID": "E2520400007111",
        "施設・場所名": "八幡子どもセンター",
        "住所": "滋賀県近江八幡市八幡町37-1",
        "指定緊急避難場所との住所同一": "",
        "その他市町村長が必要と認める事項": "",
        "受入対象者": "",
        "備考": ""
      }
    },
    {
      "type": "Feature",
      "geometry": {
        "type": "Point",
        "coordinates": [
          136.138351,
          35.118057
        ]
      },
      "properties": {
        "NO": "53",
        "共通ID": "E2520400032111",
        "施設・場所名": "武佐小学校",
        "住所": "滋賀県近江八幡市武佐町118",
        "指定緊急避難場所との住所同一": "",
        "その他市町村長が必要と認める事項": "",
        "受入対象者": "",
        "備考": ""
      }
    },
    {
      "type": "Feature",
      "geometry": {
        "type": "Point",
        "coordinates": [
          136.138539,
          35.116012
        ]
      },
      "properties": {
        "NO": "54",
        "共通ID": "E2520400031111",
        "施設・場所名": "武佐コミュニティセンター",
        "住所": "滋賀県近江八幡市武佐町764",
        "指定緊急避難場所との住所同一": "",
        "その他市町村長が必要と認める事項": "",
        "受入対象者": "",
        "備考": ""
      }
    },
    {
      "type": "Feature",
      "geometry": {
        "type": "Point",
        "coordinates": [
          136.089783,
          35.135132
        ]
      },
      "properties": {
        "NO": "55",
        "共通ID": "E2520400001111",
        "施設・場所名": "八幡小学校",
        "住所": "滋賀県近江八幡市本町5-5",
        "指定緊急避難場所との住所同一": "",
        "その他市町村長が必要と認める事項": "",
        "受入対象者": "",
        "備考": ""
      }
    },
    {
      "type": "Feature",
      "geometry": {
        "type": "Point",
        "coordinates": [
          136.150472,
          35.112537
        ]
      },
      "properties": {
        "NO": "56",
        "共通ID": "E2520400034111",
        "施設・場所名": "八幡東子どもセンター",
        "住所": "滋賀県近江八幡市末広町320-2",
        "指定緊急避難場所との住所同一": "",
        "その他市町村長が必要と認める事項": "",
        "受入対象者": "",
        "備考": ""
      }
    },
    {
      "type": "Feature",
      "geometry": {
        "type": "Point",
        "coordinates": [
          136.003236,
          35.015898
        ]
      },
      "properties": {
        "NO": "57",
        "共通ID": "E2520800001111",
        "施設・場所名": "栗東市立治田東小学校",
        "住所": "滋賀県栗東市安養寺147",
        "指定緊急避難場所との住所同一": "1",
        "その他市町村長が必要と認める事項": "",
        "受入対象者": "",
        "備考": ""
      }
    },
    {
      "type": "Feature",
      "geometry": {
        "type": "Point",
        "coordinates": [
          136.004181,
          35.017625
        ]
      },
      "properties": {
        "NO": "58",
        "共通ID": "E2520800002121",
        "施設・場所名": "なごやかセンター",
        "住所": "滋賀県栗東市安養寺190",
        "指定緊急避難場所との住所同一": "1",
        "その他市町村長が必要と認める事項": null,
        "受入対象者": "要配慮者",
        "備考": ""
      }
    },
    {
      "type": "Feature",
      "geometry": {
        "type": "Point",
        "coordinates": [
          136.002897,
          35.017697
        ]
      },
      "properties": {
        "NO": "59",
        "共通ID": "E2520800003111",
        "施設・場所名": "コミュニティセンター治田東",
        "住所": "滋賀県栗東市安養寺205",
        "指定緊急避難場所との住所同一": "1",
        "その他市町村長が必要と認める事項": "",
        "受入対象者": "",
        "備考": ""
      }
    },
    {
      "type": "Feature",
      "geometry": {
        "type": "Point",
        "coordinates": [
          136.002323,
          35.021584
        ]
      },
      "properties": {
        "NO": "60",
        "共通ID": "E2520800004111",
        "施設・場所名": "学習支援センター",
        "住所": "滋賀県栗東市安養寺3-1-1",
        "指定緊急避難場所との住所同一": "1",
        "その他市町村長が必要と認める事項": null,
        "受入対象者": null,
        "備考": ""
      }
    },
    {
      "type": "Feature",
      "geometry": {
        "type": "Point",
        "coordinates": [
          135.995504,
          35.019343
        ]
      },
      "properties": {
        "NO": "61",
        "共通ID": "E2520800005111",
        "施設・場所名": "栗東市立栗東中学校",
        "住所": "滋賀県栗東市安養寺6-6-15",
        "指定緊急避難場所との住所同一": "1",
        "その他市町村長が必要と認める事項": "",
        "受入対象者": "",
        "備考": ""
      }
    },
    {
      "type": "Feature",
      "geometry": {
        "type": "Point",
        "coordinates": [
          135.996361,
          35.019893
        ]
      },
      "properties": {
        "NO": "62",
        "共通ID": "E2520800006111",
        "施設・場所名": "栗東市立治田東こども園",
        "住所": "滋賀県栗東市安養寺6-7-12",
        "指定緊急避難場所との住所同一": "1",
        "その他市町村長が必要と認める事項": "",
        "受入対象者": "",
        "備考": ""
      }
    },
    {
      "type": "Feature",
      "geometry": {
        "type": "Point",
        "coordinates": [
          136.022497,
          34.997739
        ]
      },
      "properties": {
        "NO": "63",
        "共通ID": "E2520800010111",
        "施設・場所名": "栗東市立金勝こども園",
        "住所": "滋賀県栗東市御園1009-1",
        "指定緊急避難場所との住所同一": "",
        "その他市町村長が必要と認める事項": "",
        "受入対象者": "",
        "備考": ""
      }
    },
    {
      "type": "Feature",
      "geometry": {
        "type": "Point",
        "coordinates": [
          136.014281,
          35.002678
        ]
      },
      "properties": {
        "NO": "64",
        "共通ID": "E2520800011112",
        "施設・場所名": "金勝第２保育園",
        "住所": "滋賀県栗東市御園1028",
        "指定緊急避難場所との住所同一": "1",
        "その他市町村長が必要と認める事項": null,
        "受入対象者": null,
        "備考": ""
      }
    },
    {
      "type": "Feature",
      "geometry": {
        "type": "Point",
        "coordinates": [
          136.014206,
          35.000982
        ]
      },
      "properties": {
        "NO": "65",
        "共通ID": "E2520800011111",
        "施設・場所名": "ＪＲＡ・トレセン厚生会館",
        "住所": "滋賀県栗東市御園1028",
        "指定緊急避難場所との住所同一": "1",
        "その他市町村長が必要と認める事項": null,
        "受入対象者": null,
        "備考": ""
      }
    },
    {
      "type": "Feature",
      "geometry": {
        "type": "Point",
        "coordinates": [
          136.023685,
          34.99691
        ]
      },
      "properties": {
        "NO": "66",
        "共通ID": "E2520800012111",
        "施設・場所名": "栗東市立金勝小学校",
        "住所": "滋賀県栗東市御園911-1",
        "指定緊急避難場所との住所同一": "1",
        "その他市町村長が必要と認める事項": "",
        "受入対象者": "",
        "備考": ""
      }
    },
    {
      "type": "Feature",
      "geometry": {
        "type": "Point",
        "coordinates": [
          136.022507,
          34.996937
        ]
      },
      "properties": {
        "NO": "67",
        "共通ID": "E2520800013111",
        "施設・場所名": "コミュニティセンター金勝",
        "住所": "滋賀県栗東市御園982",
        "指定緊急避難場所との住所同一": "1",
        "その他市町村長が必要と認める事項": "",
        "受入対象者": "",
        "備考": ""
      }
    },
    {
      "type": "Feature",
      "geometry": {
        "type": "Point",
        "coordinates": [
          136.023162,
          34.99757
        ]
      },
      "properties": {
        "NO": "68",
        "共通ID": "E2520800014111",
        "施設・場所名": "栗東市立金勝児童館",
        "住所": "滋賀県栗東市御園983",
        "指定緊急避難場所との住所同一": "1",
        "その他市町村長が必要と認める事項": "",
        "受入対象者": "",
        "備考": ""
      }
    },
    {
      "type": "Feature",
      "geometry": {
        "type": "Point",
        "coordinates": [
          136.022944,
          34.988527
        ]
      },
      "properties": {
        "NO": "69",
        "共通ID": "E2520800015111",
        "施設・場所名": "荒張スポーツ広場",
        "住所": "滋賀県栗東市荒張669",
        "指定緊急避難場所との住所同一": "1",
        "その他市町村長が必要と認める事項": null,
        "受入対象者": null,
        "備考": ""
      }
    },
    {
      "type": "Feature",
      "geometry": {
        "type": "Point",
        "coordinates": [
          136.012799,
          35.03302
        ]
      },
      "properties": {
        "NO": "70",
        "共通ID": "E2520800016111",
        "施設・場所名": "栗東市立葉山幼稚園（幼児園）",
        "住所": "滋賀県栗東市高野289",
        "指定緊急避難場所との住所同一": "1",
        "その他市町村長が必要と認める事項": "",
        "受入対象者": "",
        "備考": ""
      }
    },
    {
      "type": "Feature",
      "geometry": {
        "type": "Point",
        "coordinates": [
          136.012434,
          35.033222
        ]
      },
      "properties": {
        "NO": "71",
        "共通ID": "E2520800016112",
        "施設・場所名": "栗東市立葉山保育園（幼児園）",
        "住所": "滋賀県栗東市高野289",
        "指定緊急避難場所との住所同一": "1",
        "その他市町村長が必要と認める事項": "",
        "受入対象者": "",
        "備考": ""
      }
    },
    {
      "type": "Feature",
      "geometry": {
        "type": "Point",
        "coordinates": [
          136.013396,
          35.032824
        ]
      },
      "properties": {
        "NO": "72",
        "共通ID": "E2520800017111",
        "施設・場所名": "栗東市立葉山小学校",
        "住所": "滋賀県栗東市高野310",
        "指定緊急避難場所との住所同一": "1",
        "その他市町村長が必要と認める事項": "",
        "受入対象者": "",
        "備考": ""
      }
    },
    {
      "type": "Feature",
      "geometry": {
        "type": "Point",
        "coordinates": [
          136.012836,
          35.035309
        ]
      },
      "properties": {
        "NO": "73",
        "共通ID": "E2520800018111",
        "施設・場所名": "栗東市立葉山児童館",
        "住所": "滋賀県栗東市高野568-1",
        "指定緊急避難場所との住所同一": "1",
        "その他市町村長が必要と認める事項": "",
        "受入対象者": "",
        "備考": ""
      }
    },
    {
      "type": "Feature",
      "geometry": {
        "type": "Point",
        "coordinates": [
          136.013351,
          35.035485
        ]
      },
      "properties": {
        "NO": "74",
        "共通ID": "E2520800019111",
        "施設・場所名": "コミュニティセンター葉山",
        "住所": "滋賀県栗東市高野622-1",
        "指定緊急避難場所との住所同一": "1",
        "その他市町村長が必要と認める事項": "",
        "受入対象者": "",
        "備考": ""
      }
    },
    {
      "type": "Feature",
      "geometry": {
        "type": "Point",
        "coordinates": [
          136.019295,
          35.035509
        ]
      },
      "properties": {
        "NO": "75",
        "共通ID": "E2520800021111",
        "施設・場所名": "高野公園",
        "住所": "滋賀県栗東市高野727",
        "指定緊急避難場所との住所同一": "1",
        "その他市町村長が必要と認める事項": null,
        "受入対象者": null,
        "備考": ""
      }
    },
    {
      "type": "Feature",
      "geometry": {
        "type": "Point",
        "coordinates": [
          135.961881,
          35.047105
        ]
      },
      "properties": {
        "NO": "76",
        "共通ID": "E2520800022111",
        "施設・場所名": "栗東市ひだまりの家",
        "住所": "滋賀県栗東市十里399-3",
        "指定緊急避難場所との住所同一": "1",
        "その他市町村長が必要と認める事項": "",
        "受入対象者": "",
        "備考": ""
      }
    },
    {
      "type": "Feature",
      "geometry": {
        "type": "Point",
        "coordinates": [
          135.961999,
          35.046746
        ]
      },
      "properties": {
        "NO": "77",
        "共通ID": "E2520800024111",
        "施設・場所名": "栗東市立大宝西保育園",
        "住所": "滋賀県栗東市十里400",
        "指定緊急避難場所との住所同一": "1",
        "その他市町村長が必要と認める事項": "",
        "受入対象者": "",
        "備考": ""
      }
    },
    {
      "type": "Feature",
      "geometry": {
        "type": "Point",
        "coordinates": [
          135.961077,
          35.046462
        ]
      },
      "properties": {
        "NO": "78",
        "共通ID": "E2520800025111",
        "施設・場所名": "十里体育館",
        "住所": "滋賀県栗東市十里405-1",
        "指定緊急避難場所との住所同一": "1",
        "その他市町村長が必要と認める事項": null,
        "受入対象者": null,
        "備考": ""
      }
    },
    {
      "type": "Feature",
      "geometry": {
        "type": "Point",
        "coordinates": [
          136.011711,
          35.047561
        ]
      },
      "properties": {
        "NO": "79",
        "共通ID": "E2520800026111",
        "施設・場所名": "野洲川体育館",
        "住所": "滋賀県栗東市出庭2083",
        "指定緊急避難場所との住所同一": "1",
        "その他市町村長が必要と認める事項": null,
        "受入対象者": null,
        "備考": ""
      }
    },
    {
      "type": "Feature",
      "geometry": {
        "type": "Point",
        "coordinates": [
          136.004229,
          35.036552
        ]
      },
      "properties": {
        "NO": "80",
        "共通ID": "E2520800027121",
        "施設・場所名": "栗東市やすらぎの家",
        "住所": "滋賀県栗東市出庭700-1",
        "指定緊急避難場所との住所同一": "1",
        "その他市町村長が必要と認める事項": "",
        "受入対象者": "要配慮者",
        "備考": ""
      }
    },
    {
      "type": "Feature",
      "geometry": {
        "type": "Point",
        "coordinates": [
          135.978606,
          35.026075
        ]
      },
      "properties": {
        "NO": "81",
        "共通ID": "E2520800032111",
        "施設・場所名": "治田西スポーツセンター",
        "住所": "滋賀県栗東市小柿1-1-11",
        "指定緊急避難場所との住所同一": "1",
        "その他市町村長が必要と認める事項": null,
        "受入対象者": null,
        "備考": ""
      }
    },
    {
      "type": "Feature",
      "geometry": {
        "type": "Point",
        "coordinates": [
          135.97738,
          35.027193
        ]
      },
      "properties": {
        "NO": "82",
        "共通ID": "E2520800029121",
        "施設・場所名": "栗東市ゆうあいの家・治田西児童館",
        "住所": "滋賀県栗東市小柿1-10-10",
        "指定緊急避難場所との住所同一": "1",
        "その他市町村長が必要と認める事項": "",
        "受入対象者": "要配慮者",
        "備考": ""
      }
    },
    {
      "type": "Feature",
      "geometry": {
        "type": "Point",
        "coordinates": [
          135.974801,
          35.026067
        ]
      },
      "properties": {
        "NO": "83",
        "共通ID": "E2520800031111",
        "施設・場所名": "栗東市立治田西小学校",
        "住所": "滋賀県栗東市小柿1-5-21",
        "指定緊急避難場所との住所同一": "1",
        "その他市町村長が必要と認める事項": "",
        "受入対象者": "",
        "備考": ""
      }
    },
    {
      "type": "Feature",
      "geometry": {
        "type": "Point",
        "coordinates": [
          135.9749,
          35.025107
        ]
      },
      "properties": {
        "NO": "84",
        "共通ID": "E2520800034111",
        "施設・場所名": "コミュニティセンター治田西",
        "住所": "滋賀県栗東市小柿5-1-8",
        "指定緊急避難場所との住所同一": "1",
        "その他市町村長が必要と認める事項": "",
        "受入対象者": "",
        "備考": ""
      }
    },
    {
      "type": "Feature",
      "geometry": {
        "type": "Point",
        "coordinates": [
          136.01366,
          35.023178
        ]
      },
      "properties": {
        "NO": "85",
        "共通ID": "E2520800036111",
        "施設・場所名": "栗東市立葉山東小学校",
        "住所": "滋賀県栗東市小野320",
        "指定緊急避難場所との住所同一": "1",
        "その他市町村長が必要と認める事項": "",
        "受入対象者": "",
        "備考": ""
      }
    },
    {
      "type": "Feature",
      "geometry": {
        "type": "Point",
        "coordinates": [
          136.018409,
          35.017657
        ]
      },
      "properties": {
        "NO": "86",
        "共通ID": "E2520800037111",
        "施設・場所名": "滋賀県立国際情報高等学校",
        "住所": "滋賀県栗東市小野36",
        "指定緊急避難場所との住所同一": "1",
        "その他市町村長が必要と認める事項": null,
        "受入対象者": null,
        "備考": ""
      }
    },
    {
      "type": "Feature",
      "geometry": {
        "type": "Point",
        "coordinates": [
          136.012585,
          35.023592
        ]
      },
      "properties": {
        "NO": "87",
        "共通ID": "E2520800040112",
        "施設・場所名": "栗東市立葉山東幼稚園（幼児園）",
        "住所": "滋賀県栗東市小野465-1",
        "指定緊急避難場所との住所同一": "1",
        "その他市町村長が必要と認める事項": "",
        "受入対象者": "",
        "備考": ""
      }
    },
    {
      "type": "Feature",
      "geometry": {
        "type": "Point",
        "coordinates": [
          136.012666,
          35.023571
        ]
      },
      "properties": {
        "NO": "88",
        "共通ID": "E2520800040111",
        "施設・場所名": "栗東市立葉山東保育園（幼児園）",
        "住所": "滋賀県栗東市小野465-1",
        "指定緊急避難場所との住所同一": "1",
        "その他市町村長が必要と認める事項": "",
        "受入対象者": "",
        "備考": ""
      }
    },
    {
      "type": "Feature",
      "geometry": {
        "type": "Point",
        "coordinates": [
          136.011486,
          35.023139
        ]
      },
      "properties": {
        "NO": "89",
        "共通ID": "E2520800042111",
        "施設・場所名": "栗東市立葉山東児童館",
        "住所": "滋賀県栗東市小野480-1",
        "指定緊急避難場所との住所同一": "1",
        "その他市町村長が必要と認める事項": "",
        "受入対象者": "",
        "備考": ""
      }
    },
    {
      "type": "Feature",
      "geometry": {
        "type": "Point",
        "coordinates": [
          136.006614,
          35.022528
        ]
      },
      "properties": {
        "NO": "90",
        "共通ID": "E2520800043111",
        "施設・場所名": "滋賀県立栗東高等学校",
        "住所": "滋賀県栗東市小野618",
        "指定緊急避難場所との住所同一": "1",
        "その他市町村長が必要と認める事項": null,
        "受入対象者": null,
        "備考": ""
      }
    },
    {
      "type": "Feature",
      "geometry": {
        "type": "Point",
        "coordinates": [
          135.99153,
          35.016899
        ]
      },
      "properties": {
        "NO": "91",
        "共通ID": "E2520800044111",
        "施設・場所名": "栗東市民体育館",
        "住所": "滋賀県栗東市川辺390-1",
        "指定緊急避難場所との住所同一": "1",
        "その他市町村長が必要と認める事項": null,
        "受入対象者": null,
        "備考": ""
      }
    },
    {
      "type": "Feature",
      "geometry": {
        "type": "Point",
        "coordinates": [
          135.99252,
          35.020895
        ]
      },
      "properties": {
        "NO": "92",
        "共通ID": "E2520800045111",
        "施設・場所名": "滋賀県立聾話学校",
        "住所": "滋賀県栗東市川辺664",
        "指定緊急避難場所との住所同一": "1",
        "その他市町村長が必要と認める事項": "",
        "受入対象者": "",
        "備考": ""
      }
    },
    {
      "type": "Feature",
      "geometry": {
        "type": "Point",
        "coordinates": [
          135.975743,
          35.026881
        ]
      },
      "properties": {
        "NO": "93",
        "共通ID": "E2520800046111",
        "施設・場所名": "栗東市立治田西幼児園（保育園）",
        "住所": "滋賀県栗東市中沢1-4-22",
        "指定緊急避難場所との住所同一": "1",
        "その他市町村長が必要と認める事項": "",
        "受入対象者": "",
        "備考": ""
      }
    },
    {
      "type": "Feature",
      "geometry": {
        "type": "Point",
        "coordinates": [
          135.97512,
          35.027026
        ]
      },
      "properties": {
        "NO": "94",
        "共通ID": "E2520800047111",
        "施設・場所名": "栗東市立治田西幼稚園（幼児園）",
        "住所": "滋賀県栗東市中沢1-6-3",
        "指定緊急避難場所との住所同一": "1",
        "その他市町村長が必要と認める事項": null,
        "受入対象者": null,
        "備考": ""
      }
    },
    {
      "type": "Feature",
      "geometry": {
        "type": "Point",
        "coordinates": [
          135.9837,
          35.019642
        ]
      },
      "properties": {
        "NO": "95",
        "共通ID": "E2520800050111",
        "施設・場所名": "コミュニティセンター治田",
        "住所": "滋賀県栗東市坊袋161-1",
        "指定緊急避難場所との住所同一": "1",
        "その他市町村長が必要と認める事項": "",
        "受入対象者": "",
        "備考": ""
      }
    },
    {
      "type": "Feature",
      "geometry": {
        "type": "Point",
        "coordinates": [
          135.98327,
          35.019411
        ]
      },
      "properties": {
        "NO": "96",
        "共通ID": "E2520800052111",
        "施設・場所名": "栗東市立治田保育園",
        "住所": "滋賀県栗東市坊袋162",
        "指定緊急避難場所との住所同一": "1",
        "その他市町村長が必要と認める事項": "",
        "受入対象者": "",
        "備考": ""
      }
    },
    {
      "type": "Feature",
      "geometry": {
        "type": "Point",
        "coordinates": [
          135.984319,
          35.018989
        ]
      },
      "properties": {
        "NO": "97",
        "共通ID": "E2520800053111",
        "施設・場所名": "栗東市立治田小学校",
        "住所": "滋賀県栗東市坊袋77",
        "指定緊急避難場所との住所同一": "1",
        "その他市町村長が必要と認める事項": "",
        "受入対象者": "",
        "備考": ""
      }
    },
    {
      "type": "Feature",
      "geometry": {
        "type": "Point",
        "coordinates": [
          135.981502,
          35.019341
        ]
      },
      "properties": {
        "NO": "98",
        "共通ID": "E2520800054111",
        "施設・場所名": "栗東市立治田児童館",
        "住所": "滋賀県栗東市目川871-1",
        "指定緊急避難場所との住所同一": "1",
        "その他市町村長が必要と認める事項": "",
        "受入対象者": "",
        "備考": ""
      }
    },
    {
      "type": "Feature",
      "geometry": {
        "type": "Point",
        "coordinates": [
          135.981266,
          35.019741
        ]
      },
      "properties": {
        "NO": "99",
        "共通ID": "E2520800055111",
        "施設・場所名": "栗東市立治田幼稚園",
        "住所": "滋賀県栗東市目川871-2",
        "指定緊急避難場所との住所同一": "1",
        "その他市町村長が必要と認める事項": "",
        "受入対象者": "",
        "備考": ""
      }
    },
    {
      "type": "Feature",
      "geometry": {
        "type": "Point",
        "coordinates": [
          135.987998,
          35.03799
        ]
      },
      "properties": {
        "NO": "100",
        "共通ID": "E2520800056111",
        "施設・場所名": "栗東市立大宝東小学校",
        "住所": "滋賀県栗東市野尻502-1",
        "指定緊急避難場所との住所同一": "1",
        "その他市町村長が必要と認める事項": "",
        "受入対象者": "",
        "備考": ""
      }
    },
    {
      "type": "Feature",
      "geometry": {
        "type": "Point",
        "coordinates": [
          135.985657,
          35.035828
        ]
      },
      "properties": {
        "NO": "101",
        "共通ID": "E2520800058111",
        "施設・場所名": "大宝カナリヤ保育園",
        "住所": "滋賀県栗東市野尻584",
        "指定緊急避難場所との住所同一": "1",
        "その他市町村長が必要と認める事項": null,
        "受入対象者": null,
        "備考": ""
      }
    },
    {
      "type": "Feature",
      "geometry": {
        "type": "Point",
        "coordinates": [
          135.966617,
          35.042257
        ]
      },
      "properties": {
        "NO": "102",
        "共通ID": "E2520800059111",
        "施設・場所名": "栗東市立大宝西小学校",
        "住所": "滋賀県栗東市霊仙寺4-2-55",
        "指定緊急避難場所との住所同一": "1",
        "その他市町村長が必要と認める事項": "",
        "受入対象者": "",
        "備考": ""
      }
    },
    {
      "type": "Feature",
      "geometry": {
        "type": "Point",
        "coordinates": [
          135.96784,
          35.041949
        ]
      },
      "properties": {
        "NO": "103",
        "共通ID": "E2520800060111",
        "施設・場所名": "コミュニティセンター大宝西",
        "住所": "滋賀県栗東市霊仙寺4-2-63",
        "指定緊急避難場所との住所同一": "1",
        "その他市町村長が必要と認める事項": "",
        "受入対象者": "",
        "備考": ""
      }
    },
    {
      "type": "Feature",
      "geometry": {
        "type": "Point",
        "coordinates": [
          135.968115,
          35.041738
        ]
      },
      "properties": {
        "NO": "104",
        "共通ID": "E2520800061111",
        "施設・場所名": "栗東市立大宝西児童館",
        "住所": "滋賀県栗東市霊仙寺4-2-66",
        "指定緊急避難場所との住所同一": "1",
        "その他市町村長が必要と認める事項": "",
        "受入対象者": "",
        "備考": ""
      }
    },
    {
      "type": "Feature",
      "geometry": {
        "type": "Point",
        "coordinates": [
          135.968777,
          35.041242
        ]
      },
      "properties": {
        "NO": "105",
        "共通ID": "E2520800064111",
        "施設・場所名": "栗東市立大宝西幼稚園",
        "住所": "滋賀県栗東市霊仙寺5-6-19",
        "指定緊急避難場所との住所同一": "1",
        "その他市町村長が必要と認める事項": "",
        "受入対象者": "",
        "備考": ""
      }
    },
    {
      "type": "Feature",
      "geometry": {
        "type": "Point",
        "coordinates": [
          136.014885,
          35.023835
        ]
      },
      "properties": {
        "NO": "106",
        "共通ID": "E2520800065111",
        "施設・場所名": "コミュニティセンター葉山東",
        "住所": "滋賀県栗東市六地蔵714-1",
        "指定緊急避難場所との住所同一": "1",
        "その他市町村長が必要と認める事項": "",
        "受入対象者": "",
        "備考": ""
      }
    },
    {
      "type": "Feature",
      "geometry": {
        "type": "Point",
        "coordinates": [
          136.013989,
          35.028394
        ]
      },
      "properties": {
        "NO": "107",
        "共通ID": "E2520800067111",
        "施設・場所名": "栗東市立葉山中学校",
        "住所": "滋賀県栗東市六地蔵888",
        "指定緊急避難場所との住所同一": "1",
        "その他市町村長が必要と認める事項": "",
        "受入対象者": "",
        "備考": ""
      }
    },
    {
      "type": "Feature",
      "geometry": {
        "type": "Point",
        "coordinates": [
          135.984097,
          35.035751
        ]
      },
      "properties": {
        "NO": "108",
        "共通ID": "E2520800068111",
        "施設・場所名": "栗東芸術文化会館さきら",
        "住所": "滋賀県栗東市綣2-1-28",
        "指定緊急避難場所との住所同一": "1",
        "その他市町村長が必要と認める事項": null,
        "受入対象者": null,
        "備考": ""
      }
    },
    {
      "type": "Feature",
      "geometry": {
        "type": "Point",
        "coordinates": [
          135.973198,
          35.035718
        ]
      },
      "properties": {
        "NO": "109",
        "共通ID": "E2520800071111",
        "施設・場所名": "栗東市立栗東西中学校",
        "住所": "滋賀県栗東市綣4-13-47",
        "指定緊急避難場所との住所同一": "1",
        "その他市町村長が必要と認める事項": "",
        "受入対象者": "",
        "備考": ""
      }
    },
    {
      "type": "Feature",
      "geometry": {
        "type": "Point",
        "coordinates": [
          135.977396,
          35.037774
        ]
      },
      "properties": {
        "NO": "110",
        "共通ID": "E2520800073111",
        "施設・場所名": "栗東市立大宝児童館",
        "住所": "滋賀県栗東市綣6-13-10",
        "指定緊急避難場所との住所同一": "1",
        "その他市町村長が必要と認める事項": "",
        "受入対象者": "",
        "備考": ""
      }
    },
    {
      "type": "Feature",
      "geometry": {
        "type": "Point",
        "coordinates": [
          135.978519,
          35.038486
        ]
      },
      "properties": {
        "NO": "111",
        "共通ID": "E2520800074111",
        "施設・場所名": "栗東市立大宝小学校",
        "住所": "滋賀県栗東市綣7-14-19",
        "指定緊急避難場所との住所同一": "1",
        "その他市町村長が必要と認める事項": "",
        "受入対象者": "",
        "備考": ""
      }
    },
    {
      "type": "Feature",
      "geometry": {
        "type": "Point",
        "coordinates": [
          135.981502,
          35.040652
        ]
      },
      "properties": {
        "NO": "112",
        "共通ID": "E2520800075111",
        "施設・場所名": "大宝公園",
        "住所": "滋賀県栗東市綣7-5-5",
        "指定緊急避難場所との住所同一": "1",
        "その他市町村長が必要と認める事項": null,
        "受入対象者": null,
        "備考": ""
      }
    },
    {
      "type": "Feature",
      "geometry": {
        "type": "Point",
        "coordinates": [
          135.979269,
          35.039407
        ]
      },
      "properties": {
        "NO": "113",
        "共通ID": "E2520800077111",
        "施設・場所名": "コミュニティセンター大宝",
        "住所": "滋賀県栗東市綣7-9-21",
        "指定緊急避難場所との住所同一": "1",
        "その他市町村長が必要と認める事項": "",
        "受入対象者": "",
        "備考": ""
      }
    },
    {
      "type": "Feature",
      "geometry": {
        "type": "Point",
        "coordinates": [
          135.976203,
          35.040245
        ]
      },
      "properties": {
        "NO": "114",
        "共通ID": "E2520800079111",
        "施設・場所名": "大宝こども園",
        "住所": "滋賀県栗東市綣8-16-9",
        "指定緊急避難場所との住所同一": "1",
        "その他市町村長が必要と認める事項": "",
        "受入対象者": "",
        "備考": ""
      }
    },
    {
      "type": "Feature",
      "geometry": {
        "type": "Point",
        "coordinates": [
          136.043492,
          35.005318
        ]
      },
      "properties": {
        "NO": "115",
        "共通ID": "E2521100001111",
        "施設・場所名": "雨山第二体育館",
        "住所": "滋賀県湖南市雨山2-1-1",
        "指定緊急避難場所との住所同一": "",
        "その他市町村長が必要と認める事項": null,
        "受入対象者": null,
        "備考": ""
      }
    },
    {
      "type": "Feature",
      "geometry": {
        "type": "Point",
        "coordinates": [
          136.04335,
          35.005941
        ]
      },
      "properties": {
        "NO": "116",
        "共通ID": "E2521100001112",
        "施設・場所名": "雨山体育館",
        "住所": "滋賀県湖南市雨山2-1-1",
        "指定緊急避難場所との住所同一": "",
        "その他市町村長が必要と認める事項": null,
        "受入対象者": null,
        "備考": ""
      }
    },
    {
      "type": "Feature",
      "geometry": {
        "type": "Point",
        "coordinates": [
          136.131469,
          35.025481
        ]
      },
      "properties": {
        "NO": "117",
        "共通ID": "E2521100002111",
        "施設・場所名": "下田まちづくりセンター",
        "住所": "滋賀県湖南市下田1515",
        "指定緊急避難場所との住所同一": "",
        "その他市町村長が必要と認める事項": null,
        "受入対象者": null,
        "備考": ""
      }
    },
    {
      "type": "Feature",
      "geometry": {
        "type": "Point",
        "coordinates": [
          136.133754,
          35.021738
        ]
      },
      "properties": {
        "NO": "118",
        "共通ID": "E2521100003111",
        "施設・場所名": "下田こども園",
        "住所": "滋賀県湖南市下田2224",
        "指定緊急避難場所との住所同一": "1",
        "その他市町村長が必要と認める事項": null,
        "受入対象者": null,
        "備考": ""
      }
    },
    {
      "type": "Feature",
      "geometry": {
        "type": "Point",
        "coordinates": [
          136.130734,
          35.021876
        ]
      },
      "properties": {
        "NO": "119",
        "共通ID": "E2521100004111",
        "施設・場所名": "下田小学校",
        "住所": "滋賀県湖南市下田2784",
        "指定緊急避難場所との住所同一": "1",
        "その他市町村長が必要と認める事項": null,
        "受入対象者": null,
        "備考": ""
      }
    },
    {
      "type": "Feature",
      "geometry": {
        "type": "Point",
        "coordinates": [
          136.090166,
          34.993206
        ]
      },
      "properties": {
        "NO": "120",
        "共通ID": "E2521100005111",
        "施設・場所名": "夏見会館",
        "住所": "滋賀県湖南市夏見1505-1",
        "指定緊急避難場所との住所同一": "",
        "その他市町村長が必要と認める事項": null,
        "受入対象者": null,
        "備考": ""
      }
    },
    {
      "type": "Feature",
      "geometry": {
        "type": "Point",
        "coordinates": [
          136.091518,
          34.990802
        ]
      },
      "properties": {
        "NO": "121",
        "共通ID": "E2521100006111",
        "施設・場所名": "三雲小学校",
        "住所": "滋賀県湖南市夏見1857",
        "指定緊急避難場所との住所同一": "1",
        "その他市町村長が必要と認める事項": null,
        "受入対象者": null,
        "備考": ""
      }
    },
    {
      "type": "Feature",
      "geometry": {
        "type": "Point",
        "coordinates": [
          136.096653,
          34.997432
        ]
      },
      "properties": {
        "NO": "122",
        "共通ID": "E2521100007111",
        "施設・場所名": "保健センター",
        "住所": "滋賀県湖南市夏見588",
        "指定緊急避難場所との住所同一": "",
        "その他市町村長が必要と認める事項": null,
        "受入対象者": null,
        "備考": ""
      }
    },
    {
      "type": "Feature",
      "geometry": {
        "type": "Point",
        "coordinates": [
          136.074197,
          35.007447
        ]
      },
      "properties": {
        "NO": "123",
        "共通ID": "E2521100008111",
        "施設・場所名": "教育サポートセンター",
        "住所": "滋賀県湖南市柑子袋557-2",
        "指定緊急避難場所との住所同一": "",
        "その他市町村長が必要と認める事項": null,
        "受入対象者": null,
        "備考": ""
      }
    },
    {
      "type": "Feature",
      "geometry": {
        "type": "Point",
        "coordinates": [
          136.070033,
          35.002623
        ]
      },
      "properties": {
        "NO": "124",
        "共通ID": "E2521100009111",
        "施設・場所名": "柑子袋まちづくりセンター",
        "住所": "滋賀県湖南市柑子袋860-1",
        "指定緊急避難場所との住所同一": "",
        "その他市町村長が必要と認める事項": null,
        "受入対象者": null,
        "備考": ""
      }
    },
    {
      "type": "Feature",
      "geometry": {
        "type": "Point",
        "coordinates": [
          136.055458,
          34.997958
        ]
      },
      "properties": {
        "NO": "125",
        "共通ID": "E2521100011111",
        "施設・場所名": "石部南小学校",
        "住所": "滋賀県湖南市丸山1-1-1",
        "指定緊急避難場所との住所同一": "1",
        "その他市町村長が必要と認める事項": null,
        "受入対象者": null,
        "備考": ""
      }
    },
    {
      "type": "Feature",
      "geometry": {
        "type": "Point",
        "coordinates": [
          136.054809,
          34.999513
        ]
      },
      "properties": {
        "NO": "126",
        "共通ID": "E2521100012111",
        "施設・場所名": "京進のようちえん　ＨＯＰＰＡ石部南",
        "住所": "滋賀県湖南市丸山1-1-2",
        "指定緊急避難場所との住所同一": "1",
        "その他市町村長が必要と認める事項": null,
        "受入対象者": null,
        "備考": ""
      }
    },
    {
      "type": "Feature",
      "geometry": {
        "type": "Point",
        "coordinates": [
          136.051247,
          34.995036
        ]
      },
      "properties": {
        "NO": "127",
        "共通ID": "E2521100013111",
        "施設・場所名": "石部高等学校",
        "住所": "滋賀県湖南市丸山2-3-1",
        "指定緊急避難場所との住所同一": "1",
        "その他市町村長が必要と認める事項": null,
        "受入対象者": null,
        "備考": ""
      }
    },
    {
      "type": "Feature",
      "geometry": {
        "type": "Point",
        "coordinates": [
          136.112688,
          35.002319
        ]
      },
      "properties": {
        "NO": "128",
        "共通ID": "E2521100014111",
        "施設・場所名": "岩根まちづくりセンター",
        "住所": "滋賀県湖南市岩根1155-1",
        "指定緊急避難場所との住所同一": "",
        "その他市町村長が必要と認める事項": null,
        "受入対象者": null,
        "備考": ""
      }
    },
    {
      "type": "Feature",
      "geometry": {
        "type": "Point",
        "coordinates": [
          136.11412,
          35.001313
        ]
      },
      "properties": {
        "NO": "129",
        "共通ID": "E2521100015111",
        "施設・場所名": "岩根こども園",
        "住所": "滋賀県湖南市岩根2225",
        "指定緊急避難場所との住所同一": "",
        "その他市町村長が必要と認める事項": "",
        "受入対象者": "",
        "備考": ""
      }
    },
    {
      "type": "Feature",
      "geometry": {
        "type": "Point",
        "coordinates": [
          136.097847,
          35.006478
        ]
      },
      "properties": {
        "NO": "130",
        "共通ID": "E2521100016111",
        "施設・場所名": "岩根小学校",
        "住所": "滋賀県湖南市岩根3791",
        "指定緊急避難場所との住所同一": "1",
        "その他市町村長が必要と認める事項": null,
        "受入対象者": null,
        "備考": ""
      }
    },
    {
      "type": "Feature",
      "geometry": {
        "type": "Point",
        "coordinates": [
          136.106804,
          34.996691
        ]
      },
      "properties": {
        "NO": "131",
        "共通ID": "E2521100017111",
        "施設・場所名": "市民産業交流促進施設（ここぴあ）",
        "住所": "滋賀県湖南市岩根4528-1",
        "指定緊急避難場所との住所同一": "",
        "その他市町村長が必要と認める事項": null,
        "受入対象者": null,
        "備考": ""
      }
    },
    {
      "type": "Feature",
      "geometry": {
        "type": "Point",
        "coordinates": [
          136.118132,
          35.016586
        ]
      },
      "properties": {
        "NO": "132",
        "共通ID": "E2521100018111",
        "施設・場所名": "日枝中学校",
        "住所": "滋賀県湖南市岩根499-351",
        "指定緊急避難場所との住所同一": "1",
        "その他市町村長が必要と認める事項": null,
        "受入対象者": null,
        "備考": ""
      }
    },
    {
      "type": "Feature",
      "geometry": {
        "type": "Point",
        "coordinates": [
          136.061027,
          35.004443
        ]
      },
      "properties": {
        "NO": "133",
        "共通ID": "E2521100020111",
        "施設・場所名": "京進のようちえん　ＨＯＰＰＡ石部",
        "住所": "滋賀県湖南市宮の森1-1-1",
        "指定緊急避難場所との住所同一": "1",
        "その他市町村長が必要と認める事項": null,
        "受入対象者": null,
        "備考": ""
      }
    },
    {
      "type": "Feature",
      "geometry": {
        "type": "Point",
        "coordinates": [
          136.11009,
          34.984314
        ]
      },
      "properties": {
        "NO": "134",
        "共通ID": "E2521100021111",
        "施設・場所名": "三雲児童館",
        "住所": "滋賀県湖南市三雲1126",
        "指定緊急避難場所との住所同一": "",
        "その他市町村長が必要と認める事項": null,
        "受入対象者": null,
        "備考": ""
      }
    },
    {
      "type": "Feature",
      "geometry": {
        "type": "Point",
        "coordinates": [
          136.108755,
          34.984581
        ]
      },
      "properties": {
        "NO": "135",
        "共通ID": "E2521100022111",
        "施設・場所名": "三雲くじら保育園",
        "住所": "滋賀県湖南市三雲1168",
        "指定緊急避難場所との住所同一": "",
        "その他市町村長が必要と認める事項": null,
        "受入対象者": null,
        "備考": ""
      }
    },
    {
      "type": "Feature",
      "geometry": {
        "type": "Point",
        "coordinates": [
          136.107193,
          34.984662
        ]
      },
      "properties": {
        "NO": "136",
        "共通ID": "E2521100023111",
        "施設・場所名": "三雲まちづくりセンター",
        "住所": "滋賀県湖南市三雲1186",
        "指定緊急避難場所との住所同一": "1",
        "その他市町村長が必要と認める事項": null,
        "受入対象者": null,
        "備考": ""
      }
    },
    {
      "type": "Feature",
      "geometry": {
        "type": "Point",
        "coordinates": [
          136.106873,
          34.984615
        ]
      },
      "properties": {
        "NO": "137",
        "共通ID": "E2521100023112",
        "施設・場所名": "みくも地域人権福祉市民交流センター",
        "住所": "滋賀県湖南市三雲1186",
        "指定緊急避難場所との住所同一": "1",
        "その他市町村長が必要と認める事項": null,
        "受入対象者": null,
        "備考": ""
      }
    },
    {
      "type": "Feature",
      "geometry": {
        "type": "Point",
        "coordinates": [
          136.107684,
          34.974757
        ]
      },
      "properties": {
        "NO": "138",
        "共通ID": "E2521100024111",
        "施設・場所名": "三雲東小学校",
        "住所": "滋賀県湖南市三雲3100",
        "指定緊急避難場所との住所同一": "1",
        "その他市町村長が必要と認める事項": null,
        "受入対象者": null,
        "備考": ""
      }
    },
    {
      "type": "Feature",
      "geometry": {
        "type": "Point",
        "coordinates": [
          136.089529,
          35.00324
        ]
      },
      "properties": {
        "NO": "139",
        "共通ID": "E2521100025111",
        "施設・場所名": "甲西高等学校",
        "住所": "滋賀県湖南市針1",
        "指定緊急避難場所との住所同一": "1",
        "その他市町村長が必要と認める事項": null,
        "受入対象者": null,
        "備考": ""
      }
    },
    {
      "type": "Feature",
      "geometry": {
        "type": "Point",
        "coordinates": [
          136.084446,
          35.002146
        ]
      },
      "properties": {
        "NO": "140",
        "共通ID": "E2521100026111",
        "施設・場所名": "甲西中学校",
        "住所": "滋賀県湖南市針284",
        "指定緊急避難場所との住所同一": "1",
        "その他市町村長が必要と認める事項": null,
        "受入対象者": null,
        "備考": ""
      }
    },
    {
      "type": "Feature",
      "geometry": {
        "type": "Point",
        "coordinates": [
          136.122827,
          35.011864
        ]
      },
      "properties": {
        "NO": "141",
        "共通ID": "E2521100027111",
        "施設・場所名": "水戸小学校",
        "住所": "滋賀県湖南市水戸町31-1",
        "指定緊急避難場所との住所同一": "1",
        "その他市町村長が必要と認める事項": null,
        "受入対象者": null,
        "備考": ""
      }
    },
    {
      "type": "Feature",
      "geometry": {
        "type": "Point",
        "coordinates": [
          136.085937,
          35.013575
        ]
      },
      "properties": {
        "NO": "142",
        "共通ID": "E2521100028111",
        "施設・場所名": "甲西北中学校",
        "住所": "滋賀県湖南市正福寺28-1",
        "指定緊急避難場所との住所同一": "1",
        "その他市町村長が必要と認める事項": null,
        "受入対象者": null,
        "備考": ""
      }
    },
    {
      "type": "Feature",
      "geometry": {
        "type": "Point",
        "coordinates": [
          136.126383,
          35.013061
        ]
      },
      "properties": {
        "NO": "143",
        "共通ID": "E2521100030111",
        "施設・場所名": "水戸まちづくりセンター",
        "住所": "滋賀県湖南市西峰町1",
        "指定緊急避難場所との住所同一": "",
        "その他市町村長が必要と認める事項": null,
        "受入対象者": null,
        "備考": ""
      }
    },
    {
      "type": "Feature",
      "geometry": {
        "type": "Point",
        "coordinates": [
          136.126033,
          35.013739
        ]
      },
      "properties": {
        "NO": "144",
        "共通ID": "E2521100031111",
        "施設・場所名": "市民学習交流センター（サンヒルズ甲西）",
        "住所": "滋賀県湖南市西峰町1-1",
        "指定緊急避難場所との住所同一": "1",
        "その他市町村長が必要と認める事項": null,
        "受入対象者": null,
        "備考": ""
      }
    },
    {
      "type": "Feature",
      "geometry": {
        "type": "Point",
        "coordinates": [
          136.051793,
          35.013681
        ]
      },
      "properties": {
        "NO": "145",
        "共通ID": "E2521100032111",
        "施設・場所名": "いしべ交流センター",
        "住所": "滋賀県湖南市石部西2-12-6",
        "指定緊急避難場所との住所同一": "",
        "その他市町村長が必要と認める事項": null,
        "受入対象者": null,
        "備考": ""
      }
    },
    {
      "type": "Feature",
      "geometry": {
        "type": "Point",
        "coordinates": [
          136.059755,
          35.010021
        ]
      },
      "properties": {
        "NO": "146",
        "共通ID": "E2521100033111",
        "施設・場所名": "石部保健センター",
        "住所": "滋賀県湖南市石部中央1-1-3",
        "指定緊急避難場所との住所同一": "",
        "その他市町村長が必要と認める事項": null,
        "受入対象者": null,
        "備考": ""
      }
    },
    {
      "type": "Feature",
      "geometry": {
        "type": "Point",
        "coordinates": [
          136.058664,
          35.010279
        ]
      },
      "properties": {
        "NO": "147",
        "共通ID": "E2521100034111",
        "施設・場所名": "石部軽運動場",
        "住所": "滋賀県湖南市石部中央1-1-5",
        "指定緊急避難場所との住所同一": "",
        "その他市町村長が必要と認める事項": null,
        "受入対象者": null,
        "備考": ""
      }
    },
    {
      "type": "Feature",
      "geometry": {
        "type": "Point",
        "coordinates": [
          136.059302,
          35.010688
        ]
      },
      "properties": {
        "NO": "148",
        "共通ID": "E2521100035111",
        "施設・場所名": "石部文化ホール",
        "住所": "滋賀県湖南市石部中央1-2-3",
        "指定緊急避難場所との住所同一": "",
        "その他市町村長が必要と認める事項": null,
        "受入対象者": null,
        "備考": ""
      }
    },
    {
      "type": "Feature",
      "geometry": {
        "type": "Point",
        "coordinates": [
          136.058255,
          35.006781
        ]
      },
      "properties": {
        "NO": "149",
        "共通ID": "E2521100036111",
        "施設・場所名": "石部小学校",
        "住所": "滋賀県湖南市石部中央2-3-1",
        "指定緊急避難場所との住所同一": "1",
        "その他市町村長が必要と認める事項": null,
        "受入対象者": null,
        "備考": ""
      }
    },
    {
      "type": "Feature",
      "geometry": {
        "type": "Point",
        "coordinates": [
          136.054129,
          35.008712
        ]
      },
      "properties": {
        "NO": "150",
        "共通ID": "E2521100037111",
        "施設・場所名": "石部保育園",
        "住所": "滋賀県湖南市石部中央3-9-20",
        "指定緊急避難場所との住所同一": "1",
        "その他市町村長が必要と認める事項": null,
        "受入対象者": null,
        "備考": ""
      }
    },
    {
      "type": "Feature",
      "geometry": {
        "type": "Point",
        "coordinates": [
          136.063917,
          35.004169
        ]
      },
      "properties": {
        "NO": "151",
        "共通ID": "E2521100038111",
        "施設・場所名": "石部コミュニティセンター",
        "住所": "滋賀県湖南市石部東7-6-1",
        "指定緊急避難場所との住所同一": "1",
        "その他市町村長が必要と認める事項": null,
        "受入対象者": null,
        "備考": ""
      }
    },
    {
      "type": "Feature",
      "geometry": {
        "type": "Point",
        "coordinates": [
          136.061694,
          34.994109
        ]
      },
      "properties": {
        "NO": "152",
        "共通ID": "E2521100039111",
        "施設・場所名": "石部南まちづくりセンター",
        "住所": "滋賀県湖南市石部南3-5-1",
        "指定緊急避難場所との住所同一": "1",
        "その他市町村長が必要と認める事項": null,
        "受入対象者": null,
        "備考": ""
      }
    },
    {
      "type": "Feature",
      "geometry": {
        "type": "Point",
        "coordinates": [
          136.061116,
          34.99528
        ]
      },
      "properties": {
        "NO": "153",
        "共通ID": "E2521100040111",
        "施設・場所名": "阿星あかつき保育園",
        "住所": "滋賀県湖南市石部南5-1-1",
        "指定緊急避難場所との住所同一": "",
        "その他市町村長が必要と認める事項": null,
        "受入対象者": null,
        "備考": ""
      }
    },
    {
      "type": "Feature",
      "geometry": {
        "type": "Point",
        "coordinates": [
          136.085532,
          35.004943
        ]
      },
      "properties": {
        "NO": "154",
        "共通ID": "E2521100041111",
        "施設・場所名": "甲西文化ホール",
        "住所": "滋賀県湖南市中央5-57",
        "指定緊急避難場所との住所同一": "",
        "その他市町村長が必要と認める事項": null,
        "受入対象者": null,
        "備考": ""
      }
    },
    {
      "type": "Feature",
      "geometry": {
        "type": "Point",
        "coordinates": [
          136.058953,
          34.987184
        ]
      },
      "properties": {
        "NO": "155",
        "共通ID": "E2521100042111",
        "施設・場所名": "じゅらくの里「福祉パーク館」",
        "住所": "滋賀県湖南市東寺4-4-1",
        "指定緊急避難場所との住所同一": "1",
        "その他市町村長が必要と認める事項": null,
        "受入対象者": null,
        "備考": ""
      }
    },
    {
      "type": "Feature",
      "geometry": {
        "type": "Point",
        "coordinates": [
          136.12294,
          35.008861
        ]
      },
      "properties": {
        "NO": "156",
        "共通ID": "E2521100043111",
        "施設・場所名": "京進のほいくえん　ＨＯＰＰＡ湖南水戸",
        "住所": "滋賀県湖南市梅影町2-6",
        "指定緊急避難場所との住所同一": "",
        "その他市町村長が必要と認める事項": null,
        "受入対象者": null,
        "備考": ""
      }
    },
    {
      "type": "Feature",
      "geometry": {
        "type": "Point",
        "coordinates": [
          136.126406,
          35.0125
        ]
      },
      "properties": {
        "NO": "157",
        "共通ID": "E2521100044111",
        "施設・場所名": "水戸体育館",
        "住所": "滋賀県湖南市梅影町4-2",
        "指定緊急避難場所との住所同一": "1",
        "その他市町村長が必要と認める事項": null,
        "受入対象者": null,
        "備考": ""
      }
    },
    {
      "type": "Feature",
      "geometry": {
        "type": "Point",
        "coordinates": [
          136.078301,
          34.997717
        ]
      },
      "properties": {
        "NO": "158",
        "共通ID": "E2521100045111",
        "施設・場所名": "平松こども園",
        "住所": "滋賀県湖南市平松268",
        "指定緊急避難場所との住所同一": "1",
        "その他市町村長が必要と認める事項": null,
        "受入対象者": null,
        "備考": ""
      }
    },
    {
      "type": "Feature",
      "geometry": {
        "type": "Point",
        "coordinates": [
          136.063597,
          35.027576
        ]
      },
      "properties": {
        "NO": "159",
        "共通ID": "E2521100046111",
        "施設・場所名": "菩提寺くじらこども園",
        "住所": "滋賀県湖南市菩提寺1113",
        "指定緊急避難場所との住所同一": "",
        "その他市町村長が必要と認める事項": null,
        "受入対象者": null,
        "備考": ""
      }
    },
    {
      "type": "Feature",
      "geometry": {
        "type": "Point",
        "coordinates": [
          136.058919,
          35.031544
        ]
      },
      "properties": {
        "NO": "160",
        "共通ID": "E2521100047111",
        "施設・場所名": "菩提寺小学校",
        "住所": "滋賀県湖南市菩提寺1583-270",
        "指定緊急避難場所との住所同一": "1",
        "その他市町村長が必要と認める事項": null,
        "受入対象者": null,
        "備考": ""
      }
    },
    {
      "type": "Feature",
      "geometry": {
        "type": "Point",
        "coordinates": [
          136.06775,
          35.04548
        ]
      },
      "properties": {
        "NO": "161",
        "共通ID": "E2521100048111",
        "施設・場所名": "菩提寺北小学校",
        "住所": "滋賀県湖南市菩提寺328",
        "指定緊急避難場所との住所同一": "1",
        "その他市町村長が必要と認める事項": null,
        "受入対象者": null,
        "備考": ""
      }
    },
    {
      "type": "Feature",
      "geometry": {
        "type": "Point",
        "coordinates": [
          136.063382,
          35.025873
        ]
      },
      "properties": {
        "NO": "162",
        "共通ID": "E2521100049111",
        "施設・場所名": "菩提寺コミュニティセンター",
        "住所": "滋賀県湖南市菩提寺775-1",
        "指定緊急避難場所との住所同一": "1",
        "その他市町村長が必要と認める事項": null,
        "受入対象者": null,
        "備考": ""
      }
    },
    {
      "type": "Feature",
      "geometry": {
        "type": "Point",
        "coordinates": [
          136.060364,
          35.035408
        ]
      },
      "properties": {
        "NO": "163",
        "共通ID": "E2521100051111",
        "施設・場所名": "菩提寺まちづくりセンター",
        "住所": "滋賀県湖南市菩提寺西4-2-12",
        "指定緊急避難場所との住所同一": "1",
        "その他市町村長が必要と認める事項": "",
        "受入対象者": "",
        "備考": ""
      }
    },
    {
      "type": "Feature",
      "geometry": {
        "type": "Point",
        "coordinates": [
          136.048548,
          35.00234
        ]
      },
      "properties": {
        "NO": "164",
        "共通ID": "E2521100052111",
        "施設・場所名": "石部中学校",
        "住所": "滋賀県湖南市宝来坂4-3-1",
        "指定緊急避難場所との住所同一": "1",
        "その他市町村長が必要と認める事項": null,
        "受入対象者": null,
        "備考": ""
      }
    },
    {
      "type": "Feature",
      "geometry": {
        "type": "Point",
        "coordinates": [
          136.210389,
          34.936658
        ]
      },
      "properties": {
        "NO": "165",
        "共通ID": "E2520900001112",
        "施設・場所名": "佐山小学校",
        "住所": "滋賀県甲賀市甲賀町小佐治2922",
        "指定緊急避難場所との住所同一": "1",
        "その他市町村長が必要と認める事項": "",
        "受入対象者": "",
        "備考": ""
      }
    },
    {
      "type": "Feature",
      "geometry": {
        "type": "Point",
        "coordinates": [
          136.227645,
          34.88961
        ]
      },
      "properties": {
        "NO": "166",
        "共通ID": "E2520900003112",
        "施設・場所名": "油日こども園",
        "住所": "滋賀県甲賀市甲賀町上野1320",
        "指定緊急避難場所との住所同一": "",
        "その他市町村長が必要と認める事項": "",
        "受入対象者": "",
        "備考": ""
      }
    },
    {
      "type": "Feature",
      "geometry": {
        "type": "Point",
        "coordinates": [
          136.227914,
          34.890388
        ]
      },
      "properties": {
        "NO": "167",
        "共通ID": "E2520900004112",
        "施設・場所名": "油日小学校",
        "住所": "滋賀県甲賀市甲賀町上野1322",
        "指定緊急避難場所との住所同一": "1",
        "その他市町村長が必要と認める事項": "",
        "受入対象者": "",
        "備考": ""
      }
    },
    {
      "type": "Feature",
      "geometry": {
        "type": "Point",
        "coordinates": [
          136.230936,
          34.890118
        ]
      },
      "properties": {
        "NO": "168",
        "共通ID": "E2520900005111",
        "施設・場所名": "油日コミュニティセンター",
        "住所": "滋賀県甲賀市甲賀町上野2416",
        "指定緊急避難場所との住所同一": "",
        "その他市町村長が必要と認める事項": "",
        "受入対象者": "",
        "備考": ""
      }
    },
    {
      "type": "Feature",
      "geometry": {
        "type": "Point",
        "coordinates": [
          136.208888,
          34.935447
        ]
      },
      "properties": {
        "NO": "169",
        "共通ID": "E2520900006112",
        "施設・場所名": "佐山コミュニティセンター",
        "住所": "滋賀県甲賀市甲賀町神保2102",
        "指定緊急避難場所との住所同一": "1",
        "その他市町村長が必要と認める事項": "",
        "受入対象者": "",
        "備考": ""
      }
    },
    {
      "type": "Feature",
      "geometry": {
        "type": "Point",
        "coordinates": [
          136.208554,
          34.935203
        ]
      },
      "properties": {
        "NO": "170",
        "共通ID": "E2520900007111",
        "施設・場所名": "甲賀北保育園",
        "住所": "滋賀県甲賀市甲賀町神保2104",
        "指定緊急避難場所との住所同一": "",
        "その他市町村長が必要と認める事項": "",
        "受入対象者": "",
        "備考": ""
      }
    },
    {
      "type": "Feature",
      "geometry": {
        "type": "Point",
        "coordinates": [
          136.217401,
          34.904344
        ]
      },
      "properties": {
        "NO": "171",
        "共通ID": "E2520900008112",
        "施設・場所名": "甲賀共同福祉センター",
        "住所": "滋賀県甲賀市甲賀町相模124-7",
        "指定緊急避難場所との住所同一": "",
        "その他市町村長が必要と認める事項": "",
        "受入対象者": "",
        "備考": ""
      }
    },
    {
      "type": "Feature",
      "geometry": {
        "type": "Point",
        "coordinates": [
          136.217617,
          34.904722
        ]
      },
      "properties": {
        "NO": "172",
        "共通ID": "E2520900008111",
        "施設・場所名": "甲賀中央公園体育館",
        "住所": "滋賀県甲賀市甲賀町相模124-7",
        "指定緊急避難場所との住所同一": "",
        "その他市町村長が必要と認める事項": "",
        "受入対象者": "",
        "備考": ""
      }
    },
    {
      "type": "Feature",
      "geometry": {
        "type": "Point",
        "coordinates": [
          136.219035,
          34.903242
        ]
      },
      "properties": {
        "NO": "173",
        "共通ID": "E2520900009111",
        "施設・場所名": "甲賀中学校",
        "住所": "滋賀県甲賀市甲賀町相模128",
        "指定緊急避難場所との住所同一": "",
        "その他市町村長が必要と認める事項": "",
        "受入対象者": "",
        "備考": ""
      }
    },
    {
      "type": "Feature",
      "geometry": {
        "type": "Point",
        "coordinates": [
          136.215843,
          34.902862
        ]
      },
      "properties": {
        "NO": "174",
        "共通ID": "E2520900121111",
        "施設・場所名": "甲賀地域市民センター",
        "住所": "滋賀県甲賀市甲賀町相模173-1",
        "指定緊急避難場所との住所同一": "",
        "その他市町村長が必要と認める事項": "",
        "受入対象者": "",
        "備考": ""
      }
    },
    {
      "type": "Feature",
      "geometry": {
        "type": "Point",
        "coordinates": [
          136.218231,
          34.906047
        ]
      },
      "properties": {
        "NO": "175",
        "共通ID": "E2520900011111",
        "施設・場所名": "甲賀農村環境改善センター",
        "住所": "滋賀県甲賀市甲賀町相模846",
        "指定緊急避難場所との住所同一": "",
        "その他市町村長が必要と認める事項": "",
        "受入対象者": "",
        "備考": ""
      }
    },
    {
      "type": "Feature",
      "geometry": {
        "type": "Point",
        "coordinates": [
          136.232019,
          34.909475
        ]
      },
      "properties": {
        "NO": "176",
        "共通ID": "E2520900012111",
        "施設・場所名": "大原小学校",
        "住所": "滋賀県甲賀市甲賀町大久保1000",
        "指定緊急避難場所との住所同一": "",
        "その他市町村長が必要と認める事項": "",
        "受入対象者": "",
        "備考": ""
      }
    },
    {
      "type": "Feature",
      "geometry": {
        "type": "Point",
        "coordinates": [
          136.231514,
          34.901591
        ]
      },
      "properties": {
        "NO": "177",
        "共通ID": "E2520900013111",
        "施設・場所名": "甲賀保健センター",
        "住所": "滋賀県甲賀市甲賀町大久保507-2",
        "指定緊急避難場所との住所同一": "",
        "その他市町村長が必要と認める事項": "",
        "受入対象者": "",
        "備考": ""
      }
    },
    {
      "type": "Feature",
      "geometry": {
        "type": "Point",
        "coordinates": [
          136.23273,
          34.911141
        ]
      },
      "properties": {
        "NO": "178",
        "共通ID": "E2520900014112",
        "施設・場所名": "大原こども園",
        "住所": "滋賀県甲賀市甲賀町大久保952",
        "指定緊急避難場所との住所同一": "",
        "その他市町村長が必要と認める事項": "",
        "受入対象者": "",
        "備考": ""
      }
    },
    {
      "type": "Feature",
      "geometry": {
        "type": "Point",
        "coordinates": [
          136.230798,
          34.90216
        ]
      },
      "properties": {
        "NO": "179",
        "共通ID": "E2520900015111",
        "施設・場所名": "かふか生涯学習館（甲賀公民館）",
        "住所": "滋賀県甲賀市甲賀町大原中886",
        "指定緊急避難場所との住所同一": "",
        "その他市町村長が必要と認める事項": "",
        "受入対象者": "",
        "備考": ""
      }
    },
    {
      "type": "Feature",
      "geometry": {
        "type": "Point",
        "coordinates": [
          136.229304,
          34.902172
        ]
      },
      "properties": {
        "NO": "180",
        "共通ID": "E2520900136111",
        "施設・場所名": "甲賀図書情報館",
        "住所": "滋賀県甲賀市甲賀町大原中889",
        "指定緊急避難場所との住所同一": "",
        "その他市町村長が必要と認める事項": "",
        "受入対象者": "",
        "備考": ""
      }
    },
    {
      "type": "Feature",
      "geometry": {
        "type": "Point",
        "coordinates": [
          136.226974,
          34.901501
        ]
      },
      "properties": {
        "NO": "181",
        "共通ID": "E2520900145121",
        "施設・場所名": "社会福祉法人甲賀会　甲賀荘デイサービスセンター",
        "住所": "滋賀県甲賀市甲賀町大原中904",
        "指定緊急避難場所との住所同一": "",
        "その他市町村長が必要と認める事項": "原則として、事前の受入調整を行い避難行動要支援者個別避難計画の作成を行った者を対象とする。",
        "受入対象者": "要介護１～５",
        "備考": ""
      }
    },
    {
      "type": "Feature",
      "geometry": {
        "type": "Point",
        "coordinates": [
          136.212657,
          34.898167
        ]
      },
      "properties": {
        "NO": "182",
        "共通ID": "E2520900016111",
        "施設・場所名": "甲賀西保育園",
        "住所": "滋賀県甲賀市甲賀町滝838",
        "指定緊急避難場所との住所同一": "",
        "その他市町村長が必要と認める事項": "",
        "受入対象者": "",
        "備考": ""
      }
    },
    {
      "type": "Feature",
      "geometry": {
        "type": "Point",
        "coordinates": [
          136.176464,
          34.931216
        ]
      },
      "properties": {
        "NO": "183",
        "共通ID": "E2520900123111",
        "施設・場所名": "甲南Ｂ＆Ｇ海洋センター",
        "住所": "滋賀県甲賀市甲南町葛木30-11",
        "指定緊急避難場所との住所同一": "",
        "その他市町村長が必要と認める事項": "",
        "受入対象者": "",
        "備考": ""
      }
    },
    {
      "type": "Feature",
      "geometry": {
        "type": "Point",
        "coordinates": [
          136.179184,
          34.93219
        ]
      },
      "properties": {
        "NO": "184",
        "共通ID": "E2520900147121",
        "施設・場所名": "社会福祉法人甲南会　特別養護老人ホームせせらぎ苑",
        "住所": "滋賀県甲賀市甲南町葛木855",
        "指定緊急避難場所との住所同一": "",
        "その他市町村長が必要と認める事項": "原則として、事前の受入調整を行い避難行動要支援者個別避難計画の作成を行った者を対象とする。",
        "受入対象者": "要支援１～要介護５",
        "備考": ""
      }
    },
    {
      "type": "Feature",
      "geometry": {
        "type": "Point",
        "coordinates": [
          136.173695,
          34.929876
        ]
      },
      "properties": {
        "NO": "185",
        "共通ID": "E2520900020111",
        "施設・場所名": "甲南体育館",
        "住所": "滋賀県甲賀市甲南町葛木977",
        "指定緊急避難場所との住所同一": "",
        "その他市町村長が必要と認める事項": "",
        "受入対象者": "",
        "備考": ""
      }
    },
    {
      "type": "Feature",
      "geometry": {
        "type": "Point",
        "coordinates": [
          136.176738,
          34.949323
        ]
      },
      "properties": {
        "NO": "186",
        "共通ID": "E2520900021112",
        "施設・場所名": "希望ケ丘コミュニティセンター",
        "住所": "滋賀県甲賀市甲南町希望ケ丘1-3-4",
        "指定緊急避難場所との住所同一": "1",
        "その他市町村長が必要と認める事項": "",
        "受入対象者": "",
        "備考": ""
      }
    },
    {
      "type": "Feature",
      "geometry": {
        "type": "Point",
        "coordinates": [
          136.172359,
          34.949518
        ]
      },
      "properties": {
        "NO": "187",
        "共通ID": "E2520900129111",
        "施設・場所名": "希望ヶ丘小学校",
        "住所": "滋賀県甲賀市甲南町希望ケ丘3-34",
        "指定緊急避難場所との住所同一": "",
        "その他市町村長が必要と認める事項": "",
        "受入対象者": "",
        "備考": ""
      }
    },
    {
      "type": "Feature",
      "geometry": {
        "type": "Point",
        "coordinates": [
          136.184187,
          34.919965
        ]
      },
      "properties": {
        "NO": "188",
        "共通ID": "E2520900124111",
        "施設・場所名": "滋賀県立甲南高等学校（体育館・格技場）",
        "住所": "滋賀県甲賀市甲南町寺庄427",
        "指定緊急避難場所との住所同一": "",
        "その他市町村長が必要と認める事項": "",
        "受入対象者": "",
        "備考": ""
      }
    },
    {
      "type": "Feature",
      "geometry": {
        "type": "Point",
        "coordinates": [
          136.179891,
          34.92164
        ]
      },
      "properties": {
        "NO": "189",
        "共通ID": "E2520900028112",
        "施設・場所名": "甲南中学校",
        "住所": "滋賀県甲賀市甲南町寺庄841",
        "指定緊急避難場所との住所同一": "1",
        "その他市町村長が必要と認める事項": "",
        "受入対象者": "",
        "備考": ""
      }
    },
    {
      "type": "Feature",
      "geometry": {
        "type": "Point",
        "coordinates": [
          136.169671,
          34.929562
        ]
      },
      "properties": {
        "NO": "190",
        "共通ID": "E2520900139111",
        "施設・場所名": "甲南第一小学校",
        "住所": "滋賀県甲賀市甲南町深川1728-1",
        "指定緊急避難場所との住所同一": "",
        "その他市町村長が必要と認める事項": "",
        "受入対象者": "",
        "備考": ""
      }
    },
    {
      "type": "Feature",
      "geometry": {
        "type": "Point",
        "coordinates": [
          136.168423,
          34.929737
        ]
      },
      "properties": {
        "NO": "191",
        "共通ID": "E2520900135111",
        "施設・場所名": "甲南図書交流館",
        "住所": "滋賀県甲賀市甲南町深川1865",
        "指定緊急避難場所との住所同一": "1",
        "その他市町村長が必要と認める事項": "",
        "受入対象者": "",
        "備考": ""
      }
    },
    {
      "type": "Feature",
      "geometry": {
        "type": "Point",
        "coordinates": [
          136.155198,
          34.921688
        ]
      },
      "properties": {
        "NO": "192",
        "共通ID": "E2520900032111",
        "施設・場所名": "甲南第二小学校",
        "住所": "滋賀県甲賀市甲南町杉谷2046",
        "指定緊急避難場所との住所同一": "",
        "その他市町村長が必要と認める事項": "",
        "受入対象者": "",
        "備考": ""
      }
    },
    {
      "type": "Feature",
      "geometry": {
        "type": "Point",
        "coordinates": [
          136.1582,
          34.929533
        ]
      },
      "properties": {
        "NO": "193",
        "共通ID": "E2520900134111",
        "施設・場所名": "三桜工業株式会社",
        "住所": "滋賀県甲賀市甲南町杉谷245",
        "指定緊急避難場所との住所同一": "",
        "その他市町村長が必要と認める事項": "",
        "受入対象者": "",
        "備考": ""
      }
    },
    {
      "type": "Feature",
      "geometry": {
        "type": "Point",
        "coordinates": [
          136.155986,
          34.922502
        ]
      },
      "properties": {
        "NO": "194",
        "共通ID": "E2520900033112",
        "施設・場所名": "杉谷公民館",
        "住所": "滋賀県甲賀市甲南町杉谷71",
        "指定緊急避難場所との住所同一": "1",
        "その他市町村長が必要と認める事項": "",
        "受入対象者": "",
        "備考": ""
      }
    },
    {
      "type": "Feature",
      "geometry": {
        "type": "Point",
        "coordinates": [
          136.17989,
          34.912694
        ]
      },
      "properties": {
        "NO": "195",
        "共通ID": "E2520900128111",
        "施設・場所名": "レイモンド甲賀こども園",
        "住所": "滋賀県甲賀市甲南町野尻1601-3",
        "指定緊急避難場所との住所同一": "",
        "その他市町村長が必要と認める事項": "",
        "受入対象者": "",
        "備考": ""
      }
    },
    {
      "type": "Feature",
      "geometry": {
        "type": "Point",
        "coordinates": [
          136.188109,
          34.88649
        ]
      },
      "properties": {
        "NO": "196",
        "共通ID": "E2520900126111",
        "施設・場所名": "旧ＪＡこうか宮支所",
        "住所": "滋賀県甲賀市甲南町野川818",
        "指定緊急避難場所との住所同一": "",
        "その他市町村長が必要と認める事項": "",
        "受入対象者": "",
        "備考": ""
      }
    },
    {
      "type": "Feature",
      "geometry": {
        "type": "Point",
        "coordinates": [
          136.18797,
          34.887067
        ]
      },
      "properties": {
        "NO": "197",
        "共通ID": "E2520900037111",
        "施設・場所名": "甲南第三小学校",
        "住所": "滋賀県甲賀市甲南町野川840",
        "指定緊急避難場所との住所同一": "1",
        "その他市町村長が必要と認める事項": "",
        "受入対象者": "",
        "備考": ""
      }
    },
    {
      "type": "Feature",
      "geometry": {
        "type": "Point",
        "coordinates": [
          136.168051,
          34.927975
        ]
      },
      "properties": {
        "NO": "198",
        "共通ID": "E2520900125111",
        "施設・場所名": "甲南地域市民センター",
        "住所": "滋賀県甲賀市甲南町野田810",
        "指定緊急避難場所との住所同一": "",
        "その他市町村長が必要と認める事項": "",
        "受入対象者": "",
        "備考": ""
      }
    },
    {
      "type": "Feature",
      "geometry": {
        "type": "Point",
        "coordinates": [
          136.172212,
          34.911564
        ]
      },
      "properties": {
        "NO": "199",
        "共通ID": "E2520900039111",
        "施設・場所名": "甲南中部小学校",
        "住所": "滋賀県甲賀市甲南町竜法師1137",
        "指定緊急避難場所との住所同一": "",
        "その他市町村長が必要と認める事項": "",
        "受入対象者": "",
        "備考": ""
      }
    },
    {
      "type": "Feature",
      "geometry": {
        "type": "Point",
        "coordinates": [
          136.170395,
          34.919825
        ]
      },
      "properties": {
        "NO": "200",
        "共通ID": "E2520900127111",
        "施設・場所名": "甲南情報交流センター（甲南公民館）",
        "住所": "滋賀県甲賀市甲南町竜法師600",
        "指定緊急避難場所との住所同一": "",
        "その他市町村長が必要と認める事項": "",
        "受入対象者": "",
        "備考": ""
      }
    },
    {
      "type": "Feature",
      "geometry": {
        "type": "Point",
        "coordinates": [
          135.974156,
          34.852974
        ]
      },
      "properties": {
        "NO": "201",
        "共通ID": "E2520900041111",
        "施設・場所名": "朝宮小学校",
        "住所": "滋賀県甲賀市信楽町下朝宮268",
        "指定緊急避難場所との住所同一": "",
        "その他市町村長が必要と認める事項": "",
        "受入対象者": "",
        "備考": ""
      }
    },
    {
      "type": "Feature",
      "geometry": {
        "type": "Point",
        "coordinates": [
          136.053867,
          34.870179
        ]
      },
      "properties": {
        "NO": "202",
        "共通ID": "E2520900042112",
        "施設・場所名": "信楽中学校",
        "住所": "滋賀県甲賀市信楽町江田950",
        "指定緊急避難場所との住所同一": "1",
        "その他市町村長が必要と認める事項": "",
        "受入対象者": "",
        "備考": ""
      }
    },
    {
      "type": "Feature",
      "geometry": {
        "type": "Point",
        "coordinates": [
          136.052461,
          34.871568
        ]
      },
      "properties": {
        "NO": "203",
        "共通ID": "E2520900043112",
        "施設・場所名": "信楽小学校",
        "住所": "滋賀県甲賀市信楽町江田969",
        "指定緊急避難場所との住所同一": "",
        "その他市町村長が必要と認める事項": "",
        "受入対象者": "",
        "備考": ""
      }
    },
    {
      "type": "Feature",
      "geometry": {
        "type": "Point",
        "coordinates": [
          136.053316,
          34.871193
        ]
      },
      "properties": {
        "NO": "204",
        "共通ID": "E2520900043111",
        "施設・場所名": "信楽こども園",
        "住所": "滋賀県甲賀市信楽町江田969",
        "指定緊急避難場所との住所同一": "",
        "その他市町村長が必要と認める事項": "",
        "受入対象者": "",
        "備考": ""
      }
    },
    {
      "type": "Feature",
      "geometry": {
        "type": "Point",
        "coordinates": [
          135.982081,
          34.852341
        ]
      },
      "properties": {
        "NO": "205",
        "共通ID": "E2520900044112",
        "施設・場所名": "朝宮コミュニティセンター",
        "住所": "滋賀県甲賀市信楽町上朝宮467",
        "指定緊急避難場所との住所同一": "1",
        "その他市町村長が必要と認める事項": "",
        "受入対象者": "",
        "備考": ""
      }
    },
    {
      "type": "Feature",
      "geometry": {
        "type": "Point",
        "coordinates": [
          135.978582,
          34.85336
        ]
      },
      "properties": {
        "NO": "206",
        "共通ID": "E2520900045111",
        "施設・場所名": "朝宮保育園",
        "住所": "滋賀県甲賀市信楽町上朝宮611",
        "指定緊急避難場所との住所同一": "",
        "その他市町村長が必要と認める事項": "",
        "受入対象者": "",
        "備考": ""
      }
    },
    {
      "type": "Feature",
      "geometry": {
        "type": "Point",
        "coordinates": [
          136.059159,
          34.869024
        ]
      },
      "properties": {
        "NO": "207",
        "共通ID": "E2520900144121",
        "施設・場所名": "社会福祉法人しがらき会　信楽青年寮",
        "住所": "滋賀県甲賀市信楽町神山534-8",
        "指定緊急避難場所との住所同一": "",
        "その他市町村長が必要と認める事項": "原則として、事前の受入調整を行い避難行動要支援者個別避難計画の作成を行った者を対象とする。",
        "受入対象者": "知的障がい者（障害支援区分１～３）",
        "備考": ""
      }
    },
    {
      "type": "Feature",
      "geometry": {
        "type": "Point",
        "coordinates": [
          136.035045,
          34.810916
        ]
      },
      "properties": {
        "NO": "208",
        "共通ID": "E2520900048111",
        "施設・場所名": "多羅尾小学校",
        "住所": "滋賀県甲賀市信楽町多羅尾2012",
        "指定緊急避難場所との住所同一": "",
        "その他市町村長が必要と認める事項": "",
        "受入対象者": "",
        "備考": ""
      }
    },
    {
      "type": "Feature",
      "geometry": {
        "type": "Point",
        "coordinates": [
          136.035343,
          34.810772
        ]
      },
      "properties": {
        "NO": "209",
        "共通ID": "E2520900049112",
        "施設・場所名": "多羅尾コミュニティセンター",
        "住所": "滋賀県甲賀市信楽町多羅尾2067-2",
        "指定緊急避難場所との住所同一": "1",
        "その他市町村長が必要と認める事項": "",
        "受入対象者": "",
        "備考": ""
      }
    },
    {
      "type": "Feature",
      "geometry": {
        "type": "Point",
        "coordinates": [
          136.059312,
          34.878088
        ]
      },
      "properties": {
        "NO": "210",
        "共通ID": "E2520900050111",
        "施設・場所名": "信楽地域市民センター",
        "住所": "滋賀県甲賀市信楽町長野1203",
        "指定緊急避難場所との住所同一": "1",
        "その他市町村長が必要と認める事項": "",
        "受入対象者": "",
        "備考": ""
      }
    },
    {
      "type": "Feature",
      "geometry": {
        "type": "Point",
        "coordinates": [
          136.062676,
          34.882192
        ]
      },
      "properties": {
        "NO": "211",
        "共通ID": "E2520900052111",
        "施設・場所名": "信楽体育館",
        "住所": "滋賀県甲賀市信楽町長野1310",
        "指定緊急避難場所との住所同一": "",
        "その他市町村長が必要と認める事項": "",
        "受入対象者": "",
        "備考": ""
      }
    },
    {
      "type": "Feature",
      "geometry": {
        "type": "Point",
        "coordinates": [
          136.061894,
          34.882318
        ]
      },
      "properties": {
        "NO": "212",
        "共通ID": "E2520900130111",
        "施設・場所名": "信楽図書館",
        "住所": "滋賀県甲賀市信楽町長野1312-1",
        "指定緊急避難場所との住所同一": "",
        "その他市町村長が必要と認める事項": "",
        "受入対象者": "",
        "備考": ""
      }
    },
    {
      "type": "Feature",
      "geometry": {
        "type": "Point",
        "coordinates": [
          136.055565,
          34.871831
        ]
      },
      "properties": {
        "NO": "213",
        "共通ID": "E2520900131111",
        "施設・場所名": "滋賀県立信楽高等学校（格技場）",
        "住所": "滋賀県甲賀市信楽町長野317-1",
        "指定緊急避難場所との住所同一": "",
        "その他市町村長が必要と認める事項": "",
        "受入対象者": "",
        "備考": ""
      }
    },
    {
      "type": "Feature",
      "geometry": {
        "type": "Point",
        "coordinates": [
          136.058558,
          34.886274
        ]
      },
      "properties": {
        "NO": "214",
        "共通ID": "E2520900132114",
        "施設・場所名": "甲賀市立信楽産業展示館",
        "住所": "滋賀県甲賀市信楽町勅旨2188-7",
        "指定緊急避難場所との住所同一": "",
        "その他市町村長が必要と認める事項": "",
        "受入対象者": "",
        "備考": ""
      }
    },
    {
      "type": "Feature",
      "geometry": {
        "type": "Point",
        "coordinates": [
          136.057716,
          34.88509
        ]
      },
      "properties": {
        "NO": "215",
        "共通ID": "E2520900132111",
        "施設・場所名": "滋賀県立陶芸の森第１駐車場",
        "住所": "滋賀県甲賀市信楽町勅旨2188-7",
        "指定緊急避難場所との住所同一": "",
        "その他市町村長が必要と認める事項": "",
        "受入対象者": "",
        "備考": ""
      }
    },
    {
      "type": "Feature",
      "geometry": {
        "type": "Point",
        "coordinates": [
          136.057614,
          34.885636
        ]
      },
      "properties": {
        "NO": "216",
        "共通ID": "E2520900132112",
        "施設・場所名": "滋賀県立陶芸の森第２駐車場",
        "住所": "滋賀県甲賀市信楽町勅旨2188-7",
        "指定緊急避難場所との住所同一": "",
        "その他市町村長が必要と認める事項": "",
        "受入対象者": "",
        "備考": ""
      }
    },
    {
      "type": "Feature",
      "geometry": {
        "type": "Point",
        "coordinates": [
          136.059181,
          34.886807
        ]
      },
      "properties": {
        "NO": "217",
        "共通ID": "E2520900132113",
        "施設・場所名": "滋賀県立陶芸の森第４駐車場",
        "住所": "滋賀県甲賀市信楽町勅旨2188-7",
        "指定緊急避難場所との住所同一": "",
        "その他市町村長が必要と認める事項": "",
        "受入対象者": "",
        "備考": ""
      }
    },
    {
      "type": "Feature",
      "geometry": {
        "type": "Point",
        "coordinates": [
          136.062489,
          34.88601
        ]
      },
      "properties": {
        "NO": "218",
        "共通ID": "E2520900133111",
        "施設・場所名": "陶業振興用地",
        "住所": "滋賀県甲賀市信楽町勅旨2200",
        "指定緊急避難場所との住所同一": "",
        "その他市町村長が必要と認める事項": "",
        "受入対象者": "",
        "備考": ""
      }
    },
    {
      "type": "Feature",
      "geometry": {
        "type": "Point",
        "coordinates": [
          136.059609,
          34.889368
        ]
      },
      "properties": {
        "NO": "219",
        "共通ID": "E2520900140121",
        "施設・場所名": "社会福祉法人しがらき会　ＨＡＬＵ",
        "住所": "滋賀県甲賀市信楽町勅旨2392-14",
        "指定緊急避難場所との住所同一": "",
        "その他市町村長が必要と認める事項": "原則として、事前の受入調整を行い避難行動要支援者個別避難計画の作成を行った者を対象とする。",
        "受入対象者": "知的障がい者",
        "備考": ""
      }
    },
    {
      "type": "Feature",
      "geometry": {
        "type": "Point",
        "coordinates": [
          136.06123,
          34.889487
        ]
      },
      "properties": {
        "NO": "220",
        "共通ID": "E2520900142121",
        "施設・場所名": "社会福祉法人しがらき会　紫香楽ヴィラ",
        "住所": "滋賀県甲賀市信楽町勅旨2392-5",
        "指定緊急避難場所との住所同一": "",
        "その他市町村長が必要と認める事項": "原則として、事前の受入調整を行い避難行動要支援者個別避難計画の作成を行った者を対象とする。",
        "受入対象者": "知的障がい者（障害支援区分１～３）",
        "備考": ""
      }
    },
    {
      "type": "Feature",
      "geometry": {
        "type": "Point",
        "coordinates": [
          136.081749,
          34.908165
        ]
      },
      "properties": {
        "NO": "221",
        "共通ID": "E2520900055111",
        "施設・場所名": "牧公民館",
        "住所": "滋賀県甲賀市信楽町牧72-3",
        "指定緊急避難場所との住所同一": "",
        "その他市町村長が必要と認める事項": "",
        "受入対象者": "",
        "備考": ""
      }
    },
    {
      "type": "Feature",
      "geometry": {
        "type": "Point",
        "coordinates": [
          136.082447,
          34.911517
        ]
      },
      "properties": {
        "NO": "222",
        "共通ID": "E2520900056112",
        "施設・場所名": "雲井小学校",
        "住所": "滋賀県甲賀市信楽町牧868",
        "指定緊急避難場所との住所同一": "1",
        "その他市町村長が必要と認める事項": "",
        "受入対象者": "",
        "備考": ""
      }
    },
    {
      "type": "Feature",
      "geometry": {
        "type": "Point",
        "coordinates": [
          136.08297,
          34.911513
        ]
      },
      "properties": {
        "NO": "223",
        "共通ID": "E2520900057111",
        "施設・場所名": "雲井保育園",
        "住所": "滋賀県甲賀市信楽町牧873",
        "指定緊急避難場所との住所同一": "",
        "その他市町村長が必要と認める事項": "",
        "受入対象者": "",
        "備考": ""
      }
    },
    {
      "type": "Feature",
      "geometry": {
        "type": "Point",
        "coordinates": [
          136.028978,
          34.863376
        ]
      },
      "properties": {
        "NO": "224",
        "共通ID": "E2520900108111",
        "施設・場所名": "柞原会館",
        "住所": "滋賀県甲賀市信楽町柞原164-1",
        "指定緊急避難場所との住所同一": "1",
        "その他市町村長が必要と認める事項": "",
        "受入対象者": "",
        "備考": ""
      }
    },
    {
      "type": "Feature",
      "geometry": {
        "type": "Point",
        "coordinates": [
          136.028107,
          34.854378
        ]
      },
      "properties": {
        "NO": "225",
        "共通ID": "E2520900059112",
        "施設・場所名": "小原小学校",
        "住所": "滋賀県甲賀市信楽町柞原899",
        "指定緊急避難場所との住所同一": "1",
        "その他市町村長が必要と認める事項": "",
        "受入対象者": "",
        "備考": ""
      }
    },
    {
      "type": "Feature",
      "geometry": {
        "type": "Point",
        "coordinates": [
          136.169221,
          34.97426
        ]
      },
      "properties": {
        "NO": "226",
        "共通ID": "E2520900060113",
        "施設・場所名": "綾野小学校",
        "住所": "滋賀県甲賀市水口町綾野3-6",
        "指定緊急避難場所との住所同一": "1",
        "その他市町村長が必要と認める事項": "",
        "受入対象者": "",
        "備考": ""
      }
    },
    {
      "type": "Feature",
      "geometry": {
        "type": "Point",
        "coordinates": [
          136.151645,
          34.952252
        ]
      },
      "properties": {
        "NO": "227",
        "共通ID": "E2520900062111",
        "施設・場所名": "貴生川コミュニティセンター",
        "住所": "滋賀県甲賀市水口町貴生川308-1",
        "指定緊急避難場所との住所同一": "",
        "その他市町村長が必要と認める事項": "",
        "受入対象者": "",
        "備考": ""
      }
    },
    {
      "type": "Feature",
      "geometry": {
        "type": "Point",
        "coordinates": [
          136.149965,
          34.953367
        ]
      },
      "properties": {
        "NO": "228",
        "共通ID": "E2520900063111",
        "施設・場所名": "貴生川児童クラブ",
        "住所": "滋賀県甲賀市水口町貴生川558",
        "指定緊急避難場所との住所同一": "",
        "その他市町村長が必要と認める事項": "",
        "受入対象者": "",
        "備考": ""
      }
    },
    {
      "type": "Feature",
      "geometry": {
        "type": "Point",
        "coordinates": [
          136.201431,
          34.962906
        ]
      },
      "properties": {
        "NO": "229",
        "共通ID": "E2520900143121",
        "施設・場所名": "社会福祉法人天地会　特別養護老人ホーム兆生園",
        "住所": "滋賀県甲賀市水口町今郷1032-25",
        "指定緊急避難場所との住所同一": "",
        "その他市町村長が必要と認める事項": "原則として、事前の受入調整を行い避難行動要支援者個別避難計画の作成を行った者を対象とする。",
        "受入対象者": "要介護１～５・高齢者",
        "備考": ""
      }
    },
    {
      "type": "Feature",
      "geometry": {
        "type": "Point",
        "coordinates": [
          136.146643,
          34.948217
        ]
      },
      "properties": {
        "NO": "230",
        "共通ID": "E2520900064112",
        "施設・場所名": "貴生川小学校",
        "住所": "滋賀県甲賀市水口町三大寺437",
        "指定緊急避難場所との住所同一": "1",
        "その他市町村長が必要と認める事項": "",
        "受入対象者": "",
        "備考": ""
      }
    },
    {
      "type": "Feature",
      "geometry": {
        "type": "Point",
        "coordinates": [
          136.179057,
          34.99514
        ]
      },
      "properties": {
        "NO": "231",
        "共通ID": "E2520900065111",
        "施設・場所名": "伴谷東小学校",
        "住所": "滋賀県甲賀市水口町山774",
        "指定緊急避難場所との住所同一": "",
        "その他市町村長が必要と認める事項": "",
        "受入対象者": "",
        "備考": ""
      }
    },
    {
      "type": "Feature",
      "geometry": {
        "type": "Point",
        "coordinates": [
          136.171899,
          34.967733
        ]
      },
      "properties": {
        "NO": "232",
        "共通ID": "E2520900112111",
        "施設・場所名": "あいみらい保育園",
        "住所": "滋賀県甲賀市水口町鹿深3-39",
        "指定緊急避難場所との住所同一": "",
        "その他市町村長が必要と認める事項": "",
        "受入対象者": "",
        "備考": ""
      }
    },
    {
      "type": "Feature",
      "geometry": {
        "type": "Point",
        "coordinates": [
          136.171431,
          34.968375
        ]
      },
      "properties": {
        "NO": "233",
        "共通ID": "E2520900117111",
        "施設・場所名": "水口体育館",
        "住所": "滋賀県甲賀市水口町鹿深3-46",
        "指定緊急避難場所との住所同一": "",
        "その他市町村長が必要と認める事項": "",
        "受入対象者": "",
        "備考": ""
      }
    },
    {
      "type": "Feature",
      "geometry": {
        "type": "Point",
        "coordinates": [
          136.185132,
          34.966181
        ]
      },
      "properties": {
        "NO": "234",
        "共通ID": "E2520900116111",
        "施設・場所名": "ここのっす園",
        "住所": "滋賀県甲賀市水口町秋葉45-1",
        "指定緊急避難場所との住所同一": "",
        "その他市町村長が必要と認める事項": "",
        "受入対象者": "",
        "備考": ""
      }
    },
    {
      "type": "Feature",
      "geometry": {
        "type": "Point",
        "coordinates": [
          136.179012,
          34.984078
        ]
      },
      "properties": {
        "NO": "235",
        "共通ID": "E2520900138111",
        "施設・場所名": "水口北保育園",
        "住所": "滋賀県甲賀市水口町松尾1211",
        "指定緊急避難場所との住所同一": "",
        "その他市町村長が必要と認める事項": "",
        "受入対象者": "",
        "備考": ""
      }
    },
    {
      "type": "Feature",
      "geometry": {
        "type": "Point",
        "coordinates": [
          136.141454,
          34.976867
        ]
      },
      "properties": {
        "NO": "236",
        "共通ID": "E2520900114111",
        "施設・場所名": "柏木保育園",
        "住所": "滋賀県甲賀市水口町植440",
        "指定緊急避難場所との住所同一": "",
        "その他市町村長が必要と認める事項": "",
        "受入対象者": "",
        "備考": ""
      }
    },
    {
      "type": "Feature",
      "geometry": {
        "type": "Point",
        "coordinates": [
          136.195556,
          34.962349
        ]
      },
      "properties": {
        "NO": "237",
        "共通ID": "E2520900070111",
        "施設・場所名": "岩上コミュニティセンター",
        "住所": "滋賀県甲賀市水口町新城557",
        "指定緊急避難場所との住所同一": "",
        "その他市町村長が必要と認める事項": "",
        "受入対象者": "",
        "備考": ""
      }
    },
    {
      "type": "Feature",
      "geometry": {
        "type": "Point",
        "coordinates": [
          136.19624,
          34.962455
        ]
      },
      "properties": {
        "NO": "238",
        "共通ID": "E2520900071111",
        "施設・場所名": "岩上体育館",
        "住所": "滋賀県甲賀市水口町新城653",
        "指定緊急避難場所との住所同一": "",
        "その他市町村長が必要と認める事項": "",
        "受入対象者": "",
        "備考": ""
      }
    },
    {
      "type": "Feature",
      "geometry": {
        "type": "Point",
        "coordinates": [
          136.168506,
          34.9667
        ]
      },
      "properties": {
        "NO": "239",
        "共通ID": "E2520900072111",
        "施設・場所名": "水口保健センター",
        "住所": "滋賀県甲賀市水口町水口5607",
        "指定緊急避難場所との住所同一": "",
        "その他市町村長が必要と認める事項": "",
        "受入対象者": "",
        "備考": ""
      }
    },
    {
      "type": "Feature",
      "geometry": {
        "type": "Point",
        "coordinates": [
          136.166518,
          34.967331
        ]
      },
      "properties": {
        "NO": "240",
        "共通ID": "E2520900137111",
        "施設・場所名": "あいこうか市民ホール",
        "住所": "滋賀県甲賀市水口町水口5633",
        "指定緊急避難場所との住所同一": "",
        "その他市町村長が必要と認める事項": "",
        "受入対象者": "",
        "備考": ""
      }
    },
    {
      "type": "Feature",
      "geometry": {
        "type": "Point",
        "coordinates": [
          136.159641,
          34.967564
        ]
      },
      "properties": {
        "NO": "241",
        "共通ID": "E2520900073111",
        "施設・場所名": "水口中学校（格技場含）",
        "住所": "滋賀県甲賀市水口町水口5900",
        "指定緊急避難場所との住所同一": "",
        "その他市町村長が必要と認める事項": "",
        "受入対象者": "",
        "備考": ""
      }
    },
    {
      "type": "Feature",
      "geometry": {
        "type": "Point",
        "coordinates": [
          136.164183,
          34.966063
        ]
      },
      "properties": {
        "NO": "242",
        "共通ID": "E2520900107111",
        "施設・場所名": "まちづくり活動センター　まるーむ",
        "住所": "滋賀県甲賀市水口町水口6009-1",
        "指定緊急避難場所との住所同一": "1",
        "その他市町村長が必要と認める事項": "",
        "受入対象者": "",
        "備考": ""
      }
    },
    {
      "type": "Feature",
      "geometry": {
        "type": "Point",
        "coordinates": [
          136.184234,
          34.972376
        ]
      },
      "properties": {
        "NO": "243",
        "共通ID": "E2520900074113",
        "施設・場所名": "城山中学校",
        "住所": "滋賀県甲賀市水口町水口610-17",
        "指定緊急避難場所との住所同一": "1",
        "その他市町村長が必要と認める事項": "",
        "受入対象者": "",
        "備考": ""
      }
    },
    {
      "type": "Feature",
      "geometry": {
        "type": "Point",
        "coordinates": [
          136.180588,
          34.975414
        ]
      },
      "properties": {
        "NO": "244",
        "共通ID": "E2520900148121",
        "施設・場所名": "社会福祉法人八起会　グループホームみなくち",
        "住所": "滋賀県甲賀市水口町朝日が丘6-37",
        "指定緊急避難場所との住所同一": "",
        "その他市町村長が必要と認める事項": "原則として、事前の受入調整を行い避難行動要支援者個別避難計画の作成を行った者を対象とする。",
        "受入対象者": "要介護３～５",
        "備考": ""
      }
    },
    {
      "type": "Feature",
      "geometry": {
        "type": "Point",
        "coordinates": [
          136.180588,
          34.975414
        ]
      },
      "properties": {
        "NO": "245",
        "共通ID": "E2520900148122",
        "施設・場所名": "社会福祉法人八起会　デイサービスセンターあさひがおか",
        "住所": "滋賀県甲賀市水口町朝日が丘6-37",
        "指定緊急避難場所との住所同一": "",
        "その他市町村長が必要と認める事項": "原則として、事前の受入調整を行い避難行動要支援者個別避難計画の作成を行った者を対象とする。",
        "受入対象者": "要介護３～５",
        "備考": ""
      }
    },
    {
      "type": "Feature",
      "geometry": {
        "type": "Point",
        "coordinates": [
          136.166613,
          34.970564
        ]
      },
      "properties": {
        "NO": "246",
        "共通ID": "E2520900111111",
        "施設・場所名": "県立水口高等学校（体育館・武道場）",
        "住所": "滋賀県甲賀市水口町梅が丘3-1",
        "指定緊急避難場所との住所同一": "",
        "その他市町村長が必要と認める事項": "",
        "受入対象者": "",
        "備考": ""
      }
    },
    {
      "type": "Feature",
      "geometry": {
        "type": "Point",
        "coordinates": [
          136.17121,
          34.971106
        ]
      },
      "properties": {
        "NO": "247",
        "共通ID": "E2520900077111",
        "施設・場所名": "水口中部コミュニティセンター",
        "住所": "滋賀県甲賀市水口町八坂7-4",
        "指定緊急避難場所との住所同一": "",
        "その他市町村長が必要と認める事項": "",
        "受入対象者": "",
        "備考": ""
      }
    },
    {
      "type": "Feature",
      "geometry": {
        "type": "Point",
        "coordinates": [
          136.155896,
          34.997418
        ]
      },
      "properties": {
        "NO": "248",
        "共通ID": "E2520900113111",
        "施設・場所名": "伴谷くじらこども園",
        "住所": "滋賀県甲賀市水口町伴中山1015",
        "指定緊急避難場所との住所同一": "",
        "その他市町村長が必要と認める事項": "",
        "受入対象者": "",
        "備考": ""
      }
    },
    {
      "type": "Feature",
      "geometry": {
        "type": "Point",
        "coordinates": [
          136.157118,
          35.001056
        ]
      },
      "properties": {
        "NO": "249",
        "共通ID": "E2520900079111",
        "施設・場所名": "伴谷小学校",
        "住所": "滋賀県甲賀市水口町伴中山2252",
        "指定緊急避難場所との住所同一": "",
        "その他市町村長が必要と認める事項": "",
        "受入対象者": "",
        "備考": ""
      }
    },
    {
      "type": "Feature",
      "geometry": {
        "type": "Point",
        "coordinates": [
          136.1569,
          34.997652
        ]
      },
      "properties": {
        "NO": "250",
        "共通ID": "E2520900080112",
        "施設・場所名": "伴谷コミュニティセンター",
        "住所": "滋賀県甲賀市水口町伴中山3737-1",
        "指定緊急避難場所との住所同一": "1",
        "その他市町村長が必要と認める事項": "",
        "受入対象者": "",
        "備考": ""
      }
    },
    {
      "type": "Feature",
      "geometry": {
        "type": "Point",
        "coordinates": [
          136.163989,
          34.960818
        ]
      },
      "properties": {
        "NO": "251",
        "共通ID": "E2520900115111",
        "施設・場所名": "水口スポーツの森（陸上競技場）",
        "住所": "滋賀県甲賀市水口町北内貴230",
        "指定緊急避難場所との住所同一": "",
        "その他市町村長が必要と認める事項": "",
        "受入対象者": "",
        "備考": ""
      }
    },
    {
      "type": "Feature",
      "geometry": {
        "type": "Point",
        "coordinates": [
          136.160373,
          34.96098
        ]
      },
      "properties": {
        "NO": "252",
        "共通ID": "E2520900115112",
        "施設・場所名": "水口スポーツの森（市民スタジアム）",
        "住所": "滋賀県甲賀市水口町北内貴230",
        "指定緊急避難場所との住所同一": "",
        "その他市町村長が必要と認める事項": "",
        "受入対象者": "",
        "備考": ""
      }
    },
    {
      "type": "Feature",
      "geometry": {
        "type": "Point",
        "coordinates": [
          136.149189,
          34.977233
        ]
      },
      "properties": {
        "NO": "253",
        "共通ID": "E2520900083111",
        "施設・場所名": "柏木小学校",
        "住所": "滋賀県甲賀市水口町北脇1132",
        "指定緊急避難場所との住所同一": "",
        "その他市町村長が必要と認める事項": "",
        "受入対象者": "",
        "備考": ""
      }
    },
    {
      "type": "Feature",
      "geometry": {
        "type": "Point",
        "coordinates": [
          136.147403,
          34.978419
        ]
      },
      "properties": {
        "NO": "254",
        "共通ID": "E2520900084111",
        "施設・場所名": "柏木コミュニティセンター",
        "住所": "滋賀県甲賀市水口町北脇1615-1",
        "指定緊急避難場所との住所同一": "",
        "その他市町村長が必要と認める事項": "",
        "受入対象者": "",
        "備考": ""
      }
    },
    {
      "type": "Feature",
      "geometry": {
        "type": "Point",
        "coordinates": [
          136.166064,
          34.971708
        ]
      },
      "properties": {
        "NO": "255",
        "共通ID": "E2520900085113",
        "施設・場所名": "水口西部コミュニティセンター",
        "住所": "滋賀県甲賀市水口町本丸1-20",
        "指定緊急避難場所との住所同一": "1",
        "その他市町村長が必要と認める事項": "",
        "受入対象者": "",
        "備考": ""
      }
    },
    {
      "type": "Feature",
      "geometry": {
        "type": "Point",
        "coordinates": [
          136.176383,
          34.969969
        ]
      },
      "properties": {
        "NO": "256",
        "共通ID": "E2520900086113",
        "施設・場所名": "水口小学校",
        "住所": "滋賀県甲賀市水口町本町1-2-1",
        "指定緊急避難場所との住所同一": "1",
        "その他市町村長が必要と認める事項": "",
        "受入対象者": "",
        "備考": ""
      }
    },
    {
      "type": "Feature",
      "geometry": {
        "type": "Point",
        "coordinates": [
          136.340259,
          34.95876
        ]
      },
      "properties": {
        "NO": "257",
        "共通ID": "E2520900118111",
        "施設・場所名": "旧鮎河小学校（体育館）",
        "住所": "滋賀県甲賀市土山町鮎河1201",
        "指定緊急避難場所との住所同一": "",
        "その他市町村長が必要と認める事項": "",
        "受入対象者": "",
        "備考": ""
      }
    },
    {
      "type": "Feature",
      "geometry": {
        "type": "Point",
        "coordinates": [
          136.338897,
          34.95763
        ]
      },
      "properties": {
        "NO": "258",
        "共通ID": "E2520900091112",
        "施設・場所名": "鮎河コミュニティセンター",
        "住所": "滋賀県甲賀市土山町鮎河1212-1",
        "指定緊急避難場所との住所同一": "1",
        "その他市町村長が必要と認める事項": "",
        "受入対象者": "",
        "備考": ""
      }
    },
    {
      "type": "Feature",
      "geometry": {
        "type": "Point",
        "coordinates": [
          136.339686,
          34.928247
        ]
      },
      "properties": {
        "NO": "259",
        "共通ID": "E2520900119111",
        "施設・場所名": "ダイヤモンド滋賀（体育館）",
        "住所": "滋賀県甲賀市土山町黒川1711",
        "指定緊急避難場所との住所同一": "",
        "その他市町村長が必要と認める事項": "",
        "受入対象者": "",
        "備考": ""
      }
    },
    {
      "type": "Feature",
      "geometry": {
        "type": "Point",
        "coordinates": [
          136.327479,
          34.923672
        ]
      },
      "properties": {
        "NO": "260",
        "共通ID": "E2520900093111",
        "施設・場所名": "山内コミュニティセンター",
        "住所": "滋賀県甲賀市土山町黒川1970",
        "指定緊急避難場所との住所同一": "",
        "その他市町村長が必要と認める事項": "",
        "受入対象者": "",
        "備考": ""
      }
    },
    {
      "type": "Feature",
      "geometry": {
        "type": "Point",
        "coordinates": [
          136.232934,
          34.94608
        ]
      },
      "properties": {
        "NO": "261",
        "共通ID": "E2520900096112",
        "施設・場所名": "大野コミュニティセンター",
        "住所": "滋賀県甲賀市土山町大野2154",
        "指定緊急避難場所との住所同一": "1",
        "その他市町村長が必要と認める事項": "",
        "受入対象者": "",
        "備考": ""
      }
    },
    {
      "type": "Feature",
      "geometry": {
        "type": "Point",
        "coordinates": [
          136.251466,
          34.955875
        ]
      },
      "properties": {
        "NO": "262",
        "共通ID": "E2520900097112",
        "施設・場所名": "滋賀県立淡海学園",
        "住所": "滋賀県甲賀市土山町大野283-20",
        "指定緊急避難場所との住所同一": "1",
        "その他市町村長が必要と認める事項": "",
        "受入対象者": "",
        "備考": ""
      }
    },
    {
      "type": "Feature",
      "geometry": {
        "type": "Point",
        "coordinates": [
          136.239664,
          34.944365
        ]
      },
      "properties": {
        "NO": "263",
        "共通ID": "E2520900098111",
        "施設・場所名": "大野保育園",
        "住所": "滋賀県甲賀市土山町大野461-2",
        "指定緊急避難場所との住所同一": "",
        "その他市町村長が必要と認める事項": "",
        "受入対象者": "",
        "備考": ""
      }
    },
    {
      "type": "Feature",
      "geometry": {
        "type": "Point",
        "coordinates": [
          136.23866,
          34.944578
        ]
      },
      "properties": {
        "NO": "264",
        "共通ID": "E2520900099111",
        "施設・場所名": "大野小学校",
        "住所": "滋賀県甲賀市土山町大野949",
        "指定緊急避難場所との住所同一": "",
        "その他市町村長が必要と認める事項": "",
        "受入対象者": "",
        "備考": ""
      }
    },
    {
      "type": "Feature",
      "geometry": {
        "type": "Point",
        "coordinates": [
          136.280949,
          34.93349
        ]
      },
      "properties": {
        "NO": "265",
        "共通ID": "E2520900101112",
        "施設・場所名": "土山こども園",
        "住所": "滋賀県甲賀市土山町南土山甲417",
        "指定緊急避難場所との住所同一": "",
        "その他市町村長が必要と認める事項": "",
        "受入対象者": "",
        "備考": ""
      }
    },
    {
      "type": "Feature",
      "geometry": {
        "type": "Point",
        "coordinates": [
          136.284891,
          34.935103
        ]
      },
      "properties": {
        "NO": "266",
        "共通ID": "E2520900102112",
        "施設・場所名": "土山小学校",
        "住所": "滋賀県甲賀市土山町北土山1462",
        "指定緊急避難場所との住所同一": "1",
        "その他市町村長が必要と認める事項": "",
        "受入対象者": "",
        "備考": ""
      }
    },
    {
      "type": "Feature",
      "geometry": {
        "type": "Point",
        "coordinates": [
          136.283308,
          34.937686
        ]
      },
      "properties": {
        "NO": "267",
        "共通ID": "E2520900103112",
        "施設・場所名": "土山開発センター",
        "住所": "滋賀県甲賀市土山町北土山1715",
        "指定緊急避難場所との住所同一": "1",
        "その他市町村長が必要と認める事項": "",
        "受入対象者": "",
        "備考": ""
      }
    },
    {
      "type": "Feature",
      "geometry": {
        "type": "Point",
        "coordinates": [
          136.283047,
          34.937852
        ]
      },
      "properties": {
        "NO": "268",
        "共通ID": "E2520900103113",
        "施設・場所名": "土山地域市民センター",
        "住所": "滋賀県甲賀市土山町北土山1715",
        "指定緊急避難場所との住所同一": "1",
        "その他市町村長が必要と認める事項": "",
        "受入対象者": "",
        "備考": ""
      }
    },
    {
      "type": "Feature",
      "geometry": {
        "type": "Point",
        "coordinates": [
          136.281616,
          34.938591
        ]
      },
      "properties": {
        "NO": "269",
        "共通ID": "E2520900120111",
        "施設・場所名": "甲賀市老人福祉センターフィランソ土山",
        "住所": "滋賀県甲賀市土山町北土山2058",
        "指定緊急避難場所との住所同一": "",
        "その他市町村長が必要と認める事項": "",
        "受入対象者": "",
        "備考": ""
      }
    },
    {
      "type": "Feature",
      "geometry": {
        "type": "Point",
        "coordinates": [
          136.295183,
          34.931205
        ]
      },
      "properties": {
        "NO": "270",
        "共通ID": "E2520900105111",
        "施設・場所名": "土山中学校",
        "住所": "滋賀県甲賀市土山町北土山414",
        "指定緊急避難場所との住所同一": "",
        "その他市町村長が必要と認める事項": "",
        "受入対象者": "",
        "備考": ""
      }
    },
    {
      "type": "Feature",
      "geometry": {
        "type": "Point",
        "coordinates": [
          136.295559,
          34.931749
        ]
      },
      "properties": {
        "NO": "271",
        "共通ID": "E2520900106112",
        "施設・場所名": "土山体育館",
        "住所": "滋賀県甲賀市土山町北土山414-2",
        "指定緊急避難場所との住所同一": "1",
        "その他市町村長が必要と認める事項": "",
        "受入対象者": "",
        "備考": ""
      }
    },
    {
      "type": "Feature",
      "geometry": {
        "type": "Point",
        "coordinates": [
          136.295867,
          34.929175
        ]
      },
      "properties": {
        "NO": "272",
        "共通ID": "E2520900109121",
        "施設・場所名": "社会福祉法人洗心福祉会　甲賀シルバーケア豊壽園",
        "住所": "滋賀県甲賀市土山町北土山479",
        "指定緊急避難場所との住所同一": "",
        "その他市町村長が必要と認める事項": "原則として、事前の受入調整を行い避難行動要支援者個別避難計画の作成を行った者を対象とする。",
        "受入対象者": "要介護1～5",
        "備考": ""
      }
    },
    {
      "type": "Feature",
      "geometry": {
        "type": "Point",
        "coordinates": [
          136.268725,
          34.943925
        ]
      },
      "properties": {
        "NO": "273",
        "共通ID": "E2520900149121",
        "施設・場所名": "社会福祉法人瑠璃光会　サンライズ野上野",
        "住所": "滋賀県甲賀市土山町野上野497",
        "指定緊急避難場所との住所同一": "",
        "その他市町村長が必要と認める事項": "原則として、事前の受入調整を行い避難行動要支援者個別避難計画の作成を行った者を対象とする。",
        "受入対象者": "避難行動要支援者",
        "備考": ""
      }
    },
    {
      "type": "Feature",
      "geometry": {
        "type": "Point",
        "coordinates": [
          136.22757,
          34.901346
        ]
      },
      "properties": {
        "NO": "274",
        "共通ID": "E2520900146121",
        "施設・場所名": "社会福祉法人甲賀会　甲賀荘小規模多機能ホームあかり",
        "住所": "滋賀県甲賀町大原中904",
        "指定緊急避難場所との住所同一": "",
        "その他市町村長が必要と認める事項": "原則として、事前の受入調整を行い避難行動要支援者個別避難計画の作成を行った者を対象とする。",
        "受入対象者": "要介護１～５",
        "備考": ""
      }
    },
    {
      "type": "Feature",
      "geometry": {
        "type": "Point",
        "coordinates": [
          136.074926,
          35.465047
        ]
      },
      "properties": {
        "NO": "275",
        "共通ID": "E2521200001111",
        "施設・場所名": "マキノ東小学校",
        "住所": "滋賀県高島市マキノ町海津2384",
        "指定緊急避難場所との住所同一": "1",
        "その他市町村長が必要と認める事項": null,
        "受入対象者": null,
        "備考": ""
      }
    },
    {
      "type": "Feature",
      "geometry": {
        "type": "Point",
        "coordinates": [
          136.082994,
          35.481064
        ]
      },
      "properties": {
        "NO": "276",
        "共通ID": "E2521200002111",
        "施設・場所名": "道の駅マキノ追坂峠",
        "住所": "滋賀県高島市マキノ町海津897-27",
        "指定緊急避難場所との住所同一": "1",
        "その他市町村長が必要と認める事項": null,
        "受入対象者": null,
        "備考": ""
      }
    },
    {
      "type": "Feature",
      "geometry": {
        "type": "Point",
        "coordinates": [
          136.074215,
          35.514124
        ]
      },
      "properties": {
        "NO": "277",
        "共通ID": "E2521200063111",
        "施設・場所名": "旧マキノ北小学校在原分校",
        "住所": "滋賀県高島市マキノ町在原506",
        "指定緊急避難場所との住所同一": "1",
        "その他市町村長が必要と認める事項": null,
        "受入対象者": null,
        "備考": ""
      }
    },
    {
      "type": "Feature",
      "geometry": {
        "type": "Point",
        "coordinates": [
          136.043242,
          35.472218
        ]
      },
      "properties": {
        "NO": "278",
        "共通ID": "E2521200004111",
        "施設・場所名": "マキノ西小学校",
        "住所": "滋賀県高島市マキノ町寺久保552-1",
        "指定緊急避難場所との住所同一": "1",
        "その他市町村長が必要と認める事項": null,
        "受入対象者": null,
        "備考": ""
      }
    },
    {
      "type": "Feature",
      "geometry": {
        "type": "Point",
        "coordinates": [
          136.033315,
          35.450927
        ]
      },
      "properties": {
        "NO": "279",
        "共通ID": "E2521200005111",
        "施設・場所名": "マキノ南小学校",
        "住所": "滋賀県高島市マキノ町新保887",
        "指定緊急避難場所との住所同一": "1",
        "その他市町村長が必要と認める事項": null,
        "受入対象者": null,
        "備考": ""
      }
    },
    {
      "type": "Feature",
      "geometry": {
        "type": "Point",
        "coordinates": [
          136.049514,
          35.462362
        ]
      },
      "properties": {
        "NO": "280",
        "共通ID": "E2521200006111",
        "施設・場所名": "マキノ土に学ぶ里研修センター",
        "住所": "滋賀県高島市マキノ町蛭口260-1",
        "指定緊急避難場所との住所同一": "1",
        "その他市町村長が必要と認める事項": null,
        "受入対象者": null,
        "備考": ""
      }
    },
    {
      "type": "Feature",
      "geometry": {
        "type": "Point",
        "coordinates": [
          136.047753,
          35.465588
        ]
      },
      "properties": {
        "NO": "281",
        "共通ID": "E2521200007111",
        "施設・場所名": "マキノ中学校",
        "住所": "滋賀県高島市マキノ町蛭口601",
        "指定緊急避難場所との住所同一": "1",
        "その他市町村長が必要と認める事項": null,
        "受入対象者": null,
        "備考": ""
      }
    },
    {
      "type": "Feature",
      "geometry": {
        "type": "Point",
        "coordinates": [
          135.988821,
          35.356314
        ]
      },
      "properties": {
        "NO": "282",
        "共通ID": "E2521200008112",
        "施設・場所名": "旧広瀬小学校",
        "住所": "滋賀県高島市安曇川町下古賀1182",
        "指定緊急避難場所との住所同一": "1",
        "その他市町村長が必要と認める事項": null,
        "受入対象者": null,
        "備考": ""
      }
    },
    {
      "type": "Feature",
      "geometry": {
        "type": "Point",
        "coordinates": [
          135.988671,
          35.355623
        ]
      },
      "properties": {
        "NO": "283",
        "共通ID": "E2521200008111",
        "施設・場所名": "古賀保育園",
        "住所": "滋賀県高島市安曇川町下古賀1182",
        "指定緊急避難場所との住所同一": "1",
        "その他市町村長が必要と認める事項": null,
        "受入対象者": null,
        "備考": ""
      }
    },
    {
      "type": "Feature",
      "geometry": {
        "type": "Point",
        "coordinates": [
          136.033991,
          35.322898
        ]
      },
      "properties": {
        "NO": "284",
        "共通ID": "E2521200009111",
        "施設・場所名": "藤波こども園",
        "住所": "滋賀県高島市安曇川町下小川120-1",
        "指定緊急避難場所との住所同一": "1",
        "その他市町村長が必要と認める事項": null,
        "受入対象者": null,
        "備考": ""
      }
    },
    {
      "type": "Feature",
      "geometry": {
        "type": "Point",
        "coordinates": [
          136.032476,
          35.306565
        ]
      },
      "properties": {
        "NO": "285",
        "共通ID": "E2521200070111",
        "施設・場所名": "鴨川流域土地改良区事務所",
        "住所": "滋賀県高島市安曇川町下小川2912",
        "指定緊急避難場所との住所同一": "1",
        "その他市町村長が必要と認める事項": null,
        "受入対象者": null,
        "備考": ""
      }
    },
    {
      "type": "Feature",
      "geometry": {
        "type": "Point",
        "coordinates": [
          136.029924,
          35.324609
        ]
      },
      "properties": {
        "NO": "286",
        "共通ID": "E2521200011111",
        "施設・場所名": "藤樹の里文化芸術会館",
        "住所": "滋賀県高島市安曇川町上小川106",
        "指定緊急避難場所との住所同一": "1",
        "その他市町村長が必要と認める事項": null,
        "受入対象者": null,
        "備考": ""
      }
    },
    {
      "type": "Feature",
      "geometry": {
        "type": "Point",
        "coordinates": [
          136.026105,
          35.334506
        ]
      },
      "properties": {
        "NO": "287",
        "共通ID": "E2521200012111",
        "施設・場所名": "安曇川高等学校",
        "住所": "滋賀県高島市安曇川町西万木1168",
        "指定緊急避難場所との住所同一": "1",
        "その他市町村長が必要と認める事項": null,
        "受入対象者": null,
        "備考": ""
      }
    },
    {
      "type": "Feature",
      "geometry": {
        "type": "Point",
        "coordinates": [
          136.032634,
          35.325707
        ]
      },
      "properties": {
        "NO": "288",
        "共通ID": "E2521200013111",
        "施設・場所名": "青柳小学校",
        "住所": "滋賀県高島市安曇川町青柳1138",
        "指定緊急避難場所との住所同一": "1",
        "その他市町村長が必要と認める事項": null,
        "受入対象者": null,
        "備考": ""
      }
    },
    {
      "type": "Feature",
      "geometry": {
        "type": "Point",
        "coordinates": [
          136.030153,
          35.325288
        ]
      },
      "properties": {
        "NO": "289",
        "共通ID": "E2521200014111",
        "施設・場所名": "安曇川図書館",
        "住所": "滋賀県高島市安曇川町青柳1173",
        "指定緊急避難場所との住所同一": "1",
        "その他市町村長が必要と認める事項": null,
        "受入対象者": null,
        "備考": ""
      }
    },
    {
      "type": "Feature",
      "geometry": {
        "type": "Point",
        "coordinates": [
          136.037091,
          35.331019
        ]
      },
      "properties": {
        "NO": "290",
        "共通ID": "E2521200015111",
        "施設・場所名": "安曇川はこぶね保育園",
        "住所": "滋賀県高島市安曇川町青柳700-1",
        "指定緊急避難場所との住所同一": "1",
        "その他市町村長が必要と認める事項": null,
        "受入対象者": null,
        "備考": ""
      }
    },
    {
      "type": "Feature",
      "geometry": {
        "type": "Point",
        "coordinates": [
          136.016141,
          35.332866
        ]
      },
      "properties": {
        "NO": "291",
        "共通ID": "E2521200016111",
        "施設・場所名": "安曇小学校",
        "住所": "滋賀県高島市安曇川町田中445-1",
        "指定緊急避難場所との住所同一": "1",
        "その他市町村長が必要と認める事項": null,
        "受入対象者": null,
        "備考": ""
      }
    },
    {
      "type": "Feature",
      "geometry": {
        "type": "Point",
        "coordinates": [
          136.015266,
          35.332431
        ]
      },
      "properties": {
        "NO": "292",
        "共通ID": "E2521200017111",
        "施設・場所名": "安曇川中学校",
        "住所": "滋賀県高島市安曇川町田中567",
        "指定緊急避難場所との住所同一": "1",
        "その他市町村長が必要と認める事項": null,
        "受入対象者": null,
        "備考": ""
      }
    },
    {
      "type": "Feature",
      "geometry": {
        "type": "Point",
        "coordinates": [
          136.014259,
          35.333223
        ]
      },
      "properties": {
        "NO": "293",
        "共通ID": "E2521200018111",
        "施設・場所名": "安曇川総合体育館",
        "住所": "滋賀県高島市安曇川町田中630-1",
        "指定緊急避難場所との住所同一": "1",
        "その他市町村長が必要と認める事項": "",
        "受入対象者": "",
        "備考": ""
      }
    },
    {
      "type": "Feature",
      "geometry": {
        "type": "Point",
        "coordinates": [
          136.0191,
          35.332959
        ]
      },
      "properties": {
        "NO": "294",
        "共通ID": "E2521200019111",
        "施設・場所名": "安曇川ふれあいセンター",
        "住所": "滋賀県高島市安曇川町田中89",
        "指定緊急避難場所との住所同一": "1",
        "その他市町村長が必要と認める事項": null,
        "受入対象者": null,
        "備考": ""
      }
    },
    {
      "type": "Feature",
      "geometry": {
        "type": "Point",
        "coordinates": [
          136.005559,
          35.345198
        ]
      },
      "properties": {
        "NO": "295",
        "共通ID": "E2521200020111",
        "施設・場所名": "健康の森梅ノ子運動公園",
        "住所": "滋賀県高島市安曇川町南古賀65",
        "指定緊急避難場所との住所同一": "1",
        "その他市町村長が必要と認める事項": null,
        "受入対象者": null,
        "備考": ""
      }
    },
    {
      "type": "Feature",
      "geometry": {
        "type": "Point",
        "coordinates": [
          136.065674,
          35.31902
        ]
      },
      "properties": {
        "NO": "296",
        "共通ID": "E2521200021111",
        "施設・場所名": "安曇川世代交流センター",
        "住所": "滋賀県高島市安曇川町南船木249",
        "指定緊急避難場所との住所同一": "1",
        "その他市町村長が必要と認める事項": null,
        "受入対象者": null,
        "備考": ""
      }
    },
    {
      "type": "Feature",
      "geometry": {
        "type": "Point",
        "coordinates": [
          136.063492,
          35.319402
        ]
      },
      "properties": {
        "NO": "297",
        "共通ID": "E2521200022111",
        "施設・場所名": "本庄小学校",
        "住所": "滋賀県高島市安曇川町南船木391",
        "指定緊急避難場所との住所同一": "1",
        "その他市町村長が必要と認める事項": null,
        "受入対象者": null,
        "備考": ""
      }
    },
    {
      "type": "Feature",
      "geometry": {
        "type": "Point",
        "coordinates": [
          136.006953,
          35.304807
        ]
      },
      "properties": {
        "NO": "298",
        "共通ID": "E2521200023111",
        "施設・場所名": "しろふじ保育園",
        "住所": "滋賀県高島市永田1233-1",
        "指定緊急避難場所との住所同一": "1",
        "その他市町村長が必要と認める事項": null,
        "受入対象者": null,
        "備考": ""
      }
    },
    {
      "type": "Feature",
      "geometry": {
        "type": "Point",
        "coordinates": [
          136.003048,
          35.306366
        ]
      },
      "properties": {
        "NO": "299",
        "共通ID": "E2521200024111",
        "施設・場所名": "高島Ｂ＆Ｇ海洋センター",
        "住所": "滋賀県高島市宮野1516",
        "指定緊急避難場所との住所同一": "1",
        "その他市町村長が必要と認める事項": null,
        "受入対象者": null,
        "備考": ""
      }
    },
    {
      "type": "Feature",
      "geometry": {
        "type": "Point",
        "coordinates": [
          135.810471,
          35.339853
        ]
      },
      "properties": {
        "NO": "300",
        "共通ID": "E2521200061111",
        "施設・場所名": "京都精華大学朽木学舎",
        "住所": "滋賀県高島市朽木古屋472",
        "指定緊急避難場所との住所同一": "1",
        "その他市町村長が必要と認める事項": "",
        "受入対象者": "",
        "備考": ""
      }
    },
    {
      "type": "Feature",
      "geometry": {
        "type": "Point",
        "coordinates": [
          135.913354,
          35.353134
        ]
      },
      "properties": {
        "NO": "301",
        "共通ID": "E2521200025111",
        "施設・場所名": "朽木中学校",
        "住所": "滋賀県高島市朽木市場1055",
        "指定緊急避難場所との住所同一": "1",
        "その他市町村長が必要と認める事項": null,
        "受入対象者": null,
        "備考": ""
      }
    },
    {
      "type": "Feature",
      "geometry": {
        "type": "Point",
        "coordinates": [
          135.915998,
          35.351763
        ]
      },
      "properties": {
        "NO": "302",
        "共通ID": "E2521200026111",
        "施設・場所名": "朽木公民館",
        "住所": "滋賀県高島市朽木市場792",
        "指定緊急避難場所との住所同一": "1",
        "その他市町村長が必要と認める事項": null,
        "受入対象者": null,
        "備考": ""
      }
    },
    {
      "type": "Feature",
      "geometry": {
        "type": "Point",
        "coordinates": [
          135.805039,
          35.354017
        ]
      },
      "properties": {
        "NO": "303",
        "共通ID": "E2521200027111",
        "施設・場所名": "朽木西小学校",
        "住所": "滋賀県高島市朽木中牧187",
        "指定緊急避難場所との住所同一": "1",
        "その他市町村長が必要と認める事項": null,
        "受入対象者": null,
        "備考": ""
      }
    },
    {
      "type": "Feature",
      "geometry": {
        "type": "Point",
        "coordinates": [
          135.797738,
          35.357876
        ]
      },
      "properties": {
        "NO": "304",
        "共通ID": "E2521200028111",
        "施設・場所名": "高島市針畑郷山村都市交流館「山帰来」",
        "住所": "滋賀県高島市朽木中牧528",
        "指定緊急避難場所との住所同一": "1",
        "その他市町村長が必要と認める事項": null,
        "受入対象者": null,
        "備考": ""
      }
    },
    {
      "type": "Feature",
      "geometry": {
        "type": "Point",
        "coordinates": [
          135.920609,
          35.345949
        ]
      },
      "properties": {
        "NO": "305",
        "共通ID": "E2521200029111",
        "施設・場所名": "グリーンパーク想い出の森朽木体育館",
        "住所": "滋賀県高島市朽木柏341-3",
        "指定緊急避難場所との住所同一": "1",
        "その他市町村長が必要と認める事項": null,
        "受入対象者": null,
        "備考": ""
      }
    },
    {
      "type": "Feature",
      "geometry": {
        "type": "Point",
        "coordinates": [
          136.011529,
          35.406733
        ]
      },
      "properties": {
        "NO": "306",
        "共通ID": "E2521200032111",
        "施設・場所名": "今津上コミュニティセンター",
        "住所": "滋賀県高島市今津町下弘部1348-1",
        "指定緊急避難場所との住所同一": "1",
        "その他市町村長が必要と認める事項": null,
        "受入対象者": null,
        "備考": ""
      }
    },
    {
      "type": "Feature",
      "geometry": {
        "type": "Point",
        "coordinates": [
          135.948093,
          35.42108
        ]
      },
      "properties": {
        "NO": "307",
        "共通ID": "E2521200033111",
        "施設・場所名": "大阪自彊館救護施設　角川ヴィラ",
        "住所": "滋賀県高島市今津町角川1161",
        "指定緊急避難場所との住所同一": "1",
        "その他市町村長が必要と認める事項": null,
        "受入対象者": null,
        "備考": ""
      }
    },
    {
      "type": "Feature",
      "geometry": {
        "type": "Point",
        "coordinates": [
          136.030947,
          35.408143
        ]
      },
      "properties": {
        "NO": "308",
        "共通ID": "E2521200034111",
        "施設・場所名": "今津東小学校",
        "住所": "滋賀県高島市今津町弘川59",
        "指定緊急避難場所との住所同一": "1",
        "その他市町村長が必要と認める事項": null,
        "受入対象者": null,
        "備考": ""
      }
    },
    {
      "type": "Feature",
      "geometry": {
        "type": "Point",
        "coordinates": [
          136.029576,
          35.413651
        ]
      },
      "properties": {
        "NO": "309",
        "共通ID": "E2521200035111",
        "施設・場所名": "今津中学校",
        "住所": "滋賀県高島市今津町弘川924",
        "指定緊急避難場所との住所同一": "1",
        "その他市町村長が必要と認める事項": null,
        "受入対象者": null,
        "備考": ""
      }
    },
    {
      "type": "Feature",
      "geometry": {
        "type": "Point",
        "coordinates": [
          136.033407,
          35.40415
        ]
      },
      "properties": {
        "NO": "310",
        "共通ID": "E2521200036111",
        "施設・場所名": "働く女性の家",
        "住所": "滋賀県高島市今津町今津1640",
        "指定緊急避難場所との住所同一": "1",
        "その他市町村長が必要と認める事項": null,
        "受入対象者": null,
        "備考": ""
      }
    },
    {
      "type": "Feature",
      "geometry": {
        "type": "Point",
        "coordinates": [
          136.031368,
          35.406057
        ]
      },
      "properties": {
        "NO": "311",
        "共通ID": "E2521200037111",
        "施設・場所名": "高島高等学校",
        "住所": "滋賀県高島市今津町今津1936",
        "指定緊急避難場所との住所同一": "1",
        "その他市町村長が必要と認める事項": null,
        "受入対象者": null,
        "備考": ""
      }
    },
    {
      "type": "Feature",
      "geometry": {
        "type": "Point",
        "coordinates": [
          136.03047,
          35.405928
        ]
      },
      "properties": {
        "NO": "312",
        "共通ID": "E2521200038111",
        "施設・場所名": "今津勤労者体育センター",
        "住所": "滋賀県高島市今津町今津1952-1",
        "指定緊急避難場所との住所同一": "1",
        "その他市町村長が必要と認める事項": null,
        "受入対象者": null,
        "備考": ""
      }
    },
    {
      "type": "Feature",
      "geometry": {
        "type": "Point",
        "coordinates": [
          136.03303,
          35.402729
        ]
      },
      "properties": {
        "NO": "313",
        "共通ID": "E2521200039111",
        "施設・場所名": "今津東保育園",
        "住所": "滋賀県高島市今津町住吉2-16-5",
        "指定緊急避難場所との住所同一": "1",
        "その他市町村長が必要と認める事項": null,
        "受入対象者": null,
        "備考": ""
      }
    },
    {
      "type": "Feature",
      "geometry": {
        "type": "Point",
        "coordinates": [
          136.007972,
          35.407672
        ]
      },
      "properties": {
        "NO": "314",
        "共通ID": "E2521200040111",
        "施設・場所名": "今津上体育館",
        "住所": "滋賀県高島市今津町上弘部486",
        "指定緊急避難場所との住所同一": "1",
        "その他市町村長が必要と認める事項": null,
        "受入対象者": null,
        "備考": ""
      }
    },
    {
      "type": "Feature",
      "geometry": {
        "type": "Point",
        "coordinates": [
          136.033803,
          35.399049
        ]
      },
      "properties": {
        "NO": "315",
        "共通ID": "E2521200041111",
        "施設・場所名": "高島市民会館",
        "住所": "滋賀県高島市今津町中沼1-3-1",
        "指定緊急避難場所との住所同一": "1",
        "その他市町村長が必要と認める事項": null,
        "受入対象者": null,
        "備考": ""
      }
    },
    {
      "type": "Feature",
      "geometry": {
        "type": "Point",
        "coordinates": [
          136.034427,
          35.398931
        ]
      },
      "properties": {
        "NO": "316",
        "共通ID": "E2521200042111",
        "施設・場所名": "今津東コミュニティセンター",
        "住所": "滋賀県高島市今津町中沼1-4-1",
        "指定緊急避難場所との住所同一": "1",
        "その他市町村長が必要と認める事項": null,
        "受入対象者": null,
        "備考": ""
      }
    },
    {
      "type": "Feature",
      "geometry": {
        "type": "Point",
        "coordinates": [
          136.024824,
          35.4222
        ]
      },
      "properties": {
        "NO": "317",
        "共通ID": "E2521200043112",
        "施設・場所名": "今津北小学校",
        "住所": "滋賀県高島市今津町日置前100",
        "指定緊急避難場所との住所同一": "1",
        "その他市町村長が必要と認める事項": null,
        "受入対象者": null,
        "備考": ""
      }
    },
    {
      "type": "Feature",
      "geometry": {
        "type": "Point",
        "coordinates": [
          136.025452,
          35.422222
        ]
      },
      "properties": {
        "NO": "318",
        "共通ID": "E2521200043111",
        "施設・場所名": "今津北体育館",
        "住所": "滋賀県高島市今津町日置前100",
        "指定緊急避難場所との住所同一": "1",
        "その他市町村長が必要と認める事項": null,
        "受入対象者": null,
        "備考": ""
      }
    },
    {
      "type": "Feature",
      "geometry": {
        "type": "Point",
        "coordinates": [
          136.024161,
          35.421916
        ]
      },
      "properties": {
        "NO": "319",
        "共通ID": "E2521200044111",
        "施設・場所名": "今津北コミュニティセンター",
        "住所": "滋賀県高島市今津町日置前149-1",
        "指定緊急避難場所との住所同一": "1",
        "その他市町村長が必要と認める事項": null,
        "受入対象者": null,
        "備考": ""
      }
    },
    {
      "type": "Feature",
      "geometry": {
        "type": "Point",
        "coordinates": [
          135.997396,
          35.419103
        ]
      },
      "properties": {
        "NO": "320",
        "共通ID": "E2521200045111",
        "施設・場所名": "今津総合運動公園",
        "住所": "滋賀県高島市今津町日置前3110",
        "指定緊急避難場所との住所同一": "1",
        "その他市町村長が必要と認める事項": null,
        "受入対象者": null,
        "備考": ""
      }
    },
    {
      "type": "Feature",
      "geometry": {
        "type": "Point",
        "coordinates": [
          135.90896,
          35.403998
        ]
      },
      "properties": {
        "NO": "321",
        "共通ID": "E2521200046111",
        "施設・場所名": "ＥＣＣ学園高等学校",
        "住所": "滋賀県高島市今津町椋川512-1",
        "指定緊急避難場所との住所同一": "1",
        "その他市町村長が必要と認める事項": null,
        "受入対象者": null,
        "備考": ""
      }
    },
    {
      "type": "Feature",
      "geometry": {
        "type": "Point",
        "coordinates": [
          136.006685,
          35.295227
        ]
      },
      "properties": {
        "NO": "322",
        "共通ID": "E2521200047111",
        "施設・場所名": "高島小学校",
        "住所": "滋賀県高島市勝野1045",
        "指定緊急避難場所との住所同一": "1",
        "その他市町村長が必要と認める事項": null,
        "受入対象者": null,
        "備考": ""
      }
    },
    {
      "type": "Feature",
      "geometry": {
        "type": "Point",
        "coordinates": [
          136.006052,
          35.29615
        ]
      },
      "properties": {
        "NO": "323",
        "共通ID": "E2521200048111",
        "施設・場所名": "高島中学校",
        "住所": "滋賀県高島市勝野1070",
        "指定緊急避難場所との住所同一": "1",
        "その他市町村長が必要と認める事項": null,
        "受入対象者": null,
        "備考": ""
      }
    },
    {
      "type": "Feature",
      "geometry": {
        "type": "Point",
        "coordinates": [
          136.011028,
          35.300504
        ]
      },
      "properties": {
        "NO": "324",
        "共通ID": "E2521200049111",
        "施設・場所名": "アイリッシュパーク",
        "住所": "滋賀県高島市勝野670",
        "指定緊急避難場所との住所同一": "1",
        "その他市町村長が必要と認める事項": null,
        "受入対象者": null,
        "備考": ""
      }
    },
    {
      "type": "Feature",
      "geometry": {
        "type": "Point",
        "coordinates": [
          136.034924,
          35.355847
        ]
      },
      "properties": {
        "NO": "325",
        "共通ID": "E2521200050111",
        "施設・場所名": "観光物産プラザ",
        "住所": "滋賀県高島市新旭町旭1-10-1",
        "指定緊急避難場所との住所同一": "1",
        "その他市町村長が必要と認める事項": null,
        "受入対象者": null,
        "備考": ""
      }
    },
    {
      "type": "Feature",
      "geometry": {
        "type": "Point",
        "coordinates": [
          136.038429,
          35.353344
        ]
      },
      "properties": {
        "NO": "326",
        "共通ID": "E2521200051111",
        "施設・場所名": "新旭体育館",
        "住所": "滋賀県高島市新旭町旭818",
        "指定緊急避難場所との住所同一": "1",
        "その他市町村長が必要と認める事項": null,
        "受入対象者": null,
        "備考": ""
      }
    },
    {
      "type": "Feature",
      "geometry": {
        "type": "Point",
        "coordinates": [
          136.03894,
          35.352902
        ]
      },
      "properties": {
        "NO": "327",
        "共通ID": "E2521200052111",
        "施設・場所名": "新旭武道館",
        "住所": "滋賀県高島市新旭町旭820",
        "指定緊急避難場所との住所同一": "1",
        "その他市町村長が必要と認める事項": null,
        "受入対象者": null,
        "備考": ""
      }
    },
    {
      "type": "Feature",
      "geometry": {
        "type": "Point",
        "coordinates": [
          136.030075,
          35.363829
        ]
      },
      "properties": {
        "NO": "328",
        "共通ID": "E2521200053111",
        "施設・場所名": "新旭北小学校",
        "住所": "滋賀県高島市新旭町饗庭26",
        "指定緊急避難場所との住所同一": "1",
        "その他市町村長が必要と認める事項": null,
        "受入対象者": null,
        "備考": ""
      }
    },
    {
      "type": "Feature",
      "geometry": {
        "type": "Point",
        "coordinates": [
          136.040456,
          35.34396
        ]
      },
      "properties": {
        "NO": "329",
        "共通ID": "E2521200054111",
        "施設・場所名": "新旭南小学校",
        "住所": "滋賀県高島市新旭町新庄853",
        "指定緊急避難場所との住所同一": "1",
        "その他市町村長が必要と認める事項": null,
        "受入対象者": null,
        "備考": ""
      }
    },
    {
      "type": "Feature",
      "geometry": {
        "type": "Point",
        "coordinates": [
          136.046763,
          35.340374
        ]
      },
      "properties": {
        "NO": "330",
        "共通ID": "E2521200055111",
        "施設・場所名": "新旭養護学校",
        "住所": "滋賀県高島市新旭町太田988-6",
        "指定緊急避難場所との住所同一": "1",
        "その他市町村長が必要と認める事項": null,
        "受入対象者": null,
        "備考": ""
      }
    },
    {
      "type": "Feature",
      "geometry": {
        "type": "Point",
        "coordinates": [
          136.045292,
          35.349313
        ]
      },
      "properties": {
        "NO": "331",
        "共通ID": "E2521200056111",
        "施設・場所名": "新旭総合福祉センターやすらぎ荘",
        "住所": "滋賀県高島市新旭町北畑45-1",
        "指定緊急避難場所との住所同一": "1",
        "その他市町村長が必要と認める事項": null,
        "受入対象者": null,
        "備考": ""
      }
    },
    {
      "type": "Feature",
      "geometry": {
        "type": "Point",
        "coordinates": [
          136.037443,
          35.352926
        ]
      },
      "properties": {
        "NO": "332",
        "共通ID": "E2521200057111",
        "施設・場所名": "湖西中学校",
        "住所": "滋賀県高島市新旭町北畑564-2",
        "指定緊急避難場所との住所同一": "1",
        "その他市町村長が必要と認める事項": null,
        "受入対象者": null,
        "備考": ""
      }
    },
    {
      "type": "Feature",
      "geometry": {
        "type": "Point",
        "coordinates": [
          136.050604,
          35.351925
        ]
      },
      "properties": {
        "NO": "333",
        "共通ID": "E2521200058111",
        "施設・場所名": "静里なのはな園",
        "住所": "滋賀県高島市新旭町藁園2305",
        "指定緊急避難場所との住所同一": "1",
        "その他市町村長が必要と認める事項": null,
        "受入対象者": null,
        "備考": ""
      }
    },
    {
      "type": "Feature",
      "geometry": {
        "type": "Point",
        "coordinates": [
          136.003153,
          35.316132
        ]
      },
      "properties": {
        "NO": "334",
        "共通ID": "E2521200059111",
        "施設・場所名": "高島こども園",
        "住所": "滋賀県高島市野田1361",
        "指定緊急避難場所との住所同一": "1",
        "その他市町村長が必要と認める事項": null,
        "受入対象者": null,
        "備考": ""
      }
    },
    {
      "type": "Feature",
      "geometry": {
        "type": "Point",
        "coordinates": [
          135.986257,
          35.09348
        ]
      },
      "properties": {
        "NO": "335",
        "共通ID": "E2520700003111",
        "施設・場所名": "県立守山北高等学校",
        "住所": "滋賀県守山市笠原町1263",
        "指定緊急避難場所との住所同一": "1",
        "その他市町村長が必要と認める事項": null,
        "受入対象者": null,
        "備考": ""
      }
    },
    {
      "type": "Feature",
      "geometry": {
        "type": "Point",
        "coordinates": [
          135.969645,
          35.109364
        ]
      },
      "properties": {
        "NO": "336",
        "共通ID": "E2520700004111",
        "施設・場所名": "もりやまエコパーク交流拠点施設（多目的ホールおよび駐車場）",
        "住所": "滋賀県守山市環境学習都市宣言記念公園1-1",
        "指定緊急避難場所との住所同一": "1",
        "その他市町村長が必要と認める事項": null,
        "受入対象者": null,
        "備考": ""
      }
    },
    {
      "type": "Feature",
      "geometry": {
        "type": "Point",
        "coordinates": [
          135.997496,
          35.058703
        ]
      },
      "properties": {
        "NO": "337",
        "共通ID": "E2520700006112",
        "施設・場所名": "守山市立吉身小学校",
        "住所": "滋賀県守山市吉身3-2-26",
        "指定緊急避難場所との住所同一": "1",
        "その他市町村長が必要と認める事項": null,
        "受入対象者": null,
        "備考": ""
      }
    },
    {
      "type": "Feature",
      "geometry": {
        "type": "Point",
        "coordinates": [
          135.997185,
          35.058554
        ]
      },
      "properties": {
        "NO": "338",
        "共通ID": "E2520700006111",
        "施設・場所名": "吉身小学校",
        "住所": "滋賀県守山市吉身3-2-26",
        "指定緊急避難場所との住所同一": "1",
        "その他市町村長が必要と認める事項": null,
        "受入対象者": null,
        "備考": ""
      }
    },
    {
      "type": "Feature",
      "geometry": {
        "type": "Point",
        "coordinates": [
          135.996634,
          35.058994
        ]
      },
      "properties": {
        "NO": "339",
        "共通ID": "E2520700007111",
        "施設・場所名": "吉身幼稚園",
        "住所": "滋賀県守山市吉身3-2-51",
        "指定緊急避難場所との住所同一": "1",
        "その他市町村長が必要と認める事項": null,
        "受入対象者": null,
        "備考": ""
      }
    },
    {
      "type": "Feature",
      "geometry": {
        "type": "Point",
        "coordinates": [
          135.997274,
          35.057762
        ]
      },
      "properties": {
        "NO": "340",
        "共通ID": "E2520700008111",
        "施設・場所名": "吉身会館",
        "住所": "滋賀県守山市吉身3-2-8",
        "指定緊急避難場所との住所同一": "1",
        "その他市町村長が必要と認める事項": null,
        "受入対象者": null,
        "備考": ""
      }
    },
    {
      "type": "Feature",
      "geometry": {
        "type": "Point",
        "coordinates": [
          135.98003,
          35.053632
        ]
      },
      "properties": {
        "NO": "341",
        "共通ID": "E2520700010111",
        "施設・場所名": "守山南中学校",
        "住所": "滋賀県守山市古高町357",
        "指定緊急避難場所との住所同一": "1",
        "その他市町村長が必要と認める事項": null,
        "受入対象者": null,
        "備考": ""
      }
    },
    {
      "type": "Feature",
      "geometry": {
        "type": "Point",
        "coordinates": [
          135.986195,
          35.10911
        ]
      },
      "properties": {
        "NO": "342",
        "共通ID": "E2520700011111",
        "施設・場所名": "中洲会館",
        "住所": "滋賀県守山市幸津川町1043-5",
        "指定緊急避難場所との住所同一": "1",
        "その他市町村長が必要と認める事項": null,
        "受入対象者": null,
        "備考": ""
      }
    },
    {
      "type": "Feature",
      "geometry": {
        "type": "Point",
        "coordinates": [
          135.985603,
          35.109231
        ]
      },
      "properties": {
        "NO": "343",
        "共通ID": "E2520700012111",
        "施設・場所名": "中洲小学校",
        "住所": "滋賀県守山市幸津川町1406",
        "指定緊急避難場所との住所同一": "1",
        "その他市町村長が必要と認める事項": null,
        "受入対象者": null,
        "備考": ""
      }
    },
    {
      "type": "Feature",
      "geometry": {
        "type": "Point",
        "coordinates": [
          135.984401,
          35.109876
        ]
      },
      "properties": {
        "NO": "344",
        "共通ID": "E2520700012112",
        "施設・場所名": "中洲こども園",
        "住所": "滋賀県守山市幸津川町1406",
        "指定緊急避難場所との住所同一": "1",
        "その他市町村長が必要と認める事項": null,
        "受入対象者": null,
        "備考": ""
      }
    },
    {
      "type": "Feature",
      "geometry": {
        "type": "Point",
        "coordinates": [
          135.981551,
          35.082715
        ]
      },
      "properties": {
        "NO": "345",
        "共通ID": "E2520700013111",
        "施設・場所名": "守山北中学校",
        "住所": "滋賀県守山市荒見町235",
        "指定緊急避難場所との住所同一": "1",
        "その他市町村長が必要と認める事項": null,
        "受入対象者": null,
        "備考": ""
      }
    },
    {
      "type": "Feature",
      "geometry": {
        "type": "Point",
        "coordinates": [
          135.989405,
          35.08004
        ]
      },
      "properties": {
        "NO": "346",
        "共通ID": "E2520700014111",
        "施設・場所名": "河西会館",
        "住所": "滋賀県守山市今市町160",
        "指定緊急避難場所との住所同一": "1",
        "その他市町村長が必要と認める事項": null,
        "受入対象者": null,
        "備考": ""
      }
    },
    {
      "type": "Feature",
      "geometry": {
        "type": "Point",
        "coordinates": [
          135.991839,
          35.08004
        ]
      },
      "properties": {
        "NO": "347",
        "共通ID": "E2520700015111",
        "施設・場所名": "河西幼稚園",
        "住所": "滋賀県守山市今市町25-1",
        "指定緊急避難場所との住所同一": "1",
        "その他市町村長が必要と認める事項": null,
        "受入対象者": null,
        "備考": ""
      }
    },
    {
      "type": "Feature",
      "geometry": {
        "type": "Point",
        "coordinates": [
          135.986846,
          35.050665
        ]
      },
      "properties": {
        "NO": "348",
        "共通ID": "E2520700016111",
        "施設・場所名": "守山会館",
        "住所": "滋賀県守山市今宿2-5-15",
        "指定緊急避難場所との住所同一": "1",
        "その他市町村長が必要と認める事項": null,
        "受入対象者": null,
        "備考": ""
      }
    },
    {
      "type": "Feature",
      "geometry": {
        "type": "Point",
        "coordinates": [
          135.987014,
          35.058608
        ]
      },
      "properties": {
        "NO": "349",
        "共通ID": "E2520700019111",
        "施設・場所名": "県立守山中学校・高等学校",
        "住所": "滋賀県守山市守山3-12-34",
        "指定緊急避難場所との住所同一": "1",
        "その他市町村長が必要と認める事項": null,
        "受入対象者": null,
        "備考": ""
      }
    },
    {
      "type": "Feature",
      "geometry": {
        "type": "Point",
        "coordinates": [
          135.971629,
          35.090153
        ]
      },
      "properties": {
        "NO": "350",
        "共通ID": "E2520700021111",
        "施設・場所名": "北公民館",
        "住所": "滋賀県守山市洲本町1353-2",
        "指定緊急避難場所との住所同一": "1",
        "その他市町村長が必要と認める事項": null,
        "受入対象者": null,
        "備考": ""
      }
    },
    {
      "type": "Feature",
      "geometry": {
        "type": "Point",
        "coordinates": [
          135.991009,
          35.053848
        ]
      },
      "properties": {
        "NO": "351",
        "共通ID": "E2520700022112",
        "施設・場所名": "守山幼稚園",
        "住所": "滋賀県守山市勝部1-13-1",
        "指定緊急避難場所との住所同一": "1",
        "その他市町村長が必要と認める事項": null,
        "受入対象者": null,
        "備考": ""
      }
    },
    {
      "type": "Feature",
      "geometry": {
        "type": "Point",
        "coordinates": [
          135.991205,
          35.053385
        ]
      },
      "properties": {
        "NO": "352",
        "共通ID": "E2520700022111",
        "施設・場所名": "守山小学校",
        "住所": "滋賀県守山市勝部1-13-1",
        "指定緊急避難場所との住所同一": "1",
        "その他市町村長が必要と認める事項": null,
        "受入対象者": null,
        "備考": ""
      }
    },
    {
      "type": "Feature",
      "geometry": {
        "type": "Point",
        "coordinates": [
          135.986338,
          35.047986
        ]
      },
      "properties": {
        "NO": "353",
        "共通ID": "E2520700024111",
        "施設・場所名": "生涯学習・教育支援センター",
        "住所": "滋賀県守山市勝部3-9-1",
        "指定緊急避難場所との住所同一": "1",
        "その他市町村長が必要と認める事項": null,
        "受入対象者": null,
        "備考": ""
      }
    },
    {
      "type": "Feature",
      "geometry": {
        "type": "Point",
        "coordinates": [
          135.993669,
          35.079002
        ]
      },
      "properties": {
        "NO": "354",
        "共通ID": "E2520700029111",
        "施設・場所名": "河西小学校",
        "住所": "滋賀県守山市小島町1843",
        "指定緊急避難場所との住所同一": "1",
        "その他市町村長が必要と認める事項": null,
        "受入対象者": null,
        "備考": ""
      }
    },
    {
      "type": "Feature",
      "geometry": {
        "type": "Point",
        "coordinates": [
          135.958428,
          35.100346
        ]
      },
      "properties": {
        "NO": "355",
        "共通ID": "E2520700031111",
        "施設・場所名": "速野会館",
        "住所": "滋賀県守山市水保町2236",
        "指定緊急避難場所との住所同一": "1",
        "その他市町村長が必要と認める事項": null,
        "受入対象者": null,
        "備考": ""
      }
    },
    {
      "type": "Feature",
      "geometry": {
        "type": "Point",
        "coordinates": [
          135.960024,
          35.101296
        ]
      },
      "properties": {
        "NO": "356",
        "共通ID": "E2520700032111",
        "施設・場所名": "速野幼稚園",
        "住所": "滋賀県守山市水保町2399-1",
        "指定緊急避難場所との住所同一": "1",
        "その他市町村長が必要と認める事項": null,
        "受入対象者": null,
        "備考": ""
      }
    },
    {
      "type": "Feature",
      "geometry": {
        "type": "Point",
        "coordinates": [
          135.966803,
          35.101682
        ]
      },
      "properties": {
        "NO": "357",
        "共通ID": "E2520700033111",
        "施設・場所名": "明富中学校",
        "住所": "滋賀県守山市水保町3045-1",
        "指定緊急避難場所との住所同一": "1",
        "その他市町村長が必要と認める事項": null,
        "受入対象者": null,
        "備考": ""
      }
    },
    {
      "type": "Feature",
      "geometry": {
        "type": "Point",
        "coordinates": [
          135.951596,
          35.076778
        ]
      },
      "properties": {
        "NO": "358",
        "共通ID": "E2520700034111",
        "施設・場所名": "（株）ローズユニバース",
        "住所": "滋賀県守山市杉江町1465",
        "指定緊急避難場所との住所同一": "1",
        "その他市町村長が必要と認める事項": null,
        "受入対象者": null,
        "備考": ""
      }
    },
    {
      "type": "Feature",
      "geometry": {
        "type": "Point",
        "coordinates": [
          135.982551,
          35.069039
        ]
      },
      "properties": {
        "NO": "359",
        "共通ID": "E2520700035111",
        "施設・場所名": "守山中学校",
        "住所": "滋賀県守山市石田町350",
        "指定緊急避難場所との住所同一": "1",
        "その他市町村長が必要と認める事項": null,
        "受入対象者": null,
        "備考": ""
      }
    },
    {
      "type": "Feature",
      "geometry": {
        "type": "Point",
        "coordinates": [
          135.971418,
          35.076842
        ]
      },
      "properties": {
        "NO": "360",
        "共通ID": "E2520700037111",
        "施設・場所名": "玉津こども園",
        "住所": "滋賀県守山市赤野井町39-3",
        "指定緊急避難場所との住所同一": "1",
        "その他市町村長が必要と認める事項": null,
        "受入対象者": null,
        "備考": ""
      }
    },
    {
      "type": "Feature",
      "geometry": {
        "type": "Point",
        "coordinates": [
          135.971174,
          35.07738
        ]
      },
      "properties": {
        "NO": "361",
        "共通ID": "E2520700038111",
        "施設・場所名": "玉津小学校",
        "住所": "滋賀県守山市赤野井町9-1",
        "指定緊急避難場所との住所同一": "1",
        "その他市町村長が必要と認める事項": null,
        "受入対象者": null,
        "備考": ""
      }
    },
    {
      "type": "Feature",
      "geometry": {
        "type": "Point",
        "coordinates": [
          136.003713,
          35.076597
        ]
      },
      "properties": {
        "NO": "362",
        "共通ID": "E2520700041111",
        "施設・場所名": "一本松会館",
        "住所": "滋賀県守山市川田町230",
        "指定緊急避難場所との住所同一": "1",
        "その他市町村長が必要と認める事項": null,
        "受入対象者": null,
        "備考": ""
      }
    },
    {
      "type": "Feature",
      "geometry": {
        "type": "Point",
        "coordinates": [
          135.979015,
          35.047373
        ]
      },
      "properties": {
        "NO": "363",
        "共通ID": "E2520700042111",
        "施設・場所名": "物部小学校",
        "住所": "滋賀県守山市二町町252",
        "指定緊急避難場所との住所同一": "1",
        "その他市町村長が必要と認める事項": null,
        "受入対象者": null,
        "備考": ""
      }
    },
    {
      "type": "Feature",
      "geometry": {
        "type": "Point",
        "coordinates": [
          135.979395,
          35.047096
        ]
      },
      "properties": {
        "NO": "364",
        "共通ID": "E2520700043111",
        "施設・場所名": "物部幼稚園",
        "住所": "滋賀県守山市二町町253",
        "指定緊急避難場所との住所同一": "1",
        "その他市町村長が必要と認める事項": null,
        "受入対象者": null,
        "備考": ""
      }
    },
    {
      "type": "Feature",
      "geometry": {
        "type": "Point",
        "coordinates": [
          135.992489,
          35.107988
        ]
      },
      "properties": {
        "NO": "365",
        "共通ID": "E2520700047111",
        "施設・場所名": "埋蔵文化財センター",
        "住所": "滋賀県守山市服部町1318",
        "指定緊急避難場所との住所同一": "1",
        "その他市町村長が必要と認める事項": null,
        "受入対象者": null,
        "備考": ""
      }
    },
    {
      "type": "Feature",
      "geometry": {
        "type": "Point",
        "coordinates": [
          135.99242,
          35.109739
        ]
      },
      "properties": {
        "NO": "366",
        "共通ID": "E2520700048111",
        "施設・場所名": "野洲川歴史公園サッカー場",
        "住所": "滋賀県守山市服部町2439",
        "指定緊急避難場所との住所同一": "1",
        "その他市町村長が必要と認める事項": null,
        "受入対象者": null,
        "備考": ""
      }
    },
    {
      "type": "Feature",
      "geometry": {
        "type": "Point",
        "coordinates": [
          135.959949,
          35.100271
        ]
      },
      "properties": {
        "NO": "367",
        "共通ID": "E2520700049111",
        "施設・場所名": "速野小学校",
        "住所": "滋賀県守山市木浜町112",
        "指定緊急避難場所との住所同一": "1",
        "その他市町村長が必要と認める事項": null,
        "受入対象者": null,
        "備考": ""
      }
    },
    {
      "type": "Feature",
      "geometry": {
        "type": "Point",
        "coordinates": [
          135.970769,
          35.079329
        ]
      },
      "properties": {
        "NO": "368",
        "共通ID": "E2520700050111",
        "施設・場所名": "地域総合センター",
        "住所": "滋賀県守山市矢島町3091",
        "指定緊急避難場所との住所同一": "1",
        "その他市町村長が必要と認める事項": null,
        "受入対象者": null,
        "備考": ""
      }
    },
    {
      "type": "Feature",
      "geometry": {
        "type": "Point",
        "coordinates": [
          135.970937,
          35.07926
        ]
      },
      "properties": {
        "NO": "369",
        "共通ID": "E2520700050112",
        "施設・場所名": "玉津会館",
        "住所": "滋賀県守山市矢島町3091",
        "指定緊急避難場所との住所同一": "1",
        "その他市町村長が必要と認める事項": null,
        "受入対象者": null,
        "備考": ""
      }
    },
    {
      "type": "Feature",
      "geometry": {
        "type": "Point",
        "coordinates": [
          135.962953,
          35.059663
        ]
      },
      "properties": {
        "NO": "370",
        "共通ID": "E2520700051111",
        "施設・場所名": "小津小学校",
        "住所": "滋賀県守山市欲賀町853",
        "指定緊急避難場所との住所同一": "1",
        "その他市町村長が必要と認める事項": null,
        "受入対象者": null,
        "備考": ""
      }
    },
    {
      "type": "Feature",
      "geometry": {
        "type": "Point",
        "coordinates": [
          135.963765,
          35.060408
        ]
      },
      "properties": {
        "NO": "371",
        "共通ID": "E2520700052111",
        "施設・場所名": "小津こども園",
        "住所": "滋賀県守山市欲賀町879",
        "指定緊急避難場所との住所同一": "1",
        "その他市町村長が必要と認める事項": null,
        "受入対象者": null,
        "備考": ""
      }
    },
    {
      "type": "Feature",
      "geometry": {
        "type": "Point",
        "coordinates": [
          135.964033,
          35.059908
        ]
      },
      "properties": {
        "NO": "372",
        "共通ID": "E2520700053111",
        "施設・場所名": "小津会館",
        "住所": "滋賀県守山市欲賀町901-1",
        "指定緊急避難場所との住所同一": "1",
        "その他市町村長が必要と認める事項": null,
        "受入対象者": null,
        "備考": ""
      }
    },
    {
      "type": "Feature",
      "geometry": {
        "type": "Point",
        "coordinates": [
          136.003378,
          35.054065
        ]
      },
      "properties": {
        "NO": "373",
        "共通ID": "E2520700054111",
        "施設・場所名": "立入が丘小学校",
        "住所": "滋賀県守山市立入町222",
        "指定緊急避難場所との住所同一": "1",
        "その他市町村長が必要と認める事項": null,
        "受入対象者": null,
        "備考": ""
      }
    },
    {
      "type": "Feature",
      "geometry": {
        "type": "Point",
        "coordinates": [
          136.004492,
          35.054263
        ]
      },
      "properties": {
        "NO": "374",
        "共通ID": "E2520700055111",
        "施設・場所名": "立入が丘幼稚園",
        "住所": "滋賀県守山市立入町226-1",
        "指定緊急避難場所との住所同一": "1",
        "その他市町村長が必要と認める事項": null,
        "受入対象者": null,
        "備考": ""
      }
    },
    {
      "type": "Feature",
      "geometry": {
        "type": "Point",
        "coordinates": [
          135.957398,
          35.057275
        ]
      },
      "properties": {
        "NO": "375",
        "共通ID": "E2520600069111",
        "施設・場所名": "第四保育所",
        "住所": "滋賀県草津市芦浦町310-1",
        "指定緊急避難場所との住所同一": "1",
        "その他市町村長が必要と認める事項": null,
        "受入対象者": null,
        "備考": ""
      }
    },
    {
      "type": "Feature",
      "geometry": {
        "type": "Point",
        "coordinates": [
          135.957817,
          35.057058
        ]
      },
      "properties": {
        "NO": "376",
        "共通ID": "E2520600002111",
        "施設・場所名": "常盤東総合センター",
        "住所": "滋賀県草津市芦浦町319-1",
        "指定緊急避難場所との住所同一": "1",
        "その他市町村長が必要と認める事項": null,
        "受入対象者": null,
        "備考": ""
      }
    },
    {
      "type": "Feature",
      "geometry": {
        "type": "Point",
        "coordinates": [
          135.95808,
          35.056812
        ]
      },
      "properties": {
        "NO": "377",
        "共通ID": "E2520600002112",
        "施設・場所名": "芦浦教育集会所",
        "住所": "滋賀県草津市芦浦町319-1",
        "指定緊急避難場所との住所同一": "1",
        "その他市町村長が必要と認める事項": null,
        "受入対象者": null,
        "備考": ""
      }
    },
    {
      "type": "Feature",
      "geometry": {
        "type": "Point",
        "coordinates": [
          135.938428,
          35.031434
        ]
      },
      "properties": {
        "NO": "378",
        "共通ID": "E2520600003111",
        "施設・場所名": "松原中学校",
        "住所": "滋賀県草津市下笠町110",
        "指定緊急避難場所との住所同一": "1",
        "その他市町村長が必要と認める事項": null,
        "受入対象者": null,
        "備考": ""
      }
    },
    {
      "type": "Feature",
      "geometry": {
        "type": "Point",
        "coordinates": [
          135.936367,
          35.031147
        ]
      },
      "properties": {
        "NO": "379",
        "共通ID": "E2520600004111",
        "施設・場所名": "総合体育館",
        "住所": "滋賀県草津市下笠町161",
        "指定緊急避難場所との住所同一": "1",
        "その他市町村長が必要と認める事項": null,
        "受入対象者": null,
        "備考": ""
      }
    },
    {
      "type": "Feature",
      "geometry": {
        "type": "Point",
        "coordinates": [
          135.945732,
          34.991993
        ]
      },
      "properties": {
        "NO": "380",
        "共通ID": "E2520600005111",
        "施設・場所名": "南笠東まちづくりセンター",
        "住所": "滋賀県草津市笠山1-1-47",
        "指定緊急避難場所との住所同一": "1",
        "その他市町村長が必要と認める事項": null,
        "受入対象者": null,
        "備考": ""
      }
    },
    {
      "type": "Feature",
      "geometry": {
        "type": "Point",
        "coordinates": [
          135.959976,
          34.976307
        ]
      },
      "properties": {
        "NO": "381",
        "共通ID": "E2520600072121",
        "施設・場所名": "滋賀県立草津養護学校",
        "住所": "滋賀県草津市笠山8",
        "指定緊急避難場所との住所同一": "",
        "その他市町村長が必要と認める事項": "在校生のうち事前に市が特定した者および卒業生のうち事前に市が特定した者",
        "受入対象者": "障害者",
        "備考": ""
      }
    },
    {
      "type": "Feature",
      "geometry": {
        "type": "Point",
        "coordinates": [
          135.957458,
          34.973915
        ]
      },
      "properties": {
        "NO": "382",
        "共通ID": "E2520600073121",
        "施設・場所名": "滋賀県立障害者福祉センター",
        "住所": "滋賀県草津市笠山8-5-130",
        "指定緊急避難場所との住所同一": "",
        "その他市町村長が必要と認める事項": "",
        "受入対象者": "市が事前に指定した者",
        "備考": ""
      }
    },
    {
      "type": "Feature",
      "geometry": {
        "type": "Point",
        "coordinates": [
          135.930736,
          35.012029
        ]
      },
      "properties": {
        "NO": "383",
        "共通ID": "E2520600006111",
        "施設・場所名": "第三保育所",
        "住所": "滋賀県草津市橋岡町202",
        "指定緊急避難場所との住所同一": "1",
        "その他市町村長が必要と認める事項": null,
        "受入対象者": null,
        "備考": ""
      }
    },
    {
      "type": "Feature",
      "geometry": {
        "type": "Point",
        "coordinates": [
          135.934653,
          35.012191
        ]
      },
      "properties": {
        "NO": "384",
        "共通ID": "E2520600007111",
        "施設・場所名": "橋岡教育集会所",
        "住所": "滋賀県草津市橋岡町68",
        "指定緊急避難場所との住所同一": "1",
        "その他市町村長が必要と認める事項": null,
        "受入対象者": null,
        "備考": ""
      }
    },
    {
      "type": "Feature",
      "geometry": {
        "type": "Point",
        "coordinates": [
          135.934932,
          35.011967
        ]
      },
      "properties": {
        "NO": "385",
        "共通ID": "E2520600008111",
        "施設・場所名": "橋岡会館",
        "住所": "滋賀県草津市橋岡町71",
        "指定緊急避難場所との住所同一": "1",
        "その他市町村長が必要と認める事項": null,
        "受入対象者": null,
        "備考": ""
      }
    },
    {
      "type": "Feature",
      "geometry": {
        "type": "Point",
        "coordinates": [
          135.94442,
          35.052803
        ]
      },
      "properties": {
        "NO": "386",
        "共通ID": "E2520600009111",
        "施設・場所名": "常盤まちづくりセンター",
        "住所": "滋賀県草津市志那中町111-1",
        "指定緊急避難場所との住所同一": "1",
        "その他市町村長が必要と認める事項": null,
        "受入対象者": null,
        "備考": ""
      }
    },
    {
      "type": "Feature",
      "geometry": {
        "type": "Point",
        "coordinates": [
          135.943487,
          35.053288
        ]
      },
      "properties": {
        "NO": "387",
        "共通ID": "E2520600010111",
        "施設・場所名": "常盤小学校",
        "住所": "滋賀県草津市志那中町119",
        "指定緊急避難場所との住所同一": "1",
        "その他市町村長が必要と認める事項": null,
        "受入対象者": null,
        "備考": ""
      }
    },
    {
      "type": "Feature",
      "geometry": {
        "type": "Point",
        "coordinates": [
          135.942894,
          35.054076
        ]
      },
      "properties": {
        "NO": "388",
        "共通ID": "E2520600011111",
        "施設・場所名": "常盤こども園",
        "住所": "滋賀県草津市志那中町278",
        "指定緊急避難場所との住所同一": "1",
        "その他市町村長が必要と認める事項": null,
        "受入対象者": null,
        "備考": ""
      }
    },
    {
      "type": "Feature",
      "geometry": {
        "type": "Point",
        "coordinates": [
          135.971692,
          34.989372
        ]
      },
      "properties": {
        "NO": "389",
        "共通ID": "E2520600012111",
        "施設・場所名": "志津南小学校",
        "住所": "滋賀県草津市若草2-16-2",
        "指定緊急避難場所との住所同一": "1",
        "その他市町村長が必要と認める事項": null,
        "受入対象者": null,
        "備考": ""
      }
    },
    {
      "type": "Feature",
      "geometry": {
        "type": "Point",
        "coordinates": [
          135.969863,
          34.985272
        ]
      },
      "properties": {
        "NO": "390",
        "共通ID": "E2520600013111",
        "施設・場所名": "志津南まちづくりセンター",
        "住所": "滋賀県草津市若草5-10",
        "指定緊急避難場所との住所同一": "1",
        "その他市町村長が必要と認める事項": null,
        "受入対象者": null,
        "備考": ""
      }
    },
    {
      "type": "Feature",
      "geometry": {
        "type": "Point",
        "coordinates": [
          135.950803,
          35.036984
        ]
      },
      "properties": {
        "NO": "391",
        "共通ID": "E2520600014111",
        "施設・場所名": "笠縫東まちづくりセンター",
        "住所": "滋賀県草津市集町58-8",
        "指定緊急避難場所との住所同一": "1",
        "その他市町村長が必要と認める事項": null,
        "受入対象者": null,
        "備考": ""
      }
    },
    {
      "type": "Feature",
      "geometry": {
        "type": "Point",
        "coordinates": [
          135.948172,
          35.032504
        ]
      },
      "properties": {
        "NO": "392",
        "共通ID": "E2520600015111",
        "施設・場所名": "笠縫こども園",
        "住所": "滋賀県草津市上笠1-6-1",
        "指定緊急避難場所との住所同一": "1",
        "その他市町村長が必要と認める事項": null,
        "受入対象者": null,
        "備考": ""
      }
    },
    {
      "type": "Feature",
      "geometry": {
        "type": "Point",
        "coordinates": [
          135.946993,
          35.032331
        ]
      },
      "properties": {
        "NO": "393",
        "共通ID": "E2520600016111",
        "施設・場所名": "笠縫小学校",
        "住所": "滋賀県草津市上笠1-6-2",
        "指定緊急避難場所との住所同一": "1",
        "その他市町村長が必要と認める事項": null,
        "受入対象者": null,
        "備考": ""
      }
    },
    {
      "type": "Feature",
      "geometry": {
        "type": "Point",
        "coordinates": [
          135.947851,
          35.032034
        ]
      },
      "properties": {
        "NO": "394",
        "共通ID": "E2520600017111",
        "施設・場所名": "笠縫まちづくりセンター",
        "住所": "滋賀県草津市上笠1-6-3",
        "指定緊急避難場所との住所同一": "1",
        "その他市町村長が必要と認める事項": null,
        "受入対象者": null,
        "備考": ""
      }
    },
    {
      "type": "Feature",
      "geometry": {
        "type": "Point",
        "coordinates": [
          135.952207,
          35.044321
        ]
      },
      "properties": {
        "NO": "395",
        "共通ID": "E2520600018111",
        "施設・場所名": "新堂中学校",
        "住所": "滋賀県草津市新堂町111",
        "指定緊急避難場所との住所同一": "1",
        "その他市町村長が必要と認める事項": null,
        "受入対象者": null,
        "備考": ""
      }
    },
    {
      "type": "Feature",
      "geometry": {
        "type": "Point",
        "coordinates": [
          135.961947,
          35.025879
        ]
      },
      "properties": {
        "NO": "396",
        "共通ID": "E2520600019111",
        "施設・場所名": "綾羽高等学校",
        "住所": "滋賀県草津市西渋川1-18-1",
        "指定緊急避難場所との住所同一": "1",
        "その他市町村長が必要と認める事項": null,
        "受入対象者": null,
        "備考": ""
      }
    },
    {
      "type": "Feature",
      "geometry": {
        "type": "Point",
        "coordinates": [
          135.96606,
          35.030655
        ]
      },
      "properties": {
        "NO": "397",
        "共通ID": "E2520600020111",
        "施設・場所名": "渋川小学校",
        "住所": "滋賀県草津市西渋川2-8-55",
        "指定緊急避難場所との住所同一": "1",
        "その他市町村長が必要と認める事項": null,
        "受入対象者": null,
        "備考": ""
      }
    },
    {
      "type": "Feature",
      "geometry": {
        "type": "Point",
        "coordinates": [
          135.967092,
          35.031595
        ]
      },
      "properties": {
        "NO": "398",
        "共通ID": "E2520600021111",
        "施設・場所名": "草津東高等学校",
        "住所": "滋賀県草津市西渋川2-8-65",
        "指定緊急避難場所との住所同一": "1",
        "その他市町村長が必要と認める事項": null,
        "受入対象者": null,
        "備考": ""
      }
    },
    {
      "type": "Feature",
      "geometry": {
        "type": "Point",
        "coordinates": [
          135.964742,
          35.030385
        ]
      },
      "properties": {
        "NO": "399",
        "共通ID": "E2520600022111",
        "施設・場所名": "渋川まちづくりセンター",
        "住所": "滋賀県草津市西渋川2-9-38",
        "指定緊急避難場所との住所同一": "1",
        "その他市町村長が必要と認める事項": null,
        "受入対象者": null,
        "備考": ""
      }
    },
    {
      "type": "Feature",
      "geometry": {
        "type": "Point",
        "coordinates": [
          135.955032,
          35.02314
        ]
      },
      "properties": {
        "NO": "400",
        "共通ID": "E2520600070111",
        "施設・場所名": "インフロニア草津アクアティクスセンター",
        "住所": "滋賀県草津市西大路町13-10",
        "指定緊急避難場所との住所同一": "",
        "その他市町村長が必要と認める事項": "",
        "受入対象者": "",
        "備考": ""
      }
    },
    {
      "type": "Feature",
      "geometry": {
        "type": "Point",
        "coordinates": [
          135.970815,
          35.00061
        ]
      },
      "properties": {
        "NO": "401",
        "共通ID": "E2520600023111",
        "施設・場所名": "高等技術専門校（テクノカレッジ）",
        "住所": "滋賀県草津市青地町1093",
        "指定緊急避難場所との住所同一": "1",
        "その他市町村長が必要と認める事項": null,
        "受入対象者": null,
        "備考": ""
      }
    },
    {
      "type": "Feature",
      "geometry": {
        "type": "Point",
        "coordinates": [
          135.974675,
          35.005609
        ]
      },
      "properties": {
        "NO": "402",
        "共通ID": "E2520600024111",
        "施設・場所名": "志津まちづくりセンター",
        "住所": "滋賀県草津市青地町561",
        "指定緊急避難場所との住所同一": "1",
        "その他市町村長が必要と認める事項": null,
        "受入対象者": null,
        "備考": ""
      }
    },
    {
      "type": "Feature",
      "geometry": {
        "type": "Point",
        "coordinates": [
          135.977266,
          35.002863
        ]
      },
      "properties": {
        "NO": "403",
        "共通ID": "E2520600025111",
        "施設・場所名": "志津小学校",
        "住所": "滋賀県草津市青地町827",
        "指定緊急避難場所との住所同一": "1",
        "その他市町村長が必要と認める事項": null,
        "受入対象者": null,
        "備考": ""
      }
    },
    {
      "type": "Feature",
      "geometry": {
        "type": "Point",
        "coordinates": [
          135.976282,
          35.003124
        ]
      },
      "properties": {
        "NO": "404",
        "共通ID": "E2520600026111",
        "施設・場所名": "志津こども園",
        "住所": "滋賀県草津市青地町845",
        "指定緊急避難場所との住所同一": "1",
        "その他市町村長が必要と認める事項": null,
        "受入対象者": null,
        "備考": ""
      }
    },
    {
      "type": "Feature",
      "geometry": {
        "type": "Point",
        "coordinates": [
          135.960909,
          35.017894
        ]
      },
      "properties": {
        "NO": "405",
        "共通ID": "E2520600027111",
        "施設・場所名": "草津まちづくりセンター",
        "住所": "滋賀県草津市草津1-4-33",
        "指定緊急避難場所との住所同一": "1",
        "その他市町村長が必要と認める事項": null,
        "受入対象者": null,
        "備考": ""
      }
    },
    {
      "type": "Feature",
      "geometry": {
        "type": "Point",
        "coordinates": [
          135.963554,
          35.01443
        ]
      },
      "properties": {
        "NO": "406",
        "共通ID": "E2520600028111",
        "施設・場所名": "草津中学校",
        "住所": "滋賀県草津市草津2-16-8",
        "指定緊急避難場所との住所同一": "1",
        "その他市町村長が必要と認める事項": null,
        "受入対象者": null,
        "備考": ""
      }
    },
    {
      "type": "Feature",
      "geometry": {
        "type": "Point",
        "coordinates": [
          135.961017,
          35.014285
        ]
      },
      "properties": {
        "NO": "407",
        "共通ID": "E2520600029111",
        "施設・場所名": "草津中央おひさまこども園",
        "住所": "滋賀県草津市草津3-13-10",
        "指定緊急避難場所との住所同一": "1",
        "その他市町村長が必要と認める事項": null,
        "受入対象者": null,
        "備考": ""
      }
    },
    {
      "type": "Feature",
      "geometry": {
        "type": "Point",
        "coordinates": [
          135.961017,
          35.014285
        ]
      },
      "properties": {
        "NO": "408",
        "共通ID": "E2520600029121",
        "施設・場所名": "草津中央おひさまこども園",
        "住所": "滋賀県草津市草津3-13-10",
        "指定緊急避難場所との住所同一": "1",
        "その他市町村長が必要と認める事項": null,
        "受入対象者": null,
        "備考": ""
      }
    },
    {
      "type": "Feature",
      "geometry": {
        "type": "Point",
        "coordinates": [
          135.961686,
          35.013753
        ]
      },
      "properties": {
        "NO": "409",
        "共通ID": "E2520600030111",
        "施設・場所名": "草津小学校",
        "住所": "滋賀県草津市草津3-14-5",
        "指定緊急避難場所との住所同一": "1",
        "その他市町村長が必要と認める事項": null,
        "受入対象者": null,
        "備考": ""
      }
    },
    {
      "type": "Feature",
      "geometry": {
        "type": "Point",
        "coordinates": [
          135.954325,
          35.020173
        ]
      },
      "properties": {
        "NO": "410",
        "共通ID": "E2520600031111",
        "施設・場所名": "草津第二保育所",
        "住所": "滋賀県草津市草津町1350",
        "指定緊急避難場所との住所同一": "1",
        "その他市町村長が必要と認める事項": null,
        "受入対象者": null,
        "備考": ""
      }
    },
    {
      "type": "Feature",
      "geometry": {
        "type": "Point",
        "coordinates": [
          135.954459,
          35.01933
        ]
      },
      "properties": {
        "NO": "411",
        "共通ID": "E2520600032112",
        "施設・場所名": "西一会館",
        "住所": "滋賀県草津市草津町1446-1",
        "指定緊急避難場所との住所同一": "1",
        "その他市町村長が必要と認める事項": null,
        "受入対象者": null,
        "備考": ""
      }
    },
    {
      "type": "Feature",
      "geometry": {
        "type": "Point",
        "coordinates": [
          135.954277,
          35.019171
        ]
      },
      "properties": {
        "NO": "412",
        "共通ID": "E2520600032111",
        "施設・場所名": "西一教育集会所",
        "住所": "滋賀県草津市草津町1446-1",
        "指定緊急避難場所との住所同一": "1",
        "その他市町村長が必要と認める事項": null,
        "受入対象者": null,
        "備考": ""
      }
    },
    {
      "type": "Feature",
      "geometry": {
        "type": "Point",
        "coordinates": [
          135.950475,
          35.019694
        ]
      },
      "properties": {
        "NO": "413",
        "共通ID": "E2520600033111",
        "施設・場所名": "ふれあい体育館",
        "住所": "滋賀県草津市草津町1486-1",
        "指定緊急避難場所との住所同一": "1",
        "その他市町村長が必要と認める事項": null,
        "受入対象者": null,
        "備考": ""
      }
    },
    {
      "type": "Feature",
      "geometry": {
        "type": "Point",
        "coordinates": [
          135.95222,
          35.015563
        ]
      },
      "properties": {
        "NO": "414",
        "共通ID": "E2520600034111",
        "施設・場所名": "湖南農業高等学校",
        "住所": "滋賀県草津市草津町1839",
        "指定緊急避難場所との住所同一": "1",
        "その他市町村長が必要と認める事項": null,
        "受入対象者": null,
        "備考": ""
      }
    },
    {
      "type": "Feature",
      "geometry": {
        "type": "Point",
        "coordinates": [
          135.966469,
          35.020898
        ]
      },
      "properties": {
        "NO": "415",
        "共通ID": "E2520600001112",
        "施設・場所名": "たちばな大路こども園",
        "住所": "滋賀県草津市大路2-1-55",
        "指定緊急避難場所との住所同一": "1",
        "その他市町村長が必要と認める事項": null,
        "受入対象者": null,
        "備考": ""
      }
    },
    {
      "type": "Feature",
      "geometry": {
        "type": "Point",
        "coordinates": [
          135.966469,
          35.020898
        ]
      },
      "properties": {
        "NO": "416",
        "共通ID": "E2520600001121",
        "施設・場所名": "たちばな大路こども園",
        "住所": "滋賀県草津市大路2-1-55",
        "指定緊急避難場所との住所同一": "1",
        "その他市町村長が必要と認める事項": null,
        "受入対象者": null,
        "備考": ""
      }
    },
    {
      "type": "Feature",
      "geometry": {
        "type": "Point",
        "coordinates": [
          135.966702,
          35.018518
        ]
      },
      "properties": {
        "NO": "417",
        "共通ID": "E2520600037111",
        "施設・場所名": "草津第二小学校",
        "住所": "滋賀県草津市大路2-7-62",
        "指定緊急避難場所との住所同一": "1",
        "その他市町村長が必要と認める事項": null,
        "受入対象者": null,
        "備考": ""
      }
    },
    {
      "type": "Feature",
      "geometry": {
        "type": "Point",
        "coordinates": [
          135.967008,
          35.020517
        ]
      },
      "properties": {
        "NO": "418",
        "共通ID": "E2520600038111",
        "施設・場所名": "大路まちづくりセンター",
        "住所": "滋賀県草津市大路2-9-11",
        "指定緊急避難場所との住所同一": "1",
        "その他市町村長が必要と認める事項": null,
        "受入対象者": null,
        "備考": ""
      }
    },
    {
      "type": "Feature",
      "geometry": {
        "type": "Point",
        "coordinates": [
          135.96559,
          34.998308
        ]
      },
      "properties": {
        "NO": "419",
        "共通ID": "E2520600039111",
        "施設・場所名": "高穂中学校",
        "住所": "滋賀県草津市追分7-6-1",
        "指定緊急避難場所との住所同一": "1",
        "その他市町村長が必要と認める事項": null,
        "受入対象者": null,
        "備考": ""
      }
    },
    {
      "type": "Feature",
      "geometry": {
        "type": "Point",
        "coordinates": [
          135.954597,
          35.005004
        ]
      },
      "properties": {
        "NO": "420",
        "共通ID": "E2520600040111",
        "施設・場所名": "矢倉まちづくりセンター",
        "住所": "滋賀県草津市東矢倉2-13-6",
        "指定緊急避難場所との住所同一": "1",
        "その他市町村長が必要と認める事項": null,
        "受入対象者": null,
        "備考": ""
      }
    },
    {
      "type": "Feature",
      "geometry": {
        "type": "Point",
        "coordinates": [
          135.943801,
          34.990743
        ]
      },
      "properties": {
        "NO": "421",
        "共通ID": "E2520600041111",
        "施設・場所名": "南笠東小学校",
        "住所": "滋賀県草津市南笠東4-4-1",
        "指定緊急避難場所との住所同一": "1",
        "その他市町村長が必要と認める事項": null,
        "受入対象者": null,
        "備考": ""
      }
    },
    {
      "type": "Feature",
      "geometry": {
        "type": "Point",
        "coordinates": [
          135.932468,
          35.024686
        ]
      },
      "properties": {
        "NO": "422",
        "共通ID": "E2520600042111",
        "施設・場所名": "山田こども園",
        "住所": "滋賀県草津市南山田町672-2",
        "指定緊急避難場所との住所同一": "1",
        "その他市町村長が必要と認める事項": null,
        "受入対象者": null,
        "備考": ""
      }
    },
    {
      "type": "Feature",
      "geometry": {
        "type": "Point",
        "coordinates": [
          135.931427,
          35.024613
        ]
      },
      "properties": {
        "NO": "423",
        "共通ID": "E2520600043111",
        "施設・場所名": "山田まちづくりセンター",
        "住所": "滋賀県草津市南山田町678",
        "指定緊急避難場所との住所同一": "1",
        "その他市町村長が必要と認める事項": null,
        "受入対象者": null,
        "備考": ""
      }
    },
    {
      "type": "Feature",
      "geometry": {
        "type": "Point",
        "coordinates": [
          135.931889,
          35.02408
        ]
      },
      "properties": {
        "NO": "424",
        "共通ID": "E2520600044111",
        "施設・場所名": "武道館",
        "住所": "滋賀県草津市南山田町683",
        "指定緊急避難場所との住所同一": "1",
        "その他市町村長が必要と認める事項": null,
        "受入対象者": null,
        "備考": ""
      }
    },
    {
      "type": "Feature",
      "geometry": {
        "type": "Point",
        "coordinates": [
          135.959997,
          35.035182
        ]
      },
      "properties": {
        "NO": "425",
        "共通ID": "E2520600045111",
        "施設・場所名": "笠縫東小学校",
        "住所": "滋賀県草津市平井3-8-1",
        "指定緊急避難場所との住所同一": "1",
        "その他市町村長が必要と認める事項": null,
        "受入対象者": null,
        "備考": ""
      }
    },
    {
      "type": "Feature",
      "geometry": {
        "type": "Point",
        "coordinates": [
          135.958681,
          35.035681
        ]
      },
      "properties": {
        "NO": "426",
        "共通ID": "E2520600046111",
        "施設・場所名": "笠縫東こども園",
        "住所": "滋賀県草津市平井3-8-2",
        "指定緊急避難場所との住所同一": "1",
        "その他市町村長が必要と認める事項": null,
        "受入対象者": null,
        "備考": ""
      }
    },
    {
      "type": "Feature",
      "geometry": {
        "type": "Point",
        "coordinates": [
          135.929062,
          35.029458
        ]
      },
      "properties": {
        "NO": "427",
        "共通ID": "E2520600047111",
        "施設・場所名": "山田小学校",
        "住所": "滋賀県草津市北山田町350",
        "指定緊急避難場所との住所同一": "1",
        "その他市町村長が必要と認める事項": null,
        "受入対象者": null,
        "備考": ""
      }
    },
    {
      "type": "Feature",
      "geometry": {
        "type": "Point",
        "coordinates": [
          135.951608,
          35.02143
        ]
      },
      "properties": {
        "NO": "428",
        "共通ID": "E2520600048111",
        "施設・場所名": "新田教育集会所",
        "住所": "滋賀県草津市木川町898-15",
        "指定緊急避難場所との住所同一": "1",
        "その他市町村長が必要と認める事項": null,
        "受入対象者": null,
        "備考": ""
      }
    },
    {
      "type": "Feature",
      "geometry": {
        "type": "Point",
        "coordinates": [
          135.951405,
          35.021573
        ]
      },
      "properties": {
        "NO": "429",
        "共通ID": "E2520600049111",
        "施設・場所名": "新田会館",
        "住所": "滋賀県草津市木川町898-3",
        "指定緊急避難場所との住所同一": "1",
        "その他市町村長が必要と認める事項": null,
        "受入対象者": null,
        "備考": ""
      }
    },
    {
      "type": "Feature",
      "geometry": {
        "type": "Point",
        "coordinates": [
          135.948171,
          35.024014
        ]
      },
      "properties": {
        "NO": "430",
        "共通ID": "E2520600050111",
        "施設・場所名": "草津高等学校",
        "住所": "滋賀県草津市木川町955-1",
        "指定緊急避難場所との住所同一": "1",
        "その他市町村長が必要と認める事項": null,
        "受入対象者": null,
        "備考": ""
      }
    },
    {
      "type": "Feature",
      "geometry": {
        "type": "Point",
        "coordinates": [
          135.953792,
          35.023712
        ]
      },
      "properties": {
        "NO": "431",
        "共通ID": "E2520600068111",
        "施設・場所名": "野村運動公園",
        "住所": "滋賀県草津市野村3-2-5",
        "指定緊急避難場所との住所同一": "",
        "その他市町村長が必要と認める事項": null,
        "受入対象者": null,
        "備考": ""
      }
    },
    {
      "type": "Feature",
      "geometry": {
        "type": "Point",
        "coordinates": [
          135.952036,
          35.024203
        ]
      },
      "properties": {
        "NO": "432",
        "共通ID": "E2520600051111",
        "施設・場所名": "ＹＭＩＴアリーナ（くさつシティアリーナ）",
        "住所": "滋賀県草津市野村3-3-27",
        "指定緊急避難場所との住所同一": "1",
        "その他市町村長が必要と認める事項": null,
        "受入対象者": null,
        "備考": ""
      }
    },
    {
      "type": "Feature",
      "geometry": {
        "type": "Point",
        "coordinates": [
          135.953952,
          35.000495
        ]
      },
      "properties": {
        "NO": "433",
        "共通ID": "E2520600052111",
        "施設・場所名": "草津クレアホール",
        "住所": "滋賀県草津市野路6-15-11",
        "指定緊急避難場所との住所同一": "1",
        "その他市町村長が必要と認める事項": null,
        "受入対象者": null,
        "備考": ""
      }
    },
    {
      "type": "Feature",
      "geometry": {
        "type": "Point",
        "coordinates": [
          135.948186,
          34.995468
        ]
      },
      "properties": {
        "NO": "434",
        "共通ID": "E2520600053111",
        "施設・場所名": "玉川小学校",
        "住所": "滋賀県草津市野路9-6-12",
        "指定緊急避難場所との住所同一": "1",
        "その他市町村長が必要と認める事項": null,
        "受入対象者": null,
        "備考": ""
      }
    },
    {
      "type": "Feature",
      "geometry": {
        "type": "Point",
        "coordinates": [
          135.947305,
          34.99547
        ]
      },
      "properties": {
        "NO": "435",
        "共通ID": "E2520600054111",
        "施設・場所名": "玉川こども園",
        "住所": "滋賀県草津市野路9-6-63",
        "指定緊急避難場所との住所同一": "1",
        "その他市町村長が必要と認める事項": null,
        "受入対象者": null,
        "備考": ""
      }
    },
    {
      "type": "Feature",
      "geometry": {
        "type": "Point",
        "coordinates": [
          135.949332,
          34.994822
        ]
      },
      "properties": {
        "NO": "436",
        "共通ID": "E2520600055111",
        "施設・場所名": "玉川まちづくりセンター",
        "住所": "滋賀県草津市野路9-7-42",
        "指定緊急避難場所との住所同一": "1",
        "その他市町村長が必要と認める事項": null,
        "受入対象者": null,
        "備考": ""
      }
    },
    {
      "type": "Feature",
      "geometry": {
        "type": "Point",
        "coordinates": [
          135.944109,
          35.008233
        ]
      },
      "properties": {
        "NO": "437",
        "共通ID": "E2520600056111",
        "施設・場所名": "光泉中・高等学校",
        "住所": "滋賀県草津市野路町178",
        "指定緊急避難場所との住所同一": "1",
        "その他市町村長が必要と認める事項": null,
        "受入対象者": null,
        "備考": ""
      }
    },
    {
      "type": "Feature",
      "geometry": {
        "type": "Point",
        "coordinates": [
          135.936218,
          35.004816
        ]
      },
      "properties": {
        "NO": "438",
        "共通ID": "E2520600057111",
        "施設・場所名": "老上小学校",
        "住所": "滋賀県草津市野路町517",
        "指定緊急避難場所との住所同一": "1",
        "その他市町村長が必要と認める事項": null,
        "受入対象者": null,
        "備考": ""
      }
    },
    {
      "type": "Feature",
      "geometry": {
        "type": "Point",
        "coordinates": [
          135.937449,
          35.003654
        ]
      },
      "properties": {
        "NO": "439",
        "共通ID": "E2520600058111",
        "施設・場所名": "老上まちづくりセンター",
        "住所": "滋賀県草津市野路町520",
        "指定緊急避難場所との住所同一": "1",
        "その他市町村長が必要と認める事項": null,
        "受入対象者": null,
        "備考": ""
      }
    },
    {
      "type": "Feature",
      "geometry": {
        "type": "Point",
        "coordinates": [
          135.959969,
          34.993896
        ]
      },
      "properties": {
        "NO": "440",
        "共通ID": "E2520600059111",
        "施設・場所名": "玉川高等学校",
        "住所": "滋賀県草津市野路東3-2-1",
        "指定緊急避難場所との住所同一": "1",
        "その他市町村長が必要と認める事項": null,
        "受入対象者": null,
        "備考": ""
      }
    },
    {
      "type": "Feature",
      "geometry": {
        "type": "Point",
        "coordinates": [
          135.959183,
          34.993078
        ]
      },
      "properties": {
        "NO": "441",
        "共通ID": "E2520600060111",
        "施設・場所名": "玉川中学校",
        "住所": "滋賀県草津市野路東3-3-18",
        "指定緊急避難場所との住所同一": "1",
        "その他市町村長が必要と認める事項": null,
        "受入対象者": null,
        "備考": ""
      }
    },
    {
      "type": "Feature",
      "geometry": {
        "type": "Point",
        "coordinates": [
          135.925673,
          35.01176
        ]
      },
      "properties": {
        "NO": "442",
        "共通ID": "E2520600071111",
        "施設・場所名": "草津看護専門学校",
        "住所": "滋賀県草津市矢橋町1824",
        "指定緊急避難場所との住所同一": "",
        "その他市町村長が必要と認める事項": "",
        "受入対象者": "",
        "備考": ""
      }
    },
    {
      "type": "Feature",
      "geometry": {
        "type": "Point",
        "coordinates": [
          135.936391,
          35.005693
        ]
      },
      "properties": {
        "NO": "443",
        "共通ID": "E2520600061111",
        "施設・場所名": "老上こども園",
        "住所": "滋賀県草津市矢橋町4",
        "指定緊急避難場所との住所同一": "1",
        "その他市町村長が必要と認める事項": null,
        "受入対象者": null,
        "備考": ""
      }
    },
    {
      "type": "Feature",
      "geometry": {
        "type": "Point",
        "coordinates": [
          135.926593,
          35.004041
        ]
      },
      "properties": {
        "NO": "444",
        "共通ID": "E2520600062111",
        "施設・場所名": "老上西小学校",
        "住所": "滋賀県草津市矢橋町508-1",
        "指定緊急避難場所との住所同一": "1",
        "その他市町村長が必要と認める事項": null,
        "受入対象者": null,
        "備考": ""
      }
    },
    {
      "type": "Feature",
      "geometry": {
        "type": "Point",
        "coordinates": [
          135.926615,
          35.003717
        ]
      },
      "properties": {
        "NO": "445",
        "共通ID": "E2520600063111",
        "施設・場所名": "老上西まちづくりセンター",
        "住所": "滋賀県草津市矢橋町526-1",
        "指定緊急避難場所との住所同一": "1",
        "その他市町村長が必要と認める事項": null,
        "受入対象者": null,
        "備考": ""
      }
    },
    {
      "type": "Feature",
      "geometry": {
        "type": "Point",
        "coordinates": [
          135.935977,
          35.005588
        ]
      },
      "properties": {
        "NO": "446",
        "共通ID": "E2520600064111",
        "施設・場所名": "老上中学校",
        "住所": "滋賀県草津市矢橋町7-1",
        "指定緊急避難場所との住所同一": "1",
        "その他市町村長が必要と認める事項": null,
        "受入対象者": null,
        "備考": ""
      }
    },
    {
      "type": "Feature",
      "geometry": {
        "type": "Point",
        "coordinates": [
          135.923729,
          35.005067
        ]
      },
      "properties": {
        "NO": "447",
        "共通ID": "E2520600065111",
        "施設・場所名": "矢橋ふたばこども園",
        "住所": "滋賀県草津市矢橋町888-1",
        "指定緊急避難場所との住所同一": "1",
        "その他市町村長が必要と認める事項": null,
        "受入対象者": null,
        "備考": ""
      }
    },
    {
      "type": "Feature",
      "geometry": {
        "type": "Point",
        "coordinates": [
          135.951834,
          35.005499
        ]
      },
      "properties": {
        "NO": "448",
        "共通ID": "E2520600066111",
        "施設・場所名": "矢倉こども園",
        "住所": "滋賀県草津市矢倉2-5-21",
        "指定緊急避難場所との住所同一": "1",
        "その他市町村長が必要と認める事項": null,
        "受入対象者": null,
        "備考": ""
      }
    },
    {
      "type": "Feature",
      "geometry": {
        "type": "Point",
        "coordinates": [
          135.951573,
          35.004783
        ]
      },
      "properties": {
        "NO": "449",
        "共通ID": "E2520600067111",
        "施設・場所名": "矢倉小学校",
        "住所": "滋賀県草津市矢倉2-5-50",
        "指定緊急避難場所との住所同一": "1",
        "その他市町村長が必要と認める事項": null,
        "受入対象者": null,
        "備考": ""
      }
    },
    {
      "type": "Feature",
      "geometry": {
        "type": "Point",
        "coordinates": [
          136.336028,
          35.175993
        ]
      },
      "properties": {
        "NO": "450",
        "共通ID": "E2544300001111",
        "施設・場所名": "森林資源活用センター",
        "住所": "滋賀県多賀町萱原1309",
        "指定緊急避難場所との住所同一": "",
        "その他市町村長が必要と認める事項": null,
        "受入対象者": null,
        "備考": ""
      }
    },
    {
      "type": "Feature",
      "geometry": {
        "type": "Point",
        "coordinates": [
          136.297137,
          35.229526
        ]
      },
      "properties": {
        "NO": "451",
        "共通ID": "E2544300003111",
        "施設・場所名": "多賀町中央公民館「多賀結いの森」",
        "住所": "滋賀県多賀町久徳160-2",
        "指定緊急避難場所との住所同一": "1",
        "その他市町村長が必要と認める事項": null,
        "受入対象者": null,
        "備考": ""
      }
    },
    {
      "type": "Feature",
      "geometry": {
        "type": "Point",
        "coordinates": [
          136.299968,
          35.232052
        ]
      },
      "properties": {
        "NO": "452",
        "共通ID": "E2544300017111",
        "施設・場所名": "多賀町立久徳うぐいすこども園",
        "住所": "滋賀県多賀町久徳844-1",
        "指定緊急避難場所との住所同一": "",
        "その他市町村長が必要と認める事項": "",
        "受入対象者": "",
        "備考": ""
      }
    },
    {
      "type": "Feature",
      "geometry": {
        "type": "Point",
        "coordinates": [
          136.302849,
          35.221006
        ]
      },
      "properties": {
        "NO": "453",
        "共通ID": "E2544300005111",
        "施設・場所名": "あけぼのパーク多賀",
        "住所": "滋賀県多賀町四手976-1",
        "指定緊急避難場所との住所同一": "1",
        "その他市町村長が必要と認める事項": null,
        "受入対象者": null,
        "備考": ""
      }
    },
    {
      "type": "Feature",
      "geometry": {
        "type": "Point",
        "coordinates": [
          136.313268,
          35.188023
        ]
      },
      "properties": {
        "NO": "454",
        "共通ID": "E2544300007111",
        "施設・場所名": "大滝小学校",
        "住所": "滋賀県多賀町川相568",
        "指定緊急避難場所との住所同一": "1",
        "その他市町村長が必要と認める事項": null,
        "受入対象者": null,
        "備考": ""
      }
    },
    {
      "type": "Feature",
      "geometry": {
        "type": "Point",
        "coordinates": [
          136.295199,
          35.22338
        ]
      },
      "properties": {
        "NO": "455",
        "共通ID": "E2544300008111",
        "施設・場所名": "多賀中学校",
        "住所": "滋賀県多賀町多賀210",
        "指定緊急避難場所との住所同一": "1",
        "その他市町村長が必要と認める事項": null,
        "受入対象者": null,
        "備考": ""
      }
    },
    {
      "type": "Feature",
      "geometry": {
        "type": "Point",
        "coordinates": [
          136.292453,
          35.22306
        ]
      },
      "properties": {
        "NO": "456",
        "共通ID": "E2544300009121",
        "施設・場所名": "多賀町総合福祉保健センター「ふれあいの郷」",
        "住所": "滋賀県多賀町多賀221-1",
        "指定緊急避難場所との住所同一": "",
        "その他市町村長が必要と認める事項": null,
        "受入対象者": "要配慮者",
        "備考": ""
      }
    },
    {
      "type": "Feature",
      "geometry": {
        "type": "Point",
        "coordinates": [
          136.294161,
          35.21934
        ]
      },
      "properties": {
        "NO": "457",
        "共通ID": "E2544300010111",
        "施設・場所名": "Ｂ＆Ｇ海洋センター",
        "住所": "滋賀県多賀町多賀245-2",
        "指定緊急避難場所との住所同一": "1",
        "その他市町村長が必要と認める事項": null,
        "受入対象者": null,
        "備考": ""
      }
    },
    {
      "type": "Feature",
      "geometry": {
        "type": "Point",
        "coordinates": [
          136.2871,
          35.224015
        ]
      },
      "properties": {
        "NO": "458",
        "共通ID": "E2544300012111",
        "施設・場所名": "多賀小学校",
        "住所": "滋賀県多賀町多賀738",
        "指定緊急避難場所との住所同一": "1",
        "その他市町村長が必要と認める事項": null,
        "受入対象者": null,
        "備考": ""
      }
    },
    {
      "type": "Feature",
      "geometry": {
        "type": "Point",
        "coordinates": [
          136.372736,
          35.209743
        ]
      },
      "properties": {
        "NO": "459",
        "共通ID": "E2544300013111",
        "施設・場所名": "大君ケ畑体育館",
        "住所": "滋賀県多賀町大君ケ畑558",
        "指定緊急避難場所との住所同一": "1",
        "その他市町村長が必要と認める事項": null,
        "受入対象者": null,
        "備考": ""
      }
    },
    {
      "type": "Feature",
      "geometry": {
        "type": "Point",
        "coordinates": [
          136.282456,
          35.215832
        ]
      },
      "properties": {
        "NO": "460",
        "共通ID": "E2544300015111",
        "施設・場所名": "清涼文化センター",
        "住所": "滋賀県多賀町敏満寺214",
        "指定緊急避難場所との住所同一": "",
        "その他市町村長が必要と認める事項": null,
        "受入対象者": null,
        "備考": ""
      }
    },
    {
      "type": "Feature",
      "geometry": {
        "type": "Point",
        "coordinates": [
          136.296752,
          35.191733
        ]
      },
      "properties": {
        "NO": "461",
        "共通ID": "E2544300016111",
        "施設・場所名": "滝の宮スポーツ公園",
        "住所": "滋賀県多賀町富之尾1586-5",
        "指定緊急避難場所との住所同一": "1",
        "その他市町村長が必要と認める事項": null,
        "受入対象者": null,
        "備考": ""
      }
    },
    {
      "type": "Feature",
      "geometry": {
        "type": "Point",
        "coordinates": [
          135.878526,
          35.006639
        ]
      },
      "properties": {
        "NO": "462",
        "共通ID": "E2520100001111",
        "施設・場所名": "滋賀県立県民交流センター（ピアザ淡海）",
        "住所": "滋賀県大津市におの浜1-1-20",
        "指定緊急避難場所との住所同一": "1",
        "その他市町村長が必要と認める事項": null,
        "受入対象者": null,
        "備考": ""
      }
    },
    {
      "type": "Feature",
      "geometry": {
        "type": "Point",
        "coordinates": [
          135.887411,
          35.004991
        ]
      },
      "properties": {
        "NO": "463",
        "共通ID": "E2520100002111",
        "施設・場所名": "県立体育館",
        "住所": "滋賀県大津市におの浜4-2-12",
        "指定緊急避難場所との住所同一": "1",
        "その他市町村長が必要と認める事項": null,
        "受入対象者": null,
        "備考": ""
      }
    },
    {
      "type": "Feature",
      "geometry": {
        "type": "Point",
        "coordinates": [
          135.886355,
          35.005294
        ]
      },
      "properties": {
        "NO": "464",
        "共通ID": "E2520100003111",
        "施設・場所名": "県立武道館",
        "住所": "滋賀県大津市におの浜4-2-15",
        "指定緊急避難場所との住所同一": "1",
        "その他市町村長が必要と認める事項": null,
        "受入対象者": null,
        "備考": ""
      }
    },
    {
      "type": "Feature",
      "geometry": {
        "type": "Point",
        "coordinates": [
          135.885657,
          35.004976
        ]
      },
      "properties": {
        "NO": "465",
        "共通ID": "E2520100004121",
        "施設・場所名": "障害者福祉センター",
        "住所": "滋賀県大津市におの浜4-2-33",
        "指定緊急避難場所との住所同一": "",
        "その他市町村長が必要と認める事項": null,
        "受入対象者": "要配慮者",
        "備考": ""
      }
    },
    {
      "type": "Feature",
      "geometry": {
        "type": "Point",
        "coordinates": [
          135.885863,
          35.005416
        ]
      },
      "properties": {
        "NO": "466",
        "共通ID": "E2520100005121",
        "施設・場所名": "におの浜ふれあいスポーツセンター",
        "住所": "滋賀県大津市におの浜4-2-40",
        "指定緊急避難場所との住所同一": "",
        "その他市町村長が必要と認める事項": null,
        "受入対象者": "要配慮者",
        "備考": ""
      }
    },
    {
      "type": "Feature",
      "geometry": {
        "type": "Point",
        "coordinates": [
          135.873878,
          35.143461
        ]
      },
      "properties": {
        "NO": "467",
        "共通ID": "E2520100007112",
        "施設・場所名": "伊香立環境交流館",
        "住所": "滋賀県大津市伊香立下在地町1222-1",
        "指定緊急避難場所との住所同一": "1",
        "その他市町村長が必要と認める事項": null,
        "受入対象者": null,
        "備考": ""
      }
    },
    {
      "type": "Feature",
      "geometry": {
        "type": "Point",
        "coordinates": [
          135.873728,
          35.143382
        ]
      },
      "properties": {
        "NO": "468",
        "共通ID": "E2520100007111",
        "施設・場所名": "伊香立児童クラブ",
        "住所": "滋賀県大津市伊香立下在地町1222-1",
        "指定緊急避難場所との住所同一": "1",
        "その他市町村長が必要と認める事項": null,
        "受入対象者": null,
        "備考": ""
      }
    },
    {
      "type": "Feature",
      "geometry": {
        "type": "Point",
        "coordinates": [
          135.878319,
          35.149543
        ]
      },
      "properties": {
        "NO": "469",
        "共通ID": "E2520100008111",
        "施設・場所名": "伊香立中学校体育館",
        "住所": "滋賀県大津市伊香立下在地町414",
        "指定緊急避難場所との住所同一": "1",
        "その他市町村長が必要と認める事項": null,
        "受入対象者": null,
        "備考": ""
      }
    },
    {
      "type": "Feature",
      "geometry": {
        "type": "Point",
        "coordinates": [
          135.893777,
          35.15022
        ]
      },
      "properties": {
        "NO": "470",
        "共通ID": "E2520100010111",
        "施設・場所名": "伊香立ふれあいセンター",
        "住所": "滋賀県大津市伊香立下龍華町584-157",
        "指定緊急避難場所との住所同一": "1",
        "その他市町村長が必要と認める事項": null,
        "受入対象者": null,
        "備考": ""
      }
    },
    {
      "type": "Feature",
      "geometry": {
        "type": "Point",
        "coordinates": [
          135.89405,
          35.149966
        ]
      },
      "properties": {
        "NO": "471",
        "共通ID": "E2520100010112",
        "施設・場所名": "伊香立児童館",
        "住所": "滋賀県大津市伊香立下龍華町584-157",
        "指定緊急避難場所との住所同一": "1",
        "その他市町村長が必要と認める事項": null,
        "受入対象者": null,
        "備考": ""
      }
    },
    {
      "type": "Feature",
      "geometry": {
        "type": "Point",
        "coordinates": [
          135.88913,
          35.135193
        ]
      },
      "properties": {
        "NO": "472",
        "共通ID": "E2520100011122",
        "施設・場所名": "滋賀県立北大津養護学校体育館",
        "住所": "滋賀県大津市伊香立向在地町25",
        "指定緊急避難場所との住所同一": "",
        "その他市町村長が必要と認める事項": null,
        "受入対象者": "在校生及び卒業生等のうち、あらかじめ市長が指定した者",
        "備考": ""
      }
    },
    {
      "type": "Feature",
      "geometry": {
        "type": "Point",
        "coordinates": [
          135.872161,
          35.142336
        ]
      },
      "properties": {
        "NO": "473",
        "共通ID": "E2520100012111",
        "施設・場所名": "伊香立小学校体育館",
        "住所": "滋賀県大津市伊香立生津町132-1",
        "指定緊急避難場所との住所同一": "1",
        "その他市町村長が必要と認める事項": null,
        "受入対象者": null,
        "備考": ""
      }
    },
    {
      "type": "Feature",
      "geometry": {
        "type": "Point",
        "coordinates": [
          135.872606,
          35.142261
        ]
      },
      "properties": {
        "NO": "474",
        "共通ID": "E2520100013111",
        "施設・場所名": "伊香立市民センター",
        "住所": "滋賀県大津市伊香立生津町133-1",
        "指定緊急避難場所との住所同一": "1",
        "その他市町村長が必要と認める事項": null,
        "受入対象者": null,
        "備考": ""
      }
    },
    {
      "type": "Feature",
      "geometry": {
        "type": "Point",
        "coordinates": [
          135.929775,
          34.9842
        ]
      },
      "properties": {
        "NO": "475",
        "共通ID": "E2520100014111",
        "施設・場所名": "瀬田東幼稚園",
        "住所": "滋賀県大津市一里山2-20-1",
        "指定緊急避難場所との住所同一": "1",
        "その他市町村長が必要と認める事項": null,
        "受入対象者": null,
        "備考": ""
      }
    },
    {
      "type": "Feature",
      "geometry": {
        "type": "Point",
        "coordinates": [
          135.930627,
          34.982466
        ]
      },
      "properties": {
        "NO": "476",
        "共通ID": "E2520100015111",
        "施設・場所名": "瀬田東小学校体育館",
        "住所": "滋賀県大津市一里山2-20-2",
        "指定緊急避難場所との住所同一": "1",
        "その他市町村長が必要と認める事項": null,
        "受入対象者": null,
        "備考": ""
      }
    },
    {
      "type": "Feature",
      "geometry": {
        "type": "Point",
        "coordinates": [
          135.934665,
          34.985079
        ]
      },
      "properties": {
        "NO": "477",
        "共通ID": "E2520100017111",
        "施設・場所名": "一里山公園緑のふれあいセンター",
        "住所": "滋賀県大津市一里山3-16-1",
        "指定緊急避難場所との住所同一": "1",
        "その他市町村長が必要と認める事項": null,
        "受入対象者": null,
        "備考": ""
      }
    },
    {
      "type": "Feature",
      "geometry": {
        "type": "Point",
        "coordinates": [
          135.934466,
          34.984807
        ]
      },
      "properties": {
        "NO": "478",
        "共通ID": "E2520100017112",
        "施設・場所名": "瀬田東市民センター",
        "住所": "滋賀県大津市一里山3-16-1",
        "指定緊急避難場所との住所同一": "1",
        "その他市町村長が必要と認める事項": null,
        "受入対象者": null,
        "備考": ""
      }
    },
    {
      "type": "Feature",
      "geometry": {
        "type": "Point",
        "coordinates": [
          135.935979,
          34.9846
        ]
      },
      "properties": {
        "NO": "479",
        "共通ID": "E2520100018121",
        "施設・場所名": "瀬田東児童クラブ",
        "住所": "滋賀県大津市一里山3-4-1",
        "指定緊急避難場所との住所同一": "",
        "その他市町村長が必要と認める事項": null,
        "受入対象者": "要配慮者",
        "備考": ""
      }
    },
    {
      "type": "Feature",
      "geometry": {
        "type": "Point",
        "coordinates": [
          135.938512,
          34.976618
        ]
      },
      "properties": {
        "NO": "480",
        "共通ID": "E2520100019111",
        "施設・場所名": "瀬田公園体育館",
        "住所": "滋賀県大津市一里山6-9",
        "指定緊急避難場所との住所同一": "1",
        "その他市町村長が必要と認める事項": null,
        "受入対象者": null,
        "備考": ""
      }
    },
    {
      "type": "Feature",
      "geometry": {
        "type": "Point",
        "coordinates": [
          135.914563,
          34.9469
        ]
      },
      "properties": {
        "NO": "481",
        "共通ID": "E2520100021111",
        "施設・場所名": "田上市民体育館",
        "住所": "滋賀県大津市稲津1-10-18",
        "指定緊急避難場所との住所同一": "1",
        "その他市町村長が必要と認める事項": null,
        "受入対象者": null,
        "備考": ""
      }
    },
    {
      "type": "Feature",
      "geometry": {
        "type": "Point",
        "coordinates": [
          135.914837,
          34.946939
        ]
      },
      "properties": {
        "NO": "482",
        "共通ID": "E2520100022111",
        "施設・場所名": "南ふれあいセンター",
        "住所": "滋賀県大津市稲津1-10-20",
        "指定緊急避難場所との住所同一": "1",
        "その他市町村長が必要と認める事項": null,
        "受入対象者": null,
        "備考": ""
      }
    },
    {
      "type": "Feature",
      "geometry": {
        "type": "Point",
        "coordinates": [
          135.913557,
          34.946373
        ]
      },
      "properties": {
        "NO": "483",
        "共通ID": "E2520100024111",
        "施設・場所名": "田上児童館",
        "住所": "滋賀県大津市稲津1-14-30",
        "指定緊急避難場所との住所同一": "1",
        "その他市町村長が必要と認める事項": null,
        "受入対象者": null,
        "備考": ""
      }
    },
    {
      "type": "Feature",
      "geometry": {
        "type": "Point",
        "coordinates": [
          135.913581,
          34.946554
        ]
      },
      "properties": {
        "NO": "484",
        "共通ID": "E2520100267111",
        "施設・場所名": "田上老人憩の家",
        "住所": "滋賀県大津市稲津1-14-32",
        "指定緊急避難場所との住所同一": "",
        "その他市町村長が必要と認める事項": "",
        "受入対象者": "",
        "備考": ""
      }
    },
    {
      "type": "Feature",
      "geometry": {
        "type": "Point",
        "coordinates": [
          135.886039,
          34.98061
        ]
      },
      "properties": {
        "NO": "485",
        "共通ID": "E2520100028111",
        "施設・場所名": "富士見市民センター",
        "住所": "滋賀県大津市園山2-15-33",
        "指定緊急避難場所との住所同一": "1",
        "その他市町村長が必要と認める事項": null,
        "受入対象者": null,
        "備考": ""
      }
    },
    {
      "type": "Feature",
      "geometry": {
        "type": "Point",
        "coordinates": [
          135.832877,
          34.993044
        ]
      },
      "properties": {
        "NO": "486",
        "共通ID": "E2520100029111",
        "施設・場所名": "藤尾市民センター",
        "住所": "滋賀県大津市横木2-4-1",
        "指定緊急避難場所との住所同一": "1",
        "その他市町村長が必要と認める事項": null,
        "受入対象者": null,
        "備考": ""
      }
    },
    {
      "type": "Feature",
      "geometry": {
        "type": "Point",
        "coordinates": [
          135.864381,
          35.001912
        ]
      },
      "properties": {
        "NO": "487",
        "共通ID": "E2520100030111",
        "施設・場所名": "逢坂小学校体育館",
        "住所": "滋賀県大津市音羽台6-1",
        "指定緊急避難場所との住所同一": "1",
        "その他市町村長が必要と認める事項": null,
        "受入対象者": null,
        "備考": ""
      }
    },
    {
      "type": "Feature",
      "geometry": {
        "type": "Point",
        "coordinates": [
          135.863797,
          35.001955
        ]
      },
      "properties": {
        "NO": "488",
        "共通ID": "E2520100031111",
        "施設・場所名": "逢坂幼稚園",
        "住所": "滋賀県大津市音羽台6-2",
        "指定緊急避難場所との住所同一": "1",
        "その他市町村長が必要と認める事項": null,
        "受入対象者": null,
        "備考": ""
      }
    },
    {
      "type": "Feature",
      "geometry": {
        "type": "Point",
        "coordinates": [
          135.86598,
          35.001557
        ]
      },
      "properties": {
        "NO": "489",
        "共通ID": "E2520100032121",
        "施設・場所名": "逢坂保育園",
        "住所": "滋賀県大津市音羽台6-20",
        "指定緊急避難場所との住所同一": "1",
        "その他市町村長が必要と認める事項": null,
        "受入対象者": "妊産婦・乳幼児",
        "備考": ""
      }
    },
    {
      "type": "Feature",
      "geometry": {
        "type": "Point",
        "coordinates": [
          135.876223,
          35.062361
        ]
      },
      "properties": {
        "NO": "490",
        "共通ID": "E2520100033111",
        "施設・場所名": "下阪本市民センター",
        "住所": "滋賀県大津市下阪本3-14-30",
        "指定緊急避難場所との住所同一": "1",
        "その他市町村長が必要と認める事項": null,
        "受入対象者": null,
        "備考": ""
      }
    },
    {
      "type": "Feature",
      "geometry": {
        "type": "Point",
        "coordinates": [
          135.877092,
          35.062822
        ]
      },
      "properties": {
        "NO": "491",
        "共通ID": "E2520100034111",
        "施設・場所名": "下阪本小学校体育館",
        "住所": "滋賀県大津市下阪本4-10-1",
        "指定緊急避難場所との住所同一": "1",
        "その他市町村長が必要と認める事項": null,
        "受入対象者": null,
        "備考": ""
      }
    },
    {
      "type": "Feature",
      "geometry": {
        "type": "Point",
        "coordinates": [
          135.876401,
          35.064952
        ]
      },
      "properties": {
        "NO": "492",
        "共通ID": "E2520100035111",
        "施設・場所名": "下阪本幼稚園",
        "住所": "滋賀県大津市下阪本4-15-12",
        "指定緊急避難場所との住所同一": "1",
        "その他市町村長が必要と認める事項": null,
        "受入対象者": null,
        "備考": ""
      }
    },
    {
      "type": "Feature",
      "geometry": {
        "type": "Point",
        "coordinates": [
          135.879115,
          35.068737
        ]
      },
      "properties": {
        "NO": "493",
        "共通ID": "E2520100037111",
        "施設・場所名": "日吉中学校体育館",
        "住所": "滋賀県大津市下阪本6-38-26",
        "指定緊急避難場所との住所同一": "1",
        "その他市町村長が必要と認める事項": null,
        "受入対象者": null,
        "備考": ""
      }
    },
    {
      "type": "Feature",
      "geometry": {
        "type": "Point",
        "coordinates": [
          135.879692,
          35.069804
        ]
      },
      "properties": {
        "NO": "494",
        "共通ID": "E2520100037113",
        "施設・場所名": "日吉中学校格技場（西）",
        "住所": "滋賀県大津市下阪本6-38-26",
        "指定緊急避難場所との住所同一": "1",
        "その他市町村長が必要と認める事項": null,
        "受入対象者": null,
        "備考": ""
      }
    },
    {
      "type": "Feature",
      "geometry": {
        "type": "Point",
        "coordinates": [
          135.879919,
          35.0697
        ]
      },
      "properties": {
        "NO": "495",
        "共通ID": "E2520100037112",
        "施設・場所名": "日吉中学校武道場（東）",
        "住所": "滋賀県大津市下阪本6-38-26",
        "指定緊急避難場所との住所同一": "1",
        "その他市町村長が必要と認める事項": null,
        "受入対象者": null,
        "備考": ""
      }
    },
    {
      "type": "Feature",
      "geometry": {
        "type": "Point",
        "coordinates": [
          135.916161,
          35.138978
        ]
      },
      "properties": {
        "NO": "496",
        "共通ID": "E2520100039111",
        "施設・場所名": "麗湖こども園",
        "住所": "滋賀県大津市花園町13-36",
        "指定緊急避難場所との住所同一": "1",
        "その他市町村長が必要と認める事項": null,
        "受入対象者": null,
        "備考": ""
      }
    },
    {
      "type": "Feature",
      "geometry": {
        "type": "Point",
        "coordinates": [
          135.862594,
          35.234127
        ]
      },
      "properties": {
        "NO": "497",
        "共通ID": "E2520100040111",
        "施設・場所名": "葛川中学校校舎",
        "住所": "滋賀県大津市葛川中村町108-1",
        "指定緊急避難場所との住所同一": "1",
        "その他市町村長が必要と認める事項": null,
        "受入対象者": null,
        "備考": ""
      }
    },
    {
      "type": "Feature",
      "geometry": {
        "type": "Point",
        "coordinates": [
          135.862508,
          35.233855
        ]
      },
      "properties": {
        "NO": "498",
        "共通ID": "E2520100040112",
        "施設・場所名": "葛川小学校校舎",
        "住所": "滋賀県大津市葛川中村町108-1",
        "指定緊急避難場所との住所同一": "1",
        "その他市町村長が必要と認める事項": null,
        "受入対象者": null,
        "備考": ""
      }
    },
    {
      "type": "Feature",
      "geometry": {
        "type": "Point",
        "coordinates": [
          135.866553,
          35.246674
        ]
      },
      "properties": {
        "NO": "499",
        "共通ID": "E2520100041111",
        "施設・場所名": "葛川市民センター",
        "住所": "滋賀県大津市葛川坊村町237-37",
        "指定緊急避難場所との住所同一": "1",
        "その他市町村長が必要と認める事項": null,
        "受入対象者": null,
        "備考": ""
      }
    },
    {
      "type": "Feature",
      "geometry": {
        "type": "Point",
        "coordinates": [
          135.86585,
          35.24421
        ]
      },
      "properties": {
        "NO": "500",
        "共通ID": "E2520100042111",
        "施設・場所名": "葛川少年自然の家",
        "住所": "滋賀県大津市葛川坊村町243",
        "指定緊急避難場所との住所同一": "1",
        "その他市町村長が必要と認める事項": null,
        "受入対象者": null,
        "備考": ""
      }
    },
    {
      "type": "Feature",
      "geometry": {
        "type": "Point",
        "coordinates": [
          135.857787,
          35.034819
        ]
      },
      "properties": {
        "NO": "501",
        "共通ID": "E2520100043111",
        "施設・場所名": "志賀幼稚園",
        "住所": "滋賀県大津市勧学1-8-1",
        "指定緊急避難場所との住所同一": "1",
        "その他市町村長が必要と認める事項": null,
        "受入対象者": null,
        "備考": ""
      }
    },
    {
      "type": "Feature",
      "geometry": {
        "type": "Point",
        "coordinates": [
          135.929387,
          34.933887
        ]
      },
      "properties": {
        "NO": "502",
        "共通ID": "E2520100044121",
        "施設・場所名": "田上児童クラブ",
        "住所": "滋賀県大津市関津6-19-1",
        "指定緊急避難場所との住所同一": "",
        "その他市町村長が必要と認める事項": null,
        "受入対象者": "要配慮者",
        "備考": ""
      }
    },
    {
      "type": "Feature",
      "geometry": {
        "type": "Point",
        "coordinates": [
          135.929687,
          34.934163
        ]
      },
      "properties": {
        "NO": "503",
        "共通ID": "E2520100045111",
        "施設・場所名": "田上幼稚園",
        "住所": "滋賀県大津市関津6-19-8",
        "指定緊急避難場所との住所同一": "1",
        "その他市町村長が必要と認める事項": null,
        "受入対象者": null,
        "備考": ""
      }
    },
    {
      "type": "Feature",
      "geometry": {
        "type": "Point",
        "coordinates": [
          135.865508,
          35.004342
        ]
      },
      "properties": {
        "NO": "504",
        "共通ID": "E2520100046111",
        "施設・場所名": "逢坂市民センター",
        "住所": "滋賀県大津市京町3-1-3",
        "指定緊急避難場所との住所同一": "1",
        "その他市町村長が必要と認める事項": null,
        "受入対象者": null,
        "備考": ""
      }
    },
    {
      "type": "Feature",
      "geometry": {
        "type": "Point",
        "coordinates": [
          135.882188,
          35.108111
        ]
      },
      "properties": {
        "NO": "505",
        "共通ID": "E2520100048111",
        "施設・場所名": "仰木市民センター",
        "住所": "滋賀県大津市仰木4-15-11",
        "指定緊急避難場所との住所同一": "1",
        "その他市町村長が必要と認める事項": null,
        "受入対象者": null,
        "備考": ""
      }
    },
    {
      "type": "Feature",
      "geometry": {
        "type": "Point",
        "coordinates": [
          135.881738,
          35.108704
        ]
      },
      "properties": {
        "NO": "506",
        "共通ID": "E2520100049111",
        "施設・場所名": "仰木小学校体育館",
        "住所": "滋賀県大津市仰木4-15-8",
        "指定緊急避難場所との住所同一": "1",
        "その他市町村長が必要と認める事項": null,
        "受入対象者": null,
        "備考": ""
      }
    },
    {
      "type": "Feature",
      "geometry": {
        "type": "Point",
        "coordinates": [
          135.880263,
          35.108239
        ]
      },
      "properties": {
        "NO": "507",
        "共通ID": "E2520100050111",
        "施設・場所名": "仰木太鼓会館",
        "住所": "滋賀県大津市仰木4-2-50",
        "指定緊急避難場所との住所同一": "1",
        "その他市町村長が必要と認める事項": null,
        "受入対象者": null,
        "備考": ""
      }
    },
    {
      "type": "Feature",
      "geometry": {
        "type": "Point",
        "coordinates": [
          135.892826,
          35.103009
        ]
      },
      "properties": {
        "NO": "508",
        "共通ID": "E2520100051111",
        "施設・場所名": "滋賀県立北大津高校体育館",
        "住所": "滋賀県大津市仰木の里1-23-1",
        "指定緊急避難場所との住所同一": "1",
        "その他市町村長が必要と認める事項": null,
        "受入対象者": null,
        "備考": ""
      }
    },
    {
      "type": "Feature",
      "geometry": {
        "type": "Point",
        "coordinates": [
          135.887669,
          35.102368
        ]
      },
      "properties": {
        "NO": "509",
        "共通ID": "E2520100053111",
        "施設・場所名": "認定こども園はぐくみの家　仰木星の子",
        "住所": "滋賀県大津市仰木の里1-28-1",
        "指定緊急避難場所との住所同一": "1",
        "その他市町村長が必要と認める事項": null,
        "受入対象者": null,
        "備考": ""
      }
    },
    {
      "type": "Feature",
      "geometry": {
        "type": "Point",
        "coordinates": [
          135.887911,
          35.105621
        ]
      },
      "properties": {
        "NO": "510",
        "共通ID": "E2520100054111",
        "施設・場所名": "仰木の里幼稚園",
        "住所": "滋賀県大津市仰木の里3-10-1",
        "指定緊急避難場所との住所同一": "1",
        "その他市町村長が必要と認める事項": null,
        "受入対象者": null,
        "備考": ""
      }
    },
    {
      "type": "Feature",
      "geometry": {
        "type": "Point",
        "coordinates": [
          135.891559,
          35.107158
        ]
      },
      "properties": {
        "NO": "511",
        "共通ID": "E2520100055111",
        "施設・場所名": "仰木の里小学校体育館",
        "住所": "滋賀県大津市仰木の里4-4-1",
        "指定緊急避難場所との住所同一": "1",
        "その他市町村長が必要と認める事項": "",
        "受入対象者": "",
        "備考": ""
      }
    },
    {
      "type": "Feature",
      "geometry": {
        "type": "Point",
        "coordinates": [
          135.892204,
          35.107229
        ]
      },
      "properties": {
        "NO": "512",
        "共通ID": "E2520100055121",
        "施設・場所名": "仰木の里児童クラブ",
        "住所": "滋賀県大津市仰木の里4-4-1",
        "指定緊急避難場所との住所同一": "1",
        "その他市町村長が必要と認める事項": "",
        "受入対象者": "要配慮者",
        "備考": ""
      }
    },
    {
      "type": "Feature",
      "geometry": {
        "type": "Point",
        "coordinates": [
          135.889592,
          35.108334
        ]
      },
      "properties": {
        "NO": "513",
        "共通ID": "E2520100056112",
        "施設・場所名": "仰木中学校武道場",
        "住所": "滋賀県大津市仰木の里5-1-1",
        "指定緊急避難場所との住所同一": "1",
        "その他市町村長が必要と認める事項": null,
        "受入対象者": null,
        "備考": ""
      }
    },
    {
      "type": "Feature",
      "geometry": {
        "type": "Point",
        "coordinates": [
          135.889589,
          35.108358
        ]
      },
      "properties": {
        "NO": "514",
        "共通ID": "E2520100056111",
        "施設・場所名": "仰木中学校体育館",
        "住所": "滋賀県大津市仰木の里5-1-1",
        "指定緊急避難場所との住所同一": "1",
        "その他市町村長が必要と認める事項": null,
        "受入対象者": null,
        "備考": ""
      }
    },
    {
      "type": "Feature",
      "geometry": {
        "type": "Point",
        "coordinates": [
          135.894166,
          35.10908
        ]
      },
      "properties": {
        "NO": "515",
        "共通ID": "E2520100057111",
        "施設・場所名": "仰木の里市民センター",
        "住所": "滋賀県大津市仰木の里7-1-25",
        "指定緊急避難場所との住所同一": "1",
        "その他市町村長が必要と認める事項": null,
        "受入対象者": null,
        "備考": ""
      }
    },
    {
      "type": "Feature",
      "geometry": {
        "type": "Point",
        "coordinates": [
          135.898636,
          35.102655
        ]
      },
      "properties": {
        "NO": "516",
        "共通ID": "E2520100059111",
        "施設・場所名": "せんだん保育園",
        "住所": "滋賀県大津市仰木の里東2-2-5",
        "指定緊急避難場所との住所同一": "1",
        "その他市町村長が必要と認める事項": null,
        "受入対象者": null,
        "備考": ""
      }
    },
    {
      "type": "Feature",
      "geometry": {
        "type": "Point",
        "coordinates": [
          135.901407,
          35.109346
        ]
      },
      "properties": {
        "NO": "517",
        "共通ID": "E2520100060111",
        "施設・場所名": "仰木の里東小学校体育館",
        "住所": "滋賀県大津市仰木の里東6-1-1",
        "指定緊急避難場所との住所同一": "1",
        "その他市町村長が必要と認める事項": null,
        "受入対象者": null,
        "備考": ""
      }
    },
    {
      "type": "Feature",
      "geometry": {
        "type": "Point",
        "coordinates": [
          135.899423,
          35.109373
        ]
      },
      "properties": {
        "NO": "518",
        "共通ID": "E2520100061111",
        "施設・場所名": "仰木の里東幼稚園",
        "住所": "滋賀県大津市仰木の里東6-4-1",
        "指定緊急避難場所との住所同一": "1",
        "その他市町村長が必要と認める事項": null,
        "受入対象者": null,
        "備考": ""
      }
    },
    {
      "type": "Feature",
      "geometry": {
        "type": "Point",
        "coordinates": [
          135.908141,
          34.980884
        ]
      },
      "properties": {
        "NO": "519",
        "共通ID": "E2520100062121",
        "施設・場所名": "東老人福祉センター",
        "住所": "滋賀県大津市玉野浦6-33",
        "指定緊急避難場所との住所同一": "",
        "その他市町村長が必要と認める事項": null,
        "受入対象者": "要配慮者",
        "備考": ""
      }
    },
    {
      "type": "Feature",
      "geometry": {
        "type": "Point",
        "coordinates": [
          135.855241,
          35.030559
        ]
      },
      "properties": {
        "NO": "520",
        "共通ID": "E2520100063121",
        "施設・場所名": "志賀児童クラブ",
        "住所": "滋賀県大津市錦織2-9-29",
        "指定緊急避難場所との住所同一": "",
        "その他市町村長が必要と認める事項": null,
        "受入対象者": "要配慮者",
        "備考": ""
      }
    },
    {
      "type": "Feature",
      "geometry": {
        "type": "Point",
        "coordinates": [
          135.858578,
          35.030269
        ]
      },
      "properties": {
        "NO": "521",
        "共通ID": "E2520100269121",
        "施設・場所名": "特別養護老人ホームひかりの里",
        "住所": "滋賀県大津市錦織3-10-27",
        "指定緊急避難場所との住所同一": "",
        "その他市町村長が必要と認める事項": "",
        "受入対象者": "高齢者のうち、あらかじめ市長が指定した者",
        "備考": ""
      }
    },
    {
      "type": "Feature",
      "geometry": {
        "type": "Point",
        "coordinates": [
          135.911359,
          35.111943
        ]
      },
      "properties": {
        "NO": "522",
        "共通ID": "E2520100066111",
        "施設・場所名": "北部地域文化センター",
        "住所": "滋賀県大津市堅田2-1-11",
        "指定緊急避難場所との住所同一": "1",
        "その他市町村長が必要と認める事項": null,
        "受入対象者": null,
        "備考": ""
      }
    },
    {
      "type": "Feature",
      "geometry": {
        "type": "Point",
        "coordinates": [
          135.922282,
          35.141954
        ]
      },
      "properties": {
        "NO": "523",
        "共通ID": "E2520100068111",
        "施設・場所名": "小野市民センター",
        "住所": "滋賀県大津市湖青1-1-2",
        "指定緊急避難場所との住所同一": "1",
        "その他市町村長が必要と認める事項": null,
        "受入対象者": null,
        "備考": ""
      }
    },
    {
      "type": "Feature",
      "geometry": {
        "type": "Point",
        "coordinates": [
          135.853609,
          35.016159
        ]
      },
      "properties": {
        "NO": "524",
        "共通ID": "E2520100069111",
        "施設・場所名": "滋賀県立大津商業高校体育館",
        "住所": "滋賀県大津市御陵町2-1",
        "指定緊急避難場所との住所同一": "1",
        "その他市町村長が必要と認める事項": null,
        "受入対象者": null,
        "備考": ""
      }
    },
    {
      "type": "Feature",
      "geometry": {
        "type": "Point",
        "coordinates": [
          135.852804,
          35.015984
        ]
      },
      "properties": {
        "NO": "525",
        "共通ID": "E2520100070111",
        "施設・場所名": "市民文化会館",
        "住所": "滋賀県大津市御陵町2-3",
        "指定緊急避難場所との住所同一": "1",
        "その他市町村長が必要と認める事項": null,
        "受入対象者": null,
        "備考": ""
      }
    },
    {
      "type": "Feature",
      "geometry": {
        "type": "Point",
        "coordinates": [
          135.855779,
          35.021506
        ]
      },
      "properties": {
        "NO": "526",
        "共通ID": "E2520100072111",
        "施設・場所名": "県立スポーツ会館",
        "住所": "滋賀県大津市御陵町4-1",
        "指定緊急避難場所との住所同一": "1",
        "その他市町村長が必要と認める事項": null,
        "受入対象者": null,
        "備考": ""
      }
    },
    {
      "type": "Feature",
      "geometry": {
        "type": "Point",
        "coordinates": [
          135.898313,
          34.972084
        ]
      },
      "properties": {
        "NO": "527",
        "共通ID": "E2520100073111",
        "施設・場所名": "晴嵐小学校体育館",
        "住所": "滋賀県大津市光が丘町4-70",
        "指定緊急避難場所との住所同一": "1",
        "その他市町村長が必要と認める事項": null,
        "受入対象者": null,
        "備考": ""
      }
    },
    {
      "type": "Feature",
      "geometry": {
        "type": "Point",
        "coordinates": [
          135.897589,
          34.971445
        ]
      },
      "properties": {
        "NO": "528",
        "共通ID": "E2520100074121",
        "施設・場所名": "晴嵐保育園",
        "住所": "滋賀県大津市光が丘町5-10",
        "指定緊急避難場所との住所同一": "1",
        "その他市町村長が必要と認める事項": null,
        "受入対象者": "妊産婦・乳幼児",
        "備考": ""
      }
    },
    {
      "type": "Feature",
      "geometry": {
        "type": "Point",
        "coordinates": [
          135.917468,
          35.137713
        ]
      },
      "properties": {
        "NO": "529",
        "共通ID": "E2520100075111",
        "施設・場所名": "真野保育園",
        "住所": "滋賀県大津市向陽町4-2",
        "指定緊急避難場所との住所同一": "1",
        "その他市町村長が必要と認める事項": null,
        "受入対象者": null,
        "備考": ""
      }
    },
    {
      "type": "Feature",
      "geometry": {
        "type": "Point",
        "coordinates": [
          135.854544,
          35.023846
        ]
      },
      "properties": {
        "NO": "530",
        "共通ID": "E2520100077111",
        "施設・場所名": "皇子が丘公園体育館",
        "住所": "滋賀県大津市皇子が丘1-1-1",
        "指定緊急避難場所との住所同一": "1",
        "その他市町村長が必要と認める事項": null,
        "受入対象者": null,
        "備考": ""
      }
    },
    {
      "type": "Feature",
      "geometry": {
        "type": "Point",
        "coordinates": [
          135.852203,
          35.024637
        ]
      },
      "properties": {
        "NO": "531",
        "共通ID": "E2520100078111",
        "施設・場所名": "皇子が丘公園第二体育館",
        "住所": "滋賀県大津市皇子が丘1-1-50",
        "指定緊急避難場所との住所同一": "1",
        "その他市町村長が必要と認める事項": "",
        "受入対象者": "",
        "備考": ""
      }
    },
    {
      "type": "Feature",
      "geometry": {
        "type": "Point",
        "coordinates": [
          135.852519,
          35.026576
        ]
      },
      "properties": {
        "NO": "532",
        "共通ID": "E2520100079121",
        "施設・場所名": "皇子が丘保育園",
        "住所": "滋賀県大津市皇子が丘1-20-20",
        "指定緊急避難場所との住所同一": "1",
        "その他市町村長が必要と認める事項": null,
        "受入対象者": "妊産婦・乳幼児",
        "備考": ""
      }
    },
    {
      "type": "Feature",
      "geometry": {
        "type": "Point",
        "coordinates": [
          135.92736,
          35.206065
        ]
      },
      "properties": {
        "NO": "533",
        "共通ID": "E2520100081111",
        "施設・場所名": "木戸小学校体育館",
        "住所": "滋賀県大津市荒川1000",
        "指定緊急避難場所との住所同一": "1",
        "その他市町村長が必要と認める事項": null,
        "受入対象者": null,
        "備考": ""
      }
    },
    {
      "type": "Feature",
      "geometry": {
        "type": "Point",
        "coordinates": [
          135.928453,
          35.206101
        ]
      },
      "properties": {
        "NO": "534",
        "共通ID": "E2520100082111",
        "施設・場所名": "志賀北幼稚園",
        "住所": "滋賀県大津市荒川880",
        "指定緊急避難場所との住所同一": "1",
        "その他市町村長が必要と認める事項": null,
        "受入対象者": null,
        "備考": ""
      }
    },
    {
      "type": "Feature",
      "geometry": {
        "type": "Point",
        "coordinates": [
          135.857319,
          35.04073
        ]
      },
      "properties": {
        "NO": "535",
        "共通ID": "E2520100083121",
        "施設・場所名": "第二松の実保育園",
        "住所": "滋賀県大津市高砂町15-9",
        "指定緊急避難場所との住所同一": "",
        "その他市町村長が必要と認める事項": null,
        "受入対象者": "妊産婦・乳幼児",
        "備考": ""
      }
    },
    {
      "type": "Feature",
      "geometry": {
        "type": "Point",
        "coordinates": [
          135.896244,
          34.968416
        ]
      },
      "properties": {
        "NO": "536",
        "共通ID": "E2520100084111",
        "施設・場所名": "滋賀県立石山高校体育館",
        "住所": "滋賀県大津市国分1-15-1",
        "指定緊急避難場所との住所同一": "1",
        "その他市町村長が必要と認める事項": null,
        "受入対象者": null,
        "備考": ""
      }
    },
    {
      "type": "Feature",
      "geometry": {
        "type": "Point",
        "coordinates": [
          135.91172,
          34.940418
        ]
      },
      "properties": {
        "NO": "537",
        "共通ID": "E2520100085121",
        "施設・場所名": "水のめぐみ館",
        "住所": "滋賀県大津市黒津4-2-2",
        "指定緊急避難場所との住所同一": "",
        "その他市町村長が必要と認める事項": null,
        "受入対象者": "要配慮者",
        "備考": ""
      }
    },
    {
      "type": "Feature",
      "geometry": {
        "type": "Point",
        "coordinates": [
          135.865423,
          35.04358
        ]
      },
      "properties": {
        "NO": "538",
        "共通ID": "E2520100087111",
        "施設・場所名": "唐崎幼稚園",
        "住所": "滋賀県大津市際川3-38-2",
        "指定緊急避難場所との住所同一": "1",
        "その他市町村長が必要と認める事項": null,
        "受入対象者": null,
        "備考": ""
      }
    },
    {
      "type": "Feature",
      "geometry": {
        "type": "Point",
        "coordinates": [
          135.865773,
          35.043946
        ]
      },
      "properties": {
        "NO": "539",
        "共通ID": "E2520100087121",
        "施設・場所名": "唐崎児童クラブ",
        "住所": "滋賀県大津市際川3-38-2",
        "指定緊急避難場所との住所同一": "1",
        "その他市町村長が必要と認める事項": "",
        "受入対象者": "要配慮者",
        "備考": ""
      }
    },
    {
      "type": "Feature",
      "geometry": {
        "type": "Point",
        "coordinates": [
          135.867102,
          35.044771
        ]
      },
      "properties": {
        "NO": "540",
        "共通ID": "E2520100088111",
        "施設・場所名": "唐崎小学校体育館",
        "住所": "滋賀県大津市際川4-7-1",
        "指定緊急避難場所との住所同一": "1",
        "その他市町村長が必要と認める事項": null,
        "受入対象者": null,
        "備考": ""
      }
    },
    {
      "type": "Feature",
      "geometry": {
        "type": "Point",
        "coordinates": [
          135.873103,
          35.069205
        ]
      },
      "properties": {
        "NO": "541",
        "共通ID": "E2520100090111",
        "施設・場所名": "坂本小学校体育館",
        "住所": "滋賀県大津市坂本3-12-57",
        "指定緊急避難場所との住所同一": "1",
        "その他市町村長が必要と認める事項": null,
        "受入対象者": null,
        "備考": ""
      }
    },
    {
      "type": "Feature",
      "geometry": {
        "type": "Point",
        "coordinates": [
          135.86467,
          35.069951
        ]
      },
      "properties": {
        "NO": "542",
        "共通ID": "E2520100091111",
        "施設・場所名": "比叡山高等学校体育館",
        "住所": "滋賀県大津市坂本4-3-1",
        "指定緊急避難場所との住所同一": "1",
        "その他市町村長が必要と認める事項": "",
        "受入対象者": "",
        "備考": ""
      }
    },
    {
      "type": "Feature",
      "geometry": {
        "type": "Point",
        "coordinates": [
          135.86467,
          35.069951
        ]
      },
      "properties": {
        "NO": "543",
        "共通ID": "E2520100091112",
        "施設・場所名": "比叡山高等学校本館",
        "住所": "滋賀県大津市坂本4-3-1",
        "指定緊急避難場所との住所同一": "1",
        "その他市町村長が必要と認める事項": "",
        "受入対象者": "",
        "備考": ""
      }
    },
    {
      "type": "Feature",
      "geometry": {
        "type": "Point",
        "coordinates": [
          135.867379,
          35.07065
        ]
      },
      "properties": {
        "NO": "544",
        "共通ID": "E2520100092111",
        "施設・場所名": "比叡山中学校体育館",
        "住所": "滋賀県大津市坂本4-5",
        "指定緊急避難場所との住所同一": "1",
        "その他市町村長が必要と認める事項": null,
        "受入対象者": null,
        "備考": ""
      }
    },
    {
      "type": "Feature",
      "geometry": {
        "type": "Point",
        "coordinates": [
          135.871228,
          35.071725
        ]
      },
      "properties": {
        "NO": "545",
        "共通ID": "E2520100094111",
        "施設・場所名": "坂本市民格技場",
        "住所": "滋賀県大津市坂本6-1-11",
        "指定緊急避難場所との住所同一": "1",
        "その他市町村長が必要と認める事項": null,
        "受入対象者": null,
        "備考": ""
      }
    },
    {
      "type": "Feature",
      "geometry": {
        "type": "Point",
        "coordinates": [
          135.87082,
          35.0719
        ]
      },
      "properties": {
        "NO": "546",
        "共通ID": "E2520100095111",
        "施設・場所名": "坂本幼稚園",
        "住所": "滋賀県大津市坂本6-1-12",
        "指定緊急避難場所との住所同一": "1",
        "その他市町村長が必要と認める事項": null,
        "受入対象者": null,
        "備考": ""
      }
    },
    {
      "type": "Feature",
      "geometry": {
        "type": "Point",
        "coordinates": [
          135.870772,
          35.071408
        ]
      },
      "properties": {
        "NO": "547",
        "共通ID": "E2520100095112",
        "施設・場所名": "坂本市民センター",
        "住所": "滋賀県大津市坂本6-1-12",
        "指定緊急避難場所との住所同一": "1",
        "その他市町村長が必要と認める事項": null,
        "受入対象者": null,
        "備考": ""
      }
    },
    {
      "type": "Feature",
      "geometry": {
        "type": "Point",
        "coordinates": [
          135.87472,
          35.077087
        ]
      },
      "properties": {
        "NO": "548",
        "共通ID": "E2520100096112",
        "施設・場所名": "坂本市民体育館",
        "住所": "滋賀県大津市坂本6-33-19",
        "指定緊急避難場所との住所同一": "1",
        "その他市町村長が必要と認める事項": null,
        "受入対象者": null,
        "備考": ""
      }
    },
    {
      "type": "Feature",
      "geometry": {
        "type": "Point",
        "coordinates": [
          135.874355,
          35.07714
        ]
      },
      "properties": {
        "NO": "549",
        "共通ID": "E2520100096111",
        "施設・場所名": "比叡ふれあいセンター",
        "住所": "滋賀県大津市坂本6-33-19",
        "指定緊急避難場所との住所同一": "1",
        "その他市町村長が必要と認める事項": null,
        "受入対象者": null,
        "備考": ""
      }
    },
    {
      "type": "Feature",
      "geometry": {
        "type": "Point",
        "coordinates": [
          135.843358,
          35.070765
        ]
      },
      "properties": {
        "NO": "550",
        "共通ID": "E2520100266111",
        "施設・場所名": "比叡山延暦寺会館",
        "住所": "滋賀県大津市坂本本町4220",
        "指定緊急避難場所との住所同一": "",
        "その他市町村長が必要と認める事項": "",
        "受入対象者": "",
        "備考": ""
      }
    },
    {
      "type": "Feature",
      "geometry": {
        "type": "Point",
        "coordinates": [
          135.8569,
          35.011292
        ]
      },
      "properties": {
        "NO": "551",
        "共通ID": "E2520100098111",
        "施設・場所名": "長等幼稚園",
        "住所": "滋賀県大津市三井寺町10-30",
        "指定緊急避難場所との住所同一": "1",
        "その他市町村長が必要と認める事項": null,
        "受入対象者": null,
        "備考": ""
      }
    },
    {
      "type": "Feature",
      "geometry": {
        "type": "Point",
        "coordinates": [
          135.91498,
          34.974318
        ]
      },
      "properties": {
        "NO": "552",
        "共通ID": "E2520100099111",
        "施設・場所名": "瀬田南小学校体育館",
        "住所": "滋賀県大津市三大寺1-1",
        "指定緊急避難場所との住所同一": "1",
        "その他市町村長が必要と認める事項": null,
        "受入対象者": null,
        "備考": ""
      }
    },
    {
      "type": "Feature",
      "geometry": {
        "type": "Point",
        "coordinates": [
          135.914487,
          34.974085
        ]
      },
      "properties": {
        "NO": "553",
        "共通ID": "E2520100100121",
        "施設・場所名": "瀬田南児童クラブ",
        "住所": "滋賀県大津市三大寺1-11",
        "指定緊急避難場所との住所同一": "",
        "その他市町村長が必要と認める事項": null,
        "受入対象者": "要配慮者",
        "備考": ""
      }
    },
    {
      "type": "Feature",
      "geometry": {
        "type": "Point",
        "coordinates": [
          135.915608,
          34.974573
        ]
      },
      "properties": {
        "NO": "554",
        "共通ID": "E2520100101111",
        "施設・場所名": "みなみっこひろば（瀬田南幼稚園・瀬田南保育園）",
        "住所": "滋賀県大津市三大寺1-3",
        "指定緊急避難場所との住所同一": "1",
        "その他市町村長が必要と認める事項": null,
        "受入対象者": null,
        "備考": ""
      }
    },
    {
      "type": "Feature",
      "geometry": {
        "type": "Point",
        "coordinates": [
          135.822698,
          35.039538
        ]
      },
      "properties": {
        "NO": "555",
        "共通ID": "E2520100102111",
        "施設・場所名": "山中会館",
        "住所": "滋賀県大津市山中町1-12",
        "指定緊急避難場所との住所同一": "1",
        "その他市町村長が必要と認める事項": null,
        "受入対象者": null,
        "備考": ""
      }
    },
    {
      "type": "Feature",
      "geometry": {
        "type": "Point",
        "coordinates": [
          135.855659,
          35.043255
        ]
      },
      "properties": {
        "NO": "556",
        "共通ID": "E2520100105111",
        "施設・場所名": "埋蔵文化財調査センター",
        "住所": "滋賀県大津市滋賀里1-17-23",
        "指定緊急避難場所との住所同一": "1",
        "その他市町村長が必要と認める事項": null,
        "受入対象者": null,
        "備考": ""
      }
    },
    {
      "type": "Feature",
      "geometry": {
        "type": "Point",
        "coordinates": [
          135.858018,
          35.043905
        ]
      },
      "properties": {
        "NO": "557",
        "共通ID": "E2520100106111",
        "施設・場所名": "滋賀里交流センター",
        "住所": "滋賀県大津市滋賀里1-9-11",
        "指定緊急避難場所との住所同一": "1",
        "その他市町村長が必要と認める事項": "",
        "受入対象者": "",
        "備考": ""
      }
    },
    {
      "type": "Feature",
      "geometry": {
        "type": "Point",
        "coordinates": [
          135.887818,
          34.998139
        ]
      },
      "properties": {
        "NO": "558",
        "共通ID": "E2520100111111",
        "施設・場所名": "膳所児童館",
        "住所": "滋賀県大津市昭和町15-15",
        "指定緊急避難場所との住所同一": "1",
        "その他市町村長が必要と認める事項": null,
        "受入対象者": null,
        "備考": ""
      }
    },
    {
      "type": "Feature",
      "geometry": {
        "type": "Point",
        "coordinates": [
          135.887529,
          34.99821
        ]
      },
      "properties": {
        "NO": "559",
        "共通ID": "E2520100112111",
        "施設・場所名": "膳所ふれあいセンター",
        "住所": "滋賀県大津市昭和町15-25",
        "指定緊急避難場所との住所同一": "1",
        "その他市町村長が必要と認める事項": null,
        "受入対象者": null,
        "備考": ""
      }
    },
    {
      "type": "Feature",
      "geometry": {
        "type": "Point",
        "coordinates": [
          135.888506,
          34.998808
        ]
      },
      "properties": {
        "NO": "560",
        "共通ID": "E2520100113121",
        "施設・場所名": "膳所保育園",
        "住所": "滋賀県大津市昭和町17-32",
        "指定緊急避難場所との住所同一": "1",
        "その他市町村長が必要と認める事項": null,
        "受入対象者": "妊産婦・乳幼児",
        "備考": ""
      }
    },
    {
      "type": "Feature",
      "geometry": {
        "type": "Point",
        "coordinates": [
          135.95106,
          34.971776
        ]
      },
      "properties": {
        "NO": "561",
        "共通ID": "E2520100268111",
        "施設・場所名": "滋賀アリーナ（エントランスホール　等）",
        "住所": "滋賀県大津市上田上中野町779",
        "指定緊急避難場所との住所同一": "1",
        "その他市町村長が必要と認める事項": "",
        "受入対象者": "",
        "備考": ""
      }
    },
    {
      "type": "Feature",
      "geometry": {
        "type": "Point",
        "coordinates": [
          135.948176,
          34.949791
        ]
      },
      "properties": {
        "NO": "562",
        "共通ID": "E2520100114112",
        "施設・場所名": "田上中学校武道場",
        "住所": "滋賀県大津市新免1-1-12",
        "指定緊急避難場所との住所同一": "1",
        "その他市町村長が必要と認める事項": null,
        "受入対象者": null,
        "備考": ""
      }
    },
    {
      "type": "Feature",
      "geometry": {
        "type": "Point",
        "coordinates": [
          135.949869,
          34.949863
        ]
      },
      "properties": {
        "NO": "563",
        "共通ID": "E2520100114111",
        "施設・場所名": "田上中学校体育館",
        "住所": "滋賀県大津市新免1-1-12",
        "指定緊急避難場所との住所同一": "1",
        "その他市町村長が必要と認める事項": null,
        "受入対象者": null,
        "備考": ""
      }
    },
    {
      "type": "Feature",
      "geometry": {
        "type": "Point",
        "coordinates": [
          135.912141,
          35.132761
        ]
      },
      "properties": {
        "NO": "564",
        "共通ID": "E2520100115111",
        "施設・場所名": "真野小学校体育館",
        "住所": "滋賀県大津市真野4-6-17",
        "指定緊急避難場所との住所同一": "1",
        "その他市町村長が必要と認める事項": null,
        "受入対象者": null,
        "備考": ""
      }
    },
    {
      "type": "Feature",
      "geometry": {
        "type": "Point",
        "coordinates": [
          135.912736,
          35.131519
        ]
      },
      "properties": {
        "NO": "565",
        "共通ID": "E2520100116111",
        "施設・場所名": "真野市民センター",
        "住所": "滋賀県大津市真野4-6-2",
        "指定緊急避難場所との住所同一": "1",
        "その他市町村長が必要と認める事項": null,
        "受入対象者": null,
        "備考": ""
      }
    },
    {
      "type": "Feature",
      "geometry": {
        "type": "Point",
        "coordinates": [
          135.912227,
          35.133288
        ]
      },
      "properties": {
        "NO": "566",
        "共通ID": "E2520100117111",
        "施設・場所名": "真野幼稚園",
        "住所": "滋賀県大津市真野4-6-27",
        "指定緊急避難場所との住所同一": "1",
        "その他市町村長が必要と認める事項": null,
        "受入対象者": null,
        "備考": ""
      }
    },
    {
      "type": "Feature",
      "geometry": {
        "type": "Point",
        "coordinates": [
          135.913145,
          34.970463
        ]
      },
      "properties": {
        "NO": "567",
        "共通ID": "E2520100118111",
        "施設・場所名": "瀬田工業高校体育館",
        "住所": "滋賀県大津市神領3-18-1",
        "指定緊急避難場所との住所同一": "1",
        "その他市町村長が必要と認める事項": null,
        "受入対象者": null,
        "備考": ""
      }
    },
    {
      "type": "Feature",
      "geometry": {
        "type": "Point",
        "coordinates": [
          135.914175,
          34.971245
        ]
      },
      "properties": {
        "NO": "568",
        "共通ID": "E2520100119111",
        "施設・場所名": "瀬田南市民センター",
        "住所": "滋賀県大津市神領3-8-9",
        "指定緊急避難場所との住所同一": "1",
        "その他市町村長が必要と認める事項": null,
        "受入対象者": null,
        "備考": ""
      }
    },
    {
      "type": "Feature",
      "geometry": {
        "type": "Point",
        "coordinates": [
          135.918849,
          35.146224
        ]
      },
      "properties": {
        "NO": "569",
        "共通ID": "E2520100120111",
        "施設・場所名": "小野小学校体育館",
        "住所": "滋賀県大津市水明1-34-2",
        "指定緊急避難場所との住所同一": "1",
        "その他市町村長が必要と認める事項": null,
        "受入対象者": null,
        "備考": ""
      }
    },
    {
      "type": "Feature",
      "geometry": {
        "type": "Point",
        "coordinates": [
          135.920895,
          35.146976
        ]
      },
      "properties": {
        "NO": "570",
        "共通ID": "E2520100121121",
        "施設・場所名": "小野児童館・小野児童クラブ",
        "住所": "滋賀県大津市水明1-37-1",
        "指定緊急避難場所との住所同一": "",
        "その他市町村長が必要と認める事項": null,
        "受入対象者": "要配慮者",
        "備考": ""
      }
    },
    {
      "type": "Feature",
      "geometry": {
        "type": "Point",
        "coordinates": [
          135.946705,
          34.972371
        ]
      },
      "properties": {
        "NO": "571",
        "共通ID": "E2520100123111",
        "施設・場所名": "滋賀県立東大津高校柔剣道場",
        "住所": "滋賀県大津市瀬田南大萱町1732-2",
        "指定緊急避難場所との住所同一": "1",
        "その他市町村長が必要と認める事項": null,
        "受入対象者": null,
        "備考": ""
      }
    },
    {
      "type": "Feature",
      "geometry": {
        "type": "Point",
        "coordinates": [
          135.94659,
          34.972006
        ]
      },
      "properties": {
        "NO": "572",
        "共通ID": "E2520100123112",
        "施設・場所名": "滋賀県立東大津高校体育館",
        "住所": "滋賀県大津市瀬田南大萱町1732-2",
        "指定緊急避難場所との住所同一": "1",
        "その他市町村長が必要と認める事項": null,
        "受入対象者": null,
        "備考": ""
      }
    },
    {
      "type": "Feature",
      "geometry": {
        "type": "Point",
        "coordinates": [
          135.899712,
          34.984815
        ]
      },
      "properties": {
        "NO": "573",
        "共通ID": "E2520100125111",
        "施設・場所名": "粟津中学校体育館",
        "住所": "滋賀県大津市晴嵐1-20-20",
        "指定緊急避難場所との住所同一": "1",
        "その他市町村長が必要と認める事項": null,
        "受入対象者": null,
        "備考": ""
      }
    },
    {
      "type": "Feature",
      "geometry": {
        "type": "Point",
        "coordinates": [
          135.900202,
          34.984601
        ]
      },
      "properties": {
        "NO": "574",
        "共通ID": "E2520100125112",
        "施設・場所名": "粟津中学校武道場",
        "住所": "滋賀県大津市晴嵐1-20-20",
        "指定緊急避難場所との住所同一": "1",
        "その他市町村長が必要と認める事項": null,
        "受入対象者": null,
        "備考": ""
      }
    },
    {
      "type": "Feature",
      "geometry": {
        "type": "Point",
        "coordinates": [
          135.904181,
          35.141067
        ]
      },
      "properties": {
        "NO": "575",
        "共通ID": "E2520100126111",
        "施設・場所名": "真野中学校体育館",
        "住所": "滋賀県大津市清風町24-1",
        "指定緊急避難場所との住所同一": "1",
        "その他市町村長が必要と認める事項": null,
        "受入対象者": null,
        "備考": ""
      }
    },
    {
      "type": "Feature",
      "geometry": {
        "type": "Point",
        "coordinates": [
          135.904226,
          35.14138
        ]
      },
      "properties": {
        "NO": "576",
        "共通ID": "E2520100126112",
        "施設・場所名": "真野中学校武道場",
        "住所": "滋賀県大津市清風町24-1",
        "指定緊急避難場所との住所同一": "1",
        "その他市町村長が必要と認める事項": null,
        "受入対象者": null,
        "備考": ""
      }
    },
    {
      "type": "Feature",
      "geometry": {
        "type": "Point",
        "coordinates": [
          135.974443,
          34.981079
        ]
      },
      "properties": {
        "NO": "577",
        "共通ID": "E2520100129111",
        "施設・場所名": "青山小学校体育館",
        "住所": "滋賀県大津市青山3-16-1",
        "指定緊急避難場所との住所同一": "1",
        "その他市町村長が必要と認める事項": null,
        "受入対象者": null,
        "備考": ""
      }
    },
    {
      "type": "Feature",
      "geometry": {
        "type": "Point",
        "coordinates": [
          135.974211,
          34.97958
        ]
      },
      "properties": {
        "NO": "578",
        "共通ID": "E2520100130111",
        "施設・場所名": "青山幼稚園",
        "住所": "滋賀県大津市青山3-16-2",
        "指定緊急避難場所との住所同一": "1",
        "その他市町村長が必要と認める事項": null,
        "受入対象者": null,
        "備考": ""
      }
    },
    {
      "type": "Feature",
      "geometry": {
        "type": "Point",
        "coordinates": [
          135.97407,
          34.97912
        ]
      },
      "properties": {
        "NO": "579",
        "共通ID": "E2520100131121",
        "施設・場所名": "青山児童クラブ",
        "住所": "滋賀県大津市青山3-16-3",
        "指定緊急避難場所との住所同一": "",
        "その他市町村長が必要と認める事項": null,
        "受入対象者": "要配慮者",
        "備考": ""
      }
    },
    {
      "type": "Feature",
      "geometry": {
        "type": "Point",
        "coordinates": [
          135.969393,
          34.977397
        ]
      },
      "properties": {
        "NO": "580",
        "共通ID": "E2520100132111",
        "施設・場所名": "青山市民センター",
        "住所": "滋賀県大津市青山5-13-36",
        "指定緊急避難場所との住所同一": "1",
        "その他市町村長が必要と認める事項": null,
        "受入対象者": null,
        "備考": ""
      }
    },
    {
      "type": "Feature",
      "geometry": {
        "type": "Point",
        "coordinates": [
          135.972221,
          34.973953
        ]
      },
      "properties": {
        "NO": "581",
        "共通ID": "E2520100133111",
        "施設・場所名": "青山中学校体育館",
        "住所": "滋賀県大津市青山8-24-1",
        "指定緊急避難場所との住所同一": "1",
        "その他市町村長が必要と認める事項": null,
        "受入対象者": null,
        "備考": ""
      }
    },
    {
      "type": "Feature",
      "geometry": {
        "type": "Point",
        "coordinates": [
          135.971947,
          34.973996
        ]
      },
      "properties": {
        "NO": "582",
        "共通ID": "E2520100133112",
        "施設・場所名": "青山中学校武道場",
        "住所": "滋賀県大津市青山8-24-1",
        "指定緊急避難場所との住所同一": "1",
        "その他市町村長が必要と認める事項": null,
        "受入対象者": null,
        "備考": ""
      }
    },
    {
      "type": "Feature",
      "geometry": {
        "type": "Point",
        "coordinates": [
          135.908667,
          34.956106
        ]
      },
      "properties": {
        "NO": "583",
        "共通ID": "E2520100134111",
        "施設・場所名": "石山市民体育館",
        "住所": "滋賀県大津市石山寺3-10-35",
        "指定緊急避難場所との住所同一": "1",
        "その他市町村長が必要と認める事項": null,
        "受入対象者": null,
        "備考": ""
      }
    },
    {
      "type": "Feature",
      "geometry": {
        "type": "Point",
        "coordinates": [
          135.909488,
          34.955632
        ]
      },
      "properties": {
        "NO": "584",
        "共通ID": "E2520100135111",
        "施設・場所名": "石山小学校体育館",
        "住所": "滋賀県大津市石山寺3-11-20",
        "指定緊急避難場所との住所同一": "1",
        "その他市町村長が必要と認める事項": null,
        "受入対象者": null,
        "備考": ""
      }
    },
    {
      "type": "Feature",
      "geometry": {
        "type": "Point",
        "coordinates": [
          135.90834,
          34.95408
        ]
      },
      "properties": {
        "NO": "585",
        "共通ID": "E2520100136111",
        "施設・場所名": "石山市民センター",
        "住所": "滋賀県大津市石山寺3-15-15",
        "指定緊急避難場所との住所同一": "1",
        "その他市町村長が必要と認める事項": null,
        "受入対象者": null,
        "備考": ""
      }
    },
    {
      "type": "Feature",
      "geometry": {
        "type": "Point",
        "coordinates": [
          135.907462,
          34.95421
        ]
      },
      "properties": {
        "NO": "586",
        "共通ID": "E2520100137111",
        "施設・場所名": "石山幼稚園",
        "住所": "滋賀県大津市石山寺3-17-8",
        "指定緊急避難場所との住所同一": "1",
        "その他市町村長が必要と認める事項": null,
        "受入対象者": null,
        "備考": ""
      }
    },
    {
      "type": "Feature",
      "geometry": {
        "type": "Point",
        "coordinates": [
          135.877046,
          35.00222
        ]
      },
      "properties": {
        "NO": "587",
        "共通ID": "E2520100139111",
        "施設・場所名": "旧市立大津市民病院　付属看護専門学校",
        "住所": "滋賀県大津市石場10-53",
        "指定緊急避難場所との住所同一": "1",
        "その他市町村長が必要と認める事項": "",
        "受入対象者": "",
        "備考": ""
      }
    },
    {
      "type": "Feature",
      "geometry": {
        "type": "Point",
        "coordinates": [
          135.893682,
          34.940279
        ]
      },
      "properties": {
        "NO": "588",
        "共通ID": "E2520100140111",
        "施設・場所名": "南郷中学校体育館",
        "住所": "滋賀県大津市赤尾町57-1",
        "指定緊急避難場所との住所同一": "1",
        "その他市町村長が必要と認める事項": null,
        "受入対象者": null,
        "備考": ""
      }
    },
    {
      "type": "Feature",
      "geometry": {
        "type": "Point",
        "coordinates": [
          135.893785,
          34.94056
        ]
      },
      "properties": {
        "NO": "589",
        "共通ID": "E2520100140112",
        "施設・場所名": "南郷中学校武道場",
        "住所": "滋賀県大津市赤尾町57-1",
        "指定緊急避難場所との住所同一": "1",
        "その他市町村長が必要と認める事項": null,
        "受入対象者": null,
        "備考": ""
      }
    },
    {
      "type": "Feature",
      "geometry": {
        "type": "Point",
        "coordinates": [
          135.889431,
          34.99645
        ]
      },
      "properties": {
        "NO": "590",
        "共通ID": "E2520100141111",
        "施設・場所名": "滋賀県立膳所高校体育館",
        "住所": "滋賀県大津市膳所2-11-1",
        "指定緊急避難場所との住所同一": "1",
        "その他市町村長が必要と認める事項": null,
        "受入対象者": null,
        "備考": ""
      }
    },
    {
      "type": "Feature",
      "geometry": {
        "type": "Point",
        "coordinates": [
          135.874617,
          35.007057
        ]
      },
      "properties": {
        "NO": "591",
        "共通ID": "E2520100144121",
        "施設・場所名": "中老人福祉センター",
        "住所": "滋賀県大津市打出浜1-5",
        "指定緊急避難場所との住所同一": "",
        "その他市町村長が必要と認める事項": null,
        "受入対象者": "要配慮者",
        "備考": ""
      }
    },
    {
      "type": "Feature",
      "geometry": {
        "type": "Point",
        "coordinates": [
          135.875162,
          35.006844
        ]
      },
      "properties": {
        "NO": "592",
        "共通ID": "E2520100146111",
        "施設・場所名": "勤労福祉センター",
        "住所": "滋賀県大津市打出浜1-6",
        "指定緊急避難場所との住所同一": "1",
        "その他市町村長が必要と認める事項": null,
        "受入対象者": null,
        "備考": ""
      }
    },
    {
      "type": "Feature",
      "geometry": {
        "type": "Point",
        "coordinates": [
          135.876886,
          35.006967
        ]
      },
      "properties": {
        "NO": "593",
        "共通ID": "E2520100145111",
        "施設・場所名": "滋賀県立芸術劇場びわ湖ホール",
        "住所": "滋賀県大津市打出浜15-1",
        "指定緊急避難場所との住所同一": "1",
        "その他市町村長が必要と認める事項": null,
        "受入対象者": null,
        "備考": ""
      }
    },
    {
      "type": "Feature",
      "geometry": {
        "type": "Point",
        "coordinates": [
          135.930545,
          34.995913
        ]
      },
      "properties": {
        "NO": "594",
        "共通ID": "E2520100265121",
        "施設・場所名": "びわこ共生モール",
        "住所": "滋賀県大津市大萱7-6-43",
        "指定緊急避難場所との住所同一": "",
        "その他市町村長が必要と認める事項": "",
        "受入対象者": "障害者のうち、あらかじめ市長が指定した者",
        "備考": ""
      }
    },
    {
      "type": "Feature",
      "geometry": {
        "type": "Point",
        "coordinates": [
          135.919841,
          34.981418
        ]
      },
      "properties": {
        "NO": "595",
        "共通ID": "E2520100147111",
        "施設・場所名": "瀬田市民センター",
        "住所": "滋賀県大津市大江3-2-1",
        "指定緊急避難場所との住所同一": "1",
        "その他市町村長が必要と認める事項": null,
        "受入対象者": null,
        "備考": ""
      }
    },
    {
      "type": "Feature",
      "geometry": {
        "type": "Point",
        "coordinates": [
          135.921,
          34.981919
        ]
      },
      "properties": {
        "NO": "596",
        "共通ID": "E2520100148111",
        "施設・場所名": "瀬田小学校体育館",
        "住所": "滋賀県大津市大江4-2-1",
        "指定緊急避難場所との住所同一": "1",
        "その他市町村長が必要と認める事項": null,
        "受入対象者": null,
        "備考": ""
      }
    },
    {
      "type": "Feature",
      "geometry": {
        "type": "Point",
        "coordinates": [
          135.920525,
          34.981998
        ]
      },
      "properties": {
        "NO": "597",
        "共通ID": "E2520100149121",
        "施設・場所名": "瀬田児童クラブ",
        "住所": "滋賀県大津市大江4-2-60",
        "指定緊急避難場所との住所同一": "",
        "その他市町村長が必要と認める事項": null,
        "受入対象者": "要配慮者",
        "備考": ""
      }
    },
    {
      "type": "Feature",
      "geometry": {
        "type": "Point",
        "coordinates": [
          135.921085,
          34.982578
        ]
      },
      "properties": {
        "NO": "598",
        "共通ID": "E2520100150111",
        "施設・場所名": "瀬田幼稚園",
        "住所": "滋賀県大津市大江4-3-6",
        "指定緊急避難場所との住所同一": "1",
        "その他市町村長が必要と認める事項": null,
        "受入対象者": null,
        "備考": ""
      }
    },
    {
      "type": "Feature",
      "geometry": {
        "type": "Point",
        "coordinates": [
          135.929125,
          34.977836
        ]
      },
      "properties": {
        "NO": "599",
        "共通ID": "E2520100151112",
        "施設・場所名": "瀬田中学校武道場",
        "住所": "滋賀県大津市大江7-1-1",
        "指定緊急避難場所との住所同一": "1",
        "その他市町村長が必要と認める事項": null,
        "受入対象者": null,
        "備考": ""
      }
    },
    {
      "type": "Feature",
      "geometry": {
        "type": "Point",
        "coordinates": [
          135.928995,
          34.977501
        ]
      },
      "properties": {
        "NO": "600",
        "共通ID": "E2520100151111",
        "施設・場所名": "瀬田中学校体育館",
        "住所": "滋賀県大津市大江7-1-1",
        "指定緊急避難場所との住所同一": "1",
        "その他市町村長が必要と認める事項": null,
        "受入対象者": null,
        "備考": ""
      }
    },
    {
      "type": "Feature",
      "geometry": {
        "type": "Point",
        "coordinates": [
          135.922965,
          34.99248
        ]
      },
      "properties": {
        "NO": "601",
        "共通ID": "E2520100152111",
        "施設・場所名": "瀬田北中学校体育館",
        "住所": "滋賀県大津市大将軍1-13-1",
        "指定緊急避難場所との住所同一": "1",
        "その他市町村長が必要と認める事項": null,
        "受入対象者": null,
        "備考": ""
      }
    },
    {
      "type": "Feature",
      "geometry": {
        "type": "Point",
        "coordinates": [
          135.923615,
          34.992638
        ]
      },
      "properties": {
        "NO": "602",
        "共通ID": "E2520100152112",
        "施設・場所名": "瀬田北中学校武道場",
        "住所": "滋賀県大津市大将軍1-13-1",
        "指定緊急避難場所との住所同一": "1",
        "その他市町村長が必要と認める事項": null,
        "受入対象者": null,
        "備考": ""
      }
    },
    {
      "type": "Feature",
      "geometry": {
        "type": "Point",
        "coordinates": [
          135.924123,
          34.991111
        ]
      },
      "properties": {
        "NO": "603",
        "共通ID": "E2520100153111",
        "施設・場所名": "瀬田北幼稚園",
        "住所": "滋賀県大津市大将軍1-14-1",
        "指定緊急避難場所との住所同一": "1",
        "その他市町村長が必要と認める事項": null,
        "受入対象者": null,
        "備考": ""
      }
    },
    {
      "type": "Feature",
      "geometry": {
        "type": "Point",
        "coordinates": [
          135.924183,
          34.991553
        ]
      },
      "properties": {
        "NO": "604",
        "共通ID": "E2520100154121",
        "施設・場所名": "瀬田北児童クラブ",
        "住所": "滋賀県大津市大将軍1-14-2",
        "指定緊急避難場所との住所同一": "",
        "その他市町村長が必要と認める事項": null,
        "受入対象者": "要配慮者",
        "備考": ""
      }
    },
    {
      "type": "Feature",
      "geometry": {
        "type": "Point",
        "coordinates": [
          135.924349,
          34.991373
        ]
      },
      "properties": {
        "NO": "605",
        "共通ID": "E2520100155111",
        "施設・場所名": "瀬田北市民センター",
        "住所": "滋賀県大津市大将軍1-14-30",
        "指定緊急避難場所との住所同一": "1",
        "その他市町村長が必要と認める事項": null,
        "受入対象者": null,
        "備考": ""
      }
    },
    {
      "type": "Feature",
      "geometry": {
        "type": "Point",
        "coordinates": [
          135.925937,
          34.992036
        ]
      },
      "properties": {
        "NO": "606",
        "共通ID": "E2520100156111",
        "施設・場所名": "瀬田北小学校体育館",
        "住所": "滋賀県大津市大将軍1-14-5",
        "指定緊急避難場所との住所同一": "1",
        "その他市町村長が必要と認める事項": null,
        "受入対象者": null,
        "備考": ""
      }
    },
    {
      "type": "Feature",
      "geometry": {
        "type": "Point",
        "coordinates": [
          135.913889,
          34.911353
        ]
      },
      "properties": {
        "NO": "607",
        "共通ID": "E2520100157111",
        "施設・場所名": "大石市民センター",
        "住所": "滋賀県大津市大石中1-1-1",
        "指定緊急避難場所との住所同一": "1",
        "その他市町村長が必要と認める事項": null,
        "受入対象者": null,
        "備考": ""
      }
    },
    {
      "type": "Feature",
      "geometry": {
        "type": "Point",
        "coordinates": [
          135.912055,
          34.910403
        ]
      },
      "properties": {
        "NO": "608",
        "共通ID": "E2520100158111",
        "施設・場所名": "大石幼稚園",
        "住所": "滋賀県大津市大石中1-5-9",
        "指定緊急避難場所との住所同一": "1",
        "その他市町村長が必要と認める事項": null,
        "受入対象者": null,
        "備考": ""
      }
    },
    {
      "type": "Feature",
      "geometry": {
        "type": "Point",
        "coordinates": [
          135.915477,
          34.911076
        ]
      },
      "properties": {
        "NO": "609",
        "共通ID": "E2520100159111",
        "施設・場所名": "大石小学校体育館",
        "住所": "滋賀県大津市大石東7-4-1",
        "指定緊急避難場所との住所同一": "1",
        "その他市町村長が必要と認める事項": null,
        "受入対象者": null,
        "備考": ""
      }
    },
    {
      "type": "Feature",
      "geometry": {
        "type": "Point",
        "coordinates": [
          135.891881,
          34.952549
        ]
      },
      "properties": {
        "NO": "610",
        "共通ID": "E2520100162111",
        "施設・場所名": "滋賀県立大津清陵高校体育館",
        "住所": "滋賀県大津市大平1-14-1",
        "指定緊急避難場所との住所同一": "1",
        "その他市町村長が必要と認める事項": null,
        "受入対象者": null,
        "備考": ""
      }
    },
    {
      "type": "Feature",
      "geometry": {
        "type": "Point",
        "coordinates": [
          135.894376,
          34.950154
        ]
      },
      "properties": {
        "NO": "611",
        "共通ID": "E2520100163121",
        "施設・場所名": "大平保育園",
        "住所": "滋賀県大津市大平2-33-22",
        "指定緊急避難場所との住所同一": "1",
        "その他市町村長が必要と認める事項": null,
        "受入対象者": "妊産婦・乳幼児",
        "備考": ""
      }
    },
    {
      "type": "Feature",
      "geometry": {
        "type": "Point",
        "coordinates": [
          135.857864,
          35.014908
        ]
      },
      "properties": {
        "NO": "612",
        "共通ID": "E2520100164111",
        "施設・場所名": "長等市民センター",
        "住所": "滋賀県大津市大門通16-40",
        "指定緊急避難場所との住所同一": "1",
        "その他市町村長が必要と認める事項": null,
        "受入対象者": null,
        "備考": ""
      }
    },
    {
      "type": "Feature",
      "geometry": {
        "type": "Point",
        "coordinates": [
          135.855762,
          35.01212
        ]
      },
      "properties": {
        "NO": "613",
        "共通ID": "E2520100165111",
        "施設・場所名": "長等小学校体育館",
        "住所": "滋賀県大津市大門通5-1",
        "指定緊急避難場所との住所同一": "1",
        "その他市町村長が必要と認める事項": null,
        "受入対象者": null,
        "備考": ""
      }
    },
    {
      "type": "Feature",
      "geometry": {
        "type": "Point",
        "coordinates": [
          135.832322,
          34.995016
        ]
      },
      "properties": {
        "NO": "614",
        "共通ID": "E2520100166111",
        "施設・場所名": "藤尾小学校体育館",
        "住所": "滋賀県大津市茶戸町10-1",
        "指定緊急避難場所との住所同一": "1",
        "その他市町村長が必要と認める事項": null,
        "受入対象者": null,
        "備考": ""
      }
    },
    {
      "type": "Feature",
      "geometry": {
        "type": "Point",
        "coordinates": [
          135.865462,
          35.008372
        ]
      },
      "properties": {
        "NO": "615",
        "共通ID": "E2520100168111",
        "施設・場所名": "中央市民センター",
        "住所": "滋賀県大津市中央2-2-5",
        "指定緊急避難場所との住所同一": "1",
        "その他市町村長が必要と認める事項": null,
        "受入対象者": null,
        "備考": ""
      }
    },
    {
      "type": "Feature",
      "geometry": {
        "type": "Point",
        "coordinates": [
          135.888317,
          34.990625
        ]
      },
      "properties": {
        "NO": "616",
        "共通ID": "E2520100169111",
        "施設・場所名": "膳所幼稚園",
        "住所": "滋賀県大津市中庄2-6-5",
        "指定緊急避難場所との住所同一": "1",
        "その他市町村長が必要と認める事項": null,
        "受入対象者": null,
        "備考": ""
      }
    },
    {
      "type": "Feature",
      "geometry": {
        "type": "Point",
        "coordinates": [
          135.887915,
          34.991759
        ]
      },
      "properties": {
        "NO": "617",
        "共通ID": "E2520100170111",
        "施設・場所名": "膳所小学校体育館",
        "住所": "滋賀県大津市中庄2-8-37",
        "指定緊急避難場所との住所同一": "1",
        "その他市町村長が必要と認める事項": null,
        "受入対象者": null,
        "備考": ""
      }
    },
    {
      "type": "Feature",
      "geometry": {
        "type": "Point",
        "coordinates": [
          135.869032,
          34.999451
        ]
      },
      "properties": {
        "NO": "618",
        "共通ID": "E2520100171111",
        "施設・場所名": "滋賀短期大学附属高校体育館",
        "住所": "滋賀県大津市朝日が丘1-18-1",
        "指定緊急避難場所との住所同一": "1",
        "その他市町村長が必要と認める事項": null,
        "受入対象者": null,
        "備考": ""
      }
    },
    {
      "type": "Feature",
      "geometry": {
        "type": "Point",
        "coordinates": [
          135.870367,
          35.001609
        ]
      },
      "properties": {
        "NO": "619",
        "共通ID": "E2520100172121",
        "施設・場所名": "朝日が丘保育園",
        "住所": "滋賀県大津市朝日が丘1-23-33",
        "指定緊急避難場所との住所同一": "1",
        "その他市町村長が必要と認める事項": null,
        "受入対象者": "妊産婦・乳幼児",
        "備考": ""
      }
    },
    {
      "type": "Feature",
      "geometry": {
        "type": "Point",
        "coordinates": [
          135.90263,
          34.972851
        ]
      },
      "properties": {
        "NO": "620",
        "共通ID": "E2520100173111",
        "施設・場所名": "晴嵐幼稚園",
        "住所": "滋賀県大津市鳥居川町15-22",
        "指定緊急避難場所との住所同一": "1",
        "その他市町村長が必要と認める事項": null,
        "受入対象者": null,
        "備考": ""
      }
    },
    {
      "type": "Feature",
      "geometry": {
        "type": "Point",
        "coordinates": [
          135.86563,
          35.04856
        ]
      },
      "properties": {
        "NO": "621",
        "共通ID": "E2520100174111",
        "施設・場所名": "唐崎市民センター",
        "住所": "滋賀県大津市唐崎2-10-1",
        "指定緊急避難場所との住所同一": "1",
        "その他市町村長が必要と認める事項": null,
        "受入対象者": null,
        "備考": ""
      }
    },
    {
      "type": "Feature",
      "geometry": {
        "type": "Point",
        "coordinates": [
          135.867581,
          35.047005
        ]
      },
      "properties": {
        "NO": "622",
        "共通ID": "E2520100175112",
        "施設・場所名": "唐崎中学校武道場",
        "住所": "滋賀県大津市唐崎2-9-1",
        "指定緊急避難場所との住所同一": "1",
        "その他市町村長が必要と認める事項": null,
        "受入対象者": null,
        "備考": ""
      }
    },
    {
      "type": "Feature",
      "geometry": {
        "type": "Point",
        "coordinates": [
          135.868221,
          35.047414
        ]
      },
      "properties": {
        "NO": "623",
        "共通ID": "E2520100175111",
        "施設・場所名": "唐崎中学校体育館",
        "住所": "滋賀県大津市唐崎2-9-1",
        "指定緊急避難場所との住所同一": "1",
        "その他市町村長が必要と認める事項": null,
        "受入対象者": null,
        "備考": ""
      }
    },
    {
      "type": "Feature",
      "geometry": {
        "type": "Point",
        "coordinates": [
          135.869377,
          35.007563
        ]
      },
      "properties": {
        "NO": "624",
        "共通ID": "E2520100178111",
        "施設・場所名": "大津幼稚園",
        "住所": "滋賀県大津市島の関1-50",
        "指定緊急避難場所との住所同一": "1",
        "その他市町村長が必要と認める事項": null,
        "受入対象者": null,
        "備考": ""
      }
    },
    {
      "type": "Feature",
      "geometry": {
        "type": "Point",
        "coordinates": [
          135.869672,
          35.007849
        ]
      },
      "properties": {
        "NO": "625",
        "共通ID": "E2520100179111",
        "施設・場所名": "中央小学校体育館",
        "住所": "滋賀県大津市島の関1-60",
        "指定緊急避難場所との住所同一": "1",
        "その他市町村長が必要と認める事項": null,
        "受入対象者": null,
        "備考": ""
      }
    },
    {
      "type": "Feature",
      "geometry": {
        "type": "Point",
        "coordinates": [
          135.869768,
          35.009453
        ]
      },
      "properties": {
        "NO": "626",
        "共通ID": "E2520100177111",
        "施設・場所名": "市民会館",
        "住所": "滋賀県大津市島の関14-1",
        "指定緊急避難場所との住所同一": "1",
        "その他市町村長が必要と認める事項": null,
        "受入対象者": null,
        "備考": ""
      }
    },
    {
      "type": "Feature",
      "geometry": {
        "type": "Point",
        "coordinates": [
          135.908241,
          34.942342
        ]
      },
      "properties": {
        "NO": "627",
        "共通ID": "E2520100180111",
        "施設・場所名": "南郷市民センター",
        "住所": "滋賀県大津市南郷1-12-13",
        "指定緊急避難場所との住所同一": "1",
        "その他市町村長が必要と認める事項": null,
        "受入対象者": null,
        "備考": ""
      }
    },
    {
      "type": "Feature",
      "geometry": {
        "type": "Point",
        "coordinates": [
          135.908455,
          34.941541
        ]
      },
      "properties": {
        "NO": "628",
        "共通ID": "E2520100181121",
        "施設・場所名": "南老人福祉センター",
        "住所": "滋賀県大津市南郷1-14-30",
        "指定緊急避難場所との住所同一": "",
        "その他市町村長が必要と認める事項": null,
        "受入対象者": "要配慮者",
        "備考": ""
      }
    },
    {
      "type": "Feature",
      "geometry": {
        "type": "Point",
        "coordinates": [
          135.907235,
          34.940886
        ]
      },
      "properties": {
        "NO": "629",
        "共通ID": "E2520100182111",
        "施設・場所名": "南郷小学校体育館",
        "住所": "滋賀県大津市南郷1-15-9",
        "指定緊急避難場所との住所同一": "1",
        "その他市町村長が必要と認める事項": null,
        "受入対象者": null,
        "備考": ""
      }
    },
    {
      "type": "Feature",
      "geometry": {
        "type": "Point",
        "coordinates": [
          135.902159,
          34.938612
        ]
      },
      "properties": {
        "NO": "630",
        "共通ID": "E2520100184111",
        "施設・場所名": "南郷幼稚園",
        "住所": "滋賀県大津市南郷3-15-1",
        "指定緊急避難場所との住所同一": "1",
        "その他市町村長が必要と認める事項": null,
        "受入対象者": null,
        "備考": ""
      }
    },
    {
      "type": "Feature",
      "geometry": {
        "type": "Point",
        "coordinates": [
          135.855883,
          35.034991
        ]
      },
      "properties": {
        "NO": "631",
        "共通ID": "E2520100185111",
        "施設・場所名": "志賀小学校体育館",
        "住所": "滋賀県大津市南志賀1-5-1",
        "指定緊急避難場所との住所同一": "1",
        "その他市町村長が必要と認める事項": null,
        "受入対象者": null,
        "備考": ""
      }
    },
    {
      "type": "Feature",
      "geometry": {
        "type": "Point",
        "coordinates": [
          135.857031,
          35.03566
        ]
      },
      "properties": {
        "NO": "632",
        "共通ID": "E2520100186111",
        "施設・場所名": "滋賀市民センター",
        "住所": "滋賀県大津市南志賀1-8-32",
        "指定緊急避難場所との住所同一": "1",
        "その他市町村長が必要と認める事項": null,
        "受入対象者": null,
        "備考": ""
      }
    },
    {
      "type": "Feature",
      "geometry": {
        "type": "Point",
        "coordinates": [
          135.956812,
          35.235554
        ]
      },
      "properties": {
        "NO": "633",
        "共通ID": "E2520100187111",
        "施設・場所名": "小松小学校体育館",
        "住所": "滋賀県大津市南小松1122",
        "指定緊急避難場所との住所同一": "1",
        "その他市町村長が必要と認める事項": null,
        "受入対象者": null,
        "備考": ""
      }
    },
    {
      "type": "Feature",
      "geometry": {
        "type": "Point",
        "coordinates": [
          135.909148,
          35.180454
        ]
      },
      "properties": {
        "NO": "634",
        "共通ID": "E2520100188112",
        "施設・場所名": "志賀中学校体育館",
        "住所": "滋賀県大津市南船路1029",
        "指定緊急避難場所との住所同一": "1",
        "その他市町村長が必要と認める事項": null,
        "受入対象者": null,
        "備考": ""
      }
    },
    {
      "type": "Feature",
      "geometry": {
        "type": "Point",
        "coordinates": [
          135.909135,
          35.180229
        ]
      },
      "properties": {
        "NO": "635",
        "共通ID": "E2520100188111",
        "施設・場所名": "志賀中学校武道場",
        "住所": "滋賀県大津市南船路1029",
        "指定緊急避難場所との住所同一": "1",
        "その他市町村長が必要と認める事項": null,
        "受入対象者": null,
        "備考": ""
      }
    },
    {
      "type": "Feature",
      "geometry": {
        "type": "Point",
        "coordinates": [
          135.87856,
          35.079036
        ]
      },
      "properties": {
        "NO": "636",
        "共通ID": "E2520100191111",
        "施設・場所名": "日吉台市民センター",
        "住所": "滋賀県大津市日吉台1-15-1",
        "指定緊急避難場所との住所同一": "1",
        "その他市町村長が必要と認める事項": null,
        "受入対象者": null,
        "備考": ""
      }
    },
    {
      "type": "Feature",
      "geometry": {
        "type": "Point",
        "coordinates": [
          135.87631,
          35.081949
        ]
      },
      "properties": {
        "NO": "637",
        "共通ID": "E2520100193121",
        "施設・場所名": "日吉台至明こども園（ホール）",
        "住所": "滋賀県大津市日吉台3-33-2",
        "指定緊急避難場所との住所同一": "1",
        "その他市町村長が必要と認める事項": "",
        "受入対象者": "乳幼児及び妊産婦",
        "備考": ""
      }
    },
    {
      "type": "Feature",
      "geometry": {
        "type": "Point",
        "coordinates": [
          135.875685,
          35.083243
        ]
      },
      "properties": {
        "NO": "638",
        "共通ID": "E2520100192111",
        "施設・場所名": "日吉台小学校体育館",
        "住所": "滋賀県大津市日吉台3-33-3",
        "指定緊急避難場所との住所同一": "1",
        "その他市町村長が必要と認める事項": null,
        "受入対象者": null,
        "備考": ""
      }
    },
    {
      "type": "Feature",
      "geometry": {
        "type": "Point",
        "coordinates": [
          135.883033,
          35.001017
        ]
      },
      "properties": {
        "NO": "639",
        "共通ID": "E2520100194111",
        "施設・場所名": "滋賀県立大津高校体育館",
        "住所": "滋賀県大津市馬場1-1-1",
        "指定緊急避難場所との住所同一": "1",
        "その他市町村長が必要と認める事項": null,
        "受入対象者": null,
        "備考": ""
      }
    },
    {
      "type": "Feature",
      "geometry": {
        "type": "Point",
        "coordinates": [
          135.881934,
          35.001455
        ]
      },
      "properties": {
        "NO": "640",
        "共通ID": "E2520100195111",
        "施設・場所名": "平野小学校体育館",
        "住所": "滋賀県大津市馬場1-2-1",
        "指定緊急避難場所との住所同一": "1",
        "その他市町村長が必要と認める事項": null,
        "受入対象者": null,
        "備考": ""
      }
    },
    {
      "type": "Feature",
      "geometry": {
        "type": "Point",
        "coordinates": [
          135.879955,
          35.002708
        ]
      },
      "properties": {
        "NO": "641",
        "共通ID": "E2520100196111",
        "施設・場所名": "平野幼稚園",
        "住所": "滋賀県大津市馬場1-5-28",
        "指定緊急避難場所との住所同一": "1",
        "その他市町村長が必要と認める事項": null,
        "受入対象者": null,
        "備考": ""
      }
    },
    {
      "type": "Feature",
      "geometry": {
        "type": "Point",
        "coordinates": [
          135.878325,
          35.000175
        ]
      },
      "properties": {
        "NO": "642",
        "共通ID": "E2520100197121",
        "施設・場所名": "やまびこ総合支援センター",
        "住所": "滋賀県大津市馬場2-13-50",
        "指定緊急避難場所との住所同一": "",
        "その他市町村長が必要と認める事項": null,
        "受入対象者": "知的障害者及び精神障害者のうち、あらかじめ市長が指定した者",
        "備考": ""
      }
    },
    {
      "type": "Feature",
      "geometry": {
        "type": "Point",
        "coordinates": [
          135.882062,
          34.998322
        ]
      },
      "properties": {
        "NO": "643",
        "共通ID": "E2520100198111",
        "施設・場所名": "平野市民センター",
        "住所": "滋賀県大津市馬場3-15-45",
        "指定緊急避難場所との住所同一": "1",
        "その他市町村長が必要と認める事項": null,
        "受入対象者": null,
        "備考": ""
      }
    },
    {
      "type": "Feature",
      "geometry": {
        "type": "Point",
        "coordinates": [
          135.834878,
          35.032935
        ]
      },
      "properties": {
        "NO": "644",
        "共通ID": "E2520100201111",
        "施設・場所名": "比叡平小学校体育館",
        "住所": "滋賀県大津市比叡平1-45-1",
        "指定緊急避難場所との住所同一": "1",
        "その他市町村長が必要と認める事項": null,
        "受入対象者": null,
        "備考": ""
      }
    },
    {
      "type": "Feature",
      "geometry": {
        "type": "Point",
        "coordinates": [
          135.834125,
          35.032653
        ]
      },
      "properties": {
        "NO": "645",
        "共通ID": "E2520100202121",
        "施設・場所名": "やまのこひろば（比叡平幼稚園・ひえい平保育園）",
        "住所": "滋賀県大津市比叡平1-45-3",
        "指定緊急避難場所との住所同一": "1",
        "その他市町村長が必要と認める事項": null,
        "受入対象者": "要配慮者",
        "備考": ""
      }
    },
    {
      "type": "Feature",
      "geometry": {
        "type": "Point",
        "coordinates": [
          135.83567,
          35.032227
        ]
      },
      "properties": {
        "NO": "646",
        "共通ID": "E2520100203121",
        "施設・場所名": "山中比叡平児童クラブ",
        "住所": "滋賀県大津市比叡平1-45-4",
        "指定緊急避難場所との住所同一": "",
        "その他市町村長が必要と認める事項": null,
        "受入対象者": "要配慮者",
        "備考": ""
      }
    },
    {
      "type": "Feature",
      "geometry": {
        "type": "Point",
        "coordinates": [
          135.828218,
          35.028517
        ]
      },
      "properties": {
        "NO": "647",
        "共通ID": "E2520100204111",
        "施設・場所名": "住民交流・まちづくりセンター",
        "住所": "滋賀県大津市比叡平2-39-4",
        "指定緊急避難場所との住所同一": "1",
        "その他市町村長が必要と認める事項": null,
        "受入対象者": null,
        "備考": ""
      }
    },
    {
      "type": "Feature",
      "geometry": {
        "type": "Point",
        "coordinates": [
          135.831343,
          35.031302
        ]
      },
      "properties": {
        "NO": "648",
        "共通ID": "E2520100205111",
        "施設・場所名": "山中比叡平市民センター",
        "住所": "滋賀県大津市比叡平3-57-1",
        "指定緊急避難場所との住所同一": "1",
        "その他市町村長が必要と認める事項": null,
        "受入対象者": null,
        "備考": ""
      }
    },
    {
      "type": "Feature",
      "geometry": {
        "type": "Point",
        "coordinates": [
          135.858631,
          35.02037
        ]
      },
      "properties": {
        "NO": "649",
        "共通ID": "E2520100207112",
        "施設・場所名": "皇子山中学校武道場",
        "住所": "滋賀県大津市尾花川12-1",
        "指定緊急避難場所との住所同一": "1",
        "その他市町村長が必要と認める事項": null,
        "受入対象者": null,
        "備考": ""
      }
    },
    {
      "type": "Feature",
      "geometry": {
        "type": "Point",
        "coordinates": [
          135.85866,
          35.020854
        ]
      },
      "properties": {
        "NO": "650",
        "共通ID": "E2520100207111",
        "施設・場所名": "皇子山中学校体育館",
        "住所": "滋賀県大津市尾花川12-1",
        "指定緊急避難場所との住所同一": "1",
        "その他市町村長が必要と認める事項": null,
        "受入対象者": null,
        "備考": ""
      }
    },
    {
      "type": "Feature",
      "geometry": {
        "type": "Point",
        "coordinates": [
          135.865355,
          35.01042
        ]
      },
      "properties": {
        "NO": "651",
        "共通ID": "E2520100210121",
        "施設・場所名": "旧大津公会堂",
        "住所": "滋賀県大津市浜大津1-4-1",
        "指定緊急避難場所との住所同一": "",
        "その他市町村長が必要と認める事項": null,
        "受入対象者": "要配慮者",
        "備考": ""
      }
    },
    {
      "type": "Feature",
      "geometry": {
        "type": "Point",
        "coordinates": [
          135.882541,
          34.97922
        ]
      },
      "properties": {
        "NO": "652",
        "共通ID": "E2520100213111",
        "施設・場所名": "富士見小学校体育館",
        "住所": "滋賀県大津市富士見台42-16",
        "指定緊急避難場所との住所同一": "1",
        "その他市町村長が必要と認める事項": null,
        "受入対象者": null,
        "備考": ""
      }
    },
    {
      "type": "Feature",
      "geometry": {
        "type": "Point",
        "coordinates": [
          135.883957,
          34.97958
        ]
      },
      "properties": {
        "NO": "653",
        "共通ID": "E2520100214111",
        "施設・場所名": "富士見幼稚園",
        "住所": "滋賀県大津市富士見台45-5",
        "指定緊急避難場所との住所同一": "1",
        "その他市町村長が必要と認める事項": null,
        "受入対象者": null,
        "備考": ""
      }
    },
    {
      "type": "Feature",
      "geometry": {
        "type": "Point",
        "coordinates": [
          135.907823,
          34.947494
        ]
      },
      "properties": {
        "NO": "654",
        "共通ID": "E2520100215112",
        "施設・場所名": "石山中学校武道場",
        "住所": "滋賀県大津市平津1-23-1",
        "指定緊急避難場所との住所同一": "1",
        "その他市町村長が必要と認める事項": null,
        "受入対象者": null,
        "備考": ""
      }
    },
    {
      "type": "Feature",
      "geometry": {
        "type": "Point",
        "coordinates": [
          135.909622,
          34.947445
        ]
      },
      "properties": {
        "NO": "655",
        "共通ID": "E2520100215111",
        "施設・場所名": "石山中学校体育館",
        "住所": "滋賀県大津市平津1-23-1",
        "指定緊急避難場所との住所同一": "1",
        "その他市町村長が必要と認める事項": null,
        "受入対象者": null,
        "備考": ""
      }
    },
    {
      "type": "Feature",
      "geometry": {
        "type": "Point",
        "coordinates": [
          135.960771,
          34.959632
        ]
      },
      "properties": {
        "NO": "656",
        "共通ID": "E2520100217111",
        "施設・場所名": "上田上幼稚園",
        "住所": "滋賀県大津市平野1-18-20",
        "指定緊急避難場所との住所同一": "1",
        "その他市町村長が必要と認める事項": null,
        "受入対象者": null,
        "備考": ""
      }
    },
    {
      "type": "Feature",
      "geometry": {
        "type": "Point",
        "coordinates": [
          135.959605,
          34.959559
        ]
      },
      "properties": {
        "NO": "657",
        "共通ID": "E2520100218111",
        "施設・場所名": "上田上小学校体育館",
        "住所": "滋賀県大津市平野1-18-5",
        "指定緊急避難場所との住所同一": "1",
        "その他市町村長が必要と認める事項": null,
        "受入対象者": null,
        "備考": ""
      }
    },
    {
      "type": "Feature",
      "geometry": {
        "type": "Point",
        "coordinates": [
          135.973766,
          35.25498
        ]
      },
      "properties": {
        "NO": "658",
        "共通ID": "E2520100219111",
        "施設・場所名": "小松市民センター",
        "住所": "滋賀県大津市北小松565",
        "指定緊急避難場所との住所同一": "1",
        "その他市町村長が必要と認める事項": null,
        "受入対象者": null,
        "備考": ""
      }
    },
    {
      "type": "Feature",
      "geometry": {
        "type": "Point",
        "coordinates": [
          135.899214,
          34.975755
        ]
      },
      "properties": {
        "NO": "659",
        "共通ID": "E2520100220111",
        "施設・場所名": "晴嵐市民センター",
        "住所": "滋賀県大津市北大路1-9-5",
        "指定緊急避難場所との住所同一": "1",
        "その他市町村長が必要と認める事項": null,
        "受入対象者": null,
        "備考": ""
      }
    },
    {
      "type": "Feature",
      "geometry": {
        "type": "Point",
        "coordinates": [
          135.887065,
          34.969634
        ]
      },
      "properties": {
        "NO": "660",
        "共通ID": "E2520100221112",
        "施設・場所名": "北大路中学校武道場",
        "住所": "滋賀県大津市北大路3-22-1",
        "指定緊急避難場所との住所同一": "1",
        "その他市町村長が必要と認める事項": null,
        "受入対象者": null,
        "備考": ""
      }
    },
    {
      "type": "Feature",
      "geometry": {
        "type": "Point",
        "coordinates": [
          135.886565,
          34.969378
        ]
      },
      "properties": {
        "NO": "661",
        "共通ID": "E2520100221111",
        "施設・場所名": "北大路中学校体育館",
        "住所": "滋賀県大津市北大路3-22-1",
        "指定緊急避難場所との住所同一": "1",
        "その他市町村長が必要と認める事項": null,
        "受入対象者": null,
        "備考": ""
      }
    },
    {
      "type": "Feature",
      "geometry": {
        "type": "Point",
        "coordinates": [
          135.961922,
          34.95952
        ]
      },
      "properties": {
        "NO": "662",
        "共通ID": "E2520100223111",
        "施設・場所名": "上田上市民センター",
        "住所": "滋賀県大津市牧1-1-24",
        "指定緊急避難場所との住所同一": "1",
        "その他市町村長が必要と認める事項": null,
        "受入対象者": null,
        "備考": ""
      }
    },
    {
      "type": "Feature",
      "geometry": {
        "type": "Point",
        "coordinates": [
          135.893695,
          34.994681
        ]
      },
      "properties": {
        "NO": "663",
        "共通ID": "E2520100224111",
        "施設・場所名": "膳所市民センター",
        "住所": "滋賀県大津市本丸町6-40",
        "指定緊急避難場所との住所同一": "1",
        "その他市町村長が必要と認める事項": null,
        "受入対象者": null,
        "備考": ""
      }
    },
    {
      "type": "Feature",
      "geometry": {
        "type": "Point",
        "coordinates": [
          135.893708,
          34.994031
        ]
      },
      "properties": {
        "NO": "664",
        "共通ID": "E2520100225111",
        "施設・場所名": "生涯学習センター",
        "住所": "滋賀県大津市本丸町6-50",
        "指定緊急避難場所との住所同一": "1",
        "その他市町村長が必要と認める事項": null,
        "受入対象者": null,
        "備考": ""
      }
    },
    {
      "type": "Feature",
      "geometry": {
        "type": "Point",
        "coordinates": [
          135.871709,
          34.99645
        ]
      },
      "properties": {
        "NO": "665",
        "共通ID": "E2520100227112",
        "施設・場所名": "打出中学校武道場",
        "住所": "滋賀県大津市本宮2-46-1",
        "指定緊急避難場所との住所同一": "1",
        "その他市町村長が必要と認める事項": null,
        "受入対象者": null,
        "備考": ""
      }
    },
    {
      "type": "Feature",
      "geometry": {
        "type": "Point",
        "coordinates": [
          135.872169,
          34.997188
        ]
      },
      "properties": {
        "NO": "666",
        "共通ID": "E2520100227111",
        "施設・場所名": "打出中学校体育館",
        "住所": "滋賀県大津市本宮2-46-1",
        "指定緊急避難場所との住所同一": "1",
        "その他市町村長が必要と認める事項": null,
        "受入対象者": null,
        "備考": ""
      }
    },
    {
      "type": "Feature",
      "geometry": {
        "type": "Point",
        "coordinates": [
          135.873718,
          34.999611
        ]
      },
      "properties": {
        "NO": "667",
        "共通ID": "E2520100228121",
        "施設・場所名": "滋賀保護院",
        "住所": "滋賀県大津市本宮2-6-45",
        "指定緊急避難場所との住所同一": "",
        "その他市町村長が必要と認める事項": "",
        "受入対象者": "障害者のうちあらかじめ市長が指定した者",
        "備考": ""
      }
    },
    {
      "type": "Feature",
      "geometry": {
        "type": "Point",
        "coordinates": [
          135.919811,
          35.111355
        ]
      },
      "properties": {
        "NO": "668",
        "共通ID": "E2520100229111",
        "施設・場所名": "本福寺こども園",
        "住所": "滋賀県大津市本堅田1-22-30",
        "指定緊急避難場所との住所同一": "1",
        "その他市町村長が必要と認める事項": null,
        "受入対象者": null,
        "備考": ""
      }
    },
    {
      "type": "Feature",
      "geometry": {
        "type": "Point",
        "coordinates": [
          135.917722,
          35.11508
        ]
      },
      "properties": {
        "NO": "669",
        "共通ID": "E2520100230111",
        "施設・場所名": "堅田中学校体育館",
        "住所": "滋賀県大津市本堅田3-22-1",
        "指定緊急避難場所との住所同一": "1",
        "その他市町村長が必要と認める事項": null,
        "受入対象者": null,
        "備考": ""
      }
    },
    {
      "type": "Feature",
      "geometry": {
        "type": "Point",
        "coordinates": [
          135.918517,
          35.114087
        ]
      },
      "properties": {
        "NO": "670",
        "共通ID": "E2520100230112",
        "施設・場所名": "堅田中学校武道場",
        "住所": "滋賀県大津市本堅田3-22-1",
        "指定緊急避難場所との住所同一": "1",
        "その他市町村長が必要と認める事項": null,
        "受入対象者": null,
        "備考": ""
      }
    },
    {
      "type": "Feature",
      "geometry": {
        "type": "Point",
        "coordinates": [
          135.916005,
          35.112474
        ]
      },
      "properties": {
        "NO": "671",
        "共通ID": "E2520100231111",
        "施設・場所名": "堅田小学校体育館",
        "住所": "滋賀県大津市本堅田3-6-1",
        "指定緊急避難場所との住所同一": "1",
        "その他市町村長が必要と認める事項": null,
        "受入対象者": null,
        "備考": ""
      }
    },
    {
      "type": "Feature",
      "geometry": {
        "type": "Point",
        "coordinates": [
          135.916069,
          35.113751
        ]
      },
      "properties": {
        "NO": "672",
        "共通ID": "E2520100232111",
        "施設・場所名": "堅田幼稚園",
        "住所": "滋賀県大津市本堅田3-7-17",
        "指定緊急避難場所との住所同一": "1",
        "その他市町村長が必要と認める事項": null,
        "受入対象者": null,
        "備考": ""
      }
    },
    {
      "type": "Feature",
      "geometry": {
        "type": "Point",
        "coordinates": [
          135.91475,
          35.114273
        ]
      },
      "properties": {
        "NO": "673",
        "共通ID": "E2520100233111",
        "施設・場所名": "堅田市民センター",
        "住所": "滋賀県大津市本堅田3-8-1",
        "指定緊急避難場所との住所同一": "1",
        "その他市町村長が必要と認める事項": null,
        "受入対象者": null,
        "備考": ""
      }
    },
    {
      "type": "Feature",
      "geometry": {
        "type": "Point",
        "coordinates": [
          135.914009,
          35.11297
        ]
      },
      "properties": {
        "NO": "674",
        "共通ID": "E2520100234111",
        "施設・場所名": "堅田高校体育館",
        "住所": "滋賀県大津市本堅田3-9-1",
        "指定緊急避難場所との住所同一": "1",
        "その他市町村長が必要と認める事項": null,
        "受入対象者": null,
        "備考": ""
      }
    },
    {
      "type": "Feature",
      "geometry": {
        "type": "Point",
        "coordinates": [
          135.918628,
          35.11762
        ]
      },
      "properties": {
        "NO": "675",
        "共通ID": "E2520100236121",
        "施設・場所名": "堅田保育園",
        "住所": "滋賀県大津市本堅田4-26-1",
        "指定緊急避難場所との住所同一": "",
        "その他市町村長が必要と認める事項": null,
        "受入対象者": "妊産婦・乳幼児",
        "備考": ""
      }
    },
    {
      "type": "Feature",
      "geometry": {
        "type": "Point",
        "coordinates": [
          135.909053,
          35.117903
        ]
      },
      "properties": {
        "NO": "676",
        "共通ID": "E2520100237111",
        "施設・場所名": "第二本福寺こども園",
        "住所": "滋賀県大津市本堅田6-14-11",
        "指定緊急避難場所との住所同一": "1",
        "その他市町村長が必要と認める事項": null,
        "受入対象者": null,
        "備考": ""
      }
    },
    {
      "type": "Feature",
      "geometry": {
        "type": "Point",
        "coordinates": [
          135.909568,
          35.117707
        ]
      },
      "properties": {
        "NO": "677",
        "共通ID": "E2520100238111",
        "施設・場所名": "堅田かすがやま翔裕館",
        "住所": "滋賀県大津市本堅田6-16-8",
        "指定緊急避難場所との住所同一": "1",
        "その他市町村長が必要と認める事項": null,
        "受入対象者": null,
        "備考": ""
      }
    },
    {
      "type": "Feature",
      "geometry": {
        "type": "Point",
        "coordinates": [
          135.907328,
          35.115347
        ]
      },
      "properties": {
        "NO": "678",
        "共通ID": "E2520100239121",
        "施設・場所名": "天神山保育園",
        "住所": "滋賀県大津市本堅田6-3-1",
        "指定緊急避難場所との住所同一": "1",
        "その他市町村長が必要と認める事項": null,
        "受入対象者": "妊産婦・乳幼児",
        "備考": ""
      }
    },
    {
      "type": "Feature",
      "geometry": {
        "type": "Point",
        "coordinates": [
          135.921128,
          35.206306
        ]
      },
      "properties": {
        "NO": "679",
        "共通ID": "E2520100240111",
        "施設・場所名": "木戸市民センター",
        "住所": "滋賀県大津市木戸58",
        "指定緊急避難場所との住所同一": "1",
        "その他市町村長が必要と認める事項": null,
        "受入対象者": null,
        "備考": ""
      }
    },
    {
      "type": "Feature",
      "geometry": {
        "type": "Point",
        "coordinates": [
          135.867765,
          35.026644
        ]
      },
      "properties": {
        "NO": "680",
        "共通ID": "E2520100243111",
        "施設・場所名": "びわ湖大津館",
        "住所": "滋賀県大津市柳が崎5-35",
        "指定緊急避難場所との住所同一": "1",
        "その他市町村長が必要と認める事項": null,
        "受入対象者": null,
        "備考": ""
      }
    },
    {
      "type": "Feature",
      "geometry": {
        "type": "Point",
        "coordinates": [
          135.895629,
          35.090026
        ]
      },
      "properties": {
        "NO": "681",
        "共通ID": "E2520100245111",
        "施設・場所名": "雄琴市民センター",
        "住所": "滋賀県大津市雄琴1-17-2",
        "指定緊急避難場所との住所同一": "1",
        "その他市町村長が必要と認める事項": null,
        "受入対象者": null,
        "備考": ""
      }
    },
    {
      "type": "Feature",
      "geometry": {
        "type": "Point",
        "coordinates": [
          135.893742,
          35.092839
        ]
      },
      "properties": {
        "NO": "682",
        "共通ID": "E2520100246111",
        "施設・場所名": "雄琴小学校体育館",
        "住所": "滋賀県大津市雄琴2-16-1",
        "指定緊急避難場所との住所同一": "1",
        "その他市町村長が必要と認める事項": "",
        "受入対象者": "",
        "備考": ""
      }
    },
    {
      "type": "Feature",
      "geometry": {
        "type": "Point",
        "coordinates": [
          135.893688,
          35.091916
        ]
      },
      "properties": {
        "NO": "683",
        "共通ID": "E2520100246121",
        "施設・場所名": "雄琴児童クラブ",
        "住所": "滋賀県大津市雄琴2-16-1",
        "指定緊急避難場所との住所同一": "1",
        "その他市町村長が必要と認める事項": "",
        "受入対象者": "要配慮者",
        "備考": ""
      }
    },
    {
      "type": "Feature",
      "geometry": {
        "type": "Point",
        "coordinates": [
          135.92882,
          34.938238
        ]
      },
      "properties": {
        "NO": "684",
        "共通ID": "E2520100249111",
        "施設・場所名": "田上市民センター",
        "住所": "滋賀県大津市里3-9-1",
        "指定緊急避難場所との住所同一": "1",
        "その他市町村長が必要と認める事項": null,
        "受入対象者": null,
        "備考": ""
      }
    },
    {
      "type": "Feature",
      "geometry": {
        "type": "Point",
        "coordinates": [
          135.931071,
          34.93698
        ]
      },
      "properties": {
        "NO": "685",
        "共通ID": "E2520100250111",
        "施設・場所名": "田上小学校体育館",
        "住所": "滋賀県大津市里5-8-1",
        "指定緊急避難場所との住所同一": "1",
        "その他市町村長が必要と認める事項": null,
        "受入対象者": null,
        "備考": ""
      }
    },
    {
      "type": "Feature",
      "geometry": {
        "type": "Point",
        "coordinates": [
          135.874087,
          34.995522
        ]
      },
      "properties": {
        "NO": "686",
        "共通ID": "E2520100251111",
        "施設・場所名": "滋賀短期大学",
        "住所": "滋賀県大津市竜が丘24-4",
        "指定緊急避難場所との住所同一": "1",
        "その他市町村長が必要と認める事項": null,
        "受入対象者": null,
        "備考": ""
      }
    },
    {
      "type": "Feature",
      "geometry": {
        "type": "Point",
        "coordinates": [
          135.908122,
          35.144059
        ]
      },
      "properties": {
        "NO": "687",
        "共通ID": "E2520100252111",
        "施設・場所名": "真野北小学校体育館",
        "住所": "滋賀県大津市緑町15-2",
        "指定緊急避難場所との住所同一": "1",
        "その他市町村長が必要と認める事項": null,
        "受入対象者": null,
        "備考": ""
      }
    },
    {
      "type": "Feature",
      "geometry": {
        "type": "Point",
        "coordinates": [
          135.910188,
          35.145536
        ]
      },
      "properties": {
        "NO": "688",
        "共通ID": "E2520100254111",
        "施設・場所名": "伊香立・真野北幼稚園",
        "住所": "滋賀県大津市緑町16-2",
        "指定緊急避難場所との住所同一": "1",
        "その他市町村長が必要と認める事項": null,
        "受入対象者": null,
        "備考": ""
      }
    },
    {
      "type": "Feature",
      "geometry": {
        "type": "Point",
        "coordinates": [
          135.908812,
          35.141664
        ]
      },
      "properties": {
        "NO": "689",
        "共通ID": "E2520100255111",
        "施設・場所名": "真野北市民センター",
        "住所": "滋賀県大津市緑町4-1",
        "指定緊急避難場所との住所同一": "1",
        "その他市町村長が必要と認める事項": null,
        "受入対象者": null,
        "備考": ""
      }
    },
    {
      "type": "Feature",
      "geometry": {
        "type": "Point",
        "coordinates": [
          135.92173,
          35.159539
        ]
      },
      "properties": {
        "NO": "690",
        "共通ID": "E2520100256111",
        "施設・場所名": "和邇文化センター",
        "住所": "滋賀県大津市和邇高城12",
        "指定緊急避難場所との住所同一": "1",
        "その他市町村長が必要と認める事項": null,
        "受入対象者": null,
        "備考": ""
      }
    },
    {
      "type": "Feature",
      "geometry": {
        "type": "Point",
        "coordinates": [
          135.921643,
          35.159093
        ]
      },
      "properties": {
        "NO": "691",
        "共通ID": "E2520100257111",
        "施設・場所名": "和邇市民体育館",
        "住所": "滋賀県大津市和邇高城27-2",
        "指定緊急避難場所との住所同一": "1",
        "その他市町村長が必要と認める事項": null,
        "受入対象者": null,
        "備考": ""
      }
    },
    {
      "type": "Feature",
      "geometry": {
        "type": "Point",
        "coordinates": [
          135.922531,
          35.153915
        ]
      },
      "properties": {
        "NO": "692",
        "共通ID": "E2520100258111",
        "施設・場所名": "志賀南幼稚園",
        "住所": "滋賀県大津市和邇今宿482-1",
        "指定緊急避難場所との住所同一": "1",
        "その他市町村長が必要と認める事項": null,
        "受入対象者": null,
        "備考": ""
      }
    },
    {
      "type": "Feature",
      "geometry": {
        "type": "Point",
        "coordinates": [
          135.919979,
          35.157788
        ]
      },
      "properties": {
        "NO": "693",
        "共通ID": "E2520100260111",
        "施設・場所名": "和邇小学校体育館",
        "住所": "滋賀県大津市和邇中190",
        "指定緊急避難場所との住所同一": "1",
        "その他市町村長が必要と認める事項": null,
        "受入対象者": null,
        "備考": ""
      }
    },
    {
      "type": "Feature",
      "geometry": {
        "type": "Point",
        "coordinates": [
          136.296123,
          35.373231
        ]
      },
      "properties": {
        "NO": "694",
        "共通ID": "E2520300001111",
        "施設・場所名": "南中学校",
        "住所": "滋賀県長浜市永久寺町810",
        "指定緊急避難場所との住所同一": "1",
        "その他市町村長が必要と認める事項": "",
        "受入対象者": "",
        "備考": ""
      }
    },
    {
      "type": "Feature",
      "geometry": {
        "type": "Point",
        "coordinates": [
          136.220534,
          35.423416
        ]
      },
      "properties": {
        "NO": "695",
        "共通ID": "E2520300002122",
        "施設・場所名": "びわ北小学校",
        "住所": "滋賀県長浜市益田町56",
        "指定緊急避難場所との住所同一": "1",
        "その他市町村長が必要と認める事項": null,
        "受入対象者": null,
        "備考": ""
      }
    },
    {
      "type": "Feature",
      "geometry": {
        "type": "Point",
        "coordinates": [
          136.22033,
          35.423394
        ]
      },
      "properties": {
        "NO": "696",
        "共通ID": "E2520300002111",
        "施設・場所名": "びわ北小学校",
        "住所": "滋賀県長浜市益田町56",
        "指定緊急避難場所との住所同一": "1",
        "その他市町村長が必要と認める事項": "",
        "受入対象者": "",
        "備考": ""
      }
    },
    {
      "type": "Feature",
      "geometry": {
        "type": "Point",
        "coordinates": [
          136.303848,
          35.368182
        ]
      },
      "properties": {
        "NO": "697",
        "共通ID": "E2520300003111",
        "施設・場所名": "長浜南小学校",
        "住所": "滋賀県長浜市加田町1460",
        "指定緊急避難場所との住所同一": "1",
        "その他市町村長が必要と認める事項": null,
        "受入対象者": null,
        "備考": ""
      }
    },
    {
      "type": "Feature",
      "geometry": {
        "type": "Point",
        "coordinates": [
          136.303685,
          35.368106
        ]
      },
      "properties": {
        "NO": "698",
        "共通ID": "E2520300003122",
        "施設・場所名": "長浜南小学校",
        "住所": "滋賀県長浜市加田町1460",
        "指定緊急避難場所との住所同一": "1",
        "その他市町村長が必要と認める事項": null,
        "受入対象者": null,
        "備考": ""
      }
    },
    {
      "type": "Feature",
      "geometry": {
        "type": "Point",
        "coordinates": [
          136.287553,
          35.377576
        ]
      },
      "properties": {
        "NO": "699",
        "共通ID": "E2520300004111",
        "施設・場所名": "長浜市民体育館",
        "住所": "滋賀県長浜市宮司町1203",
        "指定緊急避難場所との住所同一": "1",
        "その他市町村長が必要と認める事項": null,
        "受入対象者": null,
        "備考": ""
      }
    },
    {
      "type": "Feature",
      "geometry": {
        "type": "Point",
        "coordinates": [
          136.28745,
          35.377634
        ]
      },
      "properties": {
        "NO": "700",
        "共通ID": "E2520300004122",
        "施設・場所名": "長浜市民体育館",
        "住所": "滋賀県長浜市宮司町1203",
        "指定緊急避難場所との住所同一": "1",
        "その他市町村長が必要と認める事項": null,
        "受入対象者": null,
        "備考": ""
      }
    },
    {
      "type": "Feature",
      "geometry": {
        "type": "Point",
        "coordinates": [
          136.265503,
          35.419759
        ]
      },
      "properties": {
        "NO": "701",
        "共通ID": "E2520300005111",
        "施設・場所名": "虎姫高等学校",
        "住所": "滋賀県長浜市宮部町2410",
        "指定緊急避難場所との住所同一": "1",
        "その他市町村長が必要と認める事項": null,
        "受入対象者": null,
        "備考": ""
      }
    },
    {
      "type": "Feature",
      "geometry": {
        "type": "Point",
        "coordinates": [
          136.265635,
          35.419762
        ]
      },
      "properties": {
        "NO": "702",
        "共通ID": "E2520300005122",
        "施設・場所名": "虎姫高等学校",
        "住所": "滋賀県長浜市宮部町2410",
        "指定緊急避難場所との住所同一": "1",
        "その他市町村長が必要と認める事項": null,
        "受入対象者": null,
        "備考": ""
      }
    },
    {
      "type": "Feature",
      "geometry": {
        "type": "Point",
        "coordinates": [
          136.232589,
          35.418601
        ]
      },
      "properties": {
        "NO": "703",
        "共通ID": "E2520300006111",
        "施設・場所名": "びわ中学校",
        "住所": "滋賀県長浜市弓削町460",
        "指定緊急避難場所との住所同一": "1",
        "その他市町村長が必要と認める事項": null,
        "受入対象者": null,
        "備考": ""
      }
    },
    {
      "type": "Feature",
      "geometry": {
        "type": "Point",
        "coordinates": [
          136.232346,
          35.418545
        ]
      },
      "properties": {
        "NO": "704",
        "共通ID": "E2520300006121",
        "施設・場所名": "びわ中学校",
        "住所": "滋賀県長浜市弓削町460",
        "指定緊急避難場所との住所同一": "1",
        "その他市町村長が必要と認める事項": null,
        "受入対象者": null,
        "備考": ""
      }
    },
    {
      "type": "Feature",
      "geometry": {
        "type": "Point",
        "coordinates": [
          136.21226,
          35.446294
        ]
      },
      "properties": {
        "NO": "705",
        "共通ID": "E2520300007111",
        "施設・場所名": "朝日小学校",
        "住所": "滋賀県長浜市湖北町山本1125",
        "指定緊急避難場所との住所同一": "1",
        "その他市町村長が必要と認める事項": null,
        "受入対象者": null,
        "備考": ""
      }
    },
    {
      "type": "Feature",
      "geometry": {
        "type": "Point",
        "coordinates": [
          136.212319,
          35.44632
        ]
      },
      "properties": {
        "NO": "706",
        "共通ID": "E2520300007122",
        "施設・場所名": "朝日小学校",
        "住所": "滋賀県長浜市湖北町山本1125",
        "指定緊急避難場所との住所同一": "1",
        "その他市町村長が必要と認める事項": null,
        "受入対象者": null,
        "備考": ""
      }
    },
    {
      "type": "Feature",
      "geometry": {
        "type": "Point",
        "coordinates": [
          136.209445,
          35.441794
        ]
      },
      "properties": {
        "NO": "707",
        "共通ID": "E2520300008111",
        "施設・場所名": "山本山運動広場体育館",
        "住所": "滋賀県長浜市湖北町山本2868",
        "指定緊急避難場所との住所同一": "1",
        "その他市町村長が必要と認める事項": "",
        "受入対象者": "",
        "備考": ""
      }
    },
    {
      "type": "Feature",
      "geometry": {
        "type": "Point",
        "coordinates": [
          136.242348,
          35.444172
        ]
      },
      "properties": {
        "NO": "708",
        "共通ID": "E2520300009111",
        "施設・場所名": "湖北中学校",
        "住所": "滋賀県長浜市湖北町速水1191",
        "指定緊急避難場所との住所同一": "1",
        "その他市町村長が必要と認める事項": null,
        "受入対象者": null,
        "備考": ""
      }
    },
    {
      "type": "Feature",
      "geometry": {
        "type": "Point",
        "coordinates": [
          136.243188,
          35.444898
        ]
      },
      "properties": {
        "NO": "709",
        "共通ID": "E2520300010111",
        "施設・場所名": "湖北体育館",
        "住所": "滋賀県長浜市湖北町速水1210",
        "指定緊急避難場所との住所同一": "1",
        "その他市町村長が必要と認める事項": null,
        "受入対象者": null,
        "備考": ""
      }
    },
    {
      "type": "Feature",
      "geometry": {
        "type": "Point",
        "coordinates": [
          136.235674,
          35.44256
        ]
      },
      "properties": {
        "NO": "710",
        "共通ID": "E2520300011111",
        "施設・場所名": "速水小学校",
        "住所": "滋賀県長浜市湖北町速水2561-1",
        "指定緊急避難場所との住所同一": "1",
        "その他市町村長が必要と認める事項": null,
        "受入対象者": null,
        "備考": ""
      }
    },
    {
      "type": "Feature",
      "geometry": {
        "type": "Point",
        "coordinates": [
          136.235459,
          35.442507
        ]
      },
      "properties": {
        "NO": "711",
        "共通ID": "E2520300011122",
        "施設・場所名": "速水小学校",
        "住所": "滋賀県長浜市湖北町速水2561-1",
        "指定緊急避難場所との住所同一": "1",
        "その他市町村長が必要と認める事項": null,
        "受入対象者": null,
        "備考": ""
      }
    },
    {
      "type": "Feature",
      "geometry": {
        "type": "Point",
        "coordinates": [
          136.243431,
          35.446392
        ]
      },
      "properties": {
        "NO": "712",
        "共通ID": "E2520300012111",
        "施設・場所名": "湖北文化ホール",
        "住所": "滋賀県長浜市湖北町速水2745",
        "指定緊急避難場所との住所同一": "1",
        "その他市町村長が必要と認める事項": null,
        "受入対象者": null,
        "備考": ""
      }
    },
    {
      "type": "Feature",
      "geometry": {
        "type": "Point",
        "coordinates": [
          136.243339,
          35.4464
        ]
      },
      "properties": {
        "NO": "713",
        "共通ID": "E2520300012122",
        "施設・場所名": "湖北文化ホール",
        "住所": "滋賀県長浜市湖北町速水2745",
        "指定緊急避難場所との住所同一": "1",
        "その他市町村長が必要と認める事項": null,
        "受入対象者": null,
        "備考": ""
      }
    },
    {
      "type": "Feature",
      "geometry": {
        "type": "Point",
        "coordinates": [
          136.265485,
          35.421636
        ]
      },
      "properties": {
        "NO": "714",
        "共通ID": "E2520300013111",
        "施設・場所名": "虎姫運動広場体育館",
        "住所": "滋賀県長浜市五村360-1",
        "指定緊急避難場所との住所同一": "1",
        "その他市町村長が必要と認める事項": null,
        "受入対象者": null,
        "備考": ""
      }
    },
    {
      "type": "Feature",
      "geometry": {
        "type": "Point",
        "coordinates": [
          136.265439,
          35.421728
        ]
      },
      "properties": {
        "NO": "715",
        "共通ID": "E2520300013122",
        "施設・場所名": "虎姫運動広場体育館",
        "住所": "滋賀県長浜市五村360-1",
        "指定緊急避難場所との住所同一": "1",
        "その他市町村長が必要と認める事項": null,
        "受入対象者": null,
        "備考": ""
      }
    },
    {
      "type": "Feature",
      "geometry": {
        "type": "Point",
        "coordinates": [
          136.263964,
          35.420755
        ]
      },
      "properties": {
        "NO": "716",
        "共通ID": "E2520300014122",
        "施設・場所名": "虎姫学園",
        "住所": "滋賀県長浜市五村88",
        "指定緊急避難場所との住所同一": "1",
        "その他市町村長が必要と認める事項": null,
        "受入対象者": null,
        "備考": ""
      }
    },
    {
      "type": "Feature",
      "geometry": {
        "type": "Point",
        "coordinates": [
          136.26417,
          35.42083
        ]
      },
      "properties": {
        "NO": "717",
        "共通ID": "E2520300014111",
        "施設・場所名": "虎姫学園",
        "住所": "滋賀県長浜市五村88",
        "指定緊急避難場所との住所同一": "1",
        "その他市町村長が必要と認める事項": null,
        "受入対象者": null,
        "備考": ""
      }
    },
    {
      "type": "Feature",
      "geometry": {
        "type": "Point",
        "coordinates": [
          136.239548,
          35.489244
        ]
      },
      "properties": {
        "NO": "718",
        "共通ID": "E2520300015111",
        "施設・場所名": "富永小学校",
        "住所": "滋賀県長浜市高月町井口160",
        "指定緊急避難場所との住所同一": "1",
        "その他市町村長が必要と認める事項": null,
        "受入対象者": null,
        "備考": ""
      }
    },
    {
      "type": "Feature",
      "geometry": {
        "type": "Point",
        "coordinates": [
          136.239449,
          35.489333
        ]
      },
      "properties": {
        "NO": "719",
        "共通ID": "E2520300015122",
        "施設・場所名": "富永小学校",
        "住所": "滋賀県長浜市高月町井口160",
        "指定緊急避難場所との住所同一": "1",
        "その他市町村長が必要と認める事項": null,
        "受入対象者": null,
        "備考": ""
      }
    },
    {
      "type": "Feature",
      "geometry": {
        "type": "Point",
        "coordinates": [
          136.227063,
          35.469864
        ]
      },
      "properties": {
        "NO": "720",
        "共通ID": "E2520300016111",
        "施設・場所名": "高月中学校",
        "住所": "滋賀県長浜市高月町高月2491-1",
        "指定緊急避難場所との住所同一": "1",
        "その他市町村長が必要と認める事項": null,
        "受入対象者": null,
        "備考": ""
      }
    },
    {
      "type": "Feature",
      "geometry": {
        "type": "Point",
        "coordinates": [
          136.226996,
          35.470016
        ]
      },
      "properties": {
        "NO": "721",
        "共通ID": "E2520300016122",
        "施設・場所名": "高月中学校",
        "住所": "滋賀県長浜市高月町高月2491-1",
        "指定緊急避難場所との住所同一": "1",
        "その他市町村長が必要と認める事項": null,
        "受入対象者": null,
        "備考": ""
      }
    },
    {
      "type": "Feature",
      "geometry": {
        "type": "Point",
        "coordinates": [
          136.232672,
          35.472358
        ]
      },
      "properties": {
        "NO": "722",
        "共通ID": "E2520300017122",
        "施設・場所名": "高月小学校",
        "住所": "滋賀県長浜市高月町高月738",
        "指定緊急避難場所との住所同一": "1",
        "その他市町村長が必要と認める事項": null,
        "受入対象者": null,
        "備考": ""
      }
    },
    {
      "type": "Feature",
      "geometry": {
        "type": "Point",
        "coordinates": [
          136.232818,
          35.472408
        ]
      },
      "properties": {
        "NO": "723",
        "共通ID": "E2520300017111",
        "施設・場所名": "高月小学校",
        "住所": "滋賀県長浜市高月町高月738",
        "指定緊急避難場所との住所同一": "1",
        "その他市町村長が必要と認める事項": null,
        "受入対象者": null,
        "備考": ""
      }
    },
    {
      "type": "Feature",
      "geometry": {
        "type": "Point",
        "coordinates": [
          136.211793,
          35.463908
        ]
      },
      "properties": {
        "NO": "724",
        "共通ID": "E2520300018122",
        "施設・場所名": "古保利小学校",
        "住所": "滋賀県長浜市高月町西柳野38",
        "指定緊急避難場所との住所同一": "1",
        "その他市町村長が必要と認める事項": null,
        "受入対象者": null,
        "備考": ""
      }
    },
    {
      "type": "Feature",
      "geometry": {
        "type": "Point",
        "coordinates": [
          136.211643,
          35.463886
        ]
      },
      "properties": {
        "NO": "725",
        "共通ID": "E2520300018111",
        "施設・場所名": "古保利小学校",
        "住所": "滋賀県長浜市高月町西柳野38",
        "指定緊急避難場所との住所同一": "1",
        "その他市町村長が必要と認める事項": null,
        "受入対象者": null,
        "備考": ""
      }
    },
    {
      "type": "Feature",
      "geometry": {
        "type": "Point",
        "coordinates": [
          136.235231,
          35.474787
        ]
      },
      "properties": {
        "NO": "726",
        "共通ID": "E2520300019111",
        "施設・場所名": "高月まちづくりセンター",
        "住所": "滋賀県長浜市高月町渡岸寺141-1",
        "指定緊急避難場所との住所同一": "1",
        "その他市町村長が必要と認める事項": null,
        "受入対象者": null,
        "備考": ""
      }
    },
    {
      "type": "Feature",
      "geometry": {
        "type": "Point",
        "coordinates": [
          136.235268,
          35.474825
        ]
      },
      "properties": {
        "NO": "727",
        "共通ID": "E2520300019122",
        "施設・場所名": "高月まちづくりセンター",
        "住所": "滋賀県長浜市高月町渡岸寺141-1",
        "指定緊急避難場所との住所同一": "1",
        "その他市町村長が必要と認める事項": null,
        "受入対象者": null,
        "備考": ""
      }
    },
    {
      "type": "Feature",
      "geometry": {
        "type": "Point",
        "coordinates": [
          136.219604,
          35.485259
        ]
      },
      "properties": {
        "NO": "728",
        "共通ID": "E2520300020111",
        "施設・場所名": "七郷小学校",
        "住所": "滋賀県長浜市高月町唐川248",
        "指定緊急避難場所との住所同一": "1",
        "その他市町村長が必要と認める事項": null,
        "受入対象者": null,
        "備考": ""
      }
    },
    {
      "type": "Feature",
      "geometry": {
        "type": "Point",
        "coordinates": [
          136.21947,
          35.485254
        ]
      },
      "properties": {
        "NO": "729",
        "共通ID": "E2520300020122",
        "施設・場所名": "七郷小学校",
        "住所": "滋賀県長浜市高月町唐川248",
        "指定緊急避難場所との住所同一": "1",
        "その他市町村長が必要と認める事項": null,
        "受入対象者": null,
        "備考": ""
      }
    },
    {
      "type": "Feature",
      "geometry": {
        "type": "Point",
        "coordinates": [
          136.223192,
          35.470056
        ]
      },
      "properties": {
        "NO": "730",
        "共通ID": "E2520300021111",
        "施設・場所名": "高月運動広場体育館",
        "住所": "滋賀県長浜市高月町東柳野3-1",
        "指定緊急避難場所との住所同一": "1",
        "その他市町村長が必要と認める事項": null,
        "受入対象者": null,
        "備考": ""
      }
    },
    {
      "type": "Feature",
      "geometry": {
        "type": "Point",
        "coordinates": [
          136.223088,
          35.47007
        ]
      },
      "properties": {
        "NO": "731",
        "共通ID": "E2520300021121",
        "施設・場所名": "高月運動広場体育館",
        "住所": "滋賀県長浜市高月町東柳野3-1",
        "指定緊急避難場所との住所同一": "1",
        "その他市町村長が必要と認める事項": null,
        "受入対象者": null,
        "備考": ""
      }
    },
    {
      "type": "Feature",
      "geometry": {
        "type": "Point",
        "coordinates": [
          136.276534,
          35.380292
        ]
      },
      "properties": {
        "NO": "732",
        "共通ID": "E2520300022122",
        "施設・場所名": "西中学校",
        "住所": "滋賀県長浜市高田町10-10",
        "指定緊急避難場所との住所同一": "1",
        "その他市町村長が必要と認める事項": null,
        "受入対象者": null,
        "備考": ""
      }
    },
    {
      "type": "Feature",
      "geometry": {
        "type": "Point",
        "coordinates": [
          136.276404,
          35.380294
        ]
      },
      "properties": {
        "NO": "733",
        "共通ID": "E2520300022111",
        "施設・場所名": "西中学校",
        "住所": "滋賀県長浜市高田町10-10",
        "指定緊急避難場所との住所同一": "1",
        "その他市町村長が必要と認める事項": null,
        "受入対象者": null,
        "備考": ""
      }
    },
    {
      "type": "Feature",
      "geometry": {
        "type": "Point",
        "coordinates": [
          136.274321,
          35.379748
        ]
      },
      "properties": {
        "NO": "734",
        "共通ID": "E2520300023111",
        "施設・場所名": "長浜小学校",
        "住所": "滋賀県長浜市高田町9-9",
        "指定緊急避難場所との住所同一": "1",
        "その他市町村長が必要と認める事項": null,
        "受入対象者": null,
        "備考": ""
      }
    },
    {
      "type": "Feature",
      "geometry": {
        "type": "Point",
        "coordinates": [
          136.274157,
          35.379671
        ]
      },
      "properties": {
        "NO": "735",
        "共通ID": "E2520300023122",
        "施設・場所名": "長浜小学校",
        "住所": "滋賀県長浜市高田町9-9",
        "指定緊急避難場所との住所同一": "1",
        "その他市町村長が必要と認める事項": null,
        "受入対象者": null,
        "備考": ""
      }
    },
    {
      "type": "Feature",
      "geometry": {
        "type": "Point",
        "coordinates": [
          136.291332,
          35.454679
        ]
      },
      "properties": {
        "NO": "736",
        "共通ID": "E2520300024111",
        "施設・場所名": "田根まちづくりセンター",
        "住所": "滋賀県長浜市高畑町316-1",
        "指定緊急避難場所との住所同一": "1",
        "その他市町村長が必要と認める事項": null,
        "受入対象者": null,
        "備考": ""
      }
    },
    {
      "type": "Feature",
      "geometry": {
        "type": "Point",
        "coordinates": [
          136.291305,
          35.454704
        ]
      },
      "properties": {
        "NO": "737",
        "共通ID": "E2520300024122",
        "施設・場所名": "田根まちづくりセンター",
        "住所": "滋賀県長浜市高畑町316-1",
        "指定緊急避難場所との住所同一": "1",
        "その他市町村長が必要と認める事項": null,
        "受入対象者": null,
        "備考": ""
      }
    },
    {
      "type": "Feature",
      "geometry": {
        "type": "Point",
        "coordinates": [
          136.299415,
          35.412708
        ]
      },
      "properties": {
        "NO": "738",
        "共通ID": "E2521400001121",
        "施設・場所名": "滋賀県長浜養護学校",
        "住所": "滋賀県長浜市今町920",
        "指定緊急避難場所との住所同一": "",
        "その他市町村長が必要と認める事項": null,
        "受入対象者": "要配慮者",
        "備考": ""
      }
    },
    {
      "type": "Feature",
      "geometry": {
        "type": "Point",
        "coordinates": [
          136.331283,
          35.414919
        ]
      },
      "properties": {
        "NO": "739",
        "共通ID": "E2520300025122",
        "施設・場所名": "七尾まちづくりセンター",
        "住所": "滋賀県長浜市佐野町181",
        "指定緊急避難場所との住所同一": "1",
        "その他市町村長が必要と認める事項": null,
        "受入対象者": null,
        "備考": ""
      }
    },
    {
      "type": "Feature",
      "geometry": {
        "type": "Point",
        "coordinates": [
          136.331359,
          35.414874
        ]
      },
      "properties": {
        "NO": "740",
        "共通ID": "E2520300025111",
        "施設・場所名": "七尾まちづくりセンター",
        "住所": "滋賀県長浜市佐野町181",
        "指定緊急避難場所との住所同一": "1",
        "その他市町村長が必要と認める事項": null,
        "受入対象者": null,
        "備考": ""
      }
    },
    {
      "type": "Feature",
      "geometry": {
        "type": "Point",
        "coordinates": [
          136.336706,
          35.41489
        ]
      },
      "properties": {
        "NO": "741",
        "共通ID": "E2520300026122",
        "施設・場所名": "旧七尾小学校",
        "住所": "滋賀県長浜市佐野町22",
        "指定緊急避難場所との住所同一": "1",
        "その他市町村長が必要と認める事項": null,
        "受入対象者": null,
        "備考": ""
      }
    },
    {
      "type": "Feature",
      "geometry": {
        "type": "Point",
        "coordinates": [
          136.33657,
          35.414874
        ]
      },
      "properties": {
        "NO": "742",
        "共通ID": "E2520300026111",
        "施設・場所名": "旧七尾小学校",
        "住所": "滋賀県長浜市佐野町22",
        "指定緊急避難場所との住所同一": "1",
        "その他市町村長が必要と認める事項": null,
        "受入対象者": null,
        "備考": ""
      }
    },
    {
      "type": "Feature",
      "geometry": {
        "type": "Point",
        "coordinates": [
          136.321428,
          35.400558
        ]
      },
      "properties": {
        "NO": "743",
        "共通ID": "E2520300027122",
        "施設・場所名": "北郷里小学校",
        "住所": "滋賀県長浜市春近町353",
        "指定緊急避難場所との住所同一": "1",
        "その他市町村長が必要と認める事項": null,
        "受入対象者": null,
        "備考": ""
      }
    },
    {
      "type": "Feature",
      "geometry": {
        "type": "Point",
        "coordinates": [
          136.321587,
          35.400611
        ]
      },
      "properties": {
        "NO": "744",
        "共通ID": "E2520300027111",
        "施設・場所名": "北郷里小学校",
        "住所": "滋賀県長浜市春近町353",
        "指定緊急避難場所との住所同一": "1",
        "その他市町村長が必要と認める事項": null,
        "受入対象者": null,
        "備考": ""
      }
    },
    {
      "type": "Feature",
      "geometry": {
        "type": "Point",
        "coordinates": [
          136.287078,
          35.371397
        ]
      },
      "properties": {
        "NO": "745",
        "共通ID": "E2520300028111",
        "施設・場所名": "六荘まちづくりセンター「六角館」",
        "住所": "滋賀県長浜市勝町490",
        "指定緊急避難場所との住所同一": "1",
        "その他市町村長が必要と認める事項": null,
        "受入対象者": null,
        "備考": ""
      }
    },
    {
      "type": "Feature",
      "geometry": {
        "type": "Point",
        "coordinates": [
          136.287123,
          35.371391
        ]
      },
      "properties": {
        "NO": "746",
        "共通ID": "E2520300028121",
        "施設・場所名": "六荘まちづくりセンター「六角館」",
        "住所": "滋賀県長浜市勝町490",
        "指定緊急避難場所との住所同一": "1",
        "その他市町村長が必要と認める事項": null,
        "受入対象者": null,
        "備考": ""
      }
    },
    {
      "type": "Feature",
      "geometry": {
        "type": "Point",
        "coordinates": [
          136.259158,
          35.457958
        ]
      },
      "properties": {
        "NO": "747",
        "共通ID": "E2520300029111",
        "施設・場所名": "小谷小学校",
        "住所": "滋賀県長浜市小谷丁野町524",
        "指定緊急避難場所との住所同一": "1",
        "その他市町村長が必要と認める事項": null,
        "受入対象者": null,
        "備考": ""
      }
    },
    {
      "type": "Feature",
      "geometry": {
        "type": "Point",
        "coordinates": [
          136.25924,
          35.457971
        ]
      },
      "properties": {
        "NO": "748",
        "共通ID": "E2520300029122",
        "施設・場所名": "小谷小学校",
        "住所": "滋賀県長浜市小谷丁野町524",
        "指定緊急避難場所との住所同一": "1",
        "その他市町村長が必要と認める事項": null,
        "受入対象者": null,
        "備考": ""
      }
    },
    {
      "type": "Feature",
      "geometry": {
        "type": "Point",
        "coordinates": [
          136.313819,
          35.370471
        ]
      },
      "properties": {
        "NO": "749",
        "共通ID": "E2520300030111",
        "施設・場所名": "西黒田まちづくりセンター",
        "住所": "滋賀県長浜市常喜町500-1",
        "指定緊急避難場所との住所同一": "1",
        "その他市町村長が必要と認める事項": null,
        "受入対象者": null,
        "備考": ""
      }
    },
    {
      "type": "Feature",
      "geometry": {
        "type": "Point",
        "coordinates": [
          136.313683,
          35.370411
        ]
      },
      "properties": {
        "NO": "750",
        "共通ID": "E2520300030122",
        "施設・場所名": "西黒田まちづくりセンター",
        "住所": "滋賀県長浜市常喜町500-1",
        "指定緊急避難場所との住所同一": "1",
        "その他市町村長が必要と認める事項": null,
        "受入対象者": null,
        "備考": ""
      }
    },
    {
      "type": "Feature",
      "geometry": {
        "type": "Point",
        "coordinates": [
          136.299619,
          35.388769
        ]
      },
      "properties": {
        "NO": "751",
        "共通ID": "E2520300031121",
        "施設・場所名": "南郷里まちづくりセンター",
        "住所": "滋賀県長浜市新栄町1065-2",
        "指定緊急避難場所との住所同一": "1",
        "その他市町村長が必要と認める事項": null,
        "受入対象者": null,
        "備考": ""
      }
    },
    {
      "type": "Feature",
      "geometry": {
        "type": "Point",
        "coordinates": [
          136.299652,
          35.388689
        ]
      },
      "properties": {
        "NO": "752",
        "共通ID": "E2520300031111",
        "施設・場所名": "南郷里まちづくりセンター",
        "住所": "滋賀県長浜市新栄町1065-2",
        "指定緊急避難場所との住所同一": "1",
        "その他市町村長が必要と認める事項": null,
        "受入対象者": null,
        "備考": ""
      }
    },
    {
      "type": "Feature",
      "geometry": {
        "type": "Point",
        "coordinates": [
          136.276052,
          35.397997
        ]
      },
      "properties": {
        "NO": "753",
        "共通ID": "E2520300032121",
        "施設・場所名": "神照まちづくりセンター",
        "住所": "滋賀県長浜市神照町286-1",
        "指定緊急避難場所との住所同一": "1",
        "その他市町村長が必要と認める事項": null,
        "受入対象者": null,
        "備考": ""
      }
    },
    {
      "type": "Feature",
      "geometry": {
        "type": "Point",
        "coordinates": [
          136.27624,
          35.398048
        ]
      },
      "properties": {
        "NO": "754",
        "共通ID": "E2520300032111",
        "施設・場所名": "神照まちづくりセンター",
        "住所": "滋賀県長浜市神照町286-1",
        "指定緊急避難場所との住所同一": "1",
        "その他市町村長が必要と認める事項": null,
        "受入対象者": null,
        "備考": ""
      }
    },
    {
      "type": "Feature",
      "geometry": {
        "type": "Point",
        "coordinates": [
          136.274775,
          35.39915
        ]
      },
      "properties": {
        "NO": "755",
        "共通ID": "E2520300033111",
        "施設・場所名": "神照小学校",
        "住所": "滋賀県長浜市神照町311",
        "指定緊急避難場所との住所同一": "1",
        "その他市町村長が必要と認める事項": null,
        "受入対象者": null,
        "備考": ""
      }
    },
    {
      "type": "Feature",
      "geometry": {
        "type": "Point",
        "coordinates": [
          136.274631,
          35.399081
        ]
      },
      "properties": {
        "NO": "756",
        "共通ID": "E2520300033122",
        "施設・場所名": "神照小学校",
        "住所": "滋賀県長浜市神照町311",
        "指定緊急避難場所との住所同一": "1",
        "その他市町村長が必要と認める事項": null,
        "受入対象者": null,
        "備考": ""
      }
    },
    {
      "type": "Feature",
      "geometry": {
        "type": "Point",
        "coordinates": [
          136.269416,
          35.393574
        ]
      },
      "properties": {
        "NO": "757",
        "共通ID": "E2520300034122",
        "施設・場所名": "北中学校",
        "住所": "滋賀県長浜市神照町910",
        "指定緊急避難場所との住所同一": "1",
        "その他市町村長が必要と認める事項": null,
        "受入対象者": null,
        "備考": ""
      }
    },
    {
      "type": "Feature",
      "geometry": {
        "type": "Point",
        "coordinates": [
          136.269538,
          35.393531
        ]
      },
      "properties": {
        "NO": "758",
        "共通ID": "E2520300034111",
        "施設・場所名": "北中学校",
        "住所": "滋賀県長浜市神照町910",
        "指定緊急避難場所との住所同一": "1",
        "その他市町村長が必要と認める事項": null,
        "受入対象者": null,
        "備考": ""
      }
    },
    {
      "type": "Feature",
      "geometry": {
        "type": "Point",
        "coordinates": [
          136.31265,
          35.408034
        ]
      },
      "properties": {
        "NO": "759",
        "共通ID": "E2520300035122",
        "施設・場所名": "長浜地域総合センター",
        "住所": "滋賀県長浜市西上坂町1164",
        "指定緊急避難場所との住所同一": "1",
        "その他市町村長が必要と認める事項": null,
        "受入対象者": null,
        "備考": ""
      }
    },
    {
      "type": "Feature",
      "geometry": {
        "type": "Point",
        "coordinates": [
          136.312667,
          35.407963
        ]
      },
      "properties": {
        "NO": "760",
        "共通ID": "E2520300035111",
        "施設・場所名": "長浜地域総合センター",
        "住所": "滋賀県長浜市西上坂町1164",
        "指定緊急避難場所との住所同一": "1",
        "その他市町村長が必要と認める事項": null,
        "受入対象者": null,
        "備考": ""
      }
    },
    {
      "type": "Feature",
      "geometry": {
        "type": "Point",
        "coordinates": [
          136.158875,
          35.52418
        ]
      },
      "properties": {
        "NO": "761",
        "共通ID": "E2520300036122",
        "施設・場所名": "西浅井中学校",
        "住所": "滋賀県長浜市西浅井町塩津中312",
        "指定緊急避難場所との住所同一": "1",
        "その他市町村長が必要と認める事項": null,
        "受入対象者": null,
        "備考": ""
      }
    },
    {
      "type": "Feature",
      "geometry": {
        "type": "Point",
        "coordinates": [
          136.158761,
          35.524142
        ]
      },
      "properties": {
        "NO": "762",
        "共通ID": "E2520300036111",
        "施設・場所名": "西浅井中学校",
        "住所": "滋賀県長浜市西浅井町塩津中312",
        "指定緊急避難場所との住所同一": "1",
        "その他市町村長が必要と認める事項": null,
        "受入対象者": null,
        "備考": ""
      }
    },
    {
      "type": "Feature",
      "geometry": {
        "type": "Point",
        "coordinates": [
          136.157277,
          35.53078
        ]
      },
      "properties": {
        "NO": "763",
        "共通ID": "E2520300037121",
        "施設・場所名": "塩津小学校",
        "住所": "滋賀県長浜市西浅井町塩津中41",
        "指定緊急避難場所との住所同一": "1",
        "その他市町村長が必要と認める事項": null,
        "受入対象者": null,
        "備考": ""
      }
    },
    {
      "type": "Feature",
      "geometry": {
        "type": "Point",
        "coordinates": [
          136.157422,
          35.530852
        ]
      },
      "properties": {
        "NO": "764",
        "共通ID": "E2520300037111",
        "施設・場所名": "塩津小学校",
        "住所": "滋賀県長浜市西浅井町塩津中41",
        "指定緊急避難場所との住所同一": "1",
        "その他市町村長が必要と認める事項": null,
        "受入対象者": null,
        "備考": ""
      }
    },
    {
      "type": "Feature",
      "geometry": {
        "type": "Point",
        "coordinates": [
          136.125505,
          35.498973
        ]
      },
      "properties": {
        "NO": "765",
        "共通ID": "E2520300038121",
        "施設・場所名": "永原小学校",
        "住所": "滋賀県長浜市西浅井町大浦167",
        "指定緊急避難場所との住所同一": "1",
        "その他市町村長が必要と認める事項": null,
        "受入対象者": null,
        "備考": ""
      }
    },
    {
      "type": "Feature",
      "geometry": {
        "type": "Point",
        "coordinates": [
          136.125595,
          35.498956
        ]
      },
      "properties": {
        "NO": "766",
        "共通ID": "E2520300038111",
        "施設・場所名": "永原小学校",
        "住所": "滋賀県長浜市西浅井町大浦167",
        "指定緊急避難場所との住所同一": "1",
        "その他市町村長が必要と認める事項": null,
        "受入対象者": null,
        "備考": ""
      }
    },
    {
      "type": "Feature",
      "geometry": {
        "type": "Point",
        "coordinates": [
          136.123826,
          35.498436
        ]
      },
      "properties": {
        "NO": "767",
        "共通ID": "E2520300039111",
        "施設・場所名": "西浅井まちづくりセンター",
        "住所": "滋賀県長浜市西浅井町大浦2590",
        "指定緊急避難場所との住所同一": "1",
        "その他市町村長が必要と認める事項": null,
        "受入対象者": null,
        "備考": ""
      }
    },
    {
      "type": "Feature",
      "geometry": {
        "type": "Point",
        "coordinates": [
          136.1237,
          35.498518
        ]
      },
      "properties": {
        "NO": "768",
        "共通ID": "E2520300039122",
        "施設・場所名": "西浅井まちづくりセンター",
        "住所": "滋賀県長浜市西浅井町大浦2590",
        "指定緊急避難場所との住所同一": "1",
        "その他市町村長が必要と認める事項": null,
        "受入対象者": null,
        "備考": ""
      }
    },
    {
      "type": "Feature",
      "geometry": {
        "type": "Point",
        "coordinates": [
          136.239343,
          35.40505
        ]
      },
      "properties": {
        "NO": "769",
        "共通ID": "E2520300040121",
        "施設・場所名": "びわ南小学校",
        "住所": "滋賀県長浜市川道町3456",
        "指定緊急避難場所との住所同一": "1",
        "その他市町村長が必要と認める事項": null,
        "受入対象者": null,
        "備考": ""
      }
    },
    {
      "type": "Feature",
      "geometry": {
        "type": "Point",
        "coordinates": [
          136.239559,
          35.405111
        ]
      },
      "properties": {
        "NO": "770",
        "共通ID": "E2520300040111",
        "施設・場所名": "びわ南小学校",
        "住所": "滋賀県長浜市川道町3456",
        "指定緊急避難場所との住所同一": "1",
        "その他市町村長が必要と認める事項": null,
        "受入対象者": null,
        "備考": ""
      }
    },
    {
      "type": "Feature",
      "geometry": {
        "type": "Point",
        "coordinates": [
          136.276721,
          35.377278
        ]
      },
      "properties": {
        "NO": "771",
        "共通ID": "E2520300041121",
        "施設・場所名": "長浜北星高等学校",
        "住所": "滋賀県長浜市地福寺町3-72",
        "指定緊急避難場所との住所同一": "1",
        "その他市町村長が必要と認める事項": null,
        "受入対象者": null,
        "備考": ""
      }
    },
    {
      "type": "Feature",
      "geometry": {
        "type": "Point",
        "coordinates": [
          136.276613,
          35.377224
        ]
      },
      "properties": {
        "NO": "772",
        "共通ID": "E2520300041111",
        "施設・場所名": "長浜北星高等学校",
        "住所": "滋賀県長浜市地福寺町3-72",
        "指定緊急避難場所との住所同一": "1",
        "その他市町村長が必要と認める事項": null,
        "受入対象者": null,
        "備考": ""
      }
    },
    {
      "type": "Feature",
      "geometry": {
        "type": "Point",
        "coordinates": [
          136.279267,
          35.377333
        ]
      },
      "properties": {
        "NO": "773",
        "共通ID": "E2520300042111",
        "施設・場所名": "長浜市民交流センター",
        "住所": "滋賀県長浜市地福寺町4-36",
        "指定緊急避難場所との住所同一": "1",
        "その他市町村長が必要と認める事項": null,
        "受入対象者": null,
        "備考": ""
      }
    },
    {
      "type": "Feature",
      "geometry": {
        "type": "Point",
        "coordinates": [
          136.280261,
          35.356902
        ]
      },
      "properties": {
        "NO": "774",
        "共通ID": "E2520300043111",
        "施設・場所名": "長浜バイオ大学",
        "住所": "滋賀県長浜市田村町1266",
        "指定緊急避難場所との住所同一": "1",
        "その他市町村長が必要と認める事項": null,
        "受入対象者": null,
        "備考": ""
      }
    },
    {
      "type": "Feature",
      "geometry": {
        "type": "Point",
        "coordinates": [
          136.280327,
          35.35692
        ]
      },
      "properties": {
        "NO": "775",
        "共通ID": "E2520300043122",
        "施設・場所名": "長浜バイオ大学",
        "住所": "滋賀県長浜市田村町1266",
        "指定緊急避難場所との住所同一": "1",
        "その他市町村長が必要と認める事項": null,
        "受入対象者": null,
        "備考": ""
      }
    },
    {
      "type": "Feature",
      "geometry": {
        "type": "Point",
        "coordinates": [
          136.287394,
          35.358343
        ]
      },
      "properties": {
        "NO": "776",
        "共通ID": "E2520300044121",
        "施設・場所名": "滋賀文教短期大学",
        "住所": "滋賀県長浜市田村町335",
        "指定緊急避難場所との住所同一": "1",
        "その他市町村長が必要と認める事項": null,
        "受入対象者": null,
        "備考": ""
      }
    },
    {
      "type": "Feature",
      "geometry": {
        "type": "Point",
        "coordinates": [
          136.287522,
          35.358382
        ]
      },
      "properties": {
        "NO": "777",
        "共通ID": "E2520300044111",
        "施設・場所名": "滋賀文教短期大学",
        "住所": "滋賀県長浜市田村町335",
        "指定緊急避難場所との住所同一": "1",
        "その他市町村長が必要と認める事項": null,
        "受入対象者": null,
        "備考": ""
      }
    },
    {
      "type": "Feature",
      "geometry": {
        "type": "Point",
        "coordinates": [
          136.259951,
          35.422525
        ]
      },
      "properties": {
        "NO": "778",
        "共通ID": "E2520300045121",
        "施設・場所名": "虎姫まちづくりセンター",
        "住所": "滋賀県長浜市田町108",
        "指定緊急避難場所との住所同一": "1",
        "その他市町村長が必要と認める事項": null,
        "受入対象者": null,
        "備考": ""
      }
    },
    {
      "type": "Feature",
      "geometry": {
        "type": "Point",
        "coordinates": [
          136.26004,
          35.422537
        ]
      },
      "properties": {
        "NO": "779",
        "共通ID": "E2520300045111",
        "施設・場所名": "虎姫まちづくりセンター",
        "住所": "滋賀県長浜市田町108",
        "指定緊急避難場所との住所同一": "1",
        "その他市町村長が必要と認める事項": null,
        "受入対象者": null,
        "備考": ""
      }
    },
    {
      "type": "Feature",
      "geometry": {
        "type": "Point",
        "coordinates": [
          136.321678,
          35.401326
        ]
      },
      "properties": {
        "NO": "780",
        "共通ID": "E2520300046111",
        "施設・場所名": "北郷里まちづくりセンター",
        "住所": "滋賀県長浜市東上坂町976-7",
        "指定緊急避難場所との住所同一": "1",
        "その他市町村長が必要と認める事項": null,
        "受入対象者": null,
        "備考": ""
      }
    },
    {
      "type": "Feature",
      "geometry": {
        "type": "Point",
        "coordinates": [
          136.321645,
          35.401346
        ]
      },
      "properties": {
        "NO": "781",
        "共通ID": "E2520300046121",
        "施設・場所名": "北郷里まちづくりセンター",
        "住所": "滋賀県長浜市東上坂町976-7",
        "指定緊急避難場所との住所同一": "1",
        "その他市町村長が必要と認める事項": null,
        "受入対象者": null,
        "備考": ""
      }
    },
    {
      "type": "Feature",
      "geometry": {
        "type": "Point",
        "coordinates": [
          136.328142,
          35.43499
        ]
      },
      "properties": {
        "NO": "782",
        "共通ID": "E2520300047111",
        "施設・場所名": "浅井小学校",
        "住所": "滋賀県長浜市当目町54",
        "指定緊急避難場所との住所同一": "1",
        "その他市町村長が必要と認める事項": null,
        "受入対象者": null,
        "備考": ""
      }
    },
    {
      "type": "Feature",
      "geometry": {
        "type": "Point",
        "coordinates": [
          136.328217,
          35.435018
        ]
      },
      "properties": {
        "NO": "783",
        "共通ID": "E2520300047121",
        "施設・場所名": "浅井小学校",
        "住所": "滋賀県長浜市当目町54",
        "指定緊急避難場所との住所同一": "1",
        "その他市町村長が必要と認める事項": null,
        "受入対象者": null,
        "備考": ""
      }
    },
    {
      "type": "Feature",
      "geometry": {
        "type": "Point",
        "coordinates": [
          136.29516,
          35.429575
        ]
      },
      "properties": {
        "NO": "784",
        "共通ID": "E2520300048111",
        "施設・場所名": "湯田小学校",
        "住所": "滋賀県長浜市内保町1051",
        "指定緊急避難場所との住所同一": "1",
        "その他市町村長が必要と認める事項": null,
        "受入対象者": null,
        "備考": ""
      }
    },
    {
      "type": "Feature",
      "geometry": {
        "type": "Point",
        "coordinates": [
          136.29533,
          35.429562
        ]
      },
      "properties": {
        "NO": "785",
        "共通ID": "E2520300048121",
        "施設・場所名": "湯田小学校",
        "住所": "滋賀県長浜市内保町1051",
        "指定緊急避難場所との住所同一": "1",
        "その他市町村長が必要と認める事項": null,
        "受入対象者": null,
        "備考": ""
      }
    },
    {
      "type": "Feature",
      "geometry": {
        "type": "Point",
        "coordinates": [
          136.299215,
          35.428416
        ]
      },
      "properties": {
        "NO": "786",
        "共通ID": "E2520300049111",
        "施設・場所名": "浅井文化ホール",
        "住所": "滋賀県長浜市内保町2500",
        "指定緊急避難場所との住所同一": "1",
        "その他市町村長が必要と認める事項": null,
        "受入対象者": null,
        "備考": ""
      }
    },
    {
      "type": "Feature",
      "geometry": {
        "type": "Point",
        "coordinates": [
          136.299033,
          35.428399
        ]
      },
      "properties": {
        "NO": "787",
        "共通ID": "E2520300049121",
        "施設・場所名": "浅井文化ホール",
        "住所": "滋賀県長浜市内保町2500",
        "指定緊急避難場所との住所同一": "1",
        "その他市町村長が必要と認める事項": null,
        "受入対象者": null,
        "備考": ""
      }
    },
    {
      "type": "Feature",
      "geometry": {
        "type": "Point",
        "coordinates": [
          136.295665,
          35.432292
        ]
      },
      "properties": {
        "NO": "788",
        "共通ID": "E2520300050111",
        "施設・場所名": "湯田まちづくりセンター",
        "住所": "滋賀県長浜市内保町2645",
        "指定緊急避難場所との住所同一": "1",
        "その他市町村長が必要と認める事項": null,
        "受入対象者": null,
        "備考": ""
      }
    },
    {
      "type": "Feature",
      "geometry": {
        "type": "Point",
        "coordinates": [
          136.29561,
          35.432284
        ]
      },
      "properties": {
        "NO": "789",
        "共通ID": "E2520300050121",
        "施設・場所名": "湯田まちづくりセンター",
        "住所": "滋賀県長浜市内保町2645",
        "指定緊急避難場所との住所同一": "1",
        "その他市町村長が必要と認める事項": null,
        "受入対象者": null,
        "備考": ""
      }
    },
    {
      "type": "Feature",
      "geometry": {
        "type": "Point",
        "coordinates": [
          136.298436,
          35.431166
        ]
      },
      "properties": {
        "NO": "790",
        "共通ID": "E2520300051111",
        "施設・場所名": "浅井中学校",
        "住所": "滋賀県長浜市内保町627",
        "指定緊急避難場所との住所同一": "1",
        "その他市町村長が必要と認める事項": null,
        "受入対象者": null,
        "備考": ""
      }
    },
    {
      "type": "Feature",
      "geometry": {
        "type": "Point",
        "coordinates": [
          136.29828,
          35.431144
        ]
      },
      "properties": {
        "NO": "791",
        "共通ID": "E2520300051121",
        "施設・場所名": "浅井中学校",
        "住所": "滋賀県長浜市内保町627",
        "指定緊急避難場所との住所同一": "1",
        "その他市町村長が必要と認める事項": null,
        "受入対象者": null,
        "備考": ""
      }
    },
    {
      "type": "Feature",
      "geometry": {
        "type": "Point",
        "coordinates": [
          136.301914,
          35.388774
        ]
      },
      "properties": {
        "NO": "792",
        "共通ID": "E2520300052111",
        "施設・場所名": "南郷里小学校",
        "住所": "滋賀県長浜市南田附町352",
        "指定緊急避難場所との住所同一": "1",
        "その他市町村長が必要と認める事項": null,
        "受入対象者": null,
        "備考": ""
      }
    },
    {
      "type": "Feature",
      "geometry": {
        "type": "Point",
        "coordinates": [
          136.301994,
          35.388777
        ]
      },
      "properties": {
        "NO": "793",
        "共通ID": "E2520300052121",
        "施設・場所名": "南郷里小学校",
        "住所": "滋賀県長浜市南田附町352",
        "指定緊急避難場所との住所同一": "1",
        "その他市町村長が必要と認める事項": null,
        "受入対象者": null,
        "備考": ""
      }
    },
    {
      "type": "Feature",
      "geometry": {
        "type": "Point",
        "coordinates": [
          136.233014,
          35.41155
        ]
      },
      "properties": {
        "NO": "794",
        "共通ID": "E2520300053111",
        "施設・場所名": "びわまちづくりセンター",
        "住所": "滋賀県長浜市難波町448",
        "指定緊急避難場所との住所同一": "1",
        "その他市町村長が必要と認める事項": null,
        "受入対象者": null,
        "備考": ""
      }
    },
    {
      "type": "Feature",
      "geometry": {
        "type": "Point",
        "coordinates": [
          136.232949,
          35.411596
        ]
      },
      "properties": {
        "NO": "795",
        "共通ID": "E2520300053121",
        "施設・場所名": "びわまちづくりセンター",
        "住所": "滋賀県長浜市難波町448",
        "指定緊急避難場所との住所同一": "1",
        "その他市町村長が必要と認める事項": null,
        "受入対象者": null,
        "備考": ""
      }
    },
    {
      "type": "Feature",
      "geometry": {
        "type": "Point",
        "coordinates": [
          136.265778,
          35.390931
        ]
      },
      "properties": {
        "NO": "796",
        "共通ID": "E2520300054111",
        "施設・場所名": "長浜北小学校",
        "住所": "滋賀県長浜市八幡中山町1310",
        "指定緊急避難場所との住所同一": "1",
        "その他市町村長が必要と認める事項": null,
        "受入対象者": null,
        "備考": ""
      }
    },
    {
      "type": "Feature",
      "geometry": {
        "type": "Point",
        "coordinates": [
          136.265659,
          35.390897
        ]
      },
      "properties": {
        "NO": "797",
        "共通ID": "E2520300054121",
        "施設・場所名": "長浜北小学校",
        "住所": "滋賀県長浜市八幡中山町1310",
        "指定緊急避難場所との住所同一": "1",
        "その他市町村長が必要と認める事項": null,
        "受入対象者": null,
        "備考": ""
      }
    },
    {
      "type": "Feature",
      "geometry": {
        "type": "Point",
        "coordinates": [
          136.22296,
          35.424474
        ]
      },
      "properties": {
        "NO": "798",
        "共通ID": "E2520300055111",
        "施設・場所名": "あじさいホール",
        "住所": "滋賀県長浜市富田町431",
        "指定緊急避難場所との住所同一": "1",
        "その他市町村長が必要と認める事項": null,
        "受入対象者": null,
        "備考": ""
      }
    },
    {
      "type": "Feature",
      "geometry": {
        "type": "Point",
        "coordinates": [
          136.22307,
          35.424539
        ]
      },
      "properties": {
        "NO": "799",
        "共通ID": "E2520300055121",
        "施設・場所名": "あじさいホール",
        "住所": "滋賀県長浜市富田町431",
        "指定緊急避難場所との住所同一": "1",
        "その他市町村長が必要と認める事項": null,
        "受入対象者": null,
        "備考": ""
      }
    },
    {
      "type": "Feature",
      "geometry": {
        "type": "Point",
        "coordinates": [
          136.277087,
          35.370025
        ]
      },
      "properties": {
        "NO": "800",
        "共通ID": "E2520300056111",
        "施設・場所名": "長浜北高等学校",
        "住所": "滋賀県長浜市平方町270",
        "指定緊急避難場所との住所同一": "1",
        "その他市町村長が必要と認める事項": null,
        "受入対象者": null,
        "備考": ""
      }
    },
    {
      "type": "Feature",
      "geometry": {
        "type": "Point",
        "coordinates": [
          136.277174,
          35.369992
        ]
      },
      "properties": {
        "NO": "801",
        "共通ID": "E2520300056121",
        "施設・場所名": "長浜北高等学校",
        "住所": "滋賀県長浜市平方町270",
        "指定緊急避難場所との住所同一": "1",
        "その他市町村長が必要と認める事項": null,
        "受入対象者": null,
        "備考": ""
      }
    },
    {
      "type": "Feature",
      "geometry": {
        "type": "Point",
        "coordinates": [
          136.330002,
          35.433967
        ]
      },
      "properties": {
        "NO": "802",
        "共通ID": "E2520300057111",
        "施設・場所名": "下草野まちづくりセンター",
        "住所": "滋賀県長浜市北ノ郷町105",
        "指定緊急避難場所との住所同一": "1",
        "その他市町村長が必要と認める事項": null,
        "受入対象者": null,
        "備考": ""
      }
    },
    {
      "type": "Feature",
      "geometry": {
        "type": "Point",
        "coordinates": [
          136.32985,
          35.433886
        ]
      },
      "properties": {
        "NO": "803",
        "共通ID": "E2520300057121",
        "施設・場所名": "下草野まちづくりセンター",
        "住所": "滋賀県長浜市北ノ郷町105",
        "指定緊急避難場所との住所同一": "1",
        "その他市町村長が必要と認める事項": null,
        "受入対象者": null,
        "備考": ""
      }
    },
    {
      "type": "Feature",
      "geometry": {
        "type": "Point",
        "coordinates": [
          136.316701,
          35.391897
        ]
      },
      "properties": {
        "NO": "804",
        "共通ID": "E2520300058122",
        "施設・場所名": "東中学校",
        "住所": "滋賀県長浜市堀部町763",
        "指定緊急避難場所との住所同一": "1",
        "その他市町村長が必要と認める事項": null,
        "受入対象者": null,
        "備考": ""
      }
    },
    {
      "type": "Feature",
      "geometry": {
        "type": "Point",
        "coordinates": [
          136.316817,
          35.391936
        ]
      },
      "properties": {
        "NO": "805",
        "共通ID": "E2520300058111",
        "施設・場所名": "東中学校",
        "住所": "滋賀県長浜市堀部町763",
        "指定緊急避難場所との住所同一": "1",
        "その他市町村長が必要と認める事項": null,
        "受入対象者": null,
        "備考": ""
      }
    },
    {
      "type": "Feature",
      "geometry": {
        "type": "Point",
        "coordinates": [
          136.319987,
          35.366189
        ]
      },
      "properties": {
        "NO": "806",
        "共通ID": "E2520300059111",
        "施設・場所名": "長浜農業高等学校",
        "住所": "滋賀県長浜市名越町600",
        "指定緊急避難場所との住所同一": "1",
        "その他市町村長が必要と認める事項": null,
        "受入対象者": null,
        "備考": ""
      }
    },
    {
      "type": "Feature",
      "geometry": {
        "type": "Point",
        "coordinates": [
          136.319885,
          35.366203
        ]
      },
      "properties": {
        "NO": "807",
        "共通ID": "E2520300059122",
        "施設・場所名": "長浜農業高等学校",
        "住所": "滋賀県長浜市名越町600",
        "指定緊急避難場所との住所同一": "1",
        "その他市町村長が必要と認める事項": null,
        "受入対象者": null,
        "備考": ""
      }
    },
    {
      "type": "Feature",
      "geometry": {
        "type": "Point",
        "coordinates": [
          136.268664,
          35.570275
        ]
      },
      "properties": {
        "NO": "808",
        "共通ID": "E2520300060111",
        "施設・場所名": "旧杉野小中学校",
        "住所": "滋賀県長浜市木之本町杉野489",
        "指定緊急避難場所との住所同一": "1",
        "その他市町村長が必要と認める事項": null,
        "受入対象者": null,
        "備考": ""
      }
    },
    {
      "type": "Feature",
      "geometry": {
        "type": "Point",
        "coordinates": [
          136.268583,
          35.570342
        ]
      },
      "properties": {
        "NO": "809",
        "共通ID": "E2520300060122",
        "施設・場所名": "旧杉野小中学校",
        "住所": "滋賀県長浜市木之本町杉野489",
        "指定緊急避難場所との住所同一": "1",
        "その他市町村長が必要と認める事項": null,
        "受入対象者": null,
        "備考": ""
      }
    },
    {
      "type": "Feature",
      "geometry": {
        "type": "Point",
        "coordinates": [
          136.213035,
          35.497778
        ]
      },
      "properties": {
        "NO": "810",
        "共通ID": "E2520300061111",
        "施設・場所名": "長浜伊香ツインアリーナ",
        "住所": "滋賀県長浜市木之本町西山183-3",
        "指定緊急避難場所との住所同一": "1",
        "その他市町村長が必要と認める事項": null,
        "受入対象者": null,
        "備考": ""
      }
    },
    {
      "type": "Feature",
      "geometry": {
        "type": "Point",
        "coordinates": [
          136.212918,
          35.497681
        ]
      },
      "properties": {
        "NO": "811",
        "共通ID": "E2520300061122",
        "施設・場所名": "長浜伊香ツインアリーナ",
        "住所": "滋賀県長浜市木之本町西山183-3",
        "指定緊急避難場所との住所同一": "1",
        "その他市町村長が必要と認める事項": null,
        "受入対象者": null,
        "備考": ""
      }
    },
    {
      "type": "Feature",
      "geometry": {
        "type": "Point",
        "coordinates": [
          136.251872,
          35.50196
        ]
      },
      "properties": {
        "NO": "812",
        "共通ID": "E2520300062111",
        "施設・場所名": "高時小学校",
        "住所": "滋賀県長浜市木之本町石道1079-1",
        "指定緊急避難場所との住所同一": "1",
        "その他市町村長が必要と認める事項": null,
        "受入対象者": null,
        "備考": ""
      }
    },
    {
      "type": "Feature",
      "geometry": {
        "type": "Point",
        "coordinates": [
          136.251753,
          35.501894
        ]
      },
      "properties": {
        "NO": "813",
        "共通ID": "E2520300062122",
        "施設・場所名": "高時小学校",
        "住所": "滋賀県長浜市木之本町石道1079-1",
        "指定緊急避難場所との住所同一": "1",
        "その他市町村長が必要と認める事項": null,
        "受入対象者": null,
        "備考": ""
      }
    },
    {
      "type": "Feature",
      "geometry": {
        "type": "Point",
        "coordinates": [
          136.197952,
          35.500519
        ]
      },
      "properties": {
        "NO": "814",
        "共通ID": "E2520300063122",
        "施設・場所名": "伊香具小学校",
        "住所": "滋賀県長浜市木之本町大音1114",
        "指定緊急避難場所との住所同一": "1",
        "その他市町村長が必要と認める事項": null,
        "受入対象者": null,
        "備考": ""
      }
    },
    {
      "type": "Feature",
      "geometry": {
        "type": "Point",
        "coordinates": [
          136.197995,
          35.500528
        ]
      },
      "properties": {
        "NO": "815",
        "共通ID": "E2520300063111",
        "施設・場所名": "伊香具小学校",
        "住所": "滋賀県長浜市木之本町大音1114",
        "指定緊急避難場所との住所同一": "1",
        "その他市町村長が必要と認める事項": null,
        "受入対象者": null,
        "備考": ""
      }
    },
    {
      "type": "Feature",
      "geometry": {
        "type": "Point",
        "coordinates": [
          136.238293,
          35.532153
        ]
      },
      "properties": {
        "NO": "816",
        "共通ID": "E2520300064122",
        "施設・場所名": "大見いこいの広場",
        "住所": "滋賀県長浜市木之本町大見678",
        "指定緊急避難場所との住所同一": "1",
        "その他市町村長が必要と認める事項": null,
        "受入対象者": null,
        "備考": ""
      }
    },
    {
      "type": "Feature",
      "geometry": {
        "type": "Point",
        "coordinates": [
          136.238383,
          35.532183
        ]
      },
      "properties": {
        "NO": "817",
        "共通ID": "E2520300064111",
        "施設・場所名": "大見いこいの広場",
        "住所": "滋賀県長浜市木之本町大見678",
        "指定緊急避難場所との住所同一": "1",
        "その他市町村長が必要と認める事項": null,
        "受入対象者": null,
        "備考": ""
      }
    },
    {
      "type": "Feature",
      "geometry": {
        "type": "Point",
        "coordinates": [
          136.23014,
          35.50117
        ]
      },
      "properties": {
        "NO": "818",
        "共通ID": "E2520300065111",
        "施設・場所名": "木之本文化センター",
        "住所": "滋賀県長浜市木之本町田部542",
        "指定緊急避難場所との住所同一": "1",
        "その他市町村長が必要と認める事項": null,
        "受入対象者": null,
        "備考": ""
      }
    },
    {
      "type": "Feature",
      "geometry": {
        "type": "Point",
        "coordinates": [
          136.230092,
          35.501197
        ]
      },
      "properties": {
        "NO": "819",
        "共通ID": "E2520300065121",
        "施設・場所名": "木之本文化センター",
        "住所": "滋賀県長浜市木之本町田部542",
        "指定緊急避難場所との住所同一": "1",
        "その他市町村長が必要と認める事項": null,
        "受入対象者": null,
        "備考": ""
      }
    },
    {
      "type": "Feature",
      "geometry": {
        "type": "Point",
        "coordinates": [
          136.222292,
          35.502636
        ]
      },
      "properties": {
        "NO": "820",
        "共通ID": "E2520300066111",
        "施設・場所名": "木之本スティックホール",
        "住所": "滋賀県長浜市木之本町木之本1757-6",
        "指定緊急避難場所との住所同一": "1",
        "その他市町村長が必要と認める事項": null,
        "受入対象者": null,
        "備考": ""
      }
    },
    {
      "type": "Feature",
      "geometry": {
        "type": "Point",
        "coordinates": [
          136.222199,
          35.502621
        ]
      },
      "properties": {
        "NO": "821",
        "共通ID": "E2520300066121",
        "施設・場所名": "木之本スティックホール",
        "住所": "滋賀県長浜市木之本町木之本1757-6",
        "指定緊急避難場所との住所同一": "1",
        "その他市町村長が必要と認める事項": null,
        "受入対象者": null,
        "備考": ""
      }
    },
    {
      "type": "Feature",
      "geometry": {
        "type": "Point",
        "coordinates": [
          136.229742,
          35.508895
        ]
      },
      "properties": {
        "NO": "822",
        "共通ID": "E2520300067111",
        "施設・場所名": "伊香高等学校",
        "住所": "滋賀県長浜市木之本町木之本251",
        "指定緊急避難場所との住所同一": "1",
        "その他市町村長が必要と認める事項": null,
        "受入対象者": null,
        "備考": ""
      }
    },
    {
      "type": "Feature",
      "geometry": {
        "type": "Point",
        "coordinates": [
          136.229603,
          35.508864
        ]
      },
      "properties": {
        "NO": "823",
        "共通ID": "E2520300067121",
        "施設・場所名": "伊香高等学校",
        "住所": "滋賀県長浜市木之本町木之本251",
        "指定緊急避難場所との住所同一": "1",
        "その他市町村長が必要と認める事項": null,
        "受入対象者": null,
        "備考": ""
      }
    },
    {
      "type": "Feature",
      "geometry": {
        "type": "Point",
        "coordinates": [
          136.22872,
          35.504558
        ]
      },
      "properties": {
        "NO": "824",
        "共通ID": "E2520300068111",
        "施設・場所名": "木之本中学校",
        "住所": "滋賀県長浜市木之本町木之本682",
        "指定緊急避難場所との住所同一": "1",
        "その他市町村長が必要と認める事項": null,
        "受入対象者": null,
        "備考": ""
      }
    },
    {
      "type": "Feature",
      "geometry": {
        "type": "Point",
        "coordinates": [
          136.22855,
          35.50453
        ]
      },
      "properties": {
        "NO": "825",
        "共通ID": "E2520300068122",
        "施設・場所名": "木之本中学校",
        "住所": "滋賀県長浜市木之本町木之本682",
        "指定緊急避難場所との住所同一": "1",
        "その他市町村長が必要と認める事項": null,
        "受入対象者": null,
        "備考": ""
      }
    },
    {
      "type": "Feature",
      "geometry": {
        "type": "Point",
        "coordinates": [
          136.22786,
          35.505845
        ]
      },
      "properties": {
        "NO": "826",
        "共通ID": "E2520300069122",
        "施設・場所名": "木之本小学校",
        "住所": "滋賀県長浜市木之本町木之本685-1",
        "指定緊急避難場所との住所同一": "1",
        "その他市町村長が必要と認める事項": null,
        "受入対象者": null,
        "備考": ""
      }
    },
    {
      "type": "Feature",
      "geometry": {
        "type": "Point",
        "coordinates": [
          136.227925,
          35.505763
        ]
      },
      "properties": {
        "NO": "827",
        "共通ID": "E2520300069111",
        "施設・場所名": "木之本小学校",
        "住所": "滋賀県長浜市木之本町木之本685-1",
        "指定緊急避難場所との住所同一": "1",
        "その他市町村長が必要と認める事項": null,
        "受入対象者": null,
        "備考": ""
      }
    },
    {
      "type": "Feature",
      "geometry": {
        "type": "Point",
        "coordinates": [
          136.322408,
          35.464349
        ]
      },
      "properties": {
        "NO": "828",
        "共通ID": "E2520300070111",
        "施設・場所名": "旧上草野小学校",
        "住所": "滋賀県長浜市野瀬町730",
        "指定緊急避難場所との住所同一": "1",
        "その他市町村長が必要と認める事項": null,
        "受入対象者": null,
        "備考": ""
      }
    },
    {
      "type": "Feature",
      "geometry": {
        "type": "Point",
        "coordinates": [
          136.322699,
          35.464508
        ]
      },
      "properties": {
        "NO": "829",
        "共通ID": "E2520300070122",
        "施設・場所名": "旧上草野小学校",
        "住所": "滋賀県長浜市野瀬町730",
        "指定緊急避難場所との住所同一": "1",
        "その他市町村長が必要と認める事項": null,
        "受入対象者": null,
        "備考": ""
      }
    },
    {
      "type": "Feature",
      "geometry": {
        "type": "Point",
        "coordinates": [
          136.319981,
          35.462892
        ]
      },
      "properties": {
        "NO": "830",
        "共通ID": "E2520300071111",
        "施設・場所名": "上草野まちづくりセンター",
        "住所": "滋賀県長浜市野瀬町809",
        "指定緊急避難場所との住所同一": "1",
        "その他市町村長が必要と認める事項": null,
        "受入対象者": null,
        "備考": ""
      }
    },
    {
      "type": "Feature",
      "geometry": {
        "type": "Point",
        "coordinates": [
          136.320011,
          35.462946
        ]
      },
      "properties": {
        "NO": "831",
        "共通ID": "E2520300071122",
        "施設・場所名": "上草野まちづくりセンター",
        "住所": "滋賀県長浜市野瀬町809",
        "指定緊急避難場所との住所同一": "1",
        "その他市町村長が必要と認める事項": null,
        "受入対象者": null,
        "備考": ""
      }
    },
    {
      "type": "Feature",
      "geometry": {
        "type": "Point",
        "coordinates": [
          136.299772,
          35.456034
        ]
      },
      "properties": {
        "NO": "832",
        "共通ID": "E2520300072111",
        "施設・場所名": "田根小学校",
        "住所": "滋賀県長浜市野田町68",
        "指定緊急避難場所との住所同一": "1",
        "その他市町村長が必要と認める事項": null,
        "受入対象者": null,
        "備考": ""
      }
    },
    {
      "type": "Feature",
      "geometry": {
        "type": "Point",
        "coordinates": [
          136.299667,
          35.455984
        ]
      },
      "properties": {
        "NO": "833",
        "共通ID": "E2520300072122",
        "施設・場所名": "田根小学校",
        "住所": "滋賀県長浜市野田町68",
        "指定緊急避難場所との住所同一": "1",
        "その他市町村長が必要と認める事項": null,
        "受入対象者": null,
        "備考": ""
      }
    },
    {
      "type": "Feature",
      "geometry": {
        "type": "Point",
        "coordinates": [
          136.229229,
          35.594443
        ]
      },
      "properties": {
        "NO": "834",
        "共通ID": "E2520300073121",
        "施設・場所名": "菅並集会所",
        "住所": "滋賀県長浜市余呉町菅並741-1",
        "指定緊急避難場所との住所同一": "1",
        "その他市町村長が必要と認める事項": null,
        "受入対象者": null,
        "備考": ""
      }
    },
    {
      "type": "Feature",
      "geometry": {
        "type": "Point",
        "coordinates": [
          136.229273,
          35.5944
        ]
      },
      "properties": {
        "NO": "835",
        "共通ID": "E2520300073111",
        "施設・場所名": "菅並集会所",
        "住所": "滋賀県長浜市余呉町菅並741-1",
        "指定緊急避難場所との住所同一": "1",
        "その他市町村長が必要と認める事項": null,
        "受入対象者": null,
        "備考": ""
      }
    },
    {
      "type": "Feature",
      "geometry": {
        "type": "Point",
        "coordinates": [
          136.158018,
          35.665649
        ]
      },
      "properties": {
        "NO": "836",
        "共通ID": "E2520300074111",
        "施設・場所名": "中河内集会所",
        "住所": "滋賀県長浜市余呉町中河内86-1",
        "指定緊急避難場所との住所同一": "1",
        "その他市町村長が必要と認める事項": null,
        "受入対象者": null,
        "備考": ""
      }
    },
    {
      "type": "Feature",
      "geometry": {
        "type": "Point",
        "coordinates": [
          136.158025,
          35.665682
        ]
      },
      "properties": {
        "NO": "837",
        "共通ID": "E2520300074121",
        "施設・場所名": "中河内集会所",
        "住所": "滋賀県長浜市余呉町中河内86-1",
        "指定緊急避難場所との住所同一": "1",
        "その他市町村長が必要と認める事項": null,
        "受入対象者": null,
        "備考": ""
      }
    },
    {
      "type": "Feature",
      "geometry": {
        "type": "Point",
        "coordinates": [
          136.203034,
          35.54559
        ]
      },
      "properties": {
        "NO": "838",
        "共通ID": "E2520300075111",
        "施設・場所名": "旧鏡岡中学校",
        "住所": "滋賀県長浜市余呉町中之郷1030",
        "指定緊急避難場所との住所同一": "1",
        "その他市町村長が必要と認める事項": null,
        "受入対象者": null,
        "備考": ""
      }
    },
    {
      "type": "Feature",
      "geometry": {
        "type": "Point",
        "coordinates": [
          136.202913,
          35.545527
        ]
      },
      "properties": {
        "NO": "839",
        "共通ID": "E2520300075121",
        "施設・場所名": "旧鏡岡中学校",
        "住所": "滋賀県長浜市余呉町中之郷1030",
        "指定緊急避難場所との住所同一": "1",
        "その他市町村長が必要と認める事項": null,
        "受入対象者": null,
        "備考": ""
      }
    },
    {
      "type": "Feature",
      "geometry": {
        "type": "Point",
        "coordinates": [
          136.20484,
          35.542977
        ]
      },
      "properties": {
        "NO": "840",
        "共通ID": "E2520300076121",
        "施設・場所名": "余呉まちづくりセンター",
        "住所": "滋賀県長浜市余呉町中之郷1117-1",
        "指定緊急避難場所との住所同一": "1",
        "その他市町村長が必要と認める事項": "",
        "受入対象者": "",
        "備考": ""
      }
    },
    {
      "type": "Feature",
      "geometry": {
        "type": "Point",
        "coordinates": [
          136.204904,
          35.542965
        ]
      },
      "properties": {
        "NO": "841",
        "共通ID": "E2520300076111",
        "施設・場所名": "余呉まちづくりセンター",
        "住所": "滋賀県長浜市余呉町中之郷1117-1",
        "指定緊急避難場所との住所同一": "1",
        "その他市町村長が必要と認める事項": "",
        "受入対象者": "",
        "備考": ""
      }
    },
    {
      "type": "Feature",
      "geometry": {
        "type": "Point",
        "coordinates": [
          136.203054,
          35.549734
        ]
      },
      "properties": {
        "NO": "842",
        "共通ID": "E2520300077111",
        "施設・場所名": "余呉小中学校",
        "住所": "滋賀県長浜市余呉町中之郷777",
        "指定緊急避難場所との住所同一": "1",
        "その他市町村長が必要と認める事項": "",
        "受入対象者": "",
        "備考": ""
      }
    },
    {
      "type": "Feature",
      "geometry": {
        "type": "Point",
        "coordinates": [
          136.203191,
          35.549736
        ]
      },
      "properties": {
        "NO": "843",
        "共通ID": "E2520300077121",
        "施設・場所名": "余呉小中学校",
        "住所": "滋賀県長浜市余呉町中之郷777",
        "指定緊急避難場所との住所同一": "1",
        "その他市町村長が必要と認める事項": "",
        "受入対象者": "",
        "備考": ""
      }
    },
    {
      "type": "Feature",
      "geometry": {
        "type": "Point",
        "coordinates": [
          136.163955,
          35.175506
        ]
      },
      "properties": {
        "NO": "844",
        "共通ID": "E2521300001111",
        "施設・場所名": "能登川高等学校",
        "住所": "滋賀県東近江市伊庭町13",
        "指定緊急避難場所との住所同一": "",
        "その他市町村長が必要と認める事項": null,
        "受入対象者": null,
        "備考": ""
      }
    },
    {
      "type": "Feature",
      "geometry": {
        "type": "Point",
        "coordinates": [
          136.153543,
          35.175239
        ]
      },
      "properties": {
        "NO": "845",
        "共通ID": "E2521300002111",
        "施設・場所名": "能登川西小学校",
        "住所": "滋賀県東近江市伊庭町2885",
        "指定緊急避難場所との住所同一": "1",
        "その他市町村長が必要と認める事項": null,
        "受入対象者": null,
        "備考": ""
      }
    },
    {
      "type": "Feature",
      "geometry": {
        "type": "Point",
        "coordinates": [
          136.153327,
          35.174781
        ]
      },
      "properties": {
        "NO": "846",
        "共通ID": "E2521300003111",
        "施設・場所名": "ちどり幼児園",
        "住所": "滋賀県東近江市伊庭町2933-3",
        "指定緊急避難場所との住所同一": "",
        "その他市町村長が必要と認める事項": null,
        "受入対象者": null,
        "備考": ""
      }
    },
    {
      "type": "Feature",
      "geometry": {
        "type": "Point",
        "coordinates": [
          136.247246,
          35.130054
        ]
      },
      "properties": {
        "NO": "847",
        "共通ID": "E2521300004111",
        "施設・場所名": "湖東中学校",
        "住所": "滋賀県東近江市横溝町202",
        "指定緊急避難場所との住所同一": "1",
        "その他市町村長が必要と認める事項": null,
        "受入対象者": null,
        "備考": ""
      }
    },
    {
      "type": "Feature",
      "geometry": {
        "type": "Point",
        "coordinates": [
          136.20353,
          35.102848
        ]
      },
      "properties": {
        "NO": "848",
        "共通ID": "E2521300005111",
        "施設・場所名": "南部コミュニティセンター",
        "住所": "滋賀県東近江市沖野2-1-34",
        "指定緊急避難場所との住所同一": "",
        "その他市町村長が必要と認める事項": null,
        "受入対象者": null,
        "備考": ""
      }
    },
    {
      "type": "Feature",
      "geometry": {
        "type": "Point",
        "coordinates": [
          136.206714,
          35.095754
        ]
      },
      "properties": {
        "NO": "849",
        "共通ID": "E2521300006111",
        "施設・場所名": "八日市南小学校",
        "住所": "滋賀県東近江市沖野3-6-1",
        "指定緊急避難場所との住所同一": "1",
        "その他市町村長が必要と認める事項": null,
        "受入対象者": null,
        "備考": ""
      }
    },
    {
      "type": "Feature",
      "geometry": {
        "type": "Point",
        "coordinates": [
          136.207953,
          35.096404
        ]
      },
      "properties": {
        "NO": "850",
        "共通ID": "E2521300007111",
        "施設・場所名": "ひまわり幼児園",
        "住所": "滋賀県東近江市沖野3-7-33",
        "指定緊急避難場所との住所同一": "",
        "その他市町村長が必要と認める事項": null,
        "受入対象者": null,
        "備考": ""
      }
    },
    {
      "type": "Feature",
      "geometry": {
        "type": "Point",
        "coordinates": [
          136.143263,
          35.194051
        ]
      },
      "properties": {
        "NO": "851",
        "共通ID": "E2521300008111",
        "施設・場所名": "能登川にじいろ幼児園",
        "住所": "滋賀県東近江市乙女浜町176",
        "指定緊急避難場所との住所同一": "",
        "その他市町村長が必要と認める事項": null,
        "受入対象者": null,
        "備考": ""
      }
    },
    {
      "type": "Feature",
      "geometry": {
        "type": "Point",
        "coordinates": [
          136.148469,
          35.094393
        ]
      },
      "properties": {
        "NO": "852",
        "共通ID": "E2521300009111",
        "施設・場所名": "平田体育館",
        "住所": "滋賀県東近江市下羽田町54",
        "指定緊急避難場所との住所同一": "",
        "その他市町村長が必要と認める事項": null,
        "受入対象者": null,
        "備考": ""
      }
    },
    {
      "type": "Feature",
      "geometry": {
        "type": "Point",
        "coordinates": [
          136.147707,
          35.094975
        ]
      },
      "properties": {
        "NO": "853",
        "共通ID": "E2521300010111",
        "施設・場所名": "平田コミュニティセンター",
        "住所": "滋賀県東近江市下羽田町84-5",
        "指定緊急避難場所との住所同一": "",
        "その他市町村長が必要と認める事項": null,
        "受入対象者": null,
        "備考": ""
      }
    },
    {
      "type": "Feature",
      "geometry": {
        "type": "Point",
        "coordinates": [
          136.262574,
          35.110108
        ]
      },
      "properties": {
        "NO": "854",
        "共通ID": "E2521300011111",
        "施設・場所名": "愛東コミュニティセンター",
        "住所": "滋賀県東近江市下中野町431",
        "指定緊急避難場所との住所同一": "",
        "その他市町村長が必要と認める事項": null,
        "受入対象者": null,
        "備考": ""
      }
    },
    {
      "type": "Feature",
      "geometry": {
        "type": "Point",
        "coordinates": [
          136.261107,
          35.111877
        ]
      },
      "properties": {
        "NO": "855",
        "共通ID": "E2521300012111",
        "施設・場所名": "愛東中学校",
        "住所": "滋賀県東近江市下中野町444",
        "指定緊急避難場所との住所同一": "1",
        "その他市町村長が必要と認める事項": null,
        "受入対象者": null,
        "備考": ""
      }
    },
    {
      "type": "Feature",
      "geometry": {
        "type": "Point",
        "coordinates": [
          136.258967,
          35.138828
        ]
      },
      "properties": {
        "NO": "856",
        "共通ID": "E2521300013111",
        "施設・場所名": "湖東第一小学校",
        "住所": "滋賀県東近江市下里町21",
        "指定緊急避難場所との住所同一": "1",
        "その他市町村長が必要と認める事項": null,
        "受入対象者": null,
        "備考": ""
      }
    },
    {
      "type": "Feature",
      "geometry": {
        "type": "Point",
        "coordinates": [
          136.161384,
          35.050356
        ]
      },
      "properties": {
        "NO": "857",
        "共通ID": "E2521300014111",
        "施設・場所名": "蒲生北小学校",
        "住所": "滋賀県東近江市蒲生堂町1287",
        "指定緊急避難場所との住所同一": "1",
        "その他市町村長が必要と認める事項": null,
        "受入対象者": null,
        "備考": ""
      }
    },
    {
      "type": "Feature",
      "geometry": {
        "type": "Point",
        "coordinates": [
          136.164907,
          35.036284
        ]
      },
      "properties": {
        "NO": "858",
        "共通ID": "E2521300015111",
        "施設・場所名": "長峰幼稚園",
        "住所": "滋賀県東近江市蒲生堂町335",
        "指定緊急避難場所との住所同一": "",
        "その他市町村長が必要と認める事項": null,
        "受入対象者": null,
        "備考": ""
      }
    },
    {
      "type": "Feature",
      "geometry": {
        "type": "Point",
        "coordinates": [
          136.190483,
          35.159192
        ]
      },
      "properties": {
        "NO": "859",
        "共通ID": "E2521300016111",
        "施設・場所名": "五個荘あじさい幼児園",
        "住所": "滋賀県東近江市宮荘町631",
        "指定緊急避難場所との住所同一": "",
        "その他市町村長が必要と認める事項": null,
        "受入対象者": null,
        "備考": ""
      }
    },
    {
      "type": "Feature",
      "geometry": {
        "type": "Point",
        "coordinates": [
          136.197496,
          35.125742
        ]
      },
      "properties": {
        "NO": "860",
        "共通ID": "E2521300017111",
        "施設・場所名": "ウェルネス八日市",
        "住所": "滋賀県東近江市建部上中町561",
        "指定緊急避難場所との住所同一": "",
        "その他市町村長が必要と認める事項": null,
        "受入対象者": null,
        "備考": ""
      }
    },
    {
      "type": "Feature",
      "geometry": {
        "type": "Point",
        "coordinates": [
          136.196274,
          35.124728
        ]
      },
      "properties": {
        "NO": "861",
        "共通ID": "E2521300018111",
        "施設・場所名": "建部コミュニティセンター",
        "住所": "滋賀県東近江市建部日吉町31",
        "指定緊急避難場所との住所同一": "",
        "その他市町村長が必要と認める事項": null,
        "受入対象者": null,
        "備考": ""
      }
    },
    {
      "type": "Feature",
      "geometry": {
        "type": "Point",
        "coordinates": [
          136.201944,
          35.118071
        ]
      },
      "properties": {
        "NO": "862",
        "共通ID": "E2521300019111",
        "施設・場所名": "八日市北小学校",
        "住所": "滋賀県東近江市建部日吉町468",
        "指定緊急避難場所との住所同一": "1",
        "その他市町村長が必要と認める事項": null,
        "受入対象者": null,
        "備考": ""
      }
    },
    {
      "type": "Feature",
      "geometry": {
        "type": "Point",
        "coordinates": [
          136.197022,
          35.124805
        ]
      },
      "properties": {
        "NO": "863",
        "共通ID": "E2521300020111",
        "施設・場所名": "建部幼稚園",
        "住所": "滋賀県東近江市建部日吉町5",
        "指定緊急避難場所との住所同一": "",
        "その他市町村長が必要と認める事項": null,
        "受入対象者": null,
        "備考": ""
      }
    },
    {
      "type": "Feature",
      "geometry": {
        "type": "Point",
        "coordinates": [
          136.175921,
          35.156221
        ]
      },
      "properties": {
        "NO": "864",
        "共通ID": "E2521300021111",
        "施設・場所名": "さくらんぼ幼児園",
        "住所": "滋賀県東近江市五個荘金堂町1705",
        "指定緊急避難場所との住所同一": "",
        "その他市町村長が必要と認める事項": null,
        "受入対象者": null,
        "備考": ""
      }
    },
    {
      "type": "Feature",
      "geometry": {
        "type": "Point",
        "coordinates": [
          136.186305,
          35.14294
        ]
      },
      "properties": {
        "NO": "865",
        "共通ID": "E2521300022111",
        "施設・場所名": "五個荘あさひ幼児園",
        "住所": "滋賀県東近江市五個荘山本町306",
        "指定緊急避難場所との住所同一": "",
        "その他市町村長が必要と認める事項": null,
        "受入対象者": null,
        "備考": ""
      }
    },
    {
      "type": "Feature",
      "geometry": {
        "type": "Point",
        "coordinates": [
          136.194189,
          35.153079
        ]
      },
      "properties": {
        "NO": "866",
        "共通ID": "E2521300023111",
        "施設・場所名": "五個荘中学校",
        "住所": "滋賀県東近江市五個荘小幡町227",
        "指定緊急避難場所との住所同一": "1",
        "その他市町村長が必要と認める事項": null,
        "受入対象者": null,
        "備考": ""
      }
    },
    {
      "type": "Feature",
      "geometry": {
        "type": "Point",
        "coordinates": [
          136.193472,
          35.151869
        ]
      },
      "properties": {
        "NO": "867",
        "共通ID": "E2521300024111",
        "施設・場所名": "五個荘体育館",
        "住所": "滋賀県東近江市五個荘小幡町297",
        "指定緊急避難場所との住所同一": "",
        "その他市町村長が必要と認める事項": null,
        "受入対象者": null,
        "備考": ""
      }
    },
    {
      "type": "Feature",
      "geometry": {
        "type": "Point",
        "coordinates": [
          136.19317,
          35.15326
        ]
      },
      "properties": {
        "NO": "868",
        "共通ID": "E2521300025111",
        "施設・場所名": "五個荘コミュニティセンター",
        "住所": "滋賀県東近江市五個荘小幡町318",
        "指定緊急避難場所との住所同一": "1",
        "その他市町村長が必要と認める事項": null,
        "受入対象者": null,
        "備考": ""
      }
    },
    {
      "type": "Feature",
      "geometry": {
        "type": "Point",
        "coordinates": [
          136.176937,
          35.151837
        ]
      },
      "properties": {
        "NO": "869",
        "共通ID": "E2521300026111",
        "施設・場所名": "ぷらざ三方よし",
        "住所": "滋賀県東近江市五個荘塚本町279",
        "指定緊急避難場所との住所同一": "",
        "その他市町村長が必要と認める事項": null,
        "受入対象者": null,
        "備考": ""
      }
    },
    {
      "type": "Feature",
      "geometry": {
        "type": "Point",
        "coordinates": [
          136.183653,
          35.152599
        ]
      },
      "properties": {
        "NO": "870",
        "共通ID": "E2521300027111",
        "施設・場所名": "五個荘小学校",
        "住所": "滋賀県東近江市五個荘竜田町567",
        "指定緊急避難場所との住所同一": "1",
        "その他市町村長が必要と認める事項": null,
        "受入対象者": null,
        "備考": ""
      }
    },
    {
      "type": "Feature",
      "geometry": {
        "type": "Point",
        "coordinates": [
          136.184777,
          35.152046
        ]
      },
      "properties": {
        "NO": "871",
        "共通ID": "E2521300028111",
        "施設・場所名": "てんびんの里文化学習センター",
        "住所": "滋賀県東近江市五個荘竜田町583",
        "指定緊急避難場所との住所同一": "",
        "その他市町村長が必要と認める事項": null,
        "受入対象者": null,
        "備考": ""
      }
    },
    {
      "type": "Feature",
      "geometry": {
        "type": "Point",
        "coordinates": [
          136.232678,
          35.096744
        ]
      },
      "properties": {
        "NO": "872",
        "共通ID": "E2521300029111",
        "施設・場所名": "御園小学校",
        "住所": "滋賀県東近江市五智町239",
        "指定緊急避難場所との住所同一": "1",
        "その他市町村長が必要と認める事項": null,
        "受入対象者": null,
        "備考": ""
      }
    },
    {
      "type": "Feature",
      "geometry": {
        "type": "Point",
        "coordinates": [
          136.231943,
          35.096982
        ]
      },
      "properties": {
        "NO": "873",
        "共通ID": "E2521300030111",
        "施設・場所名": "御園コミュニティセンター",
        "住所": "滋賀県東近江市五智町351-2",
        "指定緊急避難場所との住所同一": "",
        "その他市町村長が必要と認める事項": null,
        "受入対象者": null,
        "備考": ""
      }
    },
    {
      "type": "Feature",
      "geometry": {
        "type": "Point",
        "coordinates": [
          136.321074,
          35.044304
        ]
      },
      "properties": {
        "NO": "874",
        "共通ID": "E2521300031111",
        "施設・場所名": "旧甲津畑小学校体育館",
        "住所": "滋賀県東近江市甲津畑町1200-2",
        "指定緊急避難場所との住所同一": "",
        "その他市町村長が必要と認める事項": null,
        "受入対象者": null,
        "備考": ""
      }
    },
    {
      "type": "Feature",
      "geometry": {
        "type": "Point",
        "coordinates": [
          136.276089,
          35.070624
        ]
      },
      "properties": {
        "NO": "875",
        "共通ID": "E2521300032111",
        "施設・場所名": "市原小学校",
        "住所": "滋賀県東近江市高木町1124",
        "指定緊急避難場所との住所同一": "1",
        "その他市町村長が必要と認める事項": null,
        "受入対象者": null,
        "備考": ""
      }
    },
    {
      "type": "Feature",
      "geometry": {
        "type": "Point",
        "coordinates": [
          136.190921,
          35.088396
        ]
      },
      "properties": {
        "NO": "876",
        "共通ID": "E2521300033111",
        "施設・場所名": "布引小学校",
        "住所": "滋賀県東近江市今堀町581-10",
        "指定緊急避難場所との住所同一": "1",
        "その他市町村長が必要と認める事項": null,
        "受入対象者": null,
        "備考": ""
      }
    },
    {
      "type": "Feature",
      "geometry": {
        "type": "Point",
        "coordinates": [
          136.177441,
          35.181431
        ]
      },
      "properties": {
        "NO": "877",
        "共通ID": "E2521300034111",
        "施設・場所名": "能登川あおぞら幼児園",
        "住所": "滋賀県東近江市佐野町379",
        "指定緊急避難場所との住所同一": "",
        "その他市町村長が必要と認める事項": null,
        "受入対象者": null,
        "備考": ""
      }
    },
    {
      "type": "Feature",
      "geometry": {
        "type": "Point",
        "coordinates": [
          136.190253,
          35.063756
        ]
      },
      "properties": {
        "NO": "878",
        "共通ID": "E2521300035111",
        "施設・場所名": "蒲生東小学校",
        "住所": "滋賀県東近江市桜川東町455",
        "指定緊急避難場所との住所同一": "1",
        "その他市町村長が必要と認める事項": null,
        "受入対象者": null,
        "備考": ""
      }
    },
    {
      "type": "Feature",
      "geometry": {
        "type": "Point",
        "coordinates": [
          136.165054,
          35.10186
        ]
      },
      "properties": {
        "NO": "879",
        "共通ID": "E2521300036111",
        "施設・場所名": "あかね幼児園",
        "住所": "滋賀県東近江市三津屋町12",
        "指定緊急避難場所との住所同一": "",
        "その他市町村長が必要と認める事項": null,
        "受入対象者": null,
        "備考": ""
      }
    },
    {
      "type": "Feature",
      "geometry": {
        "type": "Point",
        "coordinates": [
          136.300372,
          35.077366
        ]
      },
      "properties": {
        "NO": "880",
        "共通ID": "E2521300037111",
        "施設・場所名": "永源寺コミュニティセンター",
        "住所": "滋賀県東近江市山上町1316",
        "指定緊急避難場所との住所同一": "1",
        "その他市町村長が必要と認める事項": null,
        "受入対象者": null,
        "備考": ""
      }
    },
    {
      "type": "Feature",
      "geometry": {
        "type": "Point",
        "coordinates": [
          136.306037,
          35.074635
        ]
      },
      "properties": {
        "NO": "881",
        "共通ID": "E2521300038111",
        "施設・場所名": "山上小学校",
        "住所": "滋賀県東近江市山上町200",
        "指定緊急避難場所との住所同一": "1",
        "その他市町村長が必要と認める事項": null,
        "受入対象者": null,
        "備考": ""
      }
    },
    {
      "type": "Feature",
      "geometry": {
        "type": "Point",
        "coordinates": [
          136.283147,
          35.080053
        ]
      },
      "properties": {
        "NO": "882",
        "共通ID": "E2521300039111",
        "施設・場所名": "永源寺中学校",
        "住所": "滋賀県東近江市山上町4300",
        "指定緊急避難場所との住所同一": "1",
        "その他市町村長が必要と認める事項": null,
        "受入対象者": null,
        "備考": ""
      }
    },
    {
      "type": "Feature",
      "geometry": {
        "type": "Point",
        "coordinates": [
          136.157002,
          35.185009
        ]
      },
      "properties": {
        "NO": "883",
        "共通ID": "E2521300040111",
        "施設・場所名": "能登川アリーナ",
        "住所": "滋賀県東近江市山路町2225",
        "指定緊急避難場所との住所同一": "",
        "その他市町村長が必要と認める事項": null,
        "受入対象者": null,
        "備考": ""
      }
    },
    {
      "type": "Feature",
      "geometry": {
        "type": "Point",
        "coordinates": [
          136.161484,
          35.18375
        ]
      },
      "properties": {
        "NO": "884",
        "共通ID": "E2521300041111",
        "施設・場所名": "能登川中学校",
        "住所": "滋賀県東近江市山路町2800",
        "指定緊急避難場所との住所同一": "1",
        "その他市町村長が必要と認める事項": null,
        "受入対象者": null,
        "備考": ""
      }
    },
    {
      "type": "Feature",
      "geometry": {
        "type": "Point",
        "coordinates": [
          136.27446,
          35.069642
        ]
      },
      "properties": {
        "NO": "885",
        "共通ID": "E2521300042111",
        "施設・場所名": "ふるさと文化体験学習館",
        "住所": "滋賀県東近江市市原野町23",
        "指定緊急避難場所との住所同一": "",
        "その他市町村長が必要と認める事項": null,
        "受入対象者": null,
        "備考": ""
      }
    },
    {
      "type": "Feature",
      "geometry": {
        "type": "Point",
        "coordinates": [
          136.182399,
          35.059226
        ]
      },
      "properties": {
        "NO": "886",
        "共通ID": "E2521300043111",
        "施設・場所名": "あかね文化ホール（蒲生コミュニティセンター）",
        "住所": "滋賀県東近江市市子川原町461-1",
        "指定緊急避難場所との住所同一": "1",
        "その他市町村長が必要と認める事項": null,
        "受入対象者": null,
        "備考": ""
      }
    },
    {
      "type": "Feature",
      "geometry": {
        "type": "Point",
        "coordinates": [
          136.181123,
          35.060972
        ]
      },
      "properties": {
        "NO": "887",
        "共通ID": "E2521300044111",
        "施設・場所名": "蒲生体育館",
        "住所": "滋賀県東近江市市子川原町679",
        "指定緊急避難場所との住所同一": "",
        "その他市町村長が必要と認める事項": null,
        "受入対象者": null,
        "備考": ""
      }
    },
    {
      "type": "Feature",
      "geometry": {
        "type": "Point",
        "coordinates": [
          136.17949,
          35.061827
        ]
      },
      "properties": {
        "NO": "888",
        "共通ID": "E2521300045111",
        "施設・場所名": "朝桜中学校",
        "住所": "滋賀県東近江市市子川原町686",
        "指定緊急避難場所との住所同一": "1",
        "その他市町村長が必要と認める事項": null,
        "受入対象者": null,
        "備考": ""
      }
    },
    {
      "type": "Feature",
      "geometry": {
        "type": "Point",
        "coordinates": [
          136.175125,
          35.098967
        ]
      },
      "properties": {
        "NO": "889",
        "共通ID": "E2521300046111",
        "施設・場所名": "市辺コミュニティセンター",
        "住所": "滋賀県東近江市市辺町2391",
        "指定緊急避難場所との住所同一": "",
        "その他市町村長が必要と認める事項": null,
        "受入対象者": null,
        "備考": ""
      }
    },
    {
      "type": "Feature",
      "geometry": {
        "type": "Point",
        "coordinates": [
          136.167417,
          35.102976
        ]
      },
      "properties": {
        "NO": "890",
        "共通ID": "E2521300047111",
        "施設・場所名": "船岡中学校",
        "住所": "滋賀県東近江市市辺町2789",
        "指定緊急避難場所との住所同一": "1",
        "その他市町村長が必要と認める事項": null,
        "受入対象者": null,
        "備考": ""
      }
    },
    {
      "type": "Feature",
      "geometry": {
        "type": "Point",
        "coordinates": [
          136.252353,
          35.092981
        ]
      },
      "properties": {
        "NO": "891",
        "共通ID": "E2521300048111",
        "施設・場所名": "八日市寺小規模保育事業所",
        "住所": "滋賀県東近江市寺町799",
        "指定緊急避難場所との住所同一": "",
        "その他市町村長が必要と認める事項": null,
        "受入対象者": null,
        "備考": ""
      }
    },
    {
      "type": "Feature",
      "geometry": {
        "type": "Point",
        "coordinates": [
          136.184269,
          35.182328
        ]
      },
      "properties": {
        "NO": "892",
        "共通ID": "E2521300049111",
        "施設・場所名": "学校法人ヴォーリズ学園そらの鳥こども園",
        "住所": "滋賀県東近江市種町2120",
        "指定緊急避難場所との住所同一": "",
        "その他市町村長が必要と認める事項": null,
        "受入対象者": null,
        "備考": ""
      }
    },
    {
      "type": "Feature",
      "geometry": {
        "type": "Point",
        "coordinates": [
          136.204992,
          35.105925
        ]
      },
      "properties": {
        "NO": "893",
        "共通ID": "E2521300050111",
        "施設・場所名": "八日市南高等学校",
        "住所": "滋賀県東近江市春日町1-15",
        "指定緊急避難場所との住所同一": "",
        "その他市町村長が必要と認める事項": null,
        "受入対象者": null,
        "備考": ""
      }
    },
    {
      "type": "Feature",
      "geometry": {
        "type": "Point",
        "coordinates": [
          136.167788,
          35.189182
        ]
      },
      "properties": {
        "NO": "894",
        "共通ID": "E2521300051111",
        "施設・場所名": "能登川東小学校",
        "住所": "滋賀県東近江市小川町30",
        "指定緊急避難場所との住所同一": "1",
        "その他市町村長が必要と認める事項": null,
        "受入対象者": null,
        "備考": ""
      }
    },
    {
      "type": "Feature",
      "geometry": {
        "type": "Point",
        "coordinates": [
          136.225307,
          35.130666
        ]
      },
      "properties": {
        "NO": "895",
        "共通ID": "E2521300052111",
        "施設・場所名": "湖東第三小学校",
        "住所": "滋賀県東近江市小田苅町340",
        "指定緊急避難場所との住所同一": "1",
        "その他市町村長が必要と認める事項": null,
        "受入対象者": null,
        "備考": ""
      }
    },
    {
      "type": "Feature",
      "geometry": {
        "type": "Point",
        "coordinates": [
          136.186278,
          35.113113
        ]
      },
      "properties": {
        "NO": "896",
        "共通ID": "E2521300053111",
        "施設・場所名": "箕作小学校",
        "住所": "滋賀県東近江市小脇町377",
        "指定緊急避難場所との住所同一": "1",
        "その他市町村長が必要と認める事項": null,
        "受入対象者": null,
        "備考": ""
      }
    },
    {
      "type": "Feature",
      "geometry": {
        "type": "Point",
        "coordinates": [
          136.296905,
          35.069166
        ]
      },
      "properties": {
        "NO": "897",
        "共通ID": "E2521300054111",
        "施設・場所名": "永源寺もみじ幼児園",
        "住所": "滋賀県東近江市上二俣町24-1",
        "指定緊急避難場所との住所同一": "",
        "その他市町村長が必要と認める事項": null,
        "受入対象者": null,
        "備考": ""
      }
    },
    {
      "type": "Feature",
      "geometry": {
        "type": "Point",
        "coordinates": [
          136.29642,
          35.069531
        ]
      },
      "properties": {
        "NO": "898",
        "共通ID": "E2521300055111",
        "施設・場所名": "永源寺運動公園体育館",
        "住所": "滋賀県東近江市上二俣町44",
        "指定緊急避難場所との住所同一": "",
        "その他市町村長が必要と認める事項": null,
        "受入対象者": null,
        "備考": ""
      }
    },
    {
      "type": "Feature",
      "geometry": {
        "type": "Point",
        "coordinates": [
          136.197998,
          35.104719
        ]
      },
      "properties": {
        "NO": "899",
        "共通ID": "E2521300056111",
        "施設・場所名": "聖徳中学校",
        "住所": "滋賀県東近江市聖徳町1-1",
        "指定緊急避難場所との住所同一": "1",
        "その他市町村長が必要と認める事項": null,
        "受入対象者": null,
        "備考": ""
      }
    },
    {
      "type": "Feature",
      "geometry": {
        "type": "Point",
        "coordinates": [
          136.271919,
          35.102754
        ]
      },
      "properties": {
        "NO": "900",
        "共通ID": "E2521300057111",
        "施設・場所名": "おくのの運動公園体育館",
        "住所": "滋賀県東近江市青山町70",
        "指定緊急避難場所との住所同一": "",
        "その他市町村長が必要と認める事項": null,
        "受入対象者": null,
        "備考": ""
      }
    },
    {
      "type": "Feature",
      "geometry": {
        "type": "Point",
        "coordinates": [
          136.257591,
          35.099246
        ]
      },
      "properties": {
        "NO": "901",
        "共通ID": "E2521300058111",
        "施設・場所名": "愛東南小学校",
        "住所": "滋賀県東近江市曽根町1285",
        "指定緊急避難場所との住所同一": "1",
        "その他市町村長が必要と認める事項": null,
        "受入対象者": null,
        "備考": ""
      }
    },
    {
      "type": "Feature",
      "geometry": {
        "type": "Point",
        "coordinates": [
          136.225374,
          35.084591
        ]
      },
      "properties": {
        "NO": "902",
        "共通ID": "E2521300059111",
        "施設・場所名": "玉緒幼稚園",
        "住所": "滋賀県東近江市大森町1012-3",
        "指定緊急避難場所との住所同一": "",
        "その他市町村長が必要と認める事項": null,
        "受入対象者": null,
        "備考": ""
      }
    },
    {
      "type": "Feature",
      "geometry": {
        "type": "Point",
        "coordinates": [
          136.224622,
          35.085135
        ]
      },
      "properties": {
        "NO": "903",
        "共通ID": "E2521300060111",
        "施設・場所名": "玉緒コミュニティセンター",
        "住所": "滋賀県東近江市大森町1030",
        "指定緊急避難場所との住所同一": "",
        "その他市町村長が必要と認める事項": null,
        "受入対象者": null,
        "備考": ""
      }
    },
    {
      "type": "Feature",
      "geometry": {
        "type": "Point",
        "coordinates": [
          136.226592,
          35.084272
        ]
      },
      "properties": {
        "NO": "904",
        "共通ID": "E2521300061111",
        "施設・場所名": "玉緒小学校",
        "住所": "滋賀県東近江市大森町971",
        "指定緊急避難場所との住所同一": "1",
        "その他市町村長が必要と認める事項": null,
        "受入対象者": null,
        "備考": ""
      }
    },
    {
      "type": "Feature",
      "geometry": {
        "type": "Point",
        "coordinates": [
          136.244687,
          35.128711
        ]
      },
      "properties": {
        "NO": "905",
        "共通ID": "E2521300062111",
        "施設・場所名": "湖東体育館",
        "住所": "滋賀県東近江市池庄町488",
        "指定緊急避難場所との住所同一": "",
        "その他市町村長が必要と認める事項": null,
        "受入対象者": null,
        "備考": ""
      }
    },
    {
      "type": "Feature",
      "geometry": {
        "type": "Point",
        "coordinates": [
          136.245498,
          35.128535
        ]
      },
      "properties": {
        "NO": "906",
        "共通ID": "E2521300063111",
        "施設・場所名": "湖東コミュニティセンター",
        "住所": "滋賀県東近江市池庄町495",
        "指定緊急避難場所との住所同一": "1",
        "その他市町村長が必要と認める事項": null,
        "受入対象者": null,
        "備考": ""
      }
    },
    {
      "type": "Feature",
      "geometry": {
        "type": "Point",
        "coordinates": [
          136.248517,
          35.127103
        ]
      },
      "properties": {
        "NO": "907",
        "共通ID": "E2521300064111",
        "施設・場所名": "ひばり公園　みすまの館",
        "住所": "滋賀県東近江市池庄町610",
        "指定緊急避難場所との住所同一": "",
        "その他市町村長が必要と認める事項": null,
        "受入対象者": null,
        "備考": ""
      }
    },
    {
      "type": "Feature",
      "geometry": {
        "type": "Point",
        "coordinates": [
          136.188498,
          35.106109
        ]
      },
      "properties": {
        "NO": "908",
        "共通ID": "E2521300065111",
        "施設・場所名": "中野コミュニティセンター",
        "住所": "滋賀県東近江市中野町781-5",
        "指定緊急避難場所との住所同一": "",
        "その他市町村長が必要と認める事項": null,
        "受入対象者": null,
        "備考": ""
      }
    },
    {
      "type": "Feature",
      "geometry": {
        "type": "Point",
        "coordinates": [
          136.168409,
          35.17817
        ]
      },
      "properties": {
        "NO": "909",
        "共通ID": "E2521300066111",
        "施設・場所名": "能登川南小学校",
        "住所": "滋賀県東近江市猪子町12",
        "指定緊急避難場所との住所同一": "1",
        "その他市町村長が必要と認める事項": null,
        "受入対象者": null,
        "備考": ""
      }
    },
    {
      "type": "Feature",
      "geometry": {
        "type": "Point",
        "coordinates": [
          136.19522,
          35.106699
        ]
      },
      "properties": {
        "NO": "910",
        "共通ID": "E2521300067111",
        "施設・場所名": "中野むくのき幼児園",
        "住所": "滋賀県東近江市東中野町4-17",
        "指定緊急避難場所との住所同一": "",
        "その他市町村長が必要と認める事項": null,
        "受入対象者": null,
        "備考": ""
      }
    },
    {
      "type": "Feature",
      "geometry": {
        "type": "Point",
        "coordinates": [
          136.19598,
          35.106647
        ]
      },
      "properties": {
        "NO": "911",
        "共通ID": "E2521300068111",
        "施設・場所名": "保健子育て複合施設ハピネス",
        "住所": "滋賀県東近江市東中野町4-5",
        "指定緊急避難場所との住所同一": "1",
        "その他市町村長が必要と認める事項": null,
        "受入対象者": null,
        "備考": ""
      }
    },
    {
      "type": "Feature",
      "geometry": {
        "type": "Point",
        "coordinates": [
          136.237736,
          35.142108
        ]
      },
      "properties": {
        "NO": "912",
        "共通ID": "E2521300069111",
        "施設・場所名": "湖東第二小学校",
        "住所": "滋賀県東近江市南菩提寺町430",
        "指定緊急避難場所との住所同一": "1",
        "その他市町村長が必要と認める事項": null,
        "受入対象者": null,
        "備考": ""
      }
    },
    {
      "type": "Feature",
      "geometry": {
        "type": "Point",
        "coordinates": [
          136.157822,
          35.095503
        ]
      },
      "properties": {
        "NO": "913",
        "共通ID": "E2521300070111",
        "施設・場所名": "八日市西小学校",
        "住所": "滋賀県東近江市柏木町14",
        "指定緊急避難場所との住所同一": "1",
        "その他市町村長が必要と認める事項": null,
        "受入対象者": null,
        "備考": ""
      }
    },
    {
      "type": "Feature",
      "geometry": {
        "type": "Point",
        "coordinates": [
          136.197939,
          35.109641
        ]
      },
      "properties": {
        "NO": "914",
        "共通ID": "E2521300071111",
        "施設・場所名": "八日市図書館",
        "住所": "滋賀県東近江市八日市金屋2-6-25",
        "指定緊急避難場所との住所同一": "",
        "その他市町村長が必要と認める事項": null,
        "受入対象者": null,
        "備考": ""
      }
    },
    {
      "type": "Feature",
      "geometry": {
        "type": "Point",
        "coordinates": [
          136.202501,
          35.114827
        ]
      },
      "properties": {
        "NO": "915",
        "共通ID": "E2521300072111",
        "施設・場所名": "八日市高等学校",
        "住所": "滋賀県東近江市八日市上之町1-25",
        "指定緊急避難場所との住所同一": "",
        "その他市町村長が必要と認める事項": null,
        "受入対象者": null,
        "備考": ""
      }
    },
    {
      "type": "Feature",
      "geometry": {
        "type": "Point",
        "coordinates": [
          136.200878,
          35.11257
        ]
      },
      "properties": {
        "NO": "916",
        "共通ID": "E2521300073111",
        "施設・場所名": "八日市幼稚園",
        "住所": "滋賀県東近江市八日市町5-4",
        "指定緊急避難場所との住所同一": "",
        "その他市町村長が必要と認める事項": null,
        "受入対象者": null,
        "備考": ""
      }
    },
    {
      "type": "Feature",
      "geometry": {
        "type": "Point",
        "coordinates": [
          136.197954,
          35.112669
        ]
      },
      "properties": {
        "NO": "917",
        "共通ID": "E2521300074111",
        "施設・場所名": "八日市コミュニティセンター",
        "住所": "滋賀県東近江市八日市町9-20",
        "指定緊急避難場所との住所同一": "",
        "その他市町村長が必要と認める事項": null,
        "受入対象者": null,
        "備考": ""
      }
    },
    {
      "type": "Feature",
      "geometry": {
        "type": "Point",
        "coordinates": [
          136.203211,
          35.108868
        ]
      },
      "properties": {
        "NO": "918",
        "共通ID": "E2521300075111",
        "施設・場所名": "東近江大凧会館",
        "住所": "滋賀県東近江市八日市東本町3-5",
        "指定緊急避難場所との住所同一": "",
        "その他市町村長が必要と認める事項": null,
        "受入対象者": null,
        "備考": ""
      }
    },
    {
      "type": "Feature",
      "geometry": {
        "type": "Point",
        "coordinates": [
          136.276444,
          35.119585
        ]
      },
      "properties": {
        "NO": "919",
        "共通ID": "E2521300076111",
        "施設・場所名": "愛東北小学校",
        "住所": "滋賀県東近江市百済寺本町1399",
        "指定緊急避難場所との住所同一": "1",
        "その他市町村長が必要と認める事項": null,
        "受入対象者": null,
        "備考": ""
      }
    },
    {
      "type": "Feature",
      "geometry": {
        "type": "Point",
        "coordinates": [
          136.362497,
          35.132748
        ]
      },
      "properties": {
        "NO": "920",
        "共通ID": "E2521300077111",
        "施設・場所名": "木地師やまの子の家",
        "住所": "滋賀県東近江市蛭谷町342-2",
        "指定緊急避難場所との住所同一": "",
        "その他市町村長が必要と認める事項": null,
        "受入対象者": null,
        "備考": ""
      }
    },
    {
      "type": "Feature",
      "geometry": {
        "type": "Point",
        "coordinates": [
          136.185729,
          35.087671
        ]
      },
      "properties": {
        "NO": "921",
        "共通ID": "E2521300078111",
        "施設・場所名": "びわこ学院大学　びわこ学院大学短期大学部",
        "住所": "滋賀県東近江市布施町29",
        "指定緊急避難場所との住所同一": "",
        "その他市町村長が必要と認める事項": null,
        "受入対象者": null,
        "備考": ""
      }
    },
    {
      "type": "Feature",
      "geometry": {
        "type": "Point",
        "coordinates": [
          136.12997,
          35.20407
        ]
      },
      "properties": {
        "NO": "922",
        "共通ID": "E2521300079111",
        "施設・場所名": "能登川北小学校",
        "住所": "滋賀県東近江市福堂町2877-1",
        "指定緊急避難場所との住所同一": "1",
        "その他市町村長が必要と認める事項": null,
        "受入対象者": null,
        "備考": ""
      }
    },
    {
      "type": "Feature",
      "geometry": {
        "type": "Point",
        "coordinates": [
          136.248386,
          35.140071
        ]
      },
      "properties": {
        "NO": "923",
        "共通ID": "E2521300080111",
        "施設・場所名": "湖東ひばり幼児園",
        "住所": "滋賀県東近江市平松町829",
        "指定緊急避難場所との住所同一": "",
        "その他市町村長が必要と認める事項": null,
        "受入対象者": null,
        "備考": ""
      }
    },
    {
      "type": "Feature",
      "geometry": {
        "type": "Point",
        "coordinates": [
          136.261272,
          35.10923
        ]
      },
      "properties": {
        "NO": "924",
        "共通ID": "E2521300081111",
        "施設・場所名": "愛東支所",
        "住所": "滋賀県東近江市妹町29",
        "指定緊急避難場所との住所同一": "1",
        "その他市町村長が必要と認める事項": null,
        "受入対象者": null,
        "備考": ""
      }
    },
    {
      "type": "Feature",
      "geometry": {
        "type": "Point",
        "coordinates": [
          136.260354,
          35.109281
        ]
      },
      "properties": {
        "NO": "925",
        "共通ID": "E2521300082111",
        "施設・場所名": "愛東あいあい幼稚園",
        "住所": "滋賀県東近江市妹町29-4",
        "指定緊急避難場所との住所同一": "",
        "その他市町村長が必要と認める事項": null,
        "受入対象者": null,
        "備考": ""
      }
    },
    {
      "type": "Feature",
      "geometry": {
        "type": "Point",
        "coordinates": [
          136.221359,
          35.097482
        ]
      },
      "properties": {
        "NO": "926",
        "共通ID": "E2521300083111",
        "施設・場所名": "玉園中学校",
        "住所": "滋賀県東近江市妙法寺町1101",
        "指定緊急避難場所との住所同一": "1",
        "その他市町村長が必要と認める事項": null,
        "受入対象者": null,
        "備考": ""
      }
    },
    {
      "type": "Feature",
      "geometry": {
        "type": "Point",
        "coordinates": [
          136.220704,
          35.105299
        ]
      },
      "properties": {
        "NO": "927",
        "共通ID": "E2521300084111",
        "施設・場所名": "わかば幼児園",
        "住所": "滋賀県東近江市野村町1934",
        "指定緊急避難場所との住所同一": "",
        "その他市町村長が必要と認める事項": null,
        "受入対象者": null,
        "備考": ""
      }
    },
    {
      "type": "Feature",
      "geometry": {
        "type": "Point",
        "coordinates": [
          136.178728,
          35.047169
        ]
      },
      "properties": {
        "NO": "928",
        "共通ID": "E2521300085111",
        "施設・場所名": "蒲生西小学校",
        "住所": "滋賀県東近江市鈴町1",
        "指定緊急避難場所との住所同一": "1",
        "その他市町村長が必要と認める事項": null,
        "受入対象者": null,
        "備考": ""
      }
    },
    {
      "type": "Feature",
      "geometry": {
        "type": "Point",
        "coordinates": [
          136.371754,
          35.105423
        ]
      },
      "properties": {
        "NO": "929",
        "共通ID": "E2521300086111",
        "施設・場所名": "鈴鹿の里コミュニティセンター",
        "住所": "滋賀県東近江市蓼畑町510",
        "指定緊急避難場所との住所同一": "1",
        "その他市町村長が必要と認める事項": null,
        "受入対象者": null,
        "備考": ""
      }
    },
    {
      "type": "Feature",
      "geometry": {
        "type": "Point",
        "coordinates": [
          136.163017,
          35.184052
        ]
      },
      "properties": {
        "NO": "930",
        "共通ID": "E2521300087111",
        "施設・場所名": "やわらぎホール",
        "住所": "滋賀県東近江市躰光寺町254-3",
        "指定緊急避難場所との住所同一": "1",
        "その他市町村長が必要と認める事項": null,
        "受入対象者": null,
        "備考": ""
      }
    },
    {
      "type": "Feature",
      "geometry": {
        "type": "Point",
        "coordinates": [
          136.162633,
          35.184642
        ]
      },
      "properties": {
        "NO": "931",
        "共通ID": "E2521300088111",
        "施設・場所名": "能登川コミュニティセンター",
        "住所": "滋賀県東近江市躰光寺町262",
        "指定緊急避難場所との住所同一": "1",
        "その他市町村長が必要と認める事項": null,
        "受入対象者": null,
        "備考": ""
      }
    },
    {
      "type": "Feature",
      "geometry": {
        "type": "Point",
        "coordinates": [
          136.241832,
          35.017298
        ]
      },
      "properties": {
        "NO": "932",
        "共通ID": "E2538300002111",
        "施設・場所名": "日野中学校",
        "住所": "滋賀県日野町松尾3-68",
        "指定緊急避難場所との住所同一": "1",
        "その他市町村長が必要と認める事項": null,
        "受入対象者": null,
        "備考": ""
      }
    },
    {
      "type": "Feature",
      "geometry": {
        "type": "Point",
        "coordinates": [
          136.254257,
          35.015281
        ]
      },
      "properties": {
        "NO": "933",
        "共通ID": "E2538300003111",
        "施設・場所名": "保育所あおぞら園",
        "住所": "滋賀県日野町村井3-14",
        "指定緊急避難場所との住所同一": "",
        "その他市町村長が必要と認める事項": null,
        "受入対象者": null,
        "備考": ""
      }
    },
    {
      "type": "Feature",
      "geometry": {
        "type": "Point",
        "coordinates": [
          136.260507,
          34.98913
        ]
      },
      "properties": {
        "NO": "934",
        "共通ID": "E2538300004111",
        "施設・場所名": "保育所あおぞら園鎌掛分園",
        "住所": "滋賀県日野町大字鎌掛2362",
        "指定緊急避難場所との住所同一": "1",
        "その他市町村長が必要と認める事項": null,
        "受入対象者": null,
        "備考": ""
      }
    },
    {
      "type": "Feature",
      "geometry": {
        "type": "Point",
        "coordinates": [
          136.260387,
          34.986167
        ]
      },
      "properties": {
        "NO": "935",
        "共通ID": "E2538300005111",
        "施設・場所名": "鎌掛公民館",
        "住所": "滋賀県日野町大字鎌掛2526",
        "指定緊急避難場所との住所同一": "",
        "その他市町村長が必要と認める事項": null,
        "受入対象者": null,
        "備考": ""
      }
    },
    {
      "type": "Feature",
      "geometry": {
        "type": "Point",
        "coordinates": [
          136.262008,
          35.044198
        ]
      },
      "properties": {
        "NO": "936",
        "共通ID": "E2538300006111",
        "施設・場所名": "桜谷小学校",
        "住所": "滋賀県日野町大字佐久良37",
        "指定緊急避難場所との住所同一": "1",
        "その他市町村長が必要と認める事項": null,
        "受入対象者": null,
        "備考": ""
      }
    },
    {
      "type": "Feature",
      "geometry": {
        "type": "Point",
        "coordinates": [
          136.214786,
          35.018619
        ]
      },
      "properties": {
        "NO": "937",
        "共通ID": "E2538300007111",
        "施設・場所名": "必佐公民館",
        "住所": "滋賀県日野町大字三十坪1290",
        "指定緊急避難場所との住所同一": "",
        "その他市町村長が必要と認める事項": null,
        "受入対象者": null,
        "備考": ""
      }
    },
    {
      "type": "Feature",
      "geometry": {
        "type": "Point",
        "coordinates": [
          136.214954,
          35.019174
        ]
      },
      "properties": {
        "NO": "938",
        "共通ID": "E2538300008111",
        "施設・場所名": "保育所こばと園",
        "住所": "滋賀県日野町大字三十坪1315-1",
        "指定緊急避難場所との住所同一": "",
        "その他市町村長が必要と認める事項": null,
        "受入対象者": null,
        "備考": ""
      }
    },
    {
      "type": "Feature",
      "geometry": {
        "type": "Point",
        "coordinates": [
          136.219804,
          35.016866
        ]
      },
      "properties": {
        "NO": "939",
        "共通ID": "E2538300009111",
        "施設・場所名": "必佐小学校",
        "住所": "滋賀県日野町大字小御門444",
        "指定緊急避難場所との住所同一": "1",
        "その他市町村長が必要と認める事項": null,
        "受入対象者": null,
        "備考": ""
      }
    },
    {
      "type": "Feature",
      "geometry": {
        "type": "Point",
        "coordinates": [
          136.246461,
          35.019385
        ]
      },
      "properties": {
        "NO": "940",
        "共通ID": "E2538300010111",
        "施設・場所名": "図書館",
        "住所": "滋賀県日野町大字松尾1655",
        "指定緊急避難場所との住所同一": "",
        "その他市町村長が必要と認める事項": null,
        "受入対象者": null,
        "備考": ""
      }
    },
    {
      "type": "Feature",
      "geometry": {
        "type": "Point",
        "coordinates": [
          136.244979,
          35.02022
        ]
      },
      "properties": {
        "NO": "941",
        "共通ID": "E2538300011111",
        "施設・場所名": "わたむきホール虹",
        "住所": "滋賀県日野町大字松尾1661",
        "指定緊急避難場所との住所同一": "",
        "その他市町村長が必要と認める事項": null,
        "受入対象者": null,
        "備考": ""
      }
    },
    {
      "type": "Feature",
      "geometry": {
        "type": "Point",
        "coordinates": [
          136.237973,
          35.012546
        ]
      },
      "properties": {
        "NO": "942",
        "共通ID": "E2538300012111",
        "施設・場所名": "日野高等学校",
        "住所": "滋賀県日野町大字上野田150",
        "指定緊急避難場所との住所同一": "",
        "その他市町村長が必要と認める事項": null,
        "受入対象者": null,
        "備考": ""
      }
    },
    {
      "type": "Feature",
      "geometry": {
        "type": "Point",
        "coordinates": [
          136.230975,
          34.98642
        ]
      },
      "properties": {
        "NO": "943",
        "共通ID": "E2538300013111",
        "施設・場所名": "南比都佐幼稚園",
        "住所": "滋賀県日野町大字深山口431",
        "指定緊急避難場所との住所同一": "1",
        "その他市町村長が必要と認める事項": null,
        "受入対象者": null,
        "備考": ""
      }
    },
    {
      "type": "Feature",
      "geometry": {
        "type": "Point",
        "coordinates": [
          136.230385,
          34.987247
        ]
      },
      "properties": {
        "NO": "944",
        "共通ID": "E2538300013112",
        "施設・場所名": "南比都佐小学校",
        "住所": "滋賀県日野町大字深山口431",
        "指定緊急避難場所との住所同一": "1",
        "その他市町村長が必要と認める事項": null,
        "受入対象者": null,
        "備考": ""
      }
    },
    {
      "type": "Feature",
      "geometry": {
        "type": "Point",
        "coordinates": [
          136.2305,
          34.988029
        ]
      },
      "properties": {
        "NO": "945",
        "共通ID": "E2538300014111",
        "施設・場所名": "南比都佐公民館",
        "住所": "滋賀県日野町大字深山口939",
        "指定緊急避難場所との住所同一": "",
        "その他市町村長が必要と認める事項": null,
        "受入対象者": null,
        "備考": ""
      }
    },
    {
      "type": "Feature",
      "geometry": {
        "type": "Point",
        "coordinates": [
          136.277526,
          35.007662
        ]
      },
      "properties": {
        "NO": "946",
        "共通ID": "E2538300015111",
        "施設・場所名": "西大路小学校",
        "住所": "滋賀県日野町大字西大路1631",
        "指定緊急避難場所との住所同一": "1",
        "その他市町村長が必要と認める事項": null,
        "受入対象者": null,
        "備考": ""
      }
    },
    {
      "type": "Feature",
      "geometry": {
        "type": "Point",
        "coordinates": [
          136.276083,
          35.00847
        ]
      },
      "properties": {
        "NO": "947",
        "共通ID": "E2538300016111",
        "施設・場所名": "西大路幼稚園",
        "住所": "滋賀県日野町大字西大路47-1",
        "指定緊急避難場所との住所同一": "",
        "その他市町村長が必要と認める事項": null,
        "受入対象者": null,
        "備考": ""
      }
    },
    {
      "type": "Feature",
      "geometry": {
        "type": "Point",
        "coordinates": [
          136.275514,
          35.008624
        ]
      },
      "properties": {
        "NO": "948",
        "共通ID": "E2538300017111",
        "施設・場所名": "西大路公民館",
        "住所": "滋賀県日野町大字西大路48-1",
        "指定緊急避難場所との住所同一": "",
        "その他市町村長が必要と認める事項": null,
        "受入対象者": null,
        "備考": ""
      }
    },
    {
      "type": "Feature",
      "geometry": {
        "type": "Point",
        "coordinates": [
          136.24863,
          35.015359
        ]
      },
      "properties": {
        "NO": "949",
        "共通ID": "E2538300018112",
        "施設・場所名": "日野小学校",
        "住所": "滋賀県日野町大字大窪331",
        "指定緊急避難場所との住所同一": "1",
        "その他市町村長が必要と認める事項": null,
        "受入対象者": null,
        "備考": ""
      }
    },
    {
      "type": "Feature",
      "geometry": {
        "type": "Point",
        "coordinates": [
          136.247487,
          35.016545
        ]
      },
      "properties": {
        "NO": "950",
        "共通ID": "E2538300018111",
        "施設・場所名": "日野幼稚園",
        "住所": "滋賀県日野町大字大窪331",
        "指定緊急避難場所との住所同一": "1",
        "その他市町村長が必要と認める事項": null,
        "受入対象者": null,
        "備考": ""
      }
    },
    {
      "type": "Feature",
      "geometry": {
        "type": "Point",
        "coordinates": [
          136.238343,
          35.030213
        ]
      },
      "properties": {
        "NO": "951",
        "共通ID": "E2538300019111",
        "施設・場所名": "大谷公園",
        "住所": "滋賀県日野町大字大谷341-1",
        "指定緊急避難場所との住所同一": "",
        "その他市町村長が必要と認める事項": null,
        "受入対象者": null,
        "備考": ""
      }
    },
    {
      "type": "Feature",
      "geometry": {
        "type": "Point",
        "coordinates": [
          136.266576,
          35.040373
        ]
      },
      "properties": {
        "NO": "952",
        "共通ID": "E2538300020111",
        "施設・場所名": "児童交流施設（旧桜谷幼稚園）",
        "住所": "滋賀県日野町大字中之郷428-3",
        "指定緊急避難場所との住所同一": "",
        "その他市町村長が必要と認める事項": null,
        "受入対象者": null,
        "備考": ""
      }
    },
    {
      "type": "Feature",
      "geometry": {
        "type": "Point",
        "coordinates": [
          136.266315,
          35.040138
        ]
      },
      "properties": {
        "NO": "953",
        "共通ID": "E2538300021111",
        "施設・場所名": "東桜谷公民館",
        "住所": "滋賀県日野町大字中之郷428-8",
        "指定緊急避難場所との住所同一": "",
        "その他市町村長が必要と認める事項": null,
        "受入対象者": null,
        "備考": ""
      }
    },
    {
      "type": "Feature",
      "geometry": {
        "type": "Point",
        "coordinates": [
          136.220928,
          35.016446
        ]
      },
      "properties": {
        "NO": "954",
        "共通ID": "E2538300022111",
        "施設・場所名": "必佐幼稚園",
        "住所": "滋賀県日野町大字内池606",
        "指定緊急避難場所との住所同一": "",
        "その他市町村長が必要と認める事項": null,
        "受入対象者": null,
        "備考": ""
      }
    },
    {
      "type": "Feature",
      "geometry": {
        "type": "Point",
        "coordinates": [
          136.231198,
          35.055313
        ]
      },
      "properties": {
        "NO": "955",
        "共通ID": "E2538300023111",
        "施設・場所名": "桜谷こども園（第１園舎）",
        "住所": "滋賀県日野町大字北脇988",
        "指定緊急避難場所との住所同一": "1",
        "その他市町村長が必要と認める事項": null,
        "受入対象者": null,
        "備考": ""
      }
    },
    {
      "type": "Feature",
      "geometry": {
        "type": "Point",
        "coordinates": [
          136.231895,
          35.055809
        ]
      },
      "properties": {
        "NO": "956",
        "共通ID": "E2538300023112",
        "施設・場所名": "桜谷こども園（第２園舎）",
        "住所": "滋賀県日野町大字北脇988",
        "指定緊急避難場所との住所同一": "1",
        "その他市町村長が必要と認める事項": null,
        "受入対象者": null,
        "備考": ""
      }
    },
    {
      "type": "Feature",
      "geometry": {
        "type": "Point",
        "coordinates": [
          136.230817,
          35.055388
        ]
      },
      "properties": {
        "NO": "957",
        "共通ID": "E2538300023113",
        "施設・場所名": "西桜谷公民館",
        "住所": "滋賀県日野町大字北脇988",
        "指定緊急避難場所との住所同一": "1",
        "その他市町村長が必要と認める事項": null,
        "受入対象者": null,
        "備考": ""
      }
    },
    {
      "type": "Feature",
      "geometry": {
        "type": "Point",
        "coordinates": [
          136.249879,
          35.015225
        ]
      },
      "properties": {
        "NO": "958",
        "共通ID": "E2538300024111",
        "施設・場所名": "日野公民館",
        "住所": "滋賀県日野町中道2-12",
        "指定緊急避難場所との住所同一": "",
        "その他市町村長が必要と認める事項": null,
        "受入対象者": null,
        "備考": ""
      }
    },
    {
      "type": "Feature",
      "geometry": {
        "type": "Point",
        "coordinates": [
          136.259566,
          35.264172
        ]
      },
      "properties": {
        "NO": "959",
        "共通ID": "E2520200001111",
        "施設・場所名": "彦根市立佐和山小学校",
        "住所": "滋賀県彦根市安清町11-32",
        "指定緊急避難場所との住所同一": "1",
        "その他市町村長が必要と認める事項": "",
        "受入対象者": "",
        "備考": ""
      }
    },
    {
      "type": "Feature",
      "geometry": {
        "type": "Point",
        "coordinates": [
          136.195529,
          35.207701
        ]
      },
      "properties": {
        "NO": "960",
        "共通ID": "E2520200002111",
        "施設・場所名": "彦根市立稲枝東小学校",
        "住所": "滋賀県彦根市稲部町308",
        "指定緊急避難場所との住所同一": "1",
        "その他市町村長が必要と認める事項": "",
        "受入対象者": "",
        "備考": ""
      }
    },
    {
      "type": "Feature",
      "geometry": {
        "type": "Point",
        "coordinates": [
          136.178492,
          35.22179
        ]
      },
      "properties": {
        "NO": "961",
        "共通ID": "E2520200005111",
        "施設・場所名": "彦根市立稲枝北小学校",
        "住所": "滋賀県彦根市下岡部町597",
        "指定緊急避難場所との住所同一": "1",
        "その他市町村長が必要と認める事項": "",
        "受入対象者": "",
        "備考": ""
      }
    },
    {
      "type": "Feature",
      "geometry": {
        "type": "Point",
        "coordinates": [
          136.214337,
          35.220761
        ]
      },
      "properties": {
        "NO": "962",
        "共通ID": "E2520200007111",
        "施設・場所名": "彦根市立亀山小学校",
        "住所": "滋賀県彦根市賀田山町8",
        "指定緊急避難場所との住所同一": "1",
        "その他市町村長が必要と認める事項": "",
        "受入対象者": "",
        "備考": ""
      }
    },
    {
      "type": "Feature",
      "geometry": {
        "type": "Point",
        "coordinates": [
          136.225834,
          35.247011
        ]
      },
      "properties": {
        "NO": "963",
        "共通ID": "E2520200010111",
        "施設・場所名": "彦根市立城陽小学校",
        "住所": "滋賀県彦根市甘呂町430",
        "指定緊急避難場所との住所同一": "1",
        "その他市町村長が必要と認める事項": "",
        "受入対象者": "",
        "備考": ""
      }
    },
    {
      "type": "Feature",
      "geometry": {
        "type": "Point",
        "coordinates": [
          136.257692,
          35.269424
        ]
      },
      "properties": {
        "NO": "964",
        "共通ID": "E2520200011111",
        "施設・場所名": "彦根市立城東小学校",
        "住所": "滋賀県彦根市京町2-2-19",
        "指定緊急避難場所との住所同一": "1",
        "その他市町村長が必要と認める事項": null,
        "受入対象者": null,
        "備考": ""
      }
    },
    {
      "type": "Feature",
      "geometry": {
        "type": "Point",
        "coordinates": [
          136.239699,
          35.228139
        ]
      },
      "properties": {
        "NO": "965",
        "共通ID": "E2520200012111",
        "施設・場所名": "彦根市立河瀬小学校",
        "住所": "滋賀県彦根市極楽寺町118",
        "指定緊急避難場所との住所同一": "1",
        "その他市町村長が必要と認める事項": "",
        "受入対象者": "",
        "備考": ""
      }
    },
    {
      "type": "Feature",
      "geometry": {
        "type": "Point",
        "coordinates": [
          136.258325,
          35.232482
        ]
      },
      "properties": {
        "NO": "966",
        "共通ID": "E2520200020111",
        "施設・場所名": "彦根市立高宮小学校",
        "住所": "滋賀県彦根市高宮町2447",
        "指定緊急避難場所との住所同一": "1",
        "その他市町村長が必要と認める事項": "",
        "受入対象者": "",
        "備考": ""
      }
    },
    {
      "type": "Feature",
      "geometry": {
        "type": "Point",
        "coordinates": [
          136.244754,
          35.246986
        ]
      },
      "properties": {
        "NO": "967",
        "共通ID": "E2520200064111",
        "施設・場所名": "彦根市スポーツ・文化交流センター",
        "住所": "滋賀県彦根市小泉町640",
        "指定緊急避難場所との住所同一": "1",
        "その他市町村長が必要と認める事項": "",
        "受入対象者": "",
        "備考": ""
      }
    },
    {
      "type": "Feature",
      "geometry": {
        "type": "Point",
        "coordinates": [
          136.257197,
          35.284235
        ]
      },
      "properties": {
        "NO": "968",
        "共通ID": "E2520200026111",
        "施設・場所名": "彦根市立城北小学校",
        "住所": "滋賀県彦根市松原町3751-3",
        "指定緊急避難場所との住所同一": "1",
        "その他市町村長が必要と認める事項": "",
        "受入対象者": "",
        "備考": ""
      }
    },
    {
      "type": "Feature",
      "geometry": {
        "type": "Point",
        "coordinates": [
          136.242977,
          35.248282
        ]
      },
      "properties": {
        "NO": "969",
        "共通ID": "E2520200033111",
        "施設・場所名": "彦根市立城南小学校",
        "住所": "滋賀県彦根市西今町380",
        "指定緊急避難場所との住所同一": "1",
        "その他市町村長が必要と認める事項": "",
        "受入対象者": "",
        "備考": ""
      }
    },
    {
      "type": "Feature",
      "geometry": {
        "type": "Point",
        "coordinates": [
          136.234668,
          35.269196
        ]
      },
      "properties": {
        "NO": "970",
        "共通ID": "E2520200038111",
        "施設・場所名": "彦根市立金城小学校",
        "住所": "滋賀県彦根市大薮町391",
        "指定緊急避難場所との住所同一": "1",
        "その他市町村長が必要と認める事項": "",
        "受入対象者": "",
        "備考": ""
      }
    },
    {
      "type": "Feature",
      "geometry": {
        "type": "Point",
        "coordinates": [
          136.285838,
          35.281705
        ]
      },
      "properties": {
        "NO": "971",
        "共通ID": "E2520200042111",
        "施設・場所名": "彦根市立鳥居本小学校",
        "住所": "滋賀県彦根市鳥居本町1550-1",
        "指定緊急避難場所との住所同一": "1",
        "その他市町村長が必要と認める事項": "",
        "受入対象者": "",
        "備考": ""
      }
    },
    {
      "type": "Feature",
      "geometry": {
        "type": "Point",
        "coordinates": [
          136.264794,
          35.24948
        ]
      },
      "properties": {
        "NO": "972",
        "共通ID": "E2520200045111",
        "施設・場所名": "彦根市立旭森小学校",
        "住所": "滋賀県彦根市東沼波町300",
        "指定緊急避難場所との住所同一": "1",
        "その他市町村長が必要と認める事項": "",
        "受入対象者": "",
        "備考": ""
      }
    },
    {
      "type": "Feature",
      "geometry": {
        "type": "Point",
        "coordinates": [
          136.243654,
          35.259667
        ]
      },
      "properties": {
        "NO": "973",
        "共通ID": "E2520200052111",
        "施設・場所名": "彦根市立平田小学校",
        "住所": "滋賀県彦根市平田町267",
        "指定緊急避難場所との住所同一": "1",
        "その他市町村長が必要と認める事項": "",
        "受入対象者": "",
        "備考": ""
      }
    },
    {
      "type": "Feature",
      "geometry": {
        "type": "Point",
        "coordinates": [
          136.159964,
          35.20952
        ]
      },
      "properties": {
        "NO": "974",
        "共通ID": "E2520200055111",
        "施設・場所名": "彦根市立稲枝西小学校",
        "住所": "滋賀県彦根市本庄町3583",
        "指定緊急避難場所との住所同一": "1",
        "その他市町村長が必要と認める事項": null,
        "受入対象者": null,
        "備考": ""
      }
    },
    {
      "type": "Feature",
      "geometry": {
        "type": "Point",
        "coordinates": [
          136.248643,
          35.271877
        ]
      },
      "properties": {
        "NO": "975",
        "共通ID": "E2520200060111",
        "施設・場所名": "彦根市立城西小学校",
        "住所": "滋賀県彦根市本町3-3-22",
        "指定緊急避難場所との住所同一": "1",
        "その他市町村長が必要と認める事項": "",
        "受入対象者": "",
        "備考": ""
      }
    },
    {
      "type": "Feature",
      "geometry": {
        "type": "Point",
        "coordinates": [
          136.224595,
          35.233502
        ]
      },
      "properties": {
        "NO": "976",
        "共通ID": "E2520200063111",
        "施設・場所名": "彦根市立若葉小学校",
        "住所": "滋賀県彦根市蓮台寺町180",
        "指定緊急避難場所との住所同一": "1",
        "その他市町村長が必要と認める事項": "",
        "受入対象者": "",
        "備考": ""
      }
    },
    {
      "type": "Feature",
      "geometry": {
        "type": "Point",
        "coordinates": [
          136.289132,
          35.337455
        ]
      },
      "properties": {
        "NO": "977",
        "共通ID": "E2521400002111",
        "施設・場所名": "米原市立坂田小学校",
        "住所": "滋賀県米原市宇賀野508",
        "指定緊急避難場所との住所同一": "1",
        "その他市町村長が必要と認める事項": null,
        "受入対象者": null,
        "備考": ""
      }
    },
    {
      "type": "Feature",
      "geometry": {
        "type": "Point",
        "coordinates": [
          136.286601,
          35.318669
        ]
      },
      "properties": {
        "NO": "978",
        "共通ID": "E2521400003111",
        "施設・場所名": "米原市立まいばら認定こども園",
        "住所": "滋賀県米原市下多良146-1",
        "指定緊急避難場所との住所同一": "1",
        "その他市町村長が必要と認める事項": null,
        "受入対象者": null,
        "備考": ""
      }
    },
    {
      "type": "Feature",
      "geometry": {
        "type": "Point",
        "coordinates": [
          136.283802,
          35.31459
        ]
      },
      "properties": {
        "NO": "979",
        "共通ID": "E2521400004111",
        "施設・場所名": "米原市米原学びあいステーション",
        "住所": "滋賀県米原市下多良3-3",
        "指定緊急避難場所との住所同一": "1",
        "その他市町村長が必要と認める事項": "",
        "受入対象者": "",
        "備考": ""
      }
    },
    {
      "type": "Feature",
      "geometry": {
        "type": "Point",
        "coordinates": [
          136.332352,
          35.320733
        ]
      },
      "properties": {
        "NO": "980",
        "共通ID": "E2521400005111",
        "施設・場所名": "米原市立河南中学校",
        "住所": "滋賀県米原市河南295",
        "指定緊急避難場所との住所同一": "1",
        "その他市町村長が必要と認める事項": null,
        "受入対象者": null,
        "備考": ""
      }
    },
    {
      "type": "Feature",
      "geometry": {
        "type": "Point",
        "coordinates": [
          136.29332,
          35.322545
        ]
      },
      "properties": {
        "NO": "981",
        "共通ID": "E2521400006111",
        "施設・場所名": "滋賀県立高等技術専門校米原校舎",
        "住所": "滋賀県米原市岩脇411-1",
        "指定緊急避難場所との住所同一": "1",
        "その他市町村長が必要と認める事項": null,
        "受入対象者": null,
        "備考": ""
      }
    },
    {
      "type": "Feature",
      "geometry": {
        "type": "Point",
        "coordinates": [
          136.301246,
          35.341204
        ]
      },
      "properties": {
        "NO": "982",
        "共通ID": "E2521400007111",
        "施設・場所名": "米原市近江学びあいステーション",
        "住所": "滋賀県米原市顔戸1513",
        "指定緊急避難場所との住所同一": "1",
        "その他市町村長が必要と認める事項": "",
        "受入対象者": "",
        "備考": ""
      }
    },
    {
      "type": "Feature",
      "geometry": {
        "type": "Point",
        "coordinates": [
          136.309576,
          35.33892
        ]
      },
      "properties": {
        "NO": "983",
        "共通ID": "E2521400008111",
        "施設・場所名": "米原市立おうみ認定こども園",
        "住所": "滋賀県米原市顔戸199-1",
        "指定緊急避難場所との住所同一": "1",
        "その他市町村長が必要と認める事項": null,
        "受入対象者": null,
        "備考": ""
      }
    },
    {
      "type": "Feature",
      "geometry": {
        "type": "Point",
        "coordinates": [
          136.31066,
          35.336858
        ]
      },
      "properties": {
        "NO": "984",
        "共通ID": "E2521400009121",
        "施設・場所名": "米原市近江地域福祉センター　やすらぎハウス",
        "住所": "滋賀県米原市顔戸21-2",
        "指定緊急避難場所との住所同一": "",
        "その他市町村長が必要と認める事項": null,
        "受入対象者": "要配慮者",
        "備考": ""
      }
    },
    {
      "type": "Feature",
      "geometry": {
        "type": "Point",
        "coordinates": [
          136.309207,
          35.337652
        ]
      },
      "properties": {
        "NO": "985",
        "共通ID": "E2521400010111",
        "施設・場所名": "米原市立双葉中学校・米原市双葉総合体育館",
        "住所": "滋賀県米原市顔戸233",
        "指定緊急避難場所との住所同一": "1",
        "その他市町村長が必要と認める事項": null,
        "受入対象者": null,
        "備考": ""
      }
    },
    {
      "type": "Feature",
      "geometry": {
        "type": "Point",
        "coordinates": [
          136.359697,
          35.454655
        ]
      },
      "properties": {
        "NO": "986",
        "共通ID": "E2521400012111",
        "施設・場所名": "旧米原市立東草野小中学校",
        "住所": "滋賀県米原市吉槻656",
        "指定緊急避難場所との住所同一": "1",
        "その他市町村長が必要と認める事項": null,
        "受入対象者": null,
        "備考": ""
      }
    },
    {
      "type": "Feature",
      "geometry": {
        "type": "Point",
        "coordinates": [
          136.36147,
          35.510176
        ]
      },
      "properties": {
        "NO": "987",
        "共通ID": "E2521400013111",
        "施設・場所名": "米原市甲津原交流センター",
        "住所": "滋賀県米原市甲津原1753",
        "指定緊急避難場所との住所同一": "1",
        "その他市町村長が必要と認める事項": null,
        "受入対象者": null,
        "備考": ""
      }
    },
    {
      "type": "Feature",
      "geometry": {
        "type": "Point",
        "coordinates": [
          136.378722,
          35.381274
        ]
      },
      "properties": {
        "NO": "988",
        "共通ID": "E2521400014111",
        "施設・場所名": "米原市立伊吹山中学校",
        "住所": "滋賀県米原市高番387",
        "指定緊急避難場所との住所同一": "1",
        "その他市町村長が必要と認める事項": null,
        "受入対象者": null,
        "備考": ""
      }
    },
    {
      "type": "Feature",
      "geometry": {
        "type": "Point",
        "coordinates": [
          136.326548,
          35.319476
        ]
      },
      "properties": {
        "NO": "989",
        "共通ID": "E2521400015111",
        "施設・場所名": "米原市息郷体育館・米原市立かなん認定こども園",
        "住所": "滋賀県米原市三吉343",
        "指定緊急避難場所との住所同一": "1",
        "その他市町村長が必要と認める事項": null,
        "受入対象者": null,
        "備考": ""
      }
    },
    {
      "type": "Feature",
      "geometry": {
        "type": "Point",
        "coordinates": [
          136.32216,
          35.320058
        ]
      },
      "properties": {
        "NO": "990",
        "共通ID": "E2521400016121",
        "施設・場所名": "米原市米原地域福祉センター　ゆめホール",
        "住所": "滋賀県米原市三吉570",
        "指定緊急避難場所との住所同一": "",
        "その他市町村長が必要と認める事項": null,
        "受入対象者": "要配慮者",
        "備考": ""
      }
    },
    {
      "type": "Feature",
      "geometry": {
        "type": "Point",
        "coordinates": [
          136.35347,
          35.383749
        ]
      },
      "properties": {
        "NO": "991",
        "共通ID": "E2521400017111",
        "施設・場所名": "米原市立大原小学校",
        "住所": "滋賀県米原市市場424",
        "指定緊急避難場所との住所同一": "1",
        "その他市町村長が必要と認める事項": null,
        "受入対象者": null,
        "備考": ""
      }
    },
    {
      "type": "Feature",
      "geometry": {
        "type": "Point",
        "coordinates": [
          136.352758,
          35.359501
        ]
      },
      "properties": {
        "NO": "992",
        "共通ID": "E2521400018111",
        "施設・場所名": "山東児童クラブ",
        "住所": "滋賀県米原市志賀谷1907",
        "指定緊急避難場所との住所同一": "1",
        "その他市町村長が必要と認める事項": null,
        "受入対象者": null,
        "備考": ""
      }
    },
    {
      "type": "Feature",
      "geometry": {
        "type": "Point",
        "coordinates": [
          136.34618,
          35.324098
        ]
      },
      "properties": {
        "NO": "993",
        "共通ID": "E2521400019111",
        "施設・場所名": "米原市立河南小学校",
        "住所": "滋賀県米原市枝折77",
        "指定緊急避難場所との住所同一": "1",
        "その他市町村長が必要と認める事項": null,
        "受入対象者": null,
        "備考": ""
      }
    },
    {
      "type": "Feature",
      "geometry": {
        "type": "Point",
        "coordinates": [
          136.384509,
          35.381292
        ]
      },
      "properties": {
        "NO": "994",
        "共通ID": "E2521400020111",
        "施設・場所名": "米原市立いぶき認定こども園",
        "住所": "滋賀県米原市春照1950",
        "指定緊急避難場所との住所同一": "1",
        "その他市町村長が必要と認める事項": null,
        "受入対象者": null,
        "備考": ""
      }
    },
    {
      "type": "Feature",
      "geometry": {
        "type": "Point",
        "coordinates": [
          136.383188,
          35.381939
        ]
      },
      "properties": {
        "NO": "995",
        "共通ID": "E2521400021111",
        "施設・場所名": "米原市伊吹薬草の里文化センター",
        "住所": "滋賀県米原市春照37",
        "指定緊急避難場所との住所同一": "1",
        "その他市町村長が必要と認める事項": null,
        "受入対象者": null,
        "備考": ""
      }
    },
    {
      "type": "Feature",
      "geometry": {
        "type": "Point",
        "coordinates": [
          136.383681,
          35.383029
        ]
      },
      "properties": {
        "NO": "996",
        "共通ID": "E2521400022121",
        "施設・場所名": "米原市地域福祉センター　愛らんど",
        "住所": "滋賀県米原市春照56",
        "指定緊急避難場所との住所同一": "",
        "その他市町村長が必要と認める事項": null,
        "受入対象者": "要配慮者",
        "備考": ""
      }
    },
    {
      "type": "Feature",
      "geometry": {
        "type": "Point",
        "coordinates": [
          136.382922,
          35.383301
        ]
      },
      "properties": {
        "NO": "997",
        "共通ID": "E2521400023121",
        "施設・場所名": "米原市地域包括ケアセンター　いぶき",
        "住所": "滋賀県米原市春照58-1",
        "指定緊急避難場所との住所同一": "",
        "その他市町村長が必要と認める事項": null,
        "受入対象者": "要配慮者",
        "備考": ""
      }
    },
    {
      "type": "Feature",
      "geometry": {
        "type": "Point",
        "coordinates": [
          136.379613,
          35.395306
        ]
      },
      "properties": {
        "NO": "998",
        "共通ID": "E2521400025111",
        "施設・場所名": "米原市立伊吹小学校",
        "住所": "滋賀県米原市上野991",
        "指定緊急避難場所との住所同一": "1",
        "その他市町村長が必要と認める事項": null,
        "受入対象者": null,
        "備考": ""
      }
    },
    {
      "type": "Feature",
      "geometry": {
        "type": "Point",
        "coordinates": [
          136.313401,
          35.335269
        ]
      },
      "properties": {
        "NO": "999",
        "共通ID": "E2521400026121",
        "施設・場所名": "米原市地域包括医療福祉センター　ふくしあ",
        "住所": "滋賀県米原市新庄77-1",
        "指定緊急避難場所との住所同一": "",
        "その他市町村長が必要と認める事項": null,
        "受入対象者": "要配慮者",
        "備考": ""
      }
    },
    {
      "type": "Feature",
      "geometry": {
        "type": "Point",
        "coordinates": [
          136.386172,
          35.374944
        ]
      },
      "properties": {
        "NO": "1000",
        "共通ID": "E2521400027111",
        "施設・場所名": "米原市立春照小学校",
        "住所": "滋賀県米原市杉沢817",
        "指定緊急避難場所との住所同一": "1",
        "その他市町村長が必要と認める事項": null,
        "受入対象者": null,
        "備考": ""
      }
    },
    {
      "type": "Feature",
      "geometry": {
        "type": "Point",
        "coordinates": [
          136.395334,
          35.343681
        ]
      },
      "properties": {
        "NO": "1001",
        "共通ID": "E2521400028111",
        "施設・場所名": "米原市立柏原中学校",
        "住所": "滋賀県米原市清滝40",
        "指定緊急避難場所との住所同一": "1",
        "その他市町村長が必要と認める事項": null,
        "受入対象者": null,
        "備考": ""
      }
    },
    {
      "type": "Feature",
      "geometry": {
        "type": "Point",
        "coordinates": [
          136.349563,
          35.356997
        ]
      },
      "properties": {
        "NO": "1002",
        "共通ID": "E2521400030111",
        "施設・場所名": "米原市立山東小学校",
        "住所": "滋賀県米原市大鹿546",
        "指定緊急避難場所との住所同一": "1",
        "その他市町村長が必要と認める事項": null,
        "受入対象者": null,
        "備考": ""
      }
    },
    {
      "type": "Feature",
      "geometry": {
        "type": "Point",
        "coordinates": [
          136.358509,
          35.377478
        ]
      },
      "properties": {
        "NO": "1003",
        "共通ID": "E2521400031111",
        "施設・場所名": "米原市立大東中学校",
        "住所": "滋賀県米原市池下1054",
        "指定緊急避難場所との住所同一": "1",
        "その他市町村長が必要と認める事項": null,
        "受入対象者": null,
        "備考": ""
      }
    },
    {
      "type": "Feature",
      "geometry": {
        "type": "Point",
        "coordinates": [
          136.362383,
          35.373483
        ]
      },
      "properties": {
        "NO": "1004",
        "共通ID": "E2521400032111",
        "施設・場所名": "米原市立山東幼稚園",
        "住所": "滋賀県米原市池下91",
        "指定緊急避難場所との住所同一": "1",
        "その他市町村長が必要と認める事項": null,
        "受入対象者": null,
        "備考": ""
      }
    },
    {
      "type": "Feature",
      "geometry": {
        "type": "Point",
        "coordinates": [
          136.271075,
          35.320924
        ]
      },
      "properties": {
        "NO": "1005",
        "共通ID": "E2521400033121",
        "施設・場所名": "きらめきデイサービスセンター",
        "住所": "滋賀県米原市朝妻筑摩2483",
        "指定緊急避難場所との住所同一": "",
        "その他市町村長が必要と認める事項": null,
        "受入対象者": "要配慮者",
        "備考": ""
      }
    },
    {
      "type": "Feature",
      "geometry": {
        "type": "Point",
        "coordinates": [
          136.350696,
          35.382855
        ]
      },
      "properties": {
        "NO": "1006",
        "共通ID": "E2521400034111",
        "施設・場所名": "滋賀県立伊吹高等学校",
        "住所": "滋賀県米原市朝日302",
        "指定緊急避難場所との住所同一": "1",
        "その他市町村長が必要と認める事項": null,
        "受入対象者": null,
        "備考": ""
      }
    },
    {
      "type": "Feature",
      "geometry": {
        "type": "Point",
        "coordinates": [
          136.367691,
          35.364426
        ]
      },
      "properties": {
        "NO": "1007",
        "共通ID": "E2521400035111",
        "施設・場所名": "米原市民交流プラザ（ルッチプラザ）",
        "住所": "滋賀県米原市長岡1050-1",
        "指定緊急避難場所との住所同一": "1",
        "その他市町村長が必要と認める事項": null,
        "受入対象者": null,
        "備考": ""
      }
    },
    {
      "type": "Feature",
      "geometry": {
        "type": "Point",
        "coordinates": [
          136.367515,
          35.36476
        ]
      },
      "properties": {
        "NO": "1008",
        "共通ID": "E2521400035121",
        "施設・場所名": "米原市保健センター",
        "住所": "滋賀県米原市長岡1050-1",
        "指定緊急避難場所との住所同一": "1",
        "その他市町村長が必要と認める事項": null,
        "受入対象者": "要配慮者",
        "備考": ""
      }
    },
    {
      "type": "Feature",
      "geometry": {
        "type": "Point",
        "coordinates": [
          136.366746,
          35.365568
        ]
      },
      "properties": {
        "NO": "1009",
        "共通ID": "E2521400037111",
        "施設・場所名": "米原市民体育館・米原市山東学びあいステーション",
        "住所": "滋賀県米原市長岡3127",
        "指定緊急避難場所との住所同一": "1",
        "その他市町村長が必要と認める事項": "",
        "受入対象者": "",
        "備考": ""
      }
    },
    {
      "type": "Feature",
      "geometry": {
        "type": "Point",
        "coordinates": [
          136.371435,
          35.363046
        ]
      },
      "properties": {
        "NO": "1010",
        "共通ID": "E2521400038111",
        "施設・場所名": "旧米原市立山東東小学校体育館",
        "住所": "滋賀県米原市長岡645",
        "指定緊急避難場所との住所同一": "1",
        "その他市町村長が必要と認める事項": null,
        "受入対象者": null,
        "備考": ""
      }
    },
    {
      "type": "Feature",
      "geometry": {
        "type": "Point",
        "coordinates": [
          136.280766,
          35.314214
        ]
      },
      "properties": {
        "NO": "1011",
        "共通ID": "E2521400039111",
        "施設・場所名": "米原市立米原小学校",
        "住所": "滋賀県米原市入江307",
        "指定緊急避難場所との住所同一": "1",
        "その他市町村長が必要と認める事項": null,
        "受入対象者": null,
        "備考": ""
      }
    },
    {
      "type": "Feature",
      "geometry": {
        "type": "Point",
        "coordinates": [
          136.279972,
          35.312822
        ]
      },
      "properties": {
        "NO": "1012",
        "共通ID": "E2521400040111",
        "施設・場所名": "米原市立米原中学校",
        "住所": "滋賀県米原市入江313",
        "指定緊急避難場所との住所同一": "1",
        "その他市町村長が必要と認める事項": null,
        "受入対象者": null,
        "備考": ""
      }
    },
    {
      "type": "Feature",
      "geometry": {
        "type": "Point",
        "coordinates": [
          136.315327,
          35.331937
        ]
      },
      "properties": {
        "NO": "1013",
        "共通ID": "E2521400041111",
        "施設・場所名": "米原市立息長小学校",
        "住所": "滋賀県米原市能登瀬1339",
        "指定緊急避難場所との住所同一": "1",
        "その他市町村長が必要と認める事項": null,
        "受入対象者": null,
        "備考": ""
      }
    },
    {
      "type": "Feature",
      "geometry": {
        "type": "Point",
        "coordinates": [
          136.399936,
          35.340399
        ]
      },
      "properties": {
        "NO": "1014",
        "共通ID": "E2521400042111",
        "施設・場所名": "米原市山東Ｂ＆Ｇ海洋センター",
        "住所": "滋賀県米原市柏原2293-1",
        "指定緊急避難場所との住所同一": "1",
        "その他市町村長が必要と認める事項": null,
        "受入対象者": null,
        "備考": ""
      }
    },
    {
      "type": "Feature",
      "geometry": {
        "type": "Point",
        "coordinates": [
          136.401422,
          35.339787
        ]
      },
      "properties": {
        "NO": "1015",
        "共通ID": "E2521400043111",
        "施設・場所名": "米原市立柏原小学校",
        "住所": "滋賀県米原市柏原2320",
        "指定緊急避難場所との住所同一": "1",
        "その他市町村長が必要と認める事項": null,
        "受入対象者": null,
        "備考": ""
      }
    },
    {
      "type": "Feature",
      "geometry": {
        "type": "Point",
        "coordinates": [
          136.228907,
          35.201408
        ]
      },
      "properties": {
        "NO": "1016",
        "共通ID": "E2544100001121",
        "施設・場所名": "隣保館",
        "住所": "滋賀県豊郷町安食南299-1",
        "指定緊急避難場所との住所同一": "",
        "その他市町村長が必要と認める事項": null,
        "受入対象者": "要配慮者",
        "備考": ""
      }
    },
    {
      "type": "Feature",
      "geometry": {
        "type": "Point",
        "coordinates": [
          136.219245,
          35.19017
        ]
      },
      "properties": {
        "NO": "1017",
        "共通ID": "E2544100002111",
        "施設・場所名": "町民体育館",
        "住所": "滋賀県豊郷町下枝147",
        "指定緊急避難場所との住所同一": "1",
        "その他市町村長が必要と認める事項": null,
        "受入対象者": null,
        "備考": ""
      }
    },
    {
      "type": "Feature",
      "geometry": {
        "type": "Point",
        "coordinates": [
          136.226303,
          35.191872
        ]
      },
      "properties": {
        "NO": "1018",
        "共通ID": "E2544100003111",
        "施設・場所名": "日栄小学校",
        "住所": "滋賀県豊郷町吉田1454",
        "指定緊急避難場所との住所同一": "1",
        "その他市町村長が必要と認める事項": null,
        "受入対象者": null,
        "備考": ""
      }
    },
    {
      "type": "Feature",
      "geometry": {
        "type": "Point",
        "coordinates": [
          136.239188,
          35.204782
        ]
      },
      "properties": {
        "NO": "1019",
        "共通ID": "E2544100004121",
        "施設・場所名": "豊栄のさと",
        "住所": "滋賀県豊郷町四十九院1252",
        "指定緊急避難場所との住所同一": "1",
        "その他市町村長が必要と認める事項": null,
        "受入対象者": "要配慮者",
        "備考": ""
      }
    },
    {
      "type": "Feature",
      "geometry": {
        "type": "Point",
        "coordinates": [
          136.239275,
          35.204905
        ]
      },
      "properties": {
        "NO": "1020",
        "共通ID": "E2544100004111",
        "施設・場所名": "豊栄のさと",
        "住所": "滋賀県豊郷町四十九院1252",
        "指定緊急避難場所との住所同一": "1",
        "その他市町村長が必要と認める事項": null,
        "受入対象者": null,
        "備考": ""
      }
    },
    {
      "type": "Feature",
      "geometry": {
        "type": "Point",
        "coordinates": [
          136.228377,
          35.196857
        ]
      },
      "properties": {
        "NO": "1021",
        "共通ID": "E2544100005111",
        "施設・場所名": "豊日中学校",
        "住所": "滋賀県豊郷町上枝50",
        "指定緊急避難場所との住所同一": "1",
        "その他市町村長が必要と認める事項": null,
        "受入対象者": null,
        "備考": ""
      }
    },
    {
      "type": "Feature",
      "geometry": {
        "type": "Point",
        "coordinates": [
          136.233653,
          35.202946
        ]
      },
      "properties": {
        "NO": "1022",
        "共通ID": "E2544100006111",
        "施設・場所名": "豊郷小学校",
        "住所": "滋賀県豊郷町石畑518",
        "指定緊急避難場所との住所同一": "1",
        "その他市町村長が必要と認める事項": null,
        "受入対象者": null,
        "備考": ""
      }
    },
    {
      "type": "Feature",
      "geometry": {
        "type": "Point",
        "coordinates": [
          136.039333,
          35.092042
        ]
      },
      "properties": {
        "NO": "1023",
        "共通ID": "E2521000001111",
        "施設・場所名": "野洲北中学校",
        "住所": "滋賀県野洲市永原1690",
        "指定緊急避難場所との住所同一": "1",
        "その他市町村長が必要と認める事項": null,
        "受入対象者": null,
        "備考": ""
      }
    },
    {
      "type": "Feature",
      "geometry": {
        "type": "Point",
        "coordinates": [
          136.04127,
          35.086485
        ]
      },
      "properties": {
        "NO": "1024",
        "共通ID": "E2521000002111",
        "施設・場所名": "コミュニティセンターぎおう",
        "住所": "滋賀県野洲市永原463",
        "指定緊急避難場所との住所同一": "1",
        "その他市町村長が必要と認める事項": null,
        "受入対象者": null,
        "備考": ""
      }
    },
    {
      "type": "Feature",
      "geometry": {
        "type": "Point",
        "coordinates": [
          136.040664,
          35.086731
        ]
      },
      "properties": {
        "NO": "1025",
        "共通ID": "E2521000003111",
        "施設・場所名": "祇王幼稚園",
        "住所": "滋賀県野洲市永原474",
        "指定緊急避難場所との住所同一": "1",
        "その他市町村長が必要と認める事項": null,
        "受入対象者": null,
        "備考": ""
      }
    },
    {
      "type": "Feature",
      "geometry": {
        "type": "Point",
        "coordinates": [
          135.989565,
          35.122159
        ]
      },
      "properties": {
        "NO": "1026",
        "共通ID": "E2521000004111",
        "施設・場所名": "吉川自治会館",
        "住所": "滋賀県野洲市吉川3641",
        "指定緊急避難場所との住所同一": "1",
        "その他市町村長が必要と認める事項": null,
        "受入対象者": null,
        "備考": ""
      }
    },
    {
      "type": "Feature",
      "geometry": {
        "type": "Point",
        "coordinates": [
          136.015352,
          35.110471
        ]
      },
      "properties": {
        "NO": "1027",
        "共通ID": "E2521000005111",
        "施設・場所名": "中主幼稚園",
        "住所": "滋賀県野洲市吉地1120-1",
        "指定緊急避難場所との住所同一": "1",
        "その他市町村長が必要と認める事項": null,
        "受入対象者": null,
        "備考": ""
      }
    },
    {
      "type": "Feature",
      "geometry": {
        "type": "Point",
        "coordinates": [
          136.02004,
          35.06513
        ]
      },
      "properties": {
        "NO": "1028",
        "共通ID": "E2521000006111",
        "施設・場所名": "ゆきはたこども園",
        "住所": "滋賀県野洲市行畑1-2-25",
        "指定緊急避難場所との住所同一": "1",
        "その他市町村長が必要と認める事項": null,
        "受入対象者": null,
        "備考": ""
      }
    },
    {
      "type": "Feature",
      "geometry": {
        "type": "Point",
        "coordinates": [
          136.020171,
          35.06141
        ]
      },
      "properties": {
        "NO": "1029",
        "共通ID": "E2521000007111",
        "施設・場所名": "野洲高等学校",
        "住所": "滋賀県野洲市行畑2-9-1",
        "指定緊急避難場所との住所同一": "1",
        "その他市町村長が必要と認める事項": null,
        "受入対象者": null,
        "備考": ""
      }
    },
    {
      "type": "Feature",
      "geometry": {
        "type": "Point",
        "coordinates": [
          136.030029,
          35.045056
        ]
      },
      "properties": {
        "NO": "1030",
        "共通ID": "E2521000008111",
        "施設・場所名": "三上小学校",
        "住所": "滋賀県野洲市三上111",
        "指定緊急避難場所との住所同一": "1",
        "その他市町村長が必要と認める事項": null,
        "受入対象者": null,
        "備考": ""
      }
    },
    {
      "type": "Feature",
      "geometry": {
        "type": "Point",
        "coordinates": [
          136.029305,
          35.045772
        ]
      },
      "properties": {
        "NO": "1031",
        "共通ID": "E2521000009111",
        "施設・場所名": "三上こども園",
        "住所": "滋賀県野洲市三上134",
        "指定緊急避難場所との住所同一": "1",
        "その他市町村長が必要と認める事項": null,
        "受入対象者": null,
        "備考": ""
      }
    },
    {
      "type": "Feature",
      "geometry": {
        "type": "Point",
        "coordinates": [
          136.027267,
          35.051124
        ]
      },
      "properties": {
        "NO": "1032",
        "共通ID": "E2521000011111",
        "施設・場所名": "コミュニティセンターみかみ",
        "住所": "滋賀県野洲市三上828",
        "指定緊急避難場所との住所同一": "1",
        "その他市町村長が必要と認める事項": null,
        "受入対象者": null,
        "備考": ""
      }
    },
    {
      "type": "Feature",
      "geometry": {
        "type": "Point",
        "coordinates": [
          136.02181,
          35.07686
        ]
      },
      "properties": {
        "NO": "1033",
        "共通ID": "E2521000012111",
        "施設・場所名": "北野小学校",
        "住所": "滋賀県野洲市市三宅240",
        "指定緊急避難場所との住所同一": "1",
        "その他市町村長が必要と認める事項": null,
        "受入対象者": null,
        "備考": ""
      }
    },
    {
      "type": "Feature",
      "geometry": {
        "type": "Point",
        "coordinates": [
          136.023397,
          35.07735
        ]
      },
      "properties": {
        "NO": "1034",
        "共通ID": "E2521000013111",
        "施設・場所名": "北野幼稚園",
        "住所": "滋賀県野洲市市三宅248",
        "指定緊急避難場所との住所同一": "1",
        "その他市町村長が必要と認める事項": null,
        "受入対象者": null,
        "備考": ""
      }
    },
    {
      "type": "Feature",
      "geometry": {
        "type": "Point",
        "coordinates": [
          136.020332,
          35.077001
        ]
      },
      "properties": {
        "NO": "1035",
        "共通ID": "E2521000014111",
        "施設・場所名": "コミュニティセンターきたの",
        "住所": "滋賀県野洲市市三宅313",
        "指定緊急避難場所との住所同一": "1",
        "その他市町村長が必要と認める事項": null,
        "受入対象者": null,
        "備考": ""
      }
    },
    {
      "type": "Feature",
      "geometry": {
        "type": "Point",
        "coordinates": [
          136.023081,
          35.065598
        ]
      },
      "properties": {
        "NO": "1036",
        "共通ID": "E2521000015111",
        "施設・場所名": "野洲小学校",
        "住所": "滋賀県野洲市小篠原1147",
        "指定緊急避難場所との住所同一": "1",
        "その他市町村長が必要と認める事項": null,
        "受入対象者": null,
        "備考": ""
      }
    },
    {
      "type": "Feature",
      "geometry": {
        "type": "Point",
        "coordinates": [
          136.028988,
          35.070516
        ]
      },
      "properties": {
        "NO": "1037",
        "共通ID": "E2521000016111",
        "施設・場所名": "野洲市人権センター",
        "住所": "滋賀県野洲市小篠原1780",
        "指定緊急避難場所との住所同一": "1",
        "その他市町村長が必要と認める事項": "",
        "受入対象者": "",
        "備考": ""
      }
    },
    {
      "type": "Feature",
      "geometry": {
        "type": "Point",
        "coordinates": [
          136.027317,
          35.068768
        ]
      },
      "properties": {
        "NO": "1038",
        "共通ID": "E2521000017111",
        "施設・場所名": "野洲第三保育園",
        "住所": "滋賀県野洲市小篠原1977-1",
        "指定緊急避難場所との住所同一": "1",
        "その他市町村長が必要と認める事項": null,
        "受入対象者": null,
        "備考": ""
      }
    },
    {
      "type": "Feature",
      "geometry": {
        "type": "Point",
        "coordinates": [
          136.037748,
          35.07223
        ]
      },
      "properties": {
        "NO": "1039",
        "共通ID": "E2521000018111",
        "施設・場所名": "さくらばさまこども園",
        "住所": "滋賀県野洲市小篠原200",
        "指定緊急避難場所との住所同一": "1",
        "その他市町村長が必要と認める事項": null,
        "受入対象者": null,
        "備考": ""
      }
    },
    {
      "type": "Feature",
      "geometry": {
        "type": "Point",
        "coordinates": [
          136.020859,
          35.066829
        ]
      },
      "properties": {
        "NO": "1040",
        "共通ID": "E2521000019111",
        "施設・場所名": "コミュニティセンターやす",
        "住所": "滋賀県野洲市小篠原2142",
        "指定緊急避難場所との住所同一": "1",
        "その他市町村長が必要と認める事項": null,
        "受入対象者": null,
        "備考": ""
      }
    },
    {
      "type": "Feature",
      "geometry": {
        "type": "Point",
        "coordinates": [
          136.020566,
          35.066564
        ]
      },
      "properties": {
        "NO": "1041",
        "共通ID": "E2521000020111",
        "施設・場所名": "野洲幼稚園",
        "住所": "滋賀県野洲市小篠原2142-25",
        "指定緊急避難場所との住所同一": "1",
        "その他市町村長が必要と認める事項": null,
        "受入対象者": null,
        "備考": ""
      }
    },
    {
      "type": "Feature",
      "geometry": {
        "type": "Point",
        "coordinates": [
          136.037394,
          35.067091
        ]
      },
      "properties": {
        "NO": "1042",
        "共通ID": "E2521000021111",
        "施設・場所名": "野洲中学校",
        "住所": "滋賀県野洲市小篠原510",
        "指定緊急避難場所との住所同一": "1",
        "その他市町村長が必要と認める事項": null,
        "受入対象者": null,
        "備考": ""
      }
    },
    {
      "type": "Feature",
      "geometry": {
        "type": "Point",
        "coordinates": [
          136.060419,
          35.101863
        ]
      },
      "properties": {
        "NO": "1043",
        "共通ID": "E2521000022111",
        "施設・場所名": "野洲養護学校",
        "住所": "滋賀県野洲市小南588",
        "指定緊急避難場所との住所同一": "1",
        "その他市町村長が必要と認める事項": null,
        "受入対象者": null,
        "備考": ""
      }
    },
    {
      "type": "Feature",
      "geometry": {
        "type": "Point",
        "coordinates": [
          136.000905,
          35.135282
        ]
      },
      "properties": {
        "NO": "1044",
        "共通ID": "E2521000023111",
        "施設・場所名": "菖蒲自治会館",
        "住所": "滋賀県野洲市菖蒲262-2",
        "指定緊急避難場所との住所同一": "1",
        "その他市町村長が必要と認める事項": null,
        "受入対象者": null,
        "備考": ""
      }
    },
    {
      "type": "Feature",
      "geometry": {
        "type": "Point",
        "coordinates": [
          136.041786,
          35.084765
        ]
      },
      "properties": {
        "NO": "1045",
        "共通ID": "E2521000024111",
        "施設・場所名": "祇王小学校",
        "住所": "滋賀県野洲市上屋1169",
        "指定緊急避難場所との住所同一": "1",
        "その他市町村長が必要と認める事項": null,
        "受入対象者": null,
        "備考": ""
      }
    },
    {
      "type": "Feature",
      "geometry": {
        "type": "Point",
        "coordinates": [
          136.011666,
          35.102006
        ]
      },
      "properties": {
        "NO": "1046",
        "共通ID": "E2521000025111",
        "施設・場所名": "コミュニティセンターなかさと",
        "住所": "滋賀県野洲市西河原2366-1",
        "指定緊急避難場所との住所同一": "1",
        "その他市町村長が必要と認める事項": null,
        "受入対象者": null,
        "備考": ""
      }
    },
    {
      "type": "Feature",
      "geometry": {
        "type": "Point",
        "coordinates": [
          136.017813,
          35.101598
        ]
      },
      "properties": {
        "NO": "1047",
        "共通ID": "E2521000026111",
        "施設・場所名": "中主小学校",
        "住所": "滋賀県野洲市西河原712",
        "指定緊急避難場所との住所同一": "1",
        "その他市町村長が必要と認める事項": null,
        "受入対象者": null,
        "備考": ""
      }
    },
    {
      "type": "Feature",
      "geometry": {
        "type": "Point",
        "coordinates": [
          136.058258,
          35.090074
        ]
      },
      "properties": {
        "NO": "1048",
        "共通ID": "E2521000027111",
        "施設・場所名": "篠原小学校",
        "住所": "滋賀県野洲市大篠原1414",
        "指定緊急避難場所との住所同一": "1",
        "その他市町村長が必要と認める事項": null,
        "受入対象者": null,
        "備考": ""
      }
    },
    {
      "type": "Feature",
      "geometry": {
        "type": "Point",
        "coordinates": [
          136.058496,
          35.089237
        ]
      },
      "properties": {
        "NO": "1049",
        "共通ID": "E2521000028111",
        "施設・場所名": "篠原こども園",
        "住所": "滋賀県野洲市大篠原1414-2",
        "指定緊急避難場所との住所同一": "1",
        "その他市町村長が必要と認める事項": "",
        "受入対象者": "",
        "備考": ""
      }
    },
    {
      "type": "Feature",
      "geometry": {
        "type": "Point",
        "coordinates": [
          136.059045,
          35.090444
        ]
      },
      "properties": {
        "NO": "1050",
        "共通ID": "E2521000029111",
        "施設・場所名": "コミュニティセンターしのはら",
        "住所": "滋賀県野洲市大篠原4024-2",
        "指定緊急避難場所との住所同一": "1",
        "その他市町村長が必要と認める事項": null,
        "受入対象者": null,
        "備考": ""
      }
    },
    {
      "type": "Feature",
      "geometry": {
        "type": "Point",
        "coordinates": [
          136.017596,
          35.109137
        ]
      },
      "properties": {
        "NO": "1051",
        "共通ID": "E2521000030111",
        "施設・場所名": "さざなみホール",
        "住所": "滋賀県野洲市比留田3313-3",
        "指定緊急避難場所との住所同一": "1",
        "その他市町村長が必要と認める事項": null,
        "受入対象者": null,
        "備考": ""
      }
    },
    {
      "type": "Feature",
      "geometry": {
        "type": "Point",
        "coordinates": [
          136.029037,
          35.0884
        ]
      },
      "properties": {
        "NO": "1052",
        "共通ID": "E2521000031111",
        "施設・場所名": "総合体育館",
        "住所": "滋賀県野洲市冨波甲1339",
        "指定緊急避難場所との住所同一": "1",
        "その他市町村長が必要と認める事項": null,
        "受入対象者": null,
        "備考": ""
      }
    },
    {
      "type": "Feature",
      "geometry": {
        "type": "Point",
        "coordinates": [
          136.008985,
          35.096265
        ]
      },
      "properties": {
        "NO": "1053",
        "共通ID": "E2521000032111",
        "施設・場所名": "市民交流センター",
        "住所": "滋賀県野洲市北比江86",
        "指定緊急避難場所との住所同一": "1",
        "その他市町村長が必要と認める事項": null,
        "受入対象者": null,
        "備考": ""
      }
    },
    {
      "type": "Feature",
      "geometry": {
        "type": "Point",
        "coordinates": [
          136.005305,
          35.111191
        ]
      },
      "properties": {
        "NO": "1054",
        "共通ID": "E2521000034111",
        "施設・場所名": "コミュニティセンターひょうず",
        "住所": "滋賀県野洲市六条1509-1",
        "指定緊急避難場所との住所同一": "1",
        "その他市町村長が必要と認める事項": null,
        "受入対象者": null,
        "備考": ""
      }
    },
    {
      "type": "Feature",
      "geometry": {
        "type": "Point",
        "coordinates": [
          136.01008,
          35.113047
        ]
      },
      "properties": {
        "NO": "1055",
        "共通ID": "E2521000035111",
        "施設・場所名": "中主中学校",
        "住所": "滋賀県野洲市六条377",
        "指定緊急避難場所との住所同一": "1",
        "その他市町村長が必要と認める事項": null,
        "受入対象者": null,
        "備考": ""
      }
    },
    {
      "type": "Feature",
      "geometry": {
        "type": "Point",
        "coordinates": [
          136.009505,
          35.113506
        ]
      },
      "properties": {
        "NO": "1056",
        "共通ID": "E2521000036111",
        "施設・場所名": "中主Ｂ＆Ｇ海洋センター",
        "住所": "滋賀県野洲市六条460",
        "指定緊急避難場所との住所同一": "1",
        "その他市町村長が必要と認める事項": null,
        "受入対象者": null,
        "備考": ""
      }
    },
    {
      "type": "Feature",
      "geometry": {
        "type": "Point",
        "coordinates": [
          136.127068,
          35.066834
        ]
      },
      "properties": {
        "NO": "1057",
        "共通ID": "E2538400001111",
        "施設・場所名": "竜王小学校",
        "住所": "滋賀県竜王町大字綾戸275",
        "指定緊急避難場所との住所同一": "1",
        "その他市町村長が必要と認める事項": null,
        "受入対象者": null,
        "備考": ""
      }
    },
    {
      "type": "Feature",
      "geometry": {
        "type": "Point",
        "coordinates": [
          136.116463,
          35.051737
        ]
      },
      "properties": {
        "NO": "1058",
        "共通ID": "E2538400002111",
        "施設・場所名": "総合運動公園",
        "住所": "滋賀県竜王町大字岡屋3282",
        "指定緊急避難場所との住所同一": "1",
        "その他市町村長が必要と認める事項": null,
        "受入対象者": null,
        "備考": ""
      }
    },
    {
      "type": "Feature",
      "geometry": {
        "type": "Point",
        "coordinates": [
          136.124513,
          35.075886
        ]
      },
      "properties": {
        "NO": "1059",
        "共通ID": "E2538400003111",
        "施設・場所名": "竜王中学校",
        "住所": "滋賀県竜王町大字橋本15",
        "指定緊急避難場所との住所同一": "1",
        "その他市町村長が必要と認める事項": null,
        "受入対象者": null,
        "備考": ""
      }
    },
    {
      "type": "Feature",
      "geometry": {
        "type": "Point",
        "coordinates": [
          136.145389,
          35.043689
        ]
      },
      "properties": {
        "NO": "1060",
        "共通ID": "E2538400004111",
        "施設・場所名": "道の駅アグリパーク竜王",
        "住所": "滋賀県竜王町大字山之上6526",
        "指定緊急避難場所との住所同一": "1",
        "その他市町村長が必要と認める事項": null,
        "受入対象者": null,
        "備考": ""
      }
    },
    {
      "type": "Feature",
      "geometry": {
        "type": "Point",
        "coordinates": [
          136.099386,
          35.075525
        ]
      },
      "properties": {
        "NO": "1061",
        "共通ID": "E2538400005111",
        "施設・場所名": "竜王西小学校",
        "住所": "滋賀県竜王町大字山面1-1",
        "指定緊急避難場所との住所同一": "1",
        "その他市町村長が必要と認める事項": null,
        "受入対象者": null,
        "備考": ""
      }
    },
    {
      "type": "Feature",
      "geometry": {
        "type": "Point",
        "coordinates": [
          136.124424,
          35.062202
        ]
      },
      "properties": {
        "NO": "1062",
        "共通ID": "E2538400006111",
        "施設・場所名": "竜王町公民館",
        "住所": "滋賀県竜王町大字小口276-1",
        "指定緊急避難場所との住所同一": "1",
        "その他市町村長が必要と認める事項": null,
        "受入対象者": null,
        "備考": ""
      }
    }
  ]
}