{
  "type": "FeatureCollection",
  "name": "33000_岡山県",
  "features": [
    {
      "type": "Feature",
      "geometry": {
        "type": "Point",
        "coordinates": [
          133.461771,
          34.60356
        ]
      },
      "properties": {
        "NO": "1",
        "共通ID": "E3320700001111",
        "施設・場所名": "井原小学校",
        "住所": "岡山県井原市井原町1113-1",
        "指定緊急避難場所との住所同一": "1",
        "その他市町村長が必要と認める事項": null,
        "受入対象者": null,
        "備考": ""
      }
    },
    {
      "type": "Feature",
      "geometry": {
        "type": "Point",
        "coordinates": [
          133.463593,
          34.56872
        ]
      },
      "properties": {
        "NO": "2",
        "共通ID": "E3320700012111",
        "施設・場所名": "稲倉小学校",
        "住所": "岡山県井原市下稲木町888",
        "指定緊急避難場所との住所同一": "1",
        "その他市町村長が必要と認める事項": null,
        "受入対象者": null,
        "備考": ""
      }
    },
    {
      "type": "Feature",
      "geometry": {
        "type": "Point",
        "coordinates": [
          133.43003,
          34.5792
        ]
      },
      "properties": {
        "NO": "3",
        "共通ID": "E3320700025111",
        "施設・場所名": "高屋中学校",
        "住所": "岡山県井原市高屋町2-9-1",
        "指定緊急避難場所との住所同一": "1",
        "その他市町村長が必要と認める事項": null,
        "受入対象者": null,
        "備考": ""
      }
    },
    {
      "type": "Feature",
      "geometry": {
        "type": "Point",
        "coordinates": [
          133.462637,
          34.588463
        ]
      },
      "properties": {
        "NO": "4",
        "共通ID": "E3320700038111",
        "施設・場所名": "井原体育館",
        "住所": "岡山県井原市上出部町1671-1",
        "指定緊急避難場所との住所同一": "1",
        "その他市町村長が必要と認める事項": null,
        "受入対象者": null,
        "備考": ""
      }
    },
    {
      "type": "Feature",
      "geometry": {
        "type": "Point",
        "coordinates": [
          133.458953,
          34.593283
        ]
      },
      "properties": {
        "NO": "5",
        "共通ID": "E3320700039111",
        "施設・場所名": "出部小学校",
        "住所": "岡山県井原市上出部町235-1",
        "指定緊急避難場所との住所同一": "1",
        "その他市町村長が必要と認める事項": null,
        "受入対象者": null,
        "備考": ""
      }
    },
    {
      "type": "Feature",
      "geometry": {
        "type": "Point",
        "coordinates": [
          133.487536,
          34.600175
        ]
      },
      "properties": {
        "NO": "6",
        "共通ID": "E3320700052111",
        "施設・場所名": "西江原小学校",
        "住所": "岡山県井原市西江原町567-1",
        "指定緊急避難場所との住所同一": "1",
        "その他市町村長が必要と認める事項": null,
        "受入対象者": null,
        "備考": ""
      }
    },
    {
      "type": "Feature",
      "geometry": {
        "type": "Point",
        "coordinates": [
          133.470593,
          34.626437
        ]
      },
      "properties": {
        "NO": "7",
        "共通ID": "E3320700053111",
        "施設・場所名": "青野小学校",
        "住所": "岡山県井原市青野町2507-1",
        "指定緊急避難場所との住所同一": "1",
        "その他市町村長が必要と認める事項": null,
        "受入対象者": null,
        "備考": ""
      }
    },
    {
      "type": "Feature",
      "geometry": {
        "type": "Point",
        "coordinates": [
          133.441911,
          34.570881
        ]
      },
      "properties": {
        "NO": "8",
        "共通ID": "E3320700059111",
        "施設・場所名": "大江小学校",
        "住所": "岡山県井原市大江町2886",
        "指定緊急避難場所との住所同一": "1",
        "その他市町村長が必要と認める事項": null,
        "受入対象者": null,
        "備考": ""
      }
    },
    {
      "type": "Feature",
      "geometry": {
        "type": "Point",
        "coordinates": [
          133.512724,
          34.602217
        ]
      },
      "properties": {
        "NO": "9",
        "共通ID": "E3320700063111",
        "施設・場所名": "荏原小学校",
        "住所": "岡山県井原市東江原町2584",
        "指定緊急避難場所との住所同一": "1",
        "その他市町村長が必要と認める事項": null,
        "受入対象者": null,
        "備考": ""
      }
    },
    {
      "type": "Feature",
      "geometry": {
        "type": "Point",
        "coordinates": [
          133.532789,
          34.672232
        ]
      },
      "properties": {
        "NO": "10",
        "共通ID": "E3320700086111",
        "施設・場所名": "美星小学校",
        "住所": "岡山県井原市美星町西水砂20",
        "指定緊急避難場所との住所同一": "1",
        "その他市町村長が必要と認める事項": null,
        "受入対象者": null,
        "備考": ""
      }
    },
    {
      "type": "Feature",
      "geometry": {
        "type": "Point",
        "coordinates": [
          133.432439,
          34.628449
        ]
      },
      "properties": {
        "NO": "11",
        "共通ID": "E3320700113111",
        "施設・場所名": "芳井小学校",
        "住所": "岡山県井原市芳井町吉井4114-1",
        "指定緊急避難場所との住所同一": "1",
        "その他市町村長が必要と認める事項": null,
        "受入対象者": null,
        "備考": ""
      }
    },
    {
      "type": "Feature",
      "geometry": {
        "type": "Point",
        "coordinates": [
          133.500451,
          34.590904
        ]
      },
      "properties": {
        "NO": "12",
        "共通ID": "E3320700133111",
        "施設・場所名": "木之子小学校",
        "住所": "岡山県井原市木之子町2946",
        "指定緊急避難場所との住所同一": "1",
        "その他市町村長が必要と認める事項": null,
        "受入対象者": null,
        "備考": ""
      }
    },
    {
      "type": "Feature",
      "geometry": {
        "type": "Point",
        "coordinates": [
          133.486765,
          34.570712
        ]
      },
      "properties": {
        "NO": "13",
        "共通ID": "E3320700138111",
        "施設・場所名": "県主小学校",
        "住所": "岡山県井原市門田町649-1",
        "指定緊急避難場所との住所同一": "1",
        "その他市町村長が必要と認める事項": null,
        "受入対象者": null,
        "備考": ""
      }
    },
    {
      "type": "Feature",
      "geometry": {
        "type": "Point",
        "coordinates": [
          133.499983,
          34.64194
        ]
      },
      "properties": {
        "NO": "14",
        "共通ID": "E3320700142111",
        "施設・場所名": "野上小学校",
        "住所": "岡山県井原市野上町3201",
        "指定緊急避難場所との住所同一": "1",
        "その他市町村長が必要と認める事項": null,
        "受入対象者": null,
        "備考": ""
      }
    },
    {
      "type": "Feature",
      "geometry": {
        "type": "Point",
        "coordinates": [
          133.979489,
          34.678816
        ]
      },
      "properties": {
        "NO": "15",
        "共通ID": "E3310000001111",
        "施設・場所名": "東公民館　乙多見分館",
        "住所": "岡山県岡山市中区乙多見294",
        "指定緊急避難場所との住所同一": "1",
        "その他市町村長が必要と認める事項": null,
        "受入対象者": null,
        "備考": ""
      }
    },
    {
      "type": "Feature",
      "geometry": {
        "type": "Point",
        "coordinates": [
          133.99948,
          34.680248
        ]
      },
      "properties": {
        "NO": "16",
        "共通ID": "E3310000002111",
        "施設・場所名": "岡山県立岡山城東高等学校",
        "住所": "岡山県岡山市中区下110",
        "指定緊急避難場所との住所同一": "1",
        "その他市町村長が必要と認める事項": null,
        "受入対象者": null,
        "備考": ""
      }
    },
    {
      "type": "Feature",
      "geometry": {
        "type": "Point",
        "coordinates": [
          133.98986,
          34.66411
        ]
      },
      "properties": {
        "NO": "17",
        "共通ID": "E3310000003111",
        "施設・場所名": "富山中学校",
        "住所": "岡山県岡山市中区海吉1462-5",
        "指定緊急避難場所との住所同一": "1",
        "その他市町村長が必要と認める事項": null,
        "受入対象者": null,
        "備考": ""
      }
    },
    {
      "type": "Feature",
      "geometry": {
        "type": "Point",
        "coordinates": [
          133.974857,
          34.634069
        ]
      },
      "properties": {
        "NO": "18",
        "共通ID": "E3310000004111",
        "施設・場所名": "操南コミュニティハウス",
        "住所": "岡山県岡山市中区桑野291-8",
        "指定緊急避難場所との住所同一": "1",
        "その他市町村長が必要と認める事項": null,
        "受入対象者": null,
        "備考": ""
      }
    },
    {
      "type": "Feature",
      "geometry": {
        "type": "Point",
        "coordinates": [
          133.979322,
          34.618433
        ]
      },
      "properties": {
        "NO": "19",
        "共通ID": "E3310000005111",
        "施設・場所名": "岡山ふれあいセンター",
        "住所": "岡山県岡山市中区桑野715-2",
        "指定緊急避難場所との住所同一": "1",
        "その他市町村長が必要と認める事項": null,
        "受入対象者": null,
        "備考": ""
      }
    },
    {
      "type": "Feature",
      "geometry": {
        "type": "Point",
        "coordinates": [
          133.948774,
          34.673837
        ]
      },
      "properties": {
        "NO": "20",
        "共通ID": "E3310000006111",
        "施設・場所名": "宇野コミュニティハウス",
        "住所": "岡山県岡山市中区原尾島1-9-1",
        "指定緊急避難場所との住所同一": "1",
        "その他市町村長が必要と認める事項": null,
        "受入対象者": null,
        "備考": ""
      }
    },
    {
      "type": "Feature",
      "geometry": {
        "type": "Point",
        "coordinates": [
          133.948527,
          34.673621
        ]
      },
      "properties": {
        "NO": "21",
        "共通ID": "E3310000006112",
        "施設・場所名": "宇野小学校",
        "住所": "岡山県岡山市中区原尾島1-9-1",
        "指定緊急避難場所との住所同一": "1",
        "その他市町村長が必要と認める事項": null,
        "受入対象者": null,
        "備考": ""
      }
    },
    {
      "type": "Feature",
      "geometry": {
        "type": "Point",
        "coordinates": [
          133.956478,
          34.6664
        ]
      },
      "properties": {
        "NO": "22",
        "共通ID": "E3310000007111",
        "施設・場所名": "岡山県立岡山盲学校",
        "住所": "岡山県岡山市中区原尾島4-16-53",
        "指定緊急避難場所との住所同一": "1",
        "その他市町村長が必要と認める事項": null,
        "受入対象者": null,
        "備考": ""
      }
    },
    {
      "type": "Feature",
      "geometry": {
        "type": "Point",
        "coordinates": [
          133.943249,
          34.660481
        ]
      },
      "properties": {
        "NO": "23",
        "共通ID": "E3310000008111",
        "施設・場所名": "岡山県立岡山朝日高等学校",
        "住所": "岡山県岡山市中区古京町2-2-21",
        "指定緊急避難場所との住所同一": "1",
        "その他市町村長が必要と認める事項": null,
        "受入対象者": null,
        "備考": ""
      }
    },
    {
      "type": "Feature",
      "geometry": {
        "type": "Point",
        "coordinates": [
          133.933506,
          34.652831
        ]
      },
      "properties": {
        "NO": "24",
        "共通ID": "E3310000009111",
        "施設・場所名": "東山中学校",
        "住所": "岡山県岡山市中区御幸町13-3",
        "指定緊急避難場所との住所同一": "1",
        "その他市町村長が必要と認める事項": null,
        "受入対象者": null,
        "備考": ""
      }
    },
    {
      "type": "Feature",
      "geometry": {
        "type": "Point",
        "coordinates": [
          133.943524,
          34.657332
        ]
      },
      "properties": {
        "NO": "25",
        "共通ID": "E3310000010111",
        "施設・場所名": "東山公園集会所",
        "住所": "岡山県岡山市中区御成町15-26",
        "指定緊急避難場所との住所同一": "1",
        "その他市町村長が必要と認める事項": null,
        "受入対象者": null,
        "備考": ""
      }
    },
    {
      "type": "Feature",
      "geometry": {
        "type": "Point",
        "coordinates": [
          133.96622,
          34.674864
        ]
      },
      "properties": {
        "NO": "26",
        "共通ID": "E3310000011111",
        "施設・場所名": "幡多小学校",
        "住所": "岡山県岡山市中区高屋254",
        "指定緊急避難場所との住所同一": "1",
        "その他市町村長が必要と認める事項": null,
        "受入対象者": null,
        "備考": ""
      }
    },
    {
      "type": "Feature",
      "geometry": {
        "type": "Point",
        "coordinates": [
          133.968929,
          34.674264
        ]
      },
      "properties": {
        "NO": "27",
        "共通ID": "E3310000012111",
        "施設・場所名": "東公民館",
        "住所": "岡山県岡山市中区高屋344-1",
        "指定緊急避難場所との住所同一": "1",
        "その他市町村長が必要と認める事項": null,
        "受入対象者": null,
        "備考": ""
      }
    },
    {
      "type": "Feature",
      "geometry": {
        "type": "Point",
        "coordinates": [
          133.948841,
          34.686115
        ]
      },
      "properties": {
        "NO": "28",
        "共通ID": "E3310000013111",
        "施設・場所名": "旭竜コミュニティハウス",
        "住所": "岡山県岡山市中区高島1-8-5",
        "指定緊急避難場所との住所同一": "1",
        "その他市町村長が必要と認める事項": null,
        "受入対象者": null,
        "備考": ""
      }
    },
    {
      "type": "Feature",
      "geometry": {
        "type": "Point",
        "coordinates": [
          133.9394,
          34.669249
        ]
      },
      "properties": {
        "NO": "29",
        "共通ID": "E3310000014111",
        "施設・場所名": "操山公民館　三勲分館",
        "住所": "岡山県岡山市中区国富1039-18",
        "指定緊急避難場所との住所同一": "1",
        "その他市町村長が必要と認める事項": null,
        "受入対象者": null,
        "備考": ""
      }
    },
    {
      "type": "Feature",
      "geometry": {
        "type": "Point",
        "coordinates": [
          133.950604,
          34.666306
        ]
      },
      "properties": {
        "NO": "30",
        "共通ID": "E3310000015111",
        "施設・場所名": "操山中学校",
        "住所": "岡山県岡山市中区国富3-11-1",
        "指定緊急避難場所との住所同一": "1",
        "その他市町村長が必要と認める事項": null,
        "受入対象者": null,
        "備考": ""
      }
    },
    {
      "type": "Feature",
      "geometry": {
        "type": "Point",
        "coordinates": [
          133.949298,
          34.667782
        ]
      },
      "properties": {
        "NO": "31",
        "共通ID": "E3310000016111",
        "施設・場所名": "操山公民館",
        "住所": "岡山県岡山市中区国富3-9-12",
        "指定緊急避難場所との住所同一": "1",
        "その他市町村長が必要と認める事項": null,
        "受入対象者": null,
        "備考": ""
      }
    },
    {
      "type": "Feature",
      "geometry": {
        "type": "Point",
        "coordinates": [
          133.962948,
          34.691778
        ]
      },
      "properties": {
        "NO": "32",
        "共通ID": "E3310000017111",
        "施設・場所名": "高島コミュニティハウス",
        "住所": "岡山県岡山市中区国府市場117-1",
        "指定緊急避難場所との住所同一": "1",
        "その他市町村長が必要と認める事項": null,
        "受入対象者": null,
        "備考": ""
      }
    },
    {
      "type": "Feature",
      "geometry": {
        "type": "Point",
        "coordinates": [
          133.96278,
          34.690715
        ]
      },
      "properties": {
        "NO": "33",
        "共通ID": "E3310000018111",
        "施設・場所名": "高島小学校",
        "住所": "岡山県岡山市中区国府市場131",
        "指定緊急避難場所との住所同一": "1",
        "その他市町村長が必要と認める事項": null,
        "受入対象者": null,
        "備考": ""
      }
    },
    {
      "type": "Feature",
      "geometry": {
        "type": "Point",
        "coordinates": [
          133.960126,
          34.691272
        ]
      },
      "properties": {
        "NO": "34",
        "共通ID": "E3310000019111",
        "施設・場所名": "高島公民館",
        "住所": "岡山県岡山市中区国府市場99-5",
        "指定緊急避難場所との住所同一": "1",
        "その他市町村長が必要と認める事項": null,
        "受入対象者": null,
        "備考": ""
      }
    },
    {
      "type": "Feature",
      "geometry": {
        "type": "Point",
        "coordinates": [
          133.980866,
          34.693654
        ]
      },
      "properties": {
        "NO": "35",
        "共通ID": "E3310000020111",
        "施設・場所名": "竜之口コミュニティハウス",
        "住所": "岡山県岡山市中区四御神201-1",
        "指定緊急避難場所との住所同一": "1",
        "その他市町村長が必要と認める事項": null,
        "受入対象者": null,
        "備考": ""
      }
    },
    {
      "type": "Feature",
      "geometry": {
        "type": "Point",
        "coordinates": [
          133.978023,
          34.695087
        ]
      },
      "properties": {
        "NO": "36",
        "共通ID": "E3310000021111",
        "施設・場所名": "竜之口小学校",
        "住所": "岡山県岡山市中区四御神266",
        "指定緊急避難場所との住所同一": "1",
        "その他市町村長が必要と認める事項": null,
        "受入対象者": null,
        "備考": ""
      }
    },
    {
      "type": "Feature",
      "geometry": {
        "type": "Point",
        "coordinates": [
          133.936109,
          34.656397
        ]
      },
      "properties": {
        "NO": "37",
        "共通ID": "E3310000022111",
        "施設・場所名": "旭東コミュニティハウス",
        "住所": "岡山県岡山市中区小橋町2-4-34",
        "指定緊急避難場所との住所同一": "1",
        "その他市町村長が必要と認める事項": null,
        "受入対象者": null,
        "備考": ""
      }
    },
    {
      "type": "Feature",
      "geometry": {
        "type": "Point",
        "coordinates": [
          133.959831,
          34.692427
        ]
      },
      "properties": {
        "NO": "38",
        "共通ID": "E3310000023111",
        "施設・場所名": "高島中学校",
        "住所": "岡山県岡山市中区賞田190-1",
        "指定緊急避難場所との住所同一": "1",
        "その他市町村長が必要と認める事項": null,
        "受入対象者": null,
        "備考": ""
      }
    },
    {
      "type": "Feature",
      "geometry": {
        "type": "Point",
        "coordinates": [
          133.935883,
          34.676268
        ]
      },
      "properties": {
        "NO": "39",
        "共通ID": "E3310000024111",
        "施設・場所名": "操山公民館　宇野分館",
        "住所": "岡山県岡山市中区西川原1-7-30",
        "指定緊急避難場所との住所同一": "1",
        "その他市町村長が必要と認める事項": null,
        "受入対象者": null,
        "備考": ""
      }
    },
    {
      "type": "Feature",
      "geometry": {
        "type": "Point",
        "coordinates": [
          133.966051,
          34.680872
        ]
      },
      "properties": {
        "NO": "40",
        "共通ID": "E3310000025111",
        "施設・場所名": "竜操中学校",
        "住所": "岡山県岡山市中区赤田188-1",
        "指定緊急避難場所との住所同一": "1",
        "その他市町村長が必要と認める事項": null,
        "受入対象者": null,
        "備考": ""
      }
    },
    {
      "type": "Feature",
      "geometry": {
        "type": "Point",
        "coordinates": [
          133.972163,
          34.645814
        ]
      },
      "properties": {
        "NO": "41",
        "共通ID": "E3310000026111",
        "施設・場所名": "旭操小学校",
        "住所": "岡山県岡山市中区倉富160",
        "指定緊急避難場所との住所同一": "1",
        "その他市町村長が必要と認める事項": null,
        "受入対象者": null,
        "備考": ""
      }
    },
    {
      "type": "Feature",
      "geometry": {
        "type": "Point",
        "coordinates": [
          133.972383,
          34.644889
        ]
      },
      "properties": {
        "NO": "42",
        "共通ID": "E3310000027111",
        "施設・場所名": "旭操コミュニティハウス",
        "住所": "岡山県岡山市中区倉富160-1",
        "指定緊急避難場所との住所同一": "1",
        "その他市町村長が必要と認める事項": null,
        "受入対象者": null,
        "備考": ""
      }
    },
    {
      "type": "Feature",
      "geometry": {
        "type": "Point",
        "coordinates": [
          133.961718,
          34.663244
        ]
      },
      "properties": {
        "NO": "43",
        "共通ID": "E3310000028111",
        "施設・場所名": "操山公園里山センター",
        "住所": "岡山県岡山市中区沢田649-2",
        "指定緊急避難場所との住所同一": "1",
        "その他市町村長が必要と認める事項": null,
        "受入対象者": null,
        "備考": ""
      }
    },
    {
      "type": "Feature",
      "geometry": {
        "type": "Point",
        "coordinates": [
          133.939468,
          34.682401
        ]
      },
      "properties": {
        "NO": "44",
        "共通ID": "E3310000029111",
        "施設・場所名": "操山公民館　竹田分館",
        "住所": "岡山県岡山市中区竹田106-2",
        "指定緊急避難場所との住所同一": "1",
        "その他市町村長が必要と認める事項": null,
        "受入対象者": null,
        "備考": ""
      }
    },
    {
      "type": "Feature",
      "geometry": {
        "type": "Point",
        "coordinates": [
          133.984777,
          34.682834
        ]
      },
      "properties": {
        "NO": "45",
        "共通ID": "E3310000030111",
        "施設・場所名": "財田コミュニティハウス",
        "住所": "岡山県岡山市中区長岡4-101",
        "指定緊急避難場所との住所同一": "1",
        "その他市町村長が必要と認める事項": null,
        "受入対象者": null,
        "備考": ""
      }
    },
    {
      "type": "Feature",
      "geometry": {
        "type": "Point",
        "coordinates": [
          133.986215,
          34.684424
        ]
      },
      "properties": {
        "NO": "46",
        "共通ID": "E3310000031111",
        "施設・場所名": "財田小学校",
        "住所": "岡山県岡山市中区長岡58-2",
        "指定緊急避難場所との住所同一": "1",
        "その他市町村長が必要と認める事項": null,
        "受入対象者": null,
        "備考": ""
      }
    },
    {
      "type": "Feature",
      "geometry": {
        "type": "Point",
        "coordinates": [
          133.98579,
          34.687799
        ]
      },
      "properties": {
        "NO": "47",
        "共通ID": "E3310000032111",
        "施設・場所名": "岡山県立東岡山工業高等学校",
        "住所": "岡山県岡山市中区土田290-1",
        "指定緊急避難場所との住所同一": "1",
        "その他市町村長が必要と認める事項": null,
        "受入対象者": null,
        "備考": ""
      }
    },
    {
      "type": "Feature",
      "geometry": {
        "type": "Point",
        "coordinates": [
          133.988468,
          34.692202
        ]
      },
      "properties": {
        "NO": "48",
        "共通ID": "E3310000033111",
        "施設・場所名": "岡山県立岡山聾学校",
        "住所": "岡山県岡山市中区土田51",
        "指定緊急避難場所との住所同一": "1",
        "その他市町村長が必要と認める事項": null,
        "受入対象者": null,
        "備考": ""
      }
    },
    {
      "type": "Feature",
      "geometry": {
        "type": "Point",
        "coordinates": [
          133.94138,
          34.652038
        ]
      },
      "properties": {
        "NO": "49",
        "共通ID": "E3310000034111",
        "施設・場所名": "岡山県立岡山東商業高等学校",
        "住所": "岡山県岡山市中区東山3-1-6",
        "指定緊急避難場所との住所同一": "1",
        "その他市町村長が必要と認める事項": null,
        "受入対象者": null,
        "備考": ""
      }
    },
    {
      "type": "Feature",
      "geometry": {
        "type": "Point",
        "coordinates": [
          133.969553,
          34.631779
        ]
      },
      "properties": {
        "NO": "50",
        "共通ID": "E3310000035111",
        "施設・場所名": "操南中学校",
        "住所": "岡山県岡山市中区藤崎130-2",
        "指定緊急避難場所との住所同一": "1",
        "その他市町村長が必要と認める事項": null,
        "受入対象者": null,
        "備考": ""
      }
    },
    {
      "type": "Feature",
      "geometry": {
        "type": "Point",
        "coordinates": [
          133.965573,
          34.62896
        ]
      },
      "properties": {
        "NO": "51",
        "共通ID": "E3310000036111",
        "施設・場所名": "操南公民館",
        "住所": "岡山県岡山市中区藤崎201-4",
        "指定緊急避難場所との住所同一": "1",
        "その他市町村長が必要と認める事項": null,
        "受入対象者": null,
        "備考": ""
      }
    },
    {
      "type": "Feature",
      "geometry": {
        "type": "Point",
        "coordinates": [
          133.965336,
          34.630453
        ]
      },
      "properties": {
        "NO": "52",
        "共通ID": "E3310000037111",
        "施設・場所名": "操南小学校",
        "住所": "岡山県岡山市中区藤崎45",
        "指定緊急避難場所との住所同一": "1",
        "その他市町村長が必要と認める事項": null,
        "受入対象者": null,
        "備考": ""
      }
    },
    {
      "type": "Feature",
      "geometry": {
        "type": "Point",
        "coordinates": [
          133.974373,
          34.616644
        ]
      },
      "properties": {
        "NO": "53",
        "共通ID": "E3310000038111",
        "施設・場所名": "操明小学校",
        "住所": "岡山県岡山市中区藤崎721-3",
        "指定緊急避難場所との住所同一": "1",
        "その他市町村長が必要と認める事項": null,
        "受入対象者": null,
        "備考": ""
      }
    },
    {
      "type": "Feature",
      "geometry": {
        "type": "Point",
        "coordinates": [
          133.940571,
          34.659601
        ]
      },
      "properties": {
        "NO": "54",
        "共通ID": "E3310000039111",
        "施設・場所名": "三勲小学校",
        "住所": "岡山県岡山市中区徳吉町1-1-21",
        "指定緊急避難場所との住所同一": "1",
        "その他市町村長が必要と認める事項": null,
        "受入対象者": null,
        "備考": ""
      }
    },
    {
      "type": "Feature",
      "geometry": {
        "type": "Point",
        "coordinates": [
          133.947284,
          34.688065
        ]
      },
      "properties": {
        "NO": "55",
        "共通ID": "E3310000040111",
        "施設・場所名": "旭竜小学校",
        "住所": "岡山県岡山市中区八幡8-1",
        "指定緊急避難場所との住所同一": "1",
        "その他市町村長が必要と認める事項": null,
        "受入対象者": null,
        "備考": ""
      }
    },
    {
      "type": "Feature",
      "geometry": {
        "type": "Point",
        "coordinates": [
          133.934175,
          34.673439
        ]
      },
      "properties": {
        "NO": "56",
        "共通ID": "E3310000041111",
        "施設・場所名": "操山公民館　浜川原分館",
        "住所": "岡山県岡山市中区浜1-3-16",
        "指定緊急避難場所との住所同一": "1",
        "その他市町村長が必要と認める事項": null,
        "受入対象者": null,
        "備考": ""
      }
    },
    {
      "type": "Feature",
      "geometry": {
        "type": "Point",
        "coordinates": [
          133.939799,
          34.673707
        ]
      },
      "properties": {
        "NO": "57",
        "共通ID": "E3310000042111",
        "施設・場所名": "岡山県立岡山操山中学校・高等学校",
        "住所": "岡山県岡山市中区浜412",
        "指定緊急避難場所との住所同一": "1",
        "その他市町村長が必要と認める事項": null,
        "受入対象者": null,
        "備考": ""
      }
    },
    {
      "type": "Feature",
      "geometry": {
        "type": "Point",
        "coordinates": [
          133.974912,
          34.6547
        ]
      },
      "properties": {
        "NO": "58",
        "共通ID": "E3310000043111",
        "施設・場所名": "富山小学校",
        "住所": "岡山県岡山市中区福泊233",
        "指定緊急避難場所との住所同一": "1",
        "その他市町村長が必要と認める事項": null,
        "受入対象者": null,
        "備考": ""
      }
    },
    {
      "type": "Feature",
      "geometry": {
        "type": "Point",
        "coordinates": [
          133.976255,
          34.656512
        ]
      },
      "properties": {
        "NO": "59",
        "共通ID": "E3310000044111",
        "施設・場所名": "富山公民館",
        "住所": "岡山県岡山市中区福泊246-1",
        "指定緊急避難場所との住所同一": "1",
        "その他市町村長が必要と認める事項": null,
        "受入対象者": null,
        "備考": ""
      }
    },
    {
      "type": "Feature",
      "geometry": {
        "type": "Point",
        "coordinates": [
          133.978523,
          34.657716
        ]
      },
      "properties": {
        "NO": "60",
        "共通ID": "E3310000045111",
        "施設・場所名": "富山コミュニティハウス",
        "住所": "岡山県岡山市中区福泊321-2",
        "指定緊急避難場所との住所同一": "1",
        "その他市町村長が必要と認める事項": null,
        "受入対象者": null,
        "備考": ""
      }
    },
    {
      "type": "Feature",
      "geometry": {
        "type": "Point",
        "coordinates": [
          133.949964,
          34.637408
        ]
      },
      "properties": {
        "NO": "61",
        "共通ID": "E3310000046111",
        "施設・場所名": "平井コミュニティハウス",
        "住所": "岡山県岡山市中区平井3-927-1",
        "指定緊急避難場所との住所同一": "1",
        "その他市町村長が必要と認める事項": null,
        "受入対象者": null,
        "備考": ""
      }
    },
    {
      "type": "Feature",
      "geometry": {
        "type": "Point",
        "coordinates": [
          133.947261,
          34.638247
        ]
      },
      "properties": {
        "NO": "62",
        "共通ID": "E3310000047111",
        "施設・場所名": "東山公民館",
        "住所": "岡山県岡山市中区平井4-13-33",
        "指定緊急避難場所との住所同一": "1",
        "その他市町村長が必要と認める事項": null,
        "受入対象者": null,
        "備考": ""
      }
    },
    {
      "type": "Feature",
      "geometry": {
        "type": "Point",
        "coordinates": [
          133.945414,
          34.638387
        ]
      },
      "properties": {
        "NO": "63",
        "共通ID": "E3310000048111",
        "施設・場所名": "平井小学校",
        "住所": "岡山県岡山市中区平井4-19-52",
        "指定緊急避難場所との住所同一": "1",
        "その他市町村長が必要と認める事項": null,
        "受入対象者": null,
        "備考": ""
      }
    },
    {
      "type": "Feature",
      "geometry": {
        "type": "Point",
        "coordinates": [
          133.936653,
          34.655614
        ]
      },
      "properties": {
        "NO": "64",
        "共通ID": "E3310000049111",
        "施設・場所名": "旭東小学校",
        "住所": "岡山県岡山市中区門田屋敷本町1-17",
        "指定緊急避難場所との住所同一": "1",
        "その他市町村長が必要と認める事項": null,
        "受入対象者": null,
        "備考": ""
      }
    },
    {
      "type": "Feature",
      "geometry": {
        "type": "Point",
        "coordinates": [
          134.083033,
          34.713033
        ]
      },
      "properties": {
        "NO": "65",
        "共通ID": "E3310000050111",
        "施設・場所名": "上道公民館　御休分館",
        "住所": "岡山県岡山市東区一日市250-3",
        "指定緊急避難場所との住所同一": "1",
        "その他市町村長が必要と認める事項": null,
        "受入対象者": null,
        "備考": ""
      }
    },
    {
      "type": "Feature",
      "geometry": {
        "type": "Point",
        "coordinates": [
          134.097511,
          34.624561
        ]
      },
      "properties": {
        "NO": "66",
        "共通ID": "E3310000051111",
        "施設・場所名": "大宮コミュニティハウス",
        "住所": "岡山県岡山市東区下阿知860",
        "指定緊急避難場所との住所同一": "1",
        "その他市町村長が必要と認める事項": null,
        "受入対象者": null,
        "備考": ""
      }
    },
    {
      "type": "Feature",
      "geometry": {
        "type": "Point",
        "coordinates": [
          134.000939,
          34.660041
        ]
      },
      "properties": {
        "NO": "67",
        "共通ID": "E3310000052111",
        "施設・場所名": "可知小学校",
        "住所": "岡山県岡山市東区可知1-83-2",
        "指定緊急避難場所との住所同一": "1",
        "その他市町村長が必要と認める事項": null,
        "受入対象者": null,
        "備考": ""
      }
    },
    {
      "type": "Feature",
      "geometry": {
        "type": "Point",
        "coordinates": [
          134.002429,
          34.659908
        ]
      },
      "properties": {
        "NO": "68",
        "共通ID": "E3310000053111",
        "施設・場所名": "可知コミュニティハウス",
        "住所": "岡山県岡山市東区可知3-1-15",
        "指定緊急避難場所との住所同一": "1",
        "その他市町村長が必要と認める事項": null,
        "受入対象者": null,
        "備考": ""
      }
    },
    {
      "type": "Feature",
      "geometry": {
        "type": "Point",
        "coordinates": [
          134.050277,
          34.662958
        ]
      },
      "properties": {
        "NO": "69",
        "共通ID": "E3310000054111",
        "施設・場所名": "西大寺公民館　久保東分館",
        "住所": "岡山県岡山市東区河本町29",
        "指定緊急避難場所との住所同一": "1",
        "その他市町村長が必要と認める事項": null,
        "受入対象者": null,
        "備考": ""
      }
    },
    {
      "type": "Feature",
      "geometry": {
        "type": "Point",
        "coordinates": [
          134.024629,
          34.643242
        ]
      },
      "properties": {
        "NO": "70",
        "共通ID": "E3310000055111",
        "施設・場所名": "西大寺南小学校",
        "住所": "岡山県岡山市東区金岡西町435-1",
        "指定緊急避難場所との住所同一": "1",
        "その他市町村長が必要と認める事項": null,
        "受入対象者": null,
        "備考": ""
      }
    },
    {
      "type": "Feature",
      "geometry": {
        "type": "Point",
        "coordinates": [
          134.027712,
          34.645033
        ]
      },
      "properties": {
        "NO": "71",
        "共通ID": "E3310000056111",
        "施設・場所名": "西大寺南コミュニティハウス",
        "住所": "岡山県岡山市東区金岡東町1-11-53",
        "指定緊急避難場所との住所同一": "1",
        "その他市町村長が必要と認める事項": null,
        "受入対象者": null,
        "備考": ""
      }
    },
    {
      "type": "Feature",
      "geometry": {
        "type": "Point",
        "coordinates": [
          134.019092,
          34.631688
        ]
      },
      "properties": {
        "NO": "72",
        "共通ID": "E3310000057111",
        "施設・場所名": "上南公民館　金田分館",
        "住所": "岡山県岡山市東区金田1077",
        "指定緊急避難場所との住所同一": "1",
        "その他市町村長が必要と認める事項": null,
        "受入対象者": null,
        "備考": ""
      }
    },
    {
      "type": "Feature",
      "geometry": {
        "type": "Point",
        "coordinates": [
          134.024167,
          34.626397
        ]
      },
      "properties": {
        "NO": "73",
        "共通ID": "E3310000058111",
        "施設・場所名": "開成小学校",
        "住所": "岡山県岡山市東区金田1524",
        "指定緊急避難場所との住所同一": "1",
        "その他市町村長が必要と認める事項": null,
        "受入対象者": null,
        "備考": ""
      }
    },
    {
      "type": "Feature",
      "geometry": {
        "type": "Point",
        "coordinates": [
          134.013936,
          34.636833
        ]
      },
      "properties": {
        "NO": "74",
        "共通ID": "E3310000059111",
        "施設・場所名": "上南中学校",
        "住所": "岡山県岡山市東区金田722",
        "指定緊急避難場所との住所同一": "1",
        "その他市町村長が必要と認める事項": null,
        "受入対象者": null,
        "備考": ""
      }
    },
    {
      "type": "Feature",
      "geometry": {
        "type": "Point",
        "coordinates": [
          134.023749,
          34.61641
        ]
      },
      "properties": {
        "NO": "75",
        "共通ID": "E3310000060111",
        "施設・場所名": "開成コミュニティハウス",
        "住所": "岡山県岡山市東区九蟠1036-1",
        "指定緊急避難場所との住所同一": "1",
        "その他市町村長が必要と認める事項": null,
        "受入対象者": null,
        "備考": ""
      }
    },
    {
      "type": "Feature",
      "geometry": {
        "type": "Point",
        "coordinates": [
          134.014117,
          34.628423
        ]
      },
      "properties": {
        "NO": "76",
        "共通ID": "E3310000061111",
        "施設・場所名": "上南公民館",
        "住所": "岡山県岡山市東区君津636",
        "指定緊急避難場所との住所同一": "1",
        "その他市町村長が必要と認める事項": null,
        "受入対象者": null,
        "備考": ""
      }
    },
    {
      "type": "Feature",
      "geometry": {
        "type": "Point",
        "coordinates": [
          134.099818,
          34.564566
        ]
      },
      "properties": {
        "NO": "77",
        "共通ID": "E3310000062111",
        "施設・場所名": "犬島自然の家",
        "住所": "岡山県岡山市東区犬島119-1",
        "指定緊急避難場所との住所同一": "1",
        "その他市町村長が必要と認める事項": null,
        "受入対象者": null,
        "備考": ""
      }
    },
    {
      "type": "Feature",
      "geometry": {
        "type": "Point",
        "coordinates": [
          134.104876,
          34.565982
        ]
      },
      "properties": {
        "NO": "78",
        "共通ID": "E3310000063111",
        "施設・場所名": "犬島コミュニティハウス",
        "住所": "岡山県岡山市東区犬島326-18",
        "指定緊急避難場所との住所同一": "1",
        "その他市町村長が必要と認める事項": null,
        "受入対象者": null,
        "備考": ""
      }
    },
    {
      "type": "Feature",
      "geometry": {
        "type": "Point",
        "coordinates": [
          134.000379,
          34.690421
        ]
      },
      "properties": {
        "NO": "79",
        "共通ID": "E3310000064111",
        "施設・場所名": "古都コミュニティハウス",
        "住所": "岡山県岡山市東区古都宿306",
        "指定緊急避難場所との住所同一": "1",
        "その他市町村長が必要と認める事項": null,
        "受入対象者": null,
        "備考": ""
      }
    },
    {
      "type": "Feature",
      "geometry": {
        "type": "Point",
        "coordinates": [
          134.00029,
          34.693509
        ]
      },
      "properties": {
        "NO": "80",
        "共通ID": "E3310000065111",
        "施設・場所名": "古都小学校",
        "住所": "岡山県岡山市東区古都宿453-1",
        "指定緊急避難場所との住所同一": "1",
        "その他市町村長が必要と認める事項": null,
        "受入対象者": null,
        "備考": ""
      }
    },
    {
      "type": "Feature",
      "geometry": {
        "type": "Point",
        "coordinates": [
          134.039836,
          34.65499
        ]
      },
      "properties": {
        "NO": "81",
        "共通ID": "E3310000066111",
        "施設・場所名": "西大寺公民館",
        "住所": "岡山県岡山市東区向州1-1",
        "指定緊急避難場所との住所同一": "1",
        "その他市町村長が必要と認める事項": null,
        "受入対象者": null,
        "備考": ""
      }
    },
    {
      "type": "Feature",
      "geometry": {
        "type": "Point",
        "coordinates": [
          134.064527,
          34.6912
        ]
      },
      "properties": {
        "NO": "82",
        "共通ID": "E3310000067111",
        "施設・場所名": "角山小学校",
        "住所": "岡山県岡山市東区才崎389",
        "指定緊急避難場所との住所同一": "1",
        "その他市町村長が必要と認める事項": null,
        "受入対象者": null,
        "備考": ""
      }
    },
    {
      "type": "Feature",
      "geometry": {
        "type": "Point",
        "coordinates": [
          134.064642,
          34.690974
        ]
      },
      "properties": {
        "NO": "83",
        "共通ID": "E3310000068111",
        "施設・場所名": "角山コミュニティハウス",
        "住所": "岡山県岡山市東区才崎394-7",
        "指定緊急避難場所との住所同一": "1",
        "その他市町村長が必要と認める事項": null,
        "受入対象者": null,
        "備考": ""
      }
    },
    {
      "type": "Feature",
      "geometry": {
        "type": "Point",
        "coordinates": [
          134.083309,
          34.624013
        ]
      },
      "properties": {
        "NO": "84",
        "共通ID": "E3310000069111",
        "施設・場所名": "山南公民館　大宮分館",
        "住所": "岡山県岡山市東区宿毛359-1",
        "指定緊急避難場所との住所同一": "1",
        "その他市町村長が必要と認める事項": null,
        "受入対象者": null,
        "備考": ""
      }
    },
    {
      "type": "Feature",
      "geometry": {
        "type": "Point",
        "coordinates": [
          134.010543,
          34.624252
        ]
      },
      "properties": {
        "NO": "85",
        "共通ID": "E3310000070111",
        "施設・場所名": "上南公民館　政田分館",
        "住所": "岡山県岡山市東区升田1-1",
        "指定緊急避難場所との住所同一": "1",
        "その他市町村長が必要と認める事項": null,
        "受入対象者": null,
        "備考": ""
      }
    },
    {
      "type": "Feature",
      "geometry": {
        "type": "Point",
        "coordinates": [
          134.035112,
          34.705799
        ]
      },
      "properties": {
        "NO": "86",
        "共通ID": "E3310000071111",
        "施設・場所名": "浮田小学校",
        "住所": "岡山県岡山市東区沼1725",
        "指定緊急避難場所との住所同一": "1",
        "その他市町村長が必要と認める事項": null,
        "受入対象者": null,
        "備考": ""
      }
    },
    {
      "type": "Feature",
      "geometry": {
        "type": "Point",
        "coordinates": [
          134.098589,
          34.625913
        ]
      },
      "properties": {
        "NO": "87",
        "共通ID": "E3310000072111",
        "施設・場所名": "大宮小学校",
        "住所": "岡山県岡山市東区上阿知967",
        "指定緊急避難場所との住所同一": "1",
        "その他市町村長が必要と認める事項": null,
        "受入対象者": null,
        "備考": ""
      }
    },
    {
      "type": "Feature",
      "geometry": {
        "type": "Point",
        "coordinates": [
          134.016364,
          34.70036
        ]
      },
      "properties": {
        "NO": "88",
        "共通ID": "E3310000073111",
        "施設・場所名": "浮田コミュニティハウス",
        "住所": "岡山県岡山市東区上道北方869-5",
        "指定緊急避難場所との住所同一": "1",
        "その他市町村長が必要と認める事項": null,
        "受入対象者": null,
        "備考": ""
      }
    },
    {
      "type": "Feature",
      "geometry": {
        "type": "Point",
        "coordinates": [
          134.024355,
          34.691674
        ]
      },
      "properties": {
        "NO": "89",
        "共通ID": "E3310000074111",
        "施設・場所名": "城東台小学校",
        "住所": "岡山県岡山市東区城東台西3-6-3",
        "指定緊急避難場所との住所同一": "1",
        "その他市町村長が必要と認める事項": null,
        "受入対象者": null,
        "備考": ""
      }
    },
    {
      "type": "Feature",
      "geometry": {
        "type": "Point",
        "coordinates": [
          134.023685,
          34.691715
        ]
      },
      "properties": {
        "NO": "90",
        "共通ID": "E3310000075111",
        "施設・場所名": "城東台コミュニティハウス",
        "住所": "岡山県岡山市東区城東台西3-6-4",
        "指定緊急避難場所との住所同一": "1",
        "その他市町村長が必要と認める事項": null,
        "受入対象者": null,
        "備考": ""
      }
    },
    {
      "type": "Feature",
      "geometry": {
        "type": "Point",
        "coordinates": [
          134.058347,
          34.629557
        ]
      },
      "properties": {
        "NO": "91",
        "共通ID": "E3310000076111",
        "施設・場所名": "太伯小学校",
        "住所": "岡山県岡山市東区神崎町860",
        "指定緊急避難場所との住所同一": "1",
        "その他市町村長が必要と認める事項": null,
        "受入対象者": null,
        "備考": ""
      }
    },
    {
      "type": "Feature",
      "geometry": {
        "type": "Point",
        "coordinates": [
          134.056644,
          34.631249
        ]
      },
      "properties": {
        "NO": "92",
        "共通ID": "E3310000077111",
        "施設・場所名": "太伯コミュニティハウス",
        "住所": "岡山県岡山市東区神崎町978-1",
        "指定緊急避難場所との住所同一": "1",
        "その他市町村長が必要と認める事項": null,
        "受入対象者": null,
        "備考": ""
      }
    },
    {
      "type": "Feature",
      "geometry": {
        "type": "Point",
        "coordinates": [
          134.062374,
          34.610505
        ]
      },
      "properties": {
        "NO": "93",
        "共通ID": "E3310000078111",
        "施設・場所名": "幸島小学校",
        "住所": "岡山県岡山市東区水門町571",
        "指定緊急避難場所との住所同一": "1",
        "その他市町村長が必要と認める事項": null,
        "受入対象者": null,
        "備考": ""
      }
    },
    {
      "type": "Feature",
      "geometry": {
        "type": "Point",
        "coordinates": [
          134.058192,
          34.611653
        ]
      },
      "properties": {
        "NO": "94",
        "共通ID": "E3310000079111",
        "施設・場所名": "幸島コミュニティハウス",
        "住所": "岡山県岡山市東区水門町749-8",
        "指定緊急避難場所との住所同一": "1",
        "その他市町村長が必要と認める事項": null,
        "受入対象者": null,
        "備考": ""
      }
    },
    {
      "type": "Feature",
      "geometry": {
        "type": "Point",
        "coordinates": [
          134.042209,
          34.723351
        ]
      },
      "properties": {
        "NO": "95",
        "共通ID": "E3310000080111",
        "施設・場所名": "岡山県立瀬戸南高等学校",
        "住所": "岡山県岡山市東区瀬戸町沖88",
        "指定緊急避難場所との住所同一": "1",
        "その他市町村長が必要と認める事項": null,
        "受入対象者": null,
        "備考": ""
      }
    },
    {
      "type": "Feature",
      "geometry": {
        "type": "Point",
        "coordinates": [
          134.037102,
          34.732257
        ]
      },
      "properties": {
        "NO": "96",
        "共通ID": "E3310000081111",
        "施設・場所名": "岡山市瀬戸町健康福祉の館",
        "住所": "岡山県岡山市東区瀬戸町下146-1",
        "指定緊急避難場所との住所同一": "",
        "その他市町村長が必要と認める事項": null,
        "受入対象者": null,
        "備考": ""
      }
    },
    {
      "type": "Feature",
      "geometry": {
        "type": "Point",
        "coordinates": [
          134.041697,
          34.740172
        ]
      },
      "properties": {
        "NO": "97",
        "共通ID": "E3310000082111",
        "施設・場所名": "岡山県立瀬戸高等学校",
        "住所": "岡山県岡山市東区瀬戸町光明谷316-1",
        "指定緊急避難場所との住所同一": "1",
        "その他市町村長が必要と認める事項": null,
        "受入対象者": null,
        "備考": ""
      }
    },
    {
      "type": "Feature",
      "geometry": {
        "type": "Point",
        "coordinates": [
          134.049261,
          34.723273
        ]
      },
      "properties": {
        "NO": "98",
        "共通ID": "E3310000083111",
        "施設・場所名": "岡山県立岡山瀬戸高等支援学校",
        "住所": "岡山県岡山市東区瀬戸町江尻1326",
        "指定緊急避難場所との住所同一": "1",
        "その他市町村長が必要と認める事項": null,
        "受入対象者": null,
        "備考": ""
      }
    },
    {
      "type": "Feature",
      "geometry": {
        "type": "Point",
        "coordinates": [
          134.044144,
          34.725894
        ]
      },
      "properties": {
        "NO": "99",
        "共通ID": "E3310000084111",
        "施設・場所名": "江西小学校",
        "住所": "岡山県岡山市東区瀬戸町江尻1399-2",
        "指定緊急避難場所との住所同一": "1",
        "その他市町村長が必要と認める事項": null,
        "受入対象者": null,
        "備考": ""
      }
    },
    {
      "type": "Feature",
      "geometry": {
        "type": "Point",
        "coordinates": [
          134.050243,
          34.721048
        ]
      },
      "properties": {
        "NO": "100",
        "共通ID": "E3310000085111",
        "施設・場所名": "瀬戸町江尻レストパーク管理棟",
        "住所": "岡山県岡山市東区瀬戸町江尻990",
        "指定緊急避難場所との住所同一": "1",
        "その他市町村長が必要と認める事項": null,
        "受入対象者": null,
        "備考": ""
      }
    },
    {
      "type": "Feature",
      "geometry": {
        "type": "Point",
        "coordinates": [
          134.040688,
          34.738629
        ]
      },
      "properties": {
        "NO": "101",
        "共通ID": "E3310000086111",
        "施設・場所名": "瀬戸中学校",
        "住所": "岡山県岡山市東区瀬戸町瀬戸444",
        "指定緊急避難場所との住所同一": "1",
        "その他市町村長が必要と認める事項": null,
        "受入対象者": null,
        "備考": ""
      }
    },
    {
      "type": "Feature",
      "geometry": {
        "type": "Point",
        "coordinates": [
          134.038601,
          34.734381
        ]
      },
      "properties": {
        "NO": "102",
        "共通ID": "E3310000087111",
        "施設・場所名": "瀬戸公民館",
        "住所": "岡山県岡山市東区瀬戸町瀬戸54-1",
        "指定緊急避難場所との住所同一": "1",
        "その他市町村長が必要と認める事項": null,
        "受入対象者": null,
        "備考": ""
      }
    },
    {
      "type": "Feature",
      "geometry": {
        "type": "Point",
        "coordinates": [
          134.073028,
          34.76029
        ]
      },
      "properties": {
        "NO": "103",
        "共通ID": "E3310000088111",
        "施設・場所名": "千種小学校",
        "住所": "岡山県岡山市東区瀬戸町鍛冶屋391",
        "指定緊急避難場所との住所同一": "1",
        "その他市町村長が必要と認める事項": null,
        "受入対象者": null,
        "備考": ""
      }
    },
    {
      "type": "Feature",
      "geometry": {
        "type": "Point",
        "coordinates": [
          134.06935,
          34.748056
        ]
      },
      "properties": {
        "NO": "104",
        "共通ID": "E3310000089111",
        "施設・場所名": "瀬戸町総合運動公園体育館",
        "住所": "岡山県岡山市東区瀬戸町南方1311",
        "指定緊急避難場所との住所同一": "1",
        "その他市町村長が必要と認める事項": null,
        "受入対象者": null,
        "備考": ""
      }
    },
    {
      "type": "Feature",
      "geometry": {
        "type": "Point",
        "coordinates": [
          134.077082,
          34.758902
        ]
      },
      "properties": {
        "NO": "105",
        "共通ID": "E3310000090111",
        "施設・場所名": "万富公民館",
        "住所": "岡山県岡山市東区瀬戸町万富257",
        "指定緊急避難場所との住所同一": "1",
        "その他市町村長が必要と認める事項": null,
        "受入対象者": null,
        "備考": ""
      }
    },
    {
      "type": "Feature",
      "geometry": {
        "type": "Point",
        "coordinates": [
          134.002306,
          34.633486
        ]
      },
      "properties": {
        "NO": "106",
        "共通ID": "E3310000091111",
        "施設・場所名": "政田コミュニティハウス",
        "住所": "岡山県岡山市東区政津1032-3",
        "指定緊急避難場所との住所同一": "1",
        "その他市町村長が必要と認める事項": null,
        "受入対象者": null,
        "備考": ""
      }
    },
    {
      "type": "Feature",
      "geometry": {
        "type": "Point",
        "coordinates": [
          134.002273,
          34.634083
        ]
      },
      "properties": {
        "NO": "107",
        "共通ID": "E3310000092111",
        "施設・場所名": "政田小学校",
        "住所": "岡山県岡山市東区政津850",
        "指定緊急避難場所との住所同一": "1",
        "その他市町村長が必要と認める事項": null,
        "受入対象者": null,
        "備考": ""
      }
    },
    {
      "type": "Feature",
      "geometry": {
        "type": "Point",
        "coordinates": [
          134.079652,
          34.709909
        ]
      },
      "properties": {
        "NO": "108",
        "共通ID": "E3310000093111",
        "施設・場所名": "御休コミュニティハウス",
        "住所": "岡山県岡山市東区西祖137-4",
        "指定緊急避難場所との住所同一": "1",
        "その他市町村長が必要と認める事項": null,
        "受入対象者": null,
        "備考": ""
      }
    },
    {
      "type": "Feature",
      "geometry": {
        "type": "Point",
        "coordinates": [
          134.073153,
          34.708221
        ]
      },
      "properties": {
        "NO": "109",
        "共通ID": "E3310000094111",
        "施設・場所名": "御休小学校",
        "住所": "岡山県岡山市東区西祖179",
        "指定緊急避難場所との住所同一": "1",
        "その他市町村長が必要と認める事項": null,
        "受入対象者": null,
        "備考": ""
      }
    },
    {
      "type": "Feature",
      "geometry": {
        "type": "Point",
        "coordinates": [
          134.012187,
          34.663886
        ]
      },
      "properties": {
        "NO": "110",
        "共通ID": "E3310000095111",
        "施設・場所名": "旭東公民館",
        "住所": "岡山県岡山市東区西大寺松崎310-1",
        "指定緊急避難場所との住所同一": "1",
        "その他市町村長が必要と認める事項": null,
        "受入対象者": null,
        "備考": ""
      }
    },
    {
      "type": "Feature",
      "geometry": {
        "type": "Point",
        "coordinates": [
          134.010981,
          34.663287
        ]
      },
      "properties": {
        "NO": "111",
        "共通ID": "E3310000096111",
        "施設・場所名": "芥子山小学校",
        "住所": "岡山県岡山市東区西大寺松崎97",
        "指定緊急避難場所との住所同一": "1",
        "その他市町村長が必要と認める事項": null,
        "受入対象者": null,
        "備考": ""
      }
    },
    {
      "type": "Feature",
      "geometry": {
        "type": "Point",
        "coordinates": [
          134.031198,
          34.658091
        ]
      },
      "properties": {
        "NO": "112",
        "共通ID": "E3310000097111",
        "施設・場所名": "西大寺小学校",
        "住所": "岡山県岡山市東区西大寺上1-19-21",
        "指定緊急避難場所との住所同一": "1",
        "その他市町村長が必要と認める事項": null,
        "受入対象者": null,
        "備考": ""
      }
    },
    {
      "type": "Feature",
      "geometry": {
        "type": "Point",
        "coordinates": [
          134.032481,
          34.657764
        ]
      },
      "properties": {
        "NO": "113",
        "共通ID": "E3310000098111",
        "施設・場所名": "西大寺中学校",
        "住所": "岡山県岡山市東区西大寺上1-20-60",
        "指定緊急避難場所との住所同一": "1",
        "その他市町村長が必要と認める事項": null,
        "受入対象者": null,
        "備考": ""
      }
    },
    {
      "type": "Feature",
      "geometry": {
        "type": "Point",
        "coordinates": [
          134.034388,
          34.658393
        ]
      },
      "properties": {
        "NO": "114",
        "共通ID": "E3310000099111",
        "施設・場所名": "岡山県立西大寺高等学校",
        "住所": "岡山県岡山市東区西大寺上2-1-17",
        "指定緊急避難場所との住所同一": "1",
        "その他市町村長が必要と認める事項": null,
        "受入対象者": null,
        "備考": ""
      }
    },
    {
      "type": "Feature",
      "geometry": {
        "type": "Point",
        "coordinates": [
          134.045943,
          34.650498
        ]
      },
      "properties": {
        "NO": "115",
        "共通ID": "E3310000100111",
        "施設・場所名": "豊コミュニティハウス",
        "住所": "岡山県岡山市東区西大寺川口125-2",
        "指定緊急避難場所との住所同一": "1",
        "その他市町村長が必要と認める事項": null,
        "受入対象者": null,
        "備考": ""
      }
    },
    {
      "type": "Feature",
      "geometry": {
        "type": "Point",
        "coordinates": [
          134.046263,
          34.649679
        ]
      },
      "properties": {
        "NO": "116",
        "共通ID": "E3310000101111",
        "施設・場所名": "豊小学校",
        "住所": "岡山県岡山市東区西大寺川口130-2",
        "指定緊急避難場所との住所同一": "1",
        "その他市町村長が必要と認める事項": null,
        "受入対象者": null,
        "備考": ""
      }
    },
    {
      "type": "Feature",
      "geometry": {
        "type": "Point",
        "coordinates": [
          134.032491,
          34.653776
        ]
      },
      "properties": {
        "NO": "117",
        "共通ID": "E3310000102111",
        "施設・場所名": "西大寺コミュニティハウス",
        "住所": "岡山県岡山市東区西大寺中1-4-32",
        "指定緊急避難場所との住所同一": "1",
        "その他市町村長が必要と認める事項": null,
        "受入対象者": null,
        "備考": ""
      }
    },
    {
      "type": "Feature",
      "geometry": {
        "type": "Point",
        "coordinates": [
          134.035055,
          34.65656
        ]
      },
      "properties": {
        "NO": "118",
        "共通ID": "E3310000103111",
        "施設・場所名": "西大寺ふれあいセンター",
        "住所": "岡山県岡山市東区西大寺中2-16-33",
        "指定緊急避難場所との住所同一": "1",
        "その他市町村長が必要と認める事項": null,
        "受入対象者": null,
        "備考": ""
      }
    },
    {
      "type": "Feature",
      "geometry": {
        "type": "Point",
        "coordinates": [
          134.028781,
          34.655158
        ]
      },
      "properties": {
        "NO": "119",
        "共通ID": "E3310000104111",
        "施設・場所名": "西大寺公民館　中野分館",
        "住所": "岡山県岡山市東区西大寺中野本町2-25",
        "指定緊急避難場所との住所同一": "1",
        "その他市町村長が必要と認める事項": null,
        "受入対象者": null,
        "備考": ""
      }
    },
    {
      "type": "Feature",
      "geometry": {
        "type": "Point",
        "coordinates": [
          134.042713,
          34.656371
        ]
      },
      "properties": {
        "NO": "120",
        "共通ID": "E3310000105111",
        "施設・場所名": "西大寺武道館",
        "住所": "岡山県岡山市東区西大寺東2-1-80",
        "指定緊急避難場所との住所同一": "",
        "その他市町村長が必要と認める事項": null,
        "受入対象者": null,
        "備考": ""
      }
    },
    {
      "type": "Feature",
      "geometry": {
        "type": "Point",
        "coordinates": [
          134.028924,
          34.650183
        ]
      },
      "properties": {
        "NO": "121",
        "共通ID": "E3310000106111",
        "施設・場所名": "西大寺緑花公園百花プラザ",
        "住所": "岡山県岡山市東区西大寺南1-2-3",
        "指定緊急避難場所との住所同一": "1",
        "その他市町村長が必要と認める事項": null,
        "受入対象者": null,
        "備考": ""
      }
    },
    {
      "type": "Feature",
      "geometry": {
        "type": "Point",
        "coordinates": [
          134.038648,
          34.663166
        ]
      },
      "properties": {
        "NO": "122",
        "共通ID": "E3310000107111",
        "施設・場所名": "西大寺公民館　西大寺北分館",
        "住所": "岡山県岡山市東区西大寺北934-6",
        "指定緊急避難場所との住所同一": "1",
        "その他市町村長が必要と認める事項": null,
        "受入対象者": null,
        "備考": ""
      }
    },
    {
      "type": "Feature",
      "geometry": {
        "type": "Point",
        "coordinates": [
          134.084084,
          34.602976
        ]
      },
      "properties": {
        "NO": "123",
        "共通ID": "E3310000108111",
        "施設・場所名": "朝日小学校",
        "住所": "岡山県岡山市東区西片岡83",
        "指定緊急避難場所との住所同一": "1",
        "その他市町村長が必要と認める事項": null,
        "受入対象者": null,
        "備考": ""
      }
    },
    {
      "type": "Feature",
      "geometry": {
        "type": "Point",
        "coordinates": [
          134.004211,
          34.665953
        ]
      },
      "properties": {
        "NO": "124",
        "共通ID": "E3310000109111",
        "施設・場所名": "旭東中学校",
        "住所": "岡山県岡山市東区大多羅町276",
        "指定緊急避難場所との住所同一": "1",
        "その他市町村長が必要と認める事項": null,
        "受入対象者": null,
        "備考": ""
      }
    },
    {
      "type": "Feature",
      "geometry": {
        "type": "Point",
        "coordinates": [
          134.048818,
          34.713613
        ]
      },
      "properties": {
        "NO": "125",
        "共通ID": "E3310000110111",
        "施設・場所名": "平島小学校",
        "住所": "岡山県岡山市東区東平島1293",
        "指定緊急避難場所との住所同一": "1",
        "その他市町村長が必要と認める事項": null,
        "受入対象者": null,
        "備考": ""
      }
    },
    {
      "type": "Feature",
      "geometry": {
        "type": "Point",
        "coordinates": [
          134.049865,
          34.712717
        ]
      },
      "properties": {
        "NO": "126",
        "共通ID": "E3310000111111",
        "施設・場所名": "平島コミュニティハウス",
        "住所": "岡山県岡山市東区東平島1326-1",
        "指定緊急避難場所との住所同一": "1",
        "その他市町村長が必要と認める事項": null,
        "受入対象者": null,
        "備考": ""
      }
    },
    {
      "type": "Feature",
      "geometry": {
        "type": "Point",
        "coordinates": [
          134.053183,
          34.698163
        ]
      },
      "properties": {
        "NO": "127",
        "共通ID": "E3310000112111",
        "施設・場所名": "上道公民館",
        "住所": "岡山県岡山市東区東平島191",
        "指定緊急避難場所との住所同一": "1",
        "その他市町村長が必要と認める事項": null,
        "受入対象者": null,
        "備考": ""
      }
    },
    {
      "type": "Feature",
      "geometry": {
        "type": "Point",
        "coordinates": [
          134.086183,
          34.604499
        ]
      },
      "properties": {
        "NO": "128",
        "共通ID": "E3310000113111",
        "施設・場所名": "朝日コミュニティハウス",
        "住所": "岡山県岡山市東区東片岡4981-3",
        "指定緊急避難場所との住所同一": "1",
        "その他市町村長が必要と認める事項": null,
        "受入対象者": null,
        "備考": ""
      }
    },
    {
      "type": "Feature",
      "geometry": {
        "type": "Point",
        "coordinates": [
          134.050842,
          34.698837
        ]
      },
      "properties": {
        "NO": "129",
        "共通ID": "E3310000114111",
        "施設・場所名": "上道中学校",
        "住所": "岡山県岡山市東区南古都714",
        "指定緊急避難場所との住所同一": "1",
        "その他市町村長が必要と認める事項": null,
        "受入対象者": null,
        "備考": ""
      }
    },
    {
      "type": "Feature",
      "geometry": {
        "type": "Point",
        "coordinates": [
          134.041335,
          34.671813
        ]
      },
      "properties": {
        "NO": "130",
        "共通ID": "E3310000115111",
        "施設・場所名": "雄神小学校",
        "住所": "岡山県岡山市東区富崎218",
        "指定緊急避難場所との住所同一": "1",
        "その他市町村長が必要と認める事項": null,
        "受入対象者": null,
        "備考": ""
      }
    },
    {
      "type": "Feature",
      "geometry": {
        "type": "Point",
        "coordinates": [
          134.041953,
          34.671618
        ]
      },
      "properties": {
        "NO": "131",
        "共通ID": "E3310000116111",
        "施設・場所名": "雄神コミュニティハウス",
        "住所": "岡山県岡山市東区富崎684-2",
        "指定緊急避難場所との住所同一": "1",
        "その他市町村長が必要と認める事項": null,
        "受入対象者": null,
        "備考": ""
      }
    },
    {
      "type": "Feature",
      "geometry": {
        "type": "Point",
        "coordinates": [
          134.061146,
          34.622465
        ]
      },
      "properties": {
        "NO": "132",
        "共通ID": "E3310000117111",
        "施設・場所名": "山南中学校",
        "住所": "岡山県岡山市東区北幸田509-1",
        "指定緊急避難場所との住所同一": "1",
        "その他市町村長が必要と認める事項": null,
        "受入対象者": null,
        "備考": ""
      }
    },
    {
      "type": "Feature",
      "geometry": {
        "type": "Point",
        "coordinates": [
          134.071111,
          34.61581
        ]
      },
      "properties": {
        "NO": "133",
        "共通ID": "E3310000118111",
        "施設・場所名": "山南公民館",
        "住所": "岡山県岡山市東区邑久郷688",
        "指定緊急避難場所との住所同一": "1",
        "その他市町村長が必要と認める事項": null,
        "受入対象者": null,
        "備考": ""
      }
    },
    {
      "type": "Feature",
      "geometry": {
        "type": "Point",
        "coordinates": [
          133.912682,
          34.600607
        ]
      },
      "properties": {
        "NO": "134",
        "共通ID": "E3310000119111",
        "施設・場所名": "浦安総合公園西地区管理事務所",
        "住所": "岡山県岡山市南区浦安西町148-1",
        "指定緊急避難場所との住所同一": "1",
        "その他市町村長が必要と認める事項": null,
        "受入対象者": null,
        "備考": ""
      }
    },
    {
      "type": "Feature",
      "geometry": {
        "type": "Point",
        "coordinates": [
          133.915812,
          34.600129
        ]
      },
      "properties": {
        "NO": "135",
        "共通ID": "E3310000120111",
        "施設・場所名": "岡山市総合文化体育館",
        "住所": "岡山県岡山市南区浦安南町493-2",
        "指定緊急避難場所との住所同一": "1",
        "その他市町村長が必要と認める事項": null,
        "受入対象者": null,
        "備考": ""
      }
    },
    {
      "type": "Feature",
      "geometry": {
        "type": "Point",
        "coordinates": [
          133.919637,
          34.604193
        ]
      },
      "properties": {
        "NO": "136",
        "共通ID": "E3310000121111",
        "施設・場所名": "浦安小学校",
        "住所": "岡山県岡山市南区浦安本町95",
        "指定緊急避難場所との住所同一": "1",
        "その他市町村長が必要と認める事項": null,
        "受入対象者": null,
        "備考": ""
      }
    },
    {
      "type": "Feature",
      "geometry": {
        "type": "Point",
        "coordinates": [
          133.918879,
          34.603257
        ]
      },
      "properties": {
        "NO": "137",
        "共通ID": "E3310000122111",
        "施設・場所名": "浦安コミュニティハウス",
        "住所": "岡山県岡山市南区浦安本町98-2",
        "指定緊急避難場所との住所同一": "1",
        "その他市町村長が必要と認める事項": null,
        "受入対象者": null,
        "備考": ""
      }
    },
    {
      "type": "Feature",
      "geometry": {
        "type": "Point",
        "coordinates": [
          133.993503,
          34.59326
        ]
      },
      "properties": {
        "NO": "138",
        "共通ID": "E3310000123111",
        "施設・場所名": "光南台公民館",
        "住所": "岡山県岡山市南区宮浦1324",
        "指定緊急避難場所との住所同一": "1",
        "その他市町村長が必要と認める事項": null,
        "受入対象者": null,
        "備考": ""
      }
    },
    {
      "type": "Feature",
      "geometry": {
        "type": "Point",
        "coordinates": [
          133.87039,
          34.62463
        ]
      },
      "properties": {
        "NO": "139",
        "共通ID": "E3310000124111",
        "施設・場所名": "福田小学校",
        "住所": "岡山県岡山市南区古新田1095",
        "指定緊急避難場所との住所同一": "1",
        "その他市町村長が必要と認める事項": null,
        "受入対象者": null,
        "備考": ""
      }
    },
    {
      "type": "Feature",
      "geometry": {
        "type": "Point",
        "coordinates": [
          133.872373,
          34.624879
        ]
      },
      "properties": {
        "NO": "140",
        "共通ID": "E3310000125111",
        "施設・場所名": "福田公民館",
        "住所": "岡山県岡山市南区古新田1186",
        "指定緊急避難場所との住所同一": "1",
        "その他市町村長が必要と認める事項": null,
        "受入対象者": null,
        "備考": ""
      }
    },
    {
      "type": "Feature",
      "geometry": {
        "type": "Point",
        "coordinates": [
          133.947375,
          34.617226
        ]
      },
      "properties": {
        "NO": "141",
        "共通ID": "E3310000126111",
        "施設・場所名": "平福コミュニティハウス",
        "住所": "岡山県岡山市南区三浜町1-1-19",
        "指定緊急避難場所との住所同一": "1",
        "その他市町村長が必要と認める事項": null,
        "受入対象者": null,
        "備考": ""
      }
    },
    {
      "type": "Feature",
      "geometry": {
        "type": "Point",
        "coordinates": [
          133.943475,
          34.615979
        ]
      },
      "properties": {
        "NO": "142",
        "共通ID": "E3310000127111",
        "施設・場所名": "福浜中学校",
        "住所": "岡山県岡山市南区三浜町2-3-26",
        "指定緊急避難場所との住所同一": "1",
        "その他市町村長が必要と認める事項": null,
        "受入対象者": null,
        "備考": ""
      }
    },
    {
      "type": "Feature",
      "geometry": {
        "type": "Point",
        "coordinates": [
          133.859534,
          34.625516
        ]
      },
      "properties": {
        "NO": "143",
        "共通ID": "E3310000128111",
        "施設・場所名": "福田中学校",
        "住所": "岡山県岡山市南区山田544-3",
        "指定緊急避難場所との住所同一": "1",
        "その他市町村長が必要と認める事項": null,
        "受入対象者": null,
        "備考": ""
      }
    },
    {
      "type": "Feature",
      "geometry": {
        "type": "Point",
        "coordinates": [
          133.945937,
          34.610663
        ]
      },
      "properties": {
        "NO": "144",
        "共通ID": "E3310000129111",
        "施設・場所名": "岡南公民館",
        "住所": "岡山県岡山市南区若葉町22-16",
        "指定緊急避難場所との住所同一": "1",
        "その他市町村長が必要と認める事項": null,
        "受入対象者": null,
        "備考": ""
      }
    },
    {
      "type": "Feature",
      "geometry": {
        "type": "Point",
        "coordinates": [
          134.029641,
          34.595217
        ]
      },
      "properties": {
        "NO": "145",
        "共通ID": "E3310000130111",
        "施設・場所名": "小串コミュニティハウス",
        "住所": "岡山県岡山市南区小串2431-1",
        "指定緊急避難場所との住所同一": "1",
        "その他市町村長が必要と認める事項": null,
        "受入対象者": null,
        "備考": ""
      }
    },
    {
      "type": "Feature",
      "geometry": {
        "type": "Point",
        "coordinates": [
          134.028425,
          34.596073
        ]
      },
      "properties": {
        "NO": "146",
        "共通ID": "E3310000131111",
        "施設・場所名": "小串小学校",
        "住所": "岡山県岡山市南区小串3379",
        "指定緊急避難場所との住所同一": "1",
        "その他市町村長が必要と認める事項": null,
        "受入対象者": null,
        "備考": ""
      }
    },
    {
      "type": "Feature",
      "geometry": {
        "type": "Point",
        "coordinates": [
          133.822618,
          34.549321
        ]
      },
      "properties": {
        "NO": "147",
        "共通ID": "E3310000132111",
        "施設・場所名": "植松児童館",
        "住所": "岡山県岡山市南区植松397",
        "指定緊急避難場所との住所同一": "1",
        "その他市町村長が必要と認める事項": null,
        "受入対象者": null,
        "備考": ""
      }
    },
    {
      "type": "Feature",
      "geometry": {
        "type": "Point",
        "coordinates": [
          133.908215,
          34.629389
        ]
      },
      "properties": {
        "NO": "148",
        "共通ID": "E3310000133111",
        "施設・場所名": "芳田コミュニティハウス",
        "住所": "岡山県岡山市南区新保675-1",
        "指定緊急避難場所との住所同一": "1",
        "その他市町村長が必要と認める事項": null,
        "受入対象者": null,
        "備考": ""
      }
    },
    {
      "type": "Feature",
      "geometry": {
        "type": "Point",
        "coordinates": [
          133.889831,
          34.544565
        ]
      },
      "properties": {
        "NO": "149",
        "共通ID": "E3310000134111",
        "施設・場所名": "灘崎公民館　西紅陽台分館",
        "住所": "岡山県岡山市南区西紅陽台3-1-130",
        "指定緊急避難場所との住所同一": "1",
        "その他市町村長が必要と認める事項": null,
        "受入対象者": null,
        "備考": ""
      }
    },
    {
      "type": "Feature",
      "geometry": {
        "type": "Point",
        "coordinates": [
          133.880241,
          34.546188
        ]
      },
      "properties": {
        "NO": "150",
        "共通ID": "E3310000135111",
        "施設・場所名": "西高崎ふれあいプラザ",
        "住所": "岡山県岡山市南区西高崎45-40",
        "指定緊急避難場所との住所同一": "1",
        "その他市町村長が必要と認める事項": null,
        "受入対象者": null,
        "備考": ""
      }
    },
    {
      "type": "Feature",
      "geometry": {
        "type": "Point",
        "coordinates": [
          133.904838,
          34.633193
        ]
      },
      "properties": {
        "NO": "151",
        "共通ID": "E3310000136111",
        "施設・場所名": "芳田公民館",
        "住所": "岡山県岡山市南区西市96-1",
        "指定緊急避難場所との住所同一": "1",
        "その他市町村長が必要と認める事項": null,
        "受入対象者": null,
        "備考": ""
      }
    },
    {
      "type": "Feature",
      "geometry": {
        "type": "Point",
        "coordinates": [
          133.895509,
          34.550588
        ]
      },
      "properties": {
        "NO": "152",
        "共通ID": "E3310000326111",
        "施設・場所名": "七区コミュニティハウス",
        "住所": "岡山県岡山市南区西七区231",
        "指定緊急避難場所との住所同一": "1",
        "その他市町村長が必要と認める事項": "",
        "受入対象者": "",
        "備考": ""
      }
    },
    {
      "type": "Feature",
      "geometry": {
        "type": "Point",
        "coordinates": [
          133.948316,
          34.61102
        ]
      },
      "properties": {
        "NO": "153",
        "共通ID": "E3310000137111",
        "施設・場所名": "福島コミュニティハウス",
        "住所": "岡山県岡山市南区千鳥町26-22",
        "指定緊急避難場所との住所同一": "1",
        "その他市町村長が必要と認める事項": null,
        "受入対象者": null,
        "備考": ""
      }
    },
    {
      "type": "Feature",
      "geometry": {
        "type": "Point",
        "coordinates": [
          133.855694,
          34.545951
        ]
      },
      "properties": {
        "NO": "154",
        "共通ID": "E3310000138111",
        "施設・場所名": "灘崎公民館　川張分館",
        "住所": "岡山県岡山市南区川張468-1",
        "指定緊急避難場所との住所同一": "1",
        "その他市町村長が必要と認める事項": null,
        "受入対象者": null,
        "備考": ""
      }
    },
    {
      "type": "Feature",
      "geometry": {
        "type": "Point",
        "coordinates": [
          133.908139,
          34.627474
        ]
      },
      "properties": {
        "NO": "155",
        "共通ID": "E3310000139111",
        "施設・場所名": "芳田小学校",
        "住所": "岡山県岡山市南区泉田408",
        "指定緊急避難場所との住所同一": "1",
        "その他市町村長が必要と認める事項": null,
        "受入対象者": null,
        "備考": ""
      }
    },
    {
      "type": "Feature",
      "geometry": {
        "type": "Point",
        "coordinates": [
          133.839707,
          34.563159
        ]
      },
      "properties": {
        "NO": "156",
        "共通ID": "E3310000140111",
        "施設・場所名": "曽根小学校",
        "住所": "岡山県岡山市南区曽根139-2",
        "指定緊急避難場所との住所同一": "1",
        "その他市町村長が必要と認める事項": null,
        "受入対象者": null,
        "備考": ""
      }
    },
    {
      "type": "Feature",
      "geometry": {
        "type": "Point",
        "coordinates": [
          133.840642,
          34.558587
        ]
      },
      "properties": {
        "NO": "157",
        "共通ID": "E3310000141111",
        "施設・場所名": "曽根コミュニティハウス",
        "住所": "岡山県岡山市南区曽根65-3",
        "指定緊急避難場所との住所同一": "1",
        "その他市町村長が必要と認める事項": null,
        "受入対象者": null,
        "備考": ""
      }
    },
    {
      "type": "Feature",
      "geometry": {
        "type": "Point",
        "coordinates": [
          133.880125,
          34.619877
        ]
      },
      "properties": {
        "NO": "158",
        "共通ID": "E3310000142111",
        "施設・場所名": "福田コミュニティハウス",
        "住所": "岡山県岡山市南区大福501",
        "指定緊急避難場所との住所同一": "1",
        "その他市町村長が必要と認める事項": null,
        "受入対象者": null,
        "備考": ""
      }
    },
    {
      "type": "Feature",
      "geometry": {
        "type": "Point",
        "coordinates": [
          133.938341,
          34.602308
        ]
      },
      "properties": {
        "NO": "159",
        "共通ID": "E3310000143111",
        "施設・場所名": "福南中学校",
        "住所": "岡山県岡山市南区築港ひかり町10-35",
        "指定緊急避難場所との住所同一": "1",
        "その他市町村長が必要と認める事項": null,
        "受入対象者": null,
        "備考": ""
      }
    },
    {
      "type": "Feature",
      "geometry": {
        "type": "Point",
        "coordinates": [
          133.853848,
          34.588249
        ]
      },
      "properties": {
        "NO": "160",
        "共通ID": "E3310000144111",
        "施設・場所名": "興除公民館",
        "住所": "岡山県岡山市南区中畦589-1",
        "指定緊急避難場所との住所同一": "1",
        "その他市町村長が必要と認める事項": null,
        "受入対象者": null,
        "備考": ""
      }
    },
    {
      "type": "Feature",
      "geometry": {
        "type": "Point",
        "coordinates": [
          133.85326,
          34.588103
        ]
      },
      "properties": {
        "NO": "161",
        "共通ID": "E3310000145111",
        "施設・場所名": "興除中学校",
        "住所": "岡山県岡山市南区中畦589-4",
        "指定緊急避難場所との住所同一": "1",
        "その他市町村長が必要と認める事項": null,
        "受入対象者": null,
        "備考": ""
      }
    },
    {
      "type": "Feature",
      "geometry": {
        "type": "Point",
        "coordinates": [
          133.852258,
          34.588218
        ]
      },
      "properties": {
        "NO": "162",
        "共通ID": "E3310000146111",
        "施設・場所名": "興除小学校",
        "住所": "岡山県岡山市南区中畦593",
        "指定緊急避難場所との住所同一": "1",
        "その他市町村長が必要と認める事項": null,
        "受入対象者": null,
        "備考": ""
      }
    },
    {
      "type": "Feature",
      "geometry": {
        "type": "Point",
        "coordinates": [
          133.878789,
          34.605845
        ]
      },
      "properties": {
        "NO": "163",
        "共通ID": "E3310000147111",
        "施設・場所名": "東疇小学校",
        "住所": "岡山県岡山市南区東畦656-2",
        "指定緊急避難場所との住所同一": "1",
        "その他市町村長が必要と認める事項": null,
        "受入対象者": null,
        "備考": ""
      }
    },
    {
      "type": "Feature",
      "geometry": {
        "type": "Point",
        "coordinates": [
          133.872556,
          34.599487
        ]
      },
      "properties": {
        "NO": "164",
        "共通ID": "E3310000148111",
        "施設・場所名": "東畦コミュニティハウス",
        "住所": "岡山県岡山市南区東畦815-9",
        "指定緊急避難場所との住所同一": "1",
        "その他市町村長が必要と認める事項": null,
        "受入対象者": null,
        "備考": ""
      }
    },
    {
      "type": "Feature",
      "geometry": {
        "type": "Point",
        "coordinates": [
          133.900123,
          34.62224
        ]
      },
      "properties": {
        "NO": "165",
        "共通ID": "E3310000149111",
        "施設・場所名": "芳田中学校",
        "住所": "岡山県岡山市南区当新田468-1",
        "指定緊急避難場所との住所同一": "1",
        "その他市町村長が必要と認める事項": null,
        "受入対象者": null,
        "備考": ""
      }
    },
    {
      "type": "Feature",
      "geometry": {
        "type": "Point",
        "coordinates": [
          133.890616,
          34.584745
        ]
      },
      "properties": {
        "NO": "166",
        "共通ID": "E3310000150111",
        "施設・場所名": "岡山県立興陽高等学校",
        "住所": "岡山県岡山市南区藤田1500",
        "指定緊急避難場所との住所同一": "1",
        "その他市町村長が必要と認める事項": null,
        "受入対象者": null,
        "備考": ""
      }
    },
    {
      "type": "Feature",
      "geometry": {
        "type": "Point",
        "coordinates": [
          133.893065,
          34.585418
        ]
      },
      "properties": {
        "NO": "167",
        "共通ID": "E3310000151111",
        "施設・場所名": "第三藤田コミュニティハウス",
        "住所": "岡山県岡山市南区藤田1729",
        "指定緊急避難場所との住所同一": "1",
        "その他市町村長が必要と認める事項": null,
        "受入対象者": null,
        "備考": ""
      }
    },
    {
      "type": "Feature",
      "geometry": {
        "type": "Point",
        "coordinates": [
          133.897462,
          34.583631
        ]
      },
      "properties": {
        "NO": "168",
        "共通ID": "E3310000152111",
        "施設・場所名": "第三藤田小学校",
        "住所": "岡山県岡山市南区藤田1757",
        "指定緊急避難場所との住所同一": "1",
        "その他市町村長が必要と認める事項": null,
        "受入対象者": null,
        "備考": ""
      }
    },
    {
      "type": "Feature",
      "geometry": {
        "type": "Point",
        "coordinates": [
          133.875477,
          34.577627
        ]
      },
      "properties": {
        "NO": "169",
        "共通ID": "E3310000153111",
        "施設・場所名": "第一藤田小学校",
        "住所": "岡山県岡山市南区藤田349",
        "指定緊急避難場所との住所同一": "1",
        "その他市町村長が必要と認める事項": null,
        "受入対象者": null,
        "備考": ""
      }
    },
    {
      "type": "Feature",
      "geometry": {
        "type": "Point",
        "coordinates": [
          133.876469,
          34.58605
        ]
      },
      "properties": {
        "NO": "170",
        "共通ID": "E3310000154111",
        "施設・場所名": "藤田中学校",
        "住所": "岡山県岡山市南区藤田400",
        "指定緊急避難場所との住所同一": "1",
        "その他市町村長が必要と認める事項": null,
        "受入対象者": null,
        "備考": ""
      }
    },
    {
      "type": "Feature",
      "geometry": {
        "type": "Point",
        "coordinates": [
          133.881104,
          34.591467
        ]
      },
      "properties": {
        "NO": "171",
        "共通ID": "E3310000155111",
        "施設・場所名": "藤田公民館",
        "住所": "岡山県岡山市南区藤田508",
        "指定緊急避難場所との住所同一": "1",
        "その他市町村長が必要と認める事項": null,
        "受入対象者": null,
        "備考": ""
      }
    },
    {
      "type": "Feature",
      "geometry": {
        "type": "Point",
        "coordinates": [
          133.891254,
          34.603799
        ]
      },
      "properties": {
        "NO": "172",
        "共通ID": "E3310000156111",
        "施設・場所名": "第二藤田コミュニティハウス",
        "住所": "岡山県岡山市南区藤田594-8",
        "指定緊急避難場所との住所同一": "1",
        "その他市町村長が必要と認める事項": null,
        "受入対象者": null,
        "備考": ""
      }
    },
    {
      "type": "Feature",
      "geometry": {
        "type": "Point",
        "coordinates": [
          133.89282,
          34.605717
        ]
      },
      "properties": {
        "NO": "173",
        "共通ID": "E3310000157111",
        "施設・場所名": "第二藤田小学校",
        "住所": "岡山県岡山市南区藤田595",
        "指定緊急避難場所との住所同一": "1",
        "その他市町村長が必要と認める事項": null,
        "受入対象者": null,
        "備考": ""
      }
    },
    {
      "type": "Feature",
      "geometry": {
        "type": "Point",
        "coordinates": [
          133.904564,
          34.618751
        ]
      },
      "properties": {
        "NO": "174",
        "共通ID": "E3310000321112",
        "施設・場所名": "藤田児童館",
        "住所": "岡山県岡山市南区藤田724-128",
        "指定緊急避難場所との住所同一": "1",
        "その他市町村長が必要と認める事項": "",
        "受入対象者": "",
        "備考": ""
      }
    },
    {
      "type": "Feature",
      "geometry": {
        "type": "Point",
        "coordinates": [
          133.856158,
          34.562313
        ]
      },
      "properties": {
        "NO": "175",
        "共通ID": "E3310000158111",
        "施設・場所名": "第一藤田コミュニティハウス",
        "住所": "岡山県岡山市南区藤田92-1",
        "指定緊急避難場所との住所同一": "1",
        "その他市町村長が必要と認める事項": null,
        "受入対象者": null,
        "備考": ""
      }
    },
    {
      "type": "Feature",
      "geometry": {
        "type": "Point",
        "coordinates": [
          133.84904,
          34.602306
        ]
      },
      "properties": {
        "NO": "176",
        "共通ID": "E3310000159111",
        "施設・場所名": "興除コミュニティハウス",
        "住所": "岡山県岡山市南区内尾196-3",
        "指定緊急避難場所との住所同一": "1",
        "その他市町村長が必要と認める事項": null,
        "受入対象者": null,
        "備考": ""
      }
    },
    {
      "type": "Feature",
      "geometry": {
        "type": "Point",
        "coordinates": [
          133.867422,
          34.592369
        ]
      },
      "properties": {
        "NO": "177",
        "共通ID": "E3310000160111",
        "施設・場所名": "岡山県立岡山南支援学校",
        "住所": "岡山県岡山市南区内尾721-3",
        "指定緊急避難場所との住所同一": "1",
        "その他市町村長が必要と認める事項": null,
        "受入対象者": null,
        "備考": ""
      }
    },
    {
      "type": "Feature",
      "geometry": {
        "type": "Point",
        "coordinates": [
          133.935096,
          34.606199
        ]
      },
      "properties": {
        "NO": "178",
        "共通ID": "E3310000161111",
        "施設・場所名": "南輝小学校",
        "住所": "岡山県岡山市南区南輝3-6-9",
        "指定緊急避難場所との住所同一": "1",
        "その他市町村長が必要と認める事項": null,
        "受入対象者": null,
        "備考": ""
      }
    },
    {
      "type": "Feature",
      "geometry": {
        "type": "Point",
        "coordinates": [
          133.87789,
          34.533875
        ]
      },
      "properties": {
        "NO": "179",
        "共通ID": "E3310000162111",
        "施設・場所名": "迫川コミュニティハウス",
        "住所": "岡山県岡山市南区迫川1088",
        "指定緊急避難場所との住所同一": "1",
        "その他市町村長が必要と認める事項": null,
        "受入対象者": null,
        "備考": ""
      }
    },
    {
      "type": "Feature",
      "geometry": {
        "type": "Point",
        "coordinates": [
          133.877911,
          34.53345
        ]
      },
      "properties": {
        "NO": "180",
        "共通ID": "E3310000163111",
        "施設・場所名": "灘崎小学校迫川分校",
        "住所": "岡山県岡山市南区迫川1094",
        "指定緊急避難場所との住所同一": "1",
        "その他市町村長が必要と認める事項": null,
        "受入対象者": null,
        "備考": ""
      }
    },
    {
      "type": "Feature",
      "geometry": {
        "type": "Point",
        "coordinates": [
          133.837174,
          34.548936
        ]
      },
      "properties": {
        "NO": "181",
        "共通ID": "E3310000164111",
        "施設・場所名": "彦崎小学校",
        "住所": "岡山県岡山市南区彦崎2642",
        "指定緊急避難場所との住所同一": "1",
        "その他市町村長が必要と認める事項": null,
        "受入対象者": null,
        "備考": ""
      }
    },
    {
      "type": "Feature",
      "geometry": {
        "type": "Point",
        "coordinates": [
          133.838121,
          34.549699
        ]
      },
      "properties": {
        "NO": "182",
        "共通ID": "E3310000165111",
        "施設・場所名": "灘崎公民館　彦崎分館",
        "住所": "岡山県岡山市南区彦崎2686",
        "指定緊急避難場所との住所同一": "1",
        "その他市町村長が必要と認める事項": null,
        "受入対象者": null,
        "備考": ""
      }
    },
    {
      "type": "Feature",
      "geometry": {
        "type": "Point",
        "coordinates": [
          133.916414,
          34.618477
        ]
      },
      "properties": {
        "NO": "183",
        "共通ID": "E3310000166111",
        "施設・場所名": "南ふれあいセンター",
        "住所": "岡山県岡山市南区福田690-1",
        "指定緊急避難場所との住所同一": "1",
        "その他市町村長が必要と認める事項": null,
        "受入対象者": null,
        "備考": ""
      }
    },
    {
      "type": "Feature",
      "geometry": {
        "type": "Point",
        "coordinates": [
          133.937974,
          34.62296
        ]
      },
      "properties": {
        "NO": "184",
        "共通ID": "E3310000167111",
        "施設・場所名": "福浜公民館",
        "住所": "岡山県岡山市南区福富中1-16-22",
        "指定緊急避難場所との住所同一": "1",
        "その他市町村長が必要と認める事項": null,
        "受入対象者": null,
        "備考": ""
      }
    },
    {
      "type": "Feature",
      "geometry": {
        "type": "Point",
        "coordinates": [
          133.939051,
          34.624072
        ]
      },
      "properties": {
        "NO": "185",
        "共通ID": "E3310000168111",
        "施設・場所名": "福浜小学校",
        "住所": "岡山県岡山市南区福富東1-1-1",
        "指定緊急避難場所との住所同一": "1",
        "その他市町村長が必要と認める事項": null,
        "受入対象者": null,
        "備考": ""
      }
    },
    {
      "type": "Feature",
      "geometry": {
        "type": "Point",
        "coordinates": [
          133.949959,
          34.619318
        ]
      },
      "properties": {
        "NO": "186",
        "共通ID": "E3310000169111",
        "施設・場所名": "平福小学校",
        "住所": "岡山県岡山市南区平福1-7-1",
        "指定緊急避難場所との住所同一": "1",
        "その他市町村長が必要と認める事項": null,
        "受入対象者": null,
        "備考": ""
      }
    },
    {
      "type": "Feature",
      "geometry": {
        "type": "Point",
        "coordinates": [
          133.943062,
          34.60965
        ]
      },
      "properties": {
        "NO": "187",
        "共通ID": "E3310000170111",
        "施設・場所名": "南輝コミュニティハウス",
        "住所": "岡山県岡山市南区並木町2-15-1",
        "指定緊急避難場所との住所同一": "1",
        "その他市町村長が必要と認める事項": null,
        "受入対象者": null,
        "備考": ""
      }
    },
    {
      "type": "Feature",
      "geometry": {
        "type": "Point",
        "coordinates": [
          133.863453,
          34.540455
        ]
      },
      "properties": {
        "NO": "188",
        "共通ID": "E3310000171111",
        "施設・場所名": "片岡児童館",
        "住所": "岡山県岡山市南区片岡1030-4",
        "指定緊急避難場所との住所同一": "1",
        "その他市町村長が必要と認める事項": null,
        "受入対象者": null,
        "備考": ""
      }
    },
    {
      "type": "Feature",
      "geometry": {
        "type": "Point",
        "coordinates": [
          133.862869,
          34.54111
        ]
      },
      "properties": {
        "NO": "189",
        "共通ID": "E3310000172111",
        "施設・場所名": "灘崎コミュニティハウス",
        "住所": "岡山県岡山市南区片岡1079",
        "指定緊急避難場所との住所同一": "1",
        "その他市町村長が必要と認める事項": null,
        "受入対象者": null,
        "備考": ""
      }
    },
    {
      "type": "Feature",
      "geometry": {
        "type": "Point",
        "coordinates": [
          133.863137,
          34.541649
        ]
      },
      "properties": {
        "NO": "190",
        "共通ID": "E3310000173111",
        "施設・場所名": "灘崎小学校",
        "住所": "岡山県岡山市南区片岡1091",
        "指定緊急避難場所との住所同一": "1",
        "その他市町村長が必要と認める事項": null,
        "受入対象者": null,
        "備考": ""
      }
    },
    {
      "type": "Feature",
      "geometry": {
        "type": "Point",
        "coordinates": [
          133.867529,
          34.543671
        ]
      },
      "properties": {
        "NO": "191",
        "共通ID": "E3310000174111",
        "施設・場所名": "ウェルポートなださき",
        "住所": "岡山県岡山市南区片岡159-1",
        "指定緊急避難場所との住所同一": "1",
        "その他市町村長が必要と認める事項": null,
        "受入対象者": null,
        "備考": ""
      }
    },
    {
      "type": "Feature",
      "geometry": {
        "type": "Point",
        "coordinates": [
          133.865247,
          34.543639
        ]
      },
      "properties": {
        "NO": "192",
        "共通ID": "E3310000174112",
        "施設・場所名": "灘崎公民館",
        "住所": "岡山県岡山市南区片岡159-1",
        "指定緊急避難場所との住所同一": "1",
        "その他市町村長が必要と認める事項": null,
        "受入対象者": null,
        "備考": ""
      }
    },
    {
      "type": "Feature",
      "geometry": {
        "type": "Point",
        "coordinates": [
          133.865864,
          34.543798
        ]
      },
      "properties": {
        "NO": "193",
        "共通ID": "E3310000175111",
        "施設・場所名": "灘崎文化センター",
        "住所": "岡山県岡山市南区片岡186",
        "指定緊急避難場所との住所同一": "1",
        "その他市町村長が必要と認める事項": null,
        "受入対象者": null,
        "備考": ""
      }
    },
    {
      "type": "Feature",
      "geometry": {
        "type": "Point",
        "coordinates": [
          133.866413,
          34.547781
        ]
      },
      "properties": {
        "NO": "194",
        "共通ID": "E3310000176111",
        "施設・場所名": "サウスヴィレッジ",
        "住所": "岡山県岡山市南区片岡2468",
        "指定緊急避難場所との住所同一": "1",
        "その他市町村長が必要と認める事項": null,
        "受入対象者": null,
        "備考": ""
      }
    },
    {
      "type": "Feature",
      "geometry": {
        "type": "Point",
        "coordinates": [
          133.866307,
          34.540282
        ]
      },
      "properties": {
        "NO": "195",
        "共通ID": "E3310000177111",
        "施設・場所名": "灘崎中学校",
        "住所": "岡山県岡山市南区片岡770",
        "指定緊急避難場所との住所同一": "1",
        "その他市町村長が必要と認める事項": null,
        "受入対象者": null,
        "備考": ""
      }
    },
    {
      "type": "Feature",
      "geometry": {
        "type": "Point",
        "coordinates": [
          133.915349,
          34.622426
        ]
      },
      "properties": {
        "NO": "196",
        "共通ID": "E3310000178111",
        "施設・場所名": "岡山県立岡山芳泉高等学校",
        "住所": "岡山県岡山市南区芳泉3-1-1",
        "指定緊急避難場所との住所同一": "1",
        "その他市町村長が必要と認める事項": null,
        "受入対象者": null,
        "備考": ""
      }
    },
    {
      "type": "Feature",
      "geometry": {
        "type": "Point",
        "coordinates": [
          133.916372,
          34.622424
        ]
      },
      "properties": {
        "NO": "197",
        "共通ID": "E3310000179111",
        "施設・場所名": "芳泉中学校",
        "住所": "岡山県岡山市南区芳泉3-2-1",
        "指定緊急避難場所との住所同一": "1",
        "その他市町村長が必要と認める事項": null,
        "受入対象者": null,
        "備考": ""
      }
    },
    {
      "type": "Feature",
      "geometry": {
        "type": "Point",
        "coordinates": [
          133.916355,
          34.622009
        ]
      },
      "properties": {
        "NO": "198",
        "共通ID": "E3310000180111",
        "施設・場所名": "南公民館",
        "住所": "岡山県岡山市南区芳泉3-2-2",
        "指定緊急避難場所との住所同一": "1",
        "その他市町村長が必要と認める事項": null,
        "受入対象者": null,
        "備考": ""
      }
    },
    {
      "type": "Feature",
      "geometry": {
        "type": "Point",
        "coordinates": [
          133.916365,
          34.622227
        ]
      },
      "properties": {
        "NO": "199",
        "共通ID": "E3310000181111",
        "施設・場所名": "芳泉小学校",
        "住所": "岡山県岡山市南区芳泉3-2-3",
        "指定緊急避難場所との住所同一": "1",
        "その他市町村長が必要と認める事項": null,
        "受入対象者": null,
        "備考": ""
      }
    },
    {
      "type": "Feature",
      "geometry": {
        "type": "Point",
        "coordinates": [
          133.928524,
          34.630165
        ]
      },
      "properties": {
        "NO": "200",
        "共通ID": "E3310000182111",
        "施設・場所名": "芳泉コミュニティハウス",
        "住所": "岡山県岡山市南区豊成1-18-15",
        "指定緊急避難場所との住所同一": "1",
        "その他市町村長が必要と認める事項": null,
        "受入対象者": null,
        "備考": ""
      }
    },
    {
      "type": "Feature",
      "geometry": {
        "type": "Point",
        "coordinates": [
          133.97262,
          34.591343
        ]
      },
      "properties": {
        "NO": "201",
        "共通ID": "E3310000183111",
        "施設・場所名": "甲浦小学校",
        "住所": "岡山県岡山市南区飽浦250",
        "指定緊急避難場所との住所同一": "1",
        "その他市町村長が必要と認める事項": null,
        "受入対象者": null,
        "備考": ""
      }
    },
    {
      "type": "Feature",
      "geometry": {
        "type": "Point",
        "coordinates": [
          133.973306,
          34.590829
        ]
      },
      "properties": {
        "NO": "202",
        "共通ID": "E3310000184111",
        "施設・場所名": "光南台中学校",
        "住所": "岡山県岡山市南区飽浦390",
        "指定緊急避難場所との住所同一": "1",
        "その他市町村長が必要と認める事項": null,
        "受入対象者": null,
        "備考": ""
      }
    },
    {
      "type": "Feature",
      "geometry": {
        "type": "Point",
        "coordinates": [
          133.973562,
          34.590476
        ]
      },
      "properties": {
        "NO": "203",
        "共通ID": "E3310000185111",
        "施設・場所名": "甲浦コミュニティハウス",
        "住所": "岡山県岡山市南区飽浦413-1",
        "指定緊急避難場所との住所同一": "1",
        "その他市町村長が必要と認める事項": null,
        "受入対象者": null,
        "備考": ""
      }
    },
    {
      "type": "Feature",
      "geometry": {
        "type": "Point",
        "coordinates": [
          133.967423,
          34.584157
        ]
      },
      "properties": {
        "NO": "204",
        "共通ID": "E3310000186111",
        "施設・場所名": "光南台公民館　甲浦分館",
        "住所": "岡山県岡山市南区北浦548-1",
        "指定緊急避難場所との住所同一": "1",
        "その他市町村長が必要と認める事項": null,
        "受入対象者": null,
        "備考": ""
      }
    },
    {
      "type": "Feature",
      "geometry": {
        "type": "Point",
        "coordinates": [
          133.910104,
          34.556086
        ]
      },
      "properties": {
        "NO": "205",
        "共通ID": "E3310000187111",
        "施設・場所名": "七区小学校",
        "住所": "岡山県岡山市南区北七区61-3",
        "指定緊急避難場所との住所同一": "1",
        "その他市町村長が必要と認める事項": null,
        "受入対象者": null,
        "備考": ""
      }
    },
    {
      "type": "Feature",
      "geometry": {
        "type": "Point",
        "coordinates": [
          133.912374,
          34.555724
        ]
      },
      "properties": {
        "NO": "206",
        "共通ID": "E3310000188111",
        "施設・場所名": "七区児童館",
        "住所": "岡山県岡山市南区北七区61-8",
        "指定緊急避難場所との住所同一": "1",
        "その他市町村長が必要と認める事項": null,
        "受入対象者": null,
        "備考": ""
      }
    },
    {
      "type": "Feature",
      "geometry": {
        "type": "Point",
        "coordinates": [
          133.864656,
          34.615293
        ]
      },
      "properties": {
        "NO": "207",
        "共通ID": "E3310000189111",
        "施設・場所名": "妹尾中学校",
        "住所": "岡山県岡山市南区妹尾1212",
        "指定緊急避難場所との住所同一": "1",
        "その他市町村長が必要と認める事項": null,
        "受入対象者": null,
        "備考": ""
      }
    },
    {
      "type": "Feature",
      "geometry": {
        "type": "Point",
        "coordinates": [
          133.867298,
          34.61149
        ]
      },
      "properties": {
        "NO": "208",
        "共通ID": "E3310000190111",
        "施設・場所名": "妹尾小学校",
        "住所": "岡山県岡山市南区妹尾1353",
        "指定緊急避難場所との住所同一": "1",
        "その他市町村長が必要と認める事項": null,
        "受入対象者": null,
        "備考": ""
      }
    },
    {
      "type": "Feature",
      "geometry": {
        "type": "Point",
        "coordinates": [
          133.863059,
          34.611283
        ]
      },
      "properties": {
        "NO": "209",
        "共通ID": "E3310000191111",
        "施設・場所名": "西ふれあいセンター",
        "住所": "岡山県岡山市南区妹尾880-1",
        "指定緊急避難場所との住所同一": "1",
        "その他市町村長が必要と認める事項": null,
        "受入対象者": null,
        "備考": ""
      }
    },
    {
      "type": "Feature",
      "geometry": {
        "type": "Point",
        "coordinates": [
          133.897633,
          34.628058
        ]
      },
      "properties": {
        "NO": "210",
        "共通ID": "E3310000192111",
        "施設・場所名": "芳明小学校",
        "住所": "岡山県岡山市南区万倍1",
        "指定緊急避難場所との住所同一": "1",
        "その他市町村長が必要と認める事項": null,
        "受入対象者": null,
        "備考": ""
      }
    },
    {
      "type": "Feature",
      "geometry": {
        "type": "Point",
        "coordinates": [
          133.861199,
          34.610666
        ]
      },
      "properties": {
        "NO": "211",
        "共通ID": "E3310000193111",
        "施設・場所名": "妹尾公民館",
        "住所": "岡山県岡山市南区箕島1025-1",
        "指定緊急避難場所との住所同一": "1",
        "その他市町村長が必要と認める事項": null,
        "受入対象者": null,
        "備考": ""
      }
    },
    {
      "type": "Feature",
      "geometry": {
        "type": "Point",
        "coordinates": [
          133.849971,
          34.610509
        ]
      },
      "properties": {
        "NO": "212",
        "共通ID": "E3310000194111",
        "施設・場所名": "箕島コミュニティハウス",
        "住所": "岡山県岡山市南区箕島2325-1",
        "指定緊急避難場所との住所同一": "1",
        "その他市町村長が必要と認める事項": null,
        "受入対象者": null,
        "備考": ""
      }
    },
    {
      "type": "Feature",
      "geometry": {
        "type": "Point",
        "coordinates": [
          133.848811,
          34.611099
        ]
      },
      "properties": {
        "NO": "213",
        "共通ID": "E3310000195111",
        "施設・場所名": "箕島小学校",
        "住所": "岡山県岡山市南区箕島2384",
        "指定緊急避難場所との住所同一": "1",
        "その他市町村長が必要と認める事項": null,
        "受入対象者": null,
        "備考": ""
      }
    },
    {
      "type": "Feature",
      "geometry": {
        "type": "Point",
        "coordinates": [
          133.947196,
          34.6082
        ]
      },
      "properties": {
        "NO": "214",
        "共通ID": "E3310000196111",
        "施設・場所名": "福島小学校",
        "住所": "岡山県岡山市南区立川町3-37",
        "指定緊急避難場所との住所同一": "1",
        "その他市町村長が必要と認める事項": null,
        "受入対象者": null,
        "備考": ""
      }
    },
    {
      "type": "Feature",
      "geometry": {
        "type": "Point",
        "coordinates": [
          133.927956,
          34.644061
        ]
      },
      "properties": {
        "NO": "215",
        "共通ID": "E3310000197111",
        "施設・場所名": "岡南コミュニティハウス",
        "住所": "岡山県岡山市北区旭本町1-1",
        "指定緊急避難場所との住所同一": "1",
        "その他市町村長が必要と認める事項": null,
        "受入対象者": null,
        "備考": ""
      }
    },
    {
      "type": "Feature",
      "geometry": {
        "type": "Point",
        "coordinates": [
          133.928266,
          34.644047
        ]
      },
      "properties": {
        "NO": "216",
        "共通ID": "E3310000198111",
        "施設・場所名": "岡輝公民館",
        "住所": "岡山県岡山市北区旭本町1-80",
        "指定緊急避難場所との住所同一": "1",
        "その他市町村長が必要と認める事項": null,
        "受入対象者": null,
        "備考": ""
      }
    },
    {
      "type": "Feature",
      "geometry": {
        "type": "Point",
        "coordinates": [
          133.910763,
          34.676106
        ]
      },
      "properties": {
        "NO": "217",
        "共通ID": "E3310000199111",
        "施設・場所名": "伊島小学校",
        "住所": "岡山県岡山市北区伊島町1-6-6",
        "指定緊急避難場所との住所同一": "1",
        "その他市町村長が必要と認める事項": null,
        "受入対象者": null,
        "備考": ""
      }
    },
    {
      "type": "Feature",
      "geometry": {
        "type": "Point",
        "coordinates": [
          133.911707,
          34.677186
        ]
      },
      "properties": {
        "NO": "218",
        "共通ID": "E3310000200111",
        "施設・場所名": "伊島コミュニティハウス",
        "住所": "岡山県岡山市北区伊島町1-9-15",
        "指定緊急避難場所との住所同一": "1",
        "その他市町村長が必要と認める事項": null,
        "受入対象者": null,
        "備考": ""
      }
    },
    {
      "type": "Feature",
      "geometry": {
        "type": "Point",
        "coordinates": [
          133.911729,
          34.680029
        ]
      },
      "properties": {
        "NO": "219",
        "共通ID": "E3310000201111",
        "施設・場所名": "京山公民館",
        "住所": "岡山県岡山市北区伊島町2-9-38",
        "指定緊急避難場所との住所同一": "1",
        "その他市町村長が必要と認める事項": null,
        "受入対象者": null,
        "備考": ""
      }
    },
    {
      "type": "Feature",
      "geometry": {
        "type": "Point",
        "coordinates": [
          133.907635,
          34.676374
        ]
      },
      "properties": {
        "NO": "220",
        "共通ID": "E3310000202111",
        "施設・場所名": "烏城高等学校／生涯学習センター",
        "住所": "岡山県岡山市北区伊島町3-1-1",
        "指定緊急避難場所との住所同一": "1",
        "その他市町村長が必要と認める事項": null,
        "受入対象者": null,
        "備考": ""
      }
    },
    {
      "type": "Feature",
      "geometry": {
        "type": "Point",
        "coordinates": [
          133.910364,
          34.671958
        ]
      },
      "properties": {
        "NO": "221",
        "共通ID": "E3310000203111",
        "施設・場所名": "岡山県立岡山工業高等学校",
        "住所": "岡山県岡山市北区伊福町4-3-92",
        "指定緊急避難場所との住所同一": "1",
        "その他市町村長が必要と認める事項": null,
        "受入対象者": null,
        "備考": ""
      }
    },
    {
      "type": "Feature",
      "geometry": {
        "type": "Point",
        "coordinates": [
          133.867063,
          34.676825
        ]
      },
      "properties": {
        "NO": "222",
        "共通ID": "E3310000204111",
        "施設・場所名": "一宮公民館",
        "住所": "岡山県岡山市北区一宮638-1",
        "指定緊急避難場所との住所同一": "1",
        "その他市町村長が必要と認める事項": null,
        "受入対象者": null,
        "備考": ""
      }
    },
    {
      "type": "Feature",
      "geometry": {
        "type": "Point",
        "coordinates": [
          133.86755,
          34.673961
        ]
      },
      "properties": {
        "NO": "223",
        "共通ID": "E3310000205111",
        "施設・場所名": "中山小学校",
        "住所": "岡山県岡山市北区一宮702",
        "指定緊急避難場所との住所同一": "1",
        "その他市町村長が必要と認める事項": null,
        "受入対象者": null,
        "備考": ""
      }
    },
    {
      "type": "Feature",
      "geometry": {
        "type": "Point",
        "coordinates": [
          133.923365,
          34.643461
        ]
      },
      "properties": {
        "NO": "224",
        "共通ID": "E3310000206111",
        "施設・場所名": "岡山県立岡山南高等学校",
        "住所": "岡山県岡山市北区奥田2-4-7",
        "指定緊急避難場所との住所同一": "1",
        "その他市町村長が必要と認める事項": null,
        "受入対象者": null,
        "備考": ""
      }
    },
    {
      "type": "Feature",
      "geometry": {
        "type": "Point",
        "coordinates": [
          133.903668,
          34.706257
        ]
      },
      "properties": {
        "NO": "225",
        "共通ID": "E3310000207111",
        "施設・場所名": "横井小学校",
        "住所": "岡山県岡山市北区横井上178",
        "指定緊急避難場所との住所同一": "1",
        "その他市町村長が必要と認める事項": null,
        "受入対象者": null,
        "備考": ""
      }
    },
    {
      "type": "Feature",
      "geometry": {
        "type": "Point",
        "coordinates": [
          133.922437,
          34.648551
        ]
      },
      "properties": {
        "NO": "226",
        "共通ID": "E3310000208111",
        "施設・場所名": "岡輝中学校",
        "住所": "岡山県岡山市北区岡町12-17",
        "指定緊急避難場所との住所同一": "1",
        "その他市町村長が必要と認める事項": null,
        "受入対象者": null,
        "備考": ""
      }
    },
    {
      "type": "Feature",
      "geometry": {
        "type": "Point",
        "coordinates": [
          133.926454,
          34.641585
        ]
      },
      "properties": {
        "NO": "227",
        "共通ID": "E3310000209111",
        "施設・場所名": "岡南小学校",
        "住所": "岡山県岡山市北区岡南町2-4-5",
        "指定緊急避難場所との住所同一": "1",
        "その他市町村長が必要と認める事項": null,
        "受入対象者": null,
        "備考": ""
      }
    },
    {
      "type": "Feature",
      "geometry": {
        "type": "Point",
        "coordinates": [
          133.902405,
          34.667533
        ]
      },
      "properties": {
        "NO": "228",
        "共通ID": "E3310000210111",
        "施設・場所名": "石井中学校",
        "住所": "岡山県岡山市北区下伊福上町10-9",
        "指定緊急避難場所との住所同一": "1",
        "その他市町村長が必要と認める事項": null,
        "受入対象者": null,
        "備考": ""
      }
    },
    {
      "type": "Feature",
      "geometry": {
        "type": "Point",
        "coordinates": [
          133.902017,
          34.664673
        ]
      },
      "properties": {
        "NO": "229",
        "共通ID": "E3310000211111",
        "施設・場所名": "岡西公民館",
        "住所": "岡山県岡山市北区下伊福西町1-48",
        "指定緊急避難場所との住所同一": "1",
        "その他市町村長が必要と認める事項": null,
        "受入対象者": null,
        "備考": ""
      }
    },
    {
      "type": "Feature",
      "geometry": {
        "type": "Point",
        "coordinates": [
          133.900109,
          34.666163
        ]
      },
      "properties": {
        "NO": "230",
        "共通ID": "E3310000212111",
        "施設・場所名": "三門小学校",
        "住所": "岡山県岡山市北区下伊福西町5-37",
        "指定緊急避難場所との住所同一": "1",
        "その他市町村長が必要と認める事項": null,
        "受入対象者": null,
        "備考": ""
      }
    },
    {
      "type": "Feature",
      "geometry": {
        "type": "Point",
        "coordinates": [
          133.825005,
          34.765298
        ]
      },
      "properties": {
        "NO": "231",
        "共通ID": "E3310000213111",
        "施設・場所名": "高田コミュニティハウス",
        "住所": "岡山県岡山市北区下高田309-2",
        "指定緊急避難場所との住所同一": "1",
        "その他市町村長が必要と認める事項": null,
        "受入対象者": null,
        "備考": ""
      }
    },
    {
      "type": "Feature",
      "geometry": {
        "type": "Point",
        "coordinates": [
          133.806319,
          34.720177
        ]
      },
      "properties": {
        "NO": "232",
        "共通ID": "E3310000214111",
        "施設・場所名": "足守コミュニティハウス",
        "住所": "岡山県岡山市北区下足守1960",
        "指定緊急避難場所との住所同一": "1",
        "その他市町村長が必要と認める事項": null,
        "受入対象者": null,
        "備考": ""
      }
    },
    {
      "type": "Feature",
      "geometry": {
        "type": "Point",
        "coordinates": [
          133.906809,
          34.726153
        ]
      },
      "properties": {
        "NO": "233",
        "共通ID": "E3310000215111",
        "施設・場所名": "津高公民館",
        "住所": "岡山県岡山市北区栢谷1677",
        "指定緊急避難場所との住所同一": "1",
        "その他市町村長が必要と認める事項": null,
        "受入対象者": null,
        "備考": ""
      }
    },
    {
      "type": "Feature",
      "geometry": {
        "type": "Point",
        "coordinates": [
          133.901201,
          34.72788
        ]
      },
      "properties": {
        "NO": "234",
        "共通ID": "E3310000216111",
        "施設・場所名": "野谷小学校",
        "住所": "岡山県岡山市北区栢谷259-1",
        "指定緊急避難場所との住所同一": "1",
        "その他市町村長が必要と認める事項": null,
        "受入対象者": null,
        "備考": ""
      }
    },
    {
      "type": "Feature",
      "geometry": {
        "type": "Point",
        "coordinates": [
          133.956459,
          34.707163
        ]
      },
      "properties": {
        "NO": "235",
        "共通ID": "E3310000217111",
        "施設・場所名": "岡山県立岡山支援学校",
        "住所": "岡山県岡山市北区祇園866",
        "指定緊急避難場所との住所同一": "1",
        "その他市町村長が必要と認める事項": null,
        "受入対象者": null,
        "備考": ""
      }
    },
    {
      "type": "Feature",
      "geometry": {
        "type": "Point",
        "coordinates": [
          133.904173,
          34.731336
        ]
      },
      "properties": {
        "NO": "236",
        "共通ID": "E3310000218111",
        "施設・場所名": "香和中学校",
        "住所": "岡山県岡山市北区吉宗590",
        "指定緊急避難場所との住所同一": "1",
        "その他市町村長が必要と認める事項": null,
        "受入対象者": null,
        "備考": ""
      }
    },
    {
      "type": "Feature",
      "geometry": {
        "type": "Point",
        "coordinates": [
          133.84605,
          34.671413
        ]
      },
      "properties": {
        "NO": "237",
        "共通ID": "E3310000219111",
        "施設・場所名": "鯉山小学校",
        "住所": "岡山県岡山市北区吉備津1444",
        "指定緊急避難場所との住所同一": "1",
        "その他市町村長が必要と認める事項": null,
        "受入対象者": null,
        "備考": ""
      }
    },
    {
      "type": "Feature",
      "geometry": {
        "type": "Point",
        "coordinates": [
          133.838818,
          34.673096
        ]
      },
      "properties": {
        "NO": "238",
        "共通ID": "E3310000220111",
        "施設・場所名": "鯉山コミュニティハウス",
        "住所": "岡山県岡山市北区吉備津288",
        "指定緊急避難場所との住所同一": "1",
        "その他市町村長が必要と認める事項": null,
        "受入対象者": null,
        "備考": ""
      }
    },
    {
      "type": "Feature",
      "geometry": {
        "type": "Point",
        "coordinates": [
          133.872043,
          34.643485
        ]
      },
      "properties": {
        "NO": "239",
        "共通ID": "E3310000221111",
        "施設・場所名": "御南コミュニティハウス",
        "住所": "岡山県岡山市北区久米91",
        "指定緊急避難場所との住所同一": "1",
        "その他市町村長が必要と認める事項": null,
        "受入対象者": null,
        "備考": ""
      }
    },
    {
      "type": "Feature",
      "geometry": {
        "type": "Point",
        "coordinates": [
          133.928114,
          34.670977
        ]
      },
      "properties": {
        "NO": "240",
        "共通ID": "E3310000222111",
        "施設・場所名": "岡山中央小学校",
        "住所": "岡山県岡山市北区弓之町9-27",
        "指定緊急避難場所との住所同一": "1",
        "その他市町村長が必要と認める事項": null,
        "受入対象者": null,
        "備考": ""
      }
    },
    {
      "type": "Feature",
      "geometry": {
        "type": "Point",
        "coordinates": [
          133.951418,
          34.71495
        ]
      },
      "properties": {
        "NO": "241",
        "共通ID": "E3310000223111",
        "施設・場所名": "牧石小学校",
        "住所": "岡山県岡山市北区玉柏2108",
        "指定緊急避難場所との住所同一": "1",
        "その他市町村長が必要と認める事項": null,
        "受入対象者": null,
        "備考": ""
      }
    },
    {
      "type": "Feature",
      "geometry": {
        "type": "Point",
        "coordinates": [
          133.950381,
          34.714216
        ]
      },
      "properties": {
        "NO": "242",
        "共通ID": "E3310000224111",
        "施設・場所名": "牧石コミュニティハウス",
        "住所": "岡山県岡山市北区玉柏2127-2",
        "指定緊急避難場所との住所同一": "1",
        "その他市町村長が必要と認める事項": null,
        "受入対象者": null,
        "備考": ""
      }
    },
    {
      "type": "Feature",
      "geometry": {
        "type": "Point",
        "coordinates": [
          133.923248,
          34.843206
        ]
      },
      "properties": {
        "NO": "243",
        "共通ID": "E3310000225111",
        "施設・場所名": "竹枝小学校",
        "住所": "岡山県岡山市北区建部町吉田1504",
        "指定緊急避難場所との住所同一": "1",
        "その他市町村長が必要と認める事項": null,
        "受入対象者": null,
        "備考": ""
      }
    },
    {
      "type": "Feature",
      "geometry": {
        "type": "Point",
        "coordinates": [
          133.913041,
          34.83727
        ]
      },
      "properties": {
        "NO": "244",
        "共通ID": "E3310000226111",
        "施設・場所名": "竹枝コミュニティハウス",
        "住所": "岡山県岡山市北区建部町吉田808-1",
        "指定緊急避難場所との住所同一": "1",
        "その他市町村長が必要と認める事項": null,
        "受入対象者": null,
        "備考": ""
      }
    },
    {
      "type": "Feature",
      "geometry": {
        "type": "Point",
        "coordinates": [
          133.90643,
          34.856972
        ]
      },
      "properties": {
        "NO": "245",
        "共通ID": "E3310000227111",
        "施設・場所名": "建部中学校",
        "住所": "岡山県岡山市北区建部町建部上734",
        "指定緊急避難場所との住所同一": "1",
        "その他市町村長が必要と認める事項": null,
        "受入対象者": null,
        "備考": ""
      }
    },
    {
      "type": "Feature",
      "geometry": {
        "type": "Point",
        "coordinates": [
          133.896493,
          34.835366
        ]
      },
      "properties": {
        "NO": "246",
        "共通ID": "E3310000228111",
        "施設・場所名": "建部町公民館　西原分館",
        "住所": "岡山県岡山市北区建部町西原294-3",
        "指定緊急避難場所との住所同一": "1",
        "その他市町村長が必要と認める事項": null,
        "受入対象者": null,
        "備考": ""
      }
    },
    {
      "type": "Feature",
      "geometry": {
        "type": "Point",
        "coordinates": [
          133.902053,
          34.888317
        ]
      },
      "properties": {
        "NO": "247",
        "共通ID": "E3310000229111",
        "施設・場所名": "福渡小学校",
        "住所": "岡山県岡山市北区建部町川口1302",
        "指定緊急避難場所との住所同一": "1",
        "その他市町村長が必要と認める事項": null,
        "受入対象者": null,
        "備考": ""
      }
    },
    {
      "type": "Feature",
      "geometry": {
        "type": "Point",
        "coordinates": [
          133.872906,
          34.857624
        ]
      },
      "properties": {
        "NO": "248",
        "共通ID": "E3310000230111",
        "施設・場所名": "たけべの森公園",
        "住所": "岡山県岡山市北区建部町田地子1571-40",
        "指定緊急避難場所との住所同一": "1",
        "その他市町村長が必要と認める事項": null,
        "受入対象者": null,
        "備考": ""
      }
    },
    {
      "type": "Feature",
      "geometry": {
        "type": "Point",
        "coordinates": [
          133.901816,
          34.855781
        ]
      },
      "properties": {
        "NO": "249",
        "共通ID": "E3310000231111",
        "施設・場所名": "建部小学校",
        "住所": "岡山県岡山市北区建部町富沢366",
        "指定緊急避難場所との住所同一": "1",
        "その他市町村長が必要と認める事項": null,
        "受入対象者": null,
        "備考": ""
      }
    },
    {
      "type": "Feature",
      "geometry": {
        "type": "Point",
        "coordinates": [
          133.903481,
          34.869461
        ]
      },
      "properties": {
        "NO": "250",
        "共通ID": "E3310000232111",
        "施設・場所名": "建部町公民館",
        "住所": "岡山県岡山市北区建部町福渡496-1",
        "指定緊急避難場所との住所同一": "1",
        "その他市町村長が必要と認める事項": null,
        "受入対象者": null,
        "備考": ""
      }
    },
    {
      "type": "Feature",
      "geometry": {
        "type": "Point",
        "coordinates": [
          133.877968,
          34.933107
        ]
      },
      "properties": {
        "NO": "251",
        "共通ID": "E3310000233111",
        "施設・場所名": "岡山市建部町長尾農村活性化センター",
        "住所": "岡山県岡山市北区建部町和田南4315",
        "指定緊急避難場所との住所同一": "",
        "その他市町村長が必要と認める事項": null,
        "受入対象者": null,
        "備考": ""
      }
    },
    {
      "type": "Feature",
      "geometry": {
        "type": "Point",
        "coordinates": [
          133.928116,
          34.791029
        ]
      },
      "properties": {
        "NO": "252",
        "共通ID": "E3310000234111",
        "施設・場所名": "御津小学校",
        "住所": "岡山県岡山市北区御津宇垣1212",
        "指定緊急避難場所との住所同一": "1",
        "その他市町村長が必要と認める事項": null,
        "受入対象者": null,
        "備考": ""
      }
    },
    {
      "type": "Feature",
      "geometry": {
        "type": "Point",
        "coordinates": [
          133.930633,
          34.791903
        ]
      },
      "properties": {
        "NO": "253",
        "共通ID": "E3310000235111",
        "施設・場所名": "御津中学校",
        "住所": "岡山県岡山市北区御津宇垣1227",
        "指定緊急避難場所との住所同一": "1",
        "その他市町村長が必要と認める事項": null,
        "受入対象者": null,
        "備考": ""
      }
    },
    {
      "type": "Feature",
      "geometry": {
        "type": "Point",
        "coordinates": [
          133.931648,
          34.790533
        ]
      },
      "properties": {
        "NO": "254",
        "共通ID": "E3310000236111",
        "施設・場所名": "御津老人福祉センター",
        "住所": "岡山県岡山市北区御津宇垣1227-2",
        "指定緊急避難場所との住所同一": "1",
        "その他市町村長が必要と認める事項": null,
        "受入対象者": null,
        "備考": ""
      }
    },
    {
      "type": "Feature",
      "geometry": {
        "type": "Point",
        "coordinates": [
          133.928606,
          34.784589
        ]
      },
      "properties": {
        "NO": "255",
        "共通ID": "E3310000237111",
        "施設・場所名": "御津公民館",
        "住所": "岡山県岡山市北区御津宇垣1629",
        "指定緊急避難場所との住所同一": "1",
        "その他市町村長が必要と認める事項": null,
        "受入対象者": null,
        "備考": ""
      }
    },
    {
      "type": "Feature",
      "geometry": {
        "type": "Point",
        "coordinates": [
          133.935418,
          34.797524
        ]
      },
      "properties": {
        "NO": "256",
        "共通ID": "E3310000238111",
        "施設・場所名": "岡山県立岡山御津高等学校",
        "住所": "岡山県岡山市北区御津金川940",
        "指定緊急避難場所との住所同一": "1",
        "その他市町村長が必要と認める事項": null,
        "受入対象者": null,
        "備考": ""
      }
    },
    {
      "type": "Feature",
      "geometry": {
        "type": "Point",
        "coordinates": [
          133.934418,
          34.798287
        ]
      },
      "properties": {
        "NO": "257",
        "共通ID": "E3310000239111",
        "施設・場所名": "金川地区コミュニティハウス",
        "住所": "岡山県岡山市北区御津金川962-1",
        "指定緊急避難場所との住所同一": "1",
        "その他市町村長が必要と認める事項": null,
        "受入対象者": null,
        "備考": ""
      }
    },
    {
      "type": "Feature",
      "geometry": {
        "type": "Point",
        "coordinates": [
          133.890112,
          34.8096
        ]
      },
      "properties": {
        "NO": "258",
        "共通ID": "E3310000240111",
        "施設・場所名": "御津スポーツパーク（体育館他）",
        "住所": "岡山県岡山市北区御津高津1566",
        "指定緊急避難場所との住所同一": "1",
        "その他市町村長が必要と認める事項": null,
        "受入対象者": null,
        "備考": ""
      }
    },
    {
      "type": "Feature",
      "geometry": {
        "type": "Point",
        "coordinates": [
          133.89402,
          34.80915
        ]
      },
      "properties": {
        "NO": "259",
        "共通ID": "E3310000241111",
        "施設・場所名": "宇甘東地区コミュニティハウス",
        "住所": "岡山県岡山市北区御津高津1630",
        "指定緊急避難場所との住所同一": "1",
        "その他市町村長が必要と認める事項": null,
        "受入対象者": null,
        "備考": ""
      }
    },
    {
      "type": "Feature",
      "geometry": {
        "type": "Point",
        "coordinates": [
          133.936436,
          34.773315
        ]
      },
      "properties": {
        "NO": "260",
        "共通ID": "E3310000242111",
        "施設・場所名": "御津南保育園",
        "住所": "岡山県岡山市北区御津国ケ原1024",
        "指定緊急避難場所との住所同一": "1",
        "その他市町村長が必要と認める事項": null,
        "受入対象者": null,
        "備考": ""
      }
    },
    {
      "type": "Feature",
      "geometry": {
        "type": "Point",
        "coordinates": [
          133.943409,
          34.771927
        ]
      },
      "properties": {
        "NO": "261",
        "共通ID": "E3310000243111",
        "施設・場所名": "葛城地区コミュニティハウス",
        "住所": "岡山県岡山市北区御津国ケ原374-1",
        "指定緊急避難場所との住所同一": "1",
        "その他市町村長が必要と認める事項": null,
        "受入対象者": null,
        "備考": ""
      }
    },
    {
      "type": "Feature",
      "geometry": {
        "type": "Point",
        "coordinates": [
          133.857147,
          34.82249
        ]
      },
      "properties": {
        "NO": "262",
        "共通ID": "E3310000244111",
        "施設・場所名": "宇甘西地区コミュニティハウス",
        "住所": "岡山県岡山市北区御津紙工2568",
        "指定緊急避難場所との住所同一": "1",
        "その他市町村長が必要と認める事項": null,
        "受入対象者": null,
        "備考": ""
      }
    },
    {
      "type": "Feature",
      "geometry": {
        "type": "Point",
        "coordinates": [
          133.965432,
          34.816528
        ]
      },
      "properties": {
        "NO": "263",
        "共通ID": "E3310000245111",
        "施設・場所名": "五城地区コミュニティハウス",
        "住所": "岡山県岡山市北区御津新庄3047-1",
        "指定緊急避難場所との住所同一": "1",
        "その他市町村長が必要と認める事項": null,
        "受入対象者": null,
        "備考": ""
      }
    },
    {
      "type": "Feature",
      "geometry": {
        "type": "Point",
        "coordinates": [
          133.966581,
          34.816971
        ]
      },
      "properties": {
        "NO": "264",
        "共通ID": "E3310000246111",
        "施設・場所名": "五城小学校",
        "住所": "岡山県岡山市北区御津新庄3055",
        "指定緊急避難場所との住所同一": "1",
        "その他市町村長が必要と認める事項": null,
        "受入対象者": null,
        "備考": ""
      }
    },
    {
      "type": "Feature",
      "geometry": {
        "type": "Point",
        "coordinates": [
          133.930636,
          34.767256
        ]
      },
      "properties": {
        "NO": "265",
        "共通ID": "E3310000248111",
        "施設・場所名": "御津南地区コミュニティハウス",
        "住所": "岡山県岡山市北区御津野々口485",
        "指定緊急避難場所との住所同一": "1",
        "その他市町村長が必要と認める事項": null,
        "受入対象者": null,
        "備考": ""
      }
    },
    {
      "type": "Feature",
      "geometry": {
        "type": "Point",
        "coordinates": [
          133.930069,
          34.773574
        ]
      },
      "properties": {
        "NO": "266",
        "共通ID": "E3310000247111",
        "施設・場所名": "御津南小学校",
        "住所": "岡山県岡山市北区御津野之口1616",
        "指定緊急避難場所との住所同一": "1",
        "その他市町村長が必要と認める事項": null,
        "受入対象者": null,
        "備考": ""
      }
    },
    {
      "type": "Feature",
      "geometry": {
        "type": "Point",
        "coordinates": [
          133.945651,
          34.807884
        ]
      },
      "properties": {
        "NO": "267",
        "共通ID": "E3310000249111",
        "施設・場所名": "御津公民館　矢原分館",
        "住所": "岡山県岡山市北区御津矢原1196-3",
        "指定緊急避難場所との住所同一": "",
        "その他市町村長が必要と認める事項": null,
        "受入対象者": null,
        "備考": ""
      }
    },
    {
      "type": "Feature",
      "geometry": {
        "type": "Point",
        "coordinates": [
          133.921351,
          34.661067
        ]
      },
      "properties": {
        "NO": "268",
        "共通ID": "E3310000250111",
        "施設・場所名": "出石コミュニティハウス",
        "住所": "岡山県岡山市北区幸町10-10",
        "指定緊急避難場所との住所同一": "1",
        "その他市町村長が必要と認める事項": null,
        "受入対象者": null,
        "備考": ""
      }
    },
    {
      "type": "Feature",
      "geometry": {
        "type": "Point",
        "coordinates": [
          133.921977,
          34.661126
        ]
      },
      "properties": {
        "NO": "269",
        "共通ID": "E3310000251111",
        "施設・場所名": "西川アイプラザ",
        "住所": "岡山県岡山市北区幸町10-16",
        "指定緊急避難場所との住所同一": "1",
        "その他市町村長が必要と認める事項": null,
        "受入対象者": null,
        "備考": ""
      }
    },
    {
      "type": "Feature",
      "geometry": {
        "type": "Point",
        "coordinates": [
          133.927921,
          34.67621
        ]
      },
      "properties": {
        "NO": "270",
        "共通ID": "E3310000252111",
        "施設・場所名": "旭公民館",
        "住所": "岡山県岡山市北区広瀬町3-26",
        "指定緊急避難場所との住所同一": "1",
        "その他市町村長が必要と認める事項": null,
        "受入対象者": null,
        "備考": ""
      }
    },
    {
      "type": "Feature",
      "geometry": {
        "type": "Point",
        "coordinates": [
          133.818191,
          34.687171
        ]
      },
      "properties": {
        "NO": "271",
        "共通ID": "E3310000253111",
        "施設・場所名": "高松中学校",
        "住所": "岡山県岡山市北区高松原古才30",
        "指定緊急避難場所との住所同一": "1",
        "その他市町村長が必要と認める事項": null,
        "受入対象者": null,
        "備考": ""
      }
    },
    {
      "type": "Feature",
      "geometry": {
        "type": "Point",
        "coordinates": [
          133.820823,
          34.683424
        ]
      },
      "properties": {
        "NO": "272",
        "共通ID": "E3310000254111",
        "施設・場所名": "岡山県立高松農業高等学校",
        "住所": "岡山県岡山市北区高松原古才336-2",
        "指定緊急避難場所との住所同一": "1",
        "その他市町村長が必要と認める事項": null,
        "受入対象者": null,
        "備考": ""
      }
    },
    {
      "type": "Feature",
      "geometry": {
        "type": "Point",
        "coordinates": [
          133.893852,
          34.641634
        ]
      },
      "properties": {
        "NO": "273",
        "共通ID": "E3310000255111",
        "施設・場所名": "西コミュニティハウス",
        "住所": "岡山県岡山市北区今7-16-30",
        "指定緊急避難場所との住所同一": "1",
        "その他市町村長が必要と認める事項": null,
        "受入対象者": null,
        "備考": ""
      }
    },
    {
      "type": "Feature",
      "geometry": {
        "type": "Point",
        "coordinates": [
          133.871809,
          34.641479
        ]
      },
      "properties": {
        "NO": "274",
        "共通ID": "E3310000256111",
        "施設・場所名": "御南小学校",
        "住所": "岡山県岡山市北区今保243-3",
        "指定緊急避難場所との住所同一": "1",
        "その他市町村長が必要と認める事項": null,
        "受入対象者": null,
        "備考": ""
      }
    },
    {
      "type": "Feature",
      "geometry": {
        "type": "Point",
        "coordinates": [
          133.816735,
          34.689017
        ]
      },
      "properties": {
        "NO": "275",
        "共通ID": "E3310000257111",
        "施設・場所名": "庄内小学校",
        "住所": "岡山県岡山市北区三手336-2",
        "指定緊急避難場所との住所同一": "1",
        "その他市町村長が必要と認める事項": null,
        "受入対象者": null,
        "備考": ""
      }
    },
    {
      "type": "Feature",
      "geometry": {
        "type": "Point",
        "coordinates": [
          133.810676,
          34.691432
        ]
      },
      "properties": {
        "NO": "276",
        "共通ID": "E3310000258111",
        "施設・場所名": "庄内コミュニティハウス",
        "住所": "岡山県岡山市北区三手597",
        "指定緊急避難場所との住所同一": "1",
        "その他市町村長が必要と認める事項": null,
        "受入対象者": null,
        "備考": ""
      }
    },
    {
      "type": "Feature",
      "geometry": {
        "type": "Point",
        "coordinates": [
          133.91175,
          34.666659
        ]
      },
      "properties": {
        "NO": "277",
        "共通ID": "E3310000259111",
        "施設・場所名": "石井小学校",
        "住所": "岡山県岡山市北区寿町2-8",
        "指定緊急避難場所との住所同一": "1",
        "その他市町村長が必要と認める事項": null,
        "受入対象者": null,
        "備考": ""
      }
    },
    {
      "type": "Feature",
      "geometry": {
        "type": "Point",
        "coordinates": [
          133.922215,
          34.65403
        ]
      },
      "properties": {
        "NO": "278",
        "共通ID": "E3310000260111",
        "施設・場所名": "岡山市勤労者福祉センター",
        "住所": "岡山県岡山市北区春日町5-6",
        "指定緊急避難場所との住所同一": "1",
        "その他市町村長が必要と認める事項": null,
        "受入対象者": null,
        "備考": ""
      }
    },
    {
      "type": "Feature",
      "geometry": {
        "type": "Point",
        "coordinates": [
          133.913989,
          34.665557
        ]
      },
      "properties": {
        "NO": "279",
        "共通ID": "E3310000261111",
        "施設・場所名": "岡西公民館　石井分館",
        "住所": "岡山県岡山市北区昭和町1-5",
        "指定緊急避難場所との住所同一": "",
        "その他市町村長が必要と認める事項": null,
        "受入対象者": null,
        "備考": ""
      }
    },
    {
      "type": "Feature",
      "geometry": {
        "type": "Point",
        "coordinates": [
          133.862678,
          34.696798
        ]
      },
      "properties": {
        "NO": "280",
        "共通ID": "E3310000262111",
        "施設・場所名": "馬屋下小学校",
        "住所": "岡山県岡山市北区松尾105-1",
        "指定緊急避難場所との住所同一": "1",
        "その他市町村長が必要と認める事項": null,
        "受入対象者": null,
        "備考": ""
      }
    },
    {
      "type": "Feature",
      "geometry": {
        "type": "Point",
        "coordinates": [
          133.92649,
          34.650818
        ]
      },
      "properties": {
        "NO": "281",
        "共通ID": "E3310000263111",
        "施設・場所名": "清輝小学校",
        "住所": "岡山県岡山市北区新道1",
        "指定緊急避難場所との住所同一": "1",
        "その他市町村長が必要と認める事項": null,
        "受入対象者": null,
        "備考": ""
      }
    },
    {
      "type": "Feature",
      "geometry": {
        "type": "Point",
        "coordinates": [
          133.866359,
          34.68127
        ]
      },
      "properties": {
        "NO": "282",
        "共通ID": "E3310000264111",
        "施設・場所名": "中山中学校",
        "住所": "岡山県岡山市北区辛川市場159",
        "指定緊急避難場所との住所同一": "1",
        "その他市町村長が必要と認める事項": null,
        "受入対象者": null,
        "備考": ""
      }
    },
    {
      "type": "Feature",
      "geometry": {
        "type": "Point",
        "coordinates": [
          133.926343,
          34.65187
        ]
      },
      "properties": {
        "NO": "283",
        "共通ID": "E3310000265111",
        "施設・場所名": "清輝コミュニティハウス",
        "住所": "岡山県岡山市北区清輝本町7-26",
        "指定緊急避難場所との住所同一": "1",
        "その他市町村長が必要と認める事項": null,
        "受入対象者": null,
        "備考": ""
      }
    },
    {
      "type": "Feature",
      "geometry": {
        "type": "Point",
        "coordinates": [
          133.827416,
          34.666737
        ]
      },
      "properties": {
        "NO": "284",
        "共通ID": "E3310000266111",
        "施設・場所名": "高松公民館　加茂分館",
        "住所": "岡山県岡山市北区惣爪622-5",
        "指定緊急避難場所との住所同一": "1",
        "その他市町村長が必要と認める事項": null,
        "受入対象者": null,
        "備考": ""
      }
    },
    {
      "type": "Feature",
      "geometry": {
        "type": "Point",
        "coordinates": [
          133.800806,
          34.729502
        ]
      },
      "properties": {
        "NO": "285",
        "共通ID": "E3310000267111",
        "施設・場所名": "足守公民館",
        "住所": "岡山県岡山市北区足守718",
        "指定緊急避難場所との住所同一": "1",
        "その他市町村長が必要と認める事項": null,
        "受入対象者": null,
        "備考": ""
      }
    },
    {
      "type": "Feature",
      "geometry": {
        "type": "Point",
        "coordinates": [
          133.801557,
          34.730346
        ]
      },
      "properties": {
        "NO": "286",
        "共通ID": "E3310000268111",
        "施設・場所名": "足守小学校",
        "住所": "岡山県岡山市北区足守789",
        "指定緊急避難場所との住所同一": "1",
        "その他市町村長が必要と認める事項": null,
        "受入対象者": null,
        "備考": ""
      }
    },
    {
      "type": "Feature",
      "geometry": {
        "type": "Point",
        "coordinates": [
          133.889827,
          34.664917
        ]
      },
      "properties": {
        "NO": "287",
        "共通ID": "E3310000269111",
        "施設・場所名": "大野コミュニティハウス",
        "住所": "岡山県岡山市北区大安寺東町23-21",
        "指定緊急避難場所との住所同一": "1",
        "その他市町村長が必要と認める事項": null,
        "受入対象者": null,
        "備考": ""
      }
    },
    {
      "type": "Feature",
      "geometry": {
        "type": "Point",
        "coordinates": [
          133.886609,
          34.660901
        ]
      },
      "properties": {
        "NO": "288",
        "共通ID": "E3310000270111",
        "施設・場所名": "大野小学校",
        "住所": "岡山県岡山市北区大安寺南町2-8-36",
        "指定緊急避難場所との住所同一": "1",
        "その他市町村長が必要と認める事項": null,
        "受入対象者": null,
        "備考": ""
      }
    },
    {
      "type": "Feature",
      "geometry": {
        "type": "Point",
        "coordinates": [
          133.799126,
          34.743145
        ]
      },
      "properties": {
        "NO": "289",
        "共通ID": "E3310000271111",
        "施設・場所名": "蛍明小学校、足守中学校",
        "住所": "岡山県岡山市北区大井360",
        "指定緊急避難場所との住所同一": "1",
        "その他市町村長が必要と認める事項": null,
        "受入対象者": null,
        "備考": ""
      }
    },
    {
      "type": "Feature",
      "geometry": {
        "type": "Point",
        "coordinates": [
          133.914326,
          34.652075
        ]
      },
      "properties": {
        "NO": "290",
        "共通ID": "E3310000272111",
        "施設・場所名": "鹿田コミュニティハウス",
        "住所": "岡山県岡山市北区大供表町11-8",
        "指定緊急避難場所との住所同一": "1",
        "その他市町村長が必要と認める事項": null,
        "受入対象者": null,
        "備考": ""
      }
    },
    {
      "type": "Feature",
      "geometry": {
        "type": "Point",
        "coordinates": [
          133.914302,
          34.653828
        ]
      },
      "properties": {
        "NO": "291",
        "共通ID": "E3310000273111",
        "施設・場所名": "鹿田小学校",
        "住所": "岡山県岡山市北区大供表町16-50",
        "指定緊急避難場所との住所同一": "1",
        "その他市町村長が必要と認める事項": null,
        "受入対象者": null,
        "備考": ""
      }
    },
    {
      "type": "Feature",
      "geometry": {
        "type": "Point",
        "coordinates": [
          133.858243,
          34.694783
        ]
      },
      "properties": {
        "NO": "292",
        "共通ID": "E3310000274111",
        "施設・場所名": "馬屋下コミュニティハウス",
        "住所": "岡山県岡山市北区大窪415-3",
        "指定緊急避難場所との住所同一": "1",
        "その他市町村長が必要と認める事項": null,
        "受入対象者": null,
        "備考": ""
      }
    },
    {
      "type": "Feature",
      "geometry": {
        "type": "Point",
        "coordinates": [
          133.900228,
          34.648311
        ]
      },
      "properties": {
        "NO": "293",
        "共通ID": "E3310000275111",
        "施設・場所名": "大元公民館",
        "住所": "岡山県岡山市北区大元上町10-31",
        "指定緊急避難場所との住所同一": "1",
        "その他市町村長が必要と認める事項": null,
        "受入対象者": null,
        "備考": ""
      }
    },
    {
      "type": "Feature",
      "geometry": {
        "type": "Point",
        "coordinates": [
          133.899475,
          34.649377
        ]
      },
      "properties": {
        "NO": "294",
        "共通ID": "E3310000276111",
        "施設・場所名": "大元小学校",
        "住所": "岡山県岡山市北区大元上町9-43",
        "指定緊急避難場所との住所同一": "1",
        "その他市町村長が必要と認める事項": null,
        "受入対象者": null,
        "備考": ""
      }
    },
    {
      "type": "Feature",
      "geometry": {
        "type": "Point",
        "coordinates": [
          133.895788,
          34.678669
        ]
      },
      "properties": {
        "NO": "295",
        "共通ID": "E3310000277111",
        "施設・場所名": "北ふれあいセンター",
        "住所": "岡山県岡山市北区谷万成2-6-33",
        "指定緊急避難場所との住所同一": "1",
        "その他市町村長が必要と認める事項": null,
        "受入対象者": null,
        "備考": ""
      }
    },
    {
      "type": "Feature",
      "geometry": {
        "type": "Point",
        "coordinates": [
          133.929816,
          34.683279
        ]
      },
      "properties": {
        "NO": "296",
        "共通ID": "E3310000278111",
        "施設・場所名": "御野小学校",
        "住所": "岡山県岡山市北区中井町1-6-34",
        "指定緊急避難場所との住所同一": "1",
        "その他市町村長が必要と認める事項": null,
        "受入対象者": null,
        "備考": ""
      }
    },
    {
      "type": "Feature",
      "geometry": {
        "type": "Point",
        "coordinates": [
          133.928019,
          34.658805
        ]
      },
      "properties": {
        "NO": "297",
        "共通ID": "E3310000279111",
        "施設・場所名": "深柢コミュニティハウス",
        "住所": "岡山県岡山市北区中山下2-6-50",
        "指定緊急避難場所との住所同一": "1",
        "その他市町村長が必要と認める事項": null,
        "受入対象者": null,
        "備考": ""
      }
    },
    {
      "type": "Feature",
      "geometry": {
        "type": "Point",
        "coordinates": [
          133.887412,
          34.645535
        ]
      },
      "properties": {
        "NO": "298",
        "共通ID": "E3310000280111",
        "施設・場所名": "西小学校",
        "住所": "岡山県岡山市北区中仙道1-18-20",
        "指定緊急避難場所との住所同一": "1",
        "その他市町村長が必要と認める事項": null,
        "受入対象者": null,
        "備考": ""
      }
    },
    {
      "type": "Feature",
      "geometry": {
        "type": "Point",
        "coordinates": [
          133.960298,
          34.762519
        ]
      },
      "properties": {
        "NO": "299",
        "共通ID": "E3310000281111",
        "施設・場所名": "牧山コミュニティハウス",
        "住所": "岡山県岡山市北区中牧453",
        "指定緊急避難場所との住所同一": "1",
        "その他市町村長が必要と認める事項": null,
        "受入対象者": null,
        "備考": ""
      }
    },
    {
      "type": "Feature",
      "geometry": {
        "type": "Point",
        "coordinates": [
          133.959588,
          34.762706
        ]
      },
      "properties": {
        "NO": "300",
        "共通ID": "E3310000282111",
        "施設・場所名": "ラポート牧山",
        "住所": "岡山県岡山市北区中牧457",
        "指定緊急避難場所との住所同一": "",
        "その他市町村長が必要と認める事項": null,
        "受入対象者": null,
        "備考": ""
      }
    },
    {
      "type": "Feature",
      "geometry": {
        "type": "Point",
        "coordinates": [
          133.815998,
          34.682941
        ]
      },
      "properties": {
        "NO": "301",
        "共通ID": "E3310000283111",
        "施設・場所名": "高松公民館",
        "住所": "岡山県岡山市北区津寺104",
        "指定緊急避難場所との住所同一": "1",
        "その他市町村長が必要と認める事項": null,
        "受入対象者": null,
        "備考": ""
      }
    },
    {
      "type": "Feature",
      "geometry": {
        "type": "Point",
        "coordinates": [
          133.82211,
          34.674873
        ]
      },
      "properties": {
        "NO": "302",
        "共通ID": "E3310000284111",
        "施設・場所名": "加茂小学校",
        "住所": "岡山県岡山市北区津寺517",
        "指定緊急避難場所との住所同一": "1",
        "その他市町村長が必要と認める事項": null,
        "受入対象者": null,
        "備考": ""
      }
    },
    {
      "type": "Feature",
      "geometry": {
        "type": "Point",
        "coordinates": [
          133.901196,
          34.680806
        ]
      },
      "properties": {
        "NO": "303",
        "共通ID": "E3310000285111",
        "施設・場所名": "京山中学校",
        "住所": "岡山県岡山市北区津島京町1-7-1",
        "指定緊急避難場所との住所同一": "1",
        "その他市町村長が必要と認める事項": null,
        "受入対象者": null,
        "備考": ""
      }
    },
    {
      "type": "Feature",
      "geometry": {
        "type": "Point",
        "coordinates": [
          133.927659,
          34.686902
        ]
      },
      "properties": {
        "NO": "304",
        "共通ID": "E3310000287111",
        "施設・場所名": "岡北中学校",
        "住所": "岡山県岡山市北区津島東1-1-1",
        "指定緊急避難場所との住所同一": "1",
        "その他市町村長が必要と認める事項": null,
        "受入対象者": null,
        "備考": ""
      }
    },
    {
      "type": "Feature",
      "geometry": {
        "type": "Point",
        "coordinates": [
          133.928619,
          34.687362
        ]
      },
      "properties": {
        "NO": "305",
        "共通ID": "E3310000288111",
        "施設・場所名": "北公民館",
        "住所": "岡山県岡山市北区津島東1-3-14",
        "指定緊急避難場所との住所同一": "1",
        "その他市町村長が必要と認める事項": null,
        "受入対象者": null,
        "備考": ""
      }
    },
    {
      "type": "Feature",
      "geometry": {
        "type": "Point",
        "coordinates": [
          133.910879,
          34.689936
        ]
      },
      "properties": {
        "NO": "306",
        "共通ID": "E3310000289111",
        "施設・場所名": "津島コミュニティハウス",
        "住所": "岡山県岡山市北区津島本町17-8",
        "指定緊急避難場所との住所同一": "1",
        "その他市町村長が必要と認める事項": null,
        "受入対象者": null,
        "備考": ""
      }
    },
    {
      "type": "Feature",
      "geometry": {
        "type": "Point",
        "coordinates": [
          133.908754,
          34.69011
        ]
      },
      "properties": {
        "NO": "307",
        "共通ID": "E3310000290111",
        "施設・場所名": "津島小学校",
        "住所": "岡山県岡山市北区津島本町19-1",
        "指定緊急避難場所との住所同一": "1",
        "その他市町村長が必要と認める事項": null,
        "受入対象者": null,
        "備考": ""
      }
    },
    {
      "type": "Feature",
      "geometry": {
        "type": "Point",
        "coordinates": [
          133.850581,
          34.649569
        ]
      },
      "properties": {
        "NO": "308",
        "共通ID": "E3310000291111",
        "施設・場所名": "吉備中学校",
        "住所": "岡山県岡山市北区庭瀬103",
        "指定緊急避難場所との住所同一": "1",
        "その他市町村長が必要と認める事項": null,
        "受入対象者": null,
        "備考": ""
      }
    },
    {
      "type": "Feature",
      "geometry": {
        "type": "Point",
        "coordinates": [
          133.850316,
          34.647584
        ]
      },
      "properties": {
        "NO": "309",
        "共通ID": "E3310000292111",
        "施設・場所名": "吉備小学校",
        "住所": "岡山県岡山市北区庭瀬256",
        "指定緊急避難場所との住所同一": "1",
        "その他市町村長が必要と認める事項": null,
        "受入対象者": null,
        "備考": ""
      }
    },
    {
      "type": "Feature",
      "geometry": {
        "type": "Point",
        "coordinates": [
          133.847267,
          34.646837
        ]
      },
      "properties": {
        "NO": "310",
        "共通ID": "E3310000293111",
        "施設・場所名": "吉備公民館",
        "住所": "岡山県岡山市北区庭瀬416",
        "指定緊急避難場所との住所同一": "1",
        "その他市町村長が必要と認める事項": null,
        "受入対象者": null,
        "備考": ""
      }
    },
    {
      "type": "Feature",
      "geometry": {
        "type": "Point",
        "coordinates": [
          133.90334,
          34.710398
        ]
      },
      "properties": {
        "NO": "311",
        "共通ID": "E3310000294111",
        "施設・場所名": "横井コミュニティハウス",
        "住所": "岡山県岡山市北区田益1575-7",
        "指定緊急避難場所との住所同一": "1",
        "その他市町村長が必要と認める事項": null,
        "受入対象者": null,
        "備考": ""
      }
    },
    {
      "type": "Feature",
      "geometry": {
        "type": "Point",
        "coordinates": [
          133.879173,
          34.641543
        ]
      },
      "properties": {
        "NO": "312",
        "共通ID": "E3310000295111",
        "施設・場所名": "御南西公民館",
        "住所": "岡山県岡山市北区田中157-110",
        "指定緊急避難場所との住所同一": "1",
        "その他市町村長が必要と認める事項": null,
        "受入対象者": null,
        "備考": ""
      }
    },
    {
      "type": "Feature",
      "geometry": {
        "type": "Point",
        "coordinates": [
          133.880758,
          34.636729
        ]
      },
      "properties": {
        "NO": "313",
        "共通ID": "E3310000296111",
        "施設・場所名": "岡山県立岡山西支援学校",
        "住所": "岡山県岡山市北区田中579",
        "指定緊急避難場所との住所同一": "1",
        "その他市町村長が必要と認める事項": null,
        "受入対象者": null,
        "備考": ""
      }
    },
    {
      "type": "Feature",
      "geometry": {
        "type": "Point",
        "coordinates": [
          133.88018,
          34.637825
        ]
      },
      "properties": {
        "NO": "314",
        "共通ID": "E3310000297111",
        "施設・場所名": "御南中学校",
        "住所": "岡山県岡山市北区田中581",
        "指定緊急避難場所との住所同一": "1",
        "その他市町村長が必要と認める事項": null,
        "受入対象者": null,
        "備考": ""
      }
    },
    {
      "type": "Feature",
      "geometry": {
        "type": "Point",
        "coordinates": [
          133.862919,
          34.652839
        ]
      },
      "properties": {
        "NO": "315",
        "共通ID": "E3310000298111",
        "施設・場所名": "陵南小学校",
        "住所": "岡山県岡山市北区東花尻241-1",
        "指定緊急避難場所との住所同一": "1",
        "その他市町村長が必要と認める事項": null,
        "受入対象者": null,
        "備考": ""
      }
    },
    {
      "type": "Feature",
      "geometry": {
        "type": "Point",
        "coordinates": [
          133.862779,
          34.650834
        ]
      },
      "properties": {
        "NO": "316",
        "共通ID": "E3310000299111",
        "施設・場所名": "陵南コミュニティハウス",
        "住所": "岡山県岡山市北区東花尻266-1",
        "指定緊急避難場所との住所同一": "1",
        "その他市町村長が必要と認める事項": null,
        "受入対象者": null,
        "備考": ""
      }
    },
    {
      "type": "Feature",
      "geometry": {
        "type": "Point",
        "coordinates": [
          133.791063,
          34.780076
        ]
      },
      "properties": {
        "NO": "317",
        "共通ID": "E3310000300111",
        "施設・場所名": "福谷コミュニティハウス",
        "住所": "岡山県岡山市北区東山内541-2",
        "指定緊急避難場所との住所同一": "1",
        "その他市町村長が必要と認める事項": null,
        "受入対象者": null,
        "備考": ""
      }
    },
    {
      "type": "Feature",
      "geometry": {
        "type": "Point",
        "coordinates": [
          133.914071,
          34.657911
        ]
      },
      "properties": {
        "NO": "318",
        "共通ID": "E3310000301111",
        "施設・場所名": "桑田中学校",
        "住所": "岡山県岡山市北区東島田町2-3-35",
        "指定緊急避難場所との住所同一": "1",
        "その他市町村長が必要と認める事項": null,
        "受入対象者": null,
        "備考": ""
      }
    },
    {
      "type": "Feature",
      "geometry": {
        "type": "Point",
        "coordinates": [
          133.890743,
          34.681108
        ]
      },
      "properties": {
        "NO": "319",
        "共通ID": "E3310000302111",
        "施設・場所名": "岡山県立岡山一宮高等学校",
        "住所": "岡山県岡山市北区楢津221",
        "指定緊急避難場所との住所同一": "1",
        "その他市町村長が必要と認める事項": null,
        "受入対象者": null,
        "備考": ""
      }
    },
    {
      "type": "Feature",
      "geometry": {
        "type": "Point",
        "coordinates": [
          133.882693,
          34.681857
        ]
      },
      "properties": {
        "NO": "320",
        "共通ID": "E3310000303111",
        "施設・場所名": "平津コミュニティハウス",
        "住所": "岡山県岡山市北区楢津2211",
        "指定緊急避難場所との住所同一": "1",
        "その他市町村長が必要と認める事項": null,
        "受入対象者": null,
        "備考": ""
      }
    },
    {
      "type": "Feature",
      "geometry": {
        "type": "Point",
        "coordinates": [
          133.878489,
          34.68021
        ]
      },
      "properties": {
        "NO": "321",
        "共通ID": "E3310000304111",
        "施設・場所名": "平津小学校",
        "住所": "岡山県岡山市北区楢津738-1",
        "指定緊急避難場所との住所同一": "1",
        "その他市町村長が必要と認める事項": null,
        "受入対象者": null,
        "備考": ""
      }
    },
    {
      "type": "Feature",
      "geometry": {
        "type": "Point",
        "coordinates": [
          133.923101,
          34.672053
        ]
      },
      "properties": {
        "NO": "322",
        "共通ID": "E3310000305112",
        "施設・場所名": "岡山後楽館中学校",
        "住所": "岡山県岡山市北区南方1-3-15",
        "指定緊急避難場所との住所同一": "1",
        "その他市町村長が必要と認める事項": null,
        "受入対象者": null,
        "備考": ""
      }
    },
    {
      "type": "Feature",
      "geometry": {
        "type": "Point",
        "coordinates": [
          133.9229,
          34.672061
        ]
      },
      "properties": {
        "NO": "323",
        "共通ID": "E3310000305111",
        "施設・場所名": "南方コミュニティハウス",
        "住所": "岡山県岡山市北区南方1-3-15",
        "指定緊急避難場所との住所同一": "1",
        "その他市町村長が必要と認める事項": null,
        "受入対象者": null,
        "備考": ""
      }
    },
    {
      "type": "Feature",
      "geometry": {
        "type": "Point",
        "coordinates": [
          133.929101,
          34.645476
        ]
      },
      "properties": {
        "NO": "324",
        "共通ID": "E3310000306111",
        "施設・場所名": "岡山市障害者体育センター",
        "住所": "岡山県岡山市北区二日市町56",
        "指定緊急避難場所との住所同一": "1",
        "その他市町村長が必要と認める事項": null,
        "受入対象者": null,
        "備考": ""
      }
    },
    {
      "type": "Feature",
      "geometry": {
        "type": "Point",
        "coordinates": [
          133.869298,
          34.768805
        ]
      },
      "properties": {
        "NO": "325",
        "共通ID": "E3310000307111",
        "施設・場所名": "少年自然の家",
        "住所": "岡山県岡山市北区日応寺4",
        "指定緊急避難場所との住所同一": "1",
        "その他市町村長が必要と認める事項": null,
        "受入対象者": null,
        "備考": ""
      }
    },
    {
      "type": "Feature",
      "geometry": {
        "type": "Point",
        "coordinates": [
          133.933302,
          34.696513
        ]
      },
      "properties": {
        "NO": "326",
        "共通ID": "E3310000308111",
        "施設・場所名": "三軒屋ふれあい会館",
        "住所": "岡山県岡山市北区半田町7-5",
        "指定緊急避難場所との住所同一": "1",
        "その他市町村長が必要と認める事項": null,
        "受入対象者": null,
        "備考": ""
      }
    },
    {
      "type": "Feature",
      "geometry": {
        "type": "Point",
        "coordinates": [
          133.929147,
          34.674475
        ]
      },
      "properties": {
        "NO": "327",
        "共通ID": "E3310000309111",
        "施設・場所名": "弘西コミュニティハウス",
        "住所": "岡山県岡山市北区番町2-11-20",
        "指定緊急避難場所との住所同一": "1",
        "その他市町村長が必要と認める事項": null,
        "受入対象者": null,
        "備考": ""
      }
    },
    {
      "type": "Feature",
      "geometry": {
        "type": "Point",
        "coordinates": [
          133.927313,
          34.668565
        ]
      },
      "properties": {
        "NO": "328",
        "共通ID": "E3310000310111",
        "施設・場所名": "岡山中央中学校",
        "住所": "岡山県岡山市北区蕃山町6-10",
        "指定緊急避難場所との住所同一": "1",
        "その他市町村長が必要と認める事項": null,
        "受入対象者": null,
        "備考": ""
      }
    },
    {
      "type": "Feature",
      "geometry": {
        "type": "Point",
        "coordinates": [
          133.929489,
          34.665413
        ]
      },
      "properties": {
        "NO": "329",
        "共通ID": "E3310000323112",
        "施設・場所名": "岡山シンフォニーホール",
        "住所": "岡山県岡山市北区表町1-5-1",
        "指定緊急避難場所との住所同一": "1",
        "その他市町村長が必要と認める事項": "",
        "受入対象者": "",
        "備考": ""
      }
    },
    {
      "type": "Feature",
      "geometry": {
        "type": "Point",
        "coordinates": [
          133.930099,
          34.660198
        ]
      },
      "properties": {
        "NO": "330",
        "共通ID": "E3310000311111",
        "施設・場所名": "内山下コミュニティハウス",
        "住所": "岡山県岡山市北区表町2-4-55",
        "指定緊急避難場所との住所同一": "1",
        "その他市町村長が必要と認める事項": null,
        "受入対象者": null,
        "備考": ""
      }
    },
    {
      "type": "Feature",
      "geometry": {
        "type": "Point",
        "coordinates": [
          133.92952,
          34.656452
        ]
      },
      "properties": {
        "NO": "331",
        "共通ID": "E3310000324111",
        "施設・場所名": "岡山芸術創造劇場　ハレノワ",
        "住所": "岡山県岡山市北区表町3-11-50",
        "指定緊急避難場所との住所同一": "1",
        "その他市町村長が必要と認める事項": "",
        "受入対象者": "",
        "備考": ""
      }
    },
    {
      "type": "Feature",
      "geometry": {
        "type": "Point",
        "coordinates": [
          133.856156,
          34.744524
        ]
      },
      "properties": {
        "NO": "332",
        "共通ID": "E3310000312111",
        "施設・場所名": "馬屋上小学校",
        "住所": "岡山県岡山市北区富吉2944-2",
        "指定緊急避難場所との住所同一": "1",
        "その他市町村長が必要と認める事項": null,
        "受入対象者": null,
        "備考": ""
      }
    },
    {
      "type": "Feature",
      "geometry": {
        "type": "Point",
        "coordinates": [
          133.86765,
          34.732586
        ]
      },
      "properties": {
        "NO": "333",
        "共通ID": "E3310000313111",
        "施設・場所名": "馬屋上コミュニティハウス",
        "住所": "岡山県岡山市北区富吉996-5",
        "指定緊急避難場所との住所同一": "1",
        "その他市町村長が必要と認める事項": null,
        "受入対象者": null,
        "備考": ""
      }
    },
    {
      "type": "Feature",
      "geometry": {
        "type": "Point",
        "coordinates": [
          133.932067,
          34.691803
        ]
      },
      "properties": {
        "NO": "334",
        "共通ID": "E3310000314111",
        "施設・場所名": "半田山植物園",
        "住所": "岡山県岡山市北区法界院3-1",
        "指定緊急避難場所との住所同一": "1",
        "その他市町村長が必要と認める事項": null,
        "受入対象者": null,
        "備考": ""
      }
    },
    {
      "type": "Feature",
      "geometry": {
        "type": "Point",
        "coordinates": [
          133.875906,
          34.707347
        ]
      },
      "properties": {
        "NO": "335",
        "共通ID": "E3310000315111",
        "施設・場所名": "桃丘小学校",
        "住所": "岡山県岡山市北区芳賀5111-22",
        "指定緊急避難場所との住所同一": "1",
        "その他市町村長が必要と認める事項": null,
        "受入対象者": null,
        "備考": ""
      }
    },
    {
      "type": "Feature",
      "geometry": {
        "type": "Point",
        "coordinates": [
          133.875341,
          34.703407
        ]
      },
      "properties": {
        "NO": "336",
        "共通ID": "E3310000316111",
        "施設・場所名": "桃丘コミュニティハウス",
        "住所": "岡山県岡山市北区芳賀5114-89",
        "指定緊急避難場所との住所同一": "1",
        "その他市町村長が必要と認める事項": null,
        "受入対象者": null,
        "備考": ""
      }
    },
    {
      "type": "Feature",
      "geometry": {
        "type": "Point",
        "coordinates": [
          133.883037,
          34.655921
        ]
      },
      "properties": {
        "NO": "337",
        "共通ID": "E3310000317111",
        "施設・場所名": "岡山県立岡山大安寺中等教育学校",
        "住所": "岡山県岡山市北区北長瀬本町19-34",
        "指定緊急避難場所との住所同一": "1",
        "その他市町村長が必要と認める事項": null,
        "受入対象者": null,
        "備考": ""
      }
    },
    {
      "type": "Feature",
      "geometry": {
        "type": "Point",
        "coordinates": [
          133.977952,
          34.724584
        ]
      },
      "properties": {
        "NO": "338",
        "共通ID": "E3310000318111",
        "施設・場所名": "北公民館　牟佐分館",
        "住所": "岡山県岡山市北区牟佐1013-2",
        "指定緊急避難場所との住所同一": "",
        "その他市町村長が必要と認める事項": null,
        "受入対象者": null,
        "備考": ""
      }
    },
    {
      "type": "Feature",
      "geometry": {
        "type": "Point",
        "coordinates": [
          133.877335,
          34.664258
        ]
      },
      "properties": {
        "NO": "339",
        "共通ID": "E3310000325111",
        "施設・場所名": "野山武道館",
        "住所": "岡山県岡山市北区野殿西町1650",
        "指定緊急避難場所との住所同一": "",
        "その他市町村長が必要と認める事項": "",
        "受入対象者": "",
        "備考": ""
      }
    },
    {
      "type": "Feature",
      "geometry": {
        "type": "Point",
        "coordinates": [
          133.459009,
          34.53099
        ]
      },
      "properties": {
        "NO": "340",
        "共通ID": "E3320500001111",
        "施設・場所名": "市立陶山小学校",
        "住所": "岡山県笠岡市押撫910-3",
        "指定緊急避難場所との住所同一": "1",
        "その他市町村長が必要と認める事項": null,
        "受入対象者": null,
        "備考": ""
      }
    },
    {
      "type": "Feature",
      "geometry": {
        "type": "Point",
        "coordinates": [
          133.459243,
          34.529717
        ]
      },
      "properties": {
        "NO": "341",
        "共通ID": "E3320500002111",
        "施設・場所名": "陶山公民館",
        "住所": "岡山県笠岡市押撫914",
        "指定緊急避難場所との住所同一": "1",
        "その他市町村長が必要と認める事項": null,
        "受入対象者": null,
        "備考": ""
      }
    },
    {
      "type": "Feature",
      "geometry": {
        "type": "Point",
        "coordinates": [
          133.524613,
          34.482989
        ]
      },
      "properties": {
        "NO": "342",
        "共通ID": "E3320500003111",
        "施設・場所名": "市立横江幼稚園",
        "住所": "岡山県笠岡市横島1388-1",
        "指定緊急避難場所との住所同一": "1",
        "その他市町村長が必要と認める事項": null,
        "受入対象者": null,
        "備考": ""
      }
    },
    {
      "type": "Feature",
      "geometry": {
        "type": "Point",
        "coordinates": [
          133.526836,
          34.486493
        ]
      },
      "properties": {
        "NO": "343",
        "共通ID": "E3320500004111",
        "施設・場所名": "県立笠岡工業高校",
        "住所": "岡山県笠岡市横島808",
        "指定緊急避難場所との住所同一": "1",
        "その他市町村長が必要と認める事項": null,
        "受入対象者": null,
        "備考": ""
      }
    },
    {
      "type": "Feature",
      "geometry": {
        "type": "Point",
        "coordinates": [
          133.508432,
          34.506774
        ]
      },
      "properties": {
        "NO": "344",
        "共通ID": "E3320500005111",
        "施設・場所名": "笠岡市中央公民館",
        "住所": "岡山県笠岡市笠岡1866-1",
        "指定緊急避難場所との住所同一": "1",
        "その他市町村長が必要と認める事項": null,
        "受入対象者": null,
        "備考": ""
      }
    },
    {
      "type": "Feature",
      "geometry": {
        "type": "Point",
        "coordinates": [
          133.508499,
          34.508116
        ]
      },
      "properties": {
        "NO": "345",
        "共通ID": "E3320500006112",
        "施設・場所名": "市立笠岡小学校",
        "住所": "岡山県笠岡市笠岡1870",
        "指定緊急避難場所との住所同一": "1",
        "その他市町村長が必要と認める事項": null,
        "受入対象者": null,
        "備考": ""
      }
    },
    {
      "type": "Feature",
      "geometry": {
        "type": "Point",
        "coordinates": [
          133.509788,
          34.512908
        ]
      },
      "properties": {
        "NO": "346",
        "共通ID": "E3320500007111",
        "施設・場所名": "県立笠岡高校",
        "住所": "岡山県笠岡市笠岡3073-2",
        "指定緊急避難場所との住所同一": "1",
        "その他市町村長が必要と認める事項": null,
        "受入対象者": null,
        "備考": ""
      }
    },
    {
      "type": "Feature",
      "geometry": {
        "type": "Point",
        "coordinates": [
          133.51077,
          34.511004
        ]
      },
      "properties": {
        "NO": "347",
        "共通ID": "E3320500008111",
        "施設・場所名": "県立笠岡商業高校",
        "住所": "岡山県笠岡市笠岡3203",
        "指定緊急避難場所との住所同一": "1",
        "その他市町村長が必要と認める事項": null,
        "受入対象者": null,
        "備考": ""
      }
    },
    {
      "type": "Feature",
      "geometry": {
        "type": "Point",
        "coordinates": [
          133.515096,
          34.519418
        ]
      },
      "properties": {
        "NO": "348",
        "共通ID": "E3320500009111",
        "施設・場所名": "市立笠岡西中学校",
        "住所": "岡山県笠岡市笠岡3797",
        "指定緊急避難場所との住所同一": "1",
        "その他市町村長が必要と認める事項": null,
        "受入対象者": null,
        "備考": ""
      }
    },
    {
      "type": "Feature",
      "geometry": {
        "type": "Point",
        "coordinates": [
          133.510806,
          34.50609
        ]
      },
      "properties": {
        "NO": "349",
        "共通ID": "E3320500010111",
        "施設・場所名": "岡山龍谷高校",
        "住所": "岡山県笠岡市笠岡874",
        "指定緊急避難場所との住所同一": "1",
        "その他市町村長が必要と認める事項": null,
        "受入対象者": null,
        "備考": ""
      }
    },
    {
      "type": "Feature",
      "geometry": {
        "type": "Point",
        "coordinates": [
          133.526899,
          34.551851
        ]
      },
      "properties": {
        "NO": "350",
        "共通ID": "E3320500011111",
        "施設・場所名": "吉田文化会館",
        "住所": "岡山県笠岡市吉田2169-3",
        "指定緊急避難場所との住所同一": "1",
        "その他市町村長が必要と認める事項": null,
        "受入対象者": null,
        "備考": ""
      }
    },
    {
      "type": "Feature",
      "geometry": {
        "type": "Point",
        "coordinates": [
          133.526017,
          34.549472
        ]
      },
      "properties": {
        "NO": "351",
        "共通ID": "E3320500012111",
        "施設・場所名": "吉田公民館",
        "住所": "岡山県笠岡市吉田2223-2",
        "指定緊急避難場所との住所同一": "1",
        "その他市町村長が必要と認める事項": null,
        "受入対象者": null,
        "備考": ""
      }
    },
    {
      "type": "Feature",
      "geometry": {
        "type": "Point",
        "coordinates": [
          133.528366,
          34.549137
        ]
      },
      "properties": {
        "NO": "352",
        "共通ID": "E3320500014111",
        "施設・場所名": "市立吉田小学校",
        "住所": "岡山県笠岡市吉田2383-1",
        "指定緊急避難場所との住所同一": "1",
        "その他市町村長が必要と認める事項": "",
        "受入対象者": "",
        "備考": ""
      }
    },
    {
      "type": "Feature",
      "geometry": {
        "type": "Point",
        "coordinates": [
          133.48152,
          34.520233
        ]
      },
      "properties": {
        "NO": "353",
        "共通ID": "E3320500015111",
        "施設・場所名": "市立金浦中学校",
        "住所": "岡山県笠岡市吉浜1830-2",
        "指定緊急避難場所との住所同一": "1",
        "その他市町村長が必要と認める事項": null,
        "受入対象者": null,
        "備考": ""
      }
    },
    {
      "type": "Feature",
      "geometry": {
        "type": "Point",
        "coordinates": [
          133.485717,
          34.516836
        ]
      },
      "properties": {
        "NO": "354",
        "共通ID": "E3320500016111",
        "施設・場所名": "市立金浦小学校",
        "住所": "岡山県笠岡市吉浜2214-3",
        "指定緊急避難場所との住所同一": "1",
        "その他市町村長が必要と認める事項": null,
        "受入対象者": null,
        "備考": ""
      }
    },
    {
      "type": "Feature",
      "geometry": {
        "type": "Point",
        "coordinates": [
          133.490629,
          34.51165
        ]
      },
      "properties": {
        "NO": "355",
        "共通ID": "E3320500017111",
        "施設・場所名": "ようすな会館",
        "住所": "岡山県笠岡市金浦1566-1",
        "指定緊急避難場所との住所同一": "1",
        "その他市町村長が必要と認める事項": null,
        "受入対象者": null,
        "備考": ""
      }
    },
    {
      "type": "Feature",
      "geometry": {
        "type": "Point",
        "coordinates": [
          133.539892,
          34.592721
        ]
      },
      "properties": {
        "NO": "356",
        "共通ID": "E3320500018111",
        "施設・場所名": "組合立小北中学校",
        "住所": "岡山県笠岡市甲弩1810-3",
        "指定緊急避難場所との住所同一": "1",
        "その他市町村長が必要と認める事項": null,
        "受入対象者": null,
        "備考": ""
      }
    },
    {
      "type": "Feature",
      "geometry": {
        "type": "Point",
        "coordinates": [
          133.506194,
          34.431289
        ]
      },
      "properties": {
        "NO": "357",
        "共通ID": "E3320500019111",
        "施設・場所名": "高島公民館",
        "住所": "岡山県笠岡市高島4764-1",
        "指定緊急避難場所との住所同一": "1",
        "その他市町村長が必要と認める事項": null,
        "受入対象者": null,
        "備考": ""
      }
    },
    {
      "type": "Feature",
      "geometry": {
        "type": "Point",
        "coordinates": [
          133.531045,
          34.521303
        ]
      },
      "properties": {
        "NO": "358",
        "共通ID": "E3320500020111",
        "施設・場所名": "今井公民館",
        "住所": "岡山県笠岡市今立2587-1",
        "指定緊急避難場所との住所同一": "1",
        "その他市町村長が必要と認める事項": null,
        "受入対象者": null,
        "備考": ""
      }
    },
    {
      "type": "Feature",
      "geometry": {
        "type": "Point",
        "coordinates": [
          133.52887,
          34.527552
        ]
      },
      "properties": {
        "NO": "359",
        "共通ID": "E3320500021111",
        "施設・場所名": "市立今井小学校",
        "住所": "岡山県笠岡市今立30",
        "指定緊急避難場所との住所同一": "1",
        "その他市町村長が必要と認める事項": null,
        "受入対象者": null,
        "備考": ""
      }
    },
    {
      "type": "Feature",
      "geometry": {
        "type": "Point",
        "coordinates": [
          133.530661,
          34.570555
        ]
      },
      "properties": {
        "NO": "360",
        "共通ID": "E3320500022111",
        "施設・場所名": "市立新山小学校",
        "住所": "岡山県笠岡市山口2966-1",
        "指定緊急避難場所との住所同一": "1",
        "その他市町村長が必要と認める事項": null,
        "受入対象者": null,
        "備考": ""
      }
    },
    {
      "type": "Feature",
      "geometry": {
        "type": "Point",
        "coordinates": [
          133.530341,
          34.569691
        ]
      },
      "properties": {
        "NO": "361",
        "共通ID": "E3320500023111",
        "施設・場所名": "新山公民館",
        "住所": "岡山県笠岡市山口3258",
        "指定緊急避難場所との住所同一": "1",
        "その他市町村長が必要と認める事項": null,
        "受入対象者": null,
        "備考": ""
      }
    },
    {
      "type": "Feature",
      "geometry": {
        "type": "Point",
        "coordinates": [
          133.529395,
          34.566751
        ]
      },
      "properties": {
        "NO": "362",
        "共通ID": "E3320500024111",
        "施設・場所名": "市立新吉中学校",
        "住所": "岡山県笠岡市山口3341",
        "指定緊急避難場所との住所同一": "1",
        "その他市町村長が必要と認める事項": null,
        "受入対象者": null,
        "備考": ""
      }
    },
    {
      "type": "Feature",
      "geometry": {
        "type": "Point",
        "coordinates": [
          133.503026,
          34.538374
        ]
      },
      "properties": {
        "NO": "363",
        "共通ID": "E3320500025111",
        "施設・場所名": "大井公民館",
        "住所": "岡山県笠岡市小平井2203-2",
        "指定緊急避難場所との住所同一": "1",
        "その他市町村長が必要と認める事項": null,
        "受入対象者": null,
        "備考": ""
      }
    },
    {
      "type": "Feature",
      "geometry": {
        "type": "Point",
        "coordinates": [
          133.577121,
          34.355533
        ]
      },
      "properties": {
        "NO": "364",
        "共通ID": "E3320500026111",
        "施設・場所名": "真鍋島ふるさとふれあいセンター",
        "住所": "岡山県笠岡市真鍋島4006-2",
        "指定緊急避難場所との住所同一": "1",
        "その他市町村長が必要と認める事項": null,
        "受入対象者": null,
        "備考": ""
      }
    },
    {
      "type": "Feature",
      "geometry": {
        "type": "Point",
        "coordinates": [
          133.579175,
          34.354785
        ]
      },
      "properties": {
        "NO": "365",
        "共通ID": "E3320500027111",
        "施設・場所名": "本浦公会堂",
        "住所": "岡山県笠岡市真鍋島4093",
        "指定緊急避難場所との住所同一": "1",
        "その他市町村長が必要と認める事項": null,
        "受入対象者": null,
        "備考": ""
      }
    },
    {
      "type": "Feature",
      "geometry": {
        "type": "Point",
        "coordinates": [
          133.578259,
          34.353233
        ]
      },
      "properties": {
        "NO": "366",
        "共通ID": "E3320500028111",
        "施設・場所名": "市立真鍋小学校",
        "住所": "岡山県笠岡市真鍋島4230",
        "指定緊急避難場所との住所同一": "1",
        "その他市町村長が必要と認める事項": null,
        "受入対象者": null,
        "備考": ""
      }
    },
    {
      "type": "Feature",
      "geometry": {
        "type": "Point",
        "coordinates": [
          133.57791,
          34.352945
        ]
      },
      "properties": {
        "NO": "367",
        "共通ID": "E3320500029111",
        "施設・場所名": "市立真鍋中学校",
        "住所": "岡山県笠岡市真鍋島4240",
        "指定緊急避難場所との住所同一": "1",
        "その他市町村長が必要と認める事項": null,
        "受入対象者": null,
        "備考": ""
      }
    },
    {
      "type": "Feature",
      "geometry": {
        "type": "Point",
        "coordinates": [
          133.584816,
          34.361964
        ]
      },
      "properties": {
        "NO": "368",
        "共通ID": "E3320500030111",
        "施設・場所名": "岩坪会館",
        "住所": "岡山県笠岡市真鍋島457-1",
        "指定緊急避難場所との住所同一": "1",
        "その他市町村長が必要と認める事項": null,
        "受入対象者": null,
        "備考": ""
      }
    },
    {
      "type": "Feature",
      "geometry": {
        "type": "Point",
        "coordinates": [
          133.515724,
          34.474856
        ]
      },
      "properties": {
        "NO": "369",
        "共通ID": "E3320500031111",
        "施設・場所名": "市立神内小学校",
        "住所": "岡山県笠岡市神島3984",
        "指定緊急避難場所との住所同一": "1",
        "その他市町村長が必要と認める事項": null,
        "受入対象者": null,
        "備考": ""
      }
    },
    {
      "type": "Feature",
      "geometry": {
        "type": "Point",
        "coordinates": [
          133.517471,
          34.474629
        ]
      },
      "properties": {
        "NO": "370",
        "共通ID": "E3320500032111",
        "施設・場所名": "神島公民館",
        "住所": "岡山県笠岡市神島4136",
        "指定緊急避難場所との住所同一": "1",
        "その他市町村長が必要と認める事項": null,
        "受入対象者": null,
        "備考": ""
      }
    },
    {
      "type": "Feature",
      "geometry": {
        "type": "Point",
        "coordinates": [
          133.514809,
          34.451193
        ]
      },
      "properties": {
        "NO": "371",
        "共通ID": "E3320500034111",
        "施設・場所名": "市立神島外中学校",
        "住所": "岡山県笠岡市神島外浦1555",
        "指定緊急避難場所との住所同一": "1",
        "その他市町村長が必要と認める事項": null,
        "受入対象者": null,
        "備考": ""
      }
    },
    {
      "type": "Feature",
      "geometry": {
        "type": "Point",
        "coordinates": [
          133.513988,
          34.451008
        ]
      },
      "properties": {
        "NO": "372",
        "共通ID": "E3320500035111",
        "施設・場所名": "神島外公民館",
        "住所": "岡山県笠岡市神島外浦1636-1",
        "指定緊急避難場所との住所同一": "1",
        "その他市町村長が必要と認める事項": null,
        "受入対象者": null,
        "備考": ""
      }
    },
    {
      "type": "Feature",
      "geometry": {
        "type": "Point",
        "coordinates": [
          133.513937,
          34.450335
        ]
      },
      "properties": {
        "NO": "373",
        "共通ID": "E3320500036111",
        "施設・場所名": "市立神島外小学校",
        "住所": "岡山県笠岡市神島外浦1667-1",
        "指定緊急避難場所との住所同一": "1",
        "その他市町村長が必要と認める事項": null,
        "受入対象者": null,
        "備考": ""
      }
    },
    {
      "type": "Feature",
      "geometry": {
        "type": "Point",
        "coordinates": [
          133.486898,
          34.511333
        ]
      },
      "properties": {
        "NO": "374",
        "共通ID": "E3320500037111",
        "施設・場所名": "金浦公民館",
        "住所": "岡山県笠岡市生江浜2066",
        "指定緊急避難場所との住所同一": "1",
        "その他市町村長が必要と認める事項": null,
        "受入対象者": null,
        "備考": ""
      }
    },
    {
      "type": "Feature",
      "geometry": {
        "type": "Point",
        "coordinates": [
          133.534334,
          34.483417
        ]
      },
      "properties": {
        "NO": "375",
        "共通ID": "E3320500038111",
        "施設・場所名": "市立大島小学校",
        "住所": "岡山県笠岡市西大島3935",
        "指定緊急避難場所との住所同一": "1",
        "その他市町村長が必要と認める事項": null,
        "受入対象者": null,
        "備考": ""
      }
    },
    {
      "type": "Feature",
      "geometry": {
        "type": "Point",
        "coordinates": [
          133.530682,
          34.49573
        ]
      },
      "properties": {
        "NO": "376",
        "共通ID": "E3320500039111",
        "施設・場所名": "市立笠岡東中学校",
        "住所": "岡山県笠岡市西大島新田15-3",
        "指定緊急避難場所との住所同一": "1",
        "その他市町村長が必要と認める事項": null,
        "受入対象者": null,
        "備考": ""
      }
    },
    {
      "type": "Feature",
      "geometry": {
        "type": "Point",
        "coordinates": [
          133.538859,
          34.592489
        ]
      },
      "properties": {
        "NO": "377",
        "共通ID": "E3320500040111",
        "施設・場所名": "北川公民館",
        "住所": "岡山県笠岡市走出4053-5",
        "指定緊急避難場所との住所同一": "1",
        "その他市町村長が必要と認める事項": null,
        "受入対象者": null,
        "備考": ""
      }
    },
    {
      "type": "Feature",
      "geometry": {
        "type": "Point",
        "coordinates": [
          133.537416,
          34.595288
        ]
      },
      "properties": {
        "NO": "378",
        "共通ID": "E3320500041111",
        "施設・場所名": "市立北川小学校",
        "住所": "岡山県笠岡市走出4102-1",
        "指定緊急避難場所との住所同一": "1",
        "その他市町村長が必要と認める事項": null,
        "受入対象者": null,
        "備考": ""
      }
    },
    {
      "type": "Feature",
      "geometry": {
        "type": "Point",
        "coordinates": [
          133.562271,
          34.46902
        ]
      },
      "properties": {
        "NO": "379",
        "共通ID": "E3320500042111",
        "施設・場所名": "旧市立大島東小学校",
        "住所": "岡山県笠岡市大島中2553-1",
        "指定緊急避難場所との住所同一": "1",
        "その他市町村長が必要と認める事項": "",
        "受入対象者": "",
        "備考": ""
      }
    },
    {
      "type": "Feature",
      "geometry": {
        "type": "Point",
        "coordinates": [
          133.552471,
          34.482793
        ]
      },
      "properties": {
        "NO": "380",
        "共通ID": "E3320500043111",
        "施設・場所名": "大島公民館",
        "住所": "岡山県笠岡市大島中7264",
        "指定緊急避難場所との住所同一": "1",
        "その他市町村長が必要と認める事項": null,
        "受入対象者": null,
        "備考": ""
      }
    },
    {
      "type": "Feature",
      "geometry": {
        "type": "Point",
        "coordinates": [
          133.555444,
          34.48184
        ]
      },
      "properties": {
        "NO": "381",
        "共通ID": "E3320500044111",
        "施設・場所名": "市立大島中学校",
        "住所": "岡山県笠岡市大島中7291-1",
        "指定緊急避難場所との住所同一": "1",
        "その他市町村長が必要と認める事項": null,
        "受入対象者": null,
        "備考": ""
      }
    },
    {
      "type": "Feature",
      "geometry": {
        "type": "Point",
        "coordinates": [
          133.502481,
          34.539669
        ]
      },
      "properties": {
        "NO": "382",
        "共通ID": "E3320500045111",
        "施設・場所名": "市立大井小学校",
        "住所": "岡山県笠岡市東大戸410-2",
        "指定緊急避難場所との住所同一": "1",
        "その他市町村長が必要と認める事項": null,
        "受入対象者": null,
        "備考": ""
      }
    },
    {
      "type": "Feature",
      "geometry": {
        "type": "Point",
        "coordinates": [
          133.51822,
          34.407332
        ]
      },
      "properties": {
        "NO": "383",
        "共通ID": "E3320500046111",
        "施設・場所名": "笠岡市Ｂ＆Ｇ海洋センター",
        "住所": "岡山県笠岡市白石島2364-6",
        "指定緊急避難場所との住所同一": "1",
        "その他市町村長が必要と認める事項": null,
        "受入対象者": null,
        "備考": ""
      }
    },
    {
      "type": "Feature",
      "geometry": {
        "type": "Point",
        "coordinates": [
          133.519222,
          34.405027
        ]
      },
      "properties": {
        "NO": "384",
        "共通ID": "E3320500047111",
        "施設・場所名": "市立白石中学校",
        "住所": "岡山県笠岡市白石島2482-1",
        "指定緊急避難場所との住所同一": "1",
        "その他市町村長が必要と認める事項": null,
        "受入対象者": null,
        "備考": ""
      }
    },
    {
      "type": "Feature",
      "geometry": {
        "type": "Point",
        "coordinates": [
          133.519168,
          34.404563
        ]
      },
      "properties": {
        "NO": "385",
        "共通ID": "E3320500047112",
        "施設・場所名": "市立白石小学校",
        "住所": "岡山県笠岡市白石島2482-1",
        "指定緊急避難場所との住所同一": "1",
        "その他市町村長が必要と認める事項": null,
        "受入対象者": null,
        "備考": ""
      }
    },
    {
      "type": "Feature",
      "geometry": {
        "type": "Point",
        "coordinates": [
          133.517071,
          34.408093
        ]
      },
      "properties": {
        "NO": "386",
        "共通ID": "E3320500048111",
        "施設・場所名": "白石公民館",
        "住所": "岡山県笠岡市白石島604-1",
        "指定緊急避難場所との住所同一": "1",
        "その他市町村長が必要と認める事項": null,
        "受入対象者": null,
        "備考": ""
      }
    },
    {
      "type": "Feature",
      "geometry": {
        "type": "Point",
        "coordinates": [
          133.520207,
          34.496144
        ]
      },
      "properties": {
        "NO": "387",
        "共通ID": "E3320500049111",
        "施設・場所名": "市立中央小学校",
        "住所": "岡山県笠岡市八番町1-3",
        "指定緊急避難場所との住所同一": "1",
        "その他市町村長が必要と認める事項": null,
        "受入対象者": null,
        "備考": ""
      }
    },
    {
      "type": "Feature",
      "geometry": {
        "type": "Point",
        "coordinates": [
          133.519841,
          34.494531
        ]
      },
      "properties": {
        "NO": "388",
        "共通ID": "E3320500050111",
        "施設・場所名": "市民体育センター",
        "住所": "岡山県笠岡市八番町1-9",
        "指定緊急避難場所との住所同一": "1",
        "その他市町村長が必要と認める事項": null,
        "受入対象者": null,
        "備考": ""
      }
    },
    {
      "type": "Feature",
      "geometry": {
        "type": "Point",
        "coordinates": [
          133.508654,
          34.34239
        ]
      },
      "properties": {
        "NO": "389",
        "共通ID": "E3320500051111",
        "施設・場所名": "旧市立飛島小学校",
        "住所": "岡山県笠岡市飛島5922-1",
        "指定緊急避難場所との住所同一": "1",
        "その他市町村長が必要と認める事項": null,
        "受入対象者": null,
        "備考": ""
      }
    },
    {
      "type": "Feature",
      "geometry": {
        "type": "Point",
        "coordinates": [
          133.509357,
          34.342368
        ]
      },
      "properties": {
        "NO": "390",
        "共通ID": "E3320500052111",
        "施設・場所名": "飛島公民館",
        "住所": "岡山県笠岡市飛島5923-1",
        "指定緊急避難場所との住所同一": "1",
        "その他市町村長が必要と認める事項": null,
        "受入対象者": null,
        "備考": ""
      }
    },
    {
      "type": "Feature",
      "geometry": {
        "type": "Point",
        "coordinates": [
          133.549622,
          34.559538
        ]
      },
      "properties": {
        "NO": "391",
        "共通ID": "E3320500053111",
        "施設・場所名": "市立尾坂幼稚園",
        "住所": "岡山県笠岡市尾坂1986",
        "指定緊急避難場所との住所同一": "1",
        "その他市町村長が必要と認める事項": null,
        "受入対象者": null,
        "備考": ""
      }
    },
    {
      "type": "Feature",
      "geometry": {
        "type": "Point",
        "coordinates": [
          133.519585,
          34.489418
        ]
      },
      "properties": {
        "NO": "392",
        "共通ID": "E3320500054111",
        "施設・場所名": "美の浜会館",
        "住所": "岡山県笠岡市美の浜2-3",
        "指定緊急避難場所との住所同一": "1",
        "その他市町村長が必要と認める事項": null,
        "受入対象者": null,
        "備考": ""
      }
    },
    {
      "type": "Feature",
      "geometry": {
        "type": "Point",
        "coordinates": [
          133.527521,
          34.493715
        ]
      },
      "properties": {
        "NO": "393",
        "共通ID": "E3320500055111",
        "施設・場所名": "笠岡東公民館",
        "住所": "岡山県笠岡市富岡300-3",
        "指定緊急避難場所との住所同一": "1",
        "その他市町村長が必要と認める事項": null,
        "受入対象者": null,
        "備考": ""
      }
    },
    {
      "type": "Feature",
      "geometry": {
        "type": "Point",
        "coordinates": [
          133.524261,
          34.501061
        ]
      },
      "properties": {
        "NO": "394",
        "共通ID": "E3320500056111",
        "施設・場所名": "富岡会館",
        "住所": "岡山県笠岡市富岡849-1",
        "指定緊急避難場所との住所同一": "1",
        "その他市町村長が必要と認める事項": null,
        "受入対象者": null,
        "備考": ""
      }
    },
    {
      "type": "Feature",
      "geometry": {
        "type": "Point",
        "coordinates": [
          133.488265,
          34.502148
        ]
      },
      "properties": {
        "NO": "395",
        "共通ID": "E3320500057111",
        "施設・場所名": "笠岡総合体育館",
        "住所": "岡山県笠岡市平成町63-2",
        "指定緊急避難場所との住所同一": "1",
        "その他市町村長が必要と認める事項": null,
        "受入対象者": null,
        "備考": ""
      }
    },
    {
      "type": "Feature",
      "geometry": {
        "type": "Point",
        "coordinates": [
          133.545599,
          34.376581
        ]
      },
      "properties": {
        "NO": "396",
        "共通ID": "E3320500058111",
        "施設・場所名": "笠岡諸島開発総合センター",
        "住所": "岡山県笠岡市北木島町3802-43",
        "指定緊急避難場所との住所同一": "1",
        "その他市町村長が必要と認める事項": null,
        "受入対象者": null,
        "備考": ""
      }
    },
    {
      "type": "Feature",
      "geometry": {
        "type": "Point",
        "coordinates": [
          133.527186,
          34.387893
        ]
      },
      "properties": {
        "NO": "397",
        "共通ID": "E3320500059111",
        "施設・場所名": "市立北木小学校",
        "住所": "岡山県笠岡市北木島町7886-13",
        "指定緊急避難場所との住所同一": "1",
        "その他市町村長が必要と認める事項": null,
        "受入対象者": null,
        "備考": ""
      }
    },
    {
      "type": "Feature",
      "geometry": {
        "type": "Point",
        "coordinates": [
          133.525649,
          34.387935
        ]
      },
      "properties": {
        "NO": "398",
        "共通ID": "E3320500060111",
        "施設・場所名": "北木西公民館",
        "住所": "岡山県笠岡市北木島町7887-46",
        "指定緊急避難場所との住所同一": "1",
        "その他市町村長が必要と認める事項": null,
        "受入対象者": null,
        "備考": ""
      }
    },
    {
      "type": "Feature",
      "geometry": {
        "type": "Point",
        "coordinates": [
          133.536361,
          34.393964
        ]
      },
      "properties": {
        "NO": "399",
        "共通ID": "E3320500061111",
        "施設・場所名": "豊浦ふれあい会館",
        "住所": "岡山県笠岡市北木島町9768-1",
        "指定緊急避難場所との住所同一": "1",
        "その他市町村長が必要と認める事項": null,
        "受入対象者": null,
        "備考": ""
      }
    },
    {
      "type": "Feature",
      "geometry": {
        "type": "Point",
        "coordinates": [
          133.458142,
          34.489024
        ]
      },
      "properties": {
        "NO": "400",
        "共通ID": "E3320500062111",
        "施設・場所名": "茂平会館",
        "住所": "岡山県笠岡市茂平1812-6",
        "指定緊急避難場所との住所同一": "1",
        "その他市町村長が必要と認める事項": null,
        "受入対象者": null,
        "備考": ""
      }
    },
    {
      "type": "Feature",
      "geometry": {
        "type": "Point",
        "coordinates": [
          133.459821,
          34.507849
        ]
      },
      "properties": {
        "NO": "401",
        "共通ID": "E3320500063111",
        "施設・場所名": "城見公民館",
        "住所": "岡山県笠岡市用之江2064",
        "指定緊急避難場所との住所同一": "1",
        "その他市町村長が必要と認める事項": null,
        "受入対象者": null,
        "備考": ""
      }
    },
    {
      "type": "Feature",
      "geometry": {
        "type": "Point",
        "coordinates": [
          133.460439,
          34.508089
        ]
      },
      "properties": {
        "NO": "402",
        "共通ID": "E3320500064111",
        "施設・場所名": "市立城見小学校",
        "住所": "岡山県笠岡市用之江2185",
        "指定緊急避難場所との住所同一": "1",
        "その他市町村長が必要と認める事項": null,
        "受入対象者": null,
        "備考": ""
      }
    },
    {
      "type": "Feature",
      "geometry": {
        "type": "Point",
        "coordinates": [
          133.537653,
          34.308203
        ]
      },
      "properties": {
        "NO": "403",
        "共通ID": "E3320500065111",
        "施設・場所名": "六島北浦文化会館",
        "住所": "岡山県笠岡市六島5585-4",
        "指定緊急避難場所との住所同一": "1",
        "その他市町村長が必要と認める事項": "",
        "受入対象者": "",
        "備考": ""
      }
    },
    {
      "type": "Feature",
      "geometry": {
        "type": "Point",
        "coordinates": [
          133.536724,
          34.304294
        ]
      },
      "properties": {
        "NO": "404",
        "共通ID": "E3320500066111",
        "施設・場所名": "六島公民館",
        "住所": "岡山県笠岡市六島5720",
        "指定緊急避難場所との住所同一": "1",
        "その他市町村長が必要と認める事項": null,
        "受入対象者": null,
        "備考": ""
      }
    },
    {
      "type": "Feature",
      "geometry": {
        "type": "Point",
        "coordinates": [
          133.535756,
          34.30329
        ]
      },
      "properties": {
        "NO": "405",
        "共通ID": "E3320500067111",
        "施設・場所名": "六島小学校",
        "住所": "岡山県笠岡市六島5835",
        "指定緊急避難場所との住所同一": "1",
        "その他市町村長が必要と認める事項": null,
        "受入対象者": null,
        "備考": ""
      }
    },
    {
      "type": "Feature",
      "geometry": {
        "type": "Point",
        "coordinates": [
          133.515628,
          34.496619
        ]
      },
      "properties": {
        "NO": "406",
        "共通ID": "E3320500068111",
        "施設・場所名": "市民会館",
        "住所": "岡山県笠岡市六番町1-10",
        "指定緊急避難場所との住所同一": "1",
        "その他市町村長が必要と認める事項": null,
        "受入対象者": null,
        "備考": ""
      }
    },
    {
      "type": "Feature",
      "geometry": {
        "type": "Point",
        "coordinates": [
          133.760732,
          34.897552
        ]
      },
      "properties": {
        "NO": "407",
        "共通ID": "E3368100001111",
        "施設・場所名": "井原コミュニティセンター",
        "住所": "岡山県吉備中央町井原1-1",
        "指定緊急避難場所との住所同一": "1",
        "その他市町村長が必要と認める事項": "",
        "受入対象者": "",
        "備考": ""
      }
    },
    {
      "type": "Feature",
      "geometry": {
        "type": "Point",
        "coordinates": [
          133.811899,
          34.892018
        ]
      },
      "properties": {
        "NO": "408",
        "共通ID": "E3368100002111",
        "施設・場所名": "総合福祉センター",
        "住所": "岡山県吉備中央町円城540-4",
        "指定緊急避難場所との住所同一": "1",
        "その他市町村長が必要と認める事項": "",
        "受入対象者": "",
        "備考": ""
      }
    },
    {
      "type": "Feature",
      "geometry": {
        "type": "Point",
        "coordinates": [
          133.806733,
          34.891274
        ]
      },
      "properties": {
        "NO": "409",
        "共通ID": "E3368100003111",
        "施設・場所名": "円城基幹集落センター",
        "住所": "岡山県吉備中央町円城732-3",
        "指定緊急避難場所との住所同一": "1",
        "その他市町村長が必要と認める事項": "",
        "受入対象者": "",
        "備考": ""
      }
    },
    {
      "type": "Feature",
      "geometry": {
        "type": "Point",
        "coordinates": [
          133.807541,
          34.891765
        ]
      },
      "properties": {
        "NO": "410",
        "共通ID": "E3368100004111",
        "施設・場所名": "加賀東小学校",
        "住所": "岡山県吉備中央町円城776-1",
        "指定緊急避難場所との住所同一": "1",
        "その他市町村長が必要と認める事項": "",
        "受入対象者": "",
        "備考": ""
      }
    },
    {
      "type": "Feature",
      "geometry": {
        "type": "Point",
        "coordinates": [
          133.811861,
          34.860435
        ]
      },
      "properties": {
        "NO": "411",
        "共通ID": "E3368100005111",
        "施設・場所名": "ハート・オブ・おかやま会館",
        "住所": "岡山県吉備中央町下加茂1073-1",
        "指定緊急避難場所との住所同一": "1",
        "その他市町村長が必要と認める事項": "",
        "受入対象者": "",
        "備考": ""
      }
    },
    {
      "type": "Feature",
      "geometry": {
        "type": "Point",
        "coordinates": [
          133.812848,
          34.860512
        ]
      },
      "properties": {
        "NO": "412",
        "共通ID": "E3368100042111",
        "施設・場所名": "かもがわ武道館",
        "住所": "岡山県吉備中央町下加茂1103-8",
        "指定緊急避難場所との住所同一": "1",
        "その他市町村長が必要と認める事項": "",
        "受入対象者": "",
        "備考": ""
      }
    },
    {
      "type": "Feature",
      "geometry": {
        "type": "Point",
        "coordinates": [
          133.839126,
          34.875434
        ]
      },
      "properties": {
        "NO": "413",
        "共通ID": "E3368100008111",
        "施設・場所名": "農林業体験研修棟",
        "住所": "岡山県吉備中央町下加茂1506-109",
        "指定緊急避難場所との住所同一": "1",
        "その他市町村長が必要と認める事項": "",
        "受入対象者": "",
        "備考": ""
      }
    },
    {
      "type": "Feature",
      "geometry": {
        "type": "Point",
        "coordinates": [
          133.750864,
          34.819821
        ]
      },
      "properties": {
        "NO": "414",
        "共通ID": "E3368100010111",
        "施設・場所名": "吉川公民館",
        "住所": "岡山県吉備中央町吉川3930-8",
        "指定緊急避難場所との住所同一": "1",
        "その他市町村長が必要と認める事項": "",
        "受入対象者": "",
        "備考": ""
      }
    },
    {
      "type": "Feature",
      "geometry": {
        "type": "Point",
        "coordinates": [
          133.672034,
          34.846264
        ]
      },
      "properties": {
        "NO": "415",
        "共通ID": "E3368100016111",
        "施設・場所名": "上竹荘公民館",
        "住所": "岡山県吉備中央町上竹2623",
        "指定緊急避難場所との住所同一": "1",
        "その他市町村長が必要と認める事項": "",
        "受入対象者": "",
        "備考": ""
      }
    },
    {
      "type": "Feature",
      "geometry": {
        "type": "Point",
        "coordinates": [
          133.661741,
          34.828814
        ]
      },
      "properties": {
        "NO": "416",
        "共通ID": "E3368100017111",
        "施設・場所名": "かよう総合スポーツ公園体育館",
        "住所": "岡山県吉備中央町上竹5742-8",
        "指定緊急避難場所との住所同一": "1",
        "その他市町村長が必要と認める事項": "",
        "受入対象者": "",
        "備考": ""
      }
    },
    {
      "type": "Feature",
      "geometry": {
        "type": "Point",
        "coordinates": [
          133.797429,
          34.883991
        ]
      },
      "properties": {
        "NO": "417",
        "共通ID": "E3368100018111",
        "施設・場所名": "飛躍の郷ひだまり",
        "住所": "岡山県吉備中央町上田西1381-3",
        "指定緊急避難場所との住所同一": "1",
        "その他市町村長が必要と認める事項": "",
        "受入対象者": "",
        "備考": ""
      }
    },
    {
      "type": "Feature",
      "geometry": {
        "type": "Point",
        "coordinates": [
          133.820115,
          34.89619
        ]
      },
      "properties": {
        "NO": "418",
        "共通ID": "E3368100019111",
        "施設・場所名": "かもがわ総合スポーツ公園体育館",
        "住所": "岡山県吉備中央町上田東2360-3",
        "指定緊急避難場所との住所同一": "1",
        "その他市町村長が必要と認める事項": "",
        "受入対象者": "",
        "備考": ""
      }
    },
    {
      "type": "Feature",
      "geometry": {
        "type": "Point",
        "coordinates": [
          133.778648,
          34.851359
        ]
      },
      "properties": {
        "NO": "419",
        "共通ID": "E3368100020111",
        "施設・場所名": "高原上野公民館",
        "住所": "岡山県吉備中央町上野633",
        "指定緊急避難場所との住所同一": "1",
        "その他市町村長が必要と認める事項": "",
        "受入対象者": "",
        "備考": ""
      }
    },
    {
      "type": "Feature",
      "geometry": {
        "type": "Point",
        "coordinates": [
          133.764029,
          34.83855
        ]
      },
      "properties": {
        "NO": "420",
        "共通ID": "E3368100024111",
        "施設・場所名": "加賀南小学校",
        "住所": "岡山県吉備中央町竹部7520-19",
        "指定緊急避難場所との住所同一": "1",
        "その他市町村長が必要と認める事項": "",
        "受入対象者": "",
        "備考": ""
      }
    },
    {
      "type": "Feature",
      "geometry": {
        "type": "Point",
        "coordinates": [
          133.739743,
          34.858191
        ]
      },
      "properties": {
        "NO": "421",
        "共通ID": "E3368100026111",
        "施設・場所名": "下竹荘公民館",
        "住所": "岡山県吉備中央町湯山1002",
        "指定緊急避難場所との住所同一": "1",
        "その他市町村長が必要と認める事項": "",
        "受入対象者": "",
        "備考": ""
      }
    },
    {
      "type": "Feature",
      "geometry": {
        "type": "Point",
        "coordinates": [
          133.74046,
          34.857303
        ]
      },
      "properties": {
        "NO": "422",
        "共通ID": "E3368100028111",
        "施設・場所名": "加賀中学校",
        "住所": "岡山県吉備中央町湯山1028",
        "指定緊急避難場所との住所同一": "1",
        "その他市町村長が必要と認める事項": "",
        "受入対象者": "",
        "備考": ""
      }
    },
    {
      "type": "Feature",
      "geometry": {
        "type": "Point",
        "coordinates": [
          133.703813,
          34.835392
        ]
      },
      "properties": {
        "NO": "423",
        "共通ID": "E3368100029111",
        "施設・場所名": "納地公民館",
        "住所": "岡山県吉備中央町納地1266-2",
        "指定緊急避難場所との住所同一": "1",
        "その他市町村長が必要と認める事項": "",
        "受入対象者": "",
        "備考": ""
      }
    },
    {
      "type": "Feature",
      "geometry": {
        "type": "Point",
        "coordinates": [
          133.720636,
          34.894835
        ]
      },
      "properties": {
        "NO": "424",
        "共通ID": "E3368100030111",
        "施設・場所名": "千守交流センター",
        "住所": "岡山県吉備中央町尾原3144-1",
        "指定緊急避難場所との住所同一": "1",
        "その他市町村長が必要と認める事項": "",
        "受入対象者": "",
        "備考": ""
      }
    },
    {
      "type": "Feature",
      "geometry": {
        "type": "Point",
        "coordinates": [
          133.755718,
          34.917961
        ]
      },
      "properties": {
        "NO": "425",
        "共通ID": "E3368100031111",
        "施設・場所名": "新山ほほえみセンター・サロン",
        "住所": "岡山県吉備中央町尾原508",
        "指定緊急避難場所との住所同一": "1",
        "その他市町村長が必要と認める事項": "",
        "受入対象者": "",
        "備考": ""
      }
    },
    {
      "type": "Feature",
      "geometry": {
        "type": "Point",
        "coordinates": [
          133.758525,
          34.883385
        ]
      },
      "properties": {
        "NO": "426",
        "共通ID": "E3368100032111",
        "施設・場所名": "長田ふれあいセンター",
        "住所": "岡山県吉備中央町富永1403-1",
        "指定緊急避難場所との住所同一": "1",
        "その他市町村長が必要と認める事項": "",
        "受入対象者": "",
        "備考": ""
      }
    },
    {
      "type": "Feature",
      "geometry": {
        "type": "Point",
        "coordinates": [
          133.77575,
          34.913147
        ]
      },
      "properties": {
        "NO": "427",
        "共通ID": "E3368100033111",
        "施設・場所名": "豊岡いきいきプラザ",
        "住所": "岡山県吉備中央町豊岡下276-1",
        "指定緊急避難場所との住所同一": "1",
        "その他市町村長が必要と認める事項": "",
        "受入対象者": "",
        "備考": ""
      }
    },
    {
      "type": "Feature",
      "geometry": {
        "type": "Point",
        "coordinates": [
          133.694454,
          34.863009
        ]
      },
      "properties": {
        "NO": "428",
        "共通ID": "E3368100037111",
        "施設・場所名": "農業振興センター",
        "住所": "岡山県吉備中央町豊野17",
        "指定緊急避難場所との住所同一": "1",
        "その他市町村長が必要と認める事項": "",
        "受入対象者": "",
        "備考": ""
      }
    },
    {
      "type": "Feature",
      "geometry": {
        "type": "Point",
        "coordinates": [
          133.696721,
          34.866391
        ]
      },
      "properties": {
        "NO": "429",
        "共通ID": "E3368100038111",
        "施設・場所名": "加賀西小学校",
        "住所": "岡山県吉備中央町豊野170",
        "指定緊急避難場所との住所同一": "1",
        "その他市町村長が必要と認める事項": "",
        "受入対象者": "",
        "備考": ""
      }
    },
    {
      "type": "Feature",
      "geometry": {
        "type": "Point",
        "coordinates": [
          133.706185,
          34.815964
        ]
      },
      "properties": {
        "NO": "430",
        "共通ID": "E3368100040111",
        "施設・場所名": "吉備中央町老人福祉センターふれあい荘",
        "住所": "岡山県吉備中央町北1778-3",
        "指定緊急避難場所との住所同一": "1",
        "その他市町村長が必要と認める事項": "",
        "受入対象者": "",
        "備考": ""
      }
    },
    {
      "type": "Feature",
      "geometry": {
        "type": "Point",
        "coordinates": [
          133.962601,
          34.928141
        ]
      },
      "properties": {
        "NO": "431",
        "共通ID": "E3366300001111",
        "施設・場所名": "弓削小学校",
        "住所": "岡山県久米南町下弓削1008-2",
        "指定緊急避難場所との住所同一": "1",
        "その他市町村長が必要と認める事項": "",
        "受入対象者": "",
        "備考": ""
      }
    },
    {
      "type": "Feature",
      "geometry": {
        "type": "Point",
        "coordinates": [
          133.964335,
          34.926481
        ]
      },
      "properties": {
        "NO": "432",
        "共通ID": "E3366300002111",
        "施設・場所名": "弓削保育園",
        "住所": "岡山県久米南町下弓削1673-1",
        "指定緊急避難場所との住所同一": "1",
        "その他市町村長が必要と認める事項": "",
        "受入対象者": "",
        "備考": ""
      }
    },
    {
      "type": "Feature",
      "geometry": {
        "type": "Point",
        "coordinates": [
          133.958776,
          34.92859
        ]
      },
      "properties": {
        "NO": "433",
        "共通ID": "E3366300003111",
        "施設・場所名": "久米南中学校",
        "住所": "岡山県久米南町下弓削440-1",
        "指定緊急避難場所との住所同一": "1",
        "その他市町村長が必要と認める事項": "",
        "受入対象者": "",
        "備考": ""
      }
    },
    {
      "type": "Feature",
      "geometry": {
        "type": "Point",
        "coordinates": [
          133.960598,
          34.929061
        ]
      },
      "properties": {
        "NO": "434",
        "共通ID": "E3366300013111",
        "施設・場所名": "久米南町コミュニティセンター",
        "住所": "岡山県久米南町下弓削502-1",
        "指定緊急避難場所との住所同一": "",
        "その他市町村長が必要と認める事項": "",
        "受入対象者": "",
        "備考": ""
      }
    },
    {
      "type": "Feature",
      "geometry": {
        "type": "Point",
        "coordinates": [
          133.968275,
          34.938086
        ]
      },
      "properties": {
        "NO": "435",
        "共通ID": "E3366300005111",
        "施設・場所名": "久米南町民運動公園体育館",
        "住所": "岡山県久米南町上弓削1500",
        "指定緊急避難場所との住所同一": "1",
        "その他市町村長が必要と認める事項": "",
        "受入対象者": "",
        "備考": ""
      }
    },
    {
      "type": "Feature",
      "geometry": {
        "type": "Point",
        "coordinates": [
          133.93196,
          34.896122
        ]
      },
      "properties": {
        "NO": "436",
        "共通ID": "E3366300006111",
        "施設・場所名": "神目コミュニティセンター",
        "住所": "岡山県久米南町上神目12-1",
        "指定緊急避難場所との住所同一": "1",
        "その他市町村長が必要と認める事項": "",
        "受入対象者": "",
        "備考": ""
      }
    },
    {
      "type": "Feature",
      "geometry": {
        "type": "Point",
        "coordinates": [
          133.935285,
          34.899527
        ]
      },
      "properties": {
        "NO": "437",
        "共通ID": "E3366300007111",
        "施設・場所名": "神目小学校",
        "住所": "岡山県久米南町上神目613",
        "指定緊急避難場所との住所同一": "1",
        "その他市町村長が必要と認める事項": "",
        "受入対象者": "",
        "備考": ""
      }
    },
    {
      "type": "Feature",
      "geometry": {
        "type": "Point",
        "coordinates": [
          133.934476,
          34.8981
        ]
      },
      "properties": {
        "NO": "438",
        "共通ID": "E3366300008111",
        "施設・場所名": "神目保育園",
        "住所": "岡山県久米南町上神目615-1",
        "指定緊急避難場所との住所同一": "1",
        "その他市町村長が必要と認める事項": "",
        "受入対象者": "",
        "備考": ""
      }
    },
    {
      "type": "Feature",
      "geometry": {
        "type": "Point",
        "coordinates": [
          133.908917,
          34.924651
        ]
      },
      "properties": {
        "NO": "439",
        "共通ID": "E3366300009112",
        "施設・場所名": "竜山コミュニティセンター",
        "住所": "岡山県久米南町中籾318-3",
        "指定緊急避難場所との住所同一": "1",
        "その他市町村長が必要と認める事項": "",
        "受入対象者": "",
        "備考": ""
      }
    },
    {
      "type": "Feature",
      "geometry": {
        "type": "Point",
        "coordinates": [
          133.9559,
          34.952971
        ]
      },
      "properties": {
        "NO": "440",
        "共通ID": "E3366300010111",
        "施設・場所名": "誕生寺保育園",
        "住所": "岡山県久米南町里方915",
        "指定緊急避難場所との住所同一": "1",
        "その他市町村長が必要と認める事項": "",
        "受入対象者": "",
        "備考": ""
      }
    },
    {
      "type": "Feature",
      "geometry": {
        "type": "Point",
        "coordinates": [
          133.956439,
          34.953263
        ]
      },
      "properties": {
        "NO": "441",
        "共通ID": "E3366300011112",
        "施設・場所名": "誕生寺コミュニティセンター",
        "住所": "岡山県久米南町里方918-1",
        "指定緊急避難場所との住所同一": "1",
        "その他市町村長が必要と認める事項": "",
        "受入対象者": "",
        "備考": ""
      }
    },
    {
      "type": "Feature",
      "geometry": {
        "type": "Point",
        "coordinates": [
          133.954783,
          34.953491
        ]
      },
      "properties": {
        "NO": "442",
        "共通ID": "E3366300012111",
        "施設・場所名": "誕生寺小学校",
        "住所": "岡山県久米南町里方944",
        "指定緊急避難場所との住所同一": "1",
        "その他市町村長が必要と認める事項": "",
        "受入対象者": "",
        "備考": ""
      }
    },
    {
      "type": "Feature",
      "geometry": {
        "type": "Point",
        "coordinates": [
          133.906194,
          35.180521
        ]
      },
      "properties": {
        "NO": "443",
        "共通ID": "E3360600001111",
        "施設・場所名": "町民体育館",
        "住所": "岡山県鏡野町井坂237-4",
        "指定緊急避難場所との住所同一": "",
        "その他市町村長が必要と認める事項": "",
        "受入対象者": "",
        "備考": ""
      }
    },
    {
      "type": "Feature",
      "geometry": {
        "type": "Point",
        "coordinates": [
          133.906725,
          35.192055
        ]
      },
      "properties": {
        "NO": "444",
        "共通ID": "E3360600002111",
        "施設・場所名": "奥津振興センター",
        "住所": "岡山県鏡野町井坂495",
        "指定緊急避難場所との住所同一": "",
        "その他市町村長が必要と認める事項": "",
        "受入対象者": "",
        "備考": ""
      }
    },
    {
      "type": "Feature",
      "geometry": {
        "type": "Point",
        "coordinates": [
          133.892162,
          35.212759
        ]
      },
      "properties": {
        "NO": "445",
        "共通ID": "E3360600003111",
        "施設・場所名": "羽出ふれあいの里",
        "住所": "岡山県鏡野町羽出690",
        "指定緊急避難場所との住所同一": "",
        "その他市町村長が必要と認める事項": "",
        "受入対象者": "",
        "備考": ""
      }
    },
    {
      "type": "Feature",
      "geometry": {
        "type": "Point",
        "coordinates": [
          133.891792,
          35.212939
        ]
      },
      "properties": {
        "NO": "446",
        "共通ID": "E3360600004111",
        "施設・場所名": "羽出公民館",
        "住所": "岡山県鏡野町羽出691",
        "指定緊急避難場所との住所同一": "",
        "その他市町村長が必要と認める事項": "",
        "受入対象者": "",
        "備考": ""
      }
    },
    {
      "type": "Feature",
      "geometry": {
        "type": "Point",
        "coordinates": [
          133.940141,
          35.105274
        ]
      },
      "properties": {
        "NO": "447",
        "共通ID": "E3360600005111",
        "施設・場所名": "大野公民館",
        "住所": "岡山県鏡野町円宗寺1432-1",
        "指定緊急避難場所との住所同一": "",
        "その他市町村長が必要と認める事項": "",
        "受入対象者": "",
        "備考": ""
      }
    },
    {
      "type": "Feature",
      "geometry": {
        "type": "Point",
        "coordinates": [
          133.940345,
          35.10159
        ]
      },
      "properties": {
        "NO": "448",
        "共通ID": "E3360600006111",
        "施設・場所名": "大野小学校体育館",
        "住所": "岡山県鏡野町円宗寺825",
        "指定緊急避難場所との住所同一": "",
        "その他市町村長が必要と認める事項": "",
        "受入対象者": "",
        "備考": ""
      }
    },
    {
      "type": "Feature",
      "geometry": {
        "type": "Point",
        "coordinates": [
          133.925448,
          35.23477
        ]
      },
      "properties": {
        "NO": "449",
        "共通ID": "E3360600008111",
        "施設・場所名": "奥津公民館",
        "住所": "岡山県鏡野町奥津川西725-1",
        "指定緊急避難場所との住所同一": "",
        "その他市町村長が必要と認める事項": "",
        "受入対象者": "",
        "備考": ""
      }
    },
    {
      "type": "Feature",
      "geometry": {
        "type": "Point",
        "coordinates": [
          133.91651,
          35.114639
        ]
      },
      "properties": {
        "NO": "450",
        "共通ID": "E3360600009112",
        "施設・場所名": "小田公民館",
        "住所": "岡山県鏡野町下森原240-1",
        "指定緊急避難場所との住所同一": "",
        "その他市町村長が必要と認める事項": "",
        "受入対象者": "",
        "備考": ""
      }
    },
    {
      "type": "Feature",
      "geometry": {
        "type": "Point",
        "coordinates": [
          133.914127,
          35.112936
        ]
      },
      "properties": {
        "NO": "451",
        "共通ID": "E3360600010112",
        "施設・場所名": "鶴喜小学校体育館",
        "住所": "岡山県鏡野町下森原405",
        "指定緊急避難場所との住所同一": "",
        "その他市町村長が必要と認める事項": "",
        "受入対象者": "",
        "備考": ""
      }
    },
    {
      "type": "Feature",
      "geometry": {
        "type": "Point",
        "coordinates": [
          133.931759,
          35.076335
        ]
      },
      "properties": {
        "NO": "452",
        "共通ID": "E3360600011111",
        "施設・場所名": "芳野公民館",
        "住所": "岡山県鏡野町古川427-1",
        "指定緊急避難場所との住所同一": "",
        "その他市町村長が必要と認める事項": "",
        "受入対象者": "",
        "備考": ""
      }
    },
    {
      "type": "Feature",
      "geometry": {
        "type": "Point",
        "coordinates": [
          133.931959,
          35.076866
        ]
      },
      "properties": {
        "NO": "453",
        "共通ID": "E3360600012111",
        "施設・場所名": "福祉センター",
        "住所": "岡山県鏡野町古川439-1",
        "指定緊急避難場所との住所同一": "",
        "その他市町村長が必要と認める事項": "",
        "受入対象者": "",
        "備考": ""
      }
    },
    {
      "type": "Feature",
      "geometry": {
        "type": "Point",
        "coordinates": [
          133.925636,
          35.074267
        ]
      },
      "properties": {
        "NO": "454",
        "共通ID": "E3360600013111",
        "施設・場所名": "南小学校体育館",
        "住所": "岡山県鏡野町古川50",
        "指定緊急避難場所との住所同一": "",
        "その他市町村長が必要と認める事項": "",
        "受入対象者": "",
        "備考": ""
      }
    },
    {
      "type": "Feature",
      "geometry": {
        "type": "Point",
        "coordinates": [
          133.95522,
          35.119198
        ]
      },
      "properties": {
        "NO": "455",
        "共通ID": "E3360600014111",
        "施設・場所名": "香々美小学校体育館",
        "住所": "岡山県鏡野町香々美828",
        "指定緊急避難場所との住所同一": "",
        "その他市町村長が必要と認める事項": "",
        "受入対象者": "",
        "備考": ""
      }
    },
    {
      "type": "Feature",
      "geometry": {
        "type": "Point",
        "coordinates": [
          133.954835,
          35.117846
        ]
      },
      "properties": {
        "NO": "456",
        "共通ID": "E3360600015111",
        "施設・場所名": "香南公民館",
        "住所": "岡山県鏡野町香々美837-1",
        "指定緊急避難場所との住所同一": "",
        "その他市町村長が必要と認める事項": "",
        "受入対象者": "",
        "備考": ""
      }
    },
    {
      "type": "Feature",
      "geometry": {
        "type": "Point",
        "coordinates": [
          133.908559,
          35.175619
        ]
      },
      "properties": {
        "NO": "457",
        "共通ID": "E3360600017111",
        "施設・場所名": "泉公民館",
        "住所": "岡山県鏡野町女原65",
        "指定緊急避難場所との住所同一": "",
        "その他市町村長が必要と認める事項": "",
        "受入対象者": "",
        "備考": ""
      }
    },
    {
      "type": "Feature",
      "geometry": {
        "type": "Point",
        "coordinates": [
          133.908465,
          35.177474
        ]
      },
      "properties": {
        "NO": "458",
        "共通ID": "E3360600018111",
        "施設・場所名": "奥津小学校体育館",
        "住所": "岡山県鏡野町女原79-2",
        "指定緊急避難場所との住所同一": "",
        "その他市町村長が必要と認める事項": "",
        "受入対象者": "",
        "備考": ""
      }
    },
    {
      "type": "Feature",
      "geometry": {
        "type": "Point",
        "coordinates": [
          133.95079,
          35.291138
        ]
      },
      "properties": {
        "NO": "459",
        "共通ID": "E3360600019111",
        "施設・場所名": "旧上齋原総合教育施設体育館",
        "住所": "岡山県鏡野町上齋原1320",
        "指定緊急避難場所との住所同一": "",
        "その他市町村長が必要と認める事項": "",
        "受入対象者": "",
        "備考": ""
      }
    },
    {
      "type": "Feature",
      "geometry": {
        "type": "Point",
        "coordinates": [
          133.980378,
          35.312262
        ]
      },
      "properties": {
        "NO": "460",
        "共通ID": "E3360600020111",
        "施設・場所名": "恩原高原スキー場レストハウス",
        "住所": "岡山県鏡野町上齋原2037-137",
        "指定緊急避難場所との住所同一": "",
        "その他市町村長が必要と認める事項": "",
        "受入対象者": "",
        "備考": ""
      }
    },
    {
      "type": "Feature",
      "geometry": {
        "type": "Point",
        "coordinates": [
          133.920438,
          35.278391
        ]
      },
      "properties": {
        "NO": "461",
        "共通ID": "E3360600022111",
        "施設・場所名": "上齋原文化センター",
        "住所": "岡山県鏡野町上齋原409",
        "指定緊急避難場所との住所同一": "",
        "その他市町村長が必要と認める事項": "",
        "受入対象者": "",
        "備考": ""
      }
    },
    {
      "type": "Feature",
      "geometry": {
        "type": "Point",
        "coordinates": [
          133.925825,
          35.278838
        ]
      },
      "properties": {
        "NO": "462",
        "共通ID": "E3360600023111",
        "施設・場所名": "上齋原総合福祉センター",
        "住所": "岡山県鏡野町上齋原480-1",
        "指定緊急避難場所との住所同一": "",
        "その他市町村長が必要と認める事項": "",
        "受入対象者": "",
        "備考": ""
      }
    },
    {
      "type": "Feature",
      "geometry": {
        "type": "Point",
        "coordinates": [
          133.925224,
          35.279329
        ]
      },
      "properties": {
        "NO": "463",
        "共通ID": "E3360600024111",
        "施設・場所名": "上齋原振興センター",
        "住所": "岡山県鏡野町上齋原514-1",
        "指定緊急避難場所との住所同一": "",
        "その他市町村長が必要と認める事項": "上齋原オフサイトセンターの西",
        "受入対象者": "",
        "備考": ""
      }
    },
    {
      "type": "Feature",
      "geometry": {
        "type": "Point",
        "coordinates": [
          133.955205,
          35.158398
        ]
      },
      "properties": {
        "NO": "464",
        "共通ID": "E3360600026112",
        "施設・場所名": "旧香北小学校体育館",
        "住所": "岡山県鏡野町真経730",
        "指定緊急避難場所との住所同一": "",
        "その他市町村長が必要と認める事項": "",
        "受入対象者": "",
        "備考": ""
      }
    },
    {
      "type": "Feature",
      "geometry": {
        "type": "Point",
        "coordinates": [
          133.955316,
          35.157929
        ]
      },
      "properties": {
        "NO": "465",
        "共通ID": "E3360600048111",
        "施設・場所名": "香北公民館",
        "住所": "岡山県鏡野町真経910",
        "指定緊急避難場所との住所同一": "",
        "その他市町村長が必要と認める事項": "",
        "受入対象者": "",
        "備考": ""
      }
    },
    {
      "type": "Feature",
      "geometry": {
        "type": "Point",
        "coordinates": [
          133.909744,
          35.080597
        ]
      },
      "properties": {
        "NO": "466",
        "共通ID": "E3360600027115",
        "施設・場所名": "郷公民館",
        "住所": "岡山県鏡野町薪森原721-1",
        "指定緊急避難場所との住所同一": "",
        "その他市町村長が必要と認める事項": "",
        "受入対象者": "",
        "備考": ""
      }
    },
    {
      "type": "Feature",
      "geometry": {
        "type": "Point",
        "coordinates": [
          133.909583,
          35.080018
        ]
      },
      "properties": {
        "NO": "467",
        "共通ID": "E3360600027114",
        "施設・場所名": "郷幼稚園",
        "住所": "岡山県鏡野町薪森原721-1",
        "指定緊急避難場所との住所同一": "",
        "その他市町村長が必要と認める事項": "",
        "受入対象者": "",
        "備考": ""
      }
    },
    {
      "type": "Feature",
      "geometry": {
        "type": "Point",
        "coordinates": [
          133.807188,
          35.149078
        ]
      },
      "properties": {
        "NO": "468",
        "共通ID": "E3360600028111",
        "施設・場所名": "大生活改善センター",
        "住所": "岡山県鏡野町大248-4",
        "指定緊急避難場所との住所同一": "",
        "その他市町村長が必要と認める事項": "",
        "受入対象者": "",
        "備考": ""
      }
    },
    {
      "type": "Feature",
      "geometry": {
        "type": "Point",
        "coordinates": [
          133.934561,
          35.090961
        ]
      },
      "properties": {
        "NO": "469",
        "共通ID": "E3360600029111",
        "施設・場所名": "文化スポーツセンター",
        "住所": "岡山県鏡野町竹田158-1",
        "指定緊急避難場所との住所同一": "",
        "その他市町村長が必要と認める事項": "",
        "受入対象者": "",
        "備考": ""
      }
    },
    {
      "type": "Feature",
      "geometry": {
        "type": "Point",
        "coordinates": [
          133.932039,
          35.094495
        ]
      },
      "properties": {
        "NO": "470",
        "共通ID": "E3360600030111",
        "施設・場所名": "鏡野中学校体育館",
        "住所": "岡山県鏡野町竹田610",
        "指定緊急避難場所との住所同一": "",
        "その他市町村長が必要と認める事項": "",
        "受入対象者": "",
        "備考": ""
      }
    },
    {
      "type": "Feature",
      "geometry": {
        "type": "Point",
        "coordinates": [
          133.932192,
          35.091949
        ]
      },
      "properties": {
        "NO": "471",
        "共通ID": "E3360600031111",
        "施設・場所名": "鏡野町立中央公民館",
        "住所": "岡山県鏡野町竹田660",
        "指定緊急避難場所との住所同一": "",
        "その他市町村長が必要と認める事項": "",
        "受入対象者": "",
        "備考": ""
      }
    },
    {
      "type": "Feature",
      "geometry": {
        "type": "Point",
        "coordinates": [
          133.932656,
          35.090768
        ]
      },
      "properties": {
        "NO": "472",
        "共通ID": "E3360600032112",
        "施設・場所名": "鏡野町総合文化施設（ペスタロッチ館）",
        "住所": "岡山県鏡野町竹田663-7",
        "指定緊急避難場所との住所同一": "",
        "その他市町村長が必要と認める事項": "",
        "受入対象者": "",
        "備考": ""
      }
    },
    {
      "type": "Feature",
      "geometry": {
        "type": "Point",
        "coordinates": [
          133.891724,
          35.113528
        ]
      },
      "properties": {
        "NO": "473",
        "共通ID": "E3360600033111",
        "施設・場所名": "中谷公民館",
        "住所": "岡山県鏡野町中谷185",
        "指定緊急避難場所との住所同一": "",
        "その他市町村長が必要と認める事項": "",
        "受入対象者": "",
        "備考": ""
      }
    },
    {
      "type": "Feature",
      "geometry": {
        "type": "Point",
        "coordinates": [
          133.928126,
          35.238592
        ]
      },
      "properties": {
        "NO": "474",
        "共通ID": "E3360600035111",
        "施設・場所名": "奥津ファームビレッジ耕心村",
        "住所": "岡山県鏡野町長藤142-1",
        "指定緊急避難場所との住所同一": "",
        "その他市町村長が必要と認める事項": "",
        "受入対象者": "",
        "備考": ""
      }
    },
    {
      "type": "Feature",
      "geometry": {
        "type": "Point",
        "coordinates": [
          133.84348,
          35.159626
        ]
      },
      "properties": {
        "NO": "475",
        "共通ID": "E3360600036111",
        "施設・場所名": "富総合福祉センター",
        "住所": "岡山県鏡野町富西谷119",
        "指定緊急避難場所との住所同一": "",
        "その他市町村長が必要と認める事項": "",
        "受入対象者": "",
        "備考": ""
      }
    },
    {
      "type": "Feature",
      "geometry": {
        "type": "Point",
        "coordinates": [
          133.84401,
          35.160345
        ]
      },
      "properties": {
        "NO": "476",
        "共通ID": "E3360600037112",
        "施設・場所名": "富振興センター",
        "住所": "岡山県鏡野町富西谷125-1",
        "指定緊急避難場所との住所同一": "",
        "その他市町村長が必要と認める事項": "",
        "受入対象者": "",
        "備考": ""
      }
    },
    {
      "type": "Feature",
      "geometry": {
        "type": "Point",
        "coordinates": [
          133.840804,
          35.163363
        ]
      },
      "properties": {
        "NO": "477",
        "共通ID": "E3360600038111",
        "施設・場所名": "旧富小学校体育館",
        "住所": "岡山県鏡野町富西谷581-1",
        "指定緊急避難場所との住所同一": "",
        "その他市町村長が必要と認める事項": "",
        "受入対象者": "",
        "備考": ""
      }
    },
    {
      "type": "Feature",
      "geometry": {
        "type": "Point",
        "coordinates": [
          133.833959,
          35.161674
        ]
      },
      "properties": {
        "NO": "478",
        "共通ID": "E3360600039111",
        "施設・場所名": "とみふれあいセンター",
        "住所": "岡山県鏡野町富西谷781-1",
        "指定緊急避難場所との住所同一": "",
        "その他市町村長が必要と認める事項": "",
        "受入対象者": "",
        "備考": ""
      }
    },
    {
      "type": "Feature",
      "geometry": {
        "type": "Point",
        "coordinates": [
          133.944795,
          34.491887
        ]
      },
      "properties": {
        "NO": "479",
        "共通ID": "E3320400001111",
        "施設・場所名": "市立図書館（中央公民館）",
        "住所": "岡山県玉野市宇野1-38-1",
        "指定緊急避難場所との住所同一": "",
        "その他市町村長が必要と認める事項": "",
        "受入対象者": "",
        "備考": ""
      }
    },
    {
      "type": "Feature",
      "geometry": {
        "type": "Point",
        "coordinates": [
          133.941619,
          34.489576
        ]
      },
      "properties": {
        "NO": "480",
        "共通ID": "E3320400002111",
        "施設・場所名": "宇野小学校（体育館）",
        "住所": "岡山県玉野市宇野2-23-1",
        "指定緊急避難場所との住所同一": "1",
        "その他市町村長が必要と認める事項": "",
        "受入対象者": "",
        "備考": ""
      }
    },
    {
      "type": "Feature",
      "geometry": {
        "type": "Point",
        "coordinates": [
          133.941627,
          34.483399
        ]
      },
      "properties": {
        "NO": "481",
        "共通ID": "E3320400003111",
        "施設・場所名": "藤井コミュニティハウス",
        "住所": "岡山県玉野市宇野4-8-8",
        "指定緊急避難場所との住所同一": "",
        "その他市町村長が必要と認める事項": "",
        "受入対象者": "",
        "備考": ""
      }
    },
    {
      "type": "Feature",
      "geometry": {
        "type": "Point",
        "coordinates": [
          133.922527,
          34.486912
        ]
      },
      "properties": {
        "NO": "482",
        "共通ID": "E3320400004111",
        "施設・場所名": "すこやかセンター",
        "住所": "岡山県玉野市奥玉1-18-5",
        "指定緊急避難場所との住所同一": "1",
        "その他市町村長が必要と認める事項": "",
        "受入対象者": "",
        "備考": ""
      }
    },
    {
      "type": "Feature",
      "geometry": {
        "type": "Point",
        "coordinates": [
          133.9214,
          34.487114
        ]
      },
      "properties": {
        "NO": "483",
        "共通ID": "E3320400005111",
        "施設・場所名": "玉市民センター　奥玉分室",
        "住所": "岡山県玉野市奥玉1-23-7",
        "指定緊急避難場所との住所同一": "",
        "その他市町村長が必要と認める事項": "",
        "受入対象者": "",
        "備考": ""
      }
    },
    {
      "type": "Feature",
      "geometry": {
        "type": "Point",
        "coordinates": [
          133.921457,
          34.489131
        ]
      },
      "properties": {
        "NO": "484",
        "共通ID": "E3320400006111",
        "施設・場所名": "玉中学校（体育館）",
        "住所": "岡山県玉野市奥玉1-27-1",
        "指定緊急避難場所との住所同一": "1",
        "その他市町村長が必要と認める事項": "",
        "受入対象者": "",
        "備考": ""
      }
    },
    {
      "type": "Feature",
      "geometry": {
        "type": "Point",
        "coordinates": [
          133.999607,
          34.554256
        ]
      },
      "properties": {
        "NO": "485",
        "共通ID": "E3320400007111",
        "施設・場所名": "胸上小学校（体育館）",
        "住所": "岡山県玉野市梶岡639",
        "指定緊急避難場所との住所同一": "",
        "その他市町村長が必要と認める事項": "",
        "受入対象者": "",
        "備考": ""
      }
    },
    {
      "type": "Feature",
      "geometry": {
        "type": "Point",
        "coordinates": [
          134.00038,
          34.554443
        ]
      },
      "properties": {
        "NO": "486",
        "共通ID": "E3320400008111",
        "施設・場所名": "東児市民センター",
        "住所": "岡山県玉野市梶岡700",
        "指定緊急避難場所との住所同一": "1",
        "その他市町村長が必要と認める事項": "",
        "受入対象者": "",
        "備考": ""
      }
    },
    {
      "type": "Feature",
      "geometry": {
        "type": "Point",
        "coordinates": [
          133.935107,
          34.480847
        ]
      },
      "properties": {
        "NO": "487",
        "共通ID": "E3320400009111",
        "施設・場所名": "レクレセンター",
        "住所": "岡山県玉野市玉2-3-1",
        "指定緊急避難場所との住所同一": "1",
        "その他市町村長が必要と認める事項": "",
        "受入対象者": "",
        "備考": ""
      }
    },
    {
      "type": "Feature",
      "geometry": {
        "type": "Point",
        "coordinates": [
          133.929536,
          34.482569
        ]
      },
      "properties": {
        "NO": "488",
        "共通ID": "E3320400010111",
        "施設・場所名": "玉市民センター",
        "住所": "岡山県玉野市玉5-1-15",
        "指定緊急避難場所との住所同一": "",
        "その他市町村長が必要と認める事項": "",
        "受入対象者": "",
        "備考": ""
      }
    },
    {
      "type": "Feature",
      "geometry": {
        "type": "Point",
        "coordinates": [
          133.931984,
          34.486751
        ]
      },
      "properties": {
        "NO": "489",
        "共通ID": "E3320400011111",
        "施設・場所名": "玉野商工高等学校（体育館）",
        "住所": "岡山県玉野市玉6-1-1",
        "指定緊急避難場所との住所同一": "1",
        "その他市町村長が必要と認める事項": "",
        "受入対象者": "",
        "備考": ""
      }
    },
    {
      "type": "Feature",
      "geometry": {
        "type": "Point",
        "coordinates": [
          133.927898,
          34.485581
        ]
      },
      "properties": {
        "NO": "490",
        "共通ID": "E3320400012111",
        "施設・場所名": "玉小学校（体育館）",
        "住所": "岡山県玉野市玉6-20-22",
        "指定緊急避難場所との住所同一": "1",
        "その他市町村長が必要と認める事項": "",
        "受入対象者": "",
        "備考": ""
      }
    },
    {
      "type": "Feature",
      "geometry": {
        "type": "Point",
        "coordinates": [
          133.909529,
          34.480396
        ]
      },
      "properties": {
        "NO": "491",
        "共通ID": "E3320400013111",
        "施設・場所名": "玉原小学校（体育館）",
        "住所": "岡山県玉野市玉原2-22-1",
        "指定緊急避難場所との住所同一": "1",
        "その他市町村長が必要と認める事項": "",
        "受入対象者": "",
        "備考": ""
      }
    },
    {
      "type": "Feature",
      "geometry": {
        "type": "Point",
        "coordinates": [
          133.910649,
          34.482025
        ]
      },
      "properties": {
        "NO": "492",
        "共通ID": "E3320400014111",
        "施設・場所名": "玉原市民センター",
        "住所": "岡山県玉野市玉原2-7-45",
        "指定緊急避難場所との住所同一": "1",
        "その他市町村長が必要と認める事項": "",
        "受入対象者": "",
        "備考": ""
      }
    },
    {
      "type": "Feature",
      "geometry": {
        "type": "Point",
        "coordinates": [
          133.977265,
          34.535636
        ]
      },
      "properties": {
        "NO": "493",
        "共通ID": "E3320400015111",
        "施設・場所名": "後閑小学校（体育館）",
        "住所": "岡山県玉野市後閑1421",
        "指定緊急避難場所との住所同一": "1",
        "その他市町村長が必要と認める事項": "",
        "受入対象者": "",
        "備考": ""
      }
    },
    {
      "type": "Feature",
      "geometry": {
        "type": "Point",
        "coordinates": [
          133.989183,
          34.529278
        ]
      },
      "properties": {
        "NO": "494",
        "共通ID": "E3320400016111",
        "施設・場所名": "山田中学校（体育館）",
        "住所": "岡山県玉野市後閑1995",
        "指定緊急避難場所との住所同一": "",
        "その他市町村長が必要と認める事項": "",
        "受入対象者": "",
        "備考": ""
      }
    },
    {
      "type": "Feature",
      "geometry": {
        "type": "Point",
        "coordinates": [
          133.926048,
          34.464421
        ]
      },
      "properties": {
        "NO": "495",
        "共通ID": "E3320400017111",
        "施設・場所名": "日比小学校（体育館）",
        "住所": "岡山県玉野市御崎1-1-1",
        "指定緊急避難場所との住所同一": "1",
        "その他市町村長が必要と認める事項": "",
        "受入対象者": "",
        "備考": ""
      }
    },
    {
      "type": "Feature",
      "geometry": {
        "type": "Point",
        "coordinates": [
          133.928548,
          34.458682
        ]
      },
      "properties": {
        "NO": "496",
        "共通ID": "E3320400018111",
        "施設・場所名": "御崎シーサイド集会所",
        "住所": "岡山県玉野市御崎2-24-4",
        "指定緊急避難場所との住所同一": "",
        "その他市町村長が必要と認める事項": "",
        "受入対象者": "",
        "備考": ""
      }
    },
    {
      "type": "Feature",
      "geometry": {
        "type": "Point",
        "coordinates": [
          133.932015,
          34.460101
        ]
      },
      "properties": {
        "NO": "497",
        "共通ID": "E3320400019111",
        "施設・場所名": "第一向日比コミュニティハウス",
        "住所": "岡山県玉野市向日比1-4-1",
        "指定緊急避難場所との住所同一": "",
        "その他市町村長が必要と認める事項": "",
        "受入対象者": "",
        "備考": ""
      }
    },
    {
      "type": "Feature",
      "geometry": {
        "type": "Point",
        "coordinates": [
          133.930002,
          34.45594
        ]
      },
      "properties": {
        "NO": "498",
        "共通ID": "E3320400020111",
        "施設・場所名": "向日比コミュニティハウス",
        "住所": "岡山県玉野市向日比2-3-1",
        "指定緊急避難場所との住所同一": "",
        "その他市町村長が必要と認める事項": "",
        "受入対象者": "",
        "備考": ""
      }
    },
    {
      "type": "Feature",
      "geometry": {
        "type": "Point",
        "coordinates": [
          133.99,
          34.546965
        ]
      },
      "properties": {
        "NO": "499",
        "共通ID": "E3320400021111",
        "施設・場所名": "山田小学校（体育館）",
        "住所": "岡山県玉野市山田422",
        "指定緊急避難場所との住所同一": "1",
        "その他市町村長が必要と認める事項": "",
        "受入対象者": "",
        "備考": ""
      }
    },
    {
      "type": "Feature",
      "geometry": {
        "type": "Point",
        "coordinates": [
          133.989587,
          34.54679
        ]
      },
      "properties": {
        "NO": "500",
        "共通ID": "E3320400022111",
        "施設・場所名": "山田市民センター",
        "住所": "岡山県玉野市山田447-2",
        "指定緊急避難場所との住所同一": "1",
        "その他市町村長が必要と認める事項": "",
        "受入対象者": "",
        "備考": ""
      }
    },
    {
      "type": "Feature",
      "geometry": {
        "type": "Point",
        "coordinates": [
          133.910661,
          34.457355
        ]
      },
      "properties": {
        "NO": "501",
        "共通ID": "E3320400023111",
        "施設・場所名": "渋川保育園",
        "住所": "岡山県玉野市渋川1-2-10",
        "指定緊急避難場所との住所同一": "1",
        "その他市町村長が必要と認める事項": "",
        "受入対象者": "",
        "備考": ""
      }
    },
    {
      "type": "Feature",
      "geometry": {
        "type": "Point",
        "coordinates": [
          134.014742,
          34.502748
        ]
      },
      "properties": {
        "NO": "502",
        "共通ID": "E3320400024111",
        "施設・場所名": "東児市民センター　石島分館",
        "住所": "岡山県玉野市石島3077",
        "指定緊急避難場所との住所同一": "1",
        "その他市町村長が必要と認める事項": "",
        "受入対象者": "",
        "備考": ""
      }
    },
    {
      "type": "Feature",
      "geometry": {
        "type": "Point",
        "coordinates": [
          133.952461,
          34.495604
        ]
      },
      "properties": {
        "NO": "503",
        "共通ID": "E3320400025111",
        "施設・場所名": "築港公民館",
        "住所": "岡山県玉野市築港1-7-20",
        "指定緊急避難場所との住所同一": "",
        "その他市町村長が必要と認める事項": "",
        "受入対象者": "",
        "備考": ""
      }
    },
    {
      "type": "Feature",
      "geometry": {
        "type": "Point",
        "coordinates": [
          133.949657,
          34.498652
        ]
      },
      "properties": {
        "NO": "504",
        "共通ID": "E3320400026111",
        "施設・場所名": "宇野中学校（体育館）",
        "住所": "岡山県玉野市築港2-27-1",
        "指定緊急避難場所との住所同一": "1",
        "その他市町村長が必要と認める事項": "",
        "受入対象者": "",
        "備考": ""
      }
    },
    {
      "type": "Feature",
      "geometry": {
        "type": "Point",
        "coordinates": [
          133.946675,
          34.501246
        ]
      },
      "properties": {
        "NO": "505",
        "共通ID": "E3320400027111",
        "施設・場所名": "築港小学校（体育館）",
        "住所": "岡山県玉野市築港3-15-1",
        "指定緊急避難場所との住所同一": "1",
        "その他市町村長が必要と認める事項": "",
        "受入対象者": "",
        "備考": ""
      }
    },
    {
      "type": "Feature",
      "geometry": {
        "type": "Point",
        "coordinates": [
          133.962181,
          34.497507
        ]
      },
      "properties": {
        "NO": "506",
        "共通ID": "E3320400028111",
        "施設・場所名": "競輪場（日の出会館）",
        "住所": "岡山県玉野市築港5-18-2",
        "指定緊急避難場所との住所同一": "1",
        "その他市町村長が必要と認める事項": "",
        "受入対象者": "",
        "備考": ""
      }
    },
    {
      "type": "Feature",
      "geometry": {
        "type": "Point",
        "coordinates": [
          133.900547,
          34.4833
        ]
      },
      "properties": {
        "NO": "507",
        "共通ID": "E3320400030111",
        "施設・場所名": "玉原ニュータウン集会所",
        "住所": "岡山県玉野市長尾1609-42",
        "指定緊急避難場所との住所同一": "1",
        "その他市町村長が必要と認める事項": "",
        "受入対象者": "",
        "備考": ""
      }
    },
    {
      "type": "Feature",
      "geometry": {
        "type": "Point",
        "coordinates": [
          133.928005,
          34.517628
        ]
      },
      "properties": {
        "NO": "508",
        "共通ID": "E3320400031111",
        "施設・場所名": "深山センターハウス",
        "住所": "岡山県玉野市田井2-4490",
        "指定緊急避難場所との住所同一": "",
        "その他市町村長が必要と認める事項": "",
        "受入対象者": "",
        "備考": ""
      }
    },
    {
      "type": "Feature",
      "geometry": {
        "type": "Point",
        "coordinates": [
          133.945039,
          34.515928
        ]
      },
      "properties": {
        "NO": "509",
        "共通ID": "E3320400032111",
        "施設・場所名": "田井小学校（体育館）",
        "住所": "岡山県玉野市田井3-4-1",
        "指定緊急避難場所との住所同一": "1",
        "その他市町村長が必要と認める事項": "",
        "受入対象者": "",
        "備考": ""
      }
    },
    {
      "type": "Feature",
      "geometry": {
        "type": "Point",
        "coordinates": [
          133.946709,
          34.517788
        ]
      },
      "properties": {
        "NO": "510",
        "共通ID": "E3320400033111",
        "施設・場所名": "田井市民センター",
        "住所": "岡山県玉野市田井4-10-5",
        "指定緊急避難場所との住所同一": "1",
        "その他市町村長が必要と認める事項": "",
        "受入対象者": "",
        "備考": ""
      }
    },
    {
      "type": "Feature",
      "geometry": {
        "type": "Point",
        "coordinates": [
          133.893762,
          34.540342
        ]
      },
      "properties": {
        "NO": "511",
        "共通ID": "E3320400035111",
        "施設・場所名": "東紅陽台１丁目集会所",
        "住所": "岡山県玉野市東紅陽台1-19-134",
        "指定緊急避難場所との住所同一": "",
        "その他市町村長が必要と認める事項": "",
        "受入対象者": "",
        "備考": ""
      }
    },
    {
      "type": "Feature",
      "geometry": {
        "type": "Point",
        "coordinates": [
          133.896143,
          34.537151
        ]
      },
      "properties": {
        "NO": "512",
        "共通ID": "E3320400036111",
        "施設・場所名": "東紅陽台２丁目集会所",
        "住所": "岡山県玉野市東紅陽台2-19-222",
        "指定緊急避難場所との住所同一": "",
        "その他市町村長が必要と認める事項": "",
        "受入対象者": "",
        "備考": ""
      }
    },
    {
      "type": "Feature",
      "geometry": {
        "type": "Point",
        "coordinates": [
          133.929723,
          34.535942
        ]
      },
      "properties": {
        "NO": "513",
        "共通ID": "E3320400037111",
        "施設・場所名": "大崎小学校（体育館）",
        "住所": "岡山県玉野市東七区3-3",
        "指定緊急避難場所との住所同一": "1",
        "その他市町村長が必要と認める事項": "",
        "受入対象者": "",
        "備考": ""
      }
    },
    {
      "type": "Feature",
      "geometry": {
        "type": "Point",
        "coordinates": [
          133.923127,
          34.458855
        ]
      },
      "properties": {
        "NO": "514",
        "共通ID": "E3320400038111",
        "施設・場所名": "日比市民センター",
        "住所": "岡山県玉野市日比3-1-1",
        "指定緊急避難場所との住所同一": "1",
        "その他市町村長が必要と認める事項": "",
        "受入対象者": "",
        "備考": ""
      }
    },
    {
      "type": "Feature",
      "geometry": {
        "type": "Point",
        "coordinates": [
          133.899749,
          34.506614
        ]
      },
      "properties": {
        "NO": "515",
        "共通ID": "E3320400039111",
        "施設・場所名": "迫間公民館",
        "住所": "岡山県玉野市迫間1253-3",
        "指定緊急避難場所との住所同一": "",
        "その他市町村長が必要と認める事項": "",
        "受入対象者": "",
        "備考": ""
      }
    },
    {
      "type": "Feature",
      "geometry": {
        "type": "Point",
        "coordinates": [
          133.946742,
          34.569684
        ]
      },
      "properties": {
        "NO": "516",
        "共通ID": "E3320400040111",
        "施設・場所名": "見石ニュータウンコミュニティハウス",
        "住所": "岡山県玉野市八浜町見石1609-40",
        "指定緊急避難場所との住所同一": "",
        "その他市町村長が必要と認める事項": "",
        "受入対象者": "",
        "備考": ""
      }
    },
    {
      "type": "Feature",
      "geometry": {
        "type": "Point",
        "coordinates": [
          133.944397,
          34.566118
        ]
      },
      "properties": {
        "NO": "517",
        "共通ID": "E3320400041111",
        "施設・場所名": "碁石地区コミュニティハウス",
        "住所": "岡山県玉野市八浜町見石883-4",
        "指定緊急避難場所との住所同一": "",
        "その他市町村長が必要と認める事項": "",
        "受入対象者": "",
        "備考": ""
      }
    },
    {
      "type": "Feature",
      "geometry": {
        "type": "Point",
        "coordinates": [
          133.927981,
          34.531153
        ]
      },
      "properties": {
        "NO": "518",
        "共通ID": "E3320400042111",
        "施設・場所名": "大崎公民館",
        "住所": "岡山県玉野市八浜町大崎1649-1",
        "指定緊急避難場所との住所同一": "1",
        "その他市町村長が必要と認める事項": "",
        "受入対象者": "",
        "備考": ""
      }
    },
    {
      "type": "Feature",
      "geometry": {
        "type": "Point",
        "coordinates": [
          133.947415,
          34.553448
        ]
      },
      "properties": {
        "NO": "519",
        "共通ID": "E3320400043111",
        "施設・場所名": "八浜小学校（体育館）",
        "住所": "岡山県玉野市八浜町波知29",
        "指定緊急避難場所との住所同一": "1",
        "その他市町村長が必要と認める事項": "",
        "受入対象者": "",
        "備考": ""
      }
    },
    {
      "type": "Feature",
      "geometry": {
        "type": "Point",
        "coordinates": [
          133.94353,
          34.555463
        ]
      },
      "properties": {
        "NO": "520",
        "共通ID": "E3320400044111",
        "施設・場所名": "八浜中学校（体育館）",
        "住所": "岡山県玉野市八浜町八浜1438",
        "指定緊急避難場所との住所同一": "1",
        "その他市町村長が必要と認める事項": "",
        "受入対象者": "",
        "備考": ""
      }
    },
    {
      "type": "Feature",
      "geometry": {
        "type": "Point",
        "coordinates": [
          133.944961,
          34.551109
        ]
      },
      "properties": {
        "NO": "521",
        "共通ID": "E3320400045111",
        "施設・場所名": "八浜市民センター",
        "住所": "岡山県玉野市八浜町八浜165-1",
        "指定緊急避難場所との住所同一": "1",
        "その他市町村長が必要と認める事項": "",
        "受入対象者": "",
        "備考": ""
      }
    },
    {
      "type": "Feature",
      "geometry": {
        "type": "Point",
        "coordinates": [
          134.016482,
          34.566379
        ]
      },
      "properties": {
        "NO": "522",
        "共通ID": "E3320400046111",
        "施設・場所名": "旧鉾立小学校（体育館）",
        "住所": "岡山県玉野市北方1274",
        "指定緊急避難場所との住所同一": "1",
        "その他市町村長が必要と認める事項": "",
        "受入対象者": "",
        "備考": ""
      }
    },
    {
      "type": "Feature",
      "geometry": {
        "type": "Point",
        "coordinates": [
          134.015441,
          34.56374
        ]
      },
      "properties": {
        "NO": "523",
        "共通ID": "E3320400047111",
        "施設・場所名": "鉾立公民館",
        "住所": "岡山県玉野市北方1349-1",
        "指定緊急避難場所との住所同一": "1",
        "その他市町村長が必要と認める事項": "",
        "受入対象者": "",
        "備考": ""
      }
    },
    {
      "type": "Feature",
      "geometry": {
        "type": "Point",
        "coordinates": [
          134.008349,
          34.566646
        ]
      },
      "properties": {
        "NO": "524",
        "共通ID": "E3320400048112",
        "施設・場所名": "東児中学校（体育館）",
        "住所": "岡山県玉野市北方444",
        "指定緊急避難場所との住所同一": "1",
        "その他市町村長が必要と認める事項": "",
        "受入対象者": "",
        "備考": ""
      }
    },
    {
      "type": "Feature",
      "geometry": {
        "type": "Point",
        "coordinates": [
          133.923541,
          34.459119
        ]
      },
      "properties": {
        "NO": "525",
        "共通ID": "E3320400049111",
        "施設・場所名": "第二日比小学校（体育館）",
        "住所": "岡山県玉野市明神町1-1",
        "指定緊急避難場所との住所同一": "1",
        "その他市町村長が必要と認める事項": "",
        "受入対象者": "",
        "備考": ""
      }
    },
    {
      "type": "Feature",
      "geometry": {
        "type": "Point",
        "coordinates": [
          133.890087,
          34.506839
        ]
      },
      "properties": {
        "NO": "526",
        "共通ID": "E3320400050111",
        "施設・場所名": "荘内中学校（体育館）",
        "住所": "岡山県玉野市木目1373",
        "指定緊急避難場所との住所同一": "1",
        "その他市町村長が必要と認める事項": "",
        "受入対象者": "",
        "備考": ""
      }
    },
    {
      "type": "Feature",
      "geometry": {
        "type": "Point",
        "coordinates": [
          133.890976,
          34.511664
        ]
      },
      "properties": {
        "NO": "527",
        "共通ID": "E3320400051111",
        "施設・場所名": "荘内小学校（体育館）",
        "住所": "岡山県玉野市木目498",
        "指定緊急避難場所との住所同一": "1",
        "その他市町村長が必要と認める事項": "",
        "受入対象者": "",
        "備考": ""
      }
    },
    {
      "type": "Feature",
      "geometry": {
        "type": "Point",
        "coordinates": [
          133.894544,
          34.512973
        ]
      },
      "properties": {
        "NO": "528",
        "共通ID": "E3320400052111",
        "施設・場所名": "荘内市民センター",
        "住所": "岡山県玉野市用吉1186-1",
        "指定緊急避難場所との住所同一": "1",
        "その他市町村長が必要と認める事項": "",
        "受入対象者": "",
        "備考": ""
      }
    },
    {
      "type": "Feature",
      "geometry": {
        "type": "Point",
        "coordinates": [
          133.923761,
          34.469454
        ]
      },
      "properties": {
        "NO": "529",
        "共通ID": "E3320400053111",
        "施設・場所名": "和田市民センター",
        "住所": "岡山県玉野市和田3-1-2",
        "指定緊急避難場所との住所同一": "1",
        "その他市町村長が必要と認める事項": "",
        "受入対象者": "",
        "備考": ""
      }
    },
    {
      "type": "Feature",
      "geometry": {
        "type": "Point",
        "coordinates": [
          133.916981,
          34.469655
        ]
      },
      "properties": {
        "NO": "530",
        "共通ID": "E3320400054111",
        "施設・場所名": "生涯学習センター（玉野備南高等学校）",
        "住所": "岡山県玉野市和田4-7-1",
        "指定緊急避難場所との住所同一": "1",
        "その他市町村長が必要と認める事項": "",
        "受入対象者": "",
        "備考": ""
      }
    },
    {
      "type": "Feature",
      "geometry": {
        "type": "Point",
        "coordinates": [
          133.916996,
          34.470985
        ]
      },
      "properties": {
        "NO": "531",
        "共通ID": "E3320400055111",
        "施設・場所名": "日比中学校（体育館）",
        "住所": "岡山県玉野市和田6-13-1",
        "指定緊急避難場所との住所同一": "1",
        "その他市町村長が必要と認める事項": "",
        "受入対象者": "",
        "備考": ""
      }
    },
    {
      "type": "Feature",
      "geometry": {
        "type": "Point",
        "coordinates": [
          133.490316,
          34.827141
        ]
      },
      "properties": {
        "NO": "532",
        "共通ID": "E3320900001111",
        "施設・場所名": "旧宇治幼稚園",
        "住所": "岡山県高梁市宇治町宇治1677",
        "指定緊急避難場所との住所同一": "1",
        "その他市町村長が必要と認める事項": "",
        "受入対象者": "",
        "備考": ""
      }
    },
    {
      "type": "Feature",
      "geometry": {
        "type": "Point",
        "coordinates": [
          133.49028,
          34.827661
        ]
      },
      "properties": {
        "NO": "533",
        "共通ID": "E3320900002111",
        "施設・場所名": "旧宇治小学校",
        "住所": "岡山県高梁市宇治町宇治1681-2",
        "指定緊急避難場所との住所同一": "1",
        "その他市町村長が必要と認める事項": "",
        "受入対象者": "",
        "備考": ""
      }
    },
    {
      "type": "Feature",
      "geometry": {
        "type": "Point",
        "coordinates": [
          133.491362,
          34.827682
        ]
      },
      "properties": {
        "NO": "534",
        "共通ID": "E3320900003111",
        "施設・場所名": "宇治総合会館",
        "住所": "岡山県高梁市宇治町宇治1690",
        "指定緊急避難場所との住所同一": "1",
        "その他市町村長が必要と認める事項": null,
        "受入対象者": null,
        "備考": ""
      }
    },
    {
      "type": "Feature",
      "geometry": {
        "type": "Point",
        "coordinates": [
          133.515799,
          34.843148
        ]
      },
      "properties": {
        "NO": "535",
        "共通ID": "E3320900004111",
        "施設・場所名": "遠原農村生活改善センター",
        "住所": "岡山県高梁市宇治町遠原2178-4",
        "指定緊急避難場所との住所同一": "1",
        "その他市町村長が必要と認める事項": null,
        "受入対象者": null,
        "備考": ""
      }
    },
    {
      "type": "Feature",
      "geometry": {
        "type": "Point",
        "coordinates": [
          133.471669,
          34.815601
        ]
      },
      "properties": {
        "NO": "536",
        "共通ID": "E3320900005111",
        "施設・場所名": "塩田農村生活改善センター",
        "住所": "岡山県高梁市宇治町穴田1357-1",
        "指定緊急避難場所との住所同一": "1",
        "その他市町村長が必要と認める事項": null,
        "受入対象者": null,
        "備考": ""
      }
    },
    {
      "type": "Feature",
      "geometry": {
        "type": "Point",
        "coordinates": [
          133.625477,
          34.878868
        ]
      },
      "properties": {
        "NO": "537",
        "共通ID": "E3320900007111",
        "施設・場所名": "横田農村生活改善センター",
        "住所": "岡山県高梁市巨瀬町3931-5",
        "指定緊急避難場所との住所同一": "1",
        "その他市町村長が必要と認める事項": null,
        "受入対象者": null,
        "備考": ""
      }
    },
    {
      "type": "Feature",
      "geometry": {
        "type": "Point",
        "coordinates": [
          133.643677,
          34.876407
        ]
      },
      "properties": {
        "NO": "538",
        "共通ID": "E3320900008111",
        "施設・場所名": "塩坪農村生活改善センター",
        "住所": "岡山県高梁市巨瀬町4736",
        "指定緊急避難場所との住所同一": "1",
        "その他市町村長が必要と認める事項": null,
        "受入対象者": null,
        "備考": ""
      }
    },
    {
      "type": "Feature",
      "geometry": {
        "type": "Point",
        "coordinates": [
          133.64076,
          34.872329
        ]
      },
      "properties": {
        "NO": "539",
        "共通ID": "E3320900009111",
        "施設・場所名": "巨瀬地域福祉センター",
        "住所": "岡山県高梁市巨瀬町4864-1",
        "指定緊急避難場所との住所同一": "1",
        "その他市町村長が必要と認める事項": null,
        "受入対象者": null,
        "備考": ""
      }
    },
    {
      "type": "Feature",
      "geometry": {
        "type": "Point",
        "coordinates": [
          133.639773,
          34.871606
        ]
      },
      "properties": {
        "NO": "540",
        "共通ID": "E3320900010111",
        "施設・場所名": "巨瀬小学校",
        "住所": "岡山県高梁市巨瀬町4966-2",
        "指定緊急避難場所との住所同一": "1",
        "その他市町村長が必要と認める事項": null,
        "受入対象者": null,
        "備考": ""
      }
    },
    {
      "type": "Feature",
      "geometry": {
        "type": "Point",
        "coordinates": [
          133.639836,
          34.871236
        ]
      },
      "properties": {
        "NO": "541",
        "共通ID": "E3320900011111",
        "施設・場所名": "巨瀬幼稚園",
        "住所": "岡山県高梁市巨瀬町4972-5",
        "指定緊急避難場所との住所同一": "1",
        "その他市町村長が必要と認める事項": null,
        "受入対象者": null,
        "備考": ""
      }
    },
    {
      "type": "Feature",
      "geometry": {
        "type": "Point",
        "coordinates": [
          133.581286,
          34.76199
        ]
      },
      "properties": {
        "NO": "542",
        "共通ID": "E3320900012111",
        "施設・場所名": "下切農村生活改善センター",
        "住所": "岡山県高梁市玉川町下切1293",
        "指定緊急避難場所との住所同一": "1",
        "その他市町村長が必要と認める事項": null,
        "受入対象者": null,
        "備考": ""
      }
    },
    {
      "type": "Feature",
      "geometry": {
        "type": "Point",
        "coordinates": [
          133.601635,
          34.754019
        ]
      },
      "properties": {
        "NO": "543",
        "共通ID": "E3320900013111",
        "施設・場所名": "玉川幼稚園",
        "住所": "岡山県高梁市玉川町玉1528-2",
        "指定緊急避難場所との住所同一": "1",
        "その他市町村長が必要と認める事項": null,
        "受入対象者": null,
        "備考": ""
      }
    },
    {
      "type": "Feature",
      "geometry": {
        "type": "Point",
        "coordinates": [
          133.601286,
          34.754451
        ]
      },
      "properties": {
        "NO": "544",
        "共通ID": "E3320900014111",
        "施設・場所名": "玉川小学校",
        "住所": "岡山県高梁市玉川町玉1538-1",
        "指定緊急避難場所との住所同一": "1",
        "その他市町村長が必要と認める事項": null,
        "受入対象者": null,
        "備考": ""
      }
    },
    {
      "type": "Feature",
      "geometry": {
        "type": "Point",
        "coordinates": [
          133.601536,
          34.754727
        ]
      },
      "properties": {
        "NO": "545",
        "共通ID": "E3320900015111",
        "施設・場所名": "玉川総合会館",
        "住所": "岡山県高梁市玉川町玉1550",
        "指定緊急避難場所との住所同一": "1",
        "その他市町村長が必要と認める事項": "",
        "受入対象者": "",
        "備考": ""
      }
    },
    {
      "type": "Feature",
      "geometry": {
        "type": "Point",
        "coordinates": [
          133.581446,
          34.729738
        ]
      },
      "properties": {
        "NO": "546",
        "共通ID": "E3320900016111",
        "施設・場所名": "増原農村生活改善センター",
        "住所": "岡山県高梁市玉川町増原783",
        "指定緊急避難場所との住所同一": "1",
        "その他市町村長が必要と認める事項": null,
        "受入対象者": null,
        "備考": ""
      }
    },
    {
      "type": "Feature",
      "geometry": {
        "type": "Point",
        "coordinates": [
          133.614913,
          34.785345
        ]
      },
      "properties": {
        "NO": "547",
        "共通ID": "E3320900017111",
        "施設・場所名": "高梁市文化交流館",
        "住所": "岡山県高梁市原田北町1203-1",
        "指定緊急避難場所との住所同一": "1",
        "その他市町村長が必要と認める事項": null,
        "受入対象者": null,
        "備考": ""
      }
    },
    {
      "type": "Feature",
      "geometry": {
        "type": "Point",
        "coordinates": [
          133.615803,
          34.784768
        ]
      },
      "properties": {
        "NO": "548",
        "共通ID": "E3320900018111",
        "施設・場所名": "高梁総合文化会館",
        "住所": "岡山県高梁市原田北町1212",
        "指定緊急避難場所との住所同一": "1",
        "その他市町村長が必要と認める事項": null,
        "受入対象者": null,
        "備考": ""
      }
    },
    {
      "type": "Feature",
      "geometry": {
        "type": "Point",
        "coordinates": [
          133.615675,
          34.785728
        ]
      },
      "properties": {
        "NO": "549",
        "共通ID": "E3320900019111",
        "施設・場所名": "高梁南コミュニティハウス",
        "住所": "岡山県高梁市原田北町1215-2",
        "指定緊急避難場所との住所同一": "1",
        "その他市町村長が必要と認める事項": null,
        "受入対象者": null,
        "備考": ""
      }
    },
    {
      "type": "Feature",
      "geometry": {
        "type": "Point",
        "coordinates": [
          133.614986,
          34.78625
        ]
      },
      "properties": {
        "NO": "550",
        "共通ID": "E3320900020111",
        "施設・場所名": "岡山県立高梁城南高等学校",
        "住所": "岡山県高梁市原田北町1216-1",
        "指定緊急避難場所との住所同一": "1",
        "その他市町村長が必要と認める事項": null,
        "受入対象者": null,
        "備考": ""
      }
    },
    {
      "type": "Feature",
      "geometry": {
        "type": "Point",
        "coordinates": [
          133.614108,
          34.806594
        ]
      },
      "properties": {
        "NO": "551",
        "共通ID": "E3320900021111",
        "施設・場所名": "八長コミュニティハウス",
        "住所": "岡山県高梁市高倉町大瀬八長1803-5",
        "指定緊急避難場所との住所同一": "1",
        "その他市町村長が必要と認める事項": null,
        "受入対象者": null,
        "備考": ""
      }
    },
    {
      "type": "Feature",
      "geometry": {
        "type": "Point",
        "coordinates": [
          133.578432,
          34.856625
        ]
      },
      "properties": {
        "NO": "552",
        "共通ID": "E3320900022111",
        "施設・場所名": "高倉地域市民センター",
        "住所": "岡山県高梁市高倉町田井4532-2",
        "指定緊急避難場所との住所同一": "1",
        "その他市町村長が必要と認める事項": null,
        "受入対象者": null,
        "備考": ""
      }
    },
    {
      "type": "Feature",
      "geometry": {
        "type": "Point",
        "coordinates": [
          133.568198,
          34.854037
        ]
      },
      "properties": {
        "NO": "553",
        "共通ID": "E3320900023111",
        "施設・場所名": "旧高倉小学校体育館",
        "住所": "岡山県高梁市高倉町飯部3344-1",
        "指定緊急避難場所との住所同一": "1",
        "その他市町村長が必要と認める事項": null,
        "受入対象者": null,
        "備考": ""
      }
    },
    {
      "type": "Feature",
      "geometry": {
        "type": "Point",
        "coordinates": [
          133.560139,
          34.82015
        ]
      },
      "properties": {
        "NO": "554",
        "共通ID": "E3320900025111",
        "施設・場所名": "松原町コミュニティハウス",
        "住所": "岡山県高梁市松原町春木669-1",
        "指定緊急避難場所との住所同一": "1",
        "その他市町村長が必要と認める事項": null,
        "受入対象者": null,
        "備考": ""
      }
    },
    {
      "type": "Feature",
      "geometry": {
        "type": "Point",
        "coordinates": [
          133.558202,
          34.820469
        ]
      },
      "properties": {
        "NO": "555",
        "共通ID": "E3320900026112",
        "施設・場所名": "旧松原幼稚園",
        "住所": "岡山県高梁市松原町春木683-2",
        "指定緊急避難場所との住所同一": "1",
        "その他市町村長が必要と認める事項": "",
        "受入対象者": "",
        "備考": ""
      }
    },
    {
      "type": "Feature",
      "geometry": {
        "type": "Point",
        "coordinates": [
          133.55855,
          34.82061
        ]
      },
      "properties": {
        "NO": "556",
        "共通ID": "E3320900026111",
        "施設・場所名": "旧松原小学校",
        "住所": "岡山県高梁市松原町春木683-2",
        "指定緊急避難場所との住所同一": "1",
        "その他市町村長が必要と認める事項": "",
        "受入対象者": "",
        "備考": ""
      }
    },
    {
      "type": "Feature",
      "geometry": {
        "type": "Point",
        "coordinates": [
          133.584297,
          34.821315
        ]
      },
      "properties": {
        "NO": "557",
        "共通ID": "E3320900027111",
        "施設・場所名": "神原農村生活改善センター",
        "住所": "岡山県高梁市松原町神原1363",
        "指定緊急避難場所との住所同一": "1",
        "その他市町村長が必要と認める事項": null,
        "受入対象者": null,
        "備考": ""
      }
    },
    {
      "type": "Feature",
      "geometry": {
        "type": "Point",
        "coordinates": [
          133.534758,
          34.780618
        ]
      },
      "properties": {
        "NO": "558",
        "共通ID": "E3320900028111",
        "施設・場所名": "成羽小学校",
        "住所": "岡山県高梁市成羽町下原1086",
        "指定緊急避難場所との住所同一": "1",
        "その他市町村長が必要と認める事項": null,
        "受入対象者": null,
        "備考": ""
      }
    },
    {
      "type": "Feature",
      "geometry": {
        "type": "Point",
        "coordinates": [
          133.540886,
          34.782069
        ]
      },
      "properties": {
        "NO": "559",
        "共通ID": "E3320900029111",
        "施設・場所名": "成羽武道館",
        "住所": "岡山県高梁市成羽町下原884",
        "指定緊急避難場所との住所同一": "1",
        "その他市町村長が必要と認める事項": null,
        "受入対象者": null,
        "備考": ""
      }
    },
    {
      "type": "Feature",
      "geometry": {
        "type": "Point",
        "coordinates": [
          133.539011,
          34.782719
        ]
      },
      "properties": {
        "NO": "560",
        "共通ID": "E3320900030111",
        "施設・場所名": "成羽文化センター（分館）",
        "住所": "岡山県高梁市成羽町下原967",
        "指定緊急避難場所との住所同一": "1",
        "その他市町村長が必要と認める事項": "",
        "受入対象者": "",
        "備考": ""
      }
    },
    {
      "type": "Feature",
      "geometry": {
        "type": "Point",
        "coordinates": [
          133.547081,
          34.756287
        ]
      },
      "properties": {
        "NO": "561",
        "共通ID": "E3320900031111",
        "施設・場所名": "日名交流館かぐら",
        "住所": "岡山県高梁市成羽町下日名712-1",
        "指定緊急避難場所との住所同一": "1",
        "その他市町村長が必要と認める事項": null,
        "受入対象者": null,
        "備考": ""
      }
    },
    {
      "type": "Feature",
      "geometry": {
        "type": "Point",
        "coordinates": [
          133.546657,
          34.756256
        ]
      },
      "properties": {
        "NO": "562",
        "共通ID": "E3320900032111",
        "施設・場所名": "日名洗心荘",
        "住所": "岡山県高梁市成羽町下日名715",
        "指定緊急避難場所との住所同一": "1",
        "その他市町村長が必要と認める事項": null,
        "受入対象者": null,
        "備考": ""
      }
    },
    {
      "type": "Feature",
      "geometry": {
        "type": "Point",
        "coordinates": [
          133.4516,
          34.862463
        ]
      },
      "properties": {
        "NO": "563",
        "共通ID": "E3320900033111",
        "施設・場所名": "坂本生活改善センター",
        "住所": "岡山県高梁市成羽町坂本1061",
        "指定緊急避難場所との住所同一": "1",
        "その他市町村長が必要と認める事項": null,
        "受入対象者": null,
        "備考": ""
      }
    },
    {
      "type": "Feature",
      "geometry": {
        "type": "Point",
        "coordinates": [
          133.45141,
          34.862349
        ]
      },
      "properties": {
        "NO": "564",
        "共通ID": "E3320900033112",
        "施設・場所名": "坂本コミュニティセンター",
        "住所": "岡山県高梁市成羽町坂本1061",
        "指定緊急避難場所との住所同一": "1",
        "その他市町村長が必要と認める事項": null,
        "受入対象者": null,
        "備考": ""
      }
    },
    {
      "type": "Feature",
      "geometry": {
        "type": "Point",
        "coordinates": [
          133.493295,
          34.797737
        ]
      },
      "properties": {
        "NO": "565",
        "共通ID": "E3320900034111",
        "施設・場所名": "小泉憩の家",
        "住所": "岡山県高梁市成羽町小泉286",
        "指定緊急避難場所との住所同一": "1",
        "その他市町村長が必要と認める事項": null,
        "受入対象者": null,
        "備考": ""
      }
    },
    {
      "type": "Feature",
      "geometry": {
        "type": "Point",
        "coordinates": [
          133.470584,
          34.861439
        ]
      },
      "properties": {
        "NO": "566",
        "共通ID": "E3320900035111",
        "施設・場所名": "吹屋連絡所",
        "住所": "岡山県高梁市成羽町吹屋838-2",
        "指定緊急避難場所との住所同一": "1",
        "その他市町村長が必要と認める事項": null,
        "受入対象者": null,
        "備考": ""
      }
    },
    {
      "type": "Feature",
      "geometry": {
        "type": "Point",
        "coordinates": [
          133.53157,
          34.786041
        ]
      },
      "properties": {
        "NO": "567",
        "共通ID": "E3320900036111",
        "施設・場所名": "成羽体育館",
        "住所": "岡山県高梁市成羽町成羽2251-1",
        "指定緊急避難場所との住所同一": "1",
        "その他市町村長が必要と認める事項": "",
        "受入対象者": "",
        "備考": ""
      }
    },
    {
      "type": "Feature",
      "geometry": {
        "type": "Point",
        "coordinates": [
          133.531543,
          34.786777
        ]
      },
      "properties": {
        "NO": "568",
        "共通ID": "E3320900036112",
        "施設・場所名": "成羽こども園",
        "住所": "岡山県高梁市成羽町成羽2251-1",
        "指定緊急避難場所との住所同一": "1",
        "その他市町村長が必要と認める事項": "",
        "受入対象者": "",
        "備考": ""
      }
    },
    {
      "type": "Feature",
      "geometry": {
        "type": "Point",
        "coordinates": [
          133.53288,
          34.785136
        ]
      },
      "properties": {
        "NO": "569",
        "共通ID": "E3320900038111",
        "施設・場所名": "成美コミュニティセンター・成美集会所",
        "住所": "岡山県高梁市成羽町成羽2771",
        "指定緊急避難場所との住所同一": "1",
        "その他市町村長が必要と認める事項": null,
        "受入対象者": null,
        "備考": ""
      }
    },
    {
      "type": "Feature",
      "geometry": {
        "type": "Point",
        "coordinates": [
          133.531915,
          34.784961
        ]
      },
      "properties": {
        "NO": "570",
        "共通ID": "E3320900039111",
        "施設・場所名": "成羽ミニスポーツセンター",
        "住所": "岡山県高梁市成羽町成羽2796-4",
        "指定緊急避難場所との住所同一": "1",
        "その他市町村長が必要と認める事項": null,
        "受入対象者": null,
        "備考": ""
      }
    },
    {
      "type": "Feature",
      "geometry": {
        "type": "Point",
        "coordinates": [
          133.538357,
          34.785653
        ]
      },
      "properties": {
        "NO": "571",
        "共通ID": "E3320900040111",
        "施設・場所名": "成羽中学校",
        "住所": "岡山県高梁市成羽町成羽601",
        "指定緊急避難場所との住所同一": "1",
        "その他市町村長が必要と認める事項": null,
        "受入対象者": null,
        "備考": ""
      }
    },
    {
      "type": "Feature",
      "geometry": {
        "type": "Point",
        "coordinates": [
          133.469024,
          34.841452
        ]
      },
      "properties": {
        "NO": "572",
        "共通ID": "E3320900041111",
        "施設・場所名": "中野生活改善センター",
        "住所": "岡山県高梁市成羽町中野2776-2",
        "指定緊急避難場所との住所同一": "1",
        "その他市町村長が必要と認める事項": null,
        "受入対象者": null,
        "備考": ""
      }
    },
    {
      "type": "Feature",
      "geometry": {
        "type": "Point",
        "coordinates": [
          133.46997,
          34.802762
        ]
      },
      "properties": {
        "NO": "573",
        "共通ID": "E3320900042111",
        "施設・場所名": "中コミュニティセンター",
        "住所": "岡山県高梁市成羽町長地1247-1",
        "指定緊急避難場所との住所同一": "1",
        "その他市町村長が必要と認める事項": null,
        "受入対象者": null,
        "備考": ""
      }
    },
    {
      "type": "Feature",
      "geometry": {
        "type": "Point",
        "coordinates": [
          133.435474,
          34.819461
        ]
      },
      "properties": {
        "NO": "574",
        "共通ID": "E3320900043111",
        "施設・場所名": "旧備中中学校",
        "住所": "岡山県高梁市成羽町布寄109",
        "指定緊急避難場所との住所同一": "1",
        "その他市町村長が必要と認める事項": null,
        "受入対象者": null,
        "備考": ""
      }
    },
    {
      "type": "Feature",
      "geometry": {
        "type": "Point",
        "coordinates": [
          133.434221,
          34.818339
        ]
      },
      "properties": {
        "NO": "575",
        "共通ID": "E3320900044111",
        "施設・場所名": "田原集会所",
        "住所": "岡山県高梁市成羽町布寄145-1",
        "指定緊急避難場所との住所同一": "1",
        "その他市町村長が必要と認める事項": null,
        "受入対象者": null,
        "備考": ""
      }
    },
    {
      "type": "Feature",
      "geometry": {
        "type": "Point",
        "coordinates": [
          133.458608,
          34.737114
        ]
      },
      "properties": {
        "NO": "576",
        "共通ID": "E3320900046111",
        "施設・場所名": "下大竹コミュニティハウス",
        "住所": "岡山県高梁市川上町下大竹768",
        "指定緊急避難場所との住所同一": "1",
        "その他市町村長が必要と認める事項": null,
        "受入対象者": null,
        "備考": ""
      }
    },
    {
      "type": "Feature",
      "geometry": {
        "type": "Point",
        "coordinates": [
          133.422798,
          34.743453
        ]
      },
      "properties": {
        "NO": "577",
        "共通ID": "E3320900047111",
        "施設・場所名": "高山コミュニティハウス",
        "住所": "岡山県高梁市川上町高山2973",
        "指定緊急避難場所との住所同一": "1",
        "その他市町村長が必要と認める事項": null,
        "受入対象者": null,
        "備考": ""
      }
    },
    {
      "type": "Feature",
      "geometry": {
        "type": "Point",
        "coordinates": [
          133.413997,
          34.738955
        ]
      },
      "properties": {
        "NO": "578",
        "共通ID": "E3320900049111",
        "施設・場所名": "旧高山小学校",
        "住所": "岡山県高梁市川上町高山4301-2",
        "指定緊急避難場所との住所同一": "1",
        "その他市町村長が必要と認める事項": null,
        "受入対象者": null,
        "備考": ""
      }
    },
    {
      "type": "Feature",
      "geometry": {
        "type": "Point",
        "coordinates": [
          133.40131,
          34.733731
        ]
      },
      "properties": {
        "NO": "579",
        "共通ID": "E3320900050111",
        "施設・場所名": "高山市コミュニティハウス",
        "住所": "岡山県高梁市川上町高山市35",
        "指定緊急避難場所との住所同一": "1",
        "その他市町村長が必要と認める事項": null,
        "受入対象者": null,
        "備考": ""
      }
    },
    {
      "type": "Feature",
      "geometry": {
        "type": "Point",
        "coordinates": [
          133.502748,
          34.720569
        ]
      },
      "properties": {
        "NO": "580",
        "共通ID": "E3320900051111",
        "施設・場所名": "三沢コミュニティハウス",
        "住所": "岡山県高梁市川上町三沢2027",
        "指定緊急避難場所との住所同一": "1",
        "その他市町村長が必要と認める事項": null,
        "受入対象者": null,
        "備考": ""
      }
    },
    {
      "type": "Feature",
      "geometry": {
        "type": "Point",
        "coordinates": [
          133.466755,
          34.759554
        ]
      },
      "properties": {
        "NO": "581",
        "共通ID": "E3320900052111",
        "施設・場所名": "七地コミュニティハウス",
        "住所": "岡山県高梁市川上町七地2113",
        "指定緊急避難場所との住所同一": "1",
        "その他市町村長が必要と認める事項": null,
        "受入対象者": null,
        "備考": ""
      }
    },
    {
      "type": "Feature",
      "geometry": {
        "type": "Point",
        "coordinates": [
          133.444272,
          34.716563
        ]
      },
      "properties": {
        "NO": "582",
        "共通ID": "E3320900053111",
        "施設・場所名": "上大竹コミュニティハウス",
        "住所": "岡山県高梁市川上町上大竹1501",
        "指定緊急避難場所との住所同一": "1",
        "その他市町村長が必要と認める事項": null,
        "受入対象者": null,
        "備考": ""
      }
    },
    {
      "type": "Feature",
      "geometry": {
        "type": "Point",
        "coordinates": [
          133.463562,
          34.723649
        ]
      },
      "properties": {
        "NO": "583",
        "共通ID": "E3320900054111",
        "施設・場所名": "大賀集会所",
        "住所": "岡山県高梁市川上町仁賀633-1",
        "指定緊急避難場所との住所同一": "1",
        "その他市町村長が必要と認める事項": null,
        "受入対象者": null,
        "備考": ""
      }
    },
    {
      "type": "Feature",
      "geometry": {
        "type": "Point",
        "coordinates": [
          133.457776,
          34.702991
        ]
      },
      "properties": {
        "NO": "584",
        "共通ID": "E3320900055111",
        "施設・場所名": "仁賀コミュニティハウス",
        "住所": "岡山県高梁市川上町仁賀7053-1",
        "指定緊急避難場所との住所同一": "1",
        "その他市町村長が必要と認める事項": null,
        "受入対象者": null,
        "備考": ""
      }
    },
    {
      "type": "Feature",
      "geometry": {
        "type": "Point",
        "coordinates": [
          133.484617,
          34.739731
        ]
      },
      "properties": {
        "NO": "585",
        "共通ID": "E3320900056111",
        "施設・場所名": "川上小学校",
        "住所": "岡山県高梁市川上町地頭1323",
        "指定緊急避難場所との住所同一": "1",
        "その他市町村長が必要と認める事項": null,
        "受入対象者": null,
        "備考": ""
      }
    },
    {
      "type": "Feature",
      "geometry": {
        "type": "Point",
        "coordinates": [
          133.484859,
          34.740737
        ]
      },
      "properties": {
        "NO": "586",
        "共通ID": "E3320900057111",
        "施設・場所名": "川上こども園",
        "住所": "岡山県高梁市川上町地頭1365",
        "指定緊急避難場所との住所同一": "1",
        "その他市町村長が必要と認める事項": null,
        "受入対象者": null,
        "備考": ""
      }
    },
    {
      "type": "Feature",
      "geometry": {
        "type": "Point",
        "coordinates": [
          133.486669,
          34.738517
        ]
      },
      "properties": {
        "NO": "587",
        "共通ID": "E3320900058111",
        "施設・場所名": "川上総合運動公園体育館",
        "住所": "岡山県高梁市川上町地頭1730",
        "指定緊急避難場所との住所同一": "1",
        "その他市町村長が必要と認める事項": "",
        "受入対象者": "",
        "備考": ""
      }
    },
    {
      "type": "Feature",
      "geometry": {
        "type": "Point",
        "coordinates": [
          133.483669,
          34.737673
        ]
      },
      "properties": {
        "NO": "588",
        "共通ID": "E3320900059111",
        "施設・場所名": "川上総合学習センター",
        "住所": "岡山県高梁市川上町地頭1822",
        "指定緊急避難場所との住所同一": "1",
        "その他市町村長が必要と認める事項": null,
        "受入対象者": null,
        "備考": ""
      }
    },
    {
      "type": "Feature",
      "geometry": {
        "type": "Point",
        "coordinates": [
          133.495592,
          34.755625
        ]
      },
      "properties": {
        "NO": "589",
        "共通ID": "E3320900060111",
        "施設・場所名": "領家コミュニティハウス",
        "住所": "岡山県高梁市川上町領家1371",
        "指定緊急避難場所との住所同一": "1",
        "その他市町村長が必要と認める事項": null,
        "受入対象者": null,
        "備考": ""
      }
    },
    {
      "type": "Feature",
      "geometry": {
        "type": "Point",
        "coordinates": [
          133.491127,
          34.748885
        ]
      },
      "properties": {
        "NO": "590",
        "共通ID": "E3320900061111",
        "施設・場所名": "川上中学校",
        "住所": "岡山県高梁市川上町領家1989-1",
        "指定緊急避難場所との住所同一": "1",
        "その他市町村長が必要と認める事項": null,
        "受入対象者": null,
        "備考": ""
      }
    },
    {
      "type": "Feature",
      "geometry": {
        "type": "Point",
        "coordinates": [
          133.593094,
          34.849048
        ]
      },
      "properties": {
        "NO": "591",
        "共通ID": "E3320900062111",
        "施設・場所名": "川面地域福祉センター",
        "住所": "岡山県高梁市川面町2212-1",
        "指定緊急避難場所との住所同一": "1",
        "その他市町村長が必要と認める事項": null,
        "受入対象者": null,
        "備考": ""
      }
    },
    {
      "type": "Feature",
      "geometry": {
        "type": "Point",
        "coordinates": [
          133.590581,
          34.848828
        ]
      },
      "properties": {
        "NO": "592",
        "共通ID": "E3320900063111",
        "施設・場所名": "高梁北中学校",
        "住所": "岡山県高梁市川面町2302-1",
        "指定緊急避難場所との住所同一": "1",
        "その他市町村長が必要と認める事項": null,
        "受入対象者": null,
        "備考": ""
      }
    },
    {
      "type": "Feature",
      "geometry": {
        "type": "Point",
        "coordinates": [
          133.600731,
          34.866269
        ]
      },
      "properties": {
        "NO": "593",
        "共通ID": "E3320900064111",
        "施設・場所名": "培根農村生活改善センター",
        "住所": "岡山県高梁市川面町6943",
        "指定緊急避難場所との住所同一": "1",
        "その他市町村長が必要と認める事項": null,
        "受入対象者": null,
        "備考": ""
      }
    },
    {
      "type": "Feature",
      "geometry": {
        "type": "Point",
        "coordinates": [
          133.598408,
          34.848499
        ]
      },
      "properties": {
        "NO": "594",
        "共通ID": "E3320900065111",
        "施設・場所名": "川面小学校",
        "住所": "岡山県高梁市川面町895",
        "指定緊急避難場所との住所同一": "1",
        "その他市町村長が必要と認める事項": null,
        "受入対象者": null,
        "備考": ""
      }
    },
    {
      "type": "Feature",
      "geometry": {
        "type": "Point",
        "coordinates": [
          133.584068,
          34.910354
        ]
      },
      "properties": {
        "NO": "595",
        "共通ID": "E3320900066111",
        "施設・場所名": "中井小学校",
        "住所": "岡山県高梁市中井町西方300",
        "指定緊急避難場所との住所同一": "1",
        "その他市町村長が必要と認める事項": null,
        "受入対象者": null,
        "備考": ""
      }
    },
    {
      "type": "Feature",
      "geometry": {
        "type": "Point",
        "coordinates": [
          133.583592,
          34.910385
        ]
      },
      "properties": {
        "NO": "596",
        "共通ID": "E3320900067111",
        "施設・場所名": "中井幼稚園",
        "住所": "岡山県高梁市中井町西方301-1",
        "指定緊急避難場所との住所同一": "1",
        "その他市町村長が必要と認める事項": null,
        "受入対象者": null,
        "備考": ""
      }
    },
    {
      "type": "Feature",
      "geometry": {
        "type": "Point",
        "coordinates": [
          133.579142,
          34.908762
        ]
      },
      "properties": {
        "NO": "597",
        "共通ID": "E3320900068111",
        "施設・場所名": "方谷の里ふれあいセンター",
        "住所": "岡山県高梁市中井町西方3158",
        "指定緊急避難場所との住所同一": "1",
        "その他市町村長が必要と認める事項": null,
        "受入対象者": null,
        "備考": ""
      }
    },
    {
      "type": "Feature",
      "geometry": {
        "type": "Point",
        "coordinates": [
          133.578974,
          34.909344
        ]
      },
      "properties": {
        "NO": "598",
        "共通ID": "E3320900069111",
        "施設・場所名": "中井健康増進センター",
        "住所": "岡山県高梁市中井町西方3167-1",
        "指定緊急避難場所との住所同一": "1",
        "その他市町村長が必要と認める事項": null,
        "受入対象者": null,
        "備考": ""
      }
    },
    {
      "type": "Feature",
      "geometry": {
        "type": "Point",
        "coordinates": [
          133.578968,
          34.909405
        ]
      },
      "properties": {
        "NO": "599",
        "共通ID": "E3320900069112",
        "施設・場所名": "中井生活改善センター",
        "住所": "岡山県高梁市中井町西方3167-1",
        "指定緊急避難場所との住所同一": "1",
        "その他市町村長が必要と認める事項": null,
        "受入対象者": null,
        "備考": ""
      }
    },
    {
      "type": "Feature",
      "geometry": {
        "type": "Point",
        "coordinates": [
          133.607387,
          34.92173
        ]
      },
      "properties": {
        "NO": "600",
        "共通ID": "E3320900070111",
        "施設・場所名": "津々農村生活改善センター",
        "住所": "岡山県高梁市中井町津々1587-2",
        "指定緊急避難場所との住所同一": "1",
        "その他市町村長が必要と認める事項": null,
        "受入対象者": null,
        "備考": ""
      }
    },
    {
      "type": "Feature",
      "geometry": {
        "type": "Point",
        "coordinates": [
          133.618793,
          34.825212
        ]
      },
      "properties": {
        "NO": "601",
        "共通ID": "E3320900072111",
        "施設・場所名": "津川幼稚園",
        "住所": "岡山県高梁市津川町今津1069-2",
        "指定緊急避難場所との住所同一": "1",
        "その他市町村長が必要と認める事項": null,
        "受入対象者": null,
        "備考": ""
      }
    },
    {
      "type": "Feature",
      "geometry": {
        "type": "Point",
        "coordinates": [
          133.619148,
          34.825321
        ]
      },
      "properties": {
        "NO": "602",
        "共通ID": "E3320900073111",
        "施設・場所名": "津川小学校",
        "住所": "岡山県高梁市津川町今津1077",
        "指定緊急避難場所との住所同一": "1",
        "その他市町村長が必要と認める事項": null,
        "受入対象者": null,
        "備考": ""
      }
    },
    {
      "type": "Feature",
      "geometry": {
        "type": "Point",
        "coordinates": [
          133.629716,
          34.830098
        ]
      },
      "properties": {
        "NO": "603",
        "共通ID": "E3320900074111",
        "施設・場所名": "津川総合会館",
        "住所": "岡山県高梁市津川町今津1801-1",
        "指定緊急避難場所との住所同一": "1",
        "その他市町村長が必要と認める事項": "",
        "受入対象者": "",
        "備考": ""
      }
    },
    {
      "type": "Feature",
      "geometry": {
        "type": "Point",
        "coordinates": [
          133.625014,
          34.830161
        ]
      },
      "properties": {
        "NO": "604",
        "共通ID": "E3320900075111",
        "施設・場所名": "高梁東中学校",
        "住所": "岡山県高梁市津川町今津1908",
        "指定緊急避難場所との住所同一": "1",
        "その他市町村長が必要と認める事項": null,
        "受入対象者": null,
        "備考": ""
      }
    },
    {
      "type": "Feature",
      "geometry": {
        "type": "Point",
        "coordinates": [
          133.629833,
          34.851415
        ]
      },
      "properties": {
        "NO": "605",
        "共通ID": "E3320900076111",
        "施設・場所名": "八川農村生活改善センター",
        "住所": "岡山県高梁市津川町八川894-3",
        "指定緊急避難場所との住所同一": "1",
        "その他市町村長が必要と認める事項": null,
        "受入対象者": null,
        "備考": ""
      }
    },
    {
      "type": "Feature",
      "geometry": {
        "type": "Point",
        "coordinates": [
          133.616761,
          34.803033
        ]
      },
      "properties": {
        "NO": "606",
        "共通ID": "E3320900077111",
        "施設・場所名": "高梁北コミュニティハウス",
        "住所": "岡山県高梁市内山下127-4",
        "指定緊急避難場所との住所同一": "1",
        "その他市町村長が必要と認める事項": null,
        "受入対象者": null,
        "備考": ""
      }
    },
    {
      "type": "Feature",
      "geometry": {
        "type": "Point",
        "coordinates": [
          133.618791,
          34.801144
        ]
      },
      "properties": {
        "NO": "607",
        "共通ID": "E3320900078111",
        "施設・場所名": "岡山県立高梁高等学校",
        "住所": "岡山県高梁市内山下38",
        "指定緊急避難場所との住所同一": "1",
        "その他市町村長が必要と認める事項": null,
        "受入対象者": null,
        "備考": ""
      }
    },
    {
      "type": "Feature",
      "geometry": {
        "type": "Point",
        "coordinates": [
          133.355135,
          34.855735
        ]
      },
      "properties": {
        "NO": "608",
        "共通ID": "E3320900079111",
        "施設・場所名": "コミュニティハウス西山荘",
        "住所": "岡山県高梁市備中町西山1744-2",
        "指定緊急避難場所との住所同一": "1",
        "その他市町村長が必要と認める事項": null,
        "受入対象者": null,
        "備考": ""
      }
    },
    {
      "type": "Feature",
      "geometry": {
        "type": "Point",
        "coordinates": [
          133.354357,
          34.856857
        ]
      },
      "properties": {
        "NO": "609",
        "共通ID": "E3320900080111",
        "施設・場所名": "旧西山小学校",
        "住所": "岡山県高梁市備中町西山2105",
        "指定緊急避難場所との住所同一": "1",
        "その他市町村長が必要と認める事項": null,
        "受入対象者": null,
        "備考": ""
      }
    },
    {
      "type": "Feature",
      "geometry": {
        "type": "Point",
        "coordinates": [
          133.412593,
          34.838206
        ]
      },
      "properties": {
        "NO": "610",
        "共通ID": "E3320900081111",
        "施設・場所名": "コミュニティハウス湯野荘",
        "住所": "岡山県高梁市備中町西油野1304",
        "指定緊急避難場所との住所同一": "1",
        "その他市町村長が必要と認める事項": null,
        "受入対象者": null,
        "備考": ""
      }
    },
    {
      "type": "Feature",
      "geometry": {
        "type": "Point",
        "coordinates": [
          133.412564,
          34.838734
        ]
      },
      "properties": {
        "NO": "611",
        "共通ID": "E3320900082111",
        "施設・場所名": "旧湯野小学校",
        "住所": "岡山県高梁市備中町西油野1323-1",
        "指定緊急避難場所との住所同一": "1",
        "その他市町村長が必要と認める事項": null,
        "受入対象者": null,
        "備考": ""
      }
    },
    {
      "type": "Feature",
      "geometry": {
        "type": "Point",
        "coordinates": [
          133.460011,
          34.786873
        ]
      },
      "properties": {
        "NO": "612",
        "共通ID": "E3320900083111",
        "施設・場所名": "富家小学校",
        "住所": "岡山県高梁市備中町長屋27-1",
        "指定緊急避難場所との住所同一": "1",
        "その他市町村長が必要と認める事項": null,
        "受入対象者": null,
        "備考": ""
      }
    },
    {
      "type": "Feature",
      "geometry": {
        "type": "Point",
        "coordinates": [
          133.433566,
          34.81614
        ]
      },
      "properties": {
        "NO": "613",
        "共通ID": "E3320900084111",
        "施設・場所名": "コミュニティハウス田原荘・田原荘分館",
        "住所": "岡山県高梁市備中町東油野1254-1",
        "指定緊急避難場所との住所同一": "1",
        "その他市町村長が必要と認める事項": "",
        "受入対象者": "",
        "備考": ""
      }
    },
    {
      "type": "Feature",
      "geometry": {
        "type": "Point",
        "coordinates": [
          133.437639,
          34.775974
        ]
      },
      "properties": {
        "NO": "614",
        "共通ID": "E3320900085111",
        "施設・場所名": "コミュニティハウス布瀬会館布賀はくうん荘・布賀ふれあい会館",
        "住所": "岡山県高梁市備中町布賀1546",
        "指定緊急避難場所との住所同一": "1",
        "その他市町村長が必要と認める事項": "",
        "受入対象者": "",
        "備考": ""
      }
    },
    {
      "type": "Feature",
      "geometry": {
        "type": "Point",
        "coordinates": [
          133.456953,
          34.786626
        ]
      },
      "properties": {
        "NO": "615",
        "共通ID": "E3320900086111",
        "施設・場所名": "備中総合センター",
        "住所": "岡山県高梁市備中町布賀29-2",
        "指定緊急避難場所との住所同一": "1",
        "その他市町村長が必要と認める事項": null,
        "受入対象者": null,
        "備考": ""
      }
    },
    {
      "type": "Feature",
      "geometry": {
        "type": "Point",
        "coordinates": [
          133.424025,
          34.789155
        ]
      },
      "properties": {
        "NO": "616",
        "共通ID": "E3320900087111",
        "施設・場所名": "センターハウス（やすらぎの里活性化施設）",
        "住所": "岡山県高梁市備中町布賀3592-1",
        "指定緊急避難場所との住所同一": "1",
        "その他市町村長が必要と認める事項": null,
        "受入対象者": null,
        "備考": ""
      }
    },
    {
      "type": "Feature",
      "geometry": {
        "type": "Point",
        "coordinates": [
          133.424036,
          34.78382
        ]
      },
      "properties": {
        "NO": "617",
        "共通ID": "E3320900088111",
        "施設・場所名": "コミュニティハウス長谷荘",
        "住所": "岡山県高梁市備中町布賀3883-2",
        "指定緊急避難場所との住所同一": "1",
        "その他市町村長が必要と認める事項": null,
        "受入対象者": null,
        "備考": ""
      }
    },
    {
      "type": "Feature",
      "geometry": {
        "type": "Point",
        "coordinates": [
          133.466134,
          34.777821
        ]
      },
      "properties": {
        "NO": "618",
        "共通ID": "E3320900089111",
        "施設・場所名": "コミュニティセンターいわや荘",
        "住所": "岡山県高梁市備中町布瀬182-1",
        "指定緊急避難場所との住所同一": "1",
        "その他市町村長が必要と認める事項": null,
        "受入対象者": null,
        "備考": ""
      }
    },
    {
      "type": "Feature",
      "geometry": {
        "type": "Point",
        "coordinates": [
          133.466679,
          34.777927
        ]
      },
      "properties": {
        "NO": "619",
        "共通ID": "E3320900090111",
        "施設・場所名": "コミュニティハウス布瀬会館",
        "住所": "岡山県高梁市備中町布瀬198-1",
        "指定緊急避難場所との住所同一": "1",
        "その他市町村長が必要と認める事項": null,
        "受入対象者": null,
        "備考": ""
      }
    },
    {
      "type": "Feature",
      "geometry": {
        "type": "Point",
        "coordinates": [
          133.383433,
          34.799221
        ]
      },
      "properties": {
        "NO": "620",
        "共通ID": "E3320900091111",
        "施設・場所名": "旧平川小学校",
        "住所": "岡山県高梁市備中町平川6169",
        "指定緊急避難場所との住所同一": "1",
        "その他市町村長が必要と認める事項": null,
        "受入対象者": null,
        "備考": ""
      }
    },
    {
      "type": "Feature",
      "geometry": {
        "type": "Point",
        "coordinates": [
          133.384102,
          34.798453
        ]
      },
      "properties": {
        "NO": "621",
        "共通ID": "E3320900092111",
        "施設・場所名": "ひらかわいこいの家",
        "住所": "岡山県高梁市備中町平川6468-1",
        "指定緊急避難場所との住所同一": "1",
        "その他市町村長が必要と認める事項": null,
        "受入対象者": null,
        "備考": ""
      }
    },
    {
      "type": "Feature",
      "geometry": {
        "type": "Point",
        "coordinates": [
          133.674498,
          34.92936
        ]
      },
      "properties": {
        "NO": "622",
        "共通ID": "E3320900093111",
        "施設・場所名": "長代公民館",
        "住所": "岡山県高梁市有漢町上有漢2190-7",
        "指定緊急避難場所との住所同一": "1",
        "その他市町村長が必要と認める事項": null,
        "受入対象者": null,
        "備考": ""
      }
    },
    {
      "type": "Feature",
      "geometry": {
        "type": "Point",
        "coordinates": [
          133.698847,
          34.933564
        ]
      },
      "properties": {
        "NO": "623",
        "共通ID": "E3320900095111",
        "施設・場所名": "川関集落センター",
        "住所": "岡山県高梁市有漢町上有漢6171-1",
        "指定緊急避難場所との住所同一": "1",
        "その他市町村長が必要と認める事項": null,
        "受入対象者": null,
        "備考": ""
      }
    },
    {
      "type": "Feature",
      "geometry": {
        "type": "Point",
        "coordinates": [
          133.681097,
          34.916537
        ]
      },
      "properties": {
        "NO": "624",
        "共通ID": "E3320900096111",
        "施設・場所名": "旧有漢東小学校",
        "住所": "岡山県高梁市有漢町上有漢8263",
        "指定緊急避難場所との住所同一": "1",
        "その他市町村長が必要と認める事項": "",
        "受入対象者": "",
        "備考": ""
      }
    },
    {
      "type": "Feature",
      "geometry": {
        "type": "Point",
        "coordinates": [
          133.640116,
          34.898673
        ]
      },
      "properties": {
        "NO": "625",
        "共通ID": "E3320900097111",
        "施設・場所名": "大谷集落センター",
        "住所": "岡山県高梁市有漢町有漢1505-3",
        "指定緊急避難場所との住所同一": "1",
        "その他市町村長が必要と認める事項": null,
        "受入対象者": null,
        "備考": ""
      }
    },
    {
      "type": "Feature",
      "geometry": {
        "type": "Point",
        "coordinates": [
          133.65235,
          34.899348
        ]
      },
      "properties": {
        "NO": "626",
        "共通ID": "E3320900098111",
        "施設・場所名": "有漢ふれあいセンター",
        "住所": "岡山県高梁市有漢町有漢2105-1",
        "指定緊急避難場所との住所同一": "1",
        "その他市町村長が必要と認める事項": null,
        "受入対象者": null,
        "備考": ""
      }
    },
    {
      "type": "Feature",
      "geometry": {
        "type": "Point",
        "coordinates": [
          133.663587,
          34.904009
        ]
      },
      "properties": {
        "NO": "627",
        "共通ID": "E3320900101112",
        "施設・場所名": "有漢体育館",
        "住所": "岡山県高梁市有漢町有漢3387",
        "指定緊急避難場所との住所同一": "1",
        "その他市町村長が必要と認める事項": null,
        "受入対象者": null,
        "備考": ""
      }
    },
    {
      "type": "Feature",
      "geometry": {
        "type": "Point",
        "coordinates": [
          133.662476,
          34.903829
        ]
      },
      "properties": {
        "NO": "628",
        "共通ID": "E3320900101111",
        "施設・場所名": "有漢生涯学習センター",
        "住所": "岡山県高梁市有漢町有漢3387",
        "指定緊急避難場所との住所同一": "1",
        "その他市町村長が必要と認める事項": null,
        "受入対象者": null,
        "備考": ""
      }
    },
    {
      "type": "Feature",
      "geometry": {
        "type": "Point",
        "coordinates": [
          133.664023,
          34.904831
        ]
      },
      "properties": {
        "NO": "629",
        "共通ID": "E3320900102111",
        "施設・場所名": "有漢学園",
        "住所": "岡山県高梁市有漢町有漢3406",
        "指定緊急避難場所との住所同一": "1",
        "その他市町村長が必要と認める事項": "",
        "受入対象者": "",
        "備考": ""
      }
    },
    {
      "type": "Feature",
      "geometry": {
        "type": "Point",
        "coordinates": [
          133.680299,
          34.917545
        ]
      },
      "properties": {
        "NO": "630",
        "共通ID": "E3320900103111",
        "施設・場所名": "有漢農業構造改善センター",
        "住所": "岡山県高梁市有漢町有漢4780",
        "指定緊急避難場所との住所同一": "1",
        "その他市町村長が必要と認める事項": null,
        "受入対象者": null,
        "備考": ""
      }
    },
    {
      "type": "Feature",
      "geometry": {
        "type": "Point",
        "coordinates": [
          133.677326,
          34.910018
        ]
      },
      "properties": {
        "NO": "631",
        "共通ID": "E3320900104111",
        "施設・場所名": "常山交流センター",
        "住所": "岡山県高梁市有漢町有漢5577-3",
        "指定緊急避難場所との住所同一": "1",
        "その他市町村長が必要と認める事項": null,
        "受入対象者": null,
        "備考": ""
      }
    },
    {
      "type": "Feature",
      "geometry": {
        "type": "Point",
        "coordinates": [
          133.683636,
          34.908057
        ]
      },
      "properties": {
        "NO": "632",
        "共通ID": "E3320900105111",
        "施設・場所名": "精華コミュニティハウス",
        "住所": "岡山県高梁市有漢町有漢5758-1",
        "指定緊急避難場所との住所同一": "1",
        "その他市町村長が必要と認める事項": null,
        "受入対象者": null,
        "備考": ""
      }
    },
    {
      "type": "Feature",
      "geometry": {
        "type": "Point",
        "coordinates": [
          133.58643,
          34.777759
        ]
      },
      "properties": {
        "NO": "633",
        "共通ID": "E3320900106111",
        "施設・場所名": "落合小学校",
        "住所": "岡山県高梁市落合町阿部1686",
        "指定緊急避難場所との住所同一": "1",
        "その他市町村長が必要と認める事項": null,
        "受入対象者": null,
        "備考": ""
      }
    },
    {
      "type": "Feature",
      "geometry": {
        "type": "Point",
        "coordinates": [
          133.581246,
          34.778621
        ]
      },
      "properties": {
        "NO": "634",
        "共通ID": "E3320900107111",
        "施設・場所名": "落合勤労福祉会館",
        "住所": "岡山県高梁市落合町阿部2303",
        "指定緊急避難場所との住所同一": "1",
        "その他市町村長が必要と認める事項": null,
        "受入対象者": null,
        "備考": ""
      }
    },
    {
      "type": "Feature",
      "geometry": {
        "type": "Point",
        "coordinates": [
          133.58145,
          34.778524
        ]
      },
      "properties": {
        "NO": "635",
        "共通ID": "E3320900108111",
        "施設・場所名": "落合研修会館",
        "住所": "岡山県高梁市落合町阿部2303-2",
        "指定緊急避難場所との住所同一": "1",
        "その他市町村長が必要と認める事項": null,
        "受入対象者": null,
        "備考": ""
      }
    },
    {
      "type": "Feature",
      "geometry": {
        "type": "Point",
        "coordinates": [
          133.609945,
          34.794523
        ]
      },
      "properties": {
        "NO": "636",
        "共通ID": "E3320900109111",
        "施設・場所名": "高梁中学校",
        "住所": "岡山県高梁市落合町近似1260-1",
        "指定緊急避難場所との住所同一": "1",
        "その他市町村長が必要と認める事項": null,
        "受入対象者": null,
        "備考": ""
      }
    },
    {
      "type": "Feature",
      "geometry": {
        "type": "Point",
        "coordinates": [
          133.611606,
          34.79506
        ]
      },
      "properties": {
        "NO": "637",
        "共通ID": "E3320900110111",
        "施設・場所名": "近似コミュニティハウス",
        "住所": "岡山県高梁市落合町近似1394-2",
        "指定緊急避難場所との住所同一": "1",
        "その他市町村長が必要と認める事項": null,
        "受入対象者": null,
        "備考": ""
      }
    },
    {
      "type": "Feature",
      "geometry": {
        "type": "Point",
        "coordinates": [
          133.609414,
          34.789086
        ]
      },
      "properties": {
        "NO": "638",
        "共通ID": "E3320900111111",
        "施設・場所名": "高梁市民体育館",
        "住所": "岡山県高梁市落合町近似267-7",
        "指定緊急避難場所との住所同一": "1",
        "その他市町村長が必要と認める事項": null,
        "受入対象者": null,
        "備考": ""
      }
    },
    {
      "type": "Feature",
      "geometry": {
        "type": "Point",
        "coordinates": [
          133.611608,
          34.793827
        ]
      },
      "properties": {
        "NO": "639",
        "共通ID": "E3320900112111",
        "施設・場所名": "高梁小学校",
        "住所": "岡山県高梁市落合町近似504-1",
        "指定緊急避難場所との住所同一": "1",
        "その他市町村長が必要と認める事項": null,
        "受入対象者": null,
        "備考": ""
      }
    },
    {
      "type": "Feature",
      "geometry": {
        "type": "Point",
        "coordinates": [
          133.573025,
          34.802768
        ]
      },
      "properties": {
        "NO": "640",
        "共通ID": "E3320900114111",
        "施設・場所名": "原田コミュニティハウス",
        "住所": "岡山県高梁市落合町原田1240-2",
        "指定緊急避難場所との住所同一": "1",
        "その他市町村長が必要と認める事項": null,
        "受入対象者": null,
        "備考": ""
      }
    },
    {
      "type": "Feature",
      "geometry": {
        "type": "Point",
        "coordinates": [
          133.546922,
          34.794581
        ]
      },
      "properties": {
        "NO": "641",
        "共通ID": "E3320900115111",
        "施設・場所名": "福地農村生活改善センター",
        "住所": "岡山県高梁市落合町福地1496",
        "指定緊急避難場所との住所同一": "1",
        "その他市町村長が必要と認める事項": null,
        "受入対象者": null,
        "備考": ""
      }
    },
    {
      "type": "Feature",
      "geometry": {
        "type": "Point",
        "coordinates": [
          133.549237,
          34.797082
        ]
      },
      "properties": {
        "NO": "642",
        "共通ID": "E3320900116111",
        "施設・場所名": "福地小学校",
        "住所": "岡山県高梁市落合町福地1578",
        "指定緊急避難場所との住所同一": "1",
        "その他市町村長が必要と認める事項": null,
        "受入対象者": null,
        "備考": ""
      }
    },
    {
      "type": "Feature",
      "geometry": {
        "type": "Point",
        "coordinates": [
          134.090795,
          35.040613
        ]
      },
      "properties": {
        "NO": "643",
        "共通ID": "E3362200004111",
        "施設・場所名": "高取多目的研修集会所",
        "住所": "岡山県勝央町黒板536",
        "指定緊急避難場所との住所同一": "1",
        "その他市町村長が必要と認める事項": "",
        "受入対象者": "",
        "備考": ""
      }
    },
    {
      "type": "Feature",
      "geometry": {
        "type": "Point",
        "coordinates": [
          134.117654,
          35.041138
        ]
      },
      "properties": {
        "NO": "644",
        "共通ID": "E3362200005111",
        "施設・場所名": "勝間田小学校",
        "住所": "岡山県勝央町勝間田194-1",
        "指定緊急避難場所との住所同一": "1",
        "その他市町村長が必要と認める事項": "",
        "受入対象者": "",
        "備考": ""
      }
    },
    {
      "type": "Feature",
      "geometry": {
        "type": "Point",
        "coordinates": [
          134.115215,
          35.041954
        ]
      },
      "properties": {
        "NO": "645",
        "共通ID": "E3362200006111",
        "施設・場所名": "勝央町公民館",
        "住所": "岡山県勝央町勝間田200-1",
        "指定緊急避難場所との住所同一": "1",
        "その他市町村長が必要と認める事項": "",
        "受入対象者": "",
        "備考": ""
      }
    },
    {
      "type": "Feature",
      "geometry": {
        "type": "Point",
        "coordinates": [
          134.117862,
          35.070668
        ]
      },
      "properties": {
        "NO": "646",
        "共通ID": "E3362200009111",
        "施設・場所名": "植月コミュニティセンター",
        "住所": "岡山県勝央町植月中2439-16",
        "指定緊急避難場所との住所同一": "1",
        "その他市町村長が必要と認める事項": "",
        "受入対象者": "",
        "備考": ""
      }
    },
    {
      "type": "Feature",
      "geometry": {
        "type": "Point",
        "coordinates": [
          134.1277,
          35.072397
        ]
      },
      "properties": {
        "NO": "647",
        "共通ID": "E3362200010111",
        "施設・場所名": "勝央北小学校",
        "住所": "岡山県勝央町植月中2754",
        "指定緊急避難場所との住所同一": "1",
        "その他市町村長が必要と認める事項": "",
        "受入対象者": "",
        "備考": ""
      }
    },
    {
      "type": "Feature",
      "geometry": {
        "type": "Point",
        "coordinates": [
          134.157204,
          35.084391
        ]
      },
      "properties": {
        "NO": "648",
        "共通ID": "E3362200011111",
        "施設・場所名": "古吉野コミュニティセンター",
        "住所": "岡山県勝央町石生419-1",
        "指定緊急避難場所との住所同一": "1",
        "その他市町村長が必要と認める事項": "",
        "受入対象者": "",
        "備考": ""
      }
    },
    {
      "type": "Feature",
      "geometry": {
        "type": "Point",
        "coordinates": [
          134.154604,
          35.083851
        ]
      },
      "properties": {
        "NO": "649",
        "共通ID": "E3362200012111",
        "施設・場所名": "旧古吉野小学校",
        "住所": "岡山県勝央町石生495",
        "指定緊急避難場所との住所同一": "1",
        "その他市町村長が必要と認める事項": "",
        "受入対象者": "",
        "備考": ""
      }
    },
    {
      "type": "Feature",
      "geometry": {
        "type": "Point",
        "coordinates": [
          134.108477,
          35.047894
        ]
      },
      "properties": {
        "NO": "650",
        "共通ID": "E3362200014111",
        "施設・場所名": "武道館",
        "住所": "岡山県勝央町太平台32-1",
        "指定緊急避難場所との住所同一": "1",
        "その他市町村長が必要と認める事項": "",
        "受入対象者": "",
        "備考": ""
      }
    },
    {
      "type": "Feature",
      "geometry": {
        "type": "Point",
        "coordinates": [
          134.109025,
          35.047692
        ]
      },
      "properties": {
        "NO": "651",
        "共通ID": "E3362200014112",
        "施設・場所名": "勤労者体育センター",
        "住所": "岡山県勝央町太平台32-1",
        "指定緊急避難場所との住所同一": "1",
        "その他市町村長が必要と認める事項": "",
        "受入対象者": "",
        "備考": ""
      }
    },
    {
      "type": "Feature",
      "geometry": {
        "type": "Point",
        "coordinates": [
          134.157272,
          35.0652
        ]
      },
      "properties": {
        "NO": "652",
        "共通ID": "E3362200015111",
        "施設・場所名": "吉野コミュニティセンター",
        "住所": "岡山県勝央町美野1086",
        "指定緊急避難場所との住所同一": "1",
        "その他市町村長が必要と認める事項": "",
        "受入対象者": "",
        "備考": ""
      }
    },
    {
      "type": "Feature",
      "geometry": {
        "type": "Point",
        "coordinates": [
          134.11907,
          35.054392
        ]
      },
      "properties": {
        "NO": "653",
        "共通ID": "E3362200017111",
        "施設・場所名": "勝央中学校",
        "住所": "岡山県勝央町平1000",
        "指定緊急避難場所との住所同一": "1",
        "その他市町村長が必要と認める事項": "",
        "受入対象者": "",
        "備考": ""
      }
    },
    {
      "type": "Feature",
      "geometry": {
        "type": "Point",
        "coordinates": [
          134.115918,
          35.043344
        ]
      },
      "properties": {
        "NO": "654",
        "共通ID": "E3362200018111",
        "施設・場所名": "総合保健福祉センター",
        "住所": "岡山県勝央町平242-1",
        "指定緊急避難場所との住所同一": "1",
        "その他市町村長が必要と認める事項": "",
        "受入対象者": "",
        "備考": ""
      }
    },
    {
      "type": "Feature",
      "geometry": {
        "type": "Point",
        "coordinates": [
          134.161303,
          35.065117
        ]
      },
      "properties": {
        "NO": "655",
        "共通ID": "E3362200019111",
        "施設・場所名": "旧吉野小学校",
        "住所": "岡山県勝央町豊久田161-1",
        "指定緊急避難場所との住所同一": "1",
        "その他市町村長が必要と認める事項": "",
        "受入対象者": "",
        "備考": ""
      }
    },
    {
      "type": "Feature",
      "geometry": {
        "type": "Point",
        "coordinates": [
          133.500417,
          34.917913
        ]
      },
      "properties": {
        "NO": "656",
        "共通ID": "E3321000001111",
        "施設・場所名": "井倉野農作業準備休憩施設",
        "住所": "岡山県新見市井倉1359",
        "指定緊急避難場所との住所同一": "1",
        "その他市町村長が必要と認める事項": null,
        "受入対象者": null,
        "備考": ""
      }
    },
    {
      "type": "Feature",
      "geometry": {
        "type": "Point",
        "coordinates": [
          133.521656,
          34.92821
        ]
      },
      "properties": {
        "NO": "657",
        "共通ID": "E3321000002111",
        "施設・場所名": "旧井倉中学校",
        "住所": "岡山県新見市井倉356",
        "指定緊急避難場所との住所同一": "1",
        "その他市町村長が必要と認める事項": null,
        "受入対象者": null,
        "備考": ""
      }
    },
    {
      "type": "Feature",
      "geometry": {
        "type": "Point",
        "coordinates": [
          133.516839,
          34.930336
        ]
      },
      "properties": {
        "NO": "658",
        "共通ID": "E3321000003111",
        "施設・場所名": "旧井倉小学校",
        "住所": "岡山県新見市井倉450",
        "指定緊急避難場所との住所同一": "1",
        "その他市町村長が必要と認める事項": "",
        "受入対象者": "",
        "備考": ""
      }
    },
    {
      "type": "Feature",
      "geometry": {
        "type": "Point",
        "coordinates": [
          133.518632,
          34.930886
        ]
      },
      "properties": {
        "NO": "659",
        "共通ID": "E3321000004112",
        "施設・場所名": "井倉公民館（井倉市民センター）",
        "住所": "岡山県新見市井倉594-1",
        "指定緊急避難場所との住所同一": "1",
        "その他市町村長が必要と認める事項": "",
        "受入対象者": "",
        "備考": ""
      }
    },
    {
      "type": "Feature",
      "geometry": {
        "type": "Point",
        "coordinates": [
          133.516726,
          34.931494
        ]
      },
      "properties": {
        "NO": "660",
        "共通ID": "E3321000005111",
        "施設・場所名": "旧井倉コミュニティハウス",
        "住所": "岡山県新見市井倉708-5",
        "指定緊急避難場所との住所同一": "1",
        "その他市町村長が必要と認める事項": null,
        "受入対象者": null,
        "備考": ""
      }
    },
    {
      "type": "Feature",
      "geometry": {
        "type": "Point",
        "coordinates": [
          133.479798,
          35.009563
        ]
      },
      "properties": {
        "NO": "661",
        "共通ID": "E3321000006111",
        "施設・場所名": "旧下熊谷小学校",
        "住所": "岡山県新見市下熊谷1357",
        "指定緊急避難場所との住所同一": "1",
        "その他市町村長が必要と認める事項": null,
        "受入対象者": null,
        "備考": ""
      }
    },
    {
      "type": "Feature",
      "geometry": {
        "type": "Point",
        "coordinates": [
          133.465493,
          34.998043
        ]
      },
      "properties": {
        "NO": "662",
        "共通ID": "E3321000007111",
        "施設・場所名": "新見市民体育館",
        "住所": "岡山県新見市下熊谷22-2",
        "指定緊急避難場所との住所同一": "1",
        "その他市町村長が必要と認める事項": null,
        "受入対象者": null,
        "備考": ""
      }
    },
    {
      "type": "Feature",
      "geometry": {
        "type": "Point",
        "coordinates": [
          133.468528,
          34.973115
        ]
      },
      "properties": {
        "NO": "663",
        "共通ID": "E3321000009111",
        "施設・場所名": "新見市地域福祉センター（新見市社会福祉協議会）",
        "住所": "岡山県新見市金谷640-1",
        "指定緊急避難場所との住所同一": "1",
        "その他市町村長が必要と認める事項": null,
        "受入対象者": null,
        "備考": ""
      }
    },
    {
      "type": "Feature",
      "geometry": {
        "type": "Point",
        "coordinates": [
          133.452837,
          34.991808
        ]
      },
      "properties": {
        "NO": "664",
        "共通ID": "E3321000010111",
        "施設・場所名": "新見第一中学校",
        "住所": "岡山県新見市高尾2364",
        "指定緊急避難場所との住所同一": "1",
        "その他市町村長が必要と認める事項": null,
        "受入対象者": null,
        "備考": ""
      }
    },
    {
      "type": "Feature",
      "geometry": {
        "type": "Point",
        "coordinates": [
          133.448178,
          34.994831
        ]
      },
      "properties": {
        "NO": "665",
        "共通ID": "E3321000011111",
        "施設・場所名": "高尾小学校",
        "住所": "岡山県新見市高尾806",
        "指定緊急避難場所との住所同一": "1",
        "その他市町村長が必要と認める事項": null,
        "受入対象者": null,
        "備考": ""
      }
    },
    {
      "type": "Feature",
      "geometry": {
        "type": "Point",
        "coordinates": [
          133.447908,
          34.996182
        ]
      },
      "properties": {
        "NO": "666",
        "共通ID": "E3321000012111",
        "施設・場所名": "高尾公民館（高尾ふれあいセンター）",
        "住所": "岡山県新見市高尾823",
        "指定緊急避難場所との住所同一": "1",
        "その他市町村長が必要と認める事項": "",
        "受入対象者": "",
        "備考": ""
      }
    },
    {
      "type": "Feature",
      "geometry": {
        "type": "Point",
        "coordinates": [
          133.511554,
          35.017485
        ]
      },
      "properties": {
        "NO": "667",
        "共通ID": "E3321000013111",
        "施設・場所名": "熊谷公民館（熊谷市民センター）",
        "住所": "岡山県新見市上熊谷3663-3",
        "指定緊急避難場所との住所同一": "1",
        "その他市町村長が必要と認める事項": "",
        "受入対象者": "",
        "備考": ""
      }
    },
    {
      "type": "Feature",
      "geometry": {
        "type": "Point",
        "coordinates": [
          133.512921,
          35.01634
        ]
      },
      "properties": {
        "NO": "668",
        "共通ID": "E3321000014111",
        "施設・場所名": "塩城小学校",
        "住所": "岡山県新見市上熊谷3772",
        "指定緊急避難場所との住所同一": "1",
        "その他市町村長が必要と認める事項": null,
        "受入対象者": null,
        "備考": ""
      }
    },
    {
      "type": "Feature",
      "geometry": {
        "type": "Point",
        "coordinates": [
          133.513054,
          35.011466
        ]
      },
      "properties": {
        "NO": "669",
        "共通ID": "E3321000015111",
        "施設・場所名": "中熊谷コミュニティハウス",
        "住所": "岡山県新見市上熊谷3991-1",
        "指定緊急避難場所との住所同一": "1",
        "その他市町村長が必要と認める事項": null,
        "受入対象者": null,
        "備考": ""
      }
    },
    {
      "type": "Feature",
      "geometry": {
        "type": "Point",
        "coordinates": [
          133.525162,
          35.030326
        ]
      },
      "properties": {
        "NO": "670",
        "共通ID": "E3321000016111",
        "施設・場所名": "高齢者センター",
        "住所": "岡山県新見市上熊谷762-2",
        "指定緊急避難場所との住所同一": "1",
        "その他市町村長が必要と認める事項": null,
        "受入対象者": null,
        "備考": ""
      }
    },
    {
      "type": "Feature",
      "geometry": {
        "type": "Point",
        "coordinates": [
          133.431844,
          35.007492
        ]
      },
      "properties": {
        "NO": "671",
        "共通ID": "E3321000018111",
        "施設・場所名": "上市小学校",
        "住所": "岡山県新見市上市217",
        "指定緊急避難場所との住所同一": "1",
        "その他市町村長が必要と認める事項": null,
        "受入対象者": null,
        "備考": ""
      }
    },
    {
      "type": "Feature",
      "geometry": {
        "type": "Point",
        "coordinates": [
          133.432877,
          35.007837
        ]
      },
      "properties": {
        "NO": "672",
        "共通ID": "E3321000019111",
        "施設・場所名": "上市公民館（上市市民センター）",
        "住所": "岡山県新見市上市257-1",
        "指定緊急避難場所との住所同一": "1",
        "その他市町村長が必要と認める事項": "",
        "受入対象者": "",
        "備考": ""
      }
    },
    {
      "type": "Feature",
      "geometry": {
        "type": "Point",
        "coordinates": [
          133.432488,
          35.008819
        ]
      },
      "properties": {
        "NO": "673",
        "共通ID": "E3321000020111",
        "施設・場所名": "上市認定こども園",
        "住所": "岡山県新見市上市433",
        "指定緊急避難場所との住所同一": "1",
        "その他市町村長が必要と認める事項": null,
        "受入対象者": null,
        "備考": ""
      }
    },
    {
      "type": "Feature",
      "geometry": {
        "type": "Point",
        "coordinates": [
          133.468616,
          34.98494
        ]
      },
      "properties": {
        "NO": "674",
        "共通ID": "E3321000021111",
        "施設・場所名": "城山体育館",
        "住所": "岡山県新見市新見1191-1",
        "指定緊急避難場所との住所同一": "1",
        "その他市町村長が必要と認める事項": null,
        "受入対象者": null,
        "備考": ""
      }
    },
    {
      "type": "Feature",
      "geometry": {
        "type": "Point",
        "coordinates": [
          133.47019,
          34.975502
        ]
      },
      "properties": {
        "NO": "675",
        "共通ID": "E3321000022111",
        "施設・場所名": "まなび広場にいみ",
        "住所": "岡山県新見市新見123-2",
        "指定緊急避難場所との住所同一": "1",
        "その他市町村長が必要と認める事項": null,
        "受入対象者": null,
        "備考": ""
      }
    },
    {
      "type": "Feature",
      "geometry": {
        "type": "Point",
        "coordinates": [
          133.472653,
          34.981261
        ]
      },
      "properties": {
        "NO": "676",
        "共通ID": "E3321000023111",
        "施設・場所名": "新見高等学校",
        "住所": "岡山県新見市新見1394",
        "指定緊急避難場所との住所同一": "1",
        "その他市町村長が必要と認める事項": "",
        "受入対象者": "",
        "備考": ""
      }
    },
    {
      "type": "Feature",
      "geometry": {
        "type": "Point",
        "coordinates": [
          133.473114,
          34.986261
        ]
      },
      "properties": {
        "NO": "677",
        "共通ID": "E3321000024111",
        "施設・場所名": "新見中央認定こども園",
        "住所": "岡山県新見市新見1874",
        "指定緊急避難場所との住所同一": "1",
        "その他市町村長が必要と認める事項": null,
        "受入対象者": null,
        "備考": ""
      }
    },
    {
      "type": "Feature",
      "geometry": {
        "type": "Point",
        "coordinates": [
          133.470615,
          34.986055
        ]
      },
      "properties": {
        "NO": "678",
        "共通ID": "E3321000025111",
        "施設・場所名": "思誠小学校",
        "住所": "岡山県新見市新見1970-1",
        "指定緊急避難場所との住所同一": "1",
        "その他市町村長が必要と認める事項": null,
        "受入対象者": null,
        "備考": ""
      }
    },
    {
      "type": "Feature",
      "geometry": {
        "type": "Point",
        "coordinates": [
          133.467721,
          34.987352
        ]
      },
      "properties": {
        "NO": "679",
        "共通ID": "E3321000027111",
        "施設・場所名": "岡山県共生高等学校",
        "住所": "岡山県新見市新見2032-4",
        "指定緊急避難場所との住所同一": "1",
        "その他市町村長が必要と認める事項": null,
        "受入対象者": null,
        "備考": ""
      }
    },
    {
      "type": "Feature",
      "geometry": {
        "type": "Point",
        "coordinates": [
          133.469089,
          34.984104
        ]
      },
      "properties": {
        "NO": "680",
        "共通ID": "E3321000028111",
        "施設・場所名": "新見公民館（新見ふれあいセンター）",
        "住所": "岡山県新見市新見823-1",
        "指定緊急避難場所との住所同一": "1",
        "その他市町村長が必要と認める事項": "",
        "受入対象者": "",
        "備考": ""
      }
    },
    {
      "type": "Feature",
      "geometry": {
        "type": "Point",
        "coordinates": [
          133.467642,
          34.983434
        ]
      },
      "properties": {
        "NO": "681",
        "共通ID": "E3321000029111",
        "施設・場所名": "御殿町センター",
        "住所": "岡山県新見市新見858",
        "指定緊急避難場所との住所同一": "1",
        "その他市町村長が必要と認める事項": null,
        "受入対象者": null,
        "備考": ""
      }
    },
    {
      "type": "Feature",
      "geometry": {
        "type": "Point",
        "coordinates": [
          133.370411,
          34.972823
        ]
      },
      "properties": {
        "NO": "682",
        "共通ID": "E3321000030111",
        "施設・場所名": "神郷公民館坂根分館",
        "住所": "岡山県新見市神郷下神代345-3",
        "指定緊急避難場所との住所同一": "1",
        "その他市町村長が必要と認める事項": null,
        "受入対象者": null,
        "備考": ""
      }
    },
    {
      "type": "Feature",
      "geometry": {
        "type": "Point",
        "coordinates": [
          133.385365,
          34.987997
        ]
      },
      "properties": {
        "NO": "683",
        "共通ID": "E3321000031111",
        "施設・場所名": "神代小学校",
        "住所": "岡山県新見市神郷下神代3571-1",
        "指定緊急避難場所との住所同一": "1",
        "その他市町村長が必要と認める事項": null,
        "受入対象者": null,
        "備考": ""
      }
    },
    {
      "type": "Feature",
      "geometry": {
        "type": "Point",
        "coordinates": [
          133.396905,
          34.992525
        ]
      },
      "properties": {
        "NO": "684",
        "共通ID": "E3321000032111",
        "施設・場所名": "やまびこ広場神郷",
        "住所": "岡山県新見市神郷下神代3936",
        "指定緊急避難場所との住所同一": "1",
        "その他市町村長が必要と認める事項": null,
        "受入対象者": null,
        "備考": ""
      }
    },
    {
      "type": "Feature",
      "geometry": {
        "type": "Point",
        "coordinates": [
          133.368379,
          35.089866
        ]
      },
      "properties": {
        "NO": "685",
        "共通ID": "E3321000033111",
        "施設・場所名": "神郷公民館新郷分館",
        "住所": "岡山県新見市神郷釜村1185-1",
        "指定緊急避難場所との住所同一": "1",
        "その他市町村長が必要と認める事項": null,
        "受入対象者": null,
        "備考": ""
      }
    },
    {
      "type": "Feature",
      "geometry": {
        "type": "Point",
        "coordinates": [
          133.406906,
          35.083723
        ]
      },
      "properties": {
        "NO": "686",
        "共通ID": "E3321000034111",
        "施設・場所名": "神郷公民館三坂分館",
        "住所": "岡山県新見市神郷釜村3635-2",
        "指定緊急避難場所との住所同一": "1",
        "その他市町村長が必要と認める事項": null,
        "受入対象者": null,
        "備考": ""
      }
    },
    {
      "type": "Feature",
      "geometry": {
        "type": "Point",
        "coordinates": [
          133.320793,
          35.086713
        ]
      },
      "properties": {
        "NO": "687",
        "共通ID": "E3321000035111",
        "施設・場所名": "高瀬体育館",
        "住所": "岡山県新見市神郷高瀬1226",
        "指定緊急避難場所との住所同一": "1",
        "その他市町村長が必要と認める事項": null,
        "受入対象者": null,
        "備考": ""
      }
    },
    {
      "type": "Feature",
      "geometry": {
        "type": "Point",
        "coordinates": [
          133.320804,
          35.086246
        ]
      },
      "properties": {
        "NO": "688",
        "共通ID": "E3321000036111",
        "施設・場所名": "神郷公民館高瀬分館",
        "住所": "岡山県新見市神郷高瀬1237",
        "指定緊急避難場所との住所同一": "1",
        "その他市町村長が必要と認める事項": null,
        "受入対象者": null,
        "備考": ""
      }
    },
    {
      "type": "Feature",
      "geometry": {
        "type": "Point",
        "coordinates": [
          133.390165,
          35.014279
        ]
      },
      "properties": {
        "NO": "689",
        "共通ID": "E3321000037111",
        "施設・場所名": "神郷公民館笹尾分館",
        "住所": "岡山県新見市神郷油野1215",
        "指定緊急避難場所との住所同一": "1",
        "その他市町村長が必要と認める事項": null,
        "受入対象者": null,
        "備考": ""
      }
    },
    {
      "type": "Feature",
      "geometry": {
        "type": "Point",
        "coordinates": [
          133.36593,
          35.04395
        ]
      },
      "properties": {
        "NO": "690",
        "共通ID": "E3321000038111",
        "施設・場所名": "旧油野小学校体育館",
        "住所": "岡山県新見市神郷油野1977-1",
        "指定緊急避難場所との住所同一": "1",
        "その他市町村長が必要と認める事項": null,
        "受入対象者": null,
        "備考": ""
      }
    },
    {
      "type": "Feature",
      "geometry": {
        "type": "Point",
        "coordinates": [
          133.352377,
          35.029106
        ]
      },
      "properties": {
        "NO": "691",
        "共通ID": "E3321000039111",
        "施設・場所名": "神郷公民館油野分館",
        "住所": "岡山県新見市神郷油野3111-1",
        "指定緊急避難場所との住所同一": "1",
        "その他市町村長が必要と認める事項": null,
        "受入対象者": null,
        "備考": ""
      }
    },
    {
      "type": "Feature",
      "geometry": {
        "type": "Point",
        "coordinates": [
          133.318784,
          35.048647
        ]
      },
      "properties": {
        "NO": "692",
        "共通ID": "E3321000040111",
        "施設・場所名": "神郷公民館三室分館",
        "住所": "岡山県新見市神郷油野4121",
        "指定緊急避難場所との住所同一": "1",
        "その他市町村長が必要と認める事項": null,
        "受入対象者": null,
        "備考": ""
      }
    },
    {
      "type": "Feature",
      "geometry": {
        "type": "Point",
        "coordinates": [
          133.502972,
          35.078263
        ]
      },
      "properties": {
        "NO": "693",
        "共通ID": "E3321000041111",
        "施設・場所名": "旧菅生中学校",
        "住所": "岡山県新見市菅生2561-1",
        "指定緊急避難場所との住所同一": "1",
        "その他市町村長が必要と認める事項": null,
        "受入対象者": null,
        "備考": ""
      }
    },
    {
      "type": "Feature",
      "geometry": {
        "type": "Point",
        "coordinates": [
          133.503571,
          35.074955
        ]
      },
      "properties": {
        "NO": "694",
        "共通ID": "E3321000042111",
        "施設・場所名": "旧菅生小学校",
        "住所": "岡山県新見市菅生6102",
        "指定緊急避難場所との住所同一": "1",
        "その他市町村長が必要と認める事項": null,
        "受入対象者": null,
        "備考": ""
      }
    },
    {
      "type": "Feature",
      "geometry": {
        "type": "Point",
        "coordinates": [
          133.50053,
          35.078096
        ]
      },
      "properties": {
        "NO": "695",
        "共通ID": "E3321000043111",
        "施設・場所名": "菅生公民館（菅生市民センター）",
        "住所": "岡山県新見市菅生6135-5",
        "指定緊急避難場所との住所同一": "1",
        "その他市町村長が必要と認める事項": "",
        "受入対象者": "",
        "備考": ""
      }
    },
    {
      "type": "Feature",
      "geometry": {
        "type": "Point",
        "coordinates": [
          133.456605,
          35.050645
        ]
      },
      "properties": {
        "NO": "696",
        "共通ID": "E3321000044111",
        "施設・場所名": "福本公民館（福本ふれあいセンター）",
        "住所": "岡山県新見市菅生8832",
        "指定緊急避難場所との住所同一": "1",
        "その他市町村長が必要と認める事項": "",
        "受入対象者": "",
        "備考": ""
      }
    },
    {
      "type": "Feature",
      "geometry": {
        "type": "Point",
        "coordinates": [
          133.467756,
          34.967086
        ]
      },
      "properties": {
        "NO": "697",
        "共通ID": "E3321000045111",
        "施設・場所名": "正田公民館（正田ふれあいセンター）",
        "住所": "岡山県新見市正田228-23",
        "指定緊急避難場所との住所同一": "1",
        "その他市町村長が必要と認める事項": "",
        "受入対象者": "",
        "備考": ""
      }
    },
    {
      "type": "Feature",
      "geometry": {
        "type": "Point",
        "coordinates": [
          133.465189,
          34.967304
        ]
      },
      "properties": {
        "NO": "698",
        "共通ID": "E3321000046111",
        "施設・場所名": "新見南認定こども園",
        "住所": "岡山県新見市正田27-5",
        "指定緊急避難場所との住所同一": "1",
        "その他市町村長が必要と認める事項": null,
        "受入対象者": null,
        "備考": ""
      }
    },
    {
      "type": "Feature",
      "geometry": {
        "type": "Point",
        "coordinates": [
          133.443364,
          34.995134
        ]
      },
      "properties": {
        "NO": "699",
        "共通ID": "E3321000048111",
        "施設・場所名": "西方公民館（西方ふれあいセンター）",
        "住所": "岡山県新見市西方1085-2",
        "指定緊急避難場所との住所同一": "1",
        "その他市町村長が必要と認める事項": "",
        "受入対象者": "",
        "備考": ""
      }
    },
    {
      "type": "Feature",
      "geometry": {
        "type": "Point",
        "coordinates": [
          133.442297,
          34.995455
        ]
      },
      "properties": {
        "NO": "700",
        "共通ID": "E3321000049111",
        "施設・場所名": "西方小学校",
        "住所": "岡山県新見市西方1216",
        "指定緊急避難場所との住所同一": "1",
        "その他市町村長が必要と認める事項": null,
        "受入対象者": null,
        "備考": ""
      }
    },
    {
      "type": "Feature",
      "geometry": {
        "type": "Point",
        "coordinates": [
          133.441537,
          34.997182
        ]
      },
      "properties": {
        "NO": "701",
        "共通ID": "E3321000050111",
        "施設・場所名": "新見公立大学",
        "住所": "岡山県新見市西方1263-2",
        "指定緊急避難場所との住所同一": "1",
        "その他市町村長が必要と認める事項": null,
        "受入対象者": null,
        "備考": ""
      }
    },
    {
      "type": "Feature",
      "geometry": {
        "type": "Point",
        "coordinates": [
          133.458038,
          34.987173
        ]
      },
      "properties": {
        "NO": "702",
        "共通ID": "E3321000051111",
        "施設・場所名": "新見駅前交流センター",
        "住所": "岡山県新見市西方4161-9",
        "指定緊急避難場所との住所同一": "1",
        "その他市町村長が必要と認める事項": null,
        "受入対象者": null,
        "備考": ""
      }
    },
    {
      "type": "Feature",
      "geometry": {
        "type": "Point",
        "coordinates": [
          133.479262,
          34.954803
        ]
      },
      "properties": {
        "NO": "703",
        "共通ID": "E3321000052111",
        "施設・場所名": "石蟹公民館（石蟹ふれあいセンター）",
        "住所": "岡山県新見市石蟹115-3",
        "指定緊急避難場所との住所同一": "1",
        "その他市町村長が必要と認める事項": "",
        "受入対象者": "",
        "備考": ""
      }
    },
    {
      "type": "Feature",
      "geometry": {
        "type": "Point",
        "coordinates": [
          133.479497,
          34.956286
        ]
      },
      "properties": {
        "NO": "704",
        "共通ID": "E3321000053111",
        "施設・場所名": "新見南中学校",
        "住所": "岡山県新見市石蟹135",
        "指定緊急避難場所との住所同一": "1",
        "その他市町村長が必要と認める事項": null,
        "受入対象者": null,
        "備考": ""
      }
    },
    {
      "type": "Feature",
      "geometry": {
        "type": "Point",
        "coordinates": [
          133.477585,
          34.955518
        ]
      },
      "properties": {
        "NO": "705",
        "共通ID": "E3321000055111",
        "施設・場所名": "新見南小学校",
        "住所": "岡山県新見市石蟹554",
        "指定緊急避難場所との住所同一": "1",
        "その他市町村長が必要と認める事項": null,
        "受入対象者": null,
        "備考": ""
      }
    },
    {
      "type": "Feature",
      "geometry": {
        "type": "Point",
        "coordinates": [
          133.47805,
          34.951971
        ]
      },
      "properties": {
        "NO": "706",
        "共通ID": "E3321000056111",
        "施設・場所名": "旧明新小学校",
        "住所": "岡山県新見市石蟹799",
        "指定緊急避難場所との住所同一": "1",
        "その他市町村長が必要と認める事項": null,
        "受入対象者": null,
        "備考": ""
      }
    },
    {
      "type": "Feature",
      "geometry": {
        "type": "Point",
        "coordinates": [
          133.439893,
          35.148261
        ]
      },
      "properties": {
        "NO": "707",
        "共通ID": "E3321000057111",
        "施設・場所名": "井原郷土文化伝承館",
        "住所": "岡山県新見市千屋井原1019-6",
        "指定緊急避難場所との住所同一": "1",
        "その他市町村長が必要と認める事項": null,
        "受入対象者": null,
        "備考": ""
      }
    },
    {
      "type": "Feature",
      "geometry": {
        "type": "Point",
        "coordinates": [
          133.427752,
          35.142637
        ]
      },
      "properties": {
        "NO": "708",
        "共通ID": "E3321000058111",
        "施設・場所名": "千屋小学校",
        "住所": "岡山県新見市千屋花見48",
        "指定緊急避難場所との住所同一": "1",
        "その他市町村長が必要と認める事項": null,
        "受入対象者": null,
        "備考": ""
      }
    },
    {
      "type": "Feature",
      "geometry": {
        "type": "Point",
        "coordinates": [
          133.436768,
          35.107159
        ]
      },
      "properties": {
        "NO": "709",
        "共通ID": "E3321000059111",
        "施設・場所名": "千屋公民館（千屋市民センター）",
        "住所": "岡山県新見市千屋実1435-7",
        "指定緊急避難場所との住所同一": "1",
        "その他市町村長が必要と認める事項": "",
        "受入対象者": "",
        "備考": ""
      }
    },
    {
      "type": "Feature",
      "geometry": {
        "type": "Point",
        "coordinates": [
          133.434056,
          35.095704
        ]
      },
      "properties": {
        "NO": "710",
        "共通ID": "E3321000060111",
        "施設・場所名": "馬場コミュニティハウス",
        "住所": "岡山県新見市千屋実2264-4",
        "指定緊急避難場所との住所同一": "1",
        "その他市町村長が必要と認める事項": null,
        "受入対象者": null,
        "備考": ""
      }
    },
    {
      "type": "Feature",
      "geometry": {
        "type": "Point",
        "coordinates": [
          133.545548,
          34.933171
        ]
      },
      "properties": {
        "NO": "711",
        "共通ID": "E3321000061111",
        "施設・場所名": "草間台小学校",
        "住所": "岡山県新見市草間6587-2",
        "指定緊急避難場所との住所同一": "1",
        "その他市町村長が必要と認める事項": null,
        "受入対象者": null,
        "備考": ""
      }
    },
    {
      "type": "Feature",
      "geometry": {
        "type": "Point",
        "coordinates": [
          133.541225,
          34.931227
        ]
      },
      "properties": {
        "NO": "712",
        "共通ID": "E3321000062111",
        "施設・場所名": "草間公民館別館",
        "住所": "岡山県新見市草間7415-3",
        "指定緊急避難場所との住所同一": "1",
        "その他市町村長が必要と認める事項": null,
        "受入対象者": null,
        "備考": ""
      }
    },
    {
      "type": "Feature",
      "geometry": {
        "type": "Point",
        "coordinates": [
          133.540377,
          34.931816
        ]
      },
      "properties": {
        "NO": "713",
        "共通ID": "E3321000063111",
        "施設・場所名": "草間公民館（草間市民センター）",
        "住所": "岡山県新見市草間7471-1",
        "指定緊急避難場所との住所同一": "1",
        "その他市町村長が必要と認める事項": "",
        "受入対象者": "",
        "備考": ""
      }
    },
    {
      "type": "Feature",
      "geometry": {
        "type": "Point",
        "coordinates": [
          133.516938,
          34.944056
        ]
      },
      "properties": {
        "NO": "714",
        "共通ID": "E3321000064111",
        "施設・場所名": "旧足見小学校",
        "住所": "岡山県新見市足見3051",
        "指定緊急避難場所との住所同一": "1",
        "その他市町村長が必要と認める事項": null,
        "受入対象者": null,
        "備考": ""
      }
    },
    {
      "type": "Feature",
      "geometry": {
        "type": "Point",
        "coordinates": [
          133.516268,
          34.944398
        ]
      },
      "properties": {
        "NO": "715",
        "共通ID": "E3321000065111",
        "施設・場所名": "足見ふれあいセンター",
        "住所": "岡山県新見市足見3052-4",
        "指定緊急避難場所との住所同一": "1",
        "その他市町村長が必要と認める事項": null,
        "受入対象者": null,
        "備考": ""
      }
    },
    {
      "type": "Feature",
      "geometry": {
        "type": "Point",
        "coordinates": [
          133.382447,
          35.044491
        ]
      },
      "properties": {
        "NO": "716",
        "共通ID": "E3321000066111",
        "施設・場所名": "足立会館（足立連絡所）",
        "住所": "岡山県新見市足立3852-1",
        "指定緊急避難場所との住所同一": "1",
        "その他市町村長が必要と認める事項": null,
        "受入対象者": null,
        "備考": ""
      }
    },
    {
      "type": "Feature",
      "geometry": {
        "type": "Point",
        "coordinates": [
          133.571426,
          35.080873
        ]
      },
      "properties": {
        "NO": "717",
        "共通ID": "E3321000068111",
        "施設・場所名": "刑部小学校",
        "住所": "岡山県新見市大佐永富1592",
        "指定緊急避難場所との住所同一": "1",
        "その他市町村長が必要と認める事項": null,
        "受入対象者": null,
        "備考": ""
      }
    },
    {
      "type": "Feature",
      "geometry": {
        "type": "Point",
        "coordinates": [
          133.569021,
          35.079012
        ]
      },
      "properties": {
        "NO": "718",
        "共通ID": "E3321000069111",
        "施設・場所名": "大佐中学校",
        "住所": "岡山県新見市大佐永富1745",
        "指定緊急避難場所との住所同一": "1",
        "その他市町村長が必要と認める事項": null,
        "受入対象者": null,
        "備考": ""
      }
    },
    {
      "type": "Feature",
      "geometry": {
        "type": "Point",
        "coordinates": [
          133.568369,
          35.073789
        ]
      },
      "properties": {
        "NO": "719",
        "共通ID": "E3321000070111",
        "施設・場所名": "大佐定住促進センター（交流センター）",
        "住所": "岡山県新見市大佐永富1994",
        "指定緊急避難場所との住所同一": "1",
        "その他市町村長が必要と認める事項": null,
        "受入対象者": null,
        "備考": ""
      }
    },
    {
      "type": "Feature",
      "geometry": {
        "type": "Point",
        "coordinates": [
          133.565084,
          35.079316
        ]
      },
      "properties": {
        "NO": "720",
        "共通ID": "E3321000071111",
        "施設・場所名": "おおさ総合センター",
        "住所": "岡山県新見市大佐小阪部1469-1",
        "指定緊急避難場所との住所同一": "1",
        "その他市町村長が必要と認める事項": null,
        "受入対象者": null,
        "備考": ""
      }
    },
    {
      "type": "Feature",
      "geometry": {
        "type": "Point",
        "coordinates": [
          133.566606,
          35.08201
        ]
      },
      "properties": {
        "NO": "721",
        "共通ID": "E3321000072111",
        "施設・場所名": "大佐認定こども園",
        "住所": "岡山県新見市大佐小阪部1509-1",
        "指定緊急避難場所との住所同一": "1",
        "その他市町村長が必要と認める事項": null,
        "受入対象者": null,
        "備考": ""
      }
    },
    {
      "type": "Feature",
      "geometry": {
        "type": "Point",
        "coordinates": [
          133.551877,
          35.07809
        ]
      },
      "properties": {
        "NO": "722",
        "共通ID": "E3321000073111",
        "施設・場所名": "大佐Ｂ＆Ｇ海洋センター",
        "住所": "岡山県新見市大佐小阪部2248-1",
        "指定緊急避難場所との住所同一": "1",
        "その他市町村長が必要と認める事項": null,
        "受入対象者": null,
        "備考": ""
      }
    },
    {
      "type": "Feature",
      "geometry": {
        "type": "Point",
        "coordinates": [
          133.563319,
          35.06331
        ]
      },
      "properties": {
        "NO": "723",
        "共通ID": "E3321000074111",
        "施設・場所名": "平松館",
        "住所": "岡山県新見市大佐小南480",
        "指定緊急避難場所との住所同一": "1",
        "その他市町村長が必要と認める事項": null,
        "受入対象者": null,
        "備考": ""
      }
    },
    {
      "type": "Feature",
      "geometry": {
        "type": "Point",
        "coordinates": [
          133.559218,
          35.108086
        ]
      },
      "properties": {
        "NO": "724",
        "共通ID": "E3321000075111",
        "施設・場所名": "大佐公民館上刑部分館",
        "住所": "岡山県新見市大佐上刑部14",
        "指定緊急避難場所との住所同一": "1",
        "その他市町村長が必要と認める事項": null,
        "受入対象者": null,
        "備考": ""
      }
    },
    {
      "type": "Feature",
      "geometry": {
        "type": "Point",
        "coordinates": [
          133.503988,
          35.141576
        ]
      },
      "properties": {
        "NO": "725",
        "共通ID": "E3321000076111",
        "施設・場所名": "大佐公民館大井野分館",
        "住所": "岡山県新見市大佐大井野1057-4",
        "指定緊急避難場所との住所同一": "1",
        "その他市町村長が必要と認める事項": null,
        "受入対象者": null,
        "備考": ""
      }
    },
    {
      "type": "Feature",
      "geometry": {
        "type": "Point",
        "coordinates": [
          133.551941,
          35.046251
        ]
      },
      "properties": {
        "NO": "726",
        "共通ID": "E3321000077111",
        "施設・場所名": "旧田治部小学校",
        "住所": "岡山県新見市大佐田治部2851",
        "指定緊急避難場所との住所同一": "1",
        "その他市町村長が必要と認める事項": null,
        "受入対象者": null,
        "備考": ""
      }
    },
    {
      "type": "Feature",
      "geometry": {
        "type": "Point",
        "coordinates": [
          133.578883,
          35.021085
        ]
      },
      "properties": {
        "NO": "727",
        "共通ID": "E3321000078111",
        "施設・場所名": "大佐公民館布瀬分館",
        "住所": "岡山県新見市大佐布瀬364",
        "指定緊急避難場所との住所同一": "1",
        "その他市町村長が必要と認める事項": null,
        "受入対象者": null,
        "備考": ""
      }
    },
    {
      "type": "Feature",
      "geometry": {
        "type": "Point",
        "coordinates": [
          133.494417,
          34.947518
        ]
      },
      "properties": {
        "NO": "728",
        "共通ID": "E3321000079111",
        "施設・場所名": "長屋公会堂",
        "住所": "岡山県新見市長屋435-1",
        "指定緊急避難場所との住所同一": "1",
        "その他市町村長が必要と認める事項": null,
        "受入対象者": null,
        "備考": ""
      }
    },
    {
      "type": "Feature",
      "geometry": {
        "type": "Point",
        "coordinates": [
          133.493956,
          34.947781
        ]
      },
      "properties": {
        "NO": "729",
        "共通ID": "E3321000080111",
        "施設・場所名": "長屋多目的広場",
        "住所": "岡山県新見市長屋436-2",
        "指定緊急避難場所との住所同一": "1",
        "その他市町村長が必要と認める事項": null,
        "受入対象者": null,
        "備考": ""
      }
    },
    {
      "type": "Feature",
      "geometry": {
        "type": "Point",
        "coordinates": [
          133.343009,
          34.963037
        ]
      },
      "properties": {
        "NO": "730",
        "共通ID": "E3321000081111",
        "施設・場所名": "哲西隣保館",
        "住所": "岡山県新見市哲西町上神代2075",
        "指定緊急避難場所との住所同一": "1",
        "その他市町村長が必要と認める事項": null,
        "受入対象者": null,
        "備考": ""
      }
    },
    {
      "type": "Feature",
      "geometry": {
        "type": "Point",
        "coordinates": [
          133.338116,
          34.963276
        ]
      },
      "properties": {
        "NO": "731",
        "共通ID": "E3321000082111",
        "施設・場所名": "哲西三光生活改善センター",
        "住所": "岡山県新見市哲西町上神代3624-1",
        "指定緊急避難場所との住所同一": "1",
        "その他市町村長が必要と認める事項": null,
        "受入対象者": null,
        "備考": ""
      }
    },
    {
      "type": "Feature",
      "geometry": {
        "type": "Point",
        "coordinates": [
          133.33136,
          34.956643
        ]
      },
      "properties": {
        "NO": "732",
        "共通ID": "E3321000083111",
        "施設・場所名": "矢神小学校",
        "住所": "岡山県新見市哲西町上神代5823",
        "指定緊急避難場所との住所同一": "1",
        "その他市町村長が必要と認める事項": null,
        "受入対象者": null,
        "備考": ""
      }
    },
    {
      "type": "Feature",
      "geometry": {
        "type": "Point",
        "coordinates": [
          133.360711,
          34.911538
        ]
      },
      "properties": {
        "NO": "733",
        "共通ID": "E3321000084111",
        "施設・場所名": "哲西公民館野原分館",
        "住所": "岡山県新見市哲西町大野部23-25",
        "指定緊急避難場所との住所同一": "1",
        "その他市町村長が必要と認める事項": null,
        "受入対象者": null,
        "備考": ""
      }
    },
    {
      "type": "Feature",
      "geometry": {
        "type": "Point",
        "coordinates": [
          133.316143,
          34.915001
        ]
      },
      "properties": {
        "NO": "734",
        "共通ID": "E3321000085111",
        "施設・場所名": "畑木集会所",
        "住所": "岡山県新見市哲西町畑木591-15",
        "指定緊急避難場所との住所同一": "1",
        "その他市町村長が必要と認める事項": null,
        "受入対象者": null,
        "備考": ""
      }
    },
    {
      "type": "Feature",
      "geometry": {
        "type": "Point",
        "coordinates": [
          133.322381,
          34.91279
        ]
      },
      "properties": {
        "NO": "735",
        "共通ID": "E3321000086111",
        "施設・場所名": "哲西公民館野馳分館",
        "住所": "岡山県新見市哲西町八鳥416-1",
        "指定緊急避難場所との住所同一": "1",
        "その他市町村長が必要と認める事項": null,
        "受入対象者": null,
        "備考": ""
      }
    },
    {
      "type": "Feature",
      "geometry": {
        "type": "Point",
        "coordinates": [
          133.325804,
          34.908488
        ]
      },
      "properties": {
        "NO": "736",
        "共通ID": "E3321000087111",
        "施設・場所名": "野馳小学校",
        "住所": "岡山県新見市哲西町八鳥527",
        "指定緊急避難場所との住所同一": "1",
        "その他市町村長が必要と認める事項": null,
        "受入対象者": null,
        "備考": ""
      }
    },
    {
      "type": "Feature",
      "geometry": {
        "type": "Point",
        "coordinates": [
          133.327178,
          34.925783
        ]
      },
      "properties": {
        "NO": "737",
        "共通ID": "E3321000088111",
        "施設・場所名": "哲西中学校",
        "住所": "岡山県新見市哲西町矢田3193",
        "指定緊急避難場所との住所同一": "1",
        "その他市町村長が必要と認める事項": null,
        "受入対象者": null,
        "備考": ""
      }
    },
    {
      "type": "Feature",
      "geometry": {
        "type": "Point",
        "coordinates": [
          133.331379,
          34.932841
        ]
      },
      "properties": {
        "NO": "738",
        "共通ID": "E3321000089111",
        "施設・場所名": "きらめき広場・哲西",
        "住所": "岡山県新見市哲西町矢田3604",
        "指定緊急避難場所との住所同一": "1",
        "その他市町村長が必要と認める事項": null,
        "受入対象者": null,
        "備考": ""
      }
    },
    {
      "type": "Feature",
      "geometry": {
        "type": "Point",
        "coordinates": [
          133.334397,
          34.923823
        ]
      },
      "properties": {
        "NO": "739",
        "共通ID": "E3321000090111",
        "施設・場所名": "哲西高齢者生活福祉センター",
        "住所": "岡山県新見市哲西町矢田4351",
        "指定緊急避難場所との住所同一": "1",
        "その他市町村長が必要と認める事項": null,
        "受入対象者": null,
        "備考": ""
      }
    },
    {
      "type": "Feature",
      "geometry": {
        "type": "Point",
        "coordinates": [
          133.476057,
          34.901137
        ]
      },
      "properties": {
        "NO": "740",
        "共通ID": "E3321000091111",
        "施設・場所名": "井原コミュニティハウス",
        "住所": "岡山県新見市哲多町荻尾196-1",
        "指定緊急避難場所との住所同一": "1",
        "その他市町村長が必要と認める事項": null,
        "受入対象者": null,
        "備考": ""
      }
    },
    {
      "type": "Feature",
      "geometry": {
        "type": "Point",
        "coordinates": [
          133.480667,
          34.900511
        ]
      },
      "properties": {
        "NO": "741",
        "共通ID": "E3321000092111",
        "施設・場所名": "荻尾ふれあい館",
        "住所": "岡山県新見市哲多町荻尾845-2",
        "指定緊急避難場所との住所同一": "1",
        "その他市町村長が必要と認める事項": null,
        "受入対象者": null,
        "備考": ""
      }
    },
    {
      "type": "Feature",
      "geometry": {
        "type": "Point",
        "coordinates": [
          133.462279,
          34.941902
        ]
      },
      "properties": {
        "NO": "742",
        "共通ID": "E3321000093111",
        "施設・場所名": "哲多Ｂ＆Ｇ海洋センター",
        "住所": "岡山県新見市哲多町花木1090",
        "指定緊急避難場所との住所同一": "1",
        "その他市町村長が必要と認める事項": null,
        "受入対象者": null,
        "備考": ""
      }
    },
    {
      "type": "Feature",
      "geometry": {
        "type": "Point",
        "coordinates": [
          133.462725,
          34.941441
        ]
      },
      "properties": {
        "NO": "743",
        "共通ID": "E3321000094111",
        "施設・場所名": "若者センター",
        "住所": "岡山県新見市哲多町花木1091",
        "指定緊急避難場所との住所同一": "1",
        "その他市町村長が必要と認める事項": "",
        "受入対象者": "",
        "備考": ""
      }
    },
    {
      "type": "Feature",
      "geometry": {
        "type": "Point",
        "coordinates": [
          133.475317,
          34.940289
        ]
      },
      "properties": {
        "NO": "744",
        "共通ID": "E3321000095111",
        "施設・場所名": "久保井野コミュニティハウス",
        "住所": "岡山県新見市哲多町花木2114",
        "指定緊急避難場所との住所同一": "1",
        "その他市町村長が必要と認める事項": null,
        "受入対象者": null,
        "備考": ""
      }
    },
    {
      "type": "Feature",
      "geometry": {
        "type": "Point",
        "coordinates": [
          133.362765,
          34.887869
        ]
      },
      "properties": {
        "NO": "745",
        "共通ID": "E3321000096111",
        "施設・場所名": "青木田ノ河内コミュニティハウス",
        "住所": "岡山県新見市哲多町蚊家2208-5",
        "指定緊急避難場所との住所同一": "1",
        "その他市町村長が必要と認める事項": null,
        "受入対象者": null,
        "備考": ""
      }
    },
    {
      "type": "Feature",
      "geometry": {
        "type": "Point",
        "coordinates": [
          133.391891,
          34.895331
        ]
      },
      "properties": {
        "NO": "746",
        "共通ID": "E3321000097111",
        "施設・場所名": "哲多金ボタル交流館",
        "住所": "岡山県新見市哲多町蚊家3322",
        "指定緊急避難場所との住所同一": "1",
        "その他市町村長が必要と認める事項": null,
        "受入対象者": null,
        "備考": ""
      }
    },
    {
      "type": "Feature",
      "geometry": {
        "type": "Point",
        "coordinates": [
          133.405195,
          34.908939
        ]
      },
      "properties": {
        "NO": "747",
        "共通ID": "E3321000098111",
        "施設・場所名": "新砥小学校",
        "住所": "岡山県新見市哲多町蚊家4301",
        "指定緊急避難場所との住所同一": "1",
        "その他市町村長が必要と認める事項": null,
        "受入対象者": null,
        "備考": ""
      }
    },
    {
      "type": "Feature",
      "geometry": {
        "type": "Point",
        "coordinates": [
          133.405536,
          34.910334
        ]
      },
      "properties": {
        "NO": "748",
        "共通ID": "E3321000099111",
        "施設・場所名": "哲多公民館新砥分館",
        "住所": "岡山県新見市哲多町蚊家4603",
        "指定緊急避難場所との住所同一": "1",
        "その他市町村長が必要と認める事項": null,
        "受入対象者": null,
        "備考": ""
      }
    },
    {
      "type": "Feature",
      "geometry": {
        "type": "Point",
        "coordinates": [
          133.445807,
          34.949236
        ]
      },
      "properties": {
        "NO": "749",
        "共通ID": "E3321000100111",
        "施設・場所名": "哲多郷土文化館",
        "住所": "岡山県新見市哲多町宮河内470",
        "指定緊急避難場所との住所同一": "1",
        "その他市町村長が必要と認める事項": null,
        "受入対象者": null,
        "備考": ""
      }
    },
    {
      "type": "Feature",
      "geometry": {
        "type": "Point",
        "coordinates": [
          133.45453,
          34.918217
        ]
      },
      "properties": {
        "NO": "750",
        "共通ID": "E3321000101111",
        "施設・場所名": "哲多中学校",
        "住所": "岡山県新見市哲多町成松121",
        "指定緊急避難場所との住所同一": "1",
        "その他市町村長が必要と認める事項": null,
        "受入対象者": null,
        "備考": ""
      }
    },
    {
      "type": "Feature",
      "geometry": {
        "type": "Point",
        "coordinates": [
          133.413906,
          34.947088
        ]
      },
      "properties": {
        "NO": "751",
        "共通ID": "E3321000102111",
        "施設・場所名": "興産コミュニティハウス",
        "住所": "岡山県新見市哲多町大野1118",
        "指定緊急避難場所との住所同一": "1",
        "その他市町村長が必要と認める事項": null,
        "受入対象者": null,
        "備考": ""
      }
    },
    {
      "type": "Feature",
      "geometry": {
        "type": "Point",
        "coordinates": [
          133.392783,
          34.929742
        ]
      },
      "properties": {
        "NO": "752",
        "共通ID": "E3321000103111",
        "施設・場所名": "大田ふれあいセンター",
        "住所": "岡山県新見市哲多町田淵124-1",
        "指定緊急避難場所との住所同一": "1",
        "その他市町村長が必要と認める事項": null,
        "受入対象者": null,
        "備考": ""
      }
    },
    {
      "type": "Feature",
      "geometry": {
        "type": "Point",
        "coordinates": [
          133.374208,
          34.920891
        ]
      },
      "properties": {
        "NO": "753",
        "共通ID": "E3321000104111",
        "施設・場所名": "新田コミュニティハウス",
        "住所": "岡山県新見市哲多町田淵2419-1",
        "指定緊急避難場所との住所同一": "1",
        "その他市町村長が必要と認める事項": null,
        "受入対象者": null,
        "備考": ""
      }
    },
    {
      "type": "Feature",
      "geometry": {
        "type": "Point",
        "coordinates": [
          133.396459,
          34.930677
        ]
      },
      "properties": {
        "NO": "754",
        "共通ID": "E3321000105111",
        "施設・場所名": "公設国際貢献大学校",
        "住所": "岡山県新見市哲多町田淵70",
        "指定緊急避難場所との住所同一": "1",
        "その他市町村長が必要と認める事項": null,
        "受入対象者": null,
        "備考": ""
      }
    },
    {
      "type": "Feature",
      "geometry": {
        "type": "Point",
        "coordinates": [
          133.450125,
          34.93715
        ]
      },
      "properties": {
        "NO": "755",
        "共通ID": "E3321000106111",
        "施設・場所名": "哲多総合センター",
        "住所": "岡山県新見市哲多町本郷664-1",
        "指定緊急避難場所との住所同一": "1",
        "その他市町村長が必要と認める事項": null,
        "受入対象者": null,
        "備考": ""
      }
    },
    {
      "type": "Feature",
      "geometry": {
        "type": "Point",
        "coordinates": [
          133.450959,
          34.938173
        ]
      },
      "properties": {
        "NO": "756",
        "共通ID": "E3321000107111",
        "施設・場所名": "本郷小学校",
        "住所": "岡山県新見市哲多町本郷672",
        "指定緊急避難場所との住所同一": "1",
        "その他市町村長が必要と認める事項": null,
        "受入対象者": null,
        "備考": ""
      }
    },
    {
      "type": "Feature",
      "geometry": {
        "type": "Point",
        "coordinates": [
          133.452856,
          34.901787
        ]
      },
      "properties": {
        "NO": "757",
        "共通ID": "E3321000109111",
        "施設・場所名": "旧萬歳小学校",
        "住所": "岡山県新見市哲多町矢戸656",
        "指定緊急避難場所との住所同一": "1",
        "その他市町村長が必要と認める事項": "",
        "受入対象者": "",
        "備考": ""
      }
    },
    {
      "type": "Feature",
      "geometry": {
        "type": "Point",
        "coordinates": [
          133.453708,
          34.90165
        ]
      },
      "properties": {
        "NO": "758",
        "共通ID": "E3321000110111",
        "施設・場所名": "夢ひろば萬歳",
        "住所": "岡山県新見市哲多町矢戸685-1",
        "指定緊急避難場所との住所同一": "1",
        "その他市町村長が必要と認める事項": null,
        "受入対象者": null,
        "備考": ""
      }
    },
    {
      "type": "Feature",
      "geometry": {
        "type": "Point",
        "coordinates": [
          133.545925,
          34.959182
        ]
      },
      "properties": {
        "NO": "759",
        "共通ID": "E3321000111111",
        "施設・場所名": "土橋交流センター",
        "住所": "岡山県新見市土橋928",
        "指定緊急避難場所との住所同一": "1",
        "その他市町村長が必要と認める事項": null,
        "受入対象者": null,
        "備考": ""
      }
    },
    {
      "type": "Feature",
      "geometry": {
        "type": "Point",
        "coordinates": [
          133.503345,
          34.959081
        ]
      },
      "properties": {
        "NO": "760",
        "共通ID": "E3321000122111",
        "施設・場所名": "唐松公民館（唐松市民センター）",
        "住所": "岡山県新見市唐松2744-2",
        "指定緊急避難場所との住所同一": "1",
        "その他市町村長が必要と認める事項": "",
        "受入対象者": "",
        "備考": ""
      }
    },
    {
      "type": "Feature",
      "geometry": {
        "type": "Point",
        "coordinates": [
          133.503312,
          34.95911
        ]
      },
      "properties": {
        "NO": "761",
        "共通ID": "E3321000112111",
        "施設・場所名": "旧唐松小学校体育館",
        "住所": "岡山県新見市唐松2752",
        "指定緊急避難場所との住所同一": "1",
        "その他市町村長が必要と認める事項": "",
        "受入対象者": "",
        "備考": ""
      }
    },
    {
      "type": "Feature",
      "geometry": {
        "type": "Point",
        "coordinates": [
          133.502678,
          34.905344
        ]
      },
      "properties": {
        "NO": "762",
        "共通ID": "E3321000114111",
        "施設・場所名": "熊野コミュニティハウス",
        "住所": "岡山県新見市法曽2809-1",
        "指定緊急避難場所との住所同一": "1",
        "その他市町村長が必要と認める事項": null,
        "受入対象者": null,
        "備考": ""
      }
    },
    {
      "type": "Feature",
      "geometry": {
        "type": "Point",
        "coordinates": [
          133.508964,
          34.907754
        ]
      },
      "properties": {
        "NO": "763",
        "共通ID": "E3321000115111",
        "施設・場所名": "井倉公民館含翠分館",
        "住所": "岡山県新見市法曽3199",
        "指定緊急避難場所との住所同一": "1",
        "その他市町村長が必要と認める事項": null,
        "受入対象者": null,
        "備考": ""
      }
    },
    {
      "type": "Feature",
      "geometry": {
        "type": "Point",
        "coordinates": [
          133.520616,
          34.884018
        ]
      },
      "properties": {
        "NO": "764",
        "共通ID": "E3321000116111",
        "施設・場所名": "法曽農作業準備休憩施設",
        "住所": "岡山県新見市法曽595-1",
        "指定緊急避難場所との住所同一": "1",
        "その他市町村長が必要と認める事項": null,
        "受入対象者": null,
        "備考": ""
      }
    },
    {
      "type": "Feature",
      "geometry": {
        "type": "Point",
        "coordinates": [
          133.588922,
          34.961284
        ]
      },
      "properties": {
        "NO": "765",
        "共通ID": "E3321000117111",
        "施設・場所名": "豊永公民館（豊永市民センター）",
        "住所": "岡山県新見市豊永佐伏1120-1",
        "指定緊急避難場所との住所同一": "1",
        "その他市町村長が必要と認める事項": "",
        "受入対象者": "",
        "備考": ""
      }
    },
    {
      "type": "Feature",
      "geometry": {
        "type": "Point",
        "coordinates": [
          133.589923,
          34.960314
        ]
      },
      "properties": {
        "NO": "766",
        "共通ID": "E3321000118111",
        "施設・場所名": "旧豊永小学校体育館",
        "住所": "岡山県新見市豊永佐伏6181",
        "指定緊急避難場所との住所同一": "1",
        "その他市町村長が必要と認める事項": null,
        "受入対象者": null,
        "備考": ""
      }
    },
    {
      "type": "Feature",
      "geometry": {
        "type": "Point",
        "coordinates": [
          133.583818,
          34.968891
        ]
      },
      "properties": {
        "NO": "767",
        "共通ID": "E3321000119111",
        "施設・場所名": "ふれあいセンター満奇",
        "住所": "岡山県新見市豊永赤馬2637-1",
        "指定緊急避難場所との住所同一": "1",
        "その他市町村長が必要と認める事項": null,
        "受入対象者": null,
        "備考": ""
      }
    },
    {
      "type": "Feature",
      "geometry": {
        "type": "Point",
        "coordinates": [
          133.595017,
          34.984694
        ]
      },
      "properties": {
        "NO": "768",
        "共通ID": "E3321000120111",
        "施設・場所名": "西尾公会堂",
        "住所": "岡山県新見市豊永赤馬5384",
        "指定緊急避難場所との住所同一": "1",
        "その他市町村長が必要と認める事項": null,
        "受入対象者": null,
        "備考": ""
      }
    },
    {
      "type": "Feature",
      "geometry": {
        "type": "Point",
        "coordinates": [
          133.56937,
          35.175973
        ]
      },
      "properties": {
        "NO": "769",
        "共通ID": "E3358600001111",
        "施設・場所名": "須貝邸",
        "住所": "岡山県新庄村1100",
        "指定緊急避難場所との住所同一": "1",
        "その他市町村長が必要と認める事項": null,
        "受入対象者": null,
        "備考": ""
      }
    },
    {
      "type": "Feature",
      "geometry": {
        "type": "Point",
        "coordinates": [
          133.569175,
          35.176701
        ]
      },
      "properties": {
        "NO": "770",
        "共通ID": "E3358600002111",
        "施設・場所名": "中町集会所",
        "住所": "岡山県新庄村1108-1",
        "指定緊急避難場所との住所同一": "1",
        "その他市町村長が必要と認める事項": null,
        "受入対象者": null,
        "備考": ""
      }
    },
    {
      "type": "Feature",
      "geometry": {
        "type": "Point",
        "coordinates": [
          133.561913,
          35.177797
        ]
      },
      "properties": {
        "NO": "771",
        "共通ID": "E3358600003111",
        "施設・場所名": "戸島公民館",
        "住所": "岡山県新庄村1256-2",
        "指定緊急避難場所との住所同一": "1",
        "その他市町村長が必要と認める事項": null,
        "受入対象者": null,
        "備考": ""
      }
    },
    {
      "type": "Feature",
      "geometry": {
        "type": "Point",
        "coordinates": [
          133.567034,
          35.178308
        ]
      },
      "properties": {
        "NO": "772",
        "共通ID": "E3358600004111",
        "施設・場所名": "幸町公民館",
        "住所": "岡山県新庄村1985-8",
        "指定緊急避難場所との住所同一": "1",
        "その他市町村長が必要と認める事項": null,
        "受入対象者": null,
        "備考": ""
      }
    },
    {
      "type": "Feature",
      "geometry": {
        "type": "Point",
        "coordinates": [
          133.566709,
          35.179992
        ]
      },
      "properties": {
        "NO": "773",
        "共通ID": "E3358600005121",
        "施設・場所名": "ふれあいセンター",
        "住所": "岡山県新庄村1998-1",
        "指定緊急避難場所との住所同一": "1",
        "その他市町村長が必要と認める事項": null,
        "受入対象者": "高齢者、障碍者など避難所生活において何らかの特別な配慮を要する方で、介護保険施設や医療機関などに入所・入院するに至らない程度の在宅の要援護者",
        "備考": ""
      }
    },
    {
      "type": "Feature",
      "geometry": {
        "type": "Point",
        "coordinates": [
          133.566683,
          35.1805
        ]
      },
      "properties": {
        "NO": "774",
        "共通ID": "E3358600005111",
        "施設・場所名": "ふれあいホール",
        "住所": "岡山県新庄村1998-1",
        "指定緊急避難場所との住所同一": "1",
        "その他市町村長が必要と認める事項": null,
        "受入対象者": null,
        "備考": ""
      }
    },
    {
      "type": "Feature",
      "geometry": {
        "type": "Point",
        "coordinates": [
          133.566709,
          35.179992
        ]
      },
      "properties": {
        "NO": "775",
        "共通ID": "E3358600005112",
        "施設・場所名": "メルヘンの里ふれあいセンター",
        "住所": "岡山県新庄村1998-1",
        "指定緊急避難場所との住所同一": "1",
        "その他市町村長が必要と認める事項": null,
        "受入対象者": null,
        "備考": ""
      }
    },
    {
      "type": "Feature",
      "geometry": {
        "type": "Point",
        "coordinates": [
          133.567226,
          35.180269
        ]
      },
      "properties": {
        "NO": "776",
        "共通ID": "E3358600006111",
        "施設・場所名": "新庄村公民館",
        "住所": "岡山県新庄村2014",
        "指定緊急避難場所との住所同一": "1",
        "その他市町村長が必要と認める事項": null,
        "受入対象者": null,
        "備考": ""
      }
    },
    {
      "type": "Feature",
      "geometry": {
        "type": "Point",
        "coordinates": [
          133.567092,
          35.180749
        ]
      },
      "properties": {
        "NO": "777",
        "共通ID": "E3358600007111",
        "施設・場所名": "新庄村保育所",
        "住所": "岡山県新庄村2014-2",
        "指定緊急避難場所との住所同一": "1",
        "その他市町村長が必要と認める事項": null,
        "受入対象者": null,
        "備考": ""
      }
    },
    {
      "type": "Feature",
      "geometry": {
        "type": "Point",
        "coordinates": [
          133.56728,
          35.181631
        ]
      },
      "properties": {
        "NO": "778",
        "共通ID": "E3358600008111",
        "施設・場所名": "新庄小学校",
        "住所": "岡山県新庄村2074",
        "指定緊急避難場所との住所同一": "1",
        "その他市町村長が必要と認める事項": null,
        "受入対象者": null,
        "備考": ""
      }
    },
    {
      "type": "Feature",
      "geometry": {
        "type": "Point",
        "coordinates": [
          133.569056,
          35.181902
        ]
      },
      "properties": {
        "NO": "779",
        "共通ID": "E3358600009111",
        "施設・場所名": "鍛冶屋公民館",
        "住所": "岡山県新庄村2116",
        "指定緊急避難場所との住所同一": "1",
        "その他市町村長が必要と認める事項": null,
        "受入対象者": null,
        "備考": ""
      }
    },
    {
      "type": "Feature",
      "geometry": {
        "type": "Point",
        "coordinates": [
          133.568315,
          35.181798
        ]
      },
      "properties": {
        "NO": "780",
        "共通ID": "E3358600010111",
        "施設・場所名": "新庄中学校",
        "住所": "岡山県新庄村2134",
        "指定緊急避難場所との住所同一": "1",
        "その他市町村長が必要と認める事項": null,
        "受入対象者": null,
        "備考": ""
      }
    },
    {
      "type": "Feature",
      "geometry": {
        "type": "Point",
        "coordinates": [
          133.578264,
          35.16318
        ]
      },
      "properties": {
        "NO": "781",
        "共通ID": "E3358600011111",
        "施設・場所名": "大所公民館",
        "住所": "岡山県新庄村225-3",
        "指定緊急避難場所との住所同一": "1",
        "その他市町村長が必要と認める事項": null,
        "受入対象者": null,
        "備考": ""
      }
    },
    {
      "type": "Feature",
      "geometry": {
        "type": "Point",
        "coordinates": [
          133.56465,
          35.183951
        ]
      },
      "properties": {
        "NO": "782",
        "共通ID": "E3358600012111",
        "施設・場所名": "田井公民館",
        "住所": "岡山県新庄村2478-2",
        "指定緊急避難場所との住所同一": "1",
        "その他市町村長が必要と認める事項": null,
        "受入対象者": null,
        "備考": ""
      }
    },
    {
      "type": "Feature",
      "geometry": {
        "type": "Point",
        "coordinates": [
          133.565327,
          35.187991
        ]
      },
      "properties": {
        "NO": "783",
        "共通ID": "E3358600013111",
        "施設・場所名": "田中公民館",
        "住所": "岡山県新庄村2726",
        "指定緊急避難場所との住所同一": "1",
        "その他市町村長が必要と認める事項": null,
        "受入対象者": null,
        "備考": ""
      }
    },
    {
      "type": "Feature",
      "geometry": {
        "type": "Point",
        "coordinates": [
          133.533726,
          35.198597
        ]
      },
      "properties": {
        "NO": "784",
        "共通ID": "E3358600014111",
        "施設・場所名": "二ツ橋公民館",
        "住所": "岡山県新庄村3061",
        "指定緊急避難場所との住所同一": "1",
        "その他市町村長が必要と認める事項": null,
        "受入対象者": null,
        "備考": ""
      }
    },
    {
      "type": "Feature",
      "geometry": {
        "type": "Point",
        "coordinates": [
          133.53149,
          35.217888
        ]
      },
      "properties": {
        "NO": "785",
        "共通ID": "E3358600015111",
        "施設・場所名": "田浪公民館",
        "住所": "岡山県新庄村3365",
        "指定緊急避難場所との住所同一": "1",
        "その他市町村長が必要と認める事項": null,
        "受入対象者": null,
        "備考": ""
      }
    },
    {
      "type": "Feature",
      "geometry": {
        "type": "Point",
        "coordinates": [
          133.553982,
          35.205838
        ]
      },
      "properties": {
        "NO": "786",
        "共通ID": "E3358600016111",
        "施設・場所名": "滝ノ尻公民館",
        "住所": "岡山県新庄村3684-4",
        "指定緊急避難場所との住所同一": "1",
        "その他市町村長が必要と認める事項": null,
        "受入対象者": null,
        "備考": ""
      }
    },
    {
      "type": "Feature",
      "geometry": {
        "type": "Point",
        "coordinates": [
          133.564678,
          35.196105
        ]
      },
      "properties": {
        "NO": "787",
        "共通ID": "E3358600017111",
        "施設・場所名": "大原公民館",
        "住所": "岡山県新庄村3890",
        "指定緊急避難場所との住所同一": "1",
        "その他市町村長が必要と認める事項": null,
        "受入対象者": null,
        "備考": ""
      }
    },
    {
      "type": "Feature",
      "geometry": {
        "type": "Point",
        "coordinates": [
          133.572022,
          35.19729
        ]
      },
      "properties": {
        "NO": "788",
        "共通ID": "E3358600018111",
        "施設・場所名": "中谷公民館",
        "住所": "岡山県新庄村4006-2",
        "指定緊急避難場所との住所同一": "1",
        "その他市町村長が必要と認める事項": null,
        "受入対象者": null,
        "備考": ""
      }
    },
    {
      "type": "Feature",
      "geometry": {
        "type": "Point",
        "coordinates": [
          133.574034,
          35.20103
        ]
      },
      "properties": {
        "NO": "789",
        "共通ID": "E3358600019111",
        "施設・場所名": "高下公民館",
        "住所": "岡山県新庄村4088",
        "指定緊急避難場所との住所同一": "1",
        "その他市町村長が必要と認める事項": null,
        "受入対象者": null,
        "備考": ""
      }
    },
    {
      "type": "Feature",
      "geometry": {
        "type": "Point",
        "coordinates": [
          133.579602,
          35.223229
        ]
      },
      "properties": {
        "NO": "790",
        "共通ID": "E3358600020111",
        "施設・場所名": "野土路公民館",
        "住所": "岡山県新庄村4974",
        "指定緊急避難場所との住所同一": "1",
        "その他市町村長が必要と認める事項": null,
        "受入対象者": null,
        "備考": ""
      }
    },
    {
      "type": "Feature",
      "geometry": {
        "type": "Point",
        "coordinates": [
          133.567875,
          35.191017
        ]
      },
      "properties": {
        "NO": "791",
        "共通ID": "E3358600021111",
        "施設・場所名": "梨瀬公民館",
        "住所": "岡山県新庄村5405",
        "指定緊急避難場所との住所同一": "1",
        "その他市町村長が必要と認める事項": null,
        "受入対象者": null,
        "備考": ""
      }
    },
    {
      "type": "Feature",
      "geometry": {
        "type": "Point",
        "coordinates": [
          133.576322,
          35.192214
        ]
      },
      "properties": {
        "NO": "792",
        "共通ID": "E3358600022111",
        "施設・場所名": "浦手公民館",
        "住所": "岡山県新庄村5642",
        "指定緊急避難場所との住所同一": "1",
        "その他市町村長が必要と認める事項": null,
        "受入対象者": null,
        "備考": ""
      }
    },
    {
      "type": "Feature",
      "geometry": {
        "type": "Point",
        "coordinates": [
          133.564381,
          35.165154
        ]
      },
      "properties": {
        "NO": "793",
        "共通ID": "E3358600023111",
        "施設・場所名": "茅見公民館",
        "住所": "岡山県新庄村843-2",
        "指定緊急避難場所との住所同一": "1",
        "その他市町村長が必要と認める事項": null,
        "受入対象者": null,
        "備考": ""
      }
    },
    {
      "type": "Feature",
      "geometry": {
        "type": "Point",
        "coordinates": [
          133.624084,
          35.012404
        ]
      },
      "properties": {
        "NO": "794",
        "共通ID": "E3321400002111",
        "施設・場所名": "旧阿口幼稚園",
        "住所": "岡山県真庭市阿口2390",
        "指定緊急避難場所との住所同一": "1",
        "その他市町村長が必要と認める事項": "",
        "受入対象者": "",
        "備考": ""
      }
    },
    {
      "type": "Feature",
      "geometry": {
        "type": "Point",
        "coordinates": [
          133.736518,
          35.024166
        ]
      },
      "properties": {
        "NO": "795",
        "共通ID": "E3321400025111",
        "施設・場所名": "ハイランドおちあい",
        "住所": "岡山県真庭市下市瀬586-1",
        "指定緊急避難場所との住所同一": "1",
        "その他市町村長が必要と認める事項": null,
        "受入対象者": null,
        "備考": ""
      }
    },
    {
      "type": "Feature",
      "geometry": {
        "type": "Point",
        "coordinates": [
          133.737581,
          35.022365
        ]
      },
      "properties": {
        "NO": "796",
        "共通ID": "E3321400026111",
        "施設・場所名": "白梅総合体育館",
        "住所": "岡山県真庭市下市瀬586-3",
        "指定緊急避難場所との住所同一": "1",
        "その他市町村長が必要と認める事項": null,
        "受入対象者": null,
        "備考": ""
      }
    },
    {
      "type": "Feature",
      "geometry": {
        "type": "Point",
        "coordinates": [
          133.733661,
          35.003289
        ]
      },
      "properties": {
        "NO": "797",
        "共通ID": "E3321400040111",
        "施設・場所名": "木山小学校",
        "住所": "岡山県真庭市下方1380",
        "指定緊急避難場所との住所同一": "1",
        "その他市町村長が必要と認める事項": null,
        "受入対象者": null,
        "備考": ""
      }
    },
    {
      "type": "Feature",
      "geometry": {
        "type": "Point",
        "coordinates": [
          133.732815,
          35.010334
        ]
      },
      "properties": {
        "NO": "798",
        "共通ID": "E3321400046111",
        "施設・場所名": "落合中学校",
        "住所": "岡山県真庭市下方625",
        "指定緊急避難場所との住所同一": "1",
        "その他市町村長が必要と認める事項": null,
        "受入対象者": null,
        "備考": ""
      }
    },
    {
      "type": "Feature",
      "geometry": {
        "type": "Point",
        "coordinates": [
          133.632878,
          34.961589
        ]
      },
      "properties": {
        "NO": "799",
        "共通ID": "E3321400366111",
        "施設・場所名": "北房振興局",
        "住所": "岡山県真庭市下呰部248",
        "指定緊急避難場所との住所同一": "1",
        "その他市町村長が必要と認める事項": "",
        "受入対象者": "",
        "備考": ""
      }
    },
    {
      "type": "Feature",
      "geometry": {
        "type": "Point",
        "coordinates": [
          133.633555,
          34.964139
        ]
      },
      "properties": {
        "NO": "800",
        "共通ID": "E3321400050111",
        "施設・場所名": "北房小学校",
        "住所": "岡山県真庭市下呰部289",
        "指定緊急避難場所との住所同一": "1",
        "その他市町村長が必要と認める事項": null,
        "受入対象者": null,
        "備考": ""
      }
    },
    {
      "type": "Feature",
      "geometry": {
        "type": "Point",
        "coordinates": [
          133.632906,
          34.963303
        ]
      },
      "properties": {
        "NO": "801",
        "共通ID": "E3321400050112",
        "施設・場所名": "北房こども園",
        "住所": "岡山県真庭市下呰部289",
        "指定緊急避難場所との住所同一": "1",
        "その他市町村長が必要と認める事項": null,
        "受入対象者": null,
        "備考": ""
      }
    },
    {
      "type": "Feature",
      "geometry": {
        "type": "Point",
        "coordinates": [
          133.730152,
          35.168947
        ]
      },
      "properties": {
        "NO": "802",
        "共通ID": "E3321400053111",
        "施設・場所名": "湯原温泉スポーツ公園",
        "住所": "岡山県真庭市禾津164",
        "指定緊急避難場所との住所同一": "1",
        "その他市町村長が必要と認める事項": "",
        "受入対象者": "",
        "備考": ""
      }
    },
    {
      "type": "Feature",
      "geometry": {
        "type": "Point",
        "coordinates": [
          133.778923,
          35.103561
        ]
      },
      "properties": {
        "NO": "803",
        "共通ID": "E3321400058111",
        "施設・場所名": "樫邑小学校",
        "住所": "岡山県真庭市樫西3510",
        "指定緊急避難場所との住所同一": "1",
        "その他市町村長が必要と認める事項": null,
        "受入対象者": null,
        "備考": ""
      }
    },
    {
      "type": "Feature",
      "geometry": {
        "type": "Point",
        "coordinates": [
          133.786292,
          35.095678
        ]
      },
      "properties": {
        "NO": "804",
        "共通ID": "E3321400060111",
        "施設・場所名": "樫東生活改善センター",
        "住所": "岡山県真庭市樫東1354-2",
        "指定緊急避難場所との住所同一": "1",
        "その他市町村長が必要と認める事項": null,
        "受入対象者": null,
        "備考": ""
      }
    },
    {
      "type": "Feature",
      "geometry": {
        "type": "Point",
        "coordinates": [
          133.73007,
          35.175299
        ]
      },
      "properties": {
        "NO": "805",
        "共通ID": "E3321400069111",
        "施設・場所名": "湯原中学校",
        "住所": "岡山県真庭市久見105",
        "指定緊急避難場所との住所同一": "1",
        "その他市町村長が必要と認める事項": null,
        "受入対象者": null,
        "備考": ""
      }
    },
    {
      "type": "Feature",
      "geometry": {
        "type": "Point",
        "coordinates": [
          133.731728,
          35.174169
        ]
      },
      "properties": {
        "NO": "806",
        "共通ID": "E3321400070111",
        "施設・場所名": "湯原小学校",
        "住所": "岡山県真庭市久見70",
        "指定緊急避難場所との住所同一": "1",
        "その他市町村長が必要と認める事項": null,
        "受入対象者": null,
        "備考": ""
      }
    },
    {
      "type": "Feature",
      "geometry": {
        "type": "Point",
        "coordinates": [
          133.750646,
          35.082335
        ]
      },
      "properties": {
        "NO": "807",
        "共通ID": "E3321400072111",
        "施設・場所名": "遷喬小学校",
        "住所": "岡山県真庭市久世100",
        "指定緊急避難場所との住所同一": "1",
        "その他市町村長が必要と認める事項": null,
        "受入対象者": null,
        "備考": ""
      }
    },
    {
      "type": "Feature",
      "geometry": {
        "type": "Point",
        "coordinates": [
          133.753458,
          35.075177
        ]
      },
      "properties": {
        "NO": "808",
        "共通ID": "E3321400076111",
        "施設・場所名": "久世公民館",
        "住所": "岡山県真庭市久世2932-5",
        "指定緊急避難場所との住所同一": "1",
        "その他市町村長が必要と認める事項": null,
        "受入対象者": null,
        "備考": ""
      }
    },
    {
      "type": "Feature",
      "geometry": {
        "type": "Point",
        "coordinates": [
          133.679498,
          34.975905
        ]
      },
      "properties": {
        "NO": "809",
        "共通ID": "E3321400080111",
        "施設・場所名": "旧水田小学校体育館",
        "住所": "岡山県真庭市宮地1608",
        "指定緊急避難場所との住所同一": "1",
        "その他市町村長が必要と認める事項": "",
        "受入対象者": "",
        "備考": ""
      }
    },
    {
      "type": "Feature",
      "geometry": {
        "type": "Point",
        "coordinates": [
          133.698706,
          34.987776
        ]
      },
      "properties": {
        "NO": "810",
        "共通ID": "E3321400090111",
        "施設・場所名": "美川小学校",
        "住所": "岡山県真庭市栗原720",
        "指定緊急避難場所との住所同一": "1",
        "その他市町村長が必要と認める事項": null,
        "受入対象者": null,
        "備考": ""
      }
    },
    {
      "type": "Feature",
      "geometry": {
        "type": "Point",
        "coordinates": [
          133.66162,
          35.039457
        ]
      },
      "properties": {
        "NO": "811",
        "共通ID": "E3321400094111",
        "施設・場所名": "月田小学校",
        "住所": "岡山県真庭市月田5606-2",
        "指定緊急避難場所との住所同一": "1",
        "その他市町村長が必要と認める事項": null,
        "受入対象者": null,
        "備考": ""
      }
    },
    {
      "type": "Feature",
      "geometry": {
        "type": "Point",
        "coordinates": [
          133.606747,
          35.089465
        ]
      },
      "properties": {
        "NO": "812",
        "共通ID": "E3321400105111",
        "施設・場所名": "真庭市農業構造改善センター",
        "住所": "岡山県真庭市古呂々尾中1412-3",
        "指定緊急避難場所との住所同一": "1",
        "その他市町村長が必要と認める事項": null,
        "受入対象者": null,
        "備考": ""
      }
    },
    {
      "type": "Feature",
      "geometry": {
        "type": "Point",
        "coordinates": [
          133.750666,
          35.093088
        ]
      },
      "properties": {
        "NO": "813",
        "共通ID": "E3321400123111",
        "施設・場所名": "産業学習館",
        "住所": "岡山県真庭市三阪1130-22",
        "指定緊急避難場所との住所同一": "1",
        "その他市町村長が必要と認める事項": null,
        "受入対象者": null,
        "備考": ""
      }
    },
    {
      "type": "Feature",
      "geometry": {
        "type": "Point",
        "coordinates": [
          133.686414,
          35.081941
        ]
      },
      "properties": {
        "NO": "814",
        "共通ID": "E3321400125111",
        "施設・場所名": "勝山中学校",
        "住所": "岡山県真庭市三田190",
        "指定緊急避難場所との住所同一": "1",
        "その他市町村長が必要と認める事項": null,
        "受入対象者": null,
        "備考": ""
      }
    },
    {
      "type": "Feature",
      "geometry": {
        "type": "Point",
        "coordinates": [
          133.609252,
          35.060212
        ]
      },
      "properties": {
        "NO": "815",
        "共通ID": "E3321400139111",
        "施設・場所名": "富原小学校",
        "住所": "岡山県真庭市若代1948",
        "指定緊急避難場所との住所同一": "1",
        "その他市町村長が必要と認める事項": null,
        "受入対象者": null,
        "備考": ""
      }
    },
    {
      "type": "Feature",
      "geometry": {
        "type": "Point",
        "coordinates": [
          133.672961,
          35.21877
        ]
      },
      "properties": {
        "NO": "816",
        "共通ID": "E3321400144111",
        "施設・場所名": "二川みらいづくりセンター",
        "住所": "岡山県真庭市種966",
        "指定緊急避難場所との住所同一": "1",
        "その他市町村長が必要と認める事項": "",
        "受入対象者": "",
        "備考": ""
      }
    },
    {
      "type": "Feature",
      "geometry": {
        "type": "Point",
        "coordinates": [
          133.691154,
          35.080292
        ]
      },
      "properties": {
        "NO": "817",
        "共通ID": "E3321400145111",
        "施設・場所名": "勝山文化センター",
        "住所": "岡山県真庭市勝山319",
        "指定緊急避難場所との住所同一": "1",
        "その他市町村長が必要と認める事項": null,
        "受入対象者": null,
        "備考": ""
      }
    },
    {
      "type": "Feature",
      "geometry": {
        "type": "Point",
        "coordinates": [
          133.694741,
          35.08335
        ]
      },
      "properties": {
        "NO": "818",
        "共通ID": "E3321400147111",
        "施設・場所名": "勝山高校",
        "住所": "岡山県真庭市勝山481",
        "指定緊急避難場所との住所同一": "1",
        "その他市町村長が必要と認める事項": null,
        "受入対象者": null,
        "備考": ""
      }
    },
    {
      "type": "Feature",
      "geometry": {
        "type": "Point",
        "coordinates": [
          133.69231,
          35.083211
        ]
      },
      "properties": {
        "NO": "819",
        "共通ID": "E3321400148111",
        "施設・場所名": "勝山こども園",
        "住所": "岡山県真庭市勝山628-1",
        "指定緊急避難場所との住所同一": "1",
        "その他市町村長が必要と認める事項": null,
        "受入対象者": null,
        "備考": ""
      }
    },
    {
      "type": "Feature",
      "geometry": {
        "type": "Point",
        "coordinates": [
          133.642014,
          34.963936
        ]
      },
      "properties": {
        "NO": "820",
        "共通ID": "E3321400168111",
        "施設・場所名": "北房中学校",
        "住所": "岡山県真庭市上水田2758",
        "指定緊急避難場所との住所同一": "1",
        "その他市町村長が必要と認める事項": null,
        "受入対象者": null,
        "備考": ""
      }
    },
    {
      "type": "Feature",
      "geometry": {
        "type": "Point",
        "coordinates": [
          133.633521,
          34.961873
        ]
      },
      "properties": {
        "NO": "821",
        "共通ID": "E3321400169111",
        "施設・場所名": "北房文化センター",
        "住所": "岡山県真庭市上水田3131",
        "指定緊急避難場所との住所同一": "1",
        "その他市町村長が必要と認める事項": "",
        "受入対象者": "",
        "備考": ""
      }
    },
    {
      "type": "Feature",
      "geometry": {
        "type": "Point",
        "coordinates": [
          133.623576,
          34.937472
        ]
      },
      "properties": {
        "NO": "822",
        "共通ID": "E3321400185111",
        "施設・場所名": "北房Ｂ＆Ｇ海洋センター",
        "住所": "岡山県真庭市上中津井243-2",
        "指定緊急避難場所との住所同一": "1",
        "その他市町村長が必要と認める事項": "",
        "受入対象者": "",
        "備考": ""
      }
    },
    {
      "type": "Feature",
      "geometry": {
        "type": "Point",
        "coordinates": [
          133.652971,
          35.093175
        ]
      },
      "properties": {
        "NO": "823",
        "共通ID": "E3321400189111",
        "施設・場所名": "神代コミュニティセンター",
        "住所": "岡山県真庭市神代913-1",
        "指定緊急避難場所との住所同一": "1",
        "その他市町村長が必要と認める事項": null,
        "受入対象者": null,
        "備考": ""
      }
    },
    {
      "type": "Feature",
      "geometry": {
        "type": "Point",
        "coordinates": [
          133.710619,
          35.08086
        ]
      },
      "properties": {
        "NO": "824",
        "共通ID": "E3321400201111",
        "施設・場所名": "大上公民館",
        "住所": "岡山県真庭市草加部1007-2",
        "指定緊急避難場所との住所同一": "1",
        "その他市町村長が必要と認める事項": null,
        "受入対象者": null,
        "備考": ""
      }
    },
    {
      "type": "Feature",
      "geometry": {
        "type": "Point",
        "coordinates": [
          133.719326,
          35.074901
        ]
      },
      "properties": {
        "NO": "825",
        "共通ID": "E3321400202111",
        "施設・場所名": "全農岡山県本部家畜市場",
        "住所": "岡山県真庭市草加部1810",
        "指定緊急避難場所との住所同一": "1",
        "その他市町村長が必要と認める事項": null,
        "受入対象者": null,
        "備考": ""
      }
    },
    {
      "type": "Feature",
      "geometry": {
        "type": "Point",
        "coordinates": [
          133.719897,
          35.081115
        ]
      },
      "properties": {
        "NO": "826",
        "共通ID": "E3321400204111",
        "施設・場所名": "草加部小学校",
        "住所": "岡山県真庭市草加部538",
        "指定緊急避難場所との住所同一": "1",
        "その他市町村長が必要と認める事項": null,
        "受入対象者": null,
        "備考": ""
      }
    },
    {
      "type": "Feature",
      "geometry": {
        "type": "Point",
        "coordinates": [
          133.764183,
          35.073876
        ]
      },
      "properties": {
        "NO": "827",
        "共通ID": "E3321400207111",
        "施設・場所名": "久世中学校",
        "住所": "岡山県真庭市台金屋202",
        "指定緊急避難場所との住所同一": "1",
        "その他市町村長が必要と認める事項": null,
        "受入対象者": null,
        "備考": ""
      }
    },
    {
      "type": "Feature",
      "geometry": {
        "type": "Point",
        "coordinates": [
          133.800227,
          35.049767
        ]
      },
      "properties": {
        "NO": "828",
        "共通ID": "E3321400211111",
        "施設・場所名": "河内小学校",
        "住所": "岡山県真庭市中河内2119-1",
        "指定緊急避難場所との住所同一": "1",
        "その他市町村長が必要と認める事項": null,
        "受入対象者": null,
        "備考": ""
      }
    },
    {
      "type": "Feature",
      "geometry": {
        "type": "Point",
        "coordinates": [
          133.751755,
          35.071568
        ]
      },
      "properties": {
        "NO": "829",
        "共通ID": "E3321400214112",
        "施設・場所名": "旧真庭高校久世校地",
        "住所": "岡山県真庭市中島143",
        "指定緊急避難場所との住所同一": "1",
        "その他市町村長が必要と認める事項": "",
        "受入対象者": "",
        "備考": ""
      }
    },
    {
      "type": "Feature",
      "geometry": {
        "type": "Point",
        "coordinates": [
          133.761862,
          35.036061
        ]
      },
      "properties": {
        "NO": "830",
        "共通ID": "E3321400222111",
        "施設・場所名": "川東小学校",
        "住所": "岡山県真庭市田原175",
        "指定緊急避難場所との住所同一": "1",
        "その他市町村長が必要と認める事項": null,
        "受入対象者": null,
        "備考": ""
      }
    },
    {
      "type": "Feature",
      "geometry": {
        "type": "Point",
        "coordinates": [
          133.749,
          34.980174
        ]
      },
      "properties": {
        "NO": "831",
        "共通ID": "E3321400226111",
        "施設・場所名": "旧上田小学校",
        "住所": "岡山県真庭市田原山上2138",
        "指定緊急避難場所との住所同一": "1",
        "その他市町村長が必要と認める事項": null,
        "受入対象者": null,
        "備考": ""
      }
    },
    {
      "type": "Feature",
      "geometry": {
        "type": "Point",
        "coordinates": [
          133.752477,
          35.07742
        ]
      },
      "properties": {
        "NO": "832",
        "共通ID": "E3321400237111",
        "施設・場所名": "真庭市久世エスパスセンター",
        "住所": "岡山県真庭市鍋屋17-1",
        "指定緊急避難場所との住所同一": "1",
        "その他市町村長が必要と認める事項": null,
        "受入対象者": null,
        "備考": ""
      }
    },
    {
      "type": "Feature",
      "geometry": {
        "type": "Point",
        "coordinates": [
          133.744414,
          35.053595
        ]
      },
      "properties": {
        "NO": "833",
        "共通ID": "E3321400238111",
        "施設・場所名": "天津小学校",
        "住所": "岡山県真庭市日名20-2",
        "指定緊急避難場所との住所同一": "1",
        "その他市町村長が必要と認める事項": null,
        "受入対象者": null,
        "備考": ""
      }
    },
    {
      "type": "Feature",
      "geometry": {
        "type": "Point",
        "coordinates": [
          133.703434,
          35.017653
        ]
      },
      "properties": {
        "NO": "834",
        "共通ID": "E3321400242111",
        "施設・場所名": "木山小学校日野上分校",
        "住所": "岡山県真庭市日野上1317",
        "指定緊急避難場所との住所同一": "1",
        "その他市町村長が必要と認める事項": null,
        "受入対象者": null,
        "備考": ""
      }
    },
    {
      "type": "Feature",
      "geometry": {
        "type": "Point",
        "coordinates": [
          133.620774,
          35.156737
        ]
      },
      "properties": {
        "NO": "835",
        "共通ID": "E3321400255111",
        "施設・場所名": "美甘健康増進施設",
        "住所": "岡山県真庭市美甘3888-6",
        "指定緊急避難場所との住所同一": "1",
        "その他市町村長が必要と認める事項": null,
        "受入対象者": null,
        "備考": ""
      }
    },
    {
      "type": "Feature",
      "geometry": {
        "type": "Point",
        "coordinates": [
          133.621369,
          35.157026
        ]
      },
      "properties": {
        "NO": "836",
        "共通ID": "E3321400256111",
        "施設・場所名": "美甘小学校",
        "住所": "岡山県真庭市美甘4021-4",
        "指定緊急避難場所との住所同一": "1",
        "その他市町村長が必要と認める事項": null,
        "受入対象者": null,
        "備考": ""
      }
    },
    {
      "type": "Feature",
      "geometry": {
        "type": "Point",
        "coordinates": [
          133.623899,
          35.157129
        ]
      },
      "properties": {
        "NO": "837",
        "共通ID": "E3321400258111",
        "施設・場所名": "美甘振興局",
        "住所": "岡山県真庭市美甘4134",
        "指定緊急避難場所との住所同一": "1",
        "その他市町村長が必要と認める事項": null,
        "受入対象者": null,
        "備考": ""
      }
    },
    {
      "type": "Feature",
      "geometry": {
        "type": "Point",
        "coordinates": [
          133.67971,
          35.282651
        ]
      },
      "properties": {
        "NO": "838",
        "共通ID": "E3321400269111",
        "施設・場所名": "蒜山中学校",
        "住所": "岡山県真庭市蒜山下福田468",
        "指定緊急避難場所との住所同一": "1",
        "その他市町村長が必要と認める事項": null,
        "受入対象者": null,
        "備考": ""
      }
    },
    {
      "type": "Feature",
      "geometry": {
        "type": "Point",
        "coordinates": [
          133.778044,
          35.265733
        ]
      },
      "properties": {
        "NO": "839",
        "共通ID": "E3321400274111",
        "施設・場所名": "中和デイサービスセンター",
        "住所": "岡山県真庭市蒜山下和1801",
        "指定緊急避難場所との住所同一": "1",
        "その他市町村長が必要と認める事項": "",
        "受入対象者": "",
        "備考": ""
      }
    },
    {
      "type": "Feature",
      "geometry": {
        "type": "Point",
        "coordinates": [
          133.777574,
          35.265967
        ]
      },
      "properties": {
        "NO": "840",
        "共通ID": "E3321400274112",
        "施設・場所名": "中和保健センターあじさい",
        "住所": "岡山県真庭市蒜山下和1801",
        "指定緊急避難場所との住所同一": "1",
        "その他市町村長が必要と認める事項": null,
        "受入対象者": null,
        "備考": ""
      }
    },
    {
      "type": "Feature",
      "geometry": {
        "type": "Point",
        "coordinates": [
          133.72682,
          35.295345
        ]
      },
      "properties": {
        "NO": "841",
        "共通ID": "E3321400285111",
        "施設・場所名": "蒜山高原スポーツ公園",
        "住所": "岡山県真庭市蒜山上長田2300-1",
        "指定緊急避難場所との住所同一": "1",
        "その他市町村長が必要と認める事項": null,
        "受入対象者": null,
        "備考": ""
      }
    },
    {
      "type": "Feature",
      "geometry": {
        "type": "Point",
        "coordinates": [
          133.688084,
          35.28775
        ]
      },
      "properties": {
        "NO": "842",
        "共通ID": "E3321400287111",
        "施設・場所名": "勝山高等学校蒜山校地",
        "住所": "岡山県真庭市蒜山上長田4-143",
        "指定緊急避難場所との住所同一": "1",
        "その他市町村長が必要と認める事項": null,
        "受入対象者": null,
        "備考": ""
      }
    },
    {
      "type": "Feature",
      "geometry": {
        "type": "Point",
        "coordinates": [
          133.634568,
          35.281039
        ]
      },
      "properties": {
        "NO": "843",
        "共通ID": "E3321400298111",
        "施設・場所名": "川上コミュニティセンター",
        "住所": "岡山県真庭市蒜山上福田425-1",
        "指定緊急避難場所との住所同一": "1",
        "その他市町村長が必要と認める事項": null,
        "受入対象者": null,
        "備考": ""
      }
    },
    {
      "type": "Feature",
      "geometry": {
        "type": "Point",
        "coordinates": [
          133.646682,
          35.281484
        ]
      },
      "properties": {
        "NO": "844",
        "共通ID": "E3321400300111",
        "施設・場所名": "川上小学校",
        "住所": "岡山県真庭市蒜山上福田890-17",
        "指定緊急避難場所との住所同一": "1",
        "その他市町村長が必要と認める事項": null,
        "受入対象者": null,
        "備考": ""
      }
    },
    {
      "type": "Feature",
      "geometry": {
        "type": "Point",
        "coordinates": [
          133.676415,
          35.280119
        ]
      },
      "properties": {
        "NO": "845",
        "共通ID": "E3321400317111",
        "施設・場所名": "八束コミュニティセンター",
        "住所": "岡山県真庭市蒜山富山根152-2",
        "指定緊急避難場所との住所同一": "1",
        "その他市町村長が必要と認める事項": null,
        "受入対象者": null,
        "備考": ""
      }
    },
    {
      "type": "Feature",
      "geometry": {
        "type": "Point",
        "coordinates": [
          133.677046,
          35.280061
        ]
      },
      "properties": {
        "NO": "846",
        "共通ID": "E3321400318111",
        "施設・場所名": "八束老人福祉センター",
        "住所": "岡山県真庭市蒜山富山根154-1",
        "指定緊急避難場所との住所同一": "1",
        "その他市町村長が必要と認める事項": null,
        "受入対象者": null,
        "備考": ""
      }
    },
    {
      "type": "Feature",
      "geometry": {
        "type": "Point",
        "coordinates": [
          133.731232,
          35.194452
        ]
      },
      "properties": {
        "NO": "847",
        "共通ID": "E3321400340111",
        "施設・場所名": "湯原ふれあいセンター",
        "住所": "岡山県真庭市豊栄1515",
        "指定緊急避難場所との住所同一": "1",
        "その他市町村長が必要と認める事項": null,
        "受入対象者": null,
        "備考": ""
      }
    },
    {
      "type": "Feature",
      "geometry": {
        "type": "Point",
        "coordinates": [
          133.688374,
          35.084409
        ]
      },
      "properties": {
        "NO": "848",
        "共通ID": "E3321400345111",
        "施設・場所名": "勝山小学校",
        "住所": "岡山県真庭市本郷1801",
        "指定緊急避難場所との住所同一": "1",
        "その他市町村長が必要と認める事項": null,
        "受入対象者": null,
        "備考": ""
      }
    },
    {
      "type": "Feature",
      "geometry": {
        "type": "Point",
        "coordinates": [
          133.770476,
          35.081059
        ]
      },
      "properties": {
        "NO": "849",
        "共通ID": "E3321400352111",
        "施設・場所名": "西口西公民館",
        "住所": "岡山県真庭市目木1285",
        "指定緊急避難場所との住所同一": "1",
        "その他市町村長が必要と認める事項": null,
        "受入対象者": null,
        "備考": ""
      }
    },
    {
      "type": "Feature",
      "geometry": {
        "type": "Point",
        "coordinates": [
          133.772949,
          35.079666
        ]
      },
      "properties": {
        "NO": "850",
        "共通ID": "E3321400353111",
        "施設・場所名": "西口農業構造改善センター",
        "住所": "岡山県真庭市目木1555-4",
        "指定緊急避難場所との住所同一": "1",
        "その他市町村長が必要と認める事項": null,
        "受入対象者": null,
        "備考": ""
      }
    },
    {
      "type": "Feature",
      "geometry": {
        "type": "Point",
        "coordinates": [
          133.778498,
          35.077684
        ]
      },
      "properties": {
        "NO": "851",
        "共通ID": "E3321400355111",
        "施設・場所名": "米来小学校",
        "住所": "岡山県真庭市目木1804",
        "指定緊急避難場所との住所同一": "1",
        "その他市町村長が必要と認める事項": null,
        "受入対象者": null,
        "備考": ""
      }
    },
    {
      "type": "Feature",
      "geometry": {
        "type": "Point",
        "coordinates": [
          133.759902,
          35.050589
        ]
      },
      "properties": {
        "NO": "852",
        "共通ID": "E3321400356111",
        "施設・場所名": "天の川こども園",
        "住所": "岡山県真庭市野川797",
        "指定緊急避難場所との住所同一": "1",
        "その他市町村長が必要と認める事項": null,
        "受入対象者": null,
        "備考": ""
      }
    },
    {
      "type": "Feature",
      "geometry": {
        "type": "Point",
        "coordinates": [
          133.818749,
          35.111178
        ]
      },
      "properties": {
        "NO": "853",
        "共通ID": "E3321400357111",
        "施設・場所名": "余野小学校",
        "住所": "岡山県真庭市余野下475",
        "指定緊急避難場所との住所同一": "1",
        "その他市町村長が必要と認める事項": null,
        "受入対象者": null,
        "備考": ""
      }
    },
    {
      "type": "Feature",
      "geometry": {
        "type": "Point",
        "coordinates": [
          133.747761,
          35.014852
        ]
      },
      "properties": {
        "NO": "854",
        "共通ID": "E3321400362111",
        "施設・場所名": "落合体育館",
        "住所": "岡山県真庭市落合垂水618",
        "指定緊急避難場所との住所同一": "1",
        "その他市町村長が必要と認める事項": null,
        "受入対象者": null,
        "備考": ""
      }
    },
    {
      "type": "Feature",
      "geometry": {
        "type": "Point",
        "coordinates": [
          134.146524,
          34.627193
        ]
      },
      "properties": {
        "NO": "855",
        "共通ID": "E3321200002111",
        "施設・場所名": "クリーンセンターかもめ",
        "住所": "岡山県瀬戸内市牛窓町牛窓228",
        "指定緊急避難場所との住所同一": "1",
        "その他市町村長が必要と認める事項": null,
        "受入対象者": null,
        "備考": ""
      }
    },
    {
      "type": "Feature",
      "geometry": {
        "type": "Point",
        "coordinates": [
          134.158116,
          34.617409
        ]
      },
      "properties": {
        "NO": "856",
        "共通ID": "E3321200011111",
        "施設・場所名": "牛窓綾浦コミュニティ活性化センター",
        "住所": "岡山県瀬戸内市牛窓町牛窓4180-4",
        "指定緊急避難場所との住所同一": "1",
        "その他市町村長が必要と認める事項": null,
        "受入対象者": null,
        "備考": ""
      }
    },
    {
      "type": "Feature",
      "geometry": {
        "type": "Point",
        "coordinates": [
          134.157437,
          34.617126
        ]
      },
      "properties": {
        "NO": "857",
        "共通ID": "E3321200014111",
        "施設・場所名": "牛窓東小学校",
        "住所": "岡山県瀬戸内市牛窓町牛窓4433-10",
        "指定緊急避難場所との住所同一": "1",
        "その他市町村長が必要と認める事項": null,
        "受入対象者": null,
        "備考": ""
      }
    },
    {
      "type": "Feature",
      "geometry": {
        "type": "Point",
        "coordinates": [
          134.156152,
          34.616705
        ]
      },
      "properties": {
        "NO": "858",
        "共通ID": "E3321200015111",
        "施設・場所名": "牛窓東幼稚園",
        "住所": "岡山県瀬戸内市牛窓町牛窓4433-8",
        "指定緊急避難場所との住所同一": "1",
        "その他市町村長が必要と認める事項": null,
        "受入対象者": null,
        "備考": ""
      }
    },
    {
      "type": "Feature",
      "geometry": {
        "type": "Point",
        "coordinates": [
          134.147079,
          34.620849
        ]
      },
      "properties": {
        "NO": "859",
        "共通ID": "E3321200016111",
        "施設・場所名": "牛窓町公民館",
        "住所": "岡山県瀬戸内市牛窓町牛窓4910-1",
        "指定緊急避難場所との住所同一": "1",
        "その他市町村長が必要と認める事項": null,
        "受入対象者": null,
        "備考": ""
      }
    },
    {
      "type": "Feature",
      "geometry": {
        "type": "Point",
        "coordinates": [
          134.17072,
          34.60718
        ]
      },
      "properties": {
        "NO": "860",
        "共通ID": "E3321200018111",
        "施設・場所名": "前島コミュニティハウス",
        "住所": "岡山県瀬戸内市牛窓町牛窓5888-27",
        "指定緊急避難場所との住所同一": "1",
        "その他市町村長が必要と認める事項": null,
        "受入対象者": null,
        "備考": ""
      }
    },
    {
      "type": "Feature",
      "geometry": {
        "type": "Point",
        "coordinates": [
          134.170081,
          34.606396
        ]
      },
      "properties": {
        "NO": "861",
        "共通ID": "E3321200019111",
        "施設・場所名": "啓明学院前島キャンプ",
        "住所": "岡山県瀬戸内市牛窓町牛窓5888-5",
        "指定緊急避難場所との住所同一": "1",
        "その他市町村長が必要と認める事項": null,
        "受入対象者": null,
        "備考": ""
      }
    },
    {
      "type": "Feature",
      "geometry": {
        "type": "Point",
        "coordinates": [
          134.150044,
          34.61925
        ]
      },
      "properties": {
        "NO": "862",
        "共通ID": "E3321200020111",
        "施設・場所名": "牛窓中学校",
        "住所": "岡山県瀬戸内市牛窓町牛窓6446",
        "指定緊急避難場所との住所同一": "1",
        "その他市町村長が必要と認める事項": null,
        "受入対象者": null,
        "備考": ""
      }
    },
    {
      "type": "Feature",
      "geometry": {
        "type": "Point",
        "coordinates": [
          134.13269,
          34.618371
        ]
      },
      "properties": {
        "NO": "863",
        "共通ID": "E3321200022111",
        "施設・場所名": "牛窓西小学校",
        "住所": "岡山県瀬戸内市牛窓町鹿忍2166",
        "指定緊急避難場所との住所同一": "1",
        "その他市町村長が必要と認める事項": null,
        "受入対象者": null,
        "備考": ""
      }
    },
    {
      "type": "Feature",
      "geometry": {
        "type": "Point",
        "coordinates": [
          134.135497,
          34.617126
        ]
      },
      "properties": {
        "NO": "864",
        "共通ID": "E3321200026111",
        "施設・場所名": "牛窓町公民館鹿忍分館",
        "住所": "岡山県瀬戸内市牛窓町鹿忍921",
        "指定緊急避難場所との住所同一": "1",
        "その他市町村長が必要と認める事項": null,
        "受入対象者": null,
        "備考": ""
      }
    },
    {
      "type": "Feature",
      "geometry": {
        "type": "Point",
        "coordinates": [
          134.11822,
          34.613425
        ]
      },
      "properties": {
        "NO": "865",
        "共通ID": "E3321200027111",
        "施設・場所名": "千手コミュニティハウス",
        "住所": "岡山県瀬戸内市牛窓町千手304-1",
        "指定緊急避難場所との住所同一": "1",
        "その他市町村長が必要と認める事項": null,
        "受入対象者": null,
        "備考": ""
      }
    },
    {
      "type": "Feature",
      "geometry": {
        "type": "Point",
        "coordinates": [
          134.134756,
          34.640873
        ]
      },
      "properties": {
        "NO": "866",
        "共通ID": "E3321200029111",
        "施設・場所名": "牛窓町公民館長浜分館",
        "住所": "岡山県瀬戸内市牛窓町長浜3490-1",
        "指定緊急避難場所との住所同一": "1",
        "その他市町村長が必要と認める事項": null,
        "受入対象者": null,
        "備考": ""
      }
    },
    {
      "type": "Feature",
      "geometry": {
        "type": "Point",
        "coordinates": [
          134.135508,
          34.643307
        ]
      },
      "properties": {
        "NO": "867",
        "共通ID": "E3321200030111",
        "施設・場所名": "牛窓北小学校",
        "住所": "岡山県瀬戸内市牛窓町長浜3677",
        "指定緊急避難場所との住所同一": "1",
        "その他市町村長が必要と認める事項": null,
        "受入対象者": null,
        "備考": ""
      }
    },
    {
      "type": "Feature",
      "geometry": {
        "type": "Point",
        "coordinates": [
          134.126438,
          34.693627
        ]
      },
      "properties": {
        "NO": "868",
        "共通ID": "E3321200032111",
        "施設・場所名": "長船中学校",
        "住所": "岡山県瀬戸内市長船町牛文1010",
        "指定緊急避難場所との住所同一": "1",
        "その他市町村長が必要と認める事項": null,
        "受入対象者": null,
        "備考": ""
      }
    },
    {
      "type": "Feature",
      "geometry": {
        "type": "Point",
        "coordinates": [
          134.132214,
          34.677495
        ]
      },
      "properties": {
        "NO": "869",
        "共通ID": "E3321200033111",
        "施設・場所名": "西須恵コミュニティハウス",
        "住所": "岡山県瀬戸内市長船町西須恵988-5",
        "指定緊急避難場所との住所同一": "1",
        "その他市町村長が必要と認める事項": null,
        "受入対象者": null,
        "備考": ""
      }
    },
    {
      "type": "Feature",
      "geometry": {
        "type": "Point",
        "coordinates": [
          134.104692,
          34.718678
        ]
      },
      "properties": {
        "NO": "870",
        "共通ID": "E3321200034111",
        "施設・場所名": "長船ふれあいプラザ",
        "住所": "岡山県瀬戸内市長船町長船575-124",
        "指定緊急避難場所との住所同一": "1",
        "その他市町村長が必要と認める事項": null,
        "受入対象者": null,
        "備考": ""
      }
    },
    {
      "type": "Feature",
      "geometry": {
        "type": "Point",
        "coordinates": [
          134.106905,
          34.721614
        ]
      },
      "properties": {
        "NO": "871",
        "共通ID": "E3321200035111",
        "施設・場所名": "備前長船刀剣の里研修館",
        "住所": "岡山県瀬戸内市長船町長船966",
        "指定緊急避難場所との住所同一": "1",
        "その他市町村長が必要と認める事項": null,
        "受入対象者": null,
        "備考": ""
      }
    },
    {
      "type": "Feature",
      "geometry": {
        "type": "Point",
        "coordinates": [
          134.112402,
          34.693202
        ]
      },
      "properties": {
        "NO": "872",
        "共通ID": "E3321200036111",
        "施設・場所名": "長船スポーツ公園",
        "住所": "岡山県瀬戸内市長船町土師2068-2",
        "指定緊急避難場所との住所同一": "",
        "その他市町村長が必要と認める事項": null,
        "受入対象者": null,
        "備考": ""
      }
    },
    {
      "type": "Feature",
      "geometry": {
        "type": "Point",
        "coordinates": [
          134.102581,
          34.700655
        ]
      },
      "properties": {
        "NO": "873",
        "共通ID": "E3321200038111",
        "施設・場所名": "ゆめトピア長船",
        "住所": "岡山県瀬戸内市長船町土師277-4",
        "指定緊急避難場所との住所同一": "1",
        "その他市町村長が必要と認める事項": null,
        "受入対象者": null,
        "備考": ""
      }
    },
    {
      "type": "Feature",
      "geometry": {
        "type": "Point",
        "coordinates": [
          134.142967,
          34.686266
        ]
      },
      "properties": {
        "NO": "874",
        "共通ID": "E3321200039111",
        "施設・場所名": "美和小学校",
        "住所": "岡山県瀬戸内市長船町東須恵1666",
        "指定緊急避難場所との住所同一": "",
        "その他市町村長が必要と認める事項": null,
        "受入対象者": null,
        "備考": ""
      }
    },
    {
      "type": "Feature",
      "geometry": {
        "type": "Point",
        "coordinates": [
          134.151911,
          34.686476
        ]
      },
      "properties": {
        "NO": "875",
        "共通ID": "E3321200041111",
        "施設・場所名": "美和会館",
        "住所": "岡山県瀬戸内市長船町東須恵452",
        "指定緊急避難場所との住所同一": "1",
        "その他市町村長が必要と認める事項": null,
        "受入対象者": null,
        "備考": ""
      }
    },
    {
      "type": "Feature",
      "geometry": {
        "type": "Point",
        "coordinates": [
          134.148109,
          34.688518
        ]
      },
      "properties": {
        "NO": "876",
        "共通ID": "E3321200042111",
        "施設・場所名": "長船町公民館美和分館",
        "住所": "岡山県瀬戸内市長船町飯井190-1",
        "指定緊急避難場所との住所同一": "1",
        "その他市町村長が必要と認める事項": null,
        "受入対象者": null,
        "備考": ""
      }
    },
    {
      "type": "Feature",
      "geometry": {
        "type": "Point",
        "coordinates": [
          134.154574,
          34.688647
        ]
      },
      "properties": {
        "NO": "877",
        "共通ID": "E3321200043111",
        "施設・場所名": "和田久保地域交流サロン",
        "住所": "岡山県瀬戸内市長船町飯井946",
        "指定緊急避難場所との住所同一": "1",
        "その他市町村長が必要と認める事項": null,
        "受入対象者": null,
        "備考": ""
      }
    },
    {
      "type": "Feature",
      "geometry": {
        "type": "Point",
        "coordinates": [
          134.099455,
          34.709282
        ]
      },
      "properties": {
        "NO": "878",
        "共通ID": "E3321200044111",
        "施設・場所名": "行幸小学校",
        "住所": "岡山県瀬戸内市長船町服部163",
        "指定緊急避難場所との住所同一": "1",
        "その他市町村長が必要と認める事項": null,
        "受入対象者": null,
        "備考": ""
      }
    },
    {
      "type": "Feature",
      "geometry": {
        "type": "Point",
        "coordinates": [
          134.105525,
          34.705503
        ]
      },
      "properties": {
        "NO": "879",
        "共通ID": "E3321200045111",
        "施設・場所名": "富岡ふれあいプラザ",
        "住所": "岡山県瀬戸内市長船町服部565-2",
        "指定緊急避難場所との住所同一": "1",
        "その他市町村長が必要と認める事項": null,
        "受入対象者": null,
        "備考": ""
      }
    },
    {
      "type": "Feature",
      "geometry": {
        "type": "Point",
        "coordinates": [
          134.097542,
          34.702024
        ]
      },
      "properties": {
        "NO": "880",
        "共通ID": "E3321200046111",
        "施設・場所名": "福岡ふれあいプラザ",
        "住所": "岡山県瀬戸内市長船町福岡500-158",
        "指定緊急避難場所との住所同一": "1",
        "その他市町村長が必要と認める事項": null,
        "受入対象者": null,
        "備考": ""
      }
    },
    {
      "type": "Feature",
      "geometry": {
        "type": "Point",
        "coordinates": [
          134.089811,
          34.703709
        ]
      },
      "properties": {
        "NO": "881",
        "共通ID": "E3321200047111",
        "施設・場所名": "七小路会館",
        "住所": "岡山県瀬戸内市長船町福岡831",
        "指定緊急避難場所との住所同一": "1",
        "その他市町村長が必要と認める事項": null,
        "受入対象者": null,
        "備考": ""
      }
    },
    {
      "type": "Feature",
      "geometry": {
        "type": "Point",
        "coordinates": [
          134.129223,
          34.705895
        ]
      },
      "properties": {
        "NO": "882",
        "共通ID": "E3321200049111",
        "施設・場所名": "磯上ふれあいプラザ",
        "住所": "岡山県瀬戸内市長船町福里589-9",
        "指定緊急避難場所との住所同一": "1",
        "その他市町村長が必要と認める事項": null,
        "受入対象者": null,
        "備考": ""
      }
    },
    {
      "type": "Feature",
      "geometry": {
        "type": "Point",
        "coordinates": [
          134.120716,
          34.697289
        ]
      },
      "properties": {
        "NO": "883",
        "共通ID": "E3321200050111",
        "施設・場所名": "国府小学校",
        "住所": "岡山県瀬戸内市長船町福里853",
        "指定緊急避難場所との住所同一": "1",
        "その他市町村長が必要と認める事項": null,
        "受入対象者": null,
        "備考": ""
      }
    },
    {
      "type": "Feature",
      "geometry": {
        "type": "Point",
        "coordinates": [
          134.110184,
          34.652493
        ]
      },
      "properties": {
        "NO": "884",
        "共通ID": "E3321200051111",
        "施設・場所名": "邑久スポーツ公園",
        "住所": "岡山県瀬戸内市邑久町下山田1711-3",
        "指定緊急避難場所との住所同一": "1",
        "その他市町村長が必要と認める事項": null,
        "受入対象者": null,
        "備考": ""
      }
    },
    {
      "type": "Feature",
      "geometry": {
        "type": "Point",
        "coordinates": [
          134.07616,
          34.657229
        ]
      },
      "properties": {
        "NO": "885",
        "共通ID": "E3321200052111",
        "施設・場所名": "今城コミュニティセンター",
        "住所": "岡山県瀬戸内市邑久町向山36-1",
        "指定緊急避難場所との住所同一": "1",
        "その他市町村長が必要と認める事項": null,
        "受入対象者": null,
        "備考": ""
      }
    },
    {
      "type": "Feature",
      "geometry": {
        "type": "Point",
        "coordinates": [
          134.10284,
          34.66572
        ]
      },
      "properties": {
        "NO": "886",
        "共通ID": "E3321200053111",
        "施設・場所名": "邑久中学校",
        "住所": "岡山県瀬戸内市邑久町山手2",
        "指定緊急避難場所との住所同一": "1",
        "その他市町村長が必要と認める事項": null,
        "受入対象者": null,
        "備考": ""
      }
    },
    {
      "type": "Feature",
      "geometry": {
        "type": "Point",
        "coordinates": [
          134.096959,
          34.668084
        ]
      },
      "properties": {
        "NO": "887",
        "共通ID": "E3321200055111",
        "施設・場所名": "邑久小学校",
        "住所": "岡山県瀬戸内市邑久町山田庄610",
        "指定緊急避難場所との住所同一": "1",
        "その他市町村長が必要と認める事項": null,
        "受入対象者": null,
        "備考": ""
      }
    },
    {
      "type": "Feature",
      "geometry": {
        "type": "Point",
        "coordinates": [
          134.096875,
          34.684976
        ]
      },
      "properties": {
        "NO": "888",
        "共通ID": "E3321200056111",
        "施設・場所名": "笠加コミュニティセンター",
        "住所": "岡山県瀬戸内市邑久町上笠加125-1",
        "指定緊急避難場所との住所同一": "1",
        "その他市町村長が必要と認める事項": null,
        "受入対象者": null,
        "備考": ""
      }
    },
    {
      "type": "Feature",
      "geometry": {
        "type": "Point",
        "coordinates": [
          134.159824,
          34.649384
        ]
      },
      "properties": {
        "NO": "889",
        "共通ID": "E3321200057111",
        "施設・場所名": "玉津コミュニティセンター",
        "住所": "岡山県瀬戸内市邑久町尻海2855-15",
        "指定緊急避難場所との住所同一": "1",
        "その他市町村長が必要と認める事項": null,
        "受入対象者": null,
        "備考": ""
      }
    },
    {
      "type": "Feature",
      "geometry": {
        "type": "Point",
        "coordinates": [
          134.159427,
          34.650699
        ]
      },
      "properties": {
        "NO": "890",
        "共通ID": "E3321200058111",
        "施設・場所名": "玉津体育館",
        "住所": "岡山県瀬戸内市邑久町尻海2970",
        "指定緊急避難場所との住所同一": "1",
        "その他市町村長が必要と認める事項": null,
        "受入対象者": null,
        "備考": ""
      }
    },
    {
      "type": "Feature",
      "geometry": {
        "type": "Point",
        "coordinates": [
          134.069765,
          34.659311
        ]
      },
      "properties": {
        "NO": "891",
        "共通ID": "E3321200061111",
        "施設・場所名": "今城小学校",
        "住所": "岡山県瀬戸内市邑久町大富25",
        "指定緊急避難場所との住所同一": "1",
        "その他市町村長が必要と認める事項": null,
        "受入対象者": null,
        "備考": ""
      }
    },
    {
      "type": "Feature",
      "geometry": {
        "type": "Point",
        "coordinates": [
          134.203048,
          34.681954
        ]
      },
      "properties": {
        "NO": "892",
        "共通ID": "E3321200062112",
        "施設・場所名": "裳掛コミュニティセンター",
        "住所": "岡山県瀬戸内市邑久町虫明2",
        "指定緊急避難場所との住所同一": "1",
        "その他市町村長が必要と認める事項": null,
        "受入対象者": null,
        "備考": ""
      }
    },
    {
      "type": "Feature",
      "geometry": {
        "type": "Point",
        "coordinates": [
          134.202592,
          34.68228
        ]
      },
      "properties": {
        "NO": "893",
        "共通ID": "E3321200062111",
        "施設・場所名": "裳掛小学校",
        "住所": "岡山県瀬戸内市邑久町虫明2",
        "指定緊急避難場所との住所同一": "1",
        "その他市町村長が必要と認める事項": null,
        "受入対象者": null,
        "備考": ""
      }
    },
    {
      "type": "Feature",
      "geometry": {
        "type": "Point",
        "coordinates": [
          134.10373,
          34.663654
        ]
      },
      "properties": {
        "NO": "894",
        "共通ID": "E3321200068111",
        "施設・場所名": "邑久保育園",
        "住所": "岡山県瀬戸内市邑久町尾張1159-1",
        "指定緊急避難場所との住所同一": "1",
        "その他市町村長が必要と認める事項": null,
        "受入対象者": null,
        "備考": ""
      }
    },
    {
      "type": "Feature",
      "geometry": {
        "type": "Point",
        "coordinates": [
          134.091638,
          34.662285
        ]
      },
      "properties": {
        "NO": "895",
        "共通ID": "E3321200069111",
        "施設・場所名": "県立邑久高等学校",
        "住所": "岡山県瀬戸内市邑久町尾張404",
        "指定緊急避難場所との住所同一": "1",
        "その他市町村長が必要と認める事項": null,
        "受入対象者": null,
        "備考": ""
      }
    },
    {
      "type": "Feature",
      "geometry": {
        "type": "Point",
        "coordinates": [
          134.09375,
          34.663322
        ]
      },
      "properties": {
        "NO": "896",
        "共通ID": "E3321200070111",
        "施設・場所名": "中央公民館",
        "住所": "岡山県瀬戸内市邑久町尾張465-1",
        "指定緊急避難場所との住所同一": "1",
        "その他市町村長が必要と認める事項": null,
        "受入対象者": null,
        "備考": ""
      }
    },
    {
      "type": "Feature",
      "geometry": {
        "type": "Point",
        "coordinates": [
          134.080078,
          34.675753
        ]
      },
      "properties": {
        "NO": "897",
        "共通ID": "E3321200071111",
        "施設・場所名": "福田コミュニティセンター",
        "住所": "岡山県瀬戸内市邑久町福元272-2",
        "指定緊急避難場所との住所同一": "1",
        "その他市町村長が必要と認める事項": null,
        "受入対象者": null,
        "備考": ""
      }
    },
    {
      "type": "Feature",
      "geometry": {
        "type": "Point",
        "coordinates": [
          134.088675,
          34.674146
        ]
      },
      "properties": {
        "NO": "898",
        "共通ID": "E3321200072111",
        "施設・場所名": "福田保育園",
        "住所": "岡山県瀬戸内市邑久町福元671-1",
        "指定緊急避難場所との住所同一": "1",
        "その他市町村長が必要と認める事項": null,
        "受入対象者": null,
        "備考": ""
      }
    },
    {
      "type": "Feature",
      "geometry": {
        "type": "Point",
        "coordinates": [
          134.060081,
          34.665001
        ]
      },
      "properties": {
        "NO": "899",
        "共通ID": "E3321200073111",
        "施設・場所名": "今城地域コミュニティセンター",
        "住所": "岡山県瀬戸内市邑久町福山487-4",
        "指定緊急避難場所との住所同一": "1",
        "その他市町村長が必要と認める事項": null,
        "受入対象者": null,
        "備考": ""
      }
    },
    {
      "type": "Feature",
      "geometry": {
        "type": "Point",
        "coordinates": [
          134.077048,
          34.671038
        ]
      },
      "properties": {
        "NO": "900",
        "共通ID": "E3321200075111",
        "施設・場所名": "福田地域コミュニティセンター",
        "住所": "岡山県瀬戸内市邑久町福中549",
        "指定緊急避難場所との住所同一": "1",
        "その他市町村長が必要と認める事項": null,
        "受入対象者": null,
        "備考": ""
      }
    },
    {
      "type": "Feature",
      "geometry": {
        "type": "Point",
        "coordinates": [
          134.097621,
          34.64808
        ]
      },
      "properties": {
        "NO": "901",
        "共通ID": "E3321200077111",
        "施設・場所名": "豊原つどいの館",
        "住所": "岡山県瀬戸内市邑久町豊原1345",
        "指定緊急避難場所との住所同一": "1",
        "その他市町村長が必要と認める事項": null,
        "受入対象者": null,
        "備考": ""
      }
    },
    {
      "type": "Feature",
      "geometry": {
        "type": "Point",
        "coordinates": [
          134.088671,
          34.648363
        ]
      },
      "properties": {
        "NO": "902",
        "共通ID": "E3321200079111",
        "施設・場所名": "豊原コミュニティセンター",
        "住所": "岡山県瀬戸内市邑久町豊原998-1",
        "指定緊急避難場所との住所同一": "1",
        "その他市町村長が必要と認める事項": null,
        "受入対象者": null,
        "備考": ""
      }
    },
    {
      "type": "Feature",
      "geometry": {
        "type": "Point",
        "coordinates": [
          134.125046,
          34.660904
        ]
      },
      "properties": {
        "NO": "903",
        "共通ID": "E3321200081111",
        "施設・場所名": "瀬戸内市消防本部",
        "住所": "岡山県瀬戸内市邑久町本庄1795",
        "指定緊急避難場所との住所同一": "1",
        "その他市町村長が必要と認める事項": null,
        "受入対象者": null,
        "備考": ""
      }
    },
    {
      "type": "Feature",
      "geometry": {
        "type": "Point",
        "coordinates": [
          134.118272,
          34.659736
        ]
      },
      "properties": {
        "NO": "904",
        "共通ID": "E3321200082111",
        "施設・場所名": "本庄コミュニティセンター",
        "住所": "岡山県瀬戸内市邑久町本庄2370-1",
        "指定緊急避難場所との住所同一": "1",
        "その他市町村長が必要と認める事項": null,
        "受入対象者": null,
        "備考": ""
      }
    },
    {
      "type": "Feature",
      "geometry": {
        "type": "Point",
        "coordinates": [
          134.335915,
          35.186602
        ]
      },
      "properties": {
        "NO": "905",
        "共通ID": "E3364300001111",
        "施設・場所名": "コンベンションホール",
        "住所": "岡山県西粟倉村影石1063-1",
        "指定緊急避難場所との住所同一": "1",
        "その他市町村長が必要と認める事項": null,
        "受入対象者": null,
        "備考": ""
      }
    },
    {
      "type": "Feature",
      "geometry": {
        "type": "Point",
        "coordinates": [
          134.335144,
          35.173919
        ]
      },
      "properties": {
        "NO": "906",
        "共通ID": "E3364300002111",
        "施設・場所名": "西粟倉中学校",
        "住所": "岡山県西粟倉村影石108",
        "指定緊急避難場所との住所同一": "1",
        "その他市町村長が必要と認める事項": null,
        "受入対象者": null,
        "備考": ""
      }
    },
    {
      "type": "Feature",
      "geometry": {
        "type": "Point",
        "coordinates": [
          134.334723,
          35.185468
        ]
      },
      "properties": {
        "NO": "907",
        "共通ID": "E3364300003111",
        "施設・場所名": "谷口集会所",
        "住所": "岡山県西粟倉村影石1122-10",
        "指定緊急避難場所との住所同一": "",
        "その他市町村長が必要と認める事項": null,
        "受入対象者": null,
        "備考": ""
      }
    },
    {
      "type": "Feature",
      "geometry": {
        "type": "Point",
        "coordinates": [
          134.317111,
          35.18823
        ]
      },
      "properties": {
        "NO": "908",
        "共通ID": "E3364300005111",
        "施設・場所名": "塩谷集会所",
        "住所": "岡山県西粟倉村影石1630-3",
        "指定緊急避難場所との住所同一": "",
        "その他市町村長が必要と認める事項": null,
        "受入対象者": null,
        "備考": ""
      }
    },
    {
      "type": "Feature",
      "geometry": {
        "type": "Point",
        "coordinates": [
          134.328158,
          35.190117
        ]
      },
      "properties": {
        "NO": "909",
        "共通ID": "E3364300006111",
        "施設・場所名": "湯～とぴあ黄金泉",
        "住所": "岡山県西粟倉村影石2072-6",
        "指定緊急避難場所との住所同一": "",
        "その他市町村長が必要と認める事項": null,
        "受入対象者": null,
        "備考": ""
      }
    },
    {
      "type": "Feature",
      "geometry": {
        "type": "Point",
        "coordinates": [
          134.336559,
          35.176948
        ]
      },
      "properties": {
        "NO": "910",
        "共通ID": "E3364300007111",
        "施設・場所名": "影石集会所",
        "住所": "岡山県西粟倉村影石243-1",
        "指定緊急避難場所との住所同一": "",
        "その他市町村長が必要と認める事項": null,
        "受入対象者": null,
        "備考": ""
      }
    },
    {
      "type": "Feature",
      "geometry": {
        "type": "Point",
        "coordinates": [
          134.335796,
          35.172077
        ]
      },
      "properties": {
        "NO": "911",
        "共通ID": "E3364300008111",
        "施設・場所名": "あわくら会館",
        "住所": "岡山県西粟倉村影石33-1",
        "指定緊急避難場所との住所同一": "",
        "その他市町村長が必要と認める事項": null,
        "受入対象者": null,
        "備考": ""
      }
    },
    {
      "type": "Feature",
      "geometry": {
        "type": "Point",
        "coordinates": [
          134.335453,
          35.180054
        ]
      },
      "properties": {
        "NO": "912",
        "共通ID": "E3364300009111",
        "施設・場所名": "レストセンターあわくらんど",
        "住所": "岡山県西粟倉村影石418-1",
        "指定緊急避難場所との住所同一": "",
        "その他市町村長が必要と認める事項": null,
        "受入対象者": null,
        "備考": ""
      }
    },
    {
      "type": "Feature",
      "geometry": {
        "type": "Point",
        "coordinates": [
          134.334931,
          35.181817
        ]
      },
      "properties": {
        "NO": "913",
        "共通ID": "E3364300010111",
        "施設・場所名": "あわくら旬の里",
        "住所": "岡山県西粟倉村影石521",
        "指定緊急避難場所との住所同一": "",
        "その他市町村長が必要と認める事項": null,
        "受入対象者": null,
        "備考": ""
      }
    },
    {
      "type": "Feature",
      "geometry": {
        "type": "Point",
        "coordinates": [
          134.337334,
          35.190979
        ]
      },
      "properties": {
        "NO": "914",
        "共通ID": "E3364300011111",
        "施設・場所名": "猪之部集会所",
        "住所": "岡山県西粟倉村影石761",
        "指定緊急避難場所との住所同一": "",
        "その他市町村長が必要と認める事項": null,
        "受入対象者": null,
        "備考": ""
      }
    },
    {
      "type": "Feature",
      "geometry": {
        "type": "Point",
        "coordinates": [
          134.336582,
          35.19347
        ]
      },
      "properties": {
        "NO": "915",
        "共通ID": "E3364300012111",
        "施設・場所名": "旧影石小学校（西粟倉・森の学校）",
        "住所": "岡山県西粟倉村影石895",
        "指定緊急避難場所との住所同一": "",
        "その他市町村長が必要と認める事項": null,
        "受入対象者": null,
        "備考": ""
      }
    },
    {
      "type": "Feature",
      "geometry": {
        "type": "Point",
        "coordinates": [
          134.334913,
          35.172281
        ]
      },
      "properties": {
        "NO": "916",
        "共通ID": "E3364300013111",
        "施設・場所名": "ゆうゆうハウス",
        "住所": "岡山県西粟倉村影石95-1",
        "指定緊急避難場所との住所同一": "",
        "その他市町村長が必要と認める事項": null,
        "受入対象者": null,
        "備考": ""
      }
    },
    {
      "type": "Feature",
      "geometry": {
        "type": "Point",
        "coordinates": [
          134.334821,
          35.172584
        ]
      },
      "properties": {
        "NO": "917",
        "共通ID": "E3364300014111",
        "施設・場所名": "いきいきふれあいセンター",
        "住所": "岡山県西粟倉村影石95-3",
        "指定緊急避難場所との住所同一": "",
        "その他市町村長が必要と認める事項": null,
        "受入対象者": null,
        "備考": ""
      }
    },
    {
      "type": "Feature",
      "geometry": {
        "type": "Point",
        "coordinates": [
          134.334734,
          35.200482
        ]
      },
      "properties": {
        "NO": "918",
        "共通ID": "E3364300015111",
        "施設・場所名": "坂根集会所",
        "住所": "岡山県西粟倉村坂根188-2",
        "指定緊急避難場所との住所同一": "",
        "その他市町村長が必要と認める事項": null,
        "受入対象者": null,
        "備考": ""
      }
    },
    {
      "type": "Feature",
      "geometry": {
        "type": "Point",
        "coordinates": [
          134.345484,
          35.210882
        ]
      },
      "properties": {
        "NO": "919",
        "共通ID": "E3364300016111",
        "施設・場所名": "大茅集会所",
        "住所": "岡山県西粟倉村大茅419-6",
        "指定緊急避難場所との住所同一": "",
        "その他市町村長が必要と認める事項": null,
        "受入対象者": null,
        "備考": ""
      }
    },
    {
      "type": "Feature",
      "geometry": {
        "type": "Point",
        "coordinates": [
          134.315947,
          35.158232
        ]
      },
      "properties": {
        "NO": "920",
        "共通ID": "E3364300017111",
        "施設・場所名": "知社集会所",
        "住所": "岡山県西粟倉村知社221-3",
        "指定緊急避難場所との住所同一": "",
        "その他市町村長が必要と認める事項": null,
        "受入対象者": null,
        "備考": ""
      }
    },
    {
      "type": "Feature",
      "geometry": {
        "type": "Point",
        "coordinates": [
          134.3366,
          35.167796
        ]
      },
      "properties": {
        "NO": "921",
        "共通ID": "E3364300018111",
        "施設・場所名": "西粟倉小学校",
        "住所": "岡山県西粟倉村長尾1555",
        "指定緊急避難場所との住所同一": "1",
        "その他市町村長が必要と認める事項": null,
        "受入対象者": null,
        "備考": ""
      }
    },
    {
      "type": "Feature",
      "geometry": {
        "type": "Point",
        "coordinates": [
          134.336373,
          35.166743
        ]
      },
      "properties": {
        "NO": "922",
        "共通ID": "E3364300019111",
        "施設・場所名": "西粟倉幼稚園",
        "住所": "岡山県西粟倉村長尾1567",
        "指定緊急避難場所との住所同一": "1",
        "その他市町村長が必要と認める事項": null,
        "受入対象者": null,
        "備考": ""
      }
    },
    {
      "type": "Feature",
      "geometry": {
        "type": "Point",
        "coordinates": [
          134.336867,
          35.16687
        ]
      },
      "properties": {
        "NO": "923",
        "共通ID": "E3364300020111",
        "施設・場所名": "別府集会所",
        "住所": "岡山県西粟倉村長尾1572-1",
        "指定緊急避難場所との住所同一": "",
        "その他市町村長が必要と認める事項": null,
        "受入対象者": null,
        "備考": ""
      }
    },
    {
      "type": "Feature",
      "geometry": {
        "type": "Point",
        "coordinates": [
          134.352079,
          35.173727
        ]
      },
      "properties": {
        "NO": "924",
        "共通ID": "E3364300021111",
        "施設・場所名": "引谷集会所",
        "住所": "岡山県西粟倉村長尾2241",
        "指定緊急避難場所との住所同一": "",
        "その他市町村長が必要と認める事項": null,
        "受入対象者": null,
        "備考": ""
      }
    },
    {
      "type": "Feature",
      "geometry": {
        "type": "Point",
        "coordinates": [
          134.331072,
          35.15296
        ]
      },
      "properties": {
        "NO": "925",
        "共通ID": "E3364300022111",
        "施設・場所名": "下土居集会所",
        "住所": "岡山県西粟倉村長尾257-1",
        "指定緊急避難場所との住所同一": "",
        "その他市町村長が必要と認める事項": null,
        "受入対象者": null,
        "備考": ""
      }
    },
    {
      "type": "Feature",
      "geometry": {
        "type": "Point",
        "coordinates": [
          134.335343,
          35.161557
        ]
      },
      "properties": {
        "NO": "926",
        "共通ID": "E3364300023111",
        "施設・場所名": "中土居集会所",
        "住所": "岡山県西粟倉村長尾957-1",
        "指定緊急避難場所との住所同一": "",
        "その他市町村長が必要と認める事項": null,
        "受入対象者": null,
        "備考": ""
      }
    },
    {
      "type": "Feature",
      "geometry": {
        "type": "Point",
        "coordinates": [
          134.325952,
          35.151778
        ]
      },
      "properties": {
        "NO": "927",
        "共通ID": "E3364300024111",
        "施設・場所名": "筏津集会所",
        "住所": "岡山県西粟倉村筏津370-1",
        "指定緊急避難場所との住所同一": "",
        "その他市町村長が必要と認める事項": null,
        "受入対象者": null,
        "備考": ""
      }
    },
    {
      "type": "Feature",
      "geometry": {
        "type": "Point",
        "coordinates": [
          134.073685,
          34.894241
        ]
      },
      "properties": {
        "NO": "928",
        "共通ID": "E3321300001111",
        "施設・場所名": "高田転作促進研修施設",
        "住所": "岡山県赤磐市稲蒔197-1",
        "指定緊急避難場所との住所同一": "1",
        "その他市町村長が必要と認める事項": null,
        "受入対象者": null,
        "備考": ""
      }
    },
    {
      "type": "Feature",
      "geometry": {
        "type": "Point",
        "coordinates": [
          134.094732,
          34.893954
        ]
      },
      "properties": {
        "NO": "929",
        "共通ID": "E3321300002111",
        "施設・場所名": "稲蒔コミュニティハウス",
        "住所": "岡山県赤磐市稲蒔631",
        "指定緊急避難場所との住所同一": "1",
        "その他市町村長が必要と認める事項": null,
        "受入対象者": null,
        "備考": ""
      }
    },
    {
      "type": "Feature",
      "geometry": {
        "type": "Point",
        "coordinates": [
          134.098076,
          34.792737
        ]
      },
      "properties": {
        "NO": "930",
        "共通ID": "E3321300003111",
        "施設・場所名": "円光寺公民館",
        "住所": "岡山県赤磐市円光寺246",
        "指定緊急避難場所との住所同一": "1",
        "その他市町村長が必要と認める事項": "",
        "受入対象者": "",
        "備考": ""
      }
    },
    {
      "type": "Feature",
      "geometry": {
        "type": "Point",
        "coordinates": [
          134.103974,
          34.796814
        ]
      },
      "properties": {
        "NO": "931",
        "共通ID": "E3321300004111",
        "施設・場所名": "東円光寺公民館",
        "住所": "岡山県赤磐市円光寺392",
        "指定緊急避難場所との住所同一": "",
        "その他市町村長が必要と認める事項": null,
        "受入対象者": null,
        "備考": ""
      }
    },
    {
      "type": "Feature",
      "geometry": {
        "type": "Point",
        "coordinates": [
          134.041015,
          34.882807
        ]
      },
      "properties": {
        "NO": "932",
        "共通ID": "E3321300005111",
        "施設・場所名": "塩木構造改善センター",
        "住所": "岡山県赤磐市塩木577-3",
        "指定緊急避難場所との住所同一": "1",
        "その他市町村長が必要と認める事項": null,
        "受入対象者": null,
        "備考": ""
      }
    },
    {
      "type": "Feature",
      "geometry": {
        "type": "Point",
        "coordinates": [
          134.065751,
          34.892315
        ]
      },
      "properties": {
        "NO": "933",
        "共通ID": "E3321300006111",
        "施設・場所名": "佐伯北保育園",
        "住所": "岡山県赤磐市塩木6-1",
        "指定緊急避難場所との住所同一": "1",
        "その他市町村長が必要と認める事項": null,
        "受入対象者": null,
        "備考": ""
      }
    },
    {
      "type": "Feature",
      "geometry": {
        "type": "Point",
        "coordinates": [
          134.123715,
          34.787961
        ]
      },
      "properties": {
        "NO": "934",
        "共通ID": "E3321300007111",
        "施設・場所名": "奥吉原生活改善センター",
        "住所": "岡山県赤磐市奥吉原478-1",
        "指定緊急避難場所との住所同一": "1",
        "その他市町村長が必要と認める事項": null,
        "受入対象者": null,
        "備考": ""
      }
    },
    {
      "type": "Feature",
      "geometry": {
        "type": "Point",
        "coordinates": [
          134.069578,
          34.816071
        ]
      },
      "properties": {
        "NO": "935",
        "共通ID": "E3321300008111",
        "施設・場所名": "岡転作研修・加工施設",
        "住所": "岡山県赤磐市岡842",
        "指定緊急避難場所との住所同一": "1",
        "その他市町村長が必要と認める事項": null,
        "受入対象者": null,
        "備考": ""
      }
    },
    {
      "type": "Feature",
      "geometry": {
        "type": "Point",
        "coordinates": [
          134.018257,
          34.750974
        ]
      },
      "properties": {
        "NO": "936",
        "共通ID": "E3321300009111",
        "施設・場所名": "下市コミュニティハウス",
        "住所": "岡山県赤磐市下市126-2",
        "指定緊急避難場所との住所同一": "1",
        "その他市町村長が必要と認める事項": "",
        "受入対象者": "",
        "備考": ""
      }
    },
    {
      "type": "Feature",
      "geometry": {
        "type": "Point",
        "coordinates": [
          134.019276,
          34.755841
        ]
      },
      "properties": {
        "NO": "937",
        "共通ID": "E3321300010111",
        "施設・場所名": "中央公民館",
        "住所": "岡山県赤磐市下市337",
        "指定緊急避難場所との住所同一": "1",
        "その他市町村長が必要と認める事項": null,
        "受入対象者": null,
        "備考": ""
      }
    },
    {
      "type": "Feature",
      "geometry": {
        "type": "Point",
        "coordinates": [
          134.019276,
          34.755841
        ]
      },
      "properties": {
        "NO": "938",
        "共通ID": "E3321300010121",
        "施設・場所名": "中央公民館",
        "住所": "岡山県赤磐市下市337",
        "指定緊急避難場所との住所同一": "1",
        "その他市町村長が必要と認める事項": null,
        "受入対象者": null,
        "備考": ""
      }
    },
    {
      "type": "Feature",
      "geometry": {
        "type": "Point",
        "coordinates": [
          133.99854,
          34.770799
        ]
      },
      "properties": {
        "NO": "939",
        "共通ID": "E3321300011111",
        "施設・場所名": "下仁保コミュニティハウス",
        "住所": "岡山県赤磐市下仁保1556",
        "指定緊急避難場所との住所同一": "1",
        "その他市町村長が必要と認める事項": null,
        "受入対象者": null,
        "備考": ""
      }
    },
    {
      "type": "Feature",
      "geometry": {
        "type": "Point",
        "coordinates": [
          134.002882,
          34.775117
        ]
      },
      "properties": {
        "NO": "940",
        "共通ID": "E3321300012111",
        "施設・場所名": "西山団地コミュニティハウス",
        "住所": "岡山県赤磐市下仁保192-38",
        "指定緊急避難場所との住所同一": "1",
        "その他市町村長が必要と認める事項": null,
        "受入対象者": null,
        "備考": ""
      }
    },
    {
      "type": "Feature",
      "geometry": {
        "type": "Point",
        "coordinates": [
          134.062385,
          34.791851
        ]
      },
      "properties": {
        "NO": "941",
        "共通ID": "E3321300013111",
        "施設・場所名": "可真下公会堂",
        "住所": "岡山県赤磐市可真下1039",
        "指定緊急避難場所との住所同一": "1",
        "その他市町村長が必要と認める事項": null,
        "受入対象者": null,
        "備考": ""
      }
    },
    {
      "type": "Feature",
      "geometry": {
        "type": "Point",
        "coordinates": [
          134.069702,
          34.794424
        ]
      },
      "properties": {
        "NO": "942",
        "共通ID": "E3321300014111",
        "施設・場所名": "可真下南公民館",
        "住所": "岡山県赤磐市可真下1791-1",
        "指定緊急避難場所との住所同一": "1",
        "その他市町村長が必要と認める事項": null,
        "受入対象者": null,
        "備考": ""
      }
    },
    {
      "type": "Feature",
      "geometry": {
        "type": "Point",
        "coordinates": [
          134.073146,
          34.798776
        ]
      },
      "properties": {
        "NO": "943",
        "共通ID": "E3321300015111",
        "施設・場所名": "可真下１支部公民館",
        "住所": "岡山県赤磐市可真下442-1",
        "指定緊急避難場所との住所同一": "1",
        "その他市町村長が必要と認める事項": null,
        "受入対象者": null,
        "備考": ""
      }
    },
    {
      "type": "Feature",
      "geometry": {
        "type": "Point",
        "coordinates": [
          134.051957,
          34.791773
        ]
      },
      "properties": {
        "NO": "944",
        "共通ID": "E3321300016111",
        "施設・場所名": "可真上集会所",
        "住所": "岡山県赤磐市可真上1688",
        "指定緊急避難場所との住所同一": "1",
        "その他市町村長が必要と認める事項": null,
        "受入対象者": null,
        "備考": ""
      }
    },
    {
      "type": "Feature",
      "geometry": {
        "type": "Point",
        "coordinates": [
          134.052384,
          34.791816
        ]
      },
      "properties": {
        "NO": "945",
        "共通ID": "E3321300017111",
        "施設・場所名": "熊山老人憩いの家",
        "住所": "岡山県赤磐市可真上1729-1",
        "指定緊急避難場所との住所同一": "1",
        "その他市町村長が必要と認める事項": "",
        "受入対象者": "",
        "備考": ""
      }
    },
    {
      "type": "Feature",
      "geometry": {
        "type": "Point",
        "coordinates": [
          134.052384,
          34.791816
        ]
      },
      "properties": {
        "NO": "946",
        "共通ID": "E3321300017121",
        "施設・場所名": "熊山老人憩いの家",
        "住所": "岡山県赤磐市可真上1729-1",
        "指定緊急避難場所との住所同一": "1",
        "その他市町村長が必要と認める事項": null,
        "受入対象者": null,
        "備考": ""
      }
    },
    {
      "type": "Feature",
      "geometry": {
        "type": "Point",
        "coordinates": [
          134.075541,
          34.939768
        ]
      },
      "properties": {
        "NO": "947",
        "共通ID": "E3321300018111",
        "施設・場所名": "河原屋多目的集会所",
        "住所": "岡山県赤磐市河原屋992",
        "指定緊急避難場所との住所同一": "1",
        "その他市町村長が必要と認める事項": null,
        "受入対象者": null,
        "備考": ""
      }
    },
    {
      "type": "Feature",
      "geometry": {
        "type": "Point",
        "coordinates": [
          134.103404,
          34.786036
        ]
      },
      "properties": {
        "NO": "948",
        "共通ID": "E3321300019111",
        "施設・場所名": "河田原公会堂",
        "住所": "岡山県赤磐市河田原318-3",
        "指定緊急避難場所との住所同一": "1",
        "その他市町村長が必要と認める事項": null,
        "受入対象者": null,
        "備考": ""
      }
    },
    {
      "type": "Feature",
      "geometry": {
        "type": "Point",
        "coordinates": [
          134.015178,
          34.748533
        ]
      },
      "properties": {
        "NO": "949",
        "共通ID": "E3321300020111",
        "施設・場所名": "河本コミュニティハウス",
        "住所": "岡山県赤磐市河本948-5",
        "指定緊急避難場所との住所同一": "1",
        "その他市町村長が必要と認める事項": null,
        "受入対象者": null,
        "備考": ""
      }
    },
    {
      "type": "Feature",
      "geometry": {
        "type": "Point",
        "coordinates": [
          134.005995,
          34.760961
        ]
      },
      "properties": {
        "NO": "950",
        "共通ID": "E3321300021111",
        "施設・場所名": "鴨前コミュニティハウス",
        "住所": "岡山県赤磐市鴨前652-2",
        "指定緊急避難場所との住所同一": "1",
        "その他市町村長が必要と認める事項": null,
        "受入対象者": null,
        "備考": ""
      }
    },
    {
      "type": "Feature",
      "geometry": {
        "type": "Point",
        "coordinates": [
          134.00819,
          34.740841
        ]
      },
      "properties": {
        "NO": "951",
        "共通ID": "E3321300022111",
        "施設・場所名": "岩田公会堂",
        "住所": "岡山県赤磐市岩田123-1",
        "指定緊急避難場所との住所同一": "1",
        "その他市町村長が必要と認める事項": null,
        "受入対象者": null,
        "備考": ""
      }
    },
    {
      "type": "Feature",
      "geometry": {
        "type": "Point",
        "coordinates": [
          134.109624,
          34.794393
        ]
      },
      "properties": {
        "NO": "952",
        "共通ID": "E3321300023111",
        "施設・場所名": "吉原公会堂",
        "住所": "岡山県赤磐市吉原71-2",
        "指定緊急避難場所との住所同一": "1",
        "その他市町村長が必要と認める事項": null,
        "受入対象者": null,
        "備考": ""
      }
    },
    {
      "type": "Feature",
      "geometry": {
        "type": "Point",
        "coordinates": [
          134.109421,
          34.798488
        ]
      },
      "properties": {
        "NO": "953",
        "共通ID": "E3321300024111",
        "施設・場所名": "畑公民館",
        "住所": "岡山県赤磐市吉原854",
        "指定緊急避難場所との住所同一": "1",
        "その他市町村長が必要と認める事項": null,
        "受入対象者": null,
        "備考": ""
      }
    },
    {
      "type": "Feature",
      "geometry": {
        "type": "Point",
        "coordinates": [
          134.009872,
          34.756603
        ]
      },
      "properties": {
        "NO": "954",
        "共通ID": "E3321300025111",
        "施設・場所名": "熊崎コミュニティハウス",
        "住所": "岡山県赤磐市熊崎317-1",
        "指定緊急避難場所との住所同一": "1",
        "その他市町村長が必要と認める事項": null,
        "受入対象者": null,
        "備考": ""
      }
    },
    {
      "type": "Feature",
      "geometry": {
        "type": "Point",
        "coordinates": [
          134.021992,
          34.891828
        ]
      },
      "properties": {
        "NO": "955",
        "共通ID": "E3321300026111",
        "施設・場所名": "竜天くついし夢の里会館",
        "住所": "岡山県赤磐市戸津野284-1",
        "指定緊急避難場所との住所同一": "1",
        "その他市町村長が必要と認める事項": null,
        "受入対象者": null,
        "備考": ""
      }
    },
    {
      "type": "Feature",
      "geometry": {
        "type": "Point",
        "coordinates": [
          134.02899,
          34.894381
        ]
      },
      "properties": {
        "NO": "956",
        "共通ID": "E3321300027111",
        "施設・場所名": "戸津野公会堂",
        "住所": "岡山県赤磐市戸津野797",
        "指定緊急避難場所との住所同一": "1",
        "その他市町村長が必要と認める事項": null,
        "受入対象者": null,
        "備考": ""
      }
    },
    {
      "type": "Feature",
      "geometry": {
        "type": "Point",
        "coordinates": [
          134.012377,
          34.769676
        ]
      },
      "properties": {
        "NO": "957",
        "共通ID": "E3321300028111",
        "施設・場所名": "五日市公会堂",
        "住所": "岡山県赤磐市五日市335",
        "指定緊急避難場所との住所同一": "1",
        "その他市町村長が必要と認める事項": null,
        "受入対象者": null,
        "備考": ""
      }
    },
    {
      "type": "Feature",
      "geometry": {
        "type": "Point",
        "coordinates": [
          134.061277,
          34.888379
        ]
      },
      "properties": {
        "NO": "958",
        "共通ID": "E3321300029111",
        "施設・場所名": "佐伯北研修センター",
        "住所": "岡山県赤磐市光木505",
        "指定緊急避難場所との住所同一": "1",
        "その他市町村長が必要と認める事項": null,
        "受入対象者": null,
        "備考": ""
      }
    },
    {
      "type": "Feature",
      "geometry": {
        "type": "Point",
        "coordinates": [
          133.986907,
          34.862961
        ]
      },
      "properties": {
        "NO": "959",
        "共通ID": "E3321300030111",
        "施設・場所名": "布都美研修センター",
        "住所": "岡山県赤磐市広戸415",
        "指定緊急避難場所との住所同一": "1",
        "その他市町村長が必要と認める事項": null,
        "受入対象者": null,
        "備考": ""
      }
    },
    {
      "type": "Feature",
      "geometry": {
        "type": "Point",
        "coordinates": [
          133.98141,
          34.872112
        ]
      },
      "properties": {
        "NO": "960",
        "共通ID": "E3321300031111",
        "施設・場所名": "信集会所",
        "住所": "岡山県赤磐市広戸683",
        "指定緊急避難場所との住所同一": "1",
        "その他市町村長が必要と認める事項": null,
        "受入対象者": null,
        "備考": ""
      }
    },
    {
      "type": "Feature",
      "geometry": {
        "type": "Point",
        "coordinates": [
          134.021089,
          34.7617
        ]
      },
      "properties": {
        "NO": "961",
        "共通ID": "E3321300032111",
        "施設・場所名": "高屋集会所",
        "住所": "岡山県赤磐市高屋239-1",
        "指定緊急避難場所との住所同一": "1",
        "その他市町村長が必要と認める事項": null,
        "受入対象者": null,
        "備考": ""
      }
    },
    {
      "type": "Feature",
      "geometry": {
        "type": "Point",
        "coordinates": [
          134.023813,
          34.758325
        ]
      },
      "properties": {
        "NO": "962",
        "共通ID": "E3321300033111",
        "施設・場所名": "山陽幼稚園",
        "住所": "岡山県赤磐市高屋434",
        "指定緊急避難場所との住所同一": "1",
        "その他市町村長が必要と認める事項": null,
        "受入対象者": null,
        "備考": ""
      }
    },
    {
      "type": "Feature",
      "geometry": {
        "type": "Point",
        "coordinates": [
          133.994072,
          34.850445
        ]
      },
      "properties": {
        "NO": "963",
        "共通ID": "E3321300034111",
        "施設・場所名": "合田集落センター",
        "住所": "岡山県赤磐市合田1828-2",
        "指定緊急避難場所との住所同一": "1",
        "その他市町村長が必要と認める事項": null,
        "受入対象者": null,
        "備考": ""
      }
    },
    {
      "type": "Feature",
      "geometry": {
        "type": "Point",
        "coordinates": [
          134.071136,
          34.915496
        ]
      },
      "properties": {
        "NO": "964",
        "共通ID": "E3321300035111",
        "施設・場所名": "黒沢集落センター",
        "住所": "岡山県赤磐市黒沢1178",
        "指定緊急避難場所との住所同一": "1",
        "その他市町村長が必要と認める事項": null,
        "受入対象者": null,
        "備考": ""
      }
    },
    {
      "type": "Feature",
      "geometry": {
        "type": "Point",
        "coordinates": [
          134.081312,
          34.916507
        ]
      },
      "properties": {
        "NO": "965",
        "共通ID": "E3321300036111",
        "施設・場所名": "先谷集落センター",
        "住所": "岡山県赤磐市黒沢1838-2",
        "指定緊急避難場所との住所同一": "1",
        "その他市町村長が必要と認める事項": null,
        "受入対象者": null,
        "備考": ""
      }
    },
    {
      "type": "Feature",
      "geometry": {
        "type": "Point",
        "coordinates": [
          134.083455,
          34.919169
        ]
      },
      "properties": {
        "NO": "966",
        "共通ID": "E3321300037111",
        "施設・場所名": "城南小学校",
        "住所": "岡山県赤磐市黒本129",
        "指定緊急避難場所との住所同一": "1",
        "その他市町村長が必要と認める事項": null,
        "受入対象者": null,
        "備考": ""
      }
    },
    {
      "type": "Feature",
      "geometry": {
        "type": "Point",
        "coordinates": [
          134.06541,
          34.914029
        ]
      },
      "properties": {
        "NO": "967",
        "共通ID": "E3321300038111",
        "施設・場所名": "山方研修センター",
        "住所": "岡山県赤磐市黒本2103",
        "指定緊急避難場所との住所同一": "1",
        "その他市町村長が必要と認める事項": null,
        "受入対象者": null,
        "備考": ""
      }
    },
    {
      "type": "Feature",
      "geometry": {
        "type": "Point",
        "coordinates": [
          134.078152,
          34.917376
        ]
      },
      "properties": {
        "NO": "968",
        "共通ID": "E3321300039111",
        "施設・場所名": "黒本コミュニティハウス",
        "住所": "岡山県赤磐市黒本518-1",
        "指定緊急避難場所との住所同一": "1",
        "その他市町村長が必要と認める事項": null,
        "受入対象者": null,
        "備考": ""
      }
    },
    {
      "type": "Feature",
      "geometry": {
        "type": "Point",
        "coordinates": [
          134.024294,
          34.813509
        ]
      },
      "properties": {
        "NO": "969",
        "共通ID": "E3321300040111",
        "施設・場所名": "軽部小学校",
        "住所": "岡山県赤磐市今井100",
        "指定緊急避難場所との住所同一": "1",
        "その他市町村長が必要と認める事項": null,
        "受入対象者": null,
        "備考": ""
      }
    },
    {
      "type": "Feature",
      "geometry": {
        "type": "Point",
        "coordinates": [
          134.025503,
          34.817242
        ]
      },
      "properties": {
        "NO": "970",
        "共通ID": "E3321300041111",
        "施設・場所名": "今井公民館",
        "住所": "岡山県赤磐市今井1357-1",
        "指定緊急避難場所との住所同一": "1",
        "その他市町村長が必要と認める事項": null,
        "受入対象者": null,
        "備考": ""
      }
    },
    {
      "type": "Feature",
      "geometry": {
        "type": "Point",
        "coordinates": [
          134.073525,
          34.806883
        ]
      },
      "properties": {
        "NO": "971",
        "共通ID": "E3321300042111",
        "施設・場所名": "佐古公会堂",
        "住所": "岡山県赤磐市佐古687",
        "指定緊急避難場所との住所同一": "1",
        "その他市町村長が必要と認める事項": null,
        "受入対象者": null,
        "備考": ""
      }
    },
    {
      "type": "Feature",
      "geometry": {
        "type": "Point",
        "coordinates": [
          134.033188,
          34.752522
        ]
      },
      "properties": {
        "NO": "972",
        "共通ID": "E3321300043111",
        "施設・場所名": "斎富多目的集会所",
        "住所": "岡山県赤磐市斎富52-2",
        "指定緊急避難場所との住所同一": "1",
        "その他市町村長が必要と認める事項": null,
        "受入対象者": null,
        "備考": ""
      }
    },
    {
      "type": "Feature",
      "geometry": {
        "type": "Point",
        "coordinates": [
          134.009451,
          34.842354
        ]
      },
      "properties": {
        "NO": "973",
        "共通ID": "E3321300044111",
        "施設・場所名": "坂辺公民館",
        "住所": "岡山県赤磐市坂辺504-9",
        "指定緊急避難場所との住所同一": "1",
        "その他市町村長が必要と認める事項": null,
        "受入対象者": null,
        "備考": ""
      }
    },
    {
      "type": "Feature",
      "geometry": {
        "type": "Point",
        "coordinates": [
          134.011821,
          34.837919
        ]
      },
      "properties": {
        "NO": "974",
        "共通ID": "E3321300045121",
        "施設・場所名": "笹岡公民館",
        "住所": "岡山県赤磐市坂辺9",
        "指定緊急避難場所との住所同一": "1",
        "その他市町村長が必要と認める事項": null,
        "受入対象者": null,
        "備考": ""
      }
    },
    {
      "type": "Feature",
      "geometry": {
        "type": "Point",
        "coordinates": [
          134.011821,
          34.837918
        ]
      },
      "properties": {
        "NO": "975",
        "共通ID": "E3321300045111",
        "施設・場所名": "笹岡公民館",
        "住所": "岡山県赤磐市坂辺9",
        "指定緊急避難場所との住所同一": "1",
        "その他市町村長が必要と認める事項": "",
        "受入対象者": "",
        "備考": ""
      }
    },
    {
      "type": "Feature",
      "geometry": {
        "type": "Point",
        "coordinates": [
          134.044586,
          34.768202
        ]
      },
      "properties": {
        "NO": "976",
        "共通ID": "E3321300047111",
        "施設・場所名": "桜が丘西１丁目集会所",
        "住所": "岡山県赤磐市桜が丘西1-22-6",
        "指定緊急避難場所との住所同一": "1",
        "その他市町村長が必要と認める事項": null,
        "受入対象者": null,
        "備考": ""
      }
    },
    {
      "type": "Feature",
      "geometry": {
        "type": "Point",
        "coordinates": [
          134.036105,
          34.782557
        ]
      },
      "properties": {
        "NO": "977",
        "共通ID": "E3321300046111",
        "施設・場所名": "桜が丘西１０丁目集会所",
        "住所": "岡山県赤磐市桜が丘西10-16-15",
        "指定緊急避難場所との住所同一": "1",
        "その他市町村長が必要と認める事項": null,
        "受入対象者": null,
        "備考": ""
      }
    },
    {
      "type": "Feature",
      "geometry": {
        "type": "Point",
        "coordinates": [
          134.037357,
          34.771185
        ]
      },
      "properties": {
        "NO": "978",
        "共通ID": "E3321300048111",
        "施設・場所名": "桜が丘西２丁目集会所",
        "住所": "岡山県赤磐市桜が丘西2-21-2",
        "指定緊急避難場所との住所同一": "1",
        "その他市町村長が必要と認める事項": null,
        "受入対象者": null,
        "備考": ""
      }
    },
    {
      "type": "Feature",
      "geometry": {
        "type": "Point",
        "coordinates": [
          134.040303,
          34.772943
        ]
      },
      "properties": {
        "NO": "979",
        "共通ID": "E3321300049111",
        "施設・場所名": "桜が丘西３丁目集会所",
        "住所": "岡山県赤磐市桜が丘西3-29",
        "指定緊急避難場所との住所同一": "1",
        "その他市町村長が必要と認める事項": null,
        "受入対象者": null,
        "備考": ""
      }
    },
    {
      "type": "Feature",
      "geometry": {
        "type": "Point",
        "coordinates": [
          134.03988,
          34.775574
        ]
      },
      "properties": {
        "NO": "980",
        "共通ID": "E3321300050111",
        "施設・場所名": "山陽東小学校",
        "住所": "岡山県赤磐市桜が丘西3-30",
        "指定緊急避難場所との住所同一": "1",
        "その他市町村長が必要と認める事項": null,
        "受入対象者": null,
        "備考": ""
      }
    },
    {
      "type": "Feature",
      "geometry": {
        "type": "Point",
        "coordinates": [
          134.039859,
          34.774657
        ]
      },
      "properties": {
        "NO": "981",
        "共通ID": "E3321300050112",
        "施設・場所名": "ひかり幼稚園",
        "住所": "岡山県赤磐市桜が丘西3-30",
        "指定緊急避難場所との住所同一": "1",
        "その他市町村長が必要と認める事項": null,
        "受入対象者": null,
        "備考": ""
      }
    },
    {
      "type": "Feature",
      "geometry": {
        "type": "Point",
        "coordinates": [
          134.042558,
          34.777547
        ]
      },
      "properties": {
        "NO": "982",
        "共通ID": "E3321300051111",
        "施設・場所名": "桜が丘西４丁目集会所",
        "住所": "岡山県赤磐市桜が丘西4-21",
        "指定緊急避難場所との住所同一": "1",
        "その他市町村長が必要と認める事項": null,
        "受入対象者": null,
        "備考": ""
      }
    },
    {
      "type": "Feature",
      "geometry": {
        "type": "Point",
        "coordinates": [
          134.041289,
          34.780393
        ]
      },
      "properties": {
        "NO": "983",
        "共通ID": "E3321300052111",
        "施設・場所名": "桜が丘中学校",
        "住所": "岡山県赤磐市桜が丘西5-12",
        "指定緊急避難場所との住所同一": "1",
        "その他市町村長が必要と認める事項": null,
        "受入対象者": null,
        "備考": ""
      }
    },
    {
      "type": "Feature",
      "geometry": {
        "type": "Point",
        "coordinates": [
          134.040727,
          34.776004
        ]
      },
      "properties": {
        "NO": "984",
        "共通ID": "E3321300053111",
        "施設・場所名": "桜が丘西５丁目集会所",
        "住所": "岡山県赤磐市桜が丘西5-25",
        "指定緊急避難場所との住所同一": "1",
        "その他市町村長が必要と認める事項": "",
        "受入対象者": "",
        "備考": ""
      }
    },
    {
      "type": "Feature",
      "geometry": {
        "type": "Point",
        "coordinates": [
          134.035762,
          34.778601
        ]
      },
      "properties": {
        "NO": "985",
        "共通ID": "E3321300054111",
        "施設・場所名": "桜が丘西６丁目集会所",
        "住所": "岡山県赤磐市桜が丘西6-18-13",
        "指定緊急避難場所との住所同一": "1",
        "その他市町村長が必要と認める事項": null,
        "受入対象者": null,
        "備考": ""
      }
    },
    {
      "type": "Feature",
      "geometry": {
        "type": "Point",
        "coordinates": [
          134.033946,
          34.774065
        ]
      },
      "properties": {
        "NO": "986",
        "共通ID": "E3321300055111",
        "施設・場所名": "桜が丘西７丁目集会所",
        "住所": "岡山県赤磐市桜が丘西7-11-27",
        "指定緊急避難場所との住所同一": "1",
        "その他市町村長が必要と認める事項": null,
        "受入対象者": null,
        "備考": ""
      }
    },
    {
      "type": "Feature",
      "geometry": {
        "type": "Point",
        "coordinates": [
          134.028047,
          34.774626
        ]
      },
      "properties": {
        "NO": "987",
        "共通ID": "E3321300056111",
        "施設・場所名": "山陽北小学校",
        "住所": "岡山県赤磐市桜が丘西8-23",
        "指定緊急避難場所との住所同一": "1",
        "その他市町村長が必要と認める事項": null,
        "受入対象者": null,
        "備考": ""
      }
    },
    {
      "type": "Feature",
      "geometry": {
        "type": "Point",
        "coordinates": [
          134.030468,
          34.778377
        ]
      },
      "properties": {
        "NO": "988",
        "共通ID": "E3321300057111",
        "施設・場所名": "桜が丘西８丁目集会所",
        "住所": "岡山県赤磐市桜が丘西8-33-2",
        "指定緊急避難場所との住所同一": "1",
        "その他市町村長が必要と認める事項": null,
        "受入対象者": null,
        "備考": ""
      }
    },
    {
      "type": "Feature",
      "geometry": {
        "type": "Point",
        "coordinates": [
          134.031133,
          34.781384
        ]
      },
      "properties": {
        "NO": "989",
        "共通ID": "E3321300058111",
        "施設・場所名": "山陽北幼稚園",
        "住所": "岡山県赤磐市桜が丘西9-13-1",
        "指定緊急避難場所との住所同一": "1",
        "その他市町村長が必要と認める事項": null,
        "受入対象者": null,
        "備考": ""
      }
    },
    {
      "type": "Feature",
      "geometry": {
        "type": "Point",
        "coordinates": [
          134.02843,
          34.780186
        ]
      },
      "properties": {
        "NO": "990",
        "共通ID": "E3321300059111",
        "施設・場所名": "桜が丘西９丁目集会所",
        "住所": "岡山県赤磐市桜が丘西9-26",
        "指定緊急避難場所との住所同一": "1",
        "その他市町村長が必要と認める事項": null,
        "受入対象者": null,
        "備考": ""
      }
    },
    {
      "type": "Feature",
      "geometry": {
        "type": "Point",
        "coordinates": [
          134.048504,
          34.772457
        ]
      },
      "properties": {
        "NO": "991",
        "共通ID": "E3321300061111",
        "施設・場所名": "桜が丘東１丁目集会所",
        "住所": "岡山県赤磐市桜が丘東1-1-856",
        "指定緊急避難場所との住所同一": "1",
        "その他市町村長が必要と認める事項": null,
        "受入対象者": null,
        "備考": ""
      }
    },
    {
      "type": "Feature",
      "geometry": {
        "type": "Point",
        "coordinates": [
          134.049893,
          34.779204
        ]
      },
      "properties": {
        "NO": "992",
        "共通ID": "E3321300062111",
        "施設・場所名": "桜が丘東２丁目集会所",
        "住所": "岡山県赤磐市桜が丘東2-2-638",
        "指定緊急避難場所との住所同一": "1",
        "その他市町村長が必要と認める事項": null,
        "受入対象者": null,
        "備考": ""
      }
    },
    {
      "type": "Feature",
      "geometry": {
        "type": "Point",
        "coordinates": [
          134.048956,
          34.784152
        ]
      },
      "properties": {
        "NO": "993",
        "共通ID": "E3321300063111",
        "施設・場所名": "桜が丘東３丁目集会所",
        "住所": "岡山県赤磐市桜が丘東3-3-371",
        "指定緊急避難場所との住所同一": "1",
        "その他市町村長が必要と認める事項": null,
        "受入対象者": null,
        "備考": ""
      }
    },
    {
      "type": "Feature",
      "geometry": {
        "type": "Point",
        "coordinates": [
          134.041682,
          34.783324
        ]
      },
      "properties": {
        "NO": "994",
        "共通ID": "E3321300064111",
        "施設・場所名": "桜が丘東４丁目集会所",
        "住所": "岡山県赤磐市桜が丘東4-4-640",
        "指定緊急避難場所との住所同一": "1",
        "その他市町村長が必要と認める事項": null,
        "受入対象者": null,
        "備考": ""
      }
    },
    {
      "type": "Feature",
      "geometry": {
        "type": "Point",
        "coordinates": [
          134.04064,
          34.781983
        ]
      },
      "properties": {
        "NO": "995",
        "共通ID": "E3321300065111",
        "施設・場所名": "桜が丘東５丁目集会所",
        "住所": "岡山県赤磐市桜が丘東5-5-388",
        "指定緊急避難場所との住所同一": "1",
        "その他市町村長が必要と認める事項": null,
        "受入対象者": null,
        "備考": ""
      }
    },
    {
      "type": "Feature",
      "geometry": {
        "type": "Point",
        "coordinates": [
          134.039744,
          34.781663
        ]
      },
      "properties": {
        "NO": "996",
        "共通ID": "E3321300066121",
        "施設・場所名": "桜が丘いきいき交流センター",
        "住所": "岡山県赤磐市桜が丘東5-5-391",
        "指定緊急避難場所との住所同一": "1",
        "その他市町村長が必要と認める事項": null,
        "受入対象者": null,
        "備考": ""
      }
    },
    {
      "type": "Feature",
      "geometry": {
        "type": "Point",
        "coordinates": [
          134.039744,
          34.781663
        ]
      },
      "properties": {
        "NO": "997",
        "共通ID": "E3321300066111",
        "施設・場所名": "桜が丘いきいき交流センター",
        "住所": "岡山県赤磐市桜が丘東5-5-391",
        "指定緊急避難場所との住所同一": "1",
        "その他市町村長が必要と認める事項": null,
        "受入対象者": null,
        "備考": ""
      }
    },
    {
      "type": "Feature",
      "geometry": {
        "type": "Point",
        "coordinates": [
          134.041797,
          34.788565
        ]
      },
      "properties": {
        "NO": "998",
        "共通ID": "E3321300067111",
        "施設・場所名": "桜が丘東６丁目集会所",
        "住所": "岡山県赤磐市桜が丘東6-6-629",
        "指定緊急避難場所との住所同一": "1",
        "その他市町村長が必要と認める事項": null,
        "受入対象者": null,
        "備考": ""
      }
    },
    {
      "type": "Feature",
      "geometry": {
        "type": "Point",
        "coordinates": [
          134.043226,
          34.789605
        ]
      },
      "properties": {
        "NO": "999",
        "共通ID": "E3321300068111",
        "施設・場所名": "桜が丘幼稚園",
        "住所": "岡山県赤磐市桜が丘東6-6-692",
        "指定緊急避難場所との住所同一": "1",
        "その他市町村長が必要と認める事項": null,
        "受入対象者": null,
        "備考": ""
      }
    },
    {
      "type": "Feature",
      "geometry": {
        "type": "Point",
        "coordinates": [
          134.043622,
          34.790698
        ]
      },
      "properties": {
        "NO": "1000",
        "共通ID": "E3321300069111",
        "施設・場所名": "桜が丘小学校",
        "住所": "岡山県赤磐市桜が丘東6-6-693",
        "指定緊急避難場所との住所同一": "1",
        "その他市町村長が必要と認める事項": null,
        "受入対象者": null,
        "備考": ""
      }
    },
    {
      "type": "Feature",
      "geometry": {
        "type": "Point",
        "coordinates": [
          133.984039,
          34.793011
        ]
      },
      "properties": {
        "NO": "1001",
        "共通ID": "E3321300070111",
        "施設・場所名": "山口コミュニティハウス",
        "住所": "岡山県赤磐市山口516-1",
        "指定緊急避難場所との住所同一": "1",
        "その他市町村長が必要と認める事項": null,
        "受入対象者": null,
        "備考": ""
      }
    },
    {
      "type": "Feature",
      "geometry": {
        "type": "Point",
        "coordinates": [
          134.038732,
          34.84798
        ]
      },
      "properties": {
        "NO": "1002",
        "共通ID": "E3321300071111",
        "施設・場所名": "山手公会堂",
        "住所": "岡山県赤磐市山手757-2",
        "指定緊急避難場所との住所同一": "1",
        "その他市町村長が必要と認める事項": null,
        "受入対象者": null,
        "備考": ""
      }
    },
    {
      "type": "Feature",
      "geometry": {
        "type": "Point",
        "coordinates": [
          134.00572,
          34.744723
        ]
      },
      "properties": {
        "NO": "1003",
        "共通ID": "E3321300072121",
        "施設・場所名": "山陽公民館",
        "住所": "岡山県赤磐市山陽1-10",
        "指定緊急避難場所との住所同一": "1",
        "その他市町村長が必要と認める事項": null,
        "受入対象者": null,
        "備考": ""
      }
    },
    {
      "type": "Feature",
      "geometry": {
        "type": "Point",
        "coordinates": [
          134.00572,
          34.744723
        ]
      },
      "properties": {
        "NO": "1004",
        "共通ID": "E3321300072111",
        "施設・場所名": "山陽公民館",
        "住所": "岡山県赤磐市山陽1-10",
        "指定緊急避難場所との住所同一": "1",
        "その他市町村長が必要と認める事項": null,
        "受入対象者": null,
        "備考": ""
      }
    },
    {
      "type": "Feature",
      "geometry": {
        "type": "Point",
        "coordinates": [
          134.006264,
          34.744476
        ]
      },
      "properties": {
        "NO": "1005",
        "共通ID": "E3321300073111",
        "施設・場所名": "山陽１丁目集会所",
        "住所": "岡山県赤磐市山陽1-11-46",
        "指定緊急避難場所との住所同一": "1",
        "その他市町村長が必要と認める事項": null,
        "受入対象者": null,
        "備考": ""
      }
    },
    {
      "type": "Feature",
      "geometry": {
        "type": "Point",
        "coordinates": [
          134.00515,
          34.747405
        ]
      },
      "properties": {
        "NO": "1006",
        "共通ID": "E3321300074111",
        "施設・場所名": "山陽２丁目集会所",
        "住所": "岡山県赤磐市山陽2-358-2",
        "指定緊急避難場所との住所同一": "1",
        "その他市町村長が必要と認める事項": null,
        "受入対象者": null,
        "備考": ""
      }
    },
    {
      "type": "Feature",
      "geometry": {
        "type": "Point",
        "coordinates": [
          134.006375,
          34.74924
        ]
      },
      "properties": {
        "NO": "1007",
        "共通ID": "E3321300075111",
        "施設・場所名": "山陽西小学校",
        "住所": "岡山県赤磐市山陽3-1",
        "指定緊急避難場所との住所同一": "1",
        "その他市町村長が必要と認める事項": null,
        "受入対象者": null,
        "備考": ""
      }
    },
    {
      "type": "Feature",
      "geometry": {
        "type": "Point",
        "coordinates": [
          134.007522,
          34.749992
        ]
      },
      "properties": {
        "NO": "1008",
        "共通ID": "E3321300076111",
        "施設・場所名": "山陽西幼稚園",
        "住所": "岡山県赤磐市山陽3-10",
        "指定緊急避難場所との住所同一": "1",
        "その他市町村長が必要と認める事項": null,
        "受入対象者": null,
        "備考": ""
      }
    },
    {
      "type": "Feature",
      "geometry": {
        "type": "Point",
        "coordinates": [
          134.010745,
          34.749513
        ]
      },
      "properties": {
        "NO": "1009",
        "共通ID": "E3321300077111",
        "施設・場所名": "山陽３丁目集会所",
        "住所": "岡山県赤磐市山陽3-101-2",
        "指定緊急避難場所との住所同一": "1",
        "その他市町村長が必要と認める事項": "",
        "受入対象者": "",
        "備考": ""
      }
    },
    {
      "type": "Feature",
      "geometry": {
        "type": "Point",
        "coordinates": [
          134.004902,
          34.751486
        ]
      },
      "properties": {
        "NO": "1010",
        "共通ID": "E3321300078111",
        "施設・場所名": "山陽４丁目集会所",
        "住所": "岡山県赤磐市山陽4-147",
        "指定緊急避難場所との住所同一": "1",
        "その他市町村長が必要と認める事項": null,
        "受入対象者": null,
        "備考": ""
      }
    },
    {
      "type": "Feature",
      "geometry": {
        "type": "Point",
        "coordinates": [
          134.007463,
          34.75214
        ]
      },
      "properties": {
        "NO": "1011",
        "共通ID": "E3321300079111",
        "施設・場所名": "山陽５丁目集会所",
        "住所": "岡山県赤磐市山陽5-1",
        "指定緊急避難場所との住所同一": "1",
        "その他市町村長が必要と認める事項": null,
        "受入対象者": null,
        "備考": ""
      }
    },
    {
      "type": "Feature",
      "geometry": {
        "type": "Point",
        "coordinates": [
          134.005116,
          34.75315
        ]
      },
      "properties": {
        "NO": "1012",
        "共通ID": "E3321300080111",
        "施設・場所名": "山陽６丁目集会所",
        "住所": "岡山県赤磐市山陽6-4",
        "指定緊急避難場所との住所同一": "1",
        "その他市町村長が必要と認める事項": null,
        "受入対象者": null,
        "備考": ""
      }
    },
    {
      "type": "Feature",
      "geometry": {
        "type": "Point",
        "coordinates": [
          134.00067,
          34.747868
        ]
      },
      "properties": {
        "NO": "1013",
        "共通ID": "E3321300081111",
        "施設・場所名": "山陽７丁目集会所",
        "住所": "岡山県赤磐市山陽7-1-1",
        "指定緊急避難場所との住所同一": "1",
        "その他市町村長が必要と認める事項": null,
        "受入対象者": null,
        "備考": ""
      }
    },
    {
      "type": "Feature",
      "geometry": {
        "type": "Point",
        "coordinates": [
          134.057106,
          34.821396
        ]
      },
      "properties": {
        "NO": "1014",
        "共通ID": "E3321300082111",
        "施設・場所名": "酌田公民館",
        "住所": "岡山県赤磐市酌田700-4",
        "指定緊急避難場所との住所同一": "1",
        "その他市町村長が必要と認める事項": null,
        "受入対象者": null,
        "備考": ""
      }
    },
    {
      "type": "Feature",
      "geometry": {
        "type": "Point",
        "coordinates": [
          134.091917,
          34.918621
        ]
      },
      "properties": {
        "NO": "1015",
        "共通ID": "E3321300083121",
        "施設・場所名": "吉井会館",
        "住所": "岡山県赤磐市周匝136-1",
        "指定緊急避難場所との住所同一": "1",
        "その他市町村長が必要と認める事項": null,
        "受入対象者": null,
        "備考": ""
      }
    },
    {
      "type": "Feature",
      "geometry": {
        "type": "Point",
        "coordinates": [
          134.091917,
          34.918621
        ]
      },
      "properties": {
        "NO": "1016",
        "共通ID": "E3321300083111",
        "施設・場所名": "吉井会館",
        "住所": "岡山県赤磐市周匝136-1",
        "指定緊急避難場所との住所同一": "1",
        "その他市町村長が必要と認める事項": null,
        "受入対象者": null,
        "備考": ""
      }
    },
    {
      "type": "Feature",
      "geometry": {
        "type": "Point",
        "coordinates": [
          134.09625,
          34.918794
        ]
      },
      "properties": {
        "NO": "1017",
        "共通ID": "E3321300084111",
        "施設・場所名": "周匝会館",
        "住所": "岡山県赤磐市周匝1392",
        "指定緊急避難場所との住所同一": "1",
        "その他市町村長が必要と認める事項": null,
        "受入対象者": null,
        "備考": ""
      }
    },
    {
      "type": "Feature",
      "geometry": {
        "type": "Point",
        "coordinates": [
          134.097334,
          34.921538
        ]
      },
      "properties": {
        "NO": "1018",
        "共通ID": "E3321300086111",
        "施設・場所名": "周匝コミュニティハウス",
        "住所": "岡山県赤磐市周匝1462",
        "指定緊急避難場所との住所同一": "1",
        "その他市町村長が必要と認める事項": "",
        "受入対象者": "",
        "備考": ""
      }
    },
    {
      "type": "Feature",
      "geometry": {
        "type": "Point",
        "coordinates": [
          134.090809,
          34.917433
        ]
      },
      "properties": {
        "NO": "1019",
        "共通ID": "E3321300087111",
        "施設・場所名": "吉井中学校",
        "住所": "岡山県赤磐市周匝161",
        "指定緊急避難場所との住所同一": "1",
        "その他市町村長が必要と認める事項": null,
        "受入対象者": null,
        "備考": ""
      }
    },
    {
      "type": "Feature",
      "geometry": {
        "type": "Point",
        "coordinates": [
          134.091911,
          34.913389
        ]
      },
      "properties": {
        "NO": "1020",
        "共通ID": "E3321300088111",
        "施設・場所名": "中村集会所",
        "住所": "岡山県赤磐市周匝866-4",
        "指定緊急避難場所との住所同一": "1",
        "その他市町村長が必要と認める事項": null,
        "受入対象者": null,
        "備考": ""
      }
    },
    {
      "type": "Feature",
      "geometry": {
        "type": "Point",
        "coordinates": [
          133.968271,
          34.868064
        ]
      },
      "properties": {
        "NO": "1021",
        "共通ID": "E3321300089111",
        "施設・場所名": "小鎌中多目的集会施設",
        "住所": "岡山県赤磐市小鎌1272-2",
        "指定緊急避難場所との住所同一": "1",
        "その他市町村長が必要と認める事項": null,
        "受入対象者": null,
        "備考": ""
      }
    },
    {
      "type": "Feature",
      "geometry": {
        "type": "Point",
        "coordinates": [
          133.97902,
          34.857195
        ]
      },
      "properties": {
        "NO": "1022",
        "共通ID": "E3321300090111",
        "施設・場所名": "布都美林間学校",
        "住所": "岡山県赤磐市小鎌1868-1",
        "指定緊急避難場所との住所同一": "1",
        "その他市町村長が必要と認める事項": null,
        "受入対象者": null,
        "備考": ""
      }
    },
    {
      "type": "Feature",
      "geometry": {
        "type": "Point",
        "coordinates": [
          133.97301,
          34.876209
        ]
      },
      "properties": {
        "NO": "1023",
        "共通ID": "E3321300091111",
        "施設・場所名": "小鎌上コミュニティハウス",
        "住所": "岡山県赤磐市小鎌414-2",
        "指定緊急避難場所との住所同一": "1",
        "その他市町村長が必要と認める事項": null,
        "受入対象者": null,
        "備考": ""
      }
    },
    {
      "type": "Feature",
      "geometry": {
        "type": "Point",
        "coordinates": [
          133.99979,
          34.832573
        ]
      },
      "properties": {
        "NO": "1024",
        "共通ID": "E3321300092111",
        "施設・場所名": "小原上公会堂",
        "住所": "岡山県赤磐市小原1675-2",
        "指定緊急避難場所との住所同一": "1",
        "その他市町村長が必要と認める事項": null,
        "受入対象者": null,
        "備考": ""
      }
    },
    {
      "type": "Feature",
      "geometry": {
        "type": "Point",
        "coordinates": [
          134.006729,
          34.835925
        ]
      },
      "properties": {
        "NO": "1025",
        "共通ID": "E3321300093111",
        "施設・場所名": "小原多目的研修集会所",
        "住所": "岡山県赤磐市小原519",
        "指定緊急避難場所との住所同一": "1",
        "その他市町村長が必要と認める事項": null,
        "受入対象者": null,
        "備考": ""
      }
    },
    {
      "type": "Feature",
      "geometry": {
        "type": "Point",
        "coordinates": [
          133.999503,
          34.836763
        ]
      },
      "properties": {
        "NO": "1026",
        "共通ID": "E3321300094111",
        "施設・場所名": "奥小原公会堂",
        "住所": "岡山県赤磐市小原893-2",
        "指定緊急避難場所との住所同一": "1",
        "その他市町村長が必要と認める事項": null,
        "受入対象者": null,
        "備考": ""
      }
    },
    {
      "type": "Feature",
      "geometry": {
        "type": "Point",
        "coordinates": [
          134.09503,
          34.785119
        ]
      },
      "properties": {
        "NO": "1027",
        "共通ID": "E3321300095111",
        "施設・場所名": "小瀬木転作研修・加工施設",
        "住所": "岡山県赤磐市小瀬木238-7",
        "指定緊急避難場所との住所同一": "1",
        "その他市町村長が必要と認める事項": null,
        "受入対象者": null,
        "備考": ""
      }
    },
    {
      "type": "Feature",
      "geometry": {
        "type": "Point",
        "coordinates": [
          134.092911,
          34.793905
        ]
      },
      "properties": {
        "NO": "1028",
        "共通ID": "E3321300096111",
        "施設・場所名": "松木公民館",
        "住所": "岡山県赤磐市松木353",
        "指定緊急避難場所との住所同一": "1",
        "その他市町村長が必要と認める事項": "",
        "受入対象者": "",
        "備考": ""
      }
    },
    {
      "type": "Feature",
      "geometry": {
        "type": "Point",
        "coordinates": [
          134.098619,
          34.789133
        ]
      },
      "properties": {
        "NO": "1029",
        "共通ID": "E3321300097111",
        "施設・場所名": "栄町公民館",
        "住所": "岡山県赤磐市松木520-3",
        "指定緊急避難場所との住所同一": "1",
        "その他市町村長が必要と認める事項": null,
        "受入対象者": null,
        "備考": ""
      }
    },
    {
      "type": "Feature",
      "geometry": {
        "type": "Point",
        "coordinates": [
          134.099306,
          34.789493
        ]
      },
      "properties": {
        "NO": "1030",
        "共通ID": "E3321300098111",
        "施設・場所名": "豊田小学校",
        "住所": "岡山県赤磐市松木569",
        "指定緊急避難場所との住所同一": "1",
        "その他市町村長が必要と認める事項": null,
        "受入対象者": null,
        "備考": ""
      }
    },
    {
      "type": "Feature",
      "geometry": {
        "type": "Point",
        "coordinates": [
          134.097452,
          34.790712
        ]
      },
      "properties": {
        "NO": "1031",
        "共通ID": "E3321300099111",
        "施設・場所名": "くまやまふれあいセンター",
        "住所": "岡山県赤磐市松木621-1",
        "指定緊急避難場所との住所同一": "1",
        "その他市町村長が必要と認める事項": null,
        "受入対象者": null,
        "備考": ""
      }
    },
    {
      "type": "Feature",
      "geometry": {
        "type": "Point",
        "coordinates": [
          134.097452,
          34.790712
        ]
      },
      "properties": {
        "NO": "1032",
        "共通ID": "E3321300099121",
        "施設・場所名": "くまやまふれあいセンター",
        "住所": "岡山県赤磐市松木621-1",
        "指定緊急避難場所との住所同一": "1",
        "その他市町村長が必要と認める事項": null,
        "受入対象者": null,
        "備考": ""
      }
    },
    {
      "type": "Feature",
      "geometry": {
        "type": "Point",
        "coordinates": [
          134.096951,
          34.790347
        ]
      },
      "properties": {
        "NO": "1033",
        "共通ID": "E3321300100111",
        "施設・場所名": "熊山公民館",
        "住所": "岡山県赤磐市松木623",
        "指定緊急避難場所との住所同一": "1",
        "その他市町村長が必要と認める事項": null,
        "受入対象者": null,
        "備考": ""
      }
    },
    {
      "type": "Feature",
      "geometry": {
        "type": "Point",
        "coordinates": [
          134.096154,
          34.79073
        ]
      },
      "properties": {
        "NO": "1034",
        "共通ID": "E3321300101111",
        "施設・場所名": "国民健康保険熊山保健福祉総合センター",
        "住所": "岡山県赤磐市松木636-1",
        "指定緊急避難場所との住所同一": "1",
        "その他市町村長が必要と認める事項": null,
        "受入対象者": null,
        "備考": ""
      }
    },
    {
      "type": "Feature",
      "geometry": {
        "type": "Point",
        "coordinates": [
          134.096154,
          34.79073
        ]
      },
      "properties": {
        "NO": "1035",
        "共通ID": "E3321300101121",
        "施設・場所名": "国民健康保険熊山保健福祉総合センター",
        "住所": "岡山県赤磐市松木636-1",
        "指定緊急避難場所との住所同一": "1",
        "その他市町村長が必要と認める事項": null,
        "受入対象者": null,
        "備考": ""
      }
    },
    {
      "type": "Feature",
      "geometry": {
        "type": "Point",
        "coordinates": [
          134.024639,
          34.756539
        ]
      },
      "properties": {
        "NO": "1036",
        "共通ID": "E3321300102111",
        "施設・場所名": "沼田コミュニティハウス",
        "住所": "岡山県赤磐市沼田890-8",
        "指定緊急避難場所との住所同一": "1",
        "その他市町村長が必要と認める事項": null,
        "受入対象者": null,
        "備考": ""
      }
    },
    {
      "type": "Feature",
      "geometry": {
        "type": "Point",
        "coordinates": [
          134.018788,
          34.75635
        ]
      },
      "properties": {
        "NO": "1037",
        "共通ID": "E3321300103111",
        "施設・場所名": "山陽小学校",
        "住所": "岡山県赤磐市上市123",
        "指定緊急避難場所との住所同一": "1",
        "その他市町村長が必要と認める事項": null,
        "受入対象者": null,
        "備考": ""
      }
    },
    {
      "type": "Feature",
      "geometry": {
        "type": "Point",
        "coordinates": [
          134.016246,
          34.759526
        ]
      },
      "properties": {
        "NO": "1038",
        "共通ID": "E3321300104111",
        "施設・場所名": "上市コミュニティハウス",
        "住所": "岡山県赤磐市上市296",
        "指定緊急避難場所との住所同一": "1",
        "その他市町村長が必要と認める事項": null,
        "受入対象者": null,
        "備考": ""
      }
    },
    {
      "type": "Feature",
      "geometry": {
        "type": "Point",
        "coordinates": [
          134.019592,
          34.757584
        ]
      },
      "properties": {
        "NO": "1039",
        "共通ID": "E3321300105111",
        "施設・場所名": "高陽中学校",
        "住所": "岡山県赤磐市上市51",
        "指定緊急避難場所との住所同一": "1",
        "その他市町村長が必要と認める事項": null,
        "受入対象者": null,
        "備考": ""
      }
    },
    {
      "type": "Feature",
      "geometry": {
        "type": "Point",
        "coordinates": [
          133.992929,
          34.773308
        ]
      },
      "properties": {
        "NO": "1040",
        "共通ID": "E3321300106111",
        "施設・場所名": "上仁保コミュニティハウス",
        "住所": "岡山県赤磐市上仁保304-1",
        "指定緊急避難場所との住所同一": "1",
        "その他市町村長が必要と認める事項": null,
        "受入対象者": null,
        "備考": ""
      }
    },
    {
      "type": "Feature",
      "geometry": {
        "type": "Point",
        "coordinates": [
          134.021613,
          34.78419
        ]
      },
      "properties": {
        "NO": "1041",
        "共通ID": "E3321300107111",
        "施設・場所名": "神田多目的集会所",
        "住所": "岡山県赤磐市神田722",
        "指定緊急避難場所との住所同一": "1",
        "その他市町村長が必要と認める事項": null,
        "受入対象者": null,
        "備考": ""
      }
    },
    {
      "type": "Feature",
      "geometry": {
        "type": "Point",
        "coordinates": [
          133.998234,
          34.868237
        ]
      },
      "properties": {
        "NO": "1042",
        "共通ID": "E3321300108111",
        "施設・場所名": "仁堀西コミュニティハウス",
        "住所": "岡山県赤磐市仁堀西569-1",
        "指定緊急避難場所との住所同一": "1",
        "その他市町村長が必要と認める事項": null,
        "受入対象者": null,
        "備考": ""
      }
    },
    {
      "type": "Feature",
      "geometry": {
        "type": "Point",
        "coordinates": [
          134.011792,
          34.872199
        ]
      },
      "properties": {
        "NO": "1043",
        "共通ID": "E3321300109111",
        "施設・場所名": "仁堀中コミュニティハウス",
        "住所": "岡山県赤磐市仁堀中1681-3",
        "指定緊急避難場所との住所同一": "1",
        "その他市町村長が必要と認める事項": null,
        "受入対象者": null,
        "備考": ""
      }
    },
    {
      "type": "Feature",
      "geometry": {
        "type": "Point",
        "coordinates": [
          134.012026,
          34.872806
        ]
      },
      "properties": {
        "NO": "1044",
        "共通ID": "E3321300110111",
        "施設・場所名": "仁美農村振興センター",
        "住所": "岡山県赤磐市仁堀中1684-1",
        "指定緊急避難場所との住所同一": "1",
        "その他市町村長が必要と認める事項": null,
        "受入対象者": null,
        "備考": ""
      }
    },
    {
      "type": "Feature",
      "geometry": {
        "type": "Point",
        "coordinates": [
          134.009209,
          34.873308
        ]
      },
      "properties": {
        "NO": "1045",
        "共通ID": "E3321300111111",
        "施設・場所名": "仁美保育園",
        "住所": "岡山県赤磐市仁堀中855",
        "指定緊急避難場所との住所同一": "1",
        "その他市町村長が必要と認める事項": null,
        "受入対象者": null,
        "備考": ""
      }
    },
    {
      "type": "Feature",
      "geometry": {
        "type": "Point",
        "coordinates": [
          134.007859,
          34.87342
        ]
      },
      "properties": {
        "NO": "1046",
        "共通ID": "E3321300112111",
        "施設・場所名": "仁美小学校",
        "住所": "岡山県赤磐市仁堀中888",
        "指定緊急避難場所との住所同一": "1",
        "その他市町村長が必要と認める事項": null,
        "受入対象者": null,
        "備考": ""
      }
    },
    {
      "type": "Feature",
      "geometry": {
        "type": "Point",
        "coordinates": [
          134.019519,
          34.87842
        ]
      },
      "properties": {
        "NO": "1047",
        "共通ID": "E3321300113111",
        "施設・場所名": "仁堀東区民館",
        "住所": "岡山県赤磐市仁堀東507",
        "指定緊急避難場所との住所同一": "1",
        "その他市町村長が必要と認める事項": null,
        "受入対象者": null,
        "備考": ""
      }
    },
    {
      "type": "Feature",
      "geometry": {
        "type": "Point",
        "coordinates": [
          134.048148,
          34.928768
        ]
      },
      "properties": {
        "NO": "1048",
        "共通ID": "E3321300114111",
        "施設・場所名": "是里多目的集会所",
        "住所": "岡山県赤磐市是里3121-1",
        "指定緊急避難場所との住所同一": "1",
        "その他市町村長が必要と認める事項": null,
        "受入対象者": null,
        "備考": ""
      }
    },
    {
      "type": "Feature",
      "geometry": {
        "type": "Point",
        "coordinates": [
          134.040514,
          34.92996
        ]
      },
      "properties": {
        "NO": "1049",
        "共通ID": "E3321300115111",
        "施設・場所名": "是里西作業所",
        "住所": "岡山県赤磐市是里3874-3",
        "指定緊急避難場所との住所同一": "1",
        "その他市町村長が必要と認める事項": null,
        "受入対象者": null,
        "備考": ""
      }
    },
    {
      "type": "Feature",
      "geometry": {
        "type": "Point",
        "coordinates": [
          134.060486,
          34.929744
        ]
      },
      "properties": {
        "NO": "1050",
        "共通ID": "E3321300116111",
        "施設・場所名": "物理集会所",
        "住所": "岡山県赤磐市是里629-1",
        "指定緊急避難場所との住所同一": "1",
        "その他市町村長が必要と認める事項": null,
        "受入対象者": null,
        "備考": ""
      }
    },
    {
      "type": "Feature",
      "geometry": {
        "type": "Point",
        "coordinates": [
          134.097937,
          34.770092
        ]
      },
      "properties": {
        "NO": "1051",
        "共通ID": "E3321300117111",
        "施設・場所名": "勢力生活改善センター",
        "住所": "岡山県赤磐市勢力309-1",
        "指定緊急避難場所との住所同一": "1",
        "その他市町村長が必要と認める事項": "",
        "受入対象者": "",
        "備考": ""
      }
    },
    {
      "type": "Feature",
      "geometry": {
        "type": "Point",
        "coordinates": [
          134.108008,
          34.777761
        ]
      },
      "properties": {
        "NO": "1052",
        "共通ID": "E3321300118111",
        "施設・場所名": "岡山白陵中学校・高等学校",
        "住所": "岡山県赤磐市勢力588",
        "指定緊急避難場所との住所同一": "1",
        "その他市町村長が必要と認める事項": null,
        "受入対象者": null,
        "備考": ""
      }
    },
    {
      "type": "Feature",
      "geometry": {
        "type": "Point",
        "coordinates": [
          134.018878,
          34.766595
        ]
      },
      "properties": {
        "NO": "1053",
        "共通ID": "E3321300119121",
        "施設・場所名": "山陽ふれあい公園",
        "住所": "岡山県赤磐市正崎1368",
        "指定緊急避難場所との住所同一": "1",
        "その他市町村長が必要と認める事項": null,
        "受入対象者": null,
        "備考": ""
      }
    },
    {
      "type": "Feature",
      "geometry": {
        "type": "Point",
        "coordinates": [
          134.018878,
          34.766595
        ]
      },
      "properties": {
        "NO": "1054",
        "共通ID": "E3321300119111",
        "施設・場所名": "山陽ふれあい公園",
        "住所": "岡山県赤磐市正崎1368",
        "指定緊急避難場所との住所同一": "1",
        "その他市町村長が必要と認める事項": null,
        "受入対象者": null,
        "備考": ""
      }
    },
    {
      "type": "Feature",
      "geometry": {
        "type": "Point",
        "coordinates": [
          134.015658,
          34.765256
        ]
      },
      "properties": {
        "NO": "1055",
        "共通ID": "E3321300120111",
        "施設・場所名": "正崎コミュニティハウス",
        "住所": "岡山県赤磐市正崎692-2",
        "指定緊急避難場所との住所同一": "1",
        "その他市町村長が必要と認める事項": null,
        "受入対象者": null,
        "備考": ""
      }
    },
    {
      "type": "Feature",
      "geometry": {
        "type": "Point",
        "coordinates": [
          134.005462,
          34.783283
        ]
      },
      "properties": {
        "NO": "1056",
        "共通ID": "E3321300121111",
        "施設・場所名": "西窪田多目的研修集会所",
        "住所": "岡山県赤磐市西窪田433-4",
        "指定緊急避難場所との住所同一": "1",
        "その他市町村長が必要と認める事項": null,
        "受入対象者": null,
        "備考": ""
      }
    },
    {
      "type": "Feature",
      "geometry": {
        "type": "Point",
        "coordinates": [
          134.014512,
          34.80707
        ]
      },
      "properties": {
        "NO": "1057",
        "共通ID": "E3321300122111",
        "施設・場所名": "西軽部公民館",
        "住所": "岡山県赤磐市西軽部1230-3",
        "指定緊急避難場所との住所同一": "1",
        "その他市町村長が必要と認める事項": null,
        "受入対象者": null,
        "備考": ""
      }
    },
    {
      "type": "Feature",
      "geometry": {
        "type": "Point",
        "coordinates": [
          133.984526,
          34.883148
        ]
      },
      "properties": {
        "NO": "1058",
        "共通ID": "E3321300123111",
        "施設・場所名": "西勢実集会所",
        "住所": "岡山県赤磐市西勢実622-2",
        "指定緊急避難場所との住所同一": "1",
        "その他市町村長が必要と認める事項": null,
        "受入対象者": null,
        "備考": ""
      }
    },
    {
      "type": "Feature",
      "geometry": {
        "type": "Point",
        "coordinates": [
          134.004843,
          34.767238
        ]
      },
      "properties": {
        "NO": "1059",
        "共通ID": "E3321300124111",
        "施設・場所名": "西中コミュニティハウス",
        "住所": "岡山県赤磐市西中1173-4",
        "指定緊急避難場所との住所同一": "1",
        "その他市町村長が必要と認める事項": null,
        "受入対象者": null,
        "備考": ""
      }
    },
    {
      "type": "Feature",
      "geometry": {
        "type": "Point",
        "coordinates": [
          134.003355,
          34.770684
        ]
      },
      "properties": {
        "NO": "1060",
        "共通ID": "E3321300126111",
        "施設・場所名": "西山公民館",
        "住所": "岡山県赤磐市西中220-1",
        "指定緊急避難場所との住所同一": "1",
        "その他市町村長が必要と認める事項": null,
        "受入対象者": null,
        "備考": ""
      }
    },
    {
      "type": "Feature",
      "geometry": {
        "type": "Point",
        "coordinates": [
          134.003355,
          34.770684
        ]
      },
      "properties": {
        "NO": "1061",
        "共通ID": "E3321300126121",
        "施設・場所名": "西山公民館",
        "住所": "岡山県赤磐市西中220-1",
        "指定緊急避難場所との住所同一": "1",
        "その他市町村長が必要と認める事項": null,
        "受入対象者": null,
        "備考": ""
      }
    },
    {
      "type": "Feature",
      "geometry": {
        "type": "Point",
        "coordinates": [
          134.05583,
          34.877288
        ]
      },
      "properties": {
        "NO": "1062",
        "共通ID": "E3321300127111",
        "施設・場所名": "仁軒屋コミュニティハウス",
        "住所": "岡山県赤磐市石1307-4",
        "指定緊急避難場所との住所同一": "1",
        "その他市町村長が必要と認める事項": null,
        "受入対象者": null,
        "備考": ""
      }
    },
    {
      "type": "Feature",
      "geometry": {
        "type": "Point",
        "coordinates": [
          134.045479,
          34.871537
        ]
      },
      "properties": {
        "NO": "1063",
        "共通ID": "E3321300128111",
        "施設・場所名": "石構造改善センター",
        "住所": "岡山県赤磐市石780-1",
        "指定緊急避難場所との住所同一": "1",
        "その他市町村長が必要と認める事項": null,
        "受入対象者": null,
        "備考": ""
      }
    },
    {
      "type": "Feature",
      "geometry": {
        "type": "Point",
        "coordinates": [
          133.975564,
          34.852902
        ]
      },
      "properties": {
        "NO": "1064",
        "共通ID": "E3321300129111",
        "施設・場所名": "石上集会所",
        "住所": "岡山県赤磐市石上1737-2",
        "指定緊急避難場所との住所同一": "1",
        "その他市町村長が必要と認める事項": null,
        "受入対象者": null,
        "備考": ""
      }
    },
    {
      "type": "Feature",
      "geometry": {
        "type": "Point",
        "coordinates": [
          134.051208,
          34.806741
        ]
      },
      "properties": {
        "NO": "1065",
        "共通ID": "E3321300130111",
        "施設・場所名": "石蓮寺多目的共同利用施設",
        "住所": "岡山県赤磐市石蓮寺675-5",
        "指定緊急避難場所との住所同一": "1",
        "その他市町村長が必要と認める事項": null,
        "受入対象者": null,
        "備考": ""
      }
    },
    {
      "type": "Feature",
      "geometry": {
        "type": "Point",
        "coordinates": [
          134.110564,
          34.781958
        ]
      },
      "properties": {
        "NO": "1066",
        "共通ID": "E3321300131111",
        "施設・場所名": "千躰生活改善センター",
        "住所": "岡山県赤磐市千躰545",
        "指定緊急避難場所との住所同一": "1",
        "その他市町村長が必要と認める事項": "",
        "受入対象者": "",
        "備考": ""
      }
    },
    {
      "type": "Feature",
      "geometry": {
        "type": "Point",
        "coordinates": [
          134.017835,
          34.840218
        ]
      },
      "properties": {
        "NO": "1067",
        "共通ID": "E3321300132111",
        "施設・場所名": "下分公会堂",
        "住所": "岡山県赤磐市惣分249-4",
        "指定緊急避難場所との住所同一": "1",
        "その他市町村長が必要と認める事項": null,
        "受入対象者": null,
        "備考": ""
      }
    },
    {
      "type": "Feature",
      "geometry": {
        "type": "Point",
        "coordinates": [
          134.012381,
          34.837183
        ]
      },
      "properties": {
        "NO": "1068",
        "共通ID": "E3321300133111",
        "施設・場所名": "笹岡小学校",
        "住所": "岡山県赤磐市惣分7",
        "指定緊急避難場所との住所同一": "1",
        "その他市町村長が必要と認める事項": null,
        "受入対象者": null,
        "備考": ""
      }
    },
    {
      "type": "Feature",
      "geometry": {
        "type": "Point",
        "coordinates": [
          134.021188,
          34.850079
        ]
      },
      "properties": {
        "NO": "1069",
        "共通ID": "E3321300134111",
        "施設・場所名": "惣分公会堂",
        "住所": "岡山県赤磐市惣分741-1",
        "指定緊急避難場所との住所同一": "1",
        "その他市町村長が必要と認める事項": null,
        "受入対象者": null,
        "備考": ""
      }
    },
    {
      "type": "Feature",
      "geometry": {
        "type": "Point",
        "coordinates": [
          134.086303,
          34.928043
        ]
      },
      "properties": {
        "NO": "1070",
        "共通ID": "E3321300135111",
        "施設・場所名": "赤磐市吉井Ｂ＆Ｇ海洋センター",
        "住所": "岡山県赤磐市草生1",
        "指定緊急避難場所との住所同一": "1",
        "その他市町村長が必要と認める事項": null,
        "受入対象者": null,
        "備考": ""
      }
    },
    {
      "type": "Feature",
      "geometry": {
        "type": "Point",
        "coordinates": [
          134.087283,
          34.934805
        ]
      },
      "properties": {
        "NO": "1071",
        "共通ID": "E3321300136111",
        "施設・場所名": "草生コミュニティハウス",
        "住所": "岡山県赤磐市草生387",
        "指定緊急避難場所との住所同一": "1",
        "その他市町村長が必要と認める事項": null,
        "受入対象者": null,
        "備考": ""
      }
    },
    {
      "type": "Feature",
      "geometry": {
        "type": "Point",
        "coordinates": [
          134.008826,
          34.822709
        ]
      },
      "properties": {
        "NO": "1072",
        "共通ID": "E3321300137111",
        "施設・場所名": "多賀公民館",
        "住所": "岡山県赤磐市多賀1220-3",
        "指定緊急避難場所との住所同一": "1",
        "その他市町村長が必要と認める事項": null,
        "受入対象者": null,
        "備考": ""
      }
    },
    {
      "type": "Feature",
      "geometry": {
        "type": "Point",
        "coordinates": [
          134.014303,
          34.829809
        ]
      },
      "properties": {
        "NO": "1073",
        "共通ID": "E3321300138111",
        "施設・場所名": "出屋公民館",
        "住所": "岡山県赤磐市多賀805-3",
        "指定緊急避難場所との住所同一": "1",
        "その他市町村長が必要と認める事項": null,
        "受入対象者": null,
        "備考": ""
      }
    },
    {
      "type": "Feature",
      "geometry": {
        "type": "Point",
        "coordinates": [
          134.033713,
          34.829738
        ]
      },
      "properties": {
        "NO": "1074",
        "共通ID": "E3321300139111",
        "施設・場所名": "大屋公会堂",
        "住所": "岡山県赤磐市大屋148-2",
        "指定緊急避難場所との住所同一": "1",
        "その他市町村長が必要と認める事項": "",
        "受入対象者": "",
        "備考": ""
      }
    },
    {
      "type": "Feature",
      "geometry": {
        "type": "Point",
        "coordinates": [
          134.033877,
          34.832549
        ]
      },
      "properties": {
        "NO": "1075",
        "共通ID": "E3321300140111",
        "施設・場所名": "大屋集会所",
        "住所": "岡山県赤磐市大屋717-3",
        "指定緊急避難場所との住所同一": "1",
        "その他市町村長が必要と認める事項": null,
        "受入対象者": null,
        "備考": ""
      }
    },
    {
      "type": "Feature",
      "geometry": {
        "type": "Point",
        "coordinates": [
          134.033713,
          34.829738
        ]
      },
      "properties": {
        "NO": "1076",
        "共通ID": "E3321300141111",
        "施設・場所名": "大屋下公会堂",
        "住所": "岡山県赤磐市大屋887",
        "指定緊急避難場所との住所同一": "1",
        "その他市町村長が必要と認める事項": null,
        "受入対象者": null,
        "備考": ""
      }
    },
    {
      "type": "Feature",
      "geometry": {
        "type": "Point",
        "coordinates": [
          134.016993,
          34.790727
        ]
      },
      "properties": {
        "NO": "1077",
        "共通ID": "E3321300142111",
        "施設・場所名": "大苅田コミュニティハウス",
        "住所": "岡山県赤磐市大苅田71-2",
        "指定緊急避難場所との住所同一": "1",
        "その他市町村長が必要と認める事項": null,
        "受入対象者": null,
        "備考": ""
      }
    },
    {
      "type": "Feature",
      "geometry": {
        "type": "Point",
        "coordinates": [
          134.043893,
          34.917934
        ]
      },
      "properties": {
        "NO": "1078",
        "共通ID": "E3321300143111",
        "施設・場所名": "滝山公会堂",
        "住所": "岡山県赤磐市滝山1048-1",
        "指定緊急避難場所との住所同一": "1",
        "その他市町村長が必要と認める事項": null,
        "受入対象者": null,
        "備考": ""
      }
    },
    {
      "type": "Feature",
      "geometry": {
        "type": "Point",
        "coordinates": [
          134.058389,
          34.913924
        ]
      },
      "properties": {
        "NO": "1079",
        "共通ID": "E3321300144111",
        "施設・場所名": "戸屋多目的集会施設",
        "住所": "岡山県赤磐市滝山127",
        "指定緊急避難場所との住所同一": "1",
        "その他市町村長が必要と認める事項": null,
        "受入対象者": null,
        "備考": ""
      }
    },
    {
      "type": "Feature",
      "geometry": {
        "type": "Point",
        "coordinates": [
          134.085843,
          34.796744
        ]
      },
      "properties": {
        "NO": "1080",
        "共通ID": "E3321300145111",
        "施設・場所名": "沢原公会堂",
        "住所": "岡山県赤磐市沢原1115-2",
        "指定緊急避難場所との住所同一": "1",
        "その他市町村長が必要と認める事項": null,
        "受入対象者": null,
        "備考": ""
      }
    },
    {
      "type": "Feature",
      "geometry": {
        "type": "Point",
        "coordinates": [
          134.079041,
          34.800584
        ]
      },
      "properties": {
        "NO": "1081",
        "共通ID": "E3321300147111",
        "施設・場所名": "磐梨中学校",
        "住所": "岡山県赤磐市沢原149",
        "指定緊急避難場所との住所同一": "1",
        "その他市町村長が必要と認める事項": null,
        "受入対象者": null,
        "備考": ""
      }
    },
    {
      "type": "Feature",
      "geometry": {
        "type": "Point",
        "coordinates": [
          134.079852,
          34.801351
        ]
      },
      "properties": {
        "NO": "1082",
        "共通ID": "E3321300148111",
        "施設・場所名": "熊山武道館",
        "住所": "岡山県赤磐市沢原356-1",
        "指定緊急避難場所との住所同一": "1",
        "その他市町村長が必要と認める事項": null,
        "受入対象者": null,
        "備考": ""
      }
    },
    {
      "type": "Feature",
      "geometry": {
        "type": "Point",
        "coordinates": [
          134.079651,
          34.80206
        ]
      },
      "properties": {
        "NO": "1083",
        "共通ID": "E3321300149111",
        "施設・場所名": "いわなし幼稚園",
        "住所": "岡山県赤磐市沢原357",
        "指定緊急避難場所との住所同一": "1",
        "その他市町村長が必要と認める事項": null,
        "受入対象者": null,
        "備考": ""
      }
    },
    {
      "type": "Feature",
      "geometry": {
        "type": "Point",
        "coordinates": [
          134.081789,
          34.799593
        ]
      },
      "properties": {
        "NO": "1084",
        "共通ID": "E3321300151111",
        "施設・場所名": "磐梨小学校",
        "住所": "岡山県赤磐市沢原55-1",
        "指定緊急避難場所との住所同一": "1",
        "その他市町村長が必要と認める事項": null,
        "受入対象者": null,
        "備考": ""
      }
    },
    {
      "type": "Feature",
      "geometry": {
        "type": "Point",
        "coordinates": [
          134.062209,
          34.898432
        ]
      },
      "properties": {
        "NO": "1085",
        "共通ID": "E3321300153111",
        "施設・場所名": "中山公会堂",
        "住所": "岡山県赤磐市中山204-2",
        "指定緊急避難場所との住所同一": "1",
        "その他市町村長が必要と認める事項": null,
        "受入対象者": null,
        "備考": ""
      }
    },
    {
      "type": "Feature",
      "geometry": {
        "type": "Point",
        "coordinates": [
          134.002261,
          34.89376
        ]
      },
      "properties": {
        "NO": "1086",
        "共通ID": "E3321300154111",
        "施設・場所名": "竜天天文台",
        "住所": "岡山県赤磐市中勢実2978-3",
        "指定緊急避難場所との住所同一": "1",
        "その他市町村長が必要と認める事項": null,
        "受入対象者": null,
        "備考": ""
      }
    },
    {
      "type": "Feature",
      "geometry": {
        "type": "Point",
        "coordinates": [
          134.012002,
          34.893444
        ]
      },
      "properties": {
        "NO": "1087",
        "共通ID": "E3321300155111",
        "施設・場所名": "中勢実公会堂",
        "住所": "岡山県赤磐市中勢実680-2",
        "指定緊急避難場所との住所同一": "1",
        "その他市町村長が必要と認める事項": null,
        "受入対象者": null,
        "備考": ""
      }
    },
    {
      "type": "Feature",
      "geometry": {
        "type": "Point",
        "coordinates": [
          134.036953,
          34.762892
        ]
      },
      "properties": {
        "NO": "1088",
        "共通ID": "E3321300156111",
        "施設・場所名": "中島多目的集会所",
        "住所": "岡山県赤磐市中島193-2",
        "指定緊急避難場所との住所同一": "1",
        "その他市町村長が必要と認める事項": null,
        "受入対象者": null,
        "備考": ""
      }
    },
    {
      "type": "Feature",
      "geometry": {
        "type": "Point",
        "coordinates": [
          133.993073,
          34.855016
        ]
      },
      "properties": {
        "NO": "1089",
        "共通ID": "E3321300157111",
        "施設・場所名": "中畑集落センター",
        "住所": "岡山県赤磐市中畑1882-2",
        "指定緊急避難場所との住所同一": "1",
        "その他市町村長が必要と認める事項": null,
        "受入対象者": null,
        "備考": ""
      }
    },
    {
      "type": "Feature",
      "geometry": {
        "type": "Point",
        "coordinates": [
          134.009227,
          34.80013
        ]
      },
      "properties": {
        "NO": "1090",
        "共通ID": "E3321300158111",
        "施設・場所名": "赤坂中学校",
        "住所": "岡山県赤磐市町苅田425-1",
        "指定緊急避難場所との住所同一": "1",
        "その他市町村長が必要と認める事項": null,
        "受入対象者": null,
        "備考": ""
      }
    },
    {
      "type": "Feature",
      "geometry": {
        "type": "Point",
        "coordinates": [
          134.009731,
          34.799064
        ]
      },
      "properties": {
        "NO": "1091",
        "共通ID": "E3321300159111",
        "施設・場所名": "赤坂体育センター",
        "住所": "岡山県赤磐市町苅田492",
        "指定緊急避難場所との住所同一": "1",
        "その他市町村長が必要と認める事項": null,
        "受入対象者": null,
        "備考": ""
      }
    },
    {
      "type": "Feature",
      "geometry": {
        "type": "Point",
        "coordinates": [
          134.00899,
          34.798654
        ]
      },
      "properties": {
        "NO": "1092",
        "共通ID": "E3321300160121",
        "施設・場所名": "赤坂公民館",
        "住所": "岡山県赤磐市町苅田507",
        "指定緊急避難場所との住所同一": "1",
        "その他市町村長が必要と認める事項": null,
        "受入対象者": null,
        "備考": ""
      }
    },
    {
      "type": "Feature",
      "geometry": {
        "type": "Point",
        "coordinates": [
          134.00899,
          34.798654
        ]
      },
      "properties": {
        "NO": "1093",
        "共通ID": "E3321300160111",
        "施設・場所名": "赤坂公民館",
        "住所": "岡山県赤磐市町苅田507",
        "指定緊急避難場所との住所同一": "1",
        "その他市町村長が必要と認める事項": null,
        "受入対象者": null,
        "備考": ""
      }
    },
    {
      "type": "Feature",
      "geometry": {
        "type": "Point",
        "coordinates": [
          134.008721,
          34.798414
        ]
      },
      "properties": {
        "NO": "1094",
        "共通ID": "E3321300161111",
        "施設・場所名": "赤坂健康管理センター",
        "住所": "岡山県赤磐市町苅田514",
        "指定緊急避難場所との住所同一": "1",
        "その他市町村長が必要と認める事項": null,
        "受入対象者": null,
        "備考": ""
      }
    },
    {
      "type": "Feature",
      "geometry": {
        "type": "Point",
        "coordinates": [
          134.002965,
          34.789471
        ]
      },
      "properties": {
        "NO": "1095",
        "共通ID": "E3321300162111",
        "施設・場所名": "石相小学校",
        "住所": "岡山県赤磐市町苅田64",
        "指定緊急避難場所との住所同一": "1",
        "その他市町村長が必要と認める事項": null,
        "受入対象者": null,
        "備考": ""
      }
    },
    {
      "type": "Feature",
      "geometry": {
        "type": "Point",
        "coordinates": [
          134.009024,
          34.792938
        ]
      },
      "properties": {
        "NO": "1096",
        "共通ID": "E3321300163111",
        "施設・場所名": "町苅田コミュニティハウス",
        "住所": "岡山県赤磐市町苅田733",
        "指定緊急避難場所との住所同一": "1",
        "その他市町村長が必要と認める事項": null,
        "受入対象者": null,
        "備考": ""
      }
    },
    {
      "type": "Feature",
      "geometry": {
        "type": "Point",
        "coordinates": [
          134.021424,
          34.737366
        ]
      },
      "properties": {
        "NO": "1097",
        "共通ID": "E3321300164111",
        "施設・場所名": "長尾コミュニティハウス",
        "住所": "岡山県赤磐市長尾449",
        "指定緊急避難場所との住所同一": "1",
        "その他市町村長が必要と認める事項": null,
        "受入対象者": null,
        "備考": ""
      }
    },
    {
      "type": "Feature",
      "geometry": {
        "type": "Point",
        "coordinates": [
          134.017481,
          34.77717
        ]
      },
      "properties": {
        "NO": "1098",
        "共通ID": "E3321300165111",
        "施設・場所名": "津崎コミュニティハウス",
        "住所": "岡山県赤磐市津崎615-4",
        "指定緊急避難場所との住所同一": "1",
        "その他市町村長が必要と認める事項": null,
        "受入対象者": null,
        "備考": ""
      }
    },
    {
      "type": "Feature",
      "geometry": {
        "type": "Point",
        "coordinates": [
          134.102237,
          34.780605
        ]
      },
      "properties": {
        "NO": "1099",
        "共通ID": "E3321300166111",
        "施設・場所名": "釣井公民館",
        "住所": "岡山県赤磐市釣井285-1",
        "指定緊急避難場所との住所同一": "1",
        "その他市町村長が必要と認める事項": null,
        "受入対象者": null,
        "備考": ""
      }
    },
    {
      "type": "Feature",
      "geometry": {
        "type": "Point",
        "coordinates": [
          134.085142,
          34.811623
        ]
      },
      "properties": {
        "NO": "1100",
        "共通ID": "E3321300167111",
        "施設・場所名": "グリーンタウン殿谷集会所",
        "住所": "岡山県赤磐市殿谷1139-230",
        "指定緊急避難場所との住所同一": "1",
        "その他市町村長が必要と認める事項": null,
        "受入対象者": null,
        "備考": ""
      }
    },
    {
      "type": "Feature",
      "geometry": {
        "type": "Point",
        "coordinates": [
          134.075251,
          34.811759
        ]
      },
      "properties": {
        "NO": "1101",
        "共通ID": "E3321300168111",
        "施設・場所名": "熊山英国庭園",
        "住所": "岡山県赤磐市殿谷170-11",
        "指定緊急避難場所との住所同一": "1",
        "その他市町村長が必要と認める事項": null,
        "受入対象者": null,
        "備考": ""
      }
    },
    {
      "type": "Feature",
      "geometry": {
        "type": "Point",
        "coordinates": [
          134.076352,
          34.809481
        ]
      },
      "properties": {
        "NO": "1102",
        "共通ID": "E3321300169111",
        "施設・場所名": "殿谷集会所",
        "住所": "岡山県赤磐市殿谷436-1",
        "指定緊急避難場所との住所同一": "1",
        "その他市町村長が必要と認める事項": null,
        "受入対象者": null,
        "備考": ""
      }
    },
    {
      "type": "Feature",
      "geometry": {
        "type": "Point",
        "coordinates": [
          133.993449,
          34.787485
        ]
      },
      "properties": {
        "NO": "1103",
        "共通ID": "E3321300170111",
        "施設・場所名": "斗有コミュニティハウス",
        "住所": "岡山県赤磐市斗有804-2",
        "指定緊急避難場所との住所同一": "1",
        "その他市町村長が必要と認める事項": null,
        "受入対象者": null,
        "備考": ""
      }
    },
    {
      "type": "Feature",
      "geometry": {
        "type": "Point",
        "coordinates": [
          134.009845,
          34.783961
        ]
      },
      "properties": {
        "NO": "1104",
        "共通ID": "E3321300171111",
        "施設・場所名": "東窪田多目的研修集会所",
        "住所": "岡山県赤磐市東窪田105-1",
        "指定緊急避難場所との住所同一": "1",
        "その他市町村長が必要と認める事項": null,
        "受入対象者": null,
        "備考": ""
      }
    },
    {
      "type": "Feature",
      "geometry": {
        "type": "Point",
        "coordinates": [
          134.021114,
          34.803804
        ]
      },
      "properties": {
        "NO": "1105",
        "共通ID": "E3321300172111",
        "施設・場所名": "東軽部公民館",
        "住所": "岡山県赤磐市東軽部135-3",
        "指定緊急避難場所との住所同一": "1",
        "その他市町村長が必要と認める事項": null,
        "受入対象者": null,
        "備考": ""
      }
    },
    {
      "type": "Feature",
      "geometry": {
        "type": "Point",
        "coordinates": [
          134.037518,
          34.814496
        ]
      },
      "properties": {
        "NO": "1106",
        "共通ID": "E3321300174111",
        "施設・場所名": "南佐古田公民館",
        "住所": "岡山県赤磐市南佐古田804-4",
        "指定緊急避難場所との住所同一": "1",
        "その他市町村長が必要と認める事項": null,
        "受入対象者": null,
        "備考": ""
      }
    },
    {
      "type": "Feature",
      "geometry": {
        "type": "Point",
        "coordinates": [
          134.036306,
          34.747739
        ]
      },
      "properties": {
        "NO": "1107",
        "共通ID": "E3321300175111",
        "施設・場所名": "南方コミュニティハウス",
        "住所": "岡山県赤磐市南方526",
        "指定緊急避難場所との住所同一": "1",
        "その他市町村長が必要と認める事項": null,
        "受入対象者": null,
        "備考": ""
      }
    },
    {
      "type": "Feature",
      "geometry": {
        "type": "Point",
        "coordinates": [
          134.028063,
          34.76776
        ]
      },
      "properties": {
        "NO": "1108",
        "共通ID": "E3321300176111",
        "施設・場所名": "二井コミュニティハウス",
        "住所": "岡山県赤磐市二井230-1",
        "指定緊急避難場所との住所同一": "1",
        "その他市町村長が必要と認める事項": null,
        "受入対象者": null,
        "備考": ""
      }
    },
    {
      "type": "Feature",
      "geometry": {
        "type": "Point",
        "coordinates": [
          134.03505,
          34.765581
        ]
      },
      "properties": {
        "NO": "1109",
        "共通ID": "E3321300177111",
        "施設・場所名": "日古木集会所",
        "住所": "岡山県赤磐市日古木736-2",
        "指定緊急避難場所との住所同一": "1",
        "その他市町村長が必要と認める事項": null,
        "受入対象者": null,
        "備考": ""
      }
    },
    {
      "type": "Feature",
      "geometry": {
        "type": "Point",
        "coordinates": [
          133.994385,
          34.733913
        ]
      },
      "properties": {
        "NO": "1110",
        "共通ID": "E3321300178111",
        "施設・場所名": "馬屋多目的集会所",
        "住所": "岡山県赤磐市馬屋745",
        "指定緊急避難場所との住所同一": "1",
        "その他市町村長が必要と認める事項": null,
        "受入対象者": null,
        "備考": ""
      }
    },
    {
      "type": "Feature",
      "geometry": {
        "type": "Point",
        "coordinates": [
          134.054176,
          34.863816
        ]
      },
      "properties": {
        "NO": "1111",
        "共通ID": "E3321300179111",
        "施設・場所名": "八島田コミュニティハウス",
        "住所": "岡山県赤磐市八島田805-1",
        "指定緊急避難場所との住所同一": "1",
        "その他市町村長が必要と認める事項": null,
        "受入対象者": null,
        "備考": ""
      }
    },
    {
      "type": "Feature",
      "geometry": {
        "type": "Point",
        "coordinates": [
          134.019987,
          34.771555
        ]
      },
      "properties": {
        "NO": "1112",
        "共通ID": "E3321300180111",
        "施設・場所名": "尾谷公会堂",
        "住所": "岡山県赤磐市尾谷376-3",
        "指定緊急避難場所との住所同一": "1",
        "その他市町村長が必要と認める事項": null,
        "受入対象者": null,
        "備考": ""
      }
    },
    {
      "type": "Feature",
      "geometry": {
        "type": "Point",
        "coordinates": [
          134.017371,
          34.775711
        ]
      },
      "properties": {
        "NO": "1113",
        "共通ID": "E3321300181111",
        "施設・場所名": "鳥中やまびこ教室",
        "住所": "岡山県赤磐市尾谷882",
        "指定緊急避難場所との住所同一": "1",
        "その他市町村長が必要と認める事項": null,
        "受入対象者": null,
        "備考": ""
      }
    },
    {
      "type": "Feature",
      "geometry": {
        "type": "Point",
        "coordinates": [
          134.05434,
          34.795987
        ]
      },
      "properties": {
        "NO": "1114",
        "共通ID": "E3321300182111",
        "施設・場所名": "稗田公会堂",
        "住所": "岡山県赤磐市稗田283-3",
        "指定緊急避難場所との住所同一": "1",
        "その他市町村長が必要と認める事項": null,
        "受入対象者": null,
        "備考": ""
      }
    },
    {
      "type": "Feature",
      "geometry": {
        "type": "Point",
        "coordinates": [
          134.088015,
          34.90732
        ]
      },
      "properties": {
        "NO": "1115",
        "共通ID": "E3321300183111",
        "施設・場所名": "福田会館",
        "住所": "岡山県赤磐市福田530-1",
        "指定緊急避難場所との住所同一": "1",
        "その他市町村長が必要と認める事項": null,
        "受入対象者": null,
        "備考": ""
      }
    },
    {
      "type": "Feature",
      "geometry": {
        "type": "Point",
        "coordinates": [
          134.032536,
          34.864492
        ]
      },
      "properties": {
        "NO": "1116",
        "共通ID": "E3321300185111",
        "施設・場所名": "平山コミュニティハウス",
        "住所": "岡山県赤磐市平山1689-4",
        "指定緊急避難場所との住所同一": "",
        "その他市町村長が必要と認める事項": null,
        "受入対象者": null,
        "備考": ""
      }
    },
    {
      "type": "Feature",
      "geometry": {
        "type": "Point",
        "coordinates": [
          134.007869,
          34.733115
        ]
      },
      "properties": {
        "NO": "1117",
        "共通ID": "E3321300186111",
        "施設・場所名": "穂崎コミュニティハウス",
        "住所": "岡山県赤磐市穂崎594-1",
        "指定緊急避難場所との住所同一": "1",
        "その他市町村長が必要と認める事項": null,
        "受入対象者": null,
        "備考": ""
      }
    },
    {
      "type": "Feature",
      "geometry": {
        "type": "Point",
        "coordinates": [
          134.005332,
          34.738848
        ]
      },
      "properties": {
        "NO": "1118",
        "共通ID": "E3321300187121",
        "施設・場所名": "高月公民館",
        "住所": "岡山県赤磐市穂崎848-1",
        "指定緊急避難場所との住所同一": "1",
        "その他市町村長が必要と認める事項": null,
        "受入対象者": null,
        "備考": ""
      }
    },
    {
      "type": "Feature",
      "geometry": {
        "type": "Point",
        "coordinates": [
          134.005332,
          34.738848
        ]
      },
      "properties": {
        "NO": "1119",
        "共通ID": "E3321300187111",
        "施設・場所名": "高月公民館",
        "住所": "岡山県赤磐市穂崎848-1",
        "指定緊急避難場所との住所同一": "1",
        "その他市町村長が必要と認める事項": null,
        "受入対象者": null,
        "備考": ""
      }
    },
    {
      "type": "Feature",
      "geometry": {
        "type": "Point",
        "coordinates": [
          134.06729,
          34.868639
        ]
      },
      "properties": {
        "NO": "1120",
        "共通ID": "E3321300188111",
        "施設・場所名": "暮田多目的集会施設",
        "住所": "岡山県赤磐市暮田349-1",
        "指定緊急避難場所との住所同一": "1",
        "その他市町村長が必要と認める事項": null,
        "受入対象者": null,
        "備考": ""
      }
    },
    {
      "type": "Feature",
      "geometry": {
        "type": "Point",
        "coordinates": [
          134.043867,
          34.8197
        ]
      },
      "properties": {
        "NO": "1121",
        "共通ID": "E3321300189111",
        "施設・場所名": "北佐古田公会堂",
        "住所": "岡山県赤磐市北佐古田666",
        "指定緊急避難場所との住所同一": "1",
        "その他市町村長が必要と認める事項": null,
        "受入対象者": null,
        "備考": ""
      }
    },
    {
      "type": "Feature",
      "geometry": {
        "type": "Point",
        "coordinates": [
          134.043162,
          34.792722
        ]
      },
      "properties": {
        "NO": "1122",
        "共通ID": "E3321300190111",
        "施設・場所名": "野間公民館",
        "住所": "岡山県赤磐市野間290",
        "指定緊急避難場所との住所同一": "1",
        "その他市町村長が必要と認める事項": null,
        "受入対象者": null,
        "備考": ""
      }
    },
    {
      "type": "Feature",
      "geometry": {
        "type": "Point",
        "coordinates": [
          134.055026,
          34.780284
        ]
      },
      "properties": {
        "NO": "1123",
        "共通ID": "E3321300191111",
        "施設・場所名": "弥上公民館",
        "住所": "岡山県赤磐市弥上885",
        "指定緊急避難場所との住所同一": "1",
        "その他市町村長が必要と認める事項": null,
        "受入対象者": null,
        "備考": ""
      }
    },
    {
      "type": "Feature",
      "geometry": {
        "type": "Point",
        "coordinates": [
          133.995304,
          34.795466
        ]
      },
      "properties": {
        "NO": "1124",
        "共通ID": "E3321300192111",
        "施設・場所名": "由津里公民館",
        "住所": "岡山県赤磐市由津里2250",
        "指定緊急避難場所との住所同一": "1",
        "その他市町村長が必要と認める事項": null,
        "受入対象者": null,
        "備考": ""
      }
    },
    {
      "type": "Feature",
      "geometry": {
        "type": "Point",
        "coordinates": [
          134.022511,
          34.746288
        ]
      },
      "properties": {
        "NO": "1125",
        "共通ID": "E3321300193111",
        "施設・場所名": "立川コミュニティハウス",
        "住所": "岡山県赤磐市立川616-1",
        "指定緊急避難場所との住所同一": "1",
        "その他市町村長が必要と認める事項": null,
        "受入対象者": null,
        "備考": ""
      }
    },
    {
      "type": "Feature",
      "geometry": {
        "type": "Point",
        "coordinates": [
          134.000862,
          34.73869
        ]
      },
      "properties": {
        "NO": "1126",
        "共通ID": "E3321300194111",
        "施設・場所名": "山陽児童館",
        "住所": "岡山県赤磐市和田12-2",
        "指定緊急避難場所との住所同一": "1",
        "その他市町村長が必要と認める事項": null,
        "受入対象者": null,
        "備考": ""
      }
    },
    {
      "type": "Feature",
      "geometry": {
        "type": "Point",
        "coordinates": [
          133.999891,
          34.742918
        ]
      },
      "properties": {
        "NO": "1127",
        "共通ID": "E3321300195111",
        "施設・場所名": "和田多目的集会所",
        "住所": "岡山県赤磐市和田81-1",
        "指定緊急避難場所との住所同一": "1",
        "その他市町村長が必要と認める事項": null,
        "受入対象者": null,
        "備考": ""
      }
    },
    {
      "type": "Feature",
      "geometry": {
        "type": "Point",
        "coordinates": [
          133.588721,
          34.545229
        ]
      },
      "properties": {
        "NO": "1128",
        "共通ID": "E3321600001111",
        "施設・場所名": "鴨方東幼稚園",
        "住所": "岡山県浅口市鴨方町鴨方141",
        "指定緊急避難場所との住所同一": "1",
        "その他市町村長が必要と認める事項": null,
        "受入対象者": null,
        "備考": ""
      }
    },
    {
      "type": "Feature",
      "geometry": {
        "type": "Point",
        "coordinates": [
          133.582354,
          34.529355
        ]
      },
      "properties": {
        "NO": "1129",
        "共通ID": "E3321600002111",
        "施設・場所名": "天草公園武道館",
        "住所": "岡山県浅口市鴨方町鴨方2244-12",
        "指定緊急避難場所との住所同一": "1",
        "その他市町村長が必要と認める事項": null,
        "受入対象者": null,
        "備考": ""
      }
    },
    {
      "type": "Feature",
      "geometry": {
        "type": "Point",
        "coordinates": [
          133.583652,
          34.531744
        ]
      },
      "properties": {
        "NO": "1130",
        "共通ID": "E3321600003111",
        "施設・場所名": "中央公民館",
        "住所": "岡山県浅口市鴨方町鴨方2244-2",
        "指定緊急避難場所との住所同一": "1",
        "その他市町村長が必要と認める事項": null,
        "受入対象者": null,
        "備考": ""
      }
    },
    {
      "type": "Feature",
      "geometry": {
        "type": "Point",
        "coordinates": [
          133.584116,
          34.53239
        ]
      },
      "properties": {
        "NO": "1131",
        "共通ID": "E3321600004111",
        "施設・場所名": "健康福祉センター",
        "住所": "岡山県浅口市鴨方町鴨方2244-26",
        "指定緊急避難場所との住所同一": "1",
        "その他市町村長が必要と認める事項": null,
        "受入対象者": null,
        "備考": ""
      }
    },
    {
      "type": "Feature",
      "geometry": {
        "type": "Point",
        "coordinates": [
          133.582933,
          34.529675
        ]
      },
      "properties": {
        "NO": "1132",
        "共通ID": "E3321600005111",
        "施設・場所名": "天草公園体育館",
        "住所": "岡山県浅口市鴨方町鴨方2244-6",
        "指定緊急避難場所との住所同一": "1",
        "その他市町村長が必要と認める事項": null,
        "受入対象者": null,
        "備考": ""
      }
    },
    {
      "type": "Feature",
      "geometry": {
        "type": "Point",
        "coordinates": [
          133.583869,
          34.538816
        ]
      },
      "properties": {
        "NO": "1133",
        "共通ID": "E3321600006111",
        "施設・場所名": "鴨方中学校",
        "住所": "岡山県浅口市鴨方町鴨方780",
        "指定緊急避難場所との住所同一": "1",
        "その他市町村長が必要と認める事項": null,
        "受入対象者": null,
        "備考": ""
      }
    },
    {
      "type": "Feature",
      "geometry": {
        "type": "Point",
        "coordinates": [
          133.584177,
          34.536829
        ]
      },
      "properties": {
        "NO": "1134",
        "共通ID": "E3321600007111",
        "施設・場所名": "鴨方高等学校",
        "住所": "岡山県浅口市鴨方町鴨方819",
        "指定緊急避難場所との住所同一": "1",
        "その他市町村長が必要と認める事項": null,
        "受入対象者": null,
        "備考": ""
      }
    },
    {
      "type": "Feature",
      "geometry": {
        "type": "Point",
        "coordinates": [
          133.568332,
          34.548665
        ]
      },
      "properties": {
        "NO": "1135",
        "共通ID": "E3321600008111",
        "施設・場所名": "鴨方西幼稚園",
        "住所": "岡山県浅口市鴨方町小坂東2207",
        "指定緊急避難場所との住所同一": "1",
        "その他市町村長が必要と認める事項": null,
        "受入対象者": null,
        "備考": ""
      }
    },
    {
      "type": "Feature",
      "geometry": {
        "type": "Point",
        "coordinates": [
          133.568909,
          34.547941
        ]
      },
      "properties": {
        "NO": "1136",
        "共通ID": "E3321600009111",
        "施設・場所名": "鴨方西小学校",
        "住所": "岡山県浅口市鴨方町小坂東2223-2",
        "指定緊急避難場所との住所同一": "1",
        "その他市町村長が必要と認める事項": null,
        "受入対象者": null,
        "備考": ""
      }
    },
    {
      "type": "Feature",
      "geometry": {
        "type": "Point",
        "coordinates": [
          133.574625,
          34.584395
        ]
      },
      "properties": {
        "NO": "1137",
        "共通ID": "E3321600010111",
        "施設・場所名": "鴨方西小学校阿部山分校",
        "住所": "岡山県浅口市鴨方町小坂東5030-208",
        "指定緊急避難場所との住所同一": "1",
        "その他市町村長が必要と認める事項": null,
        "受入対象者": null,
        "備考": ""
      }
    },
    {
      "type": "Feature",
      "geometry": {
        "type": "Point",
        "coordinates": [
          133.589899,
          34.545467
        ]
      },
      "properties": {
        "NO": "1138",
        "共通ID": "E3321600011111",
        "施設・場所名": "鴨方東小学校",
        "住所": "岡山県浅口市鴨方町地頭上65",
        "指定緊急避難場所との住所同一": "1",
        "その他市町村長が必要と認める事項": null,
        "受入対象者": null,
        "備考": ""
      }
    },
    {
      "type": "Feature",
      "geometry": {
        "type": "Point",
        "coordinates": [
          133.582773,
          34.523319
        ]
      },
      "properties": {
        "NO": "1139",
        "共通ID": "E3321600012111",
        "施設・場所名": "六条院こども園",
        "住所": "岡山県浅口市鴨方町六条院中2072",
        "指定緊急避難場所との住所同一": "1",
        "その他市町村長が必要と認める事項": null,
        "受入対象者": null,
        "備考": ""
      }
    },
    {
      "type": "Feature",
      "geometry": {
        "type": "Point",
        "coordinates": [
          133.583315,
          34.523156
        ]
      },
      "properties": {
        "NO": "1140",
        "共通ID": "E3321600012112",
        "施設・場所名": "六条院小学校",
        "住所": "岡山県浅口市鴨方町六条院中2072",
        "指定緊急避難場所との住所同一": "1",
        "その他市町村長が必要と認める事項": null,
        "受入対象者": null,
        "備考": ""
      }
    },
    {
      "type": "Feature",
      "geometry": {
        "type": "Point",
        "coordinates": [
          133.588437,
          34.483297
        ]
      },
      "properties": {
        "NO": "1141",
        "共通ID": "E3321600013111",
        "施設・場所名": "寄島老人福祉センター",
        "住所": "岡山県浅口市寄島町16010",
        "指定緊急避難場所との住所同一": "1",
        "その他市町村長が必要と認める事項": null,
        "受入対象者": null,
        "備考": ""
      }
    },
    {
      "type": "Feature",
      "geometry": {
        "type": "Point",
        "coordinates": [
          133.585335,
          34.479179
        ]
      },
      "properties": {
        "NO": "1142",
        "共通ID": "E3321600014111",
        "施設・場所名": "寄島学園",
        "住所": "岡山県浅口市寄島町16089-3",
        "指定緊急避難場所との住所同一": "1",
        "その他市町村長が必要と認める事項": "",
        "受入対象者": "",
        "備考": ""
      }
    },
    {
      "type": "Feature",
      "geometry": {
        "type": "Point",
        "coordinates": [
          133.585803,
          34.479648
        ]
      },
      "properties": {
        "NO": "1143",
        "共通ID": "E3321600015111",
        "施設・場所名": "寄島こども園",
        "住所": "岡山県浅口市寄島町16089-4",
        "指定緊急避難場所との住所同一": "1",
        "その他市町村長が必要と認める事項": null,
        "受入対象者": null,
        "備考": ""
      }
    },
    {
      "type": "Feature",
      "geometry": {
        "type": "Point",
        "coordinates": [
          133.589949,
          34.480797
        ]
      },
      "properties": {
        "NO": "1144",
        "共通ID": "E3321600016112",
        "施設・場所名": "寄島公民館",
        "住所": "岡山県浅口市寄島町16091-23",
        "指定緊急避難場所との住所同一": "1",
        "その他市町村長が必要と認める事項": null,
        "受入対象者": null,
        "備考": ""
      }
    },
    {
      "type": "Feature",
      "geometry": {
        "type": "Point",
        "coordinates": [
          133.58923,
          34.481187
        ]
      },
      "properties": {
        "NO": "1145",
        "共通ID": "E3321600016111",
        "施設・場所名": "ふれあい交流館サンパレア",
        "住所": "岡山県浅口市寄島町16091-23",
        "指定緊急避難場所との住所同一": "1",
        "その他市町村長が必要と認める事項": null,
        "受入対象者": null,
        "備考": ""
      }
    },
    {
      "type": "Feature",
      "geometry": {
        "type": "Point",
        "coordinates": [
          133.593679,
          34.493302
        ]
      },
      "properties": {
        "NO": "1146",
        "共通ID": "E3321600017111",
        "施設・場所名": "寄島東体育館",
        "住所": "岡山県浅口市寄島町3202",
        "指定緊急避難場所との住所同一": "1",
        "その他市町村長が必要と認める事項": null,
        "受入対象者": null,
        "備考": ""
      }
    },
    {
      "type": "Feature",
      "geometry": {
        "type": "Point",
        "coordinates": [
          133.593309,
          34.493718
        ]
      },
      "properties": {
        "NO": "1147",
        "共通ID": "E3321600018111",
        "施設・場所名": "寄島東公民館",
        "住所": "岡山県浅口市寄島町3203-1",
        "指定緊急避難場所との住所同一": "1",
        "その他市町村長が必要と認める事項": null,
        "受入対象者": null,
        "備考": ""
      }
    },
    {
      "type": "Feature",
      "geometry": {
        "type": "Point",
        "coordinates": [
          133.593506,
          34.493543
        ]
      },
      "properties": {
        "NO": "1148",
        "共通ID": "E3321600018112",
        "施設・場所名": "竜南保育園",
        "住所": "岡山県浅口市寄島町3203-1",
        "指定緊急避難場所との住所同一": "1",
        "その他市町村長が必要と認める事項": null,
        "受入対象者": null,
        "備考": ""
      }
    },
    {
      "type": "Feature",
      "geometry": {
        "type": "Point",
        "coordinates": [
          133.585025,
          34.48051
        ]
      },
      "properties": {
        "NO": "1149",
        "共通ID": "E3321600019111",
        "施設・場所名": "ファジアーノ岡山スポーツパーク寄島",
        "住所": "岡山県浅口市寄島町7551",
        "指定緊急避難場所との住所同一": "1",
        "その他市町村長が必要と認める事項": "",
        "受入対象者": "",
        "備考": ""
      }
    },
    {
      "type": "Feature",
      "geometry": {
        "type": "Point",
        "coordinates": [
          133.583593,
          34.478282
        ]
      },
      "properties": {
        "NO": "1150",
        "共通ID": "E3321600020111",
        "施設・場所名": "寄島Ｂ＆Ｇ海洋センター体育館",
        "住所": "岡山県浅口市寄島町7555-2",
        "指定緊急避難場所との住所同一": "1",
        "その他市町村長が必要と認める事項": null,
        "受入対象者": null,
        "備考": ""
      }
    },
    {
      "type": "Feature",
      "geometry": {
        "type": "Point",
        "coordinates": [
          133.581838,
          34.482594
        ]
      },
      "properties": {
        "NO": "1151",
        "共通ID": "E3321600021111",
        "施設・場所名": "寄島武道場",
        "住所": "岡山県浅口市寄島町7676",
        "指定緊急避難場所との住所同一": "1",
        "その他市町村長が必要と認める事項": null,
        "受入対象者": null,
        "備考": ""
      }
    },
    {
      "type": "Feature",
      "geometry": {
        "type": "Point",
        "coordinates": [
          133.582224,
          34.48163
        ]
      },
      "properties": {
        "NO": "1152",
        "共通ID": "E3321600022111",
        "施設・場所名": "寄島コミュニティセンター",
        "住所": "岡山県浅口市寄島町7703",
        "指定緊急避難場所との住所同一": "1",
        "その他市町村長が必要と認める事項": null,
        "受入対象者": null,
        "備考": ""
      }
    },
    {
      "type": "Feature",
      "geometry": {
        "type": "Point",
        "coordinates": [
          133.633245,
          34.553384
        ]
      },
      "properties": {
        "NO": "1153",
        "共通ID": "E3321600023111",
        "施設・場所名": "金光竹小学校",
        "住所": "岡山県浅口市金光町下竹315",
        "指定緊急避難場所との住所同一": "1",
        "その他市町村長が必要と認める事項": null,
        "受入対象者": null,
        "備考": ""
      }
    },
    {
      "type": "Feature",
      "geometry": {
        "type": "Point",
        "coordinates": [
          133.615533,
          34.535742
        ]
      },
      "properties": {
        "NO": "1154",
        "共通ID": "E3321600024111",
        "施設・場所名": "金光吉備小学校",
        "住所": "岡山県浅口市金光町須恵160",
        "指定緊急避難場所との住所同一": "1",
        "その他市町村長が必要と認める事項": null,
        "受入対象者": null,
        "備考": ""
      }
    },
    {
      "type": "Feature",
      "geometry": {
        "type": "Point",
        "coordinates": [
          133.617003,
          34.543352
        ]
      },
      "properties": {
        "NO": "1155",
        "共通ID": "E3321600025111",
        "施設・場所名": "金光中学校",
        "住所": "岡山県浅口市金光町占見61-1",
        "指定緊急避難場所との住所同一": "1",
        "その他市町村長が必要と認める事項": null,
        "受入対象者": null,
        "備考": ""
      }
    },
    {
      "type": "Feature",
      "geometry": {
        "type": "Point",
        "coordinates": [
          133.618185,
          34.542184
        ]
      },
      "properties": {
        "NO": "1156",
        "共通ID": "E3321600026111",
        "施設・場所名": "金光幼稚園",
        "住所": "岡山県浅口市金光町占見新田288-1",
        "指定緊急避難場所との住所同一": "1",
        "その他市町村長が必要と認める事項": null,
        "受入対象者": null,
        "備考": ""
      }
    },
    {
      "type": "Feature",
      "geometry": {
        "type": "Point",
        "coordinates": [
          133.617466,
          34.542422
        ]
      },
      "properties": {
        "NO": "1157",
        "共通ID": "E3321600026112",
        "施設・場所名": "金光小学校",
        "住所": "岡山県浅口市金光町占見新田288-1",
        "指定緊急避難場所との住所同一": "1",
        "その他市町村長が必要と認める事項": null,
        "受入対象者": null,
        "備考": ""
      }
    },
    {
      "type": "Feature",
      "geometry": {
        "type": "Point",
        "coordinates": [
          133.627608,
          34.542053
        ]
      },
      "properties": {
        "NO": "1158",
        "共通ID": "E3321600027111",
        "施設・場所名": "金光保健センター",
        "住所": "岡山県浅口市金光町占見新田790-1",
        "指定緊急避難場所との住所同一": "1",
        "その他市町村長が必要と認める事項": null,
        "受入対象者": null,
        "備考": ""
      }
    },
    {
      "type": "Feature",
      "geometry": {
        "type": "Point",
        "coordinates": [
          133.627619,
          34.541943
        ]
      },
      "properties": {
        "NO": "1159",
        "共通ID": "E3321600027112",
        "施設・場所名": "金光公民館",
        "住所": "岡山県浅口市金光町占見新田790-1",
        "指定緊急避難場所との住所同一": "1",
        "その他市町村長が必要と認める事項": null,
        "受入対象者": null,
        "備考": ""
      }
    },
    {
      "type": "Feature",
      "geometry": {
        "type": "Point",
        "coordinates": [
          133.625647,
          34.539095
        ]
      },
      "properties": {
        "NO": "1160",
        "共通ID": "E3321600028111",
        "施設・場所名": "金光教本部",
        "住所": "岡山県浅口市金光町大谷320",
        "指定緊急避難場所との住所同一": "1",
        "その他市町村長が必要と認める事項": null,
        "受入対象者": null,
        "備考": ""
      }
    },
    {
      "type": "Feature",
      "geometry": {
        "type": "Point",
        "coordinates": [
          133.780162,
          34.599532
        ]
      },
      "properties": {
        "NO": "1161",
        "共通ID": "E3320200001111",
        "施設・場所名": "県立倉敷青陵高等学校",
        "住所": "岡山県倉敷市羽島1046-2",
        "指定緊急避難場所との住所同一": "1",
        "その他市町村長が必要と認める事項": null,
        "受入対象者": null,
        "備考": ""
      }
    },
    {
      "type": "Feature",
      "geometry": {
        "type": "Point",
        "coordinates": [
          133.75337,
          34.582719
        ]
      },
      "properties": {
        "NO": "1162",
        "共通ID": "E3320200003111",
        "施設・場所名": "倉敷南公民館",
        "住所": "岡山県倉敷市沖新町68-1",
        "指定緊急避難場所との住所同一": "1",
        "その他市町村長が必要と認める事項": null,
        "受入対象者": null,
        "備考": ""
      }
    },
    {
      "type": "Feature",
      "geometry": {
        "type": "Point",
        "coordinates": [
          133.756551,
          34.584507
        ]
      },
      "properties": {
        "NO": "1163",
        "共通ID": "E3320200004111",
        "施設・場所名": "大高幼稚園",
        "住所": "岡山県倉敷市沖新町96-1",
        "指定緊急避難場所との住所同一": "1",
        "その他市町村長が必要と認める事項": null,
        "受入対象者": null,
        "備考": ""
      }
    },
    {
      "type": "Feature",
      "geometry": {
        "type": "Point",
        "coordinates": [
          133.797476,
          34.438777
        ]
      },
      "properties": {
        "NO": "1164",
        "共通ID": "E3320200005111",
        "施設・場所名": "下津井西小学校",
        "住所": "岡山県倉敷市下津井1-17-16",
        "指定緊急避難場所との住所同一": "1",
        "その他市町村長が必要と認める事項": null,
        "受入対象者": null,
        "備考": ""
      }
    },
    {
      "type": "Feature",
      "geometry": {
        "type": "Point",
        "coordinates": [
          133.79287,
          34.438983
        ]
      },
      "properties": {
        "NO": "1165",
        "共通ID": "E3320200007111",
        "施設・場所名": "下津井公民館",
        "住所": "岡山県倉敷市下津井２－８１５－１先",
        "指定緊急避難場所との住所同一": "1",
        "その他市町村長が必要と認める事項": null,
        "受入対象者": null,
        "備考": ""
      }
    },
    {
      "type": "Feature",
      "geometry": {
        "type": "Point",
        "coordinates": [
          133.801485,
          34.442507
        ]
      },
      "properties": {
        "NO": "1166",
        "共通ID": "E3320200008111",
        "施設・場所名": "下津井中学校",
        "住所": "岡山県倉敷市下津井吹上140",
        "指定緊急避難場所との住所同一": "1",
        "その他市町村長が必要と認める事項": null,
        "受入対象者": null,
        "備考": ""
      }
    },
    {
      "type": "Feature",
      "geometry": {
        "type": "Point",
        "coordinates": [
          133.804816,
          34.438981
        ]
      },
      "properties": {
        "NO": "1167",
        "共通ID": "E3320200009111",
        "施設・場所名": "下津井東小学校",
        "住所": "岡山県倉敷市下津井田之浦2-4-66",
        "指定緊急避難場所との住所同一": "1",
        "その他市町村長が必要と認める事項": null,
        "受入対象者": null,
        "備考": ""
      }
    },
    {
      "type": "Feature",
      "geometry": {
        "type": "Point",
        "coordinates": [
          133.795089,
          34.583908
        ]
      },
      "properties": {
        "NO": "1168",
        "共通ID": "E3320200010111",
        "施設・場所名": "帯江幼稚園",
        "住所": "岡山県倉敷市加須山466-2",
        "指定緊急避難場所との住所同一": "1",
        "その他市町村長が必要と認める事項": null,
        "受入対象者": null,
        "備考": ""
      }
    },
    {
      "type": "Feature",
      "geometry": {
        "type": "Point",
        "coordinates": [
          133.794644,
          34.586306
        ]
      },
      "properties": {
        "NO": "1169",
        "共通ID": "E3320200011111",
        "施設・場所名": "多津美公民館",
        "住所": "岡山県倉敷市加須山503-7",
        "指定緊急避難場所との住所同一": "1",
        "その他市町村長が必要と認める事項": null,
        "受入対象者": null,
        "備考": ""
      }
    },
    {
      "type": "Feature",
      "geometry": {
        "type": "Point",
        "coordinates": [
          133.794615,
          34.587535
        ]
      },
      "properties": {
        "NO": "1170",
        "共通ID": "E3320200012111",
        "施設・場所名": "帯江小学校",
        "住所": "岡山県倉敷市加須山526",
        "指定緊急避難場所との住所同一": "1",
        "その他市町村長が必要と認める事項": null,
        "受入対象者": null,
        "備考": ""
      }
    },
    {
      "type": "Feature",
      "geometry": {
        "type": "Point",
        "coordinates": [
          133.771895,
          34.567535
        ]
      },
      "properties": {
        "NO": "1171",
        "共通ID": "E3320200014111",
        "施設・場所名": "県立倉敷南高等学校",
        "住所": "岡山県倉敷市吉岡330",
        "指定緊急避難場所との住所同一": "1",
        "その他市町村長が必要と認める事項": null,
        "受入対象者": null,
        "備考": ""
      }
    },
    {
      "type": "Feature",
      "geometry": {
        "type": "Point",
        "coordinates": [
          133.679246,
          34.543449
        ]
      },
      "properties": {
        "NO": "1172",
        "共通ID": "E3320200015111",
        "施設・場所名": "市立玉島高等学校",
        "住所": "岡山県倉敷市玉島1-15-60",
        "指定緊急避難場所との住所同一": "1",
        "その他市町村長が必要と認める事項": "",
        "受入対象者": "",
        "備考": ""
      }
    },
    {
      "type": "Feature",
      "geometry": {
        "type": "Point",
        "coordinates": [
          133.678628,
          34.541008
        ]
      },
      "properties": {
        "NO": "1173",
        "共通ID": "E3320200019111",
        "施設・場所名": "玉島東中学校",
        "住所": "岡山県倉敷市玉島2-21-1",
        "指定緊急避難場所との住所同一": "1",
        "その他市町村長が必要と認める事項": "",
        "受入対象者": "",
        "備考": ""
      }
    },
    {
      "type": "Feature",
      "geometry": {
        "type": "Point",
        "coordinates": [
          133.676663,
          34.551233
        ]
      },
      "properties": {
        "NO": "1174",
        "共通ID": "E3320200020111",
        "施設・場所名": "玉島市民交流センター",
        "住所": "岡山県倉敷市玉島阿賀崎1-10-1",
        "指定緊急避難場所との住所同一": "1",
        "その他市町村長が必要と認める事項": "",
        "受入対象者": "",
        "備考": ""
      }
    },
    {
      "type": "Feature",
      "geometry": {
        "type": "Point",
        "coordinates": [
          133.670929,
          34.54871
        ]
      },
      "properties": {
        "NO": "1175",
        "共通ID": "E3320200021111",
        "施設・場所名": "県立玉島高等学校",
        "住所": "岡山県倉敷市玉島阿賀崎3-1-1",
        "指定緊急避難場所との住所同一": "1",
        "その他市町村長が必要と認める事項": "",
        "受入対象者": "",
        "備考": ""
      }
    },
    {
      "type": "Feature",
      "geometry": {
        "type": "Point",
        "coordinates": [
          133.668795,
          34.548411
        ]
      },
      "properties": {
        "NO": "1176",
        "共通ID": "E3320200022111",
        "施設・場所名": "玉島小学校",
        "住所": "岡山県倉敷市玉島阿賀崎3-3-1",
        "指定緊急避難場所との住所同一": "1",
        "その他市町村長が必要と認める事項": "",
        "受入対象者": "",
        "備考": ""
      }
    },
    {
      "type": "Feature",
      "geometry": {
        "type": "Point",
        "coordinates": [
          133.675841,
          34.538375
        ]
      },
      "properties": {
        "NO": "1177",
        "共通ID": "E3320200024111",
        "施設・場所名": "乙島小学校",
        "住所": "岡山県倉敷市玉島乙島3500",
        "指定緊急避難場所との住所同一": "1",
        "その他市町村長が必要と認める事項": "",
        "受入対象者": "",
        "備考": ""
      }
    },
    {
      "type": "Feature",
      "geometry": {
        "type": "Point",
        "coordinates": [
          133.694754,
          34.55415
        ]
      },
      "properties": {
        "NO": "1178",
        "共通ID": "E3320200025111",
        "施設・場所名": "上成小学校",
        "住所": "岡山県倉敷市玉島乙島6191",
        "指定緊急避難場所との住所同一": "1",
        "その他市町村長が必要と認める事項": "",
        "受入対象者": "",
        "備考": ""
      }
    },
    {
      "type": "Feature",
      "geometry": {
        "type": "Point",
        "coordinates": [
          133.680655,
          34.53706
        ]
      },
      "properties": {
        "NO": "1179",
        "共通ID": "E3320200026111",
        "施設・場所名": "玉島東公民館",
        "住所": "岡山県倉敷市玉島乙島6897-2",
        "指定緊急避難場所との住所同一": "1",
        "その他市町村長が必要と認める事項": "",
        "受入対象者": "",
        "備考": ""
      }
    },
    {
      "type": "Feature",
      "geometry": {
        "type": "Point",
        "coordinates": [
          133.681412,
          34.528216
        ]
      },
      "properties": {
        "NO": "1180",
        "共通ID": "E3320200027111",
        "施設・場所名": "乙島東小学校",
        "住所": "岡山県倉敷市玉島乙島7471",
        "指定緊急避難場所との住所同一": "1",
        "その他市町村長が必要と認める事項": "",
        "受入対象者": "",
        "備考": ""
      }
    },
    {
      "type": "Feature",
      "geometry": {
        "type": "Point",
        "coordinates": [
          133.637817,
          34.503333
        ]
      },
      "properties": {
        "NO": "1181",
        "共通ID": "E3320200029111",
        "施設・場所名": "玉島黒崎公民館",
        "住所": "岡山県倉敷市玉島黒崎5549-6",
        "指定緊急避難場所との住所同一": "1",
        "その他市町村長が必要と認める事項": "",
        "受入対象者": "",
        "備考": ""
      }
    },
    {
      "type": "Feature",
      "geometry": {
        "type": "Point",
        "coordinates": [
          133.63285,
          34.504505
        ]
      },
      "properties": {
        "NO": "1182",
        "共通ID": "E3320200030111",
        "施設・場所名": "沙美小学校",
        "住所": "岡山県倉敷市玉島黒崎6050-1",
        "指定緊急避難場所との住所同一": "1",
        "その他市町村長が必要と認める事項": "",
        "受入対象者": "",
        "備考": ""
      }
    },
    {
      "type": "Feature",
      "geometry": {
        "type": "Point",
        "coordinates": [
          133.633797,
          34.504992
        ]
      },
      "properties": {
        "NO": "1183",
        "共通ID": "E3320200031111",
        "施設・場所名": "黒崎中学校",
        "住所": "岡山県倉敷市玉島黒崎6057",
        "指定緊急避難場所との住所同一": "1",
        "その他市町村長が必要と認める事項": "",
        "受入対象者": "",
        "備考": ""
      }
    },
    {
      "type": "Feature",
      "geometry": {
        "type": "Point",
        "coordinates": [
          133.614286,
          34.495578
        ]
      },
      "properties": {
        "NO": "1184",
        "共通ID": "E3320200270112",
        "施設・場所名": "南浦憩の家",
        "住所": "岡山県倉敷市玉島黒崎8171-1",
        "指定緊急避難場所との住所同一": "1",
        "その他市町村長が必要と認める事項": null,
        "受入対象者": null,
        "備考": ""
      }
    },
    {
      "type": "Feature",
      "geometry": {
        "type": "Point",
        "coordinates": [
          133.612552,
          34.498215
        ]
      },
      "properties": {
        "NO": "1185",
        "共通ID": "E3320200032111",
        "施設・場所名": "南浦小学校",
        "住所": "岡山県倉敷市玉島黒崎8402",
        "指定緊急避難場所との住所同一": "1",
        "その他市町村長が必要と認める事項": "",
        "受入対象者": "",
        "備考": ""
      }
    },
    {
      "type": "Feature",
      "geometry": {
        "type": "Point",
        "coordinates": [
          133.689866,
          34.556451
        ]
      },
      "properties": {
        "NO": "1186",
        "共通ID": "E3320200033111",
        "施設・場所名": "上成幼稚園",
        "住所": "岡山県倉敷市玉島上成1143-1",
        "指定緊急避難場所との住所同一": "1",
        "その他市町村長が必要と認める事項": "",
        "受入対象者": "",
        "備考": ""
      }
    },
    {
      "type": "Feature",
      "geometry": {
        "type": "Point",
        "coordinates": [
          133.667437,
          34.546059
        ]
      },
      "properties": {
        "NO": "1187",
        "共通ID": "E3320200034111",
        "施設・場所名": "県立玉島商業高等学校",
        "住所": "岡山県倉敷市玉島中央町2-9-30",
        "指定緊急避難場所との住所同一": "1",
        "その他市町村長が必要と認める事項": "",
        "受入対象者": "",
        "備考": ""
      }
    },
    {
      "type": "Feature",
      "geometry": {
        "type": "Point",
        "coordinates": [
          133.667989,
          34.544858
        ]
      },
      "properties": {
        "NO": "1188",
        "共通ID": "E3320200035111",
        "施設・場所名": "玉島幼稚園",
        "住所": "岡山県倉敷市玉島中央町3-8-1",
        "指定緊急避難場所との住所同一": "1",
        "その他市町村長が必要と認める事項": "",
        "受入対象者": "",
        "備考": ""
      }
    },
    {
      "type": "Feature",
      "geometry": {
        "type": "Point",
        "coordinates": [
          133.681917,
          34.569888
        ]
      },
      "properties": {
        "NO": "1189",
        "共通ID": "E3320200036111",
        "施設・場所名": "長尾幼稚園",
        "住所": "岡山県倉敷市玉島長尾2608",
        "指定緊急避難場所との住所同一": "1",
        "その他市町村長が必要と認める事項": "",
        "受入対象者": "",
        "備考": ""
      }
    },
    {
      "type": "Feature",
      "geometry": {
        "type": "Point",
        "coordinates": [
          133.679566,
          34.570413
        ]
      },
      "properties": {
        "NO": "1190",
        "共通ID": "E3320200037111",
        "施設・場所名": "長尾小学校",
        "住所": "岡山県倉敷市玉島長尾3086",
        "指定緊急避難場所との住所同一": "1",
        "その他市町村長が必要と認める事項": "",
        "受入対象者": "",
        "備考": ""
      }
    },
    {
      "type": "Feature",
      "geometry": {
        "type": "Point",
        "coordinates": [
          133.678492,
          34.596525
        ]
      },
      "properties": {
        "NO": "1191",
        "共通ID": "E3320200039111",
        "施設・場所名": "穂井田小学校",
        "住所": "岡山県倉敷市玉島陶1630",
        "指定緊急避難場所との住所同一": "1",
        "その他市町村長が必要と認める事項": "",
        "受入対象者": "",
        "備考": ""
      }
    },
    {
      "type": "Feature",
      "geometry": {
        "type": "Point",
        "coordinates": [
          133.660749,
          34.531231
        ]
      },
      "properties": {
        "NO": "1192",
        "共通ID": "E3320200041111",
        "施設・場所名": "玉島西中学校",
        "住所": "岡山県倉敷市玉島柏島1548",
        "指定緊急避難場所との住所同一": "1",
        "その他市町村長が必要と認める事項": "",
        "受入対象者": "",
        "備考": ""
      }
    },
    {
      "type": "Feature",
      "geometry": {
        "type": "Point",
        "coordinates": [
          133.65162,
          34.539364
        ]
      },
      "properties": {
        "NO": "1193",
        "共通ID": "E3320200043111",
        "施設・場所名": "柏島小学校",
        "住所": "岡山県倉敷市玉島柏島2751-1",
        "指定緊急避難場所との住所同一": "1",
        "その他市町村長が必要と認める事項": "",
        "受入対象者": "",
        "備考": ""
      }
    },
    {
      "type": "Feature",
      "geometry": {
        "type": "Point",
        "coordinates": [
          133.651878,
          34.522765
        ]
      },
      "properties": {
        "NO": "1194",
        "共通ID": "E3320200045111",
        "施設・場所名": "玉島南小学校",
        "住所": "岡山県倉敷市玉島柏島6446",
        "指定緊急避難場所との住所同一": "1",
        "その他市町村長が必要と認める事項": "",
        "受入対象者": "",
        "備考": ""
      }
    },
    {
      "type": "Feature",
      "geometry": {
        "type": "Point",
        "coordinates": [
          133.663215,
          34.522584
        ]
      },
      "properties": {
        "NO": "1195",
        "共通ID": "E3320200046111",
        "施設・場所名": "玉島西公民館",
        "住所": "岡山県倉敷市玉島柏島7038-6",
        "指定緊急避難場所との住所同一": "1",
        "その他市町村長が必要と認める事項": "",
        "受入対象者": "",
        "備考": ""
      }
    },
    {
      "type": "Feature",
      "geometry": {
        "type": "Point",
        "coordinates": [
          133.671041,
          34.563694
        ]
      },
      "properties": {
        "NO": "1196",
        "共通ID": "E3320200047111",
        "施設・場所名": "玉島北中学校",
        "住所": "岡山県倉敷市玉島八島1529-1",
        "指定緊急避難場所との住所同一": "1",
        "その他市町村長が必要と認める事項": "",
        "受入対象者": "",
        "備考": ""
      }
    },
    {
      "type": "Feature",
      "geometry": {
        "type": "Point",
        "coordinates": [
          133.658089,
          34.560929
        ]
      },
      "properties": {
        "NO": "1197",
        "共通ID": "E3320200048111",
        "施設・場所名": "富田幼稚園",
        "住所": "岡山県倉敷市玉島八島1760-3",
        "指定緊急避難場所との住所同一": "1",
        "その他市町村長が必要と認める事項": "",
        "受入対象者": "",
        "備考": ""
      }
    },
    {
      "type": "Feature",
      "geometry": {
        "type": "Point",
        "coordinates": [
          133.656253,
          34.561236
        ]
      },
      "properties": {
        "NO": "1198",
        "共通ID": "E3320200049111",
        "施設・場所名": "玉島北公民館",
        "住所": "岡山県倉敷市玉島八島1773-10",
        "指定緊急避難場所との住所同一": "1",
        "その他市町村長が必要と認める事項": "",
        "受入対象者": "",
        "備考": ""
      }
    },
    {
      "type": "Feature",
      "geometry": {
        "type": "Point",
        "coordinates": [
          133.656407,
          34.561389
        ]
      },
      "properties": {
        "NO": "1199",
        "共通ID": "E3320200050111",
        "施設・場所名": "富田小学校",
        "住所": "岡山県倉敷市玉島八島1774",
        "指定緊急避難場所との住所同一": "1",
        "その他市町村長が必要と認める事項": "",
        "受入対象者": "",
        "備考": ""
      }
    },
    {
      "type": "Feature",
      "geometry": {
        "type": "Point",
        "coordinates": [
          133.771942,
          34.510875
        ]
      },
      "properties": {
        "NO": "1200",
        "共通ID": "E3320200054111",
        "施設・場所名": "呼松保健の家",
        "住所": "岡山県倉敷市呼松2-6-36",
        "指定緊急避難場所との住所同一": "1",
        "その他市町村長が必要と認める事項": null,
        "受入対象者": null,
        "備考": ""
      }
    },
    {
      "type": "Feature",
      "geometry": {
        "type": "Point",
        "coordinates": [
          133.775411,
          34.520693
        ]
      },
      "properties": {
        "NO": "1201",
        "共通ID": "E3320200056111",
        "施設・場所名": "第三福田小学校",
        "住所": "岡山県倉敷市広江1-9-1",
        "指定緊急避難場所との住所同一": "1",
        "その他市町村長が必要と認める事項": null,
        "受入対象者": null,
        "備考": ""
      }
    },
    {
      "type": "Feature",
      "geometry": {
        "type": "Point",
        "coordinates": [
          133.821527,
          34.582949
        ]
      },
      "properties": {
        "NO": "1202",
        "共通ID": "E3320200058111",
        "施設・場所名": "東陽中学校",
        "住所": "岡山県倉敷市高須賀315",
        "指定緊急避難場所との住所同一": "1",
        "その他市町村長が必要と認める事項": null,
        "受入対象者": null,
        "備考": ""
      }
    },
    {
      "type": "Feature",
      "geometry": {
        "type": "Point",
        "coordinates": [
          133.7644,
          34.571164
        ]
      },
      "properties": {
        "NO": "1203",
        "共通ID": "E3320200059111",
        "施設・場所名": "葦高小学校",
        "住所": "岡山県倉敷市笹沖145-1",
        "指定緊急避難場所との住所同一": "1",
        "その他市町村長が必要と認める事項": null,
        "受入対象者": null,
        "備考": ""
      }
    },
    {
      "type": "Feature",
      "geometry": {
        "type": "Point",
        "coordinates": [
          133.760596,
          34.571513
        ]
      },
      "properties": {
        "NO": "1204",
        "共通ID": "E3320200060111",
        "施設・場所名": "葦高幼稚園",
        "住所": "岡山県倉敷市笹沖23",
        "指定緊急避難場所との住所同一": "1",
        "その他市町村長が必要と認める事項": null,
        "受入対象者": null,
        "備考": ""
      }
    },
    {
      "type": "Feature",
      "geometry": {
        "type": "Point",
        "coordinates": [
          133.775704,
          34.474932
        ]
      },
      "properties": {
        "NO": "1205",
        "共通ID": "E3320200065111",
        "施設・場所名": "本荘小学校",
        "住所": "岡山県倉敷市児島塩生1750",
        "指定緊急避難場所との住所同一": "1",
        "その他市町村長が必要と認める事項": null,
        "受入対象者": null,
        "備考": ""
      }
    },
    {
      "type": "Feature",
      "geometry": {
        "type": "Point",
        "coordinates": [
          133.770994,
          34.476851
        ]
      },
      "properties": {
        "NO": "1206",
        "共通ID": "E3320200066111",
        "施設・場所名": "本荘公民館",
        "住所": "岡山県倉敷市児島塩生1959-3",
        "指定緊急避難場所との住所同一": "1",
        "その他市町村長が必要と認める事項": null,
        "受入対象者": null,
        "備考": ""
      }
    },
    {
      "type": "Feature",
      "geometry": {
        "type": "Point",
        "coordinates": [
          133.77089,
          34.488186
        ]
      },
      "properties": {
        "NO": "1207",
        "共通ID": "E3320200068111",
        "施設・場所名": "塩生保健の家",
        "住所": "岡山県倉敷市児島塩生3104-7",
        "指定緊急避難場所との住所同一": "1",
        "その他市町村長が必要と認める事項": null,
        "受入対象者": null,
        "備考": ""
      }
    },
    {
      "type": "Feature",
      "geometry": {
        "type": "Point",
        "coordinates": [
          133.822075,
          34.469744
        ]
      },
      "properties": {
        "NO": "1208",
        "共通ID": "E3320200071111",
        "施設・場所名": "琴浦南小学校",
        "住所": "岡山県倉敷市児島下の町2-16-17",
        "指定緊急避難場所との住所同一": "1",
        "その他市町村長が必要と認める事項": null,
        "受入対象者": null,
        "備考": ""
      }
    },
    {
      "type": "Feature",
      "geometry": {
        "type": "Point",
        "coordinates": [
          133.821288,
          34.478915
        ]
      },
      "properties": {
        "NO": "1209",
        "共通ID": "E3320200073111",
        "施設・場所名": "琴浦西小学校",
        "住所": "岡山県倉敷市児島下の町5-4-5",
        "指定緊急避難場所との住所同一": "1",
        "その他市町村長が必要と認める事項": null,
        "受入対象者": null,
        "備考": ""
      }
    },
    {
      "type": "Feature",
      "geometry": {
        "type": "Point",
        "coordinates": [
          133.831045,
          34.479056
        ]
      },
      "properties": {
        "NO": "1210",
        "共通ID": "E3320200074111",
        "施設・場所名": "琴浦中学校",
        "住所": "岡山県倉敷市児島下の町8-6-6",
        "指定緊急避難場所との住所同一": "1",
        "その他市町村長が必要と認める事項": null,
        "受入対象者": null,
        "備考": ""
      }
    },
    {
      "type": "Feature",
      "geometry": {
        "type": "Point",
        "coordinates": [
          133.827478,
          34.475138
        ]
      },
      "properties": {
        "NO": "1211",
        "共通ID": "E3320200075111",
        "施設・場所名": "琴浦公民館",
        "住所": "岡山県倉敷市児島下の町9-2-27",
        "指定緊急避難場所との住所同一": "1",
        "その他市町村長が必要と認める事項": null,
        "受入対象者": null,
        "備考": ""
      }
    },
    {
      "type": "Feature",
      "geometry": {
        "type": "Point",
        "coordinates": [
          133.804597,
          34.475732
        ]
      },
      "properties": {
        "NO": "1212",
        "共通ID": "E3320200077111",
        "施設・場所名": "児島中学校",
        "住所": "岡山県倉敷市児島小川4-7-34",
        "指定緊急避難場所との住所同一": "1",
        "その他市町村長が必要と認める事項": null,
        "受入対象者": null,
        "備考": ""
      }
    },
    {
      "type": "Feature",
      "geometry": {
        "type": "Point",
        "coordinates": [
          133.798887,
          34.455947
        ]
      },
      "properties": {
        "NO": "1213",
        "共通ID": "E3320200082111",
        "施設・場所名": "赤崎小学校",
        "住所": "岡山県倉敷市児島赤崎2-1-59",
        "指定緊急避難場所との住所同一": "1",
        "その他市町村長が必要と認める事項": null,
        "受入対象者": null,
        "備考": ""
      }
    },
    {
      "type": "Feature",
      "geometry": {
        "type": "Point",
        "coordinates": [
          133.833375,
          34.478511
        ]
      },
      "properties": {
        "NO": "1214",
        "共通ID": "E3320200085111",
        "施設・場所名": "県立倉敷琴浦高等支援学校",
        "住所": "岡山県倉敷市児島田の口1-1-16",
        "指定緊急避難場所との住所同一": "1",
        "その他市町村長が必要と認める事項": null,
        "受入対象者": null,
        "備考": ""
      }
    },
    {
      "type": "Feature",
      "geometry": {
        "type": "Point",
        "coordinates": [
          133.843398,
          34.474219
        ]
      },
      "properties": {
        "NO": "1215",
        "共通ID": "E3320200086112",
        "施設・場所名": "琴浦東小学校",
        "住所": "岡山県倉敷市児島田の口3-13-1",
        "指定緊急避難場所との住所同一": "1",
        "その他市町村長が必要と認める事項": null,
        "受入対象者": null,
        "備考": ""
      }
    },
    {
      "type": "Feature",
      "geometry": {
        "type": "Point",
        "coordinates": [
          133.861163,
          34.469366
        ]
      },
      "properties": {
        "NO": "1216",
        "共通ID": "E3320200088111",
        "施設・場所名": "唐琴公民館",
        "住所": "岡山県倉敷市児島唐琴4-5-20",
        "指定緊急避難場所との住所同一": "1",
        "その他市町村長が必要と認める事項": null,
        "受入対象者": null,
        "備考": ""
      }
    },
    {
      "type": "Feature",
      "geometry": {
        "type": "Point",
        "coordinates": [
          133.809543,
          34.498971
        ]
      },
      "properties": {
        "NO": "1217",
        "共通ID": "E3320200089112",
        "施設・場所名": "市立倉敷翔南高等学校",
        "住所": "岡山県倉敷市児島稗田町160",
        "指定緊急避難場所との住所同一": "1",
        "その他市町村長が必要と認める事項": "",
        "受入対象者": "",
        "備考": ""
      }
    },
    {
      "type": "Feature",
      "geometry": {
        "type": "Point",
        "coordinates": [
          133.808934,
          34.497826
        ]
      },
      "properties": {
        "NO": "1218",
        "共通ID": "E3320200089111",
        "施設・場所名": "市立短期大学",
        "住所": "岡山県倉敷市児島稗田町160",
        "指定緊急避難場所との住所同一": "1",
        "その他市町村長が必要と認める事項": "",
        "受入対象者": "",
        "備考": ""
      }
    },
    {
      "type": "Feature",
      "geometry": {
        "type": "Point",
        "coordinates": [
          133.808787,
          34.499607
        ]
      },
      "properties": {
        "NO": "1219",
        "共通ID": "E3320200090111",
        "施設・場所名": "稗田幼稚園",
        "住所": "岡山県倉敷市児島稗田町793",
        "指定緊急避難場所との住所同一": "1",
        "その他市町村長が必要と認める事項": null,
        "受入対象者": null,
        "備考": ""
      }
    },
    {
      "type": "Feature",
      "geometry": {
        "type": "Point",
        "coordinates": [
          133.813171,
          34.498918
        ]
      },
      "properties": {
        "NO": "1220",
        "共通ID": "E3320200091111",
        "施設・場所名": "緑丘小学校",
        "住所": "岡山県倉敷市児島稗田町900",
        "指定緊急避難場所との住所同一": "1",
        "その他市町村長が必要と認める事項": null,
        "受入対象者": null,
        "備考": ""
      }
    },
    {
      "type": "Feature",
      "geometry": {
        "type": "Point",
        "coordinates": [
          133.803612,
          34.468275
        ]
      },
      "properties": {
        "NO": "1221",
        "共通ID": "E3320200092112",
        "施設・場所名": "児島市民交流センター",
        "住所": "岡山県倉敷市児島味野2-2-38",
        "指定緊急避難場所との住所同一": "1",
        "その他市町村長が必要と認める事項": "",
        "受入対象者": "",
        "備考": ""
      }
    },
    {
      "type": "Feature",
      "geometry": {
        "type": "Point",
        "coordinates": [
          133.801764,
          34.463356
        ]
      },
      "properties": {
        "NO": "1222",
        "共通ID": "E3320200093111",
        "施設・場所名": "味野中学校",
        "住所": "岡山県倉敷市児島味野4-2-56",
        "指定緊急避難場所との住所同一": "1",
        "その他市町村長が必要と認める事項": null,
        "受入対象者": null,
        "備考": ""
      }
    },
    {
      "type": "Feature",
      "geometry": {
        "type": "Point",
        "coordinates": [
          133.79452,
          34.472968
        ]
      },
      "properties": {
        "NO": "1223",
        "共通ID": "E3320200094111",
        "施設・場所名": "県立倉敷鷲羽高等学校",
        "住所": "岡山県倉敷市児島味野山田町2301",
        "指定緊急避難場所との住所同一": "1",
        "その他市町村長が必要と認める事項": null,
        "受入対象者": null,
        "備考": ""
      }
    },
    {
      "type": "Feature",
      "geometry": {
        "type": "Point",
        "coordinates": [
          133.800279,
          34.47029
        ]
      },
      "properties": {
        "NO": "1224",
        "共通ID": "E3320200095111",
        "施設・場所名": "味野幼稚園",
        "住所": "岡山県倉敷市児島味野城2-1-34",
        "指定緊急避難場所との住所同一": "1",
        "その他市町村長が必要と認める事項": null,
        "受入対象者": null,
        "備考": ""
      }
    },
    {
      "type": "Feature",
      "geometry": {
        "type": "Point",
        "coordinates": [
          133.799493,
          34.470482
        ]
      },
      "properties": {
        "NO": "1225",
        "共通ID": "E3320200096111",
        "施設・場所名": "味野小学校",
        "住所": "岡山県倉敷市児島味野城2-2-9",
        "指定緊急避難場所との住所同一": "1",
        "その他市町村長が必要と認める事項": null,
        "受入対象者": null,
        "備考": ""
      }
    },
    {
      "type": "Feature",
      "geometry": {
        "type": "Point",
        "coordinates": [
          133.79922,
          34.489542
        ]
      },
      "properties": {
        "NO": "1226",
        "共通ID": "E3320200098111",
        "施設・場所名": "児島小学校",
        "住所": "岡山県倉敷市児島柳田町851",
        "指定緊急避難場所との住所同一": "1",
        "その他市町村長が必要と認める事項": null,
        "受入対象者": null,
        "備考": ""
      }
    },
    {
      "type": "Feature",
      "geometry": {
        "type": "Point",
        "coordinates": [
          133.85289,
          34.502089
        ]
      },
      "properties": {
        "NO": "1227",
        "共通ID": "E3320200099111",
        "施設・場所名": "倉敷市自然の家",
        "住所": "岡山県倉敷市児島由加2708",
        "指定緊急避難場所との住所同一": "1",
        "その他市町村長が必要と認める事項": null,
        "受入対象者": null,
        "備考": ""
      }
    },
    {
      "type": "Feature",
      "geometry": {
        "type": "Point",
        "coordinates": [
          133.827399,
          34.644733
        ]
      },
      "properties": {
        "NO": "1228",
        "共通ID": "E3320200106111",
        "施設・場所名": "庄公民館",
        "住所": "岡山県倉敷市上東736-1",
        "指定緊急避難場所との住所同一": "1",
        "その他市町村長が必要と認める事項": null,
        "受入対象者": null,
        "備考": ""
      }
    },
    {
      "type": "Feature",
      "geometry": {
        "type": "Point",
        "coordinates": [
          133.826134,
          34.64355
        ]
      },
      "properties": {
        "NO": "1229",
        "共通ID": "E3320200107111",
        "施設・場所名": "庄小学校",
        "住所": "岡山県倉敷市上東785-2",
        "指定緊急避難場所との住所同一": "1",
        "その他市町村長が必要と認める事項": null,
        "受入対象者": null,
        "備考": ""
      }
    },
    {
      "type": "Feature",
      "geometry": {
        "type": "Point",
        "coordinates": [
          133.824509,
          34.643535
        ]
      },
      "properties": {
        "NO": "1230",
        "共通ID": "E3320200108111",
        "施設・場所名": "庄中学校",
        "住所": "岡山県倉敷市上東812",
        "指定緊急避難場所との住所同一": "1",
        "その他市町村長が必要と認める事項": null,
        "受入対象者": null,
        "備考": ""
      }
    },
    {
      "type": "Feature",
      "geometry": {
        "type": "Point",
        "coordinates": [
          133.745262,
          34.586012
        ]
      },
      "properties": {
        "NO": "1231",
        "共通ID": "E3320200272111",
        "施設・場所名": "倉敷体育館",
        "住所": "岡山県倉敷市上富井1-8",
        "指定緊急避難場所との住所同一": "1",
        "その他市町村長が必要と認める事項": "",
        "受入対象者": "",
        "備考": ""
      }
    },
    {
      "type": "Feature",
      "geometry": {
        "type": "Point",
        "coordinates": [
          133.773936,
          34.571162
        ]
      },
      "properties": {
        "NO": "1232",
        "共通ID": "E3320200111111",
        "施設・場所名": "新田中学校",
        "住所": "岡山県倉敷市新田2674-3",
        "指定緊急避難場所との住所同一": "1",
        "その他市町村長が必要と認める事項": null,
        "受入対象者": null,
        "備考": ""
      }
    },
    {
      "type": "Feature",
      "geometry": {
        "type": "Point",
        "coordinates": [
          133.779856,
          34.571798
        ]
      },
      "properties": {
        "NO": "1233",
        "共通ID": "E3320200112111",
        "施設・場所名": "新田公民館",
        "住所": "岡山県倉敷市新田2723-3",
        "指定緊急避難場所との住所同一": "1",
        "その他市町村長が必要と認める事項": null,
        "受入対象者": null,
        "備考": ""
      }
    },
    {
      "type": "Feature",
      "geometry": {
        "type": "Point",
        "coordinates": [
          133.709804,
          34.646424
        ]
      },
      "properties": {
        "NO": "1234",
        "共通ID": "E3320200113111",
        "施設・場所名": "真備公民館岡田分館",
        "住所": "岡山県倉敷市真備町岡田271",
        "指定緊急避難場所との住所同一": "1",
        "その他市町村長が必要と認める事項": "",
        "受入対象者": "",
        "備考": ""
      }
    },
    {
      "type": "Feature",
      "geometry": {
        "type": "Point",
        "coordinates": [
          133.704736,
          34.645597
        ]
      },
      "properties": {
        "NO": "1235",
        "共通ID": "E3320200114111",
        "施設・場所名": "岡田小学校",
        "住所": "岡山県倉敷市真備町岡田619-2",
        "指定緊急避難場所との住所同一": "1",
        "その他市町村長が必要と認める事項": "",
        "受入対象者": "",
        "備考": ""
      }
    },
    {
      "type": "Feature",
      "geometry": {
        "type": "Point",
        "coordinates": [
          133.692847,
          34.64823
        ]
      },
      "properties": {
        "NO": "1236",
        "共通ID": "E3320200115111",
        "施設・場所名": "薗小学校",
        "住所": "岡山県倉敷市真備町市場4338",
        "指定緊急避難場所との住所同一": "1",
        "その他市町村長が必要と認める事項": "",
        "受入対象者": "",
        "備考": ""
      }
    },
    {
      "type": "Feature",
      "geometry": {
        "type": "Point",
        "coordinates": [
          133.693205,
          34.647396
        ]
      },
      "properties": {
        "NO": "1237",
        "共通ID": "E3320200116111",
        "施設・場所名": "真備公民館薗分館",
        "住所": "岡山県倉敷市真備町市場4358",
        "指定緊急避難場所との住所同一": "1",
        "その他市町村長が必要と認める事項": "",
        "受入対象者": "",
        "備考": ""
      }
    },
    {
      "type": "Feature",
      "geometry": {
        "type": "Point",
        "coordinates": [
          133.700265,
          34.646218
        ]
      },
      "properties": {
        "NO": "1238",
        "共通ID": "E3320200117111",
        "施設・場所名": "まきび荘",
        "住所": "岡山県倉敷市真備町市場4661",
        "指定緊急避難場所との住所同一": "1",
        "その他市町村長が必要と認める事項": "",
        "受入対象者": "",
        "備考": ""
      }
    },
    {
      "type": "Feature",
      "geometry": {
        "type": "Point",
        "coordinates": [
          133.708404,
          34.604575
        ]
      },
      "properties": {
        "NO": "1239",
        "共通ID": "E3320200118111",
        "施設・場所名": "二万小学校",
        "住所": "岡山県倉敷市真備町上二万3346",
        "指定緊急避難場所との住所同一": "1",
        "その他市町村長が必要と認める事項": "",
        "受入対象者": "",
        "備考": ""
      }
    },
    {
      "type": "Feature",
      "geometry": {
        "type": "Point",
        "coordinates": [
          133.706608,
          34.607339
        ]
      },
      "properties": {
        "NO": "1240",
        "共通ID": "E3320200119111",
        "施設・場所名": "真備公民館二万分館",
        "住所": "岡山県倉敷市真備町上二万392-1",
        "指定緊急避難場所との住所同一": "1",
        "その他市町村長が必要と認める事項": "",
        "受入対象者": "",
        "備考": ""
      }
    },
    {
      "type": "Feature",
      "geometry": {
        "type": "Point",
        "coordinates": [
          133.72269,
          34.639434
        ]
      },
      "properties": {
        "NO": "1241",
        "共通ID": "E3320200120111",
        "施設・場所名": "真備公民館川辺分館",
        "住所": "岡山県倉敷市真備町川辺714",
        "指定緊急避難場所との住所同一": "1",
        "その他市町村長が必要と認める事項": "",
        "受入対象者": "",
        "備考": ""
      }
    },
    {
      "type": "Feature",
      "geometry": {
        "type": "Point",
        "coordinates": [
          133.722036,
          34.639569
        ]
      },
      "properties": {
        "NO": "1242",
        "共通ID": "E3320200121111",
        "施設・場所名": "川辺小学校",
        "住所": "岡山県倉敷市真備町川辺720",
        "指定緊急避難場所との住所同一": "1",
        "その他市町村長が必要と認める事項": "",
        "受入対象者": "",
        "備考": ""
      }
    },
    {
      "type": "Feature",
      "geometry": {
        "type": "Point",
        "coordinates": [
          133.695386,
          34.627956
        ]
      },
      "properties": {
        "NO": "1243",
        "共通ID": "E3320200122111",
        "施設・場所名": "真備中学校",
        "住所": "岡山県倉敷市真備町箭田1058",
        "指定緊急避難場所との住所同一": "1",
        "その他市町村長が必要と認める事項": "",
        "受入対象者": "",
        "備考": ""
      }
    },
    {
      "type": "Feature",
      "geometry": {
        "type": "Point",
        "coordinates": [
          133.689049,
          34.631847
        ]
      },
      "properties": {
        "NO": "1244",
        "共通ID": "E3320200123111",
        "施設・場所名": "真備公民館箭田分館",
        "住所": "岡山県倉敷市真備町箭田1684",
        "指定緊急避難場所との住所同一": "1",
        "その他市町村長が必要と認める事項": "",
        "受入対象者": "",
        "備考": ""
      }
    },
    {
      "type": "Feature",
      "geometry": {
        "type": "Point",
        "coordinates": [
          133.68921,
          34.632019
        ]
      },
      "properties": {
        "NO": "1245",
        "共通ID": "E3320200124111",
        "施設・場所名": "真備公民館",
        "住所": "岡山県倉敷市真備町箭田1685",
        "指定緊急避難場所との住所同一": "1",
        "その他市町村長が必要と認める事項": "",
        "受入対象者": "",
        "備考": ""
      }
    },
    {
      "type": "Feature",
      "geometry": {
        "type": "Point",
        "coordinates": [
          133.688367,
          34.628267
        ]
      },
      "properties": {
        "NO": "1246",
        "共通ID": "E3320200125111",
        "施設・場所名": "市立真備陵南高等学校",
        "住所": "岡山県倉敷市真備町箭田1769-1",
        "指定緊急避難場所との住所同一": "1",
        "その他市町村長が必要と認める事項": "",
        "受入対象者": "",
        "備考": ""
      }
    },
    {
      "type": "Feature",
      "geometry": {
        "type": "Point",
        "coordinates": [
          133.688161,
          34.628574
        ]
      },
      "properties": {
        "NO": "1247",
        "共通ID": "E3320200126111",
        "施設・場所名": "真備柔剣道場",
        "住所": "岡山県倉敷市真備町箭田1770-1",
        "指定緊急避難場所との住所同一": "1",
        "その他市町村長が必要と認める事項": "",
        "受入対象者": "",
        "備考": ""
      }
    },
    {
      "type": "Feature",
      "geometry": {
        "type": "Point",
        "coordinates": [
          133.685152,
          34.642548
        ]
      },
      "properties": {
        "NO": "1248",
        "共通ID": "E3320200128111",
        "施設・場所名": "真備総合公園",
        "住所": "岡山県倉敷市真備町箭田2208",
        "指定緊急避難場所との住所同一": "1",
        "その他市町村長が必要と認める事項": "",
        "受入対象者": "",
        "備考": ""
      }
    },
    {
      "type": "Feature",
      "geometry": {
        "type": "Point",
        "coordinates": [
          133.685809,
          34.627011
        ]
      },
      "properties": {
        "NO": "1249",
        "共通ID": "E3320200130111",
        "施設・場所名": "箭田小学校",
        "住所": "岡山県倉敷市真備町箭田4110",
        "指定緊急避難場所との住所同一": "1",
        "その他市町村長が必要と認める事項": "",
        "受入対象者": "",
        "備考": ""
      }
    },
    {
      "type": "Feature",
      "geometry": {
        "type": "Point",
        "coordinates": [
          133.692986,
          34.624157
        ]
      },
      "properties": {
        "NO": "1250",
        "共通ID": "E3320200131111",
        "施設・場所名": "県立倉敷まきび支援学校",
        "住所": "岡山県倉敷市真備町箭田4682-1",
        "指定緊急避難場所との住所同一": "1",
        "その他市町村長が必要と認める事項": "",
        "受入対象者": "",
        "備考": ""
      }
    },
    {
      "type": "Feature",
      "geometry": {
        "type": "Point",
        "coordinates": [
          133.711619,
          34.642852
        ]
      },
      "properties": {
        "NO": "1251",
        "共通ID": "E3320200132111",
        "施設・場所名": "真備東中学校",
        "住所": "岡山県倉敷市真備町辻田60-1",
        "指定緊急避難場所との住所同一": "1",
        "その他市町村長が必要と認める事項": "",
        "受入対象者": "",
        "備考": ""
      }
    },
    {
      "type": "Feature",
      "geometry": {
        "type": "Point",
        "coordinates": [
          133.716246,
          34.6506
        ]
      },
      "properties": {
        "NO": "1252",
        "共通ID": "E3320200133111",
        "施設・場所名": "真備公民館辻田分館",
        "住所": "岡山県倉敷市真備町辻田947-1",
        "指定緊急避難場所との住所同一": "1",
        "その他市町村長が必要と認める事項": "",
        "受入対象者": "",
        "備考": ""
      }
    },
    {
      "type": "Feature",
      "geometry": {
        "type": "Point",
        "coordinates": [
          133.659728,
          34.623662
        ]
      },
      "properties": {
        "NO": "1253",
        "共通ID": "E3320200134111",
        "施設・場所名": "真備公民館呉妹分館",
        "住所": "岡山県倉敷市真備町尾崎2376-1",
        "指定緊急避難場所との住所同一": "1",
        "その他市町村長が必要と認める事項": "",
        "受入対象者": "",
        "備考": ""
      }
    },
    {
      "type": "Feature",
      "geometry": {
        "type": "Point",
        "coordinates": [
          133.673564,
          34.618634
        ]
      },
      "properties": {
        "NO": "1254",
        "共通ID": "E3320200135111",
        "施設・場所名": "真備公民館服部分館",
        "住所": "岡山県倉敷市真備町服部1112-3",
        "指定緊急避難場所との住所同一": "1",
        "その他市町村長が必要と認める事項": "",
        "受入対象者": "",
        "備考": ""
      }
    },
    {
      "type": "Feature",
      "geometry": {
        "type": "Point",
        "coordinates": [
          133.654327,
          34.617642
        ]
      },
      "properties": {
        "NO": "1255",
        "共通ID": "E3320200136111",
        "施設・場所名": "井ノ口公会堂",
        "住所": "岡山県倉敷市真備町妹",
        "指定緊急避難場所との住所同一": "1",
        "その他市町村長が必要と認める事項": null,
        "受入対象者": null,
        "備考": ""
      }
    },
    {
      "type": "Feature",
      "geometry": {
        "type": "Point",
        "coordinates": [
          133.656612,
          34.625149
        ]
      },
      "properties": {
        "NO": "1256",
        "共通ID": "E3320200137111",
        "施設・場所名": "呉妹小学校",
        "住所": "岡山県倉敷市真備町妹137",
        "指定緊急避難場所との住所同一": "1",
        "その他市町村長が必要と認める事項": "",
        "受入対象者": "",
        "備考": ""
      }
    },
    {
      "type": "Feature",
      "geometry": {
        "type": "Point",
        "coordinates": [
          133.732488,
          34.54206
        ]
      },
      "properties": {
        "NO": "1257",
        "共通ID": "E3320200141111",
        "施設・場所名": "連島神亀小学校",
        "住所": "岡山県倉敷市神田3-6-34",
        "指定緊急避難場所との住所同一": "1",
        "その他市町村長が必要と認める事項": null,
        "受入対象者": null,
        "備考": ""
      }
    },
    {
      "type": "Feature",
      "geometry": {
        "type": "Point",
        "coordinates": [
          133.744617,
          34.595031
        ]
      },
      "properties": {
        "NO": "1258",
        "共通ID": "E3320200142111",
        "施設・場所名": "中洲小学校",
        "住所": "岡山県倉敷市水江1594-1",
        "指定緊急避難場所との住所同一": "1",
        "その他市町村長が必要と認める事項": null,
        "受入対象者": null,
        "備考": ""
      }
    },
    {
      "type": "Feature",
      "geometry": {
        "type": "Point",
        "coordinates": [
          133.739044,
          34.531484
        ]
      },
      "properties": {
        "NO": "1259",
        "共通ID": "E3320200145111",
        "施設・場所名": "第五福田小学校",
        "住所": "岡山県倉敷市水島西千鳥町4-37",
        "指定緊急避難場所との住所同一": "1",
        "その他市町村長が必要と認める事項": null,
        "受入対象者": null,
        "備考": ""
      }
    },
    {
      "type": "Feature",
      "geometry": {
        "type": "Point",
        "coordinates": [
          133.741629,
          34.540141
        ]
      },
      "properties": {
        "NO": "1260",
        "共通ID": "E3320200157111",
        "施設・場所名": "水島公民館",
        "住所": "岡山県倉敷市水島北幸町1-2",
        "指定緊急避難場所との住所同一": "1",
        "その他市町村長が必要と認める事項": null,
        "受入対象者": null,
        "備考": ""
      }
    },
    {
      "type": "Feature",
      "geometry": {
        "type": "Point",
        "coordinates": [
          133.741066,
          34.540735
        ]
      },
      "properties": {
        "NO": "1261",
        "共通ID": "E3320200158111",
        "施設・場所名": "水島中学校",
        "住所": "岡山県倉敷市水島北幸町3-1",
        "指定緊急避難場所との住所同一": "1",
        "その他市町村長が必要と認める事項": null,
        "受入対象者": null,
        "備考": ""
      }
    },
    {
      "type": "Feature",
      "geometry": {
        "type": "Point",
        "coordinates": [
          133.741726,
          34.54522
        ]
      },
      "properties": {
        "NO": "1262",
        "共通ID": "E3320200159111",
        "施設・場所名": "水島小学校",
        "住所": "岡山県倉敷市水島北春日町11-11",
        "指定緊急避難場所との住所同一": "1",
        "その他市町村長が必要と認める事項": null,
        "受入対象者": null,
        "備考": ""
      }
    },
    {
      "type": "Feature",
      "geometry": {
        "type": "Point",
        "coordinates": [
          133.728972,
          34.584602
        ]
      },
      "properties": {
        "NO": "1263",
        "共通ID": "E3320200161111",
        "施設・場所名": "倉敷第一中学校",
        "住所": "岡山県倉敷市西阿知町1070",
        "指定緊急避難場所との住所同一": "1",
        "その他市町村長が必要と認める事項": null,
        "受入対象者": null,
        "備考": ""
      }
    },
    {
      "type": "Feature",
      "geometry": {
        "type": "Point",
        "coordinates": [
          133.726638,
          34.587202
        ]
      },
      "properties": {
        "NO": "1264",
        "共通ID": "E3320200162111",
        "施設・場所名": "西阿知公民館",
        "住所": "岡山県倉敷市西阿知町1122-2",
        "指定緊急避難場所との住所同一": "1",
        "その他市町村長が必要と認める事項": null,
        "受入対象者": null,
        "備考": ""
      }
    },
    {
      "type": "Feature",
      "geometry": {
        "type": "Point",
        "coordinates": [
          133.725335,
          34.582448
        ]
      },
      "properties": {
        "NO": "1265",
        "共通ID": "E3320200163111",
        "施設・場所名": "県立水島工業高等学校",
        "住所": "岡山県倉敷市西阿知町1230",
        "指定緊急避難場所との住所同一": "1",
        "その他市町村長が必要と認める事項": null,
        "受入対象者": null,
        "備考": ""
      }
    },
    {
      "type": "Feature",
      "geometry": {
        "type": "Point",
        "coordinates": [
          133.723405,
          34.585299
        ]
      },
      "properties": {
        "NO": "1266",
        "共通ID": "E3320200164111",
        "施設・場所名": "西阿知幼稚園",
        "住所": "岡山県倉敷市西阿知町西原1000",
        "指定緊急避難場所との住所同一": "1",
        "その他市町村長が必要と認める事項": null,
        "受入対象者": null,
        "備考": ""
      }
    },
    {
      "type": "Feature",
      "geometry": {
        "type": "Point",
        "coordinates": [
          133.723611,
          34.586179
        ]
      },
      "properties": {
        "NO": "1267",
        "共通ID": "E3320200165111",
        "施設・場所名": "西阿知小学校",
        "住所": "岡山県倉敷市西阿知町西原1003",
        "指定緊急避難場所との住所同一": "1",
        "その他市町村長が必要と認める事項": null,
        "受入対象者": null,
        "備考": ""
      }
    },
    {
      "type": "Feature",
      "geometry": {
        "type": "Point",
        "coordinates": [
          133.774618,
          34.622728
        ]
      },
      "properties": {
        "NO": "1268",
        "共通ID": "E3320200166111",
        "施設・場所名": "菅生小学校",
        "住所": "岡山県倉敷市西坂538",
        "指定緊急避難場所との住所同一": "1",
        "その他市町村長が必要と認める事項": null,
        "受入対象者": null,
        "備考": ""
      }
    },
    {
      "type": "Feature",
      "geometry": {
        "type": "Point",
        "coordinates": [
          133.776278,
          34.622118
        ]
      },
      "properties": {
        "NO": "1269",
        "共通ID": "E3320200167111",
        "施設・場所名": "菅生幼稚園",
        "住所": "岡山県倉敷市西坂738",
        "指定緊急避難場所との住所同一": "1",
        "その他市町村長が必要と認める事項": null,
        "受入対象者": null,
        "備考": ""
      }
    },
    {
      "type": "Feature",
      "geometry": {
        "type": "Point",
        "coordinates": [
          133.807475,
          34.593717
        ]
      },
      "properties": {
        "NO": "1270",
        "共通ID": "E3320200168111",
        "施設・場所名": "豊洲小学校",
        "住所": "岡山県倉敷市西田201-1",
        "指定緊急避難場所との住所同一": "1",
        "その他市町村長が必要と認める事項": null,
        "受入対象者": null,
        "備考": ""
      }
    },
    {
      "type": "Feature",
      "geometry": {
        "type": "Point",
        "coordinates": [
          133.743033,
          34.572451
        ]
      },
      "properties": {
        "NO": "1271",
        "共通ID": "E3320200169111",
        "施設・場所名": "県立倉敷中央高等学校",
        "住所": "岡山県倉敷市西富井1384",
        "指定緊急避難場所との住所同一": "1",
        "その他市町村長が必要と認める事項": null,
        "受入対象者": null,
        "備考": ""
      }
    },
    {
      "type": "Feature",
      "geometry": {
        "type": "Point",
        "coordinates": [
          133.744323,
          34.57286
        ]
      },
      "properties": {
        "NO": "1272",
        "共通ID": "E3320200170111",
        "施設・場所名": "南中学校",
        "住所": "岡山県倉敷市西富井1387",
        "指定緊急避難場所との住所同一": "1",
        "その他市町村長が必要と認める事項": null,
        "受入対象者": null,
        "備考": ""
      }
    },
    {
      "type": "Feature",
      "geometry": {
        "type": "Point",
        "coordinates": [
          133.708754,
          34.58468
        ]
      },
      "properties": {
        "NO": "1273",
        "共通ID": "E3320200173111",
        "施設・場所名": "船穂公民館",
        "住所": "岡山県倉敷市船穂町船穂1697",
        "指定緊急避難場所との住所同一": "1",
        "その他市町村長が必要と認める事項": "",
        "受入対象者": "",
        "備考": ""
      }
    },
    {
      "type": "Feature",
      "geometry": {
        "type": "Point",
        "coordinates": [
          133.697383,
          34.58211
        ]
      },
      "properties": {
        "NO": "1274",
        "共通ID": "E3320200174111",
        "施設・場所名": "船穂町高齢者福祉センター",
        "住所": "岡山県倉敷市船穂町船穂1861-1",
        "指定緊急避難場所との住所同一": "1",
        "その他市町村長が必要と認める事項": "",
        "受入対象者": "",
        "備考": ""
      }
    },
    {
      "type": "Feature",
      "geometry": {
        "type": "Point",
        "coordinates": [
          133.70545,
          34.585209
        ]
      },
      "properties": {
        "NO": "1275",
        "共通ID": "E3320200175111",
        "施設・場所名": "船穂小学校",
        "住所": "岡山県倉敷市船穂町船穂2643",
        "指定緊急避難場所との住所同一": "1",
        "その他市町村長が必要と認める事項": "",
        "受入対象者": "",
        "備考": ""
      }
    },
    {
      "type": "Feature",
      "geometry": {
        "type": "Point",
        "coordinates": [
          133.708173,
          34.588419
        ]
      },
      "properties": {
        "NO": "1276",
        "共通ID": "E3320200176111",
        "施設・場所名": "船穂中学校",
        "住所": "岡山県倉敷市船穂町船穂2817-1",
        "指定緊急避難場所との住所同一": "1",
        "その他市町村長が必要と認める事項": "",
        "受入対象者": "",
        "備考": ""
      }
    },
    {
      "type": "Feature",
      "geometry": {
        "type": "Point",
        "coordinates": [
          133.708639,
          34.587637
        ]
      },
      "properties": {
        "NO": "1277",
        "共通ID": "E3320200177111",
        "施設・場所名": "船穂憩の家",
        "住所": "岡山県倉敷市船穂町船穂2836-1",
        "指定緊急避難場所との住所同一": "1",
        "その他市町村長が必要と認める事項": "",
        "受入対象者": "",
        "備考": ""
      }
    },
    {
      "type": "Feature",
      "geometry": {
        "type": "Point",
        "coordinates": [
          133.706877,
          34.585965
        ]
      },
      "properties": {
        "NO": "1278",
        "共通ID": "E3320200178111",
        "施設・場所名": "船穂幼稚園",
        "住所": "岡山県倉敷市船穂町船穂2864",
        "指定緊急避難場所との住所同一": "1",
        "その他市町村長が必要と認める事項": "",
        "受入対象者": "",
        "備考": ""
      }
    },
    {
      "type": "Feature",
      "geometry": {
        "type": "Point",
        "coordinates": [
          133.707097,
          34.585592
        ]
      },
      "properties": {
        "NO": "1279",
        "共通ID": "E3320200179111",
        "施設・場所名": "船穂武道館",
        "住所": "岡山県倉敷市船穂町船穂2897-2",
        "指定緊急避難場所との住所同一": "1",
        "その他市町村長が必要と認める事項": "",
        "受入対象者": "",
        "備考": ""
      }
    },
    {
      "type": "Feature",
      "geometry": {
        "type": "Point",
        "coordinates": [
          133.721313,
          34.610457
        ]
      },
      "properties": {
        "NO": "1280",
        "共通ID": "E3320200180111",
        "施設・場所名": "柳井原小学校",
        "住所": "岡山県倉敷市船穂町柳井原1854-5",
        "指定緊急避難場所との住所同一": "1",
        "その他市町村長が必要と認める事項": "",
        "受入対象者": "",
        "備考": ""
      }
    },
    {
      "type": "Feature",
      "geometry": {
        "type": "Point",
        "coordinates": [
          133.782069,
          34.606263
        ]
      },
      "properties": {
        "NO": "1281",
        "共通ID": "E3320200182111",
        "施設・場所名": "万寿東幼稚園",
        "住所": "岡山県倉敷市大島202-2",
        "指定緊急避難場所との住所同一": "1",
        "その他市町村長が必要と認める事項": null,
        "受入対象者": null,
        "備考": ""
      }
    },
    {
      "type": "Feature",
      "geometry": {
        "type": "Point",
        "coordinates": [
          133.828523,
          34.57959
        ]
      },
      "properties": {
        "NO": "1282",
        "共通ID": "E3320200183111",
        "施設・場所名": "茶屋町公民館",
        "住所": "岡山県倉敷市茶屋町1604-4",
        "指定緊急避難場所との住所同一": "1",
        "その他市町村長が必要と認める事項": null,
        "受入対象者": null,
        "備考": ""
      }
    },
    {
      "type": "Feature",
      "geometry": {
        "type": "Point",
        "coordinates": [
          133.822637,
          34.575702
        ]
      },
      "properties": {
        "NO": "1283",
        "共通ID": "E3320200184111",
        "施設・場所名": "茶屋町西幼稚園",
        "住所": "岡山県倉敷市茶屋町291-5",
        "指定緊急避難場所との住所同一": "1",
        "その他市町村長が必要と認める事項": null,
        "受入対象者": null,
        "備考": ""
      }
    },
    {
      "type": "Feature",
      "geometry": {
        "type": "Point",
        "coordinates": [
          133.829205,
          34.582682
        ]
      },
      "properties": {
        "NO": "1284",
        "共通ID": "E3320200185111",
        "施設・場所名": "茶屋町東幼稚園",
        "住所": "岡山県倉敷市茶屋町早沖442",
        "指定緊急避難場所との住所同一": "1",
        "その他市町村長が必要と認める事項": null,
        "受入対象者": null,
        "備考": ""
      }
    },
    {
      "type": "Feature",
      "geometry": {
        "type": "Point",
        "coordinates": [
          133.828736,
          34.582167
        ]
      },
      "properties": {
        "NO": "1285",
        "共通ID": "E3320200186111",
        "施設・場所名": "茶屋町小学校",
        "住所": "岡山県倉敷市茶屋町早沖445",
        "指定緊急避難場所との住所同一": "1",
        "その他市町村長が必要と認める事項": null,
        "受入対象者": null,
        "備考": ""
      }
    },
    {
      "type": "Feature",
      "geometry": {
        "type": "Point",
        "coordinates": [
          133.770788,
          34.591952
        ]
      },
      "properties": {
        "NO": "1286",
        "共通ID": "E3320200187111",
        "施設・場所名": "倉敷西小学校",
        "住所": "岡山県倉敷市中央1-21-1",
        "指定緊急避難場所との住所同一": "1",
        "その他市町村長が必要と認める事項": null,
        "受入対象者": null,
        "備考": ""
      }
    },
    {
      "type": "Feature",
      "geometry": {
        "type": "Point",
        "coordinates": [
          133.767934,
          34.595313
        ]
      },
      "properties": {
        "NO": "1287",
        "共通ID": "E3320200188111",
        "施設・場所名": "倉敷幼稚園",
        "住所": "岡山県倉敷市中央2-7-1",
        "指定緊急避難場所との住所同一": "1",
        "その他市町村長が必要と認める事項": null,
        "受入対象者": null,
        "備考": ""
      }
    },
    {
      "type": "Feature",
      "geometry": {
        "type": "Point",
        "coordinates": [
          133.796679,
          34.614338
        ]
      },
      "properties": {
        "NO": "1288",
        "共通ID": "E3320200189111",
        "施設・場所名": "倉敷北公民館",
        "住所": "岡山県倉敷市中庄1895-1",
        "指定緊急避難場所との住所同一": "1",
        "その他市町村長が必要と認める事項": null,
        "受入対象者": null,
        "備考": ""
      }
    },
    {
      "type": "Feature",
      "geometry": {
        "type": "Point",
        "coordinates": [
          133.796265,
          34.614741
        ]
      },
      "properties": {
        "NO": "1289",
        "共通ID": "E3320200190111",
        "施設・場所名": "中庄小学校",
        "住所": "岡山県倉敷市中庄2599",
        "指定緊急避難場所との住所同一": "1",
        "その他市町村長が必要と認める事項": null,
        "受入対象者": null,
        "備考": ""
      }
    },
    {
      "type": "Feature",
      "geometry": {
        "type": "Point",
        "coordinates": [
          133.798969,
          34.614711
        ]
      },
      "properties": {
        "NO": "1290",
        "共通ID": "E3320200191111",
        "施設・場所名": "中庄幼稚園",
        "住所": "岡山県倉敷市中庄2700",
        "指定緊急避難場所との住所同一": "1",
        "その他市町村長が必要と認める事項": null,
        "受入対象者": null,
        "備考": ""
      }
    },
    {
      "type": "Feature",
      "geometry": {
        "type": "Point",
        "coordinates": [
          133.789209,
          34.619687
        ]
      },
      "properties": {
        "NO": "1291",
        "共通ID": "E3320200193111",
        "施設・場所名": "北中学校",
        "住所": "岡山県倉敷市中庄505",
        "指定緊急避難場所との住所同一": "1",
        "その他市町村長が必要と認める事項": null,
        "受入対象者": null,
        "備考": ""
      }
    },
    {
      "type": "Feature",
      "geometry": {
        "type": "Point",
        "coordinates": [
          133.803067,
          34.596279
        ]
      },
      "properties": {
        "NO": "1292",
        "共通ID": "E3320200194111",
        "施設・場所名": "豊洲幼稚園",
        "住所": "岡山県倉敷市中帯江148-1",
        "指定緊急避難場所との住所同一": "1",
        "その他市町村長が必要と認める事項": null,
        "受入対象者": null,
        "備考": ""
      }
    },
    {
      "type": "Feature",
      "geometry": {
        "type": "Point",
        "coordinates": [
          133.738095,
          34.584381
        ]
      },
      "properties": {
        "NO": "1293",
        "共通ID": "E3320200195111",
        "施設・場所名": "中島幼稚園",
        "住所": "岡山県倉敷市中島717",
        "指定緊急避難場所との住所同一": "1",
        "その他市町村長が必要と認める事項": null,
        "受入対象者": null,
        "備考": ""
      }
    },
    {
      "type": "Feature",
      "geometry": {
        "type": "Point",
        "coordinates": [
          133.735758,
          34.579644
        ]
      },
      "properties": {
        "NO": "1294",
        "共通ID": "E3320200197111",
        "施設・場所名": "中島小学校",
        "住所": "岡山県倉敷市中島909-3",
        "指定緊急避難場所との住所同一": "1",
        "その他市町村長が必要と認める事項": null,
        "受入対象者": null,
        "備考": ""
      }
    },
    {
      "type": "Feature",
      "geometry": {
        "type": "Point",
        "coordinates": [
          133.771461,
          34.599212
        ]
      },
      "properties": {
        "NO": "1295",
        "共通ID": "E3320200199111",
        "施設・場所名": "倉敷東小学校",
        "住所": "岡山県倉敷市鶴形2-6-10",
        "指定緊急避難場所との住所同一": "1",
        "その他市町村長が必要と認める事項": null,
        "受入対象者": null,
        "備考": ""
      }
    },
    {
      "type": "Feature",
      "geometry": {
        "type": "Point",
        "coordinates": [
          133.77409,
          34.599298
        ]
      },
      "properties": {
        "NO": "1296",
        "共通ID": "E3320200200111",
        "施設・場所名": "倉敷東幼稚園",
        "住所": "岡山県倉敷市鶴形2-8-23",
        "指定緊急避難場所との住所同一": "1",
        "その他市町村長が必要と認める事項": null,
        "受入対象者": null,
        "備考": ""
      }
    },
    {
      "type": "Feature",
      "geometry": {
        "type": "Point",
        "coordinates": [
          133.758465,
          34.592304
        ]
      },
      "properties": {
        "NO": "1297",
        "共通ID": "E3320200201111",
        "施設・場所名": "市立工業高等学校",
        "住所": "岡山県倉敷市田ノ上716-1",
        "指定緊急避難場所との住所同一": "1",
        "その他市町村長が必要と認める事項": null,
        "受入対象者": null,
        "備考": ""
      }
    },
    {
      "type": "Feature",
      "geometry": {
        "type": "Point",
        "coordinates": [
          133.756337,
          34.527149
        ]
      },
      "properties": {
        "NO": "1298",
        "共通ID": "E3320200204111",
        "施設・場所名": "第一福田幼稚園",
        "住所": "岡山県倉敷市東塚3-1-1",
        "指定緊急避難場所との住所同一": "1",
        "その他市町村長が必要と認める事項": "",
        "受入対象者": "",
        "備考": ""
      }
    },
    {
      "type": "Feature",
      "geometry": {
        "type": "Point",
        "coordinates": [
          133.756075,
          34.528692
        ]
      },
      "properties": {
        "NO": "1299",
        "共通ID": "E3320200204112",
        "施設・場所名": "第一福田小学校",
        "住所": "岡山県倉敷市東塚3-1-1",
        "指定緊急避難場所との住所同一": "1",
        "その他市町村長が必要と認める事項": "",
        "受入対象者": "",
        "備考": ""
      }
    },
    {
      "type": "Feature",
      "geometry": {
        "type": "Point",
        "coordinates": [
          133.764158,
          34.529722
        ]
      },
      "properties": {
        "NO": "1300",
        "共通ID": "E3320200205111",
        "施設・場所名": "福田南公民館",
        "住所": "岡山県倉敷市東塚5-5-35",
        "指定緊急避難場所との住所同一": "1",
        "その他市町村長が必要と認める事項": null,
        "受入対象者": null,
        "備考": ""
      }
    },
    {
      "type": "Feature",
      "geometry": {
        "type": "Point",
        "coordinates": [
          133.75485,
          34.573345
        ]
      },
      "properties": {
        "NO": "1301",
        "共通ID": "E3320200206111",
        "施設・場所名": "倉敷南小学校",
        "住所": "岡山県倉敷市東富井1005-10",
        "指定緊急避難場所との住所同一": "1",
        "その他市町村長が必要と認める事項": null,
        "受入対象者": null,
        "備考": ""
      }
    },
    {
      "type": "Feature",
      "geometry": {
        "type": "Point",
        "coordinates": [
          133.812724,
          34.560468
        ]
      },
      "properties": {
        "NO": "1302",
        "共通ID": "E3320200207111",
        "施設・場所名": "天城幼稚園",
        "住所": "岡山県倉敷市藤戸町天城2276",
        "指定緊急避難場所との住所同一": "1",
        "その他市町村長が必要と認める事項": null,
        "受入対象者": null,
        "備考": ""
      }
    },
    {
      "type": "Feature",
      "geometry": {
        "type": "Point",
        "coordinates": [
          133.811427,
          34.560984
        ]
      },
      "properties": {
        "NO": "1303",
        "共通ID": "E3320200208111",
        "施設・場所名": "天城小学校",
        "住所": "岡山県倉敷市藤戸町天城2285",
        "指定緊急避難場所との住所同一": "1",
        "その他市町村長が必要と認める事項": null,
        "受入対象者": null,
        "備考": ""
      }
    },
    {
      "type": "Feature",
      "geometry": {
        "type": "Point",
        "coordinates": [
          133.811712,
          34.563688
        ]
      },
      "properties": {
        "NO": "1304",
        "共通ID": "E3320200209111",
        "施設・場所名": "県立倉敷天城高等学校",
        "住所": "岡山県倉敷市藤戸町天城269",
        "指定緊急避難場所との住所同一": "1",
        "その他市町村長が必要と認める事項": null,
        "受入対象者": null,
        "備考": ""
      }
    },
    {
      "type": "Feature",
      "geometry": {
        "type": "Point",
        "coordinates": [
          133.817397,
          34.640779
        ]
      },
      "properties": {
        "NO": "1305",
        "共通ID": "E3320200212111",
        "施設・場所名": "清心中学校・清心女子高等学校",
        "住所": "岡山県倉敷市二子1200",
        "指定緊急避難場所との住所同一": "1",
        "その他市町村長が必要と認める事項": null,
        "受入対象者": null,
        "備考": ""
      }
    },
    {
      "type": "Feature",
      "geometry": {
        "type": "Point",
        "coordinates": [
          133.75473,
          34.598372
        ]
      },
      "properties": {
        "NO": "1306",
        "共通ID": "E3320200213111",
        "施設・場所名": "西中学校",
        "住所": "岡山県倉敷市日吉町205",
        "指定緊急避難場所との住所同一": "1",
        "その他市町村長が必要と認める事項": null,
        "受入対象者": null,
        "備考": ""
      }
    },
    {
      "type": "Feature",
      "geometry": {
        "type": "Point",
        "coordinates": [
          133.769271,
          34.588124
        ]
      },
      "properties": {
        "NO": "1307",
        "共通ID": "E3320200215111",
        "施設・場所名": "県立倉敷商業高等学校",
        "住所": "岡山県倉敷市白楽町545",
        "指定緊急避難場所との住所同一": "1",
        "その他市町村長が必要と認める事項": null,
        "受入対象者": null,
        "備考": ""
      }
    },
    {
      "type": "Feature",
      "geometry": {
        "type": "Point",
        "coordinates": [
          133.752173,
          34.599195
        ]
      },
      "properties": {
        "NO": "1308",
        "共通ID": "E3320200216111",
        "施設・場所名": "倉敷西公民館",
        "住所": "岡山県倉敷市八王寺町199-3",
        "指定緊急避難場所との住所同一": "1",
        "その他市町村長が必要と認める事項": null,
        "受入対象者": null,
        "備考": ""
      }
    },
    {
      "type": "Feature",
      "geometry": {
        "type": "Point",
        "coordinates": [
          133.836694,
          34.515715
        ]
      },
      "properties": {
        "NO": "1309",
        "共通ID": "E3320200218111",
        "施設・場所名": "郷内小学校尾原体育館",
        "住所": "岡山県倉敷市尾原689",
        "指定緊急避難場所との住所同一": "1",
        "その他市町村長が必要と認める事項": "",
        "受入対象者": "",
        "備考": ""
      }
    },
    {
      "type": "Feature",
      "geometry": {
        "type": "Point",
        "coordinates": [
          133.771799,
          34.606729
        ]
      },
      "properties": {
        "NO": "1310",
        "共通ID": "E3320200219111",
        "施設・場所名": "倉敷東公民館",
        "住所": "岡山県倉敷市浜町2-2-30",
        "指定緊急避難場所との住所同一": "1",
        "その他市町村長が必要と認める事項": null,
        "受入対象者": null,
        "備考": ""
      }
    },
    {
      "type": "Feature",
      "geometry": {
        "type": "Point",
        "coordinates": [
          133.77282,
          34.607676
        ]
      },
      "properties": {
        "NO": "1311",
        "共通ID": "E3320200220111",
        "施設・場所名": "万寿幼稚園",
        "住所": "岡山県倉敷市浜町2-3-1",
        "指定緊急避難場所との住所同一": "1",
        "その他市町村長が必要と認める事項": "",
        "受入対象者": "",
        "備考": ""
      }
    },
    {
      "type": "Feature",
      "geometry": {
        "type": "Point",
        "coordinates": [
          133.771725,
          34.607596
        ]
      },
      "properties": {
        "NO": "1312",
        "共通ID": "E3320200220112",
        "施設・場所名": "万寿小学校",
        "住所": "岡山県倉敷市浜町2-3-1",
        "指定緊急避難場所との住所同一": "1",
        "その他市町村長が必要と認める事項": "",
        "受入対象者": "",
        "備考": ""
      }
    },
    {
      "type": "Feature",
      "geometry": {
        "type": "Point",
        "coordinates": [
          133.768131,
          34.53335
        ]
      },
      "properties": {
        "NO": "1313",
        "共通ID": "E3320200221111",
        "施設・場所名": "水島緑地福田公園",
        "住所": "岡山県倉敷市福田町古新田1027",
        "指定緊急避難場所との住所同一": "1",
        "その他市町村長が必要と認める事項": "",
        "受入対象者": "",
        "備考": ""
      }
    },
    {
      "type": "Feature",
      "geometry": {
        "type": "Point",
        "coordinates": [
          133.759623,
          34.54661
        ]
      },
      "properties": {
        "NO": "1314",
        "共通ID": "E3320200222111",
        "施設・場所名": "県立倉敷古城池高等学校",
        "住所": "岡山県倉敷市福田町古新田116-1",
        "指定緊急避難場所との住所同一": "1",
        "その他市町村長が必要と認める事項": null,
        "受入対象者": null,
        "備考": ""
      }
    },
    {
      "type": "Feature",
      "geometry": {
        "type": "Point",
        "coordinates": [
          133.759614,
          34.541808
        ]
      },
      "properties": {
        "NO": "1315",
        "共通ID": "E3320200223111",
        "施設・場所名": "福田公民館",
        "住所": "岡山県倉敷市福田町古新田274-21",
        "指定緊急避難場所との住所同一": "1",
        "その他市町村長が必要と認める事項": null,
        "受入対象者": null,
        "備考": ""
      }
    },
    {
      "type": "Feature",
      "geometry": {
        "type": "Point",
        "coordinates": [
          133.764745,
          34.548587
        ]
      },
      "properties": {
        "NO": "1316",
        "共通ID": "E3320200224111",
        "施設・場所名": "第二福田小学校",
        "住所": "岡山県倉敷市福田町古新田310-2",
        "指定緊急避難場所との住所同一": "1",
        "その他市町村長が必要と認める事項": null,
        "受入対象者": null,
        "備考": ""
      }
    },
    {
      "type": "Feature",
      "geometry": {
        "type": "Point",
        "coordinates": [
          133.761741,
          34.537192
        ]
      },
      "properties": {
        "NO": "1317",
        "共通ID": "E3320200225111",
        "施設・場所名": "福田中学校",
        "住所": "岡山県倉敷市福田町古新田533-1",
        "指定緊急避難場所との住所同一": "1",
        "その他市町村長が必要と認める事項": null,
        "受入対象者": null,
        "備考": ""
      }
    },
    {
      "type": "Feature",
      "geometry": {
        "type": "Point",
        "coordinates": [
          133.766476,
          34.545138
        ]
      },
      "properties": {
        "NO": "1318",
        "共通ID": "E3320200226111",
        "施設・場所名": "第二福田幼稚園",
        "住所": "岡山県倉敷市福田町古新田620-2",
        "指定緊急避難場所との住所同一": "1",
        "その他市町村長が必要と認める事項": null,
        "受入対象者": null,
        "備考": ""
      }
    },
    {
      "type": "Feature",
      "geometry": {
        "type": "Point",
        "coordinates": [
          133.762833,
          34.535377
        ]
      },
      "properties": {
        "NO": "1319",
        "共通ID": "E3320200227111",
        "施設・場所名": "福田南中学校",
        "住所": "岡山県倉敷市福田町古新田711-4",
        "指定緊急避難場所との住所同一": "1",
        "その他市町村長が必要と認める事項": null,
        "受入対象者": null,
        "備考": ""
      }
    },
    {
      "type": "Feature",
      "geometry": {
        "type": "Point",
        "coordinates": [
          133.782016,
          34.606525
        ]
      },
      "properties": {
        "NO": "1320",
        "共通ID": "E3320200230111",
        "施設・場所名": "万寿東小学校",
        "住所": "岡山県倉敷市福島410",
        "指定緊急避難場所との住所同一": "1",
        "その他市町村長が必要と認める事項": null,
        "受入対象者": null,
        "備考": ""
      }
    },
    {
      "type": "Feature",
      "geometry": {
        "type": "Point",
        "coordinates": [
          133.77674,
          34.611844
        ]
      },
      "properties": {
        "NO": "1321",
        "共通ID": "E3320200231111",
        "施設・場所名": "東中学校",
        "住所": "岡山県倉敷市平田155-100",
        "指定緊急避難場所との住所同一": "1",
        "その他市町村長が必要と認める事項": null,
        "受入対象者": null,
        "備考": ""
      }
    },
    {
      "type": "Feature",
      "geometry": {
        "type": "Point",
        "coordinates": [
          133.749339,
          34.546573
        ]
      },
      "properties": {
        "NO": "1322",
        "共通ID": "E3320200233112",
        "施設・場所名": "第四福田小学校",
        "住所": "岡山県倉敷市北畝3-8-1",
        "指定緊急避難場所との住所同一": "1",
        "その他市町村長が必要と認める事項": "",
        "受入対象者": "",
        "備考": ""
      }
    },
    {
      "type": "Feature",
      "geometry": {
        "type": "Point",
        "coordinates": [
          133.749205,
          34.545725
        ]
      },
      "properties": {
        "NO": "1323",
        "共通ID": "E3320200233111",
        "施設・場所名": "第四福田幼稚園",
        "住所": "岡山県倉敷市北畝3-8-1",
        "指定緊急避難場所との住所同一": "1",
        "その他市町村長が必要と認める事項": "",
        "受入対象者": "",
        "備考": ""
      }
    },
    {
      "type": "Feature",
      "geometry": {
        "type": "Point",
        "coordinates": [
          133.757206,
          34.5796
        ]
      },
      "properties": {
        "NO": "1324",
        "共通ID": "E3320200234111",
        "施設・場所名": "大高小学校",
        "住所": "岡山県倉敷市堀南621",
        "指定緊急避難場所との住所同一": "1",
        "その他市町村長が必要と認める事項": null,
        "受入対象者": null,
        "備考": ""
      }
    },
    {
      "type": "Feature",
      "geometry": {
        "type": "Point",
        "coordinates": [
          133.77179,
          34.596889
        ]
      },
      "properties": {
        "NO": "1325",
        "共通ID": "E3320200235111",
        "施設・場所名": "倉敷公民館",
        "住所": "岡山県倉敷市本町2-21",
        "指定緊急避難場所との住所同一": "1",
        "その他市町村長が必要と認める事項": null,
        "受入対象者": null,
        "備考": ""
      }
    },
    {
      "type": "Feature",
      "geometry": {
        "type": "Point",
        "coordinates": [
          133.799723,
          34.575677
        ]
      },
      "properties": {
        "NO": "1326",
        "共通ID": "E3320200238111",
        "施設・場所名": "多津美中学校",
        "住所": "岡山県倉敷市有城986",
        "指定緊急避難場所との住所同一": "1",
        "その他市町村長が必要と認める事項": null,
        "受入対象者": null,
        "備考": ""
      }
    },
    {
      "type": "Feature",
      "geometry": {
        "type": "Point",
        "coordinates": [
          133.785649,
          34.569338
        ]
      },
      "properties": {
        "NO": "1327",
        "共通ID": "E3320200239111",
        "施設・場所名": "倉敷支援学校",
        "住所": "岡山県倉敷市粒浦388-1",
        "指定緊急避難場所との住所同一": "1",
        "その他市町村長が必要と認める事項": null,
        "受入対象者": null,
        "備考": ""
      }
    },
    {
      "type": "Feature",
      "geometry": {
        "type": "Point",
        "coordinates": [
          133.78898,
          34.563126
        ]
      },
      "properties": {
        "NO": "1328",
        "共通ID": "E3320200240111",
        "施設・場所名": "粒江幼稚園",
        "住所": "岡山県倉敷市粒江1726",
        "指定緊急避難場所との住所同一": "1",
        "その他市町村長が必要と認める事項": null,
        "受入対象者": null,
        "備考": ""
      }
    },
    {
      "type": "Feature",
      "geometry": {
        "type": "Point",
        "coordinates": [
          133.790985,
          34.56336
        ]
      },
      "properties": {
        "NO": "1329",
        "共通ID": "E3320200241111",
        "施設・場所名": "粒江小学校",
        "住所": "岡山県倉敷市粒江2161",
        "指定緊急避難場所との住所同一": "1",
        "その他市町村長が必要と認める事項": null,
        "受入対象者": null,
        "備考": ""
      }
    },
    {
      "type": "Feature",
      "geometry": {
        "type": "Point",
        "coordinates": [
          133.819046,
          34.536273
        ]
      },
      "properties": {
        "NO": "1330",
        "共通ID": "E3320200243111",
        "施設・場所名": "郷内小学校",
        "住所": "岡山県倉敷市林1000",
        "指定緊急避難場所との住所同一": "1",
        "その他市町村長が必要と認める事項": null,
        "受入対象者": null,
        "備考": ""
      }
    },
    {
      "type": "Feature",
      "geometry": {
        "type": "Point",
        "coordinates": [
          133.814584,
          34.533476
        ]
      },
      "properties": {
        "NO": "1331",
        "共通ID": "E3320200245111",
        "施設・場所名": "郷内公民館",
        "住所": "岡山県倉敷市林2008-1",
        "指定緊急避難場所との住所同一": "1",
        "その他市町村長が必要と認める事項": null,
        "受入対象者": null,
        "備考": ""
      }
    },
    {
      "type": "Feature",
      "geometry": {
        "type": "Point",
        "coordinates": [
          133.814987,
          34.538091
        ]
      },
      "properties": {
        "NO": "1332",
        "共通ID": "E3320200246111",
        "施設・場所名": "郷内中学校",
        "住所": "岡山県倉敷市林620",
        "指定緊急避難場所との住所同一": "1",
        "その他市町村長が必要と認める事項": null,
        "受入対象者": null,
        "備考": ""
      }
    },
    {
      "type": "Feature",
      "geometry": {
        "type": "Point",
        "coordinates": [
          133.815931,
          34.536122
        ]
      },
      "properties": {
        "NO": "1333",
        "共通ID": "E3320200247111",
        "施設・場所名": "郷内幼稚園",
        "住所": "岡山県倉敷市林870",
        "指定緊急避難場所との住所同一": "1",
        "その他市町村長が必要と認める事項": null,
        "受入対象者": null,
        "備考": ""
      }
    },
    {
      "type": "Feature",
      "geometry": {
        "type": "Point",
        "coordinates": [
          133.726079,
          34.546112
        ]
      },
      "properties": {
        "NO": "1334",
        "共通ID": "E3320200248111",
        "施設・場所名": "連島中学校",
        "住所": "岡山県倉敷市連島中央5-6-1",
        "指定緊急避難場所との住所同一": "1",
        "その他市町村長が必要と認める事項": "",
        "受入対象者": "",
        "備考": ""
      }
    },
    {
      "type": "Feature",
      "geometry": {
        "type": "Point",
        "coordinates": [
          133.725368,
          34.549083
        ]
      },
      "properties": {
        "NO": "1335",
        "共通ID": "E3320200249111",
        "施設・場所名": "連島西浦幼稚園",
        "住所": "岡山県倉敷市連島町亀島新田126",
        "指定緊急避難場所との住所同一": "1",
        "その他市町村長が必要と認める事項": null,
        "受入対象者": null,
        "備考": ""
      }
    },
    {
      "type": "Feature",
      "geometry": {
        "type": "Point",
        "coordinates": [
          133.711643,
          34.555022
        ]
      },
      "properties": {
        "NO": "1336",
        "共通ID": "E3320200251111",
        "施設・場所名": "倉敷芸術科学大学",
        "住所": "岡山県倉敷市連島町西之浦2640",
        "指定緊急避難場所との住所同一": "1",
        "その他市町村長が必要と認める事項": "",
        "受入対象者": "",
        "備考": ""
      }
    },
    {
      "type": "Feature",
      "geometry": {
        "type": "Point",
        "coordinates": [
          133.721157,
          34.55168
        ]
      },
      "properties": {
        "NO": "1337",
        "共通ID": "E3320200253111",
        "施設・場所名": "連島西浦小学校",
        "住所": "岡山県倉敷市連島町西之浦3575",
        "指定緊急避難場所との住所同一": "1",
        "その他市町村長が必要と認める事項": null,
        "受入対象者": null,
        "備考": ""
      }
    },
    {
      "type": "Feature",
      "geometry": {
        "type": "Point",
        "coordinates": [
          133.71623,
          34.550305
        ]
      },
      "properties": {
        "NO": "1338",
        "共通ID": "E3320200254111",
        "施設・場所名": "西浦ふれあい会館",
        "住所": "岡山県倉敷市連島町西之浦366-1",
        "指定緊急避難場所との住所同一": "1",
        "その他市町村長が必要と認める事項": null,
        "受入対象者": null,
        "備考": ""
      }
    },
    {
      "type": "Feature",
      "geometry": {
        "type": "Point",
        "coordinates": [
          133.720922,
          34.548145
        ]
      },
      "properties": {
        "NO": "1339",
        "共通ID": "E3320200256111",
        "施設・場所名": "連島公民館",
        "住所": "岡山県倉敷市連島町西之浦497-1",
        "指定緊急避難場所との住所同一": "1",
        "その他市町村長が必要と認める事項": null,
        "受入対象者": null,
        "備考": ""
      }
    },
    {
      "type": "Feature",
      "geometry": {
        "type": "Point",
        "coordinates": [
          133.719205,
          34.566217
        ]
      },
      "properties": {
        "NO": "1340",
        "共通ID": "E3320200257111",
        "施設・場所名": "連島北小学校",
        "住所": "岡山県倉敷市連島町西之浦5068",
        "指定緊急避難場所との住所同一": "1",
        "その他市町村長が必要と認める事項": null,
        "受入対象者": null,
        "備考": ""
      }
    },
    {
      "type": "Feature",
      "geometry": {
        "type": "Point",
        "coordinates": [
          133.717746,
          34.542306
        ]
      },
      "properties": {
        "NO": "1341",
        "共通ID": "E3320200258111",
        "施設・場所名": "連島南中学校",
        "住所": "岡山県倉敷市連島町鶴新田1310",
        "指定緊急避難場所との住所同一": "1",
        "その他市町村長が必要と認める事項": null,
        "受入対象者": null,
        "備考": ""
      }
    },
    {
      "type": "Feature",
      "geometry": {
        "type": "Point",
        "coordinates": [
          133.717275,
          34.539078
        ]
      },
      "properties": {
        "NO": "1342",
        "共通ID": "E3320200259112",
        "施設・場所名": "連島南小学校",
        "住所": "岡山県倉敷市連島町鶴新田1705",
        "指定緊急避難場所との住所同一": "1",
        "その他市町村長が必要と認める事項": "",
        "受入対象者": "",
        "備考": ""
      }
    },
    {
      "type": "Feature",
      "geometry": {
        "type": "Point",
        "coordinates": [
          133.71624,
          34.538442
        ]
      },
      "properties": {
        "NO": "1343",
        "共通ID": "E3320200259111",
        "施設・場所名": "連島南幼稚園",
        "住所": "岡山県倉敷市連島町鶴新田1705",
        "指定緊急避難場所との住所同一": "1",
        "その他市町村長が必要と認める事項": "",
        "受入対象者": "",
        "備考": ""
      }
    },
    {
      "type": "Feature",
      "geometry": {
        "type": "Point",
        "coordinates": [
          133.715674,
          34.545268
        ]
      },
      "properties": {
        "NO": "1344",
        "共通ID": "E3320200261111",
        "施設・場所名": "連島南公民館",
        "住所": "岡山県倉敷市連島町鶴新田980-1",
        "指定緊急避難場所との住所同一": "1",
        "その他市町村長が必要と認める事項": null,
        "受入対象者": null,
        "備考": ""
      }
    },
    {
      "type": "Feature",
      "geometry": {
        "type": "Point",
        "coordinates": [
          133.74397,
          34.564412
        ]
      },
      "properties": {
        "NO": "1345",
        "共通ID": "E3320200263111",
        "施設・場所名": "旭丘小学校",
        "住所": "岡山県倉敷市連島町連島1793",
        "指定緊急避難場所との住所同一": "1",
        "その他市町村長が必要と認める事項": null,
        "受入対象者": null,
        "備考": ""
      }
    },
    {
      "type": "Feature",
      "geometry": {
        "type": "Point",
        "coordinates": [
          133.743373,
          34.563395
        ]
      },
      "properties": {
        "NO": "1346",
        "共通ID": "E3320200264111",
        "施設・場所名": "旭丘幼稚園",
        "住所": "岡山県倉敷市連島町連島2239",
        "指定緊急避難場所との住所同一": "1",
        "その他市町村長が必要と認める事項": null,
        "受入対象者": null,
        "備考": ""
      }
    },
    {
      "type": "Feature",
      "geometry": {
        "type": "Point",
        "coordinates": [
          133.736356,
          34.556746
        ]
      },
      "properties": {
        "NO": "1347",
        "共通ID": "E3320200265111",
        "施設・場所名": "連島東小学校",
        "住所": "岡山県倉敷市連島町連島2850",
        "指定緊急避難場所との住所同一": "1",
        "その他市町村長が必要と認める事項": null,
        "受入対象者": null,
        "備考": ""
      }
    },
    {
      "type": "Feature",
      "geometry": {
        "type": "Point",
        "coordinates": [
          133.735672,
          34.555964
        ]
      },
      "properties": {
        "NO": "1348",
        "共通ID": "E3320200266111",
        "施設・場所名": "連島東幼稚園",
        "住所": "岡山県倉敷市連島町連島2851",
        "指定緊急避難場所との住所同一": "1",
        "その他市町村長が必要と認める事項": null,
        "受入対象者": null,
        "備考": ""
      }
    },
    {
      "type": "Feature",
      "geometry": {
        "type": "Point",
        "coordinates": [
          133.76143,
          34.591573
        ]
      },
      "properties": {
        "NO": "1349",
        "共通ID": "E3320200267111",
        "施設・場所名": "老松小学校",
        "住所": "岡山県倉敷市老松町4-10-1",
        "指定緊急避難場所との住所同一": "1",
        "その他市町村長が必要と認める事項": null,
        "受入対象者": null,
        "備考": ""
      }
    },
    {
      "type": "Feature",
      "geometry": {
        "type": "Point",
        "coordinates": [
          133.762033,
          34.59213
        ]
      },
      "properties": {
        "NO": "1350",
        "共通ID": "E3320200268111",
        "施設・場所名": "老松幼稚園",
        "住所": "岡山県倉敷市老松町4-11-29",
        "指定緊急避難場所との住所同一": "1",
        "その他市町村長が必要と認める事項": null,
        "受入対象者": null,
        "備考": ""
      }
    },
    {
      "type": "Feature",
      "geometry": {
        "type": "Point",
        "coordinates": [
          133.760723,
          34.593509
        ]
      },
      "properties": {
        "NO": "1351",
        "共通ID": "E3320200269111",
        "施設・場所名": "県立倉敷工業高等学校",
        "住所": "岡山県倉敷市老松町4-9-1",
        "指定緊急避難場所との住所同一": "1",
        "その他市町村長が必要と認める事項": null,
        "受入対象者": null,
        "備考": ""
      }
    },
    {
      "type": "Feature",
      "geometry": {
        "type": "Point",
        "coordinates": [
          133.825653,
          34.602166
        ]
      },
      "properties": {
        "NO": "1352",
        "共通ID": "E3342300002111",
        "施設・場所名": "早島幼稚園",
        "住所": "岡山県早島町前潟138",
        "指定緊急避難場所との住所同一": "1",
        "その他市町村長が必要と認める事項": null,
        "受入対象者": null,
        "備考": ""
      }
    },
    {
      "type": "Feature",
      "geometry": {
        "type": "Point",
        "coordinates": [
          133.82652,
          34.599754
        ]
      },
      "properties": {
        "NO": "1353",
        "共通ID": "E3342300003111",
        "施設・場所名": "中央公民館",
        "住所": "岡山県早島町前潟240",
        "指定緊急避難場所との住所同一": "1",
        "その他市町村長が必要と認める事項": null,
        "受入対象者": null,
        "備考": ""
      }
    },
    {
      "type": "Feature",
      "geometry": {
        "type": "Point",
        "coordinates": [
          133.826199,
          34.600251
        ]
      },
      "properties": {
        "NO": "1354",
        "共通ID": "E3342300004111",
        "施設・場所名": "地域福祉センター",
        "住所": "岡山県早島町前潟249-1",
        "指定緊急避難場所との住所同一": "1",
        "その他市町村長が必要と認める事項": null,
        "受入対象者": null,
        "備考": ""
      }
    },
    {
      "type": "Feature",
      "geometry": {
        "type": "Point",
        "coordinates": [
          133.827853,
          34.601328
        ]
      },
      "properties": {
        "NO": "1355",
        "共通ID": "E3342300005111",
        "施設・場所名": "町民総合会館",
        "住所": "岡山県早島町前潟370-1",
        "指定緊急避難場所との住所同一": "1",
        "その他市町村長が必要と認める事項": null,
        "受入対象者": null,
        "備考": ""
      }
    },
    {
      "type": "Feature",
      "geometry": {
        "type": "Point",
        "coordinates": [
          133.827236,
          34.605978
        ]
      },
      "properties": {
        "NO": "1356",
        "共通ID": "E3342300007111",
        "施設・場所名": "留守家庭児童会",
        "住所": "岡山県早島町早島1297-1",
        "指定緊急避難場所との住所同一": "1",
        "その他市町村長が必要と認める事項": "",
        "受入対象者": "",
        "備考": ""
      }
    },
    {
      "type": "Feature",
      "geometry": {
        "type": "Point",
        "coordinates": [
          133.827112,
          34.605345
        ]
      },
      "properties": {
        "NO": "1357",
        "共通ID": "E3342300007112",
        "施設・場所名": "早島小学校",
        "住所": "岡山県早島町早島1297-1",
        "指定緊急避難場所との住所同一": "1",
        "その他市町村長が必要と認める事項": null,
        "受入対象者": null,
        "備考": ""
      }
    },
    {
      "type": "Feature",
      "geometry": {
        "type": "Point",
        "coordinates": [
          133.82111,
          34.602039
        ]
      },
      "properties": {
        "NO": "1358",
        "共通ID": "E3342300012111",
        "施設・場所名": "いぶき荘",
        "住所": "岡山県早島町早島1903-3",
        "指定緊急避難場所との住所同一": "1",
        "その他市町村長が必要と認める事項": null,
        "受入対象者": null,
        "備考": ""
      }
    },
    {
      "type": "Feature",
      "geometry": {
        "type": "Point",
        "coordinates": [
          133.8176,
          34.60058
        ]
      },
      "properties": {
        "NO": "1359",
        "共通ID": "E3342300014111",
        "施設・場所名": "早島中学校",
        "住所": "岡山県早島町早島2180",
        "指定緊急避難場所との住所同一": "1",
        "その他市町村長が必要と認める事項": null,
        "受入対象者": null,
        "備考": ""
      }
    },
    {
      "type": "Feature",
      "geometry": {
        "type": "Point",
        "coordinates": [
          133.809353,
          34.605043
        ]
      },
      "properties": {
        "NO": "1360",
        "共通ID": "E3342300016111",
        "施設・場所名": "西コミュニティセンター",
        "住所": "岡山県早島町早島2818-1",
        "指定緊急避難場所との住所同一": "1",
        "その他市町村長が必要と認める事項": null,
        "受入対象者": null,
        "備考": ""
      }
    },
    {
      "type": "Feature",
      "geometry": {
        "type": "Point",
        "coordinates": [
          133.829402,
          34.606066
        ]
      },
      "properties": {
        "NO": "1361",
        "共通ID": "E3342300017111",
        "施設・場所名": "さつき荘",
        "住所": "岡山県早島町早島328",
        "指定緊急避難場所との住所同一": "1",
        "その他市町村長が必要と認める事項": null,
        "受入対象者": null,
        "備考": ""
      }
    },
    {
      "type": "Feature",
      "geometry": {
        "type": "Point",
        "coordinates": [
          133.826151,
          34.614461
        ]
      },
      "properties": {
        "NO": "1362",
        "共通ID": "E3342300019111",
        "施設・場所名": "県立早島支援学校体育館",
        "住所": "岡山県早島町早島4063",
        "指定緊急避難場所との住所同一": "1",
        "その他市町村長が必要と認める事項": null,
        "受入対象者": null,
        "備考": ""
      }
    },
    {
      "type": "Feature",
      "geometry": {
        "type": "Point",
        "coordinates": [
          133.763045,
          34.660246
        ]
      },
      "properties": {
        "NO": "1363",
        "共通ID": "E3320800001111",
        "施設・場所名": "山手公民館西郡分館",
        "住所": "岡山県総社市857-1",
        "指定緊急避難場所との住所同一": "1",
        "その他市町村長が必要と認める事項": null,
        "受入対象者": null,
        "備考": ""
      }
    },
    {
      "type": "Feature",
      "geometry": {
        "type": "Point",
        "coordinates": [
          133.757792,
          34.673429
        ]
      },
      "properties": {
        "NO": "1364",
        "共通ID": "E3320800002111",
        "施設・場所名": "総社東中学校",
        "住所": "岡山県総社市井手565",
        "指定緊急避難場所との住所同一": "1",
        "その他市町村長が必要と認める事項": null,
        "受入対象者": null,
        "備考": ""
      }
    },
    {
      "type": "Feature",
      "geometry": {
        "type": "Point",
        "coordinates": [
          133.73633,
          34.679985
        ]
      },
      "properties": {
        "NO": "1365",
        "共通ID": "E3320800003111",
        "施設・場所名": "いじりの認定こども園",
        "住所": "岡山県総社市井尻野1722",
        "指定緊急避難場所との住所同一": "1",
        "その他市町村長が必要と認める事項": null,
        "受入対象者": null,
        "備考": ""
      }
    },
    {
      "type": "Feature",
      "geometry": {
        "type": "Point",
        "coordinates": [
          133.741865,
          34.675297
        ]
      },
      "properties": {
        "NO": "1366",
        "共通ID": "E3320800004111",
        "施設・場所名": "総社西中学校",
        "住所": "岡山県総社市駅前1-10-1",
        "指定緊急避難場所との住所同一": "1",
        "その他市町村長が必要と認める事項": null,
        "受入対象者": null,
        "備考": ""
      }
    },
    {
      "type": "Feature",
      "geometry": {
        "type": "Point",
        "coordinates": [
          133.738232,
          34.666546
        ]
      },
      "properties": {
        "NO": "1367",
        "共通ID": "E3320800005111",
        "施設・場所名": "常盤小学校",
        "住所": "岡山県総社市駅南1-13-13",
        "指定緊急避難場所との住所同一": "1",
        "その他市町村長が必要と認める事項": null,
        "受入対象者": null,
        "備考": ""
      }
    },
    {
      "type": "Feature",
      "geometry": {
        "type": "Point",
        "coordinates": [
          133.738463,
          34.667578
        ]
      },
      "properties": {
        "NO": "1368",
        "共通ID": "E3320800006111",
        "施設・場所名": "常盤幼稚園",
        "住所": "岡山県総社市駅南1-13-8",
        "指定緊急避難場所との住所同一": "1",
        "その他市町村長が必要と認める事項": null,
        "受入対象者": null,
        "備考": ""
      }
    },
    {
      "type": "Feature",
      "geometry": {
        "type": "Point",
        "coordinates": [
          133.741086,
          34.668973
        ]
      },
      "properties": {
        "NO": "1369",
        "共通ID": "E3320800008111",
        "施設・場所名": "サンワーク総社",
        "住所": "岡山県総社市駅南1-5-7",
        "指定緊急避難場所との住所同一": "1",
        "その他市町村長が必要と認める事項": null,
        "受入対象者": null,
        "備考": ""
      }
    },
    {
      "type": "Feature",
      "geometry": {
        "type": "Point",
        "coordinates": [
          133.739938,
          34.668148
        ]
      },
      "properties": {
        "NO": "1370",
        "共通ID": "E3320800009111",
        "施設・場所名": "中央保育所",
        "住所": "岡山県総社市駅南1-8-1",
        "指定緊急避難場所との住所同一": "1",
        "その他市町村長が必要と認める事項": null,
        "受入対象者": null,
        "備考": ""
      }
    },
    {
      "type": "Feature",
      "geometry": {
        "type": "Point",
        "coordinates": [
          133.770433,
          34.660068
        ]
      },
      "properties": {
        "NO": "1371",
        "共通ID": "E3320800010111",
        "施設・場所名": "山手公民館",
        "住所": "岡山県総社市岡谷151-1",
        "指定緊急避難場所との住所同一": "1",
        "その他市町村長が必要と認める事項": null,
        "受入対象者": null,
        "備考": ""
      }
    },
    {
      "type": "Feature",
      "geometry": {
        "type": "Point",
        "coordinates": [
          133.770997,
          34.656905
        ]
      },
      "properties": {
        "NO": "1372",
        "共通ID": "E3320800011111",
        "施設・場所名": "山手小学校",
        "住所": "岡山県総社市岡谷607-2",
        "指定緊急避難場所との住所同一": "1",
        "その他市町村長が必要と認める事項": null,
        "受入対象者": null,
        "備考": ""
      }
    },
    {
      "type": "Feature",
      "geometry": {
        "type": "Point",
        "coordinates": [
          133.769965,
          34.656123
        ]
      },
      "properties": {
        "NO": "1373",
        "共通ID": "E3320800012111",
        "施設・場所名": "山手幼稚園",
        "住所": "岡山県総社市岡谷627",
        "指定緊急避難場所との住所同一": "1",
        "その他市町村長が必要と認める事項": null,
        "受入対象者": null,
        "備考": ""
      }
    },
    {
      "type": "Feature",
      "geometry": {
        "type": "Point",
        "coordinates": [
          133.772001,
          34.654743
        ]
      },
      "properties": {
        "NO": "1374",
        "共通ID": "E3320800013111",
        "施設・場所名": "山手公民館岡谷分館",
        "住所": "岡山県総社市岡谷718-4",
        "指定緊急避難場所との住所同一": "1",
        "その他市町村長が必要と認める事項": null,
        "受入対象者": null,
        "備考": ""
      }
    },
    {
      "type": "Feature",
      "geometry": {
        "type": "Point",
        "coordinates": [
          133.664534,
          34.716525
        ]
      },
      "properties": {
        "NO": "1375",
        "共通ID": "E3320800014111",
        "施設・場所名": "昭和公民館下倉分館",
        "住所": "岡山県総社市下倉1338-3",
        "指定緊急避難場所との住所同一": "1",
        "その他市町村長が必要と認める事項": null,
        "受入対象者": null,
        "備考": ""
      }
    },
    {
      "type": "Feature",
      "geometry": {
        "type": "Point",
        "coordinates": [
          133.687788,
          34.677068
        ]
      },
      "properties": {
        "NO": "1376",
        "共通ID": "E3320800016111",
        "施設・場所名": "総社西小学校",
        "住所": "岡山県総社市久代4386-2",
        "指定緊急避難場所との住所同一": "1",
        "その他市町村長が必要と認める事項": null,
        "受入対象者": null,
        "備考": ""
      }
    },
    {
      "type": "Feature",
      "geometry": {
        "type": "Point",
        "coordinates": [
          133.687362,
          34.675242
        ]
      },
      "properties": {
        "NO": "1377",
        "共通ID": "E3320800017111",
        "施設・場所名": "西公民館久代分館",
        "住所": "岡山県総社市久代4482-1",
        "指定緊急避難場所との住所同一": "1",
        "その他市町村長が必要と認める事項": null,
        "受入対象者": null,
        "備考": ""
      }
    },
    {
      "type": "Feature",
      "geometry": {
        "type": "Point",
        "coordinates": [
          133.688269,
          34.676045
        ]
      },
      "properties": {
        "NO": "1378",
        "共通ID": "E3320800018111",
        "施設・場所名": "久代幼稚園",
        "住所": "岡山県総社市久代4584",
        "指定緊急避難場所との住所同一": "1",
        "その他市町村長が必要と認める事項": null,
        "受入対象者": null,
        "備考": ""
      }
    },
    {
      "type": "Feature",
      "geometry": {
        "type": "Point",
        "coordinates": [
          133.781762,
          34.692154
        ]
      },
      "properties": {
        "NO": "1379",
        "共通ID": "E3320800019111",
        "施設・場所名": "岡山県立大学",
        "住所": "岡山県総社市窪木111",
        "指定緊急避難場所との住所同一": "1",
        "その他市町村長が必要と認める事項": null,
        "受入対象者": null,
        "備考": ""
      }
    },
    {
      "type": "Feature",
      "geometry": {
        "type": "Point",
        "coordinates": [
          133.780472,
          34.684862
        ]
      },
      "properties": {
        "NO": "1380",
        "共通ID": "E3320800020111",
        "施設・場所名": "服部幼稚園",
        "住所": "岡山県総社市窪木885-5",
        "指定緊急避難場所との住所同一": "1",
        "その他市町村長が必要と認める事項": null,
        "受入対象者": null,
        "備考": ""
      }
    },
    {
      "type": "Feature",
      "geometry": {
        "type": "Point",
        "coordinates": [
          133.72446,
          34.735987
        ]
      },
      "properties": {
        "NO": "1381",
        "共通ID": "E3320800021111",
        "施設・場所名": "中央公民館池田分館",
        "住所": "岡山県総社市見延639-1",
        "指定緊急避難場所との住所同一": "1",
        "その他市町村長が必要と認める事項": null,
        "受入対象者": null,
        "備考": ""
      }
    },
    {
      "type": "Feature",
      "geometry": {
        "type": "Point",
        "coordinates": [
          133.724007,
          34.736271
        ]
      },
      "properties": {
        "NO": "1382",
        "共通ID": "E3320800022111",
        "施設・場所名": "池田幼稚園",
        "住所": "岡山県総社市見延640",
        "指定緊急避難場所との住所同一": "1",
        "その他市町村長が必要と認める事項": null,
        "受入対象者": null,
        "備考": ""
      }
    },
    {
      "type": "Feature",
      "geometry": {
        "type": "Point",
        "coordinates": [
          133.724819,
          34.736479
        ]
      },
      "properties": {
        "NO": "1383",
        "共通ID": "E3320800023111",
        "施設・場所名": "池田小学校",
        "住所": "岡山県総社市見延699",
        "指定緊急避難場所との住所同一": "1",
        "その他市町村長が必要と認める事項": null,
        "受入対象者": null,
        "備考": ""
      }
    },
    {
      "type": "Feature",
      "geometry": {
        "type": "Point",
        "coordinates": [
          133.635378,
          34.7284
        ]
      },
      "properties": {
        "NO": "1384",
        "共通ID": "E3320800024111",
        "施設・場所名": "昭和公民館水内分館",
        "住所": "岡山県総社市原2167-1",
        "指定緊急避難場所との住所同一": "1",
        "その他市町村長が必要と認める事項": null,
        "受入対象者": null,
        "備考": ""
      }
    },
    {
      "type": "Feature",
      "geometry": {
        "type": "Point",
        "coordinates": [
          133.634691,
          34.729482
        ]
      },
      "properties": {
        "NO": "1385",
        "共通ID": "E3320800025111",
        "施設・場所名": "維新小学校",
        "住所": "岡山県総社市原2229-1",
        "指定緊急避難場所との住所同一": "1",
        "その他市町村長が必要と認める事項": null,
        "受入対象者": null,
        "備考": ""
      }
    },
    {
      "type": "Feature",
      "geometry": {
        "type": "Point",
        "coordinates": [
          133.634345,
          34.72877
        ]
      },
      "properties": {
        "NO": "1386",
        "共通ID": "E3320800026111",
        "施設・場所名": "維新幼稚園",
        "住所": "岡山県総社市原2257-1",
        "指定緊急避難場所との住所同一": "1",
        "その他市町村長が必要と認める事項": null,
        "受入対象者": null,
        "備考": ""
      }
    },
    {
      "type": "Feature",
      "geometry": {
        "type": "Point",
        "coordinates": [
          133.746591,
          34.66508
        ]
      },
      "properties": {
        "NO": "1387",
        "共通ID": "E3320800028111",
        "施設・場所名": "常盤集会所",
        "住所": "岡山県総社市三輪1256-1",
        "指定緊急避難場所との住所同一": "1",
        "その他市町村長が必要と認める事項": null,
        "受入対象者": null,
        "備考": ""
      }
    },
    {
      "type": "Feature",
      "geometry": {
        "type": "Point",
        "coordinates": [
          133.747584,
          34.664354
        ]
      },
      "properties": {
        "NO": "1388",
        "共通ID": "E3320800029111",
        "施設・場所名": "総社運動公園（きびじアリーナ・サブアリーナ）",
        "住所": "岡山県総社市三輪1300",
        "指定緊急避難場所との住所同一": "1",
        "その他市町村長が必要と認める事項": null,
        "受入対象者": null,
        "備考": ""
      }
    },
    {
      "type": "Feature",
      "geometry": {
        "type": "Point",
        "coordinates": [
          133.740372,
          34.663284
        ]
      },
      "properties": {
        "NO": "1389",
        "共通ID": "E3320800030111",
        "施設・場所名": "県立総社南高等学校",
        "住所": "岡山県総社市三輪626-1",
        "指定緊急避難場所との住所同一": "1",
        "その他市町村長が必要と認める事項": null,
        "受入対象者": null,
        "備考": ""
      }
    },
    {
      "type": "Feature",
      "geometry": {
        "type": "Point",
        "coordinates": [
          133.738173,
          34.66333
        ]
      },
      "properties": {
        "NO": "1390",
        "共通ID": "E3320800031111",
        "施設・場所名": "下水処理場",
        "住所": "岡山県総社市三輪820",
        "指定緊急避難場所との住所同一": "1",
        "その他市町村長が必要と認める事項": null,
        "受入対象者": null,
        "備考": ""
      }
    },
    {
      "type": "Feature",
      "geometry": {
        "type": "Point",
        "coordinates": [
          133.738141,
          34.662729
        ]
      },
      "properties": {
        "NO": "1391",
        "共通ID": "E3320800032111",
        "施設・場所名": "中央公民館常盤分館",
        "住所": "岡山県総社市三輪821",
        "指定緊急避難場所との住所同一": "1",
        "その他市町村長が必要と認める事項": null,
        "受入対象者": null,
        "備考": ""
      }
    },
    {
      "type": "Feature",
      "geometry": {
        "type": "Point",
        "coordinates": [
          133.661068,
          34.674529
        ]
      },
      "properties": {
        "NO": "1392",
        "共通ID": "E3320800033111",
        "施設・場所名": "西公民館山田分館",
        "住所": "岡山県総社市山田203-2",
        "指定緊急避難場所との住所同一": "1",
        "その他市町村長が必要と認める事項": null,
        "受入対象者": null,
        "備考": ""
      }
    },
    {
      "type": "Feature",
      "geometry": {
        "type": "Point",
        "coordinates": [
          133.66163,
          34.674274
        ]
      },
      "properties": {
        "NO": "1393",
        "共通ID": "E3320800034111",
        "施設・場所名": "山田幼稚園",
        "住所": "岡山県総社市山田205-1",
        "指定緊急避難場所との住所同一": "1",
        "その他市町村長が必要と認める事項": null,
        "受入対象者": null,
        "備考": ""
      }
    },
    {
      "type": "Feature",
      "geometry": {
        "type": "Point",
        "coordinates": [
          133.65076,
          34.75873
        ]
      },
      "properties": {
        "NO": "1394",
        "共通ID": "E3320800035111",
        "施設・場所名": "昭和公民館富山分館",
        "住所": "岡山県総社市種井1856-1",
        "指定緊急避難場所との住所同一": "1",
        "その他市町村長が必要と認める事項": null,
        "受入対象者": null,
        "備考": ""
      }
    },
    {
      "type": "Feature",
      "geometry": {
        "type": "Point",
        "coordinates": [
          133.780227,
          34.661318
        ]
      },
      "properties": {
        "NO": "1395",
        "共通ID": "E3320800036111",
        "施設・場所名": "山手公民館宿分館",
        "住所": "岡山県総社市宿1272-1",
        "指定緊急避難場所との住所同一": "1",
        "その他市町村長が必要と認める事項": null,
        "受入対象者": null,
        "備考": ""
      }
    },
    {
      "type": "Feature",
      "geometry": {
        "type": "Point",
        "coordinates": [
          133.747524,
          34.689088
        ]
      },
      "properties": {
        "NO": "1396",
        "共通ID": "E3320800038111",
        "施設・場所名": "中央公民館総社北分館",
        "住所": "岡山県総社市小寺1281-1",
        "指定緊急避難場所との住所同一": "1",
        "その他市町村長が必要と認める事項": null,
        "受入対象者": null,
        "備考": ""
      }
    },
    {
      "type": "Feature",
      "geometry": {
        "type": "Point",
        "coordinates": [
          133.777527,
          34.678881
        ]
      },
      "properties": {
        "NO": "1397",
        "共通ID": "E3320800039112",
        "施設・場所名": "上林会館",
        "住所": "岡山県総社市上林303-1",
        "指定緊急避難場所との住所同一": "1",
        "その他市町村長が必要と認める事項": null,
        "受入対象者": null,
        "備考": ""
      }
    },
    {
      "type": "Feature",
      "geometry": {
        "type": "Point",
        "coordinates": [
          133.777932,
          34.67881
        ]
      },
      "properties": {
        "NO": "1398",
        "共通ID": "E3320800039113",
        "施設・場所名": "三須幼稚園",
        "住所": "岡山県総社市上林303-1",
        "指定緊急避難場所との住所同一": "1",
        "その他市町村長が必要と認める事項": null,
        "受入対象者": null,
        "備考": ""
      }
    },
    {
      "type": "Feature",
      "geometry": {
        "type": "Point",
        "coordinates": [
          133.777682,
          34.678992
        ]
      },
      "properties": {
        "NO": "1399",
        "共通ID": "E3320800039111",
        "施設・場所名": "東公民館三須分館",
        "住所": "岡山県総社市上林303-1",
        "指定緊急避難場所との住所同一": "1",
        "その他市町村長が必要と認める事項": null,
        "受入対象者": null,
        "備考": ""
      }
    },
    {
      "type": "Feature",
      "geometry": {
        "type": "Point",
        "coordinates": [
          133.646161,
          34.666322
        ]
      },
      "properties": {
        "NO": "1400",
        "共通ID": "E3320800040111",
        "施設・場所名": "新本幼稚園",
        "住所": "岡山県総社市新本7274",
        "指定緊急避難場所との住所同一": "1",
        "その他市町村長が必要と認める事項": null,
        "受入対象者": null,
        "備考": ""
      }
    },
    {
      "type": "Feature",
      "geometry": {
        "type": "Point",
        "coordinates": [
          133.646951,
          34.666455
        ]
      },
      "properties": {
        "NO": "1401",
        "共通ID": "E3320800041111",
        "施設・場所名": "新本小学校",
        "住所": "岡山県総社市新本7288",
        "指定緊急避難場所との住所同一": "1",
        "その他市町村長が必要と認める事項": null,
        "受入対象者": null,
        "備考": ""
      }
    },
    {
      "type": "Feature",
      "geometry": {
        "type": "Point",
        "coordinates": [
          133.655211,
          34.664864
        ]
      },
      "properties": {
        "NO": "1402",
        "共通ID": "E3320800042111",
        "施設・場所名": "西公民館新本分館",
        "住所": "岡山県総社市新本7743",
        "指定緊急避難場所との住所同一": "1",
        "その他市町村長が必要と認める事項": null,
        "受入対象者": null,
        "備考": ""
      }
    },
    {
      "type": "Feature",
      "geometry": {
        "type": "Point",
        "coordinates": [
          133.733862,
          34.671706
        ]
      },
      "properties": {
        "NO": "1403",
        "共通ID": "E3320800043111",
        "施設・場所名": "中央公民館常盤第２分館",
        "住所": "岡山県総社市真壁1023",
        "指定緊急避難場所との住所同一": "1",
        "その他市町村長が必要と認める事項": null,
        "受入対象者": null,
        "備考": ""
      }
    },
    {
      "type": "Feature",
      "geometry": {
        "type": "Point",
        "coordinates": [
          133.748314,
          34.666299
        ]
      },
      "properties": {
        "NO": "1404",
        "共通ID": "E3320800044111",
        "施設・場所名": "武道館",
        "住所": "岡山県総社市真壁423-1",
        "指定緊急避難場所との住所同一": "1",
        "その他市町村長が必要と認める事項": null,
        "受入対象者": null,
        "備考": ""
      }
    },
    {
      "type": "Feature",
      "geometry": {
        "type": "Point",
        "coordinates": [
          133.719731,
          34.698642
        ]
      },
      "properties": {
        "NO": "1405",
        "共通ID": "E3320800045111",
        "施設・場所名": "秦小学校",
        "住所": "岡山県総社市秦2815-2",
        "指定緊急避難場所との住所同一": "1",
        "その他市町村長が必要と認める事項": null,
        "受入対象者": null,
        "備考": ""
      }
    },
    {
      "type": "Feature",
      "geometry": {
        "type": "Point",
        "coordinates": [
          133.720428,
          34.698274
        ]
      },
      "properties": {
        "NO": "1406",
        "共通ID": "E3320800046111",
        "施設・場所名": "秦幼稚園",
        "住所": "岡山県総社市秦2987",
        "指定緊急避難場所との住所同一": "1",
        "その他市町村長が必要と認める事項": null,
        "受入対象者": null,
        "備考": ""
      }
    },
    {
      "type": "Feature",
      "geometry": {
        "type": "Point",
        "coordinates": [
          133.723798,
          34.696229
        ]
      },
      "properties": {
        "NO": "1407",
        "共通ID": "E3320800047111",
        "施設・場所名": "西公民館秦分館",
        "住所": "岡山県総社市秦3465-1",
        "指定緊急避難場所との住所同一": "1",
        "その他市町村長が必要と認める事項": null,
        "受入対象者": null,
        "備考": ""
      }
    },
    {
      "type": "Feature",
      "geometry": {
        "type": "Point",
        "coordinates": [
          133.704561,
          34.676741
        ]
      },
      "properties": {
        "NO": "1408",
        "共通ID": "E3320800048111",
        "施設・場所名": "西公民館",
        "住所": "岡山県総社市秦350",
        "指定緊急避難場所との住所同一": "1",
        "その他市町村長が必要と認める事項": null,
        "受入対象者": null,
        "備考": ""
      }
    },
    {
      "type": "Feature",
      "geometry": {
        "type": "Point",
        "coordinates": [
          133.700633,
          34.67329
        ]
      },
      "properties": {
        "NO": "1409",
        "共通ID": "E3320800050111",
        "施設・場所名": "総社中学校",
        "住所": "岡山県総社市秦540",
        "指定緊急避難場所との住所同一": "1",
        "その他市町村長が必要と認める事項": "",
        "受入対象者": "",
        "備考": ""
      }
    },
    {
      "type": "Feature",
      "geometry": {
        "type": "Point",
        "coordinates": [
          133.734659,
          34.653332
        ]
      },
      "properties": {
        "NO": "1410",
        "共通ID": "E3320800051111",
        "施設・場所名": "ひだまりの家",
        "住所": "岡山県総社市清音柿木620-1",
        "指定緊急避難場所との住所同一": "1",
        "その他市町村長が必要と認める事項": null,
        "受入対象者": null,
        "備考": ""
      }
    },
    {
      "type": "Feature",
      "geometry": {
        "type": "Point",
        "coordinates": [
          133.738252,
          34.646018
        ]
      },
      "properties": {
        "NO": "1411",
        "共通ID": "E3320800052111",
        "施設・場所名": "清音福祉センター",
        "住所": "岡山県総社市清音軽部1135",
        "指定緊急避難場所との住所同一": "1",
        "その他市町村長が必要と認める事項": null,
        "受入対象者": null,
        "備考": ""
      }
    },
    {
      "type": "Feature",
      "geometry": {
        "type": "Point",
        "coordinates": [
          133.738692,
          34.645974
        ]
      },
      "properties": {
        "NO": "1412",
        "共通ID": "E3320800052112",
        "施設・場所名": "清音公民館",
        "住所": "岡山県総社市清音軽部1135",
        "指定緊急避難場所との住所同一": "1",
        "その他市町村長が必要と認める事項": null,
        "受入対象者": null,
        "備考": ""
      }
    },
    {
      "type": "Feature",
      "geometry": {
        "type": "Point",
        "coordinates": [
          133.739218,
          34.650453
        ]
      },
      "properties": {
        "NO": "1413",
        "共通ID": "E3320800053111",
        "施設・場所名": "清音小学校",
        "住所": "岡山県総社市清音軽部666-1",
        "指定緊急避難場所との住所同一": "1",
        "その他市町村長が必要と認める事項": null,
        "受入対象者": null,
        "備考": ""
      }
    },
    {
      "type": "Feature",
      "geometry": {
        "type": "Point",
        "coordinates": [
          133.738303,
          34.650385
        ]
      },
      "properties": {
        "NO": "1414",
        "共通ID": "E3320800054111",
        "施設・場所名": "きよね認定こども園",
        "住所": "岡山県総社市清音軽部762",
        "指定緊急避難場所との住所同一": "1",
        "その他市町村長が必要と認める事項": null,
        "受入対象者": null,
        "備考": ""
      }
    },
    {
      "type": "Feature",
      "geometry": {
        "type": "Point",
        "coordinates": [
          133.731567,
          34.645117
        ]
      },
      "properties": {
        "NO": "1415",
        "共通ID": "E3320800056111",
        "施設・場所名": "さんあいの家",
        "住所": "岡山県総社市清音上中島226-1",
        "指定緊急避難場所との住所同一": "1",
        "その他市町村長が必要と認める事項": null,
        "受入対象者": null,
        "備考": ""
      }
    },
    {
      "type": "Feature",
      "geometry": {
        "type": "Point",
        "coordinates": [
          133.785327,
          34.704037
        ]
      },
      "properties": {
        "NO": "1416",
        "共通ID": "E3320800057111",
        "施設・場所名": "阿曽幼稚園",
        "住所": "岡山県総社市西阿曽141",
        "指定緊急避難場所との住所同一": "1",
        "その他市町村長が必要と認める事項": null,
        "受入対象者": null,
        "備考": ""
      }
    },
    {
      "type": "Feature",
      "geometry": {
        "type": "Point",
        "coordinates": [
          133.784554,
          34.703704
        ]
      },
      "properties": {
        "NO": "1417",
        "共通ID": "E3320800058111",
        "施設・場所名": "東公民館阿曽分館",
        "住所": "岡山県総社市西阿曽188-1",
        "指定緊急避難場所との住所同一": "1",
        "その他市町村長が必要と認める事項": null,
        "受入対象者": null,
        "備考": ""
      }
    },
    {
      "type": "Feature",
      "geometry": {
        "type": "Point",
        "coordinates": [
          133.784843,
          34.705121
        ]
      },
      "properties": {
        "NO": "1418",
        "共通ID": "E3320800059111",
        "施設・場所名": "阿曽小学校",
        "住所": "岡山県総社市西阿曽207-1",
        "指定緊急避難場所との住所同一": "1",
        "その他市町村長が必要と認める事項": null,
        "受入対象者": null,
        "備考": ""
      }
    },
    {
      "type": "Feature",
      "geometry": {
        "type": "Point",
        "coordinates": [
          133.750354,
          34.688114
        ]
      },
      "properties": {
        "NO": "1419",
        "共通ID": "E3320800060111",
        "施設・場所名": "総社北幼稚園",
        "住所": "岡山県総社市泉1-192",
        "指定緊急避難場所との住所同一": "1",
        "その他市町村長が必要と認める事項": null,
        "受入対象者": null,
        "備考": ""
      }
    },
    {
      "type": "Feature",
      "geometry": {
        "type": "Point",
        "coordinates": [
          133.748083,
          34.688264
        ]
      },
      "properties": {
        "NO": "1420",
        "共通ID": "E3320800061111",
        "施設・場所名": "総社北小学校",
        "住所": "岡山県総社市泉2-2",
        "指定緊急避難場所との住所同一": "1",
        "その他市町村長が必要と認める事項": null,
        "受入対象者": null,
        "備考": ""
      }
    },
    {
      "type": "Feature",
      "geometry": {
        "type": "Point",
        "coordinates": [
          133.75406,
          34.676057
        ]
      },
      "properties": {
        "NO": "1421",
        "共通ID": "E3320800062111",
        "施設・場所名": "総社幼稚園",
        "住所": "岡山県総社市総社2-17-15",
        "指定緊急避難場所との住所同一": "1",
        "その他市町村長が必要と認める事項": null,
        "受入対象者": null,
        "備考": ""
      }
    },
    {
      "type": "Feature",
      "geometry": {
        "type": "Point",
        "coordinates": [
          133.753183,
          34.677348
        ]
      },
      "properties": {
        "NO": "1422",
        "共通ID": "E3320800063111",
        "施設・場所名": "中央公民館総社分館",
        "住所": "岡山県総社市総社2-18-18",
        "指定緊急避難場所との住所同一": "1",
        "その他市町村長が必要と認める事項": null,
        "受入対象者": null,
        "備考": ""
      }
    },
    {
      "type": "Feature",
      "geometry": {
        "type": "Point",
        "coordinates": [
          133.755757,
          34.678478
        ]
      },
      "properties": {
        "NO": "1423",
        "共通ID": "E3320800064111",
        "施設・場所名": "総社小学校",
        "住所": "岡山県総社市総社3-13-1",
        "指定緊急避難場所との住所同一": "1",
        "その他市町村長が必要と認める事項": null,
        "受入対象者": null,
        "備考": ""
      }
    },
    {
      "type": "Feature",
      "geometry": {
        "type": "Point",
        "coordinates": [
          133.756439,
          34.679257
        ]
      },
      "properties": {
        "NO": "1424",
        "共通ID": "E3320800065111",
        "施設・場所名": "働く婦人の家",
        "住所": "岡山県総社市総社3-15-1",
        "指定緊急避難場所との住所同一": "1",
        "その他市町村長が必要と認める事項": null,
        "受入対象者": null,
        "備考": ""
      }
    },
    {
      "type": "Feature",
      "geometry": {
        "type": "Point",
        "coordinates": [
          133.756384,
          34.676831
        ]
      },
      "properties": {
        "NO": "1425",
        "共通ID": "E3320800066111",
        "施設・場所名": "県立総社高等学校",
        "住所": "岡山県総社市総社3-9-1",
        "指定緊急避難場所との住所同一": "1",
        "その他市町村長が必要と認める事項": null,
        "受入対象者": null,
        "備考": ""
      }
    },
    {
      "type": "Feature",
      "geometry": {
        "type": "Point",
        "coordinates": [
          133.747712,
          34.672644
        ]
      },
      "properties": {
        "NO": "1426",
        "共通ID": "E3320800067111",
        "施設・場所名": "総合文化センター（中央公民館）",
        "住所": "岡山県総社市中央3-1-102",
        "指定緊急避難場所との住所同一": "1",
        "その他市町村長が必要と認める事項": null,
        "受入対象者": null,
        "備考": ""
      }
    },
    {
      "type": "Feature",
      "geometry": {
        "type": "Point",
        "coordinates": [
          133.748281,
          34.671755
        ]
      },
      "properties": {
        "NO": "1427",
        "共通ID": "E3320800068111",
        "施設・場所名": "総社南幼稚園",
        "住所": "岡山県総社市中央3-9-101",
        "指定緊急避難場所との住所同一": "1",
        "その他市町村長が必要と認める事項": null,
        "受入対象者": null,
        "備考": ""
      }
    },
    {
      "type": "Feature",
      "geometry": {
        "type": "Point",
        "coordinates": [
          133.728372,
          34.67071
        ]
      },
      "properties": {
        "NO": "1428",
        "共通ID": "E3320800069111",
        "施設・場所名": "中原会館",
        "住所": "岡山県総社市中原1005-6",
        "指定緊急避難場所との住所同一": "1",
        "その他市町村長が必要と認める事項": null,
        "受入対象者": null,
        "備考": ""
      }
    },
    {
      "type": "Feature",
      "geometry": {
        "type": "Point",
        "coordinates": [
          133.729296,
          34.664693
        ]
      },
      "properties": {
        "NO": "1429",
        "共通ID": "E3320800070111",
        "施設・場所名": "やすらぎの家",
        "住所": "岡山県総社市中原574-1",
        "指定緊急避難場所との住所同一": "1",
        "その他市町村長が必要と認める事項": null,
        "受入対象者": null,
        "備考": ""
      }
    },
    {
      "type": "Feature",
      "geometry": {
        "type": "Point",
        "coordinates": [
          133.792069,
          34.692564
        ]
      },
      "properties": {
        "NO": "1430",
        "共通ID": "E3320800071111",
        "施設・場所名": "長良文化センター",
        "住所": "岡山県総社市長良336",
        "指定緊急避難場所との住所同一": "1",
        "その他市町村長が必要と認める事項": null,
        "受入対象者": null,
        "備考": ""
      }
    },
    {
      "type": "Feature",
      "geometry": {
        "type": "Point",
        "coordinates": [
          133.779962,
          34.684551
        ]
      },
      "properties": {
        "NO": "1431",
        "共通ID": "E3320800072111",
        "施設・場所名": "東公民館服部分館",
        "住所": "岡山県総社市南溝手265-13",
        "指定緊急避難場所との住所同一": "1",
        "その他市町村長が必要と認める事項": null,
        "受入対象者": null,
        "備考": ""
      }
    },
    {
      "type": "Feature",
      "geometry": {
        "type": "Point",
        "coordinates": [
          133.781084,
          34.680986
        ]
      },
      "properties": {
        "NO": "1432",
        "共通ID": "E3320800073111",
        "施設・場所名": "東公民館",
        "住所": "岡山県総社市南溝手477-7",
        "指定緊急避難場所との住所同一": "1",
        "その他市町村長が必要と認める事項": null,
        "受入対象者": null,
        "備考": ""
      }
    },
    {
      "type": "Feature",
      "geometry": {
        "type": "Point",
        "coordinates": [
          133.779467,
          34.681762
        ]
      },
      "properties": {
        "NO": "1433",
        "共通ID": "E3320800074111",
        "施設・場所名": "総社東小学校",
        "住所": "岡山県総社市南溝手480",
        "指定緊急避難場所との住所同一": "1",
        "その他市町村長が必要と認める事項": null,
        "受入対象者": null,
        "備考": ""
      }
    },
    {
      "type": "Feature",
      "geometry": {
        "type": "Point",
        "coordinates": [
          133.647029,
          34.7216
        ]
      },
      "properties": {
        "NO": "1434",
        "共通ID": "E3320800075111",
        "施設・場所名": "昭和中学校",
        "住所": "岡山県総社市美袋1636",
        "指定緊急避難場所との住所同一": "1",
        "その他市町村長が必要と認める事項": null,
        "受入対象者": null,
        "備考": ""
      }
    },
    {
      "type": "Feature",
      "geometry": {
        "type": "Point",
        "coordinates": [
          133.654041,
          34.719383
        ]
      },
      "properties": {
        "NO": "1435",
        "共通ID": "E3320800076111",
        "施設・場所名": "昭和公民館",
        "住所": "岡山県総社市美袋1915-1",
        "指定緊急避難場所との住所同一": "1",
        "その他市町村長が必要と認める事項": null,
        "受入対象者": null,
        "備考": ""
      }
    },
    {
      "type": "Feature",
      "geometry": {
        "type": "Point",
        "coordinates": [
          133.654925,
          34.718816
        ]
      },
      "properties": {
        "NO": "1436",
        "共通ID": "E3320800077111",
        "施設・場所名": "昭和小学校",
        "住所": "岡山県総社市美袋207",
        "指定緊急避難場所との住所同一": "1",
        "その他市町村長が必要と認める事項": null,
        "受入対象者": null,
        "備考": ""
      }
    },
    {
      "type": "Feature",
      "geometry": {
        "type": "Point",
        "coordinates": [
          133.654507,
          34.719075
        ]
      },
      "properties": {
        "NO": "1437",
        "共通ID": "E3320800078111",
        "施設・場所名": "昭和幼稚園",
        "住所": "岡山県総社市美袋245-1",
        "指定緊急避難場所との住所同一": "1",
        "その他市町村長が必要と認める事項": null,
        "受入対象者": null,
        "備考": ""
      }
    },
    {
      "type": "Feature",
      "geometry": {
        "type": "Point",
        "coordinates": [
          133.718037,
          34.668266
        ]
      },
      "properties": {
        "NO": "1438",
        "共通ID": "E3320800079111",
        "施設・場所名": "神在幼稚園",
        "住所": "岡山県総社市富原407-1",
        "指定緊急避難場所との住所同一": "1",
        "その他市町村長が必要と認める事項": null,
        "受入対象者": null,
        "備考": ""
      }
    },
    {
      "type": "Feature",
      "geometry": {
        "type": "Point",
        "coordinates": [
          133.71852,
          34.668527
        ]
      },
      "properties": {
        "NO": "1439",
        "共通ID": "E3320800080111",
        "施設・場所名": "神在小学校",
        "住所": "岡山県総社市富原422",
        "指定緊急避難場所との住所同一": "1",
        "その他市町村長が必要と認める事項": null,
        "受入対象者": null,
        "備考": ""
      }
    },
    {
      "type": "Feature",
      "geometry": {
        "type": "Point",
        "coordinates": [
          133.719985,
          34.667498
        ]
      },
      "properties": {
        "NO": "1440",
        "共通ID": "E3320800081111",
        "施設・場所名": "西公民館神在分館",
        "住所": "岡山県総社市富原903-1",
        "指定緊急避難場所との住所同一": "1",
        "その他市町村長が必要と認める事項": null,
        "受入対象者": null,
        "備考": ""
      }
    },
    {
      "type": "Feature",
      "geometry": {
        "type": "Point",
        "coordinates": [
          133.73756,
          34.680329
        ]
      },
      "properties": {
        "NO": "1441",
        "共通ID": "E3320800083111",
        "施設・場所名": "中央公民館浅尾分館",
        "住所": "岡山県総社市門田956-1",
        "指定緊急避難場所との住所同一": "1",
        "その他市町村長が必要と認める事項": null,
        "受入対象者": null,
        "備考": ""
      }
    },
    {
      "type": "Feature",
      "geometry": {
        "type": "Point",
        "coordinates": [
          133.736782,
          34.679747
        ]
      },
      "properties": {
        "NO": "1442",
        "共通ID": "E3320800084111",
        "施設・場所名": "総社中央小学校",
        "住所": "岡山県総社市門田959",
        "指定緊急避難場所との住所同一": "1",
        "その他市町村長が必要と認める事項": null,
        "受入対象者": null,
        "備考": ""
      }
    },
    {
      "type": "Feature",
      "geometry": {
        "type": "Point",
        "coordinates": [
          134.112314,
          35.236206
        ]
      },
      "properties": {
        "NO": "1443",
        "共通ID": "E3320300001111",
        "施設・場所名": "阿波保健福祉センター",
        "住所": "岡山県津山市阿波1198",
        "指定緊急避難場所との住所同一": "1",
        "その他市町村長が必要と認める事項": null,
        "受入対象者": null,
        "備考": ""
      }
    },
    {
      "type": "Feature",
      "geometry": {
        "type": "Point",
        "coordinates": [
          134.112314,
          35.236508
        ]
      },
      "properties": {
        "NO": "1444",
        "共通ID": "E3320300002111",
        "施設・場所名": "阿波公民館",
        "住所": "岡山県津山市阿波1204",
        "指定緊急避難場所との住所同一": "1",
        "その他市町村長が必要と認める事項": null,
        "受入対象者": null,
        "備考": ""
      }
    },
    {
      "type": "Feature",
      "geometry": {
        "type": "Point",
        "coordinates": [
          134.112694,
          35.237487
        ]
      },
      "properties": {
        "NO": "1445",
        "共通ID": "E3320300004111",
        "施設・場所名": "阿波こぶしアリーナ",
        "住所": "岡山県津山市阿波1785-2",
        "指定緊急避難場所との住所同一": "1",
        "その他市町村長が必要と認める事項": null,
        "受入対象者": null,
        "備考": ""
      }
    },
    {
      "type": "Feature",
      "geometry": {
        "type": "Point",
        "coordinates": [
          134.113476,
          35.244468
        ]
      },
      "properties": {
        "NO": "1446",
        "共通ID": "E3320300006111",
        "施設・場所名": "阿波ふるさとふれあい会館",
        "住所": "岡山県津山市阿波3307",
        "指定緊急避難場所との住所同一": "1",
        "その他市町村長が必要と認める事項": null,
        "受入対象者": null,
        "備考": ""
      }
    },
    {
      "type": "Feature",
      "geometry": {
        "type": "Point",
        "coordinates": [
          134.07073,
          35.119302
        ]
      },
      "properties": {
        "NO": "1447",
        "共通ID": "E3320300007111",
        "施設・場所名": "清泉小学校",
        "住所": "岡山県津山市綾部407",
        "指定緊急避難場所との住所同一": "1",
        "その他市町村長が必要と認める事項": null,
        "受入対象者": null,
        "備考": ""
      }
    },
    {
      "type": "Feature",
      "geometry": {
        "type": "Point",
        "coordinates": [
          133.990548,
          35.054341
        ]
      },
      "properties": {
        "NO": "1448",
        "共通ID": "E3320300137121",
        "施設・場所名": "養護老人ホーム　ときわ園",
        "住所": "岡山県津山市井口100",
        "指定緊急避難場所との住所同一": "",
        "その他市町村長が必要と認める事項": "",
        "受入対象者": "高齢者",
        "備考": ""
      }
    },
    {
      "type": "Feature",
      "geometry": {
        "type": "Point",
        "coordinates": [
          133.947453,
          35.060945
        ]
      },
      "properties": {
        "NO": "1449",
        "共通ID": "E3320300009111",
        "施設・場所名": "院庄小学校",
        "住所": "岡山県津山市院庄1041",
        "指定緊急避難場所との住所同一": "1",
        "その他市町村長が必要と認める事項": null,
        "受入対象者": null,
        "備考": ""
      }
    },
    {
      "type": "Feature",
      "geometry": {
        "type": "Point",
        "coordinates": [
          133.953673,
          35.063653
        ]
      },
      "properties": {
        "NO": "1450",
        "共通ID": "E3320300010111",
        "施設・場所名": "西部小体育館",
        "住所": "岡山県津山市院庄1242-6",
        "指定緊急避難場所との住所同一": "1",
        "その他市町村長が必要と認める事項": null,
        "受入対象者": null,
        "備考": ""
      }
    },
    {
      "type": "Feature",
      "geometry": {
        "type": "Point",
        "coordinates": [
          134.04151,
          35.042659
        ]
      },
      "properties": {
        "NO": "1451",
        "共通ID": "E3320300138121",
        "施設・場所名": "障がい者支援施設　みすず荘",
        "住所": "岡山県津山市瓜生原326-1",
        "指定緊急避難場所との住所同一": "",
        "その他市町村長が必要と認める事項": "",
        "受入対象者": "障害者",
        "備考": ""
      }
    },
    {
      "type": "Feature",
      "geometry": {
        "type": "Point",
        "coordinates": [
          134.042703,
          35.042971
        ]
      },
      "properties": {
        "NO": "1452",
        "共通ID": "E3320300130121",
        "施設・場所名": "特別養護老人ホーム　鶯園",
        "住所": "岡山県津山市瓜生原337-1",
        "指定緊急避難場所との住所同一": "",
        "その他市町村長が必要と認める事項": "",
        "受入対象者": "高齢者",
        "備考": ""
      }
    },
    {
      "type": "Feature",
      "geometry": {
        "type": "Point",
        "coordinates": [
          134.037916,
          35.066349
        ]
      },
      "properties": {
        "NO": "1453",
        "共通ID": "E3320300013111",
        "施設・場所名": "津山東中学校",
        "住所": "岡山県津山市押入1110",
        "指定緊急避難場所との住所同一": "1",
        "その他市町村長が必要と認める事項": null,
        "受入対象者": null,
        "備考": ""
      }
    },
    {
      "type": "Feature",
      "geometry": {
        "type": "Point",
        "coordinates": [
          134.026114,
          35.020319
        ]
      },
      "properties": {
        "NO": "1454",
        "共通ID": "E3320300014111",
        "施設・場所名": "福南公民館",
        "住所": "岡山県津山市押淵376",
        "指定緊急避難場所との住所同一": "1",
        "その他市町村長が必要と認める事項": null,
        "受入対象者": null,
        "備考": ""
      }
    },
    {
      "type": "Feature",
      "geometry": {
        "type": "Point",
        "coordinates": [
          134.009868,
          35.053144
        ]
      },
      "properties": {
        "NO": "1455",
        "共通ID": "E3320300016111",
        "施設・場所名": "福岡体育館",
        "住所": "岡山県津山市横山1234-1",
        "指定緊急避難場所との住所同一": "1",
        "その他市町村長が必要と認める事項": null,
        "受入対象者": null,
        "備考": ""
      }
    },
    {
      "type": "Feature",
      "geometry": {
        "type": "Point",
        "coordinates": [
          134.024441,
          35.116148
        ]
      },
      "properties": {
        "NO": "1456",
        "共通ID": "E3320300017111",
        "施設・場所名": "高田小学校",
        "住所": "岡山県津山市下横野1075",
        "指定緊急避難場所との住所同一": "1",
        "その他市町村長が必要と認める事項": null,
        "受入対象者": null,
        "備考": ""
      }
    },
    {
      "type": "Feature",
      "geometry": {
        "type": "Point",
        "coordinates": [
          134.025836,
          35.116424
        ]
      },
      "properties": {
        "NO": "1457",
        "共通ID": "E3320300018111",
        "施設・場所名": "高田公民館",
        "住所": "岡山県津山市下横野855-2",
        "指定緊急避難場所との住所同一": "1",
        "その他市町村長が必要と認める事項": null,
        "受入対象者": null,
        "備考": ""
      }
    },
    {
      "type": "Feature",
      "geometry": {
        "type": "Point",
        "coordinates": [
          134.043318,
          35.099718
        ]
      },
      "properties": {
        "NO": "1458",
        "共通ID": "E3320300019111",
        "施設・場所名": "高倉小学校",
        "住所": "岡山県津山市下高倉西12",
        "指定緊急避難場所との住所同一": "1",
        "その他市町村長が必要と認める事項": null,
        "受入対象者": null,
        "備考": ""
      }
    },
    {
      "type": "Feature",
      "geometry": {
        "type": "Point",
        "coordinates": [
          134.038378,
          35.096983
        ]
      },
      "properties": {
        "NO": "1459",
        "共通ID": "E3320300132121",
        "施設・場所名": "特別養護老人ホーム　高寿園",
        "住所": "岡山県津山市下高倉西1581-1",
        "指定緊急避難場所との住所同一": "",
        "その他市町村長が必要と認める事項": "",
        "受入対象者": "高齢者",
        "備考": ""
      }
    },
    {
      "type": "Feature",
      "geometry": {
        "type": "Point",
        "coordinates": [
          134.044097,
          35.09924
        ]
      },
      "properties": {
        "NO": "1460",
        "共通ID": "E3320300021111",
        "施設・場所名": "高倉公民館",
        "住所": "岡山県津山市下高倉西58-4",
        "指定緊急避難場所との住所同一": "1",
        "その他市町村長が必要と認める事項": null,
        "受入対象者": null,
        "備考": ""
      }
    },
    {
      "type": "Feature",
      "geometry": {
        "type": "Point",
        "coordinates": [
          133.967847,
          35.081671
        ]
      },
      "properties": {
        "NO": "1461",
        "共通ID": "E3320300022111",
        "施設・場所名": "田邑公民館",
        "住所": "岡山県津山市下田邑114-1",
        "指定緊急避難場所との住所同一": "1",
        "その他市町村長が必要と認める事項": null,
        "受入対象者": null,
        "備考": ""
      }
    },
    {
      "type": "Feature",
      "geometry": {
        "type": "Point",
        "coordinates": [
          134.0571,
          35.175545
        ]
      },
      "properties": {
        "NO": "1462",
        "共通ID": "E3320300024111",
        "施設・場所名": "加茂町武道館",
        "住所": "岡山県津山市加茂町桑原280",
        "指定緊急避難場所との住所同一": "1",
        "その他市町村長が必要と認める事項": null,
        "受入対象者": null,
        "備考": ""
      }
    },
    {
      "type": "Feature",
      "geometry": {
        "type": "Point",
        "coordinates": [
          134.057127,
          35.174931
        ]
      },
      "properties": {
        "NO": "1463",
        "共通ID": "E3320300024112",
        "施設・場所名": "加茂中学校",
        "住所": "岡山県津山市加茂町桑原280",
        "指定緊急避難場所との住所同一": "1",
        "その他市町村長が必要と認める事項": null,
        "受入対象者": null,
        "備考": ""
      }
    },
    {
      "type": "Feature",
      "geometry": {
        "type": "Point",
        "coordinates": [
          134.066253,
          35.165602
        ]
      },
      "properties": {
        "NO": "1464",
        "共通ID": "E3320300025111",
        "施設・場所名": "公郷会館",
        "住所": "岡山県津山市加茂町公郷1604-7",
        "指定緊急避難場所との住所同一": "1",
        "その他市町村長が必要と認める事項": null,
        "受入対象者": null,
        "備考": ""
      }
    },
    {
      "type": "Feature",
      "geometry": {
        "type": "Point",
        "coordinates": [
          134.049358,
          35.178219
        ]
      },
      "properties": {
        "NO": "1465",
        "共通ID": "E3320300135121",
        "施設・場所名": "特別養護老人ホーム　緑山荘",
        "住所": "岡山県津山市加茂町中原115",
        "指定緊急避難場所との住所同一": "",
        "その他市町村長が必要と認める事項": "",
        "受入対象者": "",
        "備考": ""
      }
    },
    {
      "type": "Feature",
      "geometry": {
        "type": "Point",
        "coordinates": [
          134.046452,
          35.176072
        ]
      },
      "properties": {
        "NO": "1466",
        "共通ID": "E3320300026111",
        "施設・場所名": "加茂町スポーツセンター",
        "住所": "岡山県津山市加茂町中原493-3",
        "指定緊急避難場所との住所同一": "1",
        "その他市町村長が必要と認める事項": null,
        "受入対象者": null,
        "備考": ""
      }
    },
    {
      "type": "Feature",
      "geometry": {
        "type": "Point",
        "coordinates": [
          134.052232,
          35.176185
        ]
      },
      "properties": {
        "NO": "1467",
        "共通ID": "E3320300147121",
        "施設・場所名": "介護療養型老人保健施設　かもの郷",
        "住所": "岡山県津山市加茂町中原61",
        "指定緊急避難場所との住所同一": "",
        "その他市町村長が必要と認める事項": "",
        "受入対象者": "高齢者",
        "備考": ""
      }
    },
    {
      "type": "Feature",
      "geometry": {
        "type": "Point",
        "coordinates": [
          134.05409,
          35.178208
        ]
      },
      "properties": {
        "NO": "1468",
        "共通ID": "E3320300027111",
        "施設・場所名": "加茂町公民館",
        "住所": "岡山県津山市加茂町塔中104",
        "指定緊急避難場所との住所同一": "1",
        "その他市町村長が必要と認める事項": null,
        "受入対象者": null,
        "備考": ""
      }
    },
    {
      "type": "Feature",
      "geometry": {
        "type": "Point",
        "coordinates": [
          134.05523,
          35.179003
        ]
      },
      "properties": {
        "NO": "1469",
        "共通ID": "E3320300028111",
        "施設・場所名": "加茂町文化センター",
        "住所": "岡山県津山市加茂町塔中113-6",
        "指定緊急避難場所との住所同一": "1",
        "その他市町村長が必要と認める事項": null,
        "受入対象者": null,
        "備考": ""
      }
    },
    {
      "type": "Feature",
      "geometry": {
        "type": "Point",
        "coordinates": [
          134.055898,
          35.177708
        ]
      },
      "properties": {
        "NO": "1470",
        "共通ID": "E3320300029111",
        "施設・場所名": "加茂小学校",
        "住所": "岡山県津山市加茂町塔中80",
        "指定緊急避難場所との住所同一": "1",
        "その他市町村長が必要と認める事項": null,
        "受入対象者": null,
        "備考": ""
      }
    },
    {
      "type": "Feature",
      "geometry": {
        "type": "Point",
        "coordinates": [
          134.052325,
          35.061336
        ]
      },
      "properties": {
        "NO": "1471",
        "共通ID": "E3320300148121",
        "施設・場所名": "介護老人保健施設　ケアガーデン津山",
        "住所": "岡山県津山市河辺332-1",
        "指定緊急避難場所との住所同一": "",
        "その他市町村長が必要と認める事項": "",
        "受入対象者": "高齢者",
        "備考": ""
      }
    },
    {
      "type": "Feature",
      "geometry": {
        "type": "Point",
        "coordinates": [
          133.919147,
          35.053968
        ]
      },
      "properties": {
        "NO": "1472",
        "共通ID": "E3320300031111",
        "施設・場所名": "誠道小学校",
        "住所": "岡山県津山市久米川南919",
        "指定緊急避難場所との住所同一": "1",
        "その他市町村長が必要と認める事項": null,
        "受入対象者": null,
        "備考": ""
      }
    },
    {
      "type": "Feature",
      "geometry": {
        "type": "Point",
        "coordinates": [
          133.884154,
          35.071004
        ]
      },
      "properties": {
        "NO": "1473",
        "共通ID": "E3320300034111",
        "施設・場所名": "中正小学校",
        "住所": "岡山県津山市宮部下686",
        "指定緊急避難場所との住所同一": "1",
        "その他市町村長が必要と認める事項": null,
        "受入対象者": null,
        "備考": ""
      }
    },
    {
      "type": "Feature",
      "geometry": {
        "type": "Point",
        "coordinates": [
          134.066211,
          35.04475
        ]
      },
      "properties": {
        "NO": "1474",
        "共通ID": "E3320300129112",
        "施設・場所名": "大崎公民館",
        "住所": "岡山県津山市金井11-18",
        "指定緊急避難場所との住所同一": "1",
        "その他市町村長が必要と認める事項": "",
        "受入対象者": "",
        "備考": ""
      }
    },
    {
      "type": "Feature",
      "geometry": {
        "type": "Point",
        "coordinates": [
          134.065224,
          35.04421
        ]
      },
      "properties": {
        "NO": "1475",
        "共通ID": "E3320300036111",
        "施設・場所名": "大崎小学校",
        "住所": "岡山県津山市金井76",
        "指定緊急避難場所との住所同一": "1",
        "その他市町村長が必要と認める事項": null,
        "受入対象者": null,
        "備考": ""
      }
    },
    {
      "type": "Feature",
      "geometry": {
        "type": "Point",
        "coordinates": [
          133.920473,
          35.028793
        ]
      },
      "properties": {
        "NO": "1476",
        "共通ID": "E3320300136121",
        "施設・場所名": "特別養護老人ホーム　愛和荘",
        "住所": "岡山県津山市桑下1272-3",
        "指定緊急避難場所との住所同一": "",
        "その他市町村長が必要と認める事項": "",
        "受入対象者": "高齢者",
        "備考": ""
      }
    },
    {
      "type": "Feature",
      "geometry": {
        "type": "Point",
        "coordinates": [
          133.910269,
          35.023745
        ]
      },
      "properties": {
        "NO": "1477",
        "共通ID": "E3320300038111",
        "施設・場所名": "秀実小学校",
        "住所": "岡山県津山市桑上1",
        "指定緊急避難場所との住所同一": "1",
        "その他市町村長が必要と認める事項": null,
        "受入対象者": null,
        "備考": ""
      }
    },
    {
      "type": "Feature",
      "geometry": {
        "type": "Point",
        "coordinates": [
          134.106643,
          35.099506
        ]
      },
      "properties": {
        "NO": "1478",
        "共通ID": "E3320300039111",
        "施設・場所名": "勝北中学校",
        "住所": "岡山県津山市原371",
        "指定緊急避難場所との住所同一": "1",
        "その他市町村長が必要と認める事項": null,
        "受入対象者": null,
        "備考": ""
      }
    },
    {
      "type": "Feature",
      "geometry": {
        "type": "Point",
        "coordinates": [
          134.052584,
          35.076149
        ]
      },
      "properties": {
        "NO": "1479",
        "共通ID": "E3320300040111",
        "施設・場所名": "高野小学校",
        "住所": "岡山県津山市高野本郷1041",
        "指定緊急避難場所との住所同一": "1",
        "その他市町村長が必要と認める事項": null,
        "受入対象者": null,
        "備考": ""
      }
    },
    {
      "type": "Feature",
      "geometry": {
        "type": "Point",
        "coordinates": [
          134.050429,
          35.072553
        ]
      },
      "properties": {
        "NO": "1480",
        "共通ID": "E3320300041111",
        "施設・場所名": "つやま東幼稚園",
        "住所": "岡山県津山市高野本郷1270-1",
        "指定緊急避難場所との住所同一": "1",
        "その他市町村長が必要と認める事項": null,
        "受入対象者": null,
        "備考": ""
      }
    },
    {
      "type": "Feature",
      "geometry": {
        "type": "Point",
        "coordinates": [
          134.059904,
          35.076005
        ]
      },
      "properties": {
        "NO": "1481",
        "共通ID": "E3320300042111",
        "施設・場所名": "高野公民館",
        "住所": "岡山県津山市高野本郷1683-2",
        "指定緊急避難場所との住所同一": "1",
        "その他市町村長が必要と認める事項": null,
        "受入対象者": null,
        "備考": ""
      }
    },
    {
      "type": "Feature",
      "geometry": {
        "type": "Point",
        "coordinates": [
          134.042866,
          35.049508
        ]
      },
      "properties": {
        "NO": "1482",
        "共通ID": "E3320300043111",
        "施設・場所名": "河辺小学校",
        "住所": "岡山県津山市国分寺505",
        "指定緊急避難場所との住所同一": "1",
        "その他市町村長が必要と認める事項": null,
        "受入対象者": null,
        "備考": ""
      }
    },
    {
      "type": "Feature",
      "geometry": {
        "type": "Point",
        "coordinates": [
          134.039684,
          35.048543
        ]
      },
      "properties": {
        "NO": "1483",
        "共通ID": "E3320300044111",
        "施設・場所名": "河辺農業研修施設",
        "住所": "岡山県津山市国分寺592-8",
        "指定緊急避難場所との住所同一": "1",
        "その他市町村長が必要と認める事項": null,
        "受入対象者": null,
        "備考": ""
      }
    },
    {
      "type": "Feature",
      "geometry": {
        "type": "Point",
        "coordinates": [
          133.969492,
          35.044577
        ]
      },
      "properties": {
        "NO": "1484",
        "共通ID": "E3320300046111",
        "施設・場所名": "佐良山小学校",
        "住所": "岡山県津山市皿657-2",
        "指定緊急避難場所との住所同一": "1",
        "その他市町村長が必要と認める事項": null,
        "受入対象者": null,
        "備考": ""
      }
    },
    {
      "type": "Feature",
      "geometry": {
        "type": "Point",
        "coordinates": [
          133.971959,
          35.044257
        ]
      },
      "properties": {
        "NO": "1485",
        "共通ID": "E3320300047111",
        "施設・場所名": "皿老人福祉センター",
        "住所": "岡山県津山市皿867",
        "指定緊急避難場所との住所同一": "1",
        "その他市町村長が必要と認める事項": null,
        "受入対象者": null,
        "備考": ""
      }
    },
    {
      "type": "Feature",
      "geometry": {
        "type": "Point",
        "coordinates": [
          134.004007,
          35.06407
        ]
      },
      "properties": {
        "NO": "1486",
        "共通ID": "E3320300049111",
        "施設・場所名": "津山文化センター",
        "住所": "岡山県津山市山下68",
        "指定緊急避難場所との住所同一": "1",
        "その他市町村長が必要と認める事項": null,
        "受入対象者": null,
        "備考": ""
      }
    },
    {
      "type": "Feature",
      "geometry": {
        "type": "Point",
        "coordinates": [
          134.006655,
          35.060933
        ]
      },
      "properties": {
        "NO": "1487",
        "共通ID": "E3320300051111",
        "施設・場所名": "雇用労働センター",
        "住所": "岡山県津山市山下92-1",
        "指定緊急避難場所との住所同一": "1",
        "その他市町村長が必要と認める事項": null,
        "受入対象者": null,
        "備考": ""
      }
    },
    {
      "type": "Feature",
      "geometry": {
        "type": "Point",
        "coordinates": [
          134.000698,
          35.069003
        ]
      },
      "properties": {
        "NO": "1488",
        "共通ID": "E3320300052111",
        "施設・場所名": "北小学校",
        "住所": "岡山県津山市山北238",
        "指定緊急避難場所との住所同一": "1",
        "その他市町村長が必要と認める事項": null,
        "受入対象者": null,
        "備考": ""
      }
    },
    {
      "type": "Feature",
      "geometry": {
        "type": "Point",
        "coordinates": [
          133.999596,
          35.071936
        ]
      },
      "properties": {
        "NO": "1489",
        "共通ID": "E3320300053111",
        "施設・場所名": "鶴山中学校",
        "住所": "岡山県津山市山北290",
        "指定緊急避難場所との住所同一": "1",
        "その他市町村長が必要と認める事項": null,
        "受入対象者": null,
        "備考": ""
      }
    },
    {
      "type": "Feature",
      "geometry": {
        "type": "Point",
        "coordinates": [
          134.0022,
          35.072491
        ]
      },
      "properties": {
        "NO": "1490",
        "共通ID": "E3320300054111",
        "施設・場所名": "津山工業高等学校",
        "住所": "岡山県津山市山北411-1",
        "指定緊急避難場所との住所同一": "1",
        "その他市町村長が必要と認める事項": null,
        "受入対象者": null,
        "備考": ""
      }
    },
    {
      "type": "Feature",
      "geometry": {
        "type": "Point",
        "coordinates": [
          134.00497,
          35.06749
        ]
      },
      "properties": {
        "NO": "1491",
        "共通ID": "E3320300055111",
        "施設・場所名": "美作高等学校",
        "住所": "岡山県津山市山北500",
        "指定緊急避難場所との住所同一": "1",
        "その他市町村長が必要と認める事項": null,
        "受入対象者": null,
        "備考": ""
      }
    },
    {
      "type": "Feature",
      "geometry": {
        "type": "Point",
        "coordinates": [
          134.003973,
          35.070117
        ]
      },
      "properties": {
        "NO": "1492",
        "共通ID": "E3320300056111",
        "施設・場所名": "津山商業高等学校",
        "住所": "岡山県津山市山北531",
        "指定緊急避難場所との住所同一": "1",
        "その他市町村長が必要と認める事項": null,
        "受入対象者": null,
        "備考": ""
      }
    },
    {
      "type": "Feature",
      "geometry": {
        "type": "Point",
        "coordinates": [
          134.00834,
          35.068942
        ]
      },
      "properties": {
        "NO": "1493",
        "共通ID": "E3320300057111",
        "施設・場所名": "津山総合体育館",
        "住所": "岡山県津山市山北669",
        "指定緊急避難場所との住所同一": "1",
        "その他市町村長が必要と認める事項": null,
        "受入対象者": null,
        "備考": ""
      }
    },
    {
      "type": "Feature",
      "geometry": {
        "type": "Point",
        "coordinates": [
          134.008687,
          35.070985
        ]
      },
      "properties": {
        "NO": "1494",
        "共通ID": "E3320300058111",
        "施設・場所名": "東小学校",
        "住所": "岡山県津山市山北740",
        "指定緊急避難場所との住所同一": "1",
        "その他市町村長が必要と認める事項": null,
        "受入対象者": null,
        "備考": ""
      }
    },
    {
      "type": "Feature",
      "geometry": {
        "type": "Point",
        "coordinates": [
          134.12356,
          35.127977
        ]
      },
      "properties": {
        "NO": "1495",
        "共通ID": "E3320300059111",
        "施設・場所名": "広戸小学校",
        "住所": "岡山県津山市市場1080-1",
        "指定緊急避難場所との住所同一": "1",
        "その他市町村長が必要と認める事項": null,
        "受入対象者": null,
        "備考": ""
      }
    },
    {
      "type": "Feature",
      "geometry": {
        "type": "Point",
        "coordinates": [
          134.127941,
          35.11771
        ]
      },
      "properties": {
        "NO": "1496",
        "共通ID": "E3320300143121",
        "施設・場所名": "養護老人ホーム　塩手荘",
        "住所": "岡山県津山市市場2151",
        "指定緊急避難場所との住所同一": "",
        "その他市町村長が必要と認める事項": "",
        "受入対象者": "高齢者",
        "備考": ""
      }
    },
    {
      "type": "Feature",
      "geometry": {
        "type": "Point",
        "coordinates": [
          134.02309,
          35.079339
        ]
      },
      "properties": {
        "NO": "1497",
        "共通ID": "E3320300060111",
        "施設・場所名": "鶴山小学校",
        "住所": "岡山県津山市志戸部121",
        "指定緊急避難場所との住所同一": "1",
        "その他市町村長が必要と認める事項": null,
        "受入対象者": null,
        "備考": ""
      }
    },
    {
      "type": "Feature",
      "geometry": {
        "type": "Point",
        "coordinates": [
          134.015052,
          35.085862
        ]
      },
      "properties": {
        "NO": "1498",
        "共通ID": "E3320300063111",
        "施設・場所名": "勤労者総合福祉センター",
        "住所": "岡山県津山市勝部20-7",
        "指定緊急避難場所との住所同一": "1",
        "その他市町村長が必要と認める事項": null,
        "受入対象者": null,
        "備考": ""
      }
    },
    {
      "type": "Feature",
      "geometry": {
        "type": "Point",
        "coordinates": [
          134.02104,
          35.086044
        ]
      },
      "properties": {
        "NO": "1499",
        "共通ID": "E3320300064111",
        "施設・場所名": "中道中学校",
        "住所": "岡山県津山市勝部355",
        "指定緊急避難場所との住所同一": "1",
        "その他市町村長が必要と認める事項": null,
        "受入対象者": null,
        "備考": ""
      }
    },
    {
      "type": "Feature",
      "geometry": {
        "type": "Point",
        "coordinates": [
          134.000082,
          35.077669
        ]
      },
      "properties": {
        "NO": "1500",
        "共通ID": "E3320300065111",
        "施設・場所名": "西苫田公民館",
        "住所": "岡山県津山市小原67-1",
        "指定緊急避難場所との住所同一": "1",
        "その他市町村長が必要と認める事項": null,
        "受入対象者": null,
        "備考": ""
      }
    },
    {
      "type": "Feature",
      "geometry": {
        "type": "Point",
        "coordinates": [
          133.989809,
          35.062167
        ]
      },
      "properties": {
        "NO": "1501",
        "共通ID": "E3320300066111",
        "施設・場所名": "城西公民館",
        "住所": "岡山県津山市小田中1312-10",
        "指定緊急避難場所との住所同一": "1",
        "その他市町村長が必要と認める事項": null,
        "受入対象者": null,
        "備考": ""
      }
    },
    {
      "type": "Feature",
      "geometry": {
        "type": "Point",
        "coordinates": [
          133.992234,
          35.062288
        ]
      },
      "properties": {
        "NO": "1502",
        "共通ID": "E3320300067111",
        "施設・場所名": "西小学校",
        "住所": "岡山県津山市小田中1360",
        "指定緊急避難場所との住所同一": "1",
        "その他市町村長が必要と認める事項": null,
        "受入対象者": null,
        "備考": ""
      }
    },
    {
      "type": "Feature",
      "geometry": {
        "type": "Point",
        "coordinates": [
          133.988933,
          35.061262
        ]
      },
      "properties": {
        "NO": "1503",
        "共通ID": "E3320300145121",
        "施設・場所名": "救護施設　津山広済寮",
        "住所": "岡山県津山市小田中1412",
        "指定緊急避難場所との住所同一": "",
        "その他市町村長が必要と認める事項": "",
        "受入対象者": "高齢者",
        "備考": ""
      }
    },
    {
      "type": "Feature",
      "geometry": {
        "type": "Point",
        "coordinates": [
          133.995983,
          35.055115
        ]
      },
      "properties": {
        "NO": "1504",
        "共通ID": "E3320300068111",
        "施設・場所名": "南小学校",
        "住所": "岡山県津山市昭和町2-73-1",
        "指定緊急避難場所との住所同一": "1",
        "その他市町村長が必要と認める事項": null,
        "受入対象者": null,
        "備考": ""
      }
    },
    {
      "type": "Feature",
      "geometry": {
        "type": "Point",
        "coordinates": [
          134.013087,
          35.081652
        ]
      },
      "properties": {
        "NO": "1505",
        "共通ID": "E3320300069111",
        "施設・場所名": "津山工業高等専門学校",
        "住所": "岡山県津山市沼624-1",
        "指定緊急避難場所との住所同一": "1",
        "その他市町村長が必要と認める事項": null,
        "受入対象者": null,
        "備考": ""
      }
    },
    {
      "type": "Feature",
      "geometry": {
        "type": "Point",
        "coordinates": [
          134.004452,
          35.085913
        ]
      },
      "properties": {
        "NO": "1506",
        "共通ID": "E3320300141121",
        "施設・場所名": "軽費老人ホーム　ケアハウス上河原",
        "住所": "岡山県津山市上河原344-1",
        "指定緊急避難場所との住所同一": "",
        "その他市町村長が必要と認める事項": "",
        "受入対象者": "高齢者",
        "備考": ""
      }
    },
    {
      "type": "Feature",
      "geometry": {
        "type": "Point",
        "coordinates": [
          134.000529,
          35.059013
        ]
      },
      "properties": {
        "NO": "1507",
        "共通ID": "E3320300070111",
        "施設・場所名": "アルネ津山",
        "住所": "岡山県津山市新魚町17",
        "指定緊急避難場所との住所同一": "1",
        "その他市町村長が必要と認める事項": null,
        "受入対象者": null,
        "備考": ""
      }
    },
    {
      "type": "Feature",
      "geometry": {
        "type": "Point",
        "coordinates": [
          134.129084,
          35.104234
        ]
      },
      "properties": {
        "NO": "1508",
        "共通ID": "E3320300133121",
        "施設・場所名": "特別養護老人ホーム　日本原荘",
        "住所": "岡山県津山市新野東1797",
        "指定緊急避難場所との住所同一": "",
        "その他市町村長が必要と認める事項": "",
        "受入対象者": "高齢者",
        "備考": ""
      }
    },
    {
      "type": "Feature",
      "geometry": {
        "type": "Point",
        "coordinates": [
          134.129089,
          35.104168
        ]
      },
      "properties": {
        "NO": "1509",
        "共通ID": "E3320300134121",
        "施設・場所名": "特別養護老人ホーム　第３日本原荘",
        "住所": "岡山県津山市新野東1798-1",
        "指定緊急避難場所との住所同一": "",
        "その他市町村長が必要と認める事項": "",
        "受入対象者": "高齢者",
        "備考": ""
      }
    },
    {
      "type": "Feature",
      "geometry": {
        "type": "Point",
        "coordinates": [
          134.112503,
          35.105038
        ]
      },
      "properties": {
        "NO": "1510",
        "共通ID": "E3320300071111",
        "施設・場所名": "勝北保健福祉センター",
        "住所": "岡山県津山市新野東567",
        "指定緊急避難場所との住所同一": "1",
        "その他市町村長が必要と認める事項": null,
        "受入対象者": null,
        "備考": ""
      }
    },
    {
      "type": "Feature",
      "geometry": {
        "type": "Point",
        "coordinates": [
          134.110592,
          35.104779
        ]
      },
      "properties": {
        "NO": "1511",
        "共通ID": "E3320300072111",
        "施設・場所名": "勝北文化センター・公民館",
        "住所": "岡山県津山市新野東584",
        "指定緊急避難場所との住所同一": "1",
        "その他市町村長が必要と認める事項": null,
        "受入対象者": null,
        "備考": ""
      }
    },
    {
      "type": "Feature",
      "geometry": {
        "type": "Point",
        "coordinates": [
          134.109334,
          35.105681
        ]
      },
      "properties": {
        "NO": "1512",
        "共通ID": "E3320300073111",
        "施設・場所名": "勝北風の子こども園",
        "住所": "岡山県津山市新野東600-1",
        "指定緊急避難場所との住所同一": "1",
        "その他市町村長が必要と認める事項": null,
        "受入対象者": null,
        "備考": ""
      }
    },
    {
      "type": "Feature",
      "geometry": {
        "type": "Point",
        "coordinates": [
          133.945067,
          35.060957
        ]
      },
      "properties": {
        "NO": "1513",
        "共通ID": "E3320300075111",
        "施設・場所名": "院庄公民館",
        "住所": "岡山県津山市神戸187-4",
        "指定緊急避難場所との住所同一": "1",
        "その他市町村長が必要と認める事項": null,
        "受入対象者": null,
        "備考": ""
      }
    },
    {
      "type": "Feature",
      "geometry": {
        "type": "Point",
        "coordinates": [
          133.945004,
          35.057376
        ]
      },
      "properties": {
        "NO": "1514",
        "共通ID": "E3320300142121",
        "施設・場所名": "特別養護老人ホーム　のどか",
        "住所": "岡山県津山市神戸2626-2",
        "指定緊急避難場所との住所同一": "",
        "その他市町村長が必要と認める事項": "",
        "受入対象者": "高齢者",
        "備考": ""
      }
    },
    {
      "type": "Feature",
      "geometry": {
        "type": "Point",
        "coordinates": [
          134.090759,
          35.106485
        ]
      },
      "properties": {
        "NO": "1515",
        "共通ID": "E3320300139121",
        "施設・場所名": "障害者支援施設　あすなろ園",
        "住所": "岡山県津山市西下1003-1",
        "指定緊急避難場所との住所同一": "",
        "その他市町村長が必要と認める事項": "",
        "受入対象者": "障害者",
        "備考": ""
      }
    },
    {
      "type": "Feature",
      "geometry": {
        "type": "Point",
        "coordinates": [
          134.108064,
          35.109697
        ]
      },
      "properties": {
        "NO": "1516",
        "共通ID": "E3320300079111",
        "施設・場所名": "新野小学校",
        "住所": "岡山県津山市西中591",
        "指定緊急避難場所との住所同一": "1",
        "その他市町村長が必要と認める事項": null,
        "受入対象者": null,
        "備考": ""
      }
    },
    {
      "type": "Feature",
      "geometry": {
        "type": "Point",
        "coordinates": [
          134.032669,
          35.062805
        ]
      },
      "properties": {
        "NO": "1517",
        "共通ID": "E3320300140123",
        "施設・場所名": "福祉型障害児入所施設　津山ひかり学園　ひかりの風",
        "住所": "岡山県津山市川崎1508",
        "指定緊急避難場所との住所同一": "",
        "その他市町村長が必要と認める事項": "",
        "受入対象者": "障害者",
        "備考": ""
      }
    },
    {
      "type": "Feature",
      "geometry": {
        "type": "Point",
        "coordinates": [
          134.032873,
          35.06329
        ]
      },
      "properties": {
        "NO": "1518",
        "共通ID": "E3320300140122",
        "施設・場所名": "津山ひかり学園　メゾンきさらぎ",
        "住所": "岡山県津山市川崎1508",
        "指定緊急避難場所との住所同一": "",
        "その他市町村長が必要と認める事項": "",
        "受入対象者": "障害者",
        "備考": ""
      }
    },
    {
      "type": "Feature",
      "geometry": {
        "type": "Point",
        "coordinates": [
          134.033002,
          35.063527
        ]
      },
      "properties": {
        "NO": "1519",
        "共通ID": "E3320300140121",
        "施設・場所名": "障害者支援施設　津山ひかり学園　ひかりの杜",
        "住所": "岡山県津山市川崎1508",
        "指定緊急避難場所との住所同一": "",
        "その他市町村長が必要と認める事項": "",
        "受入対象者": "",
        "備考": ""
      }
    },
    {
      "type": "Feature",
      "geometry": {
        "type": "Point",
        "coordinates": [
          134.031714,
          35.056294
        ]
      },
      "properties": {
        "NO": "1520",
        "共通ID": "E3320300082111",
        "施設・場所名": "緑水園文化体育館",
        "住所": "岡山県津山市川崎373-2",
        "指定緊急避難場所との住所同一": "1",
        "その他市町村長が必要と認める事項": null,
        "受入対象者": null,
        "備考": ""
      }
    },
    {
      "type": "Feature",
      "geometry": {
        "type": "Point",
        "coordinates": [
          134.022255,
          35.065524
        ]
      },
      "properties": {
        "NO": "1521",
        "共通ID": "E3320300083111",
        "施設・場所名": "津山東公民館",
        "住所": "岡山県津山市川崎796-2",
        "指定緊急避難場所との住所同一": "1",
        "その他市町村長が必要と認める事項": null,
        "受入対象者": null,
        "備考": ""
      }
    },
    {
      "type": "Feature",
      "geometry": {
        "type": "Point",
        "coordinates": [
          134.025614,
          35.06475
        ]
      },
      "properties": {
        "NO": "1522",
        "共通ID": "E3320300084111",
        "施設・場所名": "林田小学校",
        "住所": "岡山県津山市川崎850",
        "指定緊急避難場所との住所同一": "1",
        "その他市町村長が必要と認める事項": null,
        "受入対象者": null,
        "備考": ""
      }
    },
    {
      "type": "Feature",
      "geometry": {
        "type": "Point",
        "coordinates": [
          134.07271,
          35.099492
        ]
      },
      "properties": {
        "NO": "1523",
        "共通ID": "E3320300086111",
        "施設・場所名": "東部小体育館",
        "住所": "岡山県津山市草加部1186-1",
        "指定緊急避難場所との住所同一": "1",
        "その他市町村長が必要と認める事項": null,
        "受入対象者": null,
        "備考": ""
      }
    },
    {
      "type": "Feature",
      "geometry": {
        "type": "Point",
        "coordinates": [
          133.993488,
          35.052264
        ]
      },
      "properties": {
        "NO": "1524",
        "共通ID": "E3320300089111",
        "施設・場所名": "中央公民館",
        "住所": "岡山県津山市大谷600",
        "指定緊急避難場所との住所同一": "1",
        "その他市町村長が必要と認める事項": null,
        "受入対象者": null,
        "備考": ""
      }
    },
    {
      "type": "Feature",
      "geometry": {
        "type": "Point",
        "coordinates": [
          134.009671,
          35.085982
        ]
      },
      "properties": {
        "NO": "1525",
        "共通ID": "E3320300090111",
        "施設・場所名": "弥生小学校",
        "住所": "岡山県津山市大田121",
        "指定緊急避難場所との住所同一": "1",
        "その他市町村長が必要と認める事項": null,
        "受入対象者": null,
        "備考": ""
      }
    },
    {
      "type": "Feature",
      "geometry": {
        "type": "Point",
        "coordinates": [
          134.009445,
          35.086655
        ]
      },
      "properties": {
        "NO": "1526",
        "共通ID": "E3320300091111",
        "施設・場所名": "北陵中学校",
        "住所": "岡山県津山市大田160",
        "指定緊急避難場所との住所同一": "1",
        "その他市町村長が必要と認める事項": null,
        "受入対象者": null,
        "備考": ""
      }
    },
    {
      "type": "Feature",
      "geometry": {
        "type": "Point",
        "coordinates": [
          134.007614,
          35.083557
        ]
      },
      "properties": {
        "NO": "1527",
        "共通ID": "E3320300149121",
        "施設・場所名": "サンホームおおだ",
        "住所": "岡山県津山市大田83-5",
        "指定緊急避難場所との住所同一": "",
        "その他市町村長が必要と認める事項": "",
        "受入対象者": "高齢者",
        "備考": ""
      }
    },
    {
      "type": "Feature",
      "geometry": {
        "type": "Point",
        "coordinates": [
          134.004315,
          35.094326
        ]
      },
      "properties": {
        "NO": "1528",
        "共通ID": "E3320300092111",
        "施設・場所名": "みどりの丘保育所",
        "住所": "岡山県津山市大田831-4",
        "指定緊急避難場所との住所同一": "1",
        "その他市町村長が必要と認める事項": null,
        "受入対象者": null,
        "備考": ""
      }
    },
    {
      "type": "Feature",
      "geometry": {
        "type": "Point",
        "coordinates": [
          134.002673,
          35.09247
        ]
      },
      "properties": {
        "NO": "1529",
        "共通ID": "E3320300093111",
        "施設・場所名": "リージョンセンター",
        "住所": "岡山県津山市大田920",
        "指定緊急避難場所との住所同一": "1",
        "その他市町村長が必要と認める事項": null,
        "受入対象者": null,
        "備考": ""
      }
    },
    {
      "type": "Feature",
      "geometry": {
        "type": "Point",
        "coordinates": [
          134.101894,
          35.090402
        ]
      },
      "properties": {
        "NO": "1530",
        "共通ID": "E3320300094111",
        "施設・場所名": "勝加茂小学校",
        "住所": "岡山県津山市中村125",
        "指定緊急避難場所との住所同一": "1",
        "その他市町村長が必要と認める事項": null,
        "受入対象者": null,
        "備考": ""
      }
    },
    {
      "type": "Feature",
      "geometry": {
        "type": "Point",
        "coordinates": [
          133.899838,
          35.060472
        ]
      },
      "properties": {
        "NO": "1531",
        "共通ID": "E3320300096112",
        "施設・場所名": "久米公民館",
        "住所": "岡山県津山市中北下1271",
        "指定緊急避難場所との住所同一": "1",
        "その他市町村長が必要と認める事項": null,
        "受入対象者": null,
        "備考": ""
      }
    },
    {
      "type": "Feature",
      "geometry": {
        "type": "Point",
        "coordinates": [
          133.900433,
          35.060196
        ]
      },
      "properties": {
        "NO": "1532",
        "共通ID": "E3320300096111",
        "施設・場所名": "久米総合文化運動公園体育館",
        "住所": "岡山県津山市中北下1271",
        "指定緊急避難場所との住所同一": "1",
        "その他市町村長が必要と認める事項": null,
        "受入対象者": null,
        "備考": ""
      }
    },
    {
      "type": "Feature",
      "geometry": {
        "type": "Point",
        "coordinates": [
          134.000944,
          35.067636
        ]
      },
      "properties": {
        "NO": "1533",
        "共通ID": "E3320300097111",
        "施設・場所名": "津山高校（１００周年記念館、武道場、テニスコート）",
        "住所": "岡山県津山市椿高下62",
        "指定緊急避難場所との住所同一": "1",
        "その他市町村長が必要と認める事項": null,
        "受入対象者": null,
        "備考": ""
      }
    },
    {
      "type": "Feature",
      "geometry": {
        "type": "Point",
        "coordinates": [
          133.85352,
          35.06178
        ]
      },
      "properties": {
        "NO": "1534",
        "共通ID": "E3320300099111",
        "施設・場所名": "喬松小学校",
        "住所": "岡山県津山市坪井上100-1",
        "指定緊急避難場所との住所同一": "1",
        "その他市町村長が必要と認める事項": null,
        "受入対象者": null,
        "備考": ""
      }
    },
    {
      "type": "Feature",
      "geometry": {
        "type": "Point",
        "coordinates": [
          134.082337,
          35.06985
        ]
      },
      "properties": {
        "NO": "1535",
        "共通ID": "E3320300101111",
        "施設・場所名": "広野小学校",
        "住所": "岡山県津山市田熊1943",
        "指定緊急避難場所との住所同一": "1",
        "その他市町村長が必要と認める事項": null,
        "受入対象者": null,
        "備考": ""
      }
    },
    {
      "type": "Feature",
      "geometry": {
        "type": "Point",
        "coordinates": [
          134.082838,
          35.070682
        ]
      },
      "properties": {
        "NO": "1536",
        "共通ID": "E3320300102111",
        "施設・場所名": "広野公民館",
        "住所": "岡山県津山市田熊1963-1",
        "指定緊急避難場所との住所同一": "1",
        "その他市町村長が必要と認める事項": null,
        "受入対象者": null,
        "備考": ""
      }
    },
    {
      "type": "Feature",
      "geometry": {
        "type": "Point",
        "coordinates": [
          133.997438,
          35.100907
        ]
      },
      "properties": {
        "NO": "1537",
        "共通ID": "E3320300103111",
        "施設・場所名": "一宮公民館",
        "住所": "岡山県津山市東一宮84-1",
        "指定緊急避難場所との住所同一": "1",
        "その他市町村長が必要と認める事項": null,
        "受入対象者": null,
        "備考": ""
      }
    },
    {
      "type": "Feature",
      "geometry": {
        "type": "Point",
        "coordinates": [
          133.999789,
          35.101563
        ]
      },
      "properties": {
        "NO": "1538",
        "共通ID": "E3320300104111",
        "施設・場所名": "一宮小学校",
        "住所": "岡山県津山市東一宮87-1",
        "指定緊急避難場所との住所同一": "1",
        "その他市町村長が必要と認める事項": null,
        "受入対象者": null,
        "備考": ""
      }
    },
    {
      "type": "Feature",
      "geometry": {
        "type": "Point",
        "coordinates": [
          133.997845,
          35.057407
        ]
      },
      "properties": {
        "NO": "1539",
        "共通ID": "E3320300105111",
        "施設・場所名": "ふれあいサロン",
        "住所": "岡山県津山市南新座33",
        "指定緊急避難場所との住所同一": "1",
        "その他市町村長が必要と認める事項": null,
        "受入対象者": null,
        "備考": ""
      }
    },
    {
      "type": "Feature",
      "geometry": {
        "type": "Point",
        "coordinates": [
          133.896871,
          35.055171
        ]
      },
      "properties": {
        "NO": "1540",
        "共通ID": "E3320300106111",
        "施設・場所名": "久米中学校",
        "住所": "岡山県津山市南方中1487-1",
        "指定緊急避難場所との住所同一": "1",
        "その他市町村長が必要と認める事項": null,
        "受入対象者": null,
        "備考": ""
      }
    },
    {
      "type": "Feature",
      "geometry": {
        "type": "Point",
        "coordinates": [
          133.903916,
          35.057588
        ]
      },
      "properties": {
        "NO": "1541",
        "共通ID": "E3320300108111",
        "施設・場所名": "久米こども園",
        "住所": "岡山県津山市南方中1744-1",
        "指定緊急避難場所との住所同一": "1",
        "その他市町村長が必要と認める事項": null,
        "受入対象者": null,
        "備考": ""
      }
    },
    {
      "type": "Feature",
      "geometry": {
        "type": "Point",
        "coordinates": [
          133.972354,
          35.06244
        ]
      },
      "properties": {
        "NO": "1542",
        "共通ID": "E3320300110111",
        "施設・場所名": "津山西中学校",
        "住所": "岡山県津山市二宮1256-1",
        "指定緊急避難場所との住所同一": "1",
        "その他市町村長が必要と認める事項": null,
        "受入対象者": null,
        "備考": ""
      }
    },
    {
      "type": "Feature",
      "geometry": {
        "type": "Point",
        "coordinates": [
          133.968583,
          35.06065
        ]
      },
      "properties": {
        "NO": "1543",
        "共通ID": "E3320300111112",
        "施設・場所名": "二宮公民館",
        "住所": "岡山県津山市二宮1982-2",
        "指定緊急避難場所との住所同一": "1",
        "その他市町村長が必要と認める事項": null,
        "受入対象者": null,
        "備考": ""
      }
    },
    {
      "type": "Feature",
      "geometry": {
        "type": "Point",
        "coordinates": [
          133.968331,
          35.060715
        ]
      },
      "properties": {
        "NO": "1544",
        "共通ID": "E3320300111111",
        "施設・場所名": "つやま西幼稚園",
        "住所": "岡山県津山市二宮1982-2",
        "指定緊急避難場所との住所同一": "1",
        "その他市町村長が必要と認める事項": null,
        "受入対象者": null,
        "備考": ""
      }
    },
    {
      "type": "Feature",
      "geometry": {
        "type": "Point",
        "coordinates": [
          133.964649,
          35.060157
        ]
      },
      "properties": {
        "NO": "1545",
        "共通ID": "E3320300112111",
        "施設・場所名": "向陽小学校",
        "住所": "岡山県津山市二宮608-1",
        "指定緊急避難場所との住所同一": "1",
        "その他市町村長が必要と認める事項": null,
        "受入対象者": null,
        "備考": ""
      }
    },
    {
      "type": "Feature",
      "geometry": {
        "type": "Point",
        "coordinates": [
          133.974725,
          35.068453
        ]
      },
      "properties": {
        "NO": "1546",
        "共通ID": "E3320300131124",
        "施設・場所名": "みのり共同生活事業所",
        "住所": "岡山県津山市二宮999",
        "指定緊急避難場所との住所同一": "",
        "その他市町村長が必要と認める事項": "",
        "受入対象者": "障害者",
        "備考": ""
      }
    },
    {
      "type": "Feature",
      "geometry": {
        "type": "Point",
        "coordinates": [
          133.967063,
          35.068305
        ]
      },
      "properties": {
        "NO": "1547",
        "共通ID": "E3320300131121",
        "施設・場所名": "特別養護老人ホーム　サンライフみのり",
        "住所": "岡山県津山市二宮999",
        "指定緊急避難場所との住所同一": "",
        "その他市町村長が必要と認める事項": "",
        "受入対象者": "高齢者",
        "備考": ""
      }
    },
    {
      "type": "Feature",
      "geometry": {
        "type": "Point",
        "coordinates": [
          133.969053,
          35.067857
        ]
      },
      "properties": {
        "NO": "1548",
        "共通ID": "E3320300131123",
        "施設・場所名": "障害者支援施設　ココロみのり",
        "住所": "岡山県津山市二宮999",
        "指定緊急避難場所との住所同一": "",
        "その他市町村長が必要と認める事項": "",
        "受入対象者": "障害者",
        "備考": ""
      }
    },
    {
      "type": "Feature",
      "geometry": {
        "type": "Point",
        "coordinates": [
          133.969109,
          35.068235
        ]
      },
      "properties": {
        "NO": "1549",
        "共通ID": "E3320300131122",
        "施設・場所名": "障害者支援施設　ライフみのり",
        "住所": "岡山県津山市二宮999",
        "指定緊急避難場所との住所同一": "",
        "その他市町村長が必要と認める事項": "",
        "受入対象者": "障害者",
        "備考": ""
      }
    },
    {
      "type": "Feature",
      "geometry": {
        "type": "Point",
        "coordinates": [
          133.96935,
          35.053992
        ]
      },
      "properties": {
        "NO": "1550",
        "共通ID": "E3320300128112",
        "施設・場所名": "佐良山公民館",
        "住所": "岡山県津山市平福91",
        "指定緊急避難場所との住所同一": "1",
        "その他市町村長が必要と認める事項": "",
        "受入対象者": "",
        "備考": ""
      }
    },
    {
      "type": "Feature",
      "geometry": {
        "type": "Point",
        "coordinates": [
          134.008118,
          35.077004
        ]
      },
      "properties": {
        "NO": "1551",
        "共通ID": "E3320300117111",
        "施設・場所名": "美作大学・美作大学短期大学部",
        "住所": "岡山県津山市北園町50",
        "指定緊急避難場所との住所同一": "1",
        "その他市町村長が必要と認める事項": null,
        "受入対象者": null,
        "備考": ""
      }
    },
    {
      "type": "Feature",
      "geometry": {
        "type": "Point",
        "coordinates": [
          134.005708,
          35.065517
        ]
      },
      "properties": {
        "NO": "1552",
        "共通ID": "E3320300144121",
        "施設・場所名": "特別養護老人ホーム　ミ・カサ",
        "住所": "岡山県津山市北町44-1",
        "指定緊急避難場所との住所同一": "",
        "その他市町村長が必要と認める事項": "",
        "受入対象者": "高齢者",
        "備考": ""
      }
    },
    {
      "type": "Feature",
      "geometry": {
        "type": "Point",
        "coordinates": [
          134.071128,
          35.123362
        ]
      },
      "properties": {
        "NO": "1553",
        "共通ID": "E3320300118111",
        "施設・場所名": "清泉公民館",
        "住所": "岡山県津山市堀坂256-8",
        "指定緊急避難場所との住所同一": "1",
        "その他市町村長が必要と認める事項": null,
        "受入対象者": null,
        "備考": ""
      }
    },
    {
      "type": "Feature",
      "geometry": {
        "type": "Point",
        "coordinates": [
          134.036126,
          35.078047
        ]
      },
      "properties": {
        "NO": "1554",
        "共通ID": "E3320300146121",
        "施設・場所名": "介護老人保健施設　津山ナーシングホーム",
        "住所": "岡山県津山市野介代1656-1",
        "指定緊急避難場所との住所同一": "",
        "その他市町村長が必要と認める事項": "",
        "受入対象者": "高齢者",
        "備考": ""
      }
    },
    {
      "type": "Feature",
      "geometry": {
        "type": "Point",
        "coordinates": [
          134.074077,
          35.089563
        ]
      },
      "properties": {
        "NO": "1555",
        "共通ID": "E3320300119111",
        "施設・場所名": "成名公民館",
        "住所": "岡山県津山市野村134-3",
        "指定緊急避難場所との住所同一": "1",
        "その他市町村長が必要と認める事項": null,
        "受入対象者": null,
        "備考": ""
      }
    },
    {
      "type": "Feature",
      "geometry": {
        "type": "Point",
        "coordinates": [
          134.073486,
          35.090046
        ]
      },
      "properties": {
        "NO": "1556",
        "共通ID": "E3320300120111",
        "施設・場所名": "成名小学校",
        "住所": "岡山県津山市野村135-2",
        "指定緊急避難場所との住所同一": "1",
        "その他市町村長が必要と認める事項": null,
        "受入対象者": null,
        "備考": ""
      }
    },
    {
      "type": "Feature",
      "geometry": {
        "type": "Point",
        "coordinates": [
          133.906518,
          35.022058
        ]
      },
      "properties": {
        "NO": "1557",
        "共通ID": "E3320300123111",
        "施設・場所名": "倭文保育所",
        "住所": "岡山県津山市里公文1754-1",
        "指定緊急避難場所との住所同一": "1",
        "その他市町村長が必要と認める事項": null,
        "受入対象者": null,
        "備考": ""
      }
    },
    {
      "type": "Feature",
      "geometry": {
        "type": "Point",
        "coordinates": [
          134.015614,
          35.066577
        ]
      },
      "properties": {
        "NO": "1558",
        "共通ID": "E3320300126112",
        "施設・場所名": "津山東高等学校",
        "住所": "岡山県津山市林田1200",
        "指定緊急避難場所との住所同一": "1",
        "その他市町村長が必要と認める事項": null,
        "受入対象者": null,
        "備考": ""
      }
    },
    {
      "type": "Feature",
      "geometry": {
        "type": "Point",
        "coordinates": [
          134.01475,
          35.067442
        ]
      },
      "properties": {
        "NO": "1559",
        "共通ID": "E3320300126111",
        "施設・場所名": "津山東体育館",
        "住所": "岡山県津山市林田1200",
        "指定緊急避難場所との住所同一": "1",
        "その他市町村長が必要と認める事項": null,
        "受入対象者": null,
        "備考": ""
      }
    },
    {
      "type": "Feature",
      "geometry": {
        "type": "Point",
        "coordinates": [
          134.21681,
          35.114513
        ]
      },
      "properties": {
        "NO": "1560",
        "共通ID": "E3362300001111",
        "施設・場所名": "皆木コミュニティハウス",
        "住所": "岡山県奈義町皆木486-1",
        "指定緊急避難場所との住所同一": "1",
        "その他市町村長が必要と認める事項": null,
        "受入対象者": null,
        "備考": ""
      }
    },
    {
      "type": "Feature",
      "geometry": {
        "type": "Point",
        "coordinates": [
          134.189478,
          35.118457
        ]
      },
      "properties": {
        "NO": "1561",
        "共通ID": "E3362300002111",
        "施設・場所名": "奈義町Ｂ＆Ｇ海洋センター",
        "住所": "岡山県奈義町柿1074",
        "指定緊急避難場所との住所同一": "1",
        "その他市町村長が必要と認める事項": null,
        "受入対象者": null,
        "備考": ""
      }
    },
    {
      "type": "Feature",
      "geometry": {
        "type": "Point",
        "coordinates": [
          134.1808,
          35.108738
        ]
      },
      "properties": {
        "NO": "1562",
        "共通ID": "E3362300003111",
        "施設・場所名": "柿コミュニティハウス",
        "住所": "岡山県奈義町柿666-1",
        "指定緊急避難場所との住所同一": "1",
        "その他市町村長が必要と認める事項": null,
        "受入対象者": null,
        "備考": ""
      }
    },
    {
      "type": "Feature",
      "geometry": {
        "type": "Point",
        "coordinates": [
          134.201314,
          35.135177
        ]
      },
      "properties": {
        "NO": "1563",
        "共通ID": "E3362300004111",
        "施設・場所名": "関本コミュニティハウス",
        "住所": "岡山県奈義町関本268",
        "指定緊急避難場所との住所同一": "1",
        "その他市町村長が必要と認める事項": null,
        "受入対象者": null,
        "備考": ""
      }
    },
    {
      "type": "Feature",
      "geometry": {
        "type": "Point",
        "coordinates": [
          134.179537,
          35.120548
        ]
      },
      "properties": {
        "NO": "1564",
        "共通ID": "E3362300005111",
        "施設・場所名": "奈義中学校",
        "住所": "岡山県奈義町久常193",
        "指定緊急避難場所との住所同一": "1",
        "その他市町村長が必要と認める事項": null,
        "受入対象者": null,
        "備考": ""
      }
    },
    {
      "type": "Feature",
      "geometry": {
        "type": "Point",
        "coordinates": [
          134.182021,
          35.12092
        ]
      },
      "properties": {
        "NO": "1565",
        "共通ID": "E3362300006111",
        "施設・場所名": "久常コミュニティハウス",
        "住所": "岡山県奈義町久常330-1",
        "指定緊急避難場所との住所同一": "1",
        "その他市町村長が必要と認める事項": null,
        "受入対象者": null,
        "備考": ""
      }
    },
    {
      "type": "Feature",
      "geometry": {
        "type": "Point",
        "coordinates": [
          134.172573,
          35.134819
        ]
      },
      "properties": {
        "NO": "1566",
        "共通ID": "E3362300007111",
        "施設・場所名": "宮内コミュニティハウス",
        "住所": "岡山県奈義町宮内242-2",
        "指定緊急避難場所との住所同一": "1",
        "その他市町村長が必要と認める事項": null,
        "受入対象者": null,
        "備考": ""
      }
    },
    {
      "type": "Feature",
      "geometry": {
        "type": "Point",
        "coordinates": [
          134.176753,
          35.11878
        ]
      },
      "properties": {
        "NO": "1567",
        "共通ID": "E3362300008111",
        "施設・場所名": "奈義小学校",
        "住所": "岡山県奈義町広岡1261",
        "指定緊急避難場所との住所同一": "1",
        "その他市町村長が必要と認める事項": null,
        "受入対象者": null,
        "備考": ""
      }
    },
    {
      "type": "Feature",
      "geometry": {
        "type": "Point",
        "coordinates": [
          134.169358,
          35.117704
        ]
      },
      "properties": {
        "NO": "1568",
        "共通ID": "E3362300009111",
        "施設・場所名": "広岡コミュニティハウス",
        "住所": "岡山県奈義町広岡709-1",
        "指定緊急避難場所との住所同一": "1",
        "その他市町村長が必要と認める事項": null,
        "受入対象者": null,
        "備考": ""
      }
    },
    {
      "type": "Feature",
      "geometry": {
        "type": "Point",
        "coordinates": [
          134.165227,
          35.109571
        ]
      },
      "properties": {
        "NO": "1569",
        "共通ID": "E3362300010111",
        "施設・場所名": "荒内西コミュニティハウス",
        "住所": "岡山県奈義町荒内西362-5",
        "指定緊急避難場所との住所同一": "1",
        "その他市町村長が必要と認める事項": null,
        "受入対象者": null,
        "備考": ""
      }
    },
    {
      "type": "Feature",
      "geometry": {
        "type": "Point",
        "coordinates": [
          134.198266,
          35.130735
        ]
      },
      "properties": {
        "NO": "1570",
        "共通ID": "E3362300011111",
        "施設・場所名": "行方コミュニティハウス",
        "住所": "岡山県奈義町行方103-2",
        "指定緊急避難場所との住所同一": "1",
        "その他市町村長が必要と認める事項": null,
        "受入対象者": null,
        "備考": ""
      }
    },
    {
      "type": "Feature",
      "geometry": {
        "type": "Point",
        "coordinates": [
          134.189404,
          35.133174
        ]
      },
      "properties": {
        "NO": "1571",
        "共通ID": "E3362300012111",
        "施設・場所名": "高円コミュニティハウス",
        "住所": "岡山県奈義町高円924-1",
        "指定緊急避難場所との住所同一": "1",
        "その他市町村長が必要と認める事項": null,
        "受入対象者": null,
        "備考": ""
      }
    },
    {
      "type": "Feature",
      "geometry": {
        "type": "Point",
        "coordinates": [
          134.215502,
          35.146588
        ]
      },
      "properties": {
        "NO": "1572",
        "共通ID": "E3362300013111",
        "施設・場所名": "やまびこ荘",
        "住所": "岡山県奈義町小坂303-2",
        "指定緊急避難場所との住所同一": "1",
        "その他市町村長が必要と認める事項": null,
        "受入対象者": null,
        "備考": ""
      }
    },
    {
      "type": "Feature",
      "geometry": {
        "type": "Point",
        "coordinates": [
          134.216766,
          35.141727
        ]
      },
      "properties": {
        "NO": "1573",
        "共通ID": "E3362300014111",
        "施設・場所名": "小坂多目的集会施設",
        "住所": "岡山県奈義町小坂631-3",
        "指定緊急避難場所との住所同一": "1",
        "その他市町村長が必要と認める事項": null,
        "受入対象者": null,
        "備考": ""
      }
    },
    {
      "type": "Feature",
      "geometry": {
        "type": "Point",
        "coordinates": [
          134.140474,
          35.108197
        ]
      },
      "properties": {
        "NO": "1574",
        "共通ID": "E3362300015111",
        "施設・場所名": "上町川コミュニティハウス",
        "住所": "岡山県奈義町上町川1285-10",
        "指定緊急避難場所との住所同一": "1",
        "その他市町村長が必要と認める事項": null,
        "受入対象者": null,
        "備考": ""
      }
    },
    {
      "type": "Feature",
      "geometry": {
        "type": "Point",
        "coordinates": [
          134.137263,
          35.111646
        ]
      },
      "properties": {
        "NO": "1575",
        "共通ID": "E3362300016111",
        "施設・場所名": "新吉野コミュニティハウス",
        "住所": "岡山県奈義町上町川1795-4",
        "指定緊急避難場所との住所同一": "1",
        "その他市町村長が必要と認める事項": null,
        "受入対象者": null,
        "備考": ""
      }
    },
    {
      "type": "Feature",
      "geometry": {
        "type": "Point",
        "coordinates": [
          134.178885,
          35.133237
        ]
      },
      "properties": {
        "NO": "1576",
        "共通ID": "E3362300017111",
        "施設・場所名": "成松コミュニティハウス",
        "住所": "岡山県奈義町成松136-18",
        "指定緊急避難場所との住所同一": "1",
        "その他市町村長が必要と認める事項": null,
        "受入対象者": null,
        "備考": ""
      }
    },
    {
      "type": "Feature",
      "geometry": {
        "type": "Point",
        "coordinates": [
          134.200495,
          35.115679
        ]
      },
      "properties": {
        "NO": "1577",
        "共通ID": "E3362300018111",
        "施設・場所名": "西原コミュニティハウス",
        "住所": "岡山県奈義町西原992-5",
        "指定緊急避難場所との住所同一": "1",
        "その他市町村長が必要と認める事項": null,
        "受入対象者": null,
        "備考": ""
      }
    },
    {
      "type": "Feature",
      "geometry": {
        "type": "Point",
        "coordinates": [
          134.156169,
          35.119771
        ]
      },
      "properties": {
        "NO": "1578",
        "共通ID": "E3362300019111",
        "施設・場所名": "滝本コミュニティハウス",
        "住所": "岡山県奈義町滝本1650-3",
        "指定緊急避難場所との住所同一": "1",
        "その他市町村長が必要と認める事項": null,
        "受入対象者": null,
        "備考": ""
      }
    },
    {
      "type": "Feature",
      "geometry": {
        "type": "Point",
        "coordinates": [
          134.161514,
          35.10218
        ]
      },
      "properties": {
        "NO": "1579",
        "共通ID": "E3362300020111",
        "施設・場所名": "中島西コミュニティハウス",
        "住所": "岡山県奈義町中島西512",
        "指定緊急避難場所との住所同一": "1",
        "その他市町村長が必要と認める事項": null,
        "受入対象者": null,
        "備考": ""
      }
    },
    {
      "type": "Feature",
      "geometry": {
        "type": "Point",
        "coordinates": [
          134.175405,
          35.103959
        ]
      },
      "properties": {
        "NO": "1580",
        "共通ID": "E3362300021111",
        "施設・場所名": "中島東コミュニティハウス",
        "住所": "岡山県奈義町中島東642-4",
        "指定緊急避難場所との住所同一": "1",
        "その他市町村長が必要と認める事項": null,
        "受入対象者": null,
        "備考": ""
      }
    },
    {
      "type": "Feature",
      "geometry": {
        "type": "Point",
        "coordinates": [
          134.215097,
          35.156637
        ]
      },
      "properties": {
        "NO": "1581",
        "共通ID": "E3362300022111",
        "施設・場所名": "馬桑コミュニティハウス",
        "住所": "岡山県奈義町馬桑345",
        "指定緊急避難場所との住所同一": "1",
        "その他市町村長が必要と認める事項": null,
        "受入対象者": null,
        "備考": ""
      }
    },
    {
      "type": "Feature",
      "geometry": {
        "type": "Point",
        "coordinates": [
          134.174316,
          35.123777
        ]
      },
      "properties": {
        "NO": "1582",
        "共通ID": "E3362300023111",
        "施設・場所名": "豊沢コミュニティハウス",
        "住所": "岡山県奈義町豊沢449-1",
        "指定緊急避難場所との住所同一": "1",
        "その他市町村長が必要と認める事項": null,
        "受入対象者": null,
        "備考": ""
      }
    },
    {
      "type": "Feature",
      "geometry": {
        "type": "Point",
        "coordinates": [
          134.163201,
          34.740515
        ]
      },
      "properties": {
        "NO": "1583",
        "共通ID": "E3321100001111",
        "施設・場所名": "伊部小学校",
        "住所": "岡山県備前市伊部1415-2",
        "指定緊急避難場所との住所同一": "1",
        "その他市町村長が必要と認める事項": null,
        "受入対象者": null,
        "備考": ""
      }
    },
    {
      "type": "Feature",
      "geometry": {
        "type": "Point",
        "coordinates": [
          134.165927,
          34.737221
        ]
      },
      "properties": {
        "NO": "1584",
        "共通ID": "E3321100003111",
        "施設・場所名": "備前中学校",
        "住所": "岡山県備前市伊部1857",
        "指定緊急避難場所との住所同一": "1",
        "その他市町村長が必要と認める事項": null,
        "受入対象者": null,
        "備考": ""
      }
    },
    {
      "type": "Feature",
      "geometry": {
        "type": "Point",
        "coordinates": [
          134.154833,
          34.740586
        ]
      },
      "properties": {
        "NO": "1585",
        "共通ID": "E3321100004111",
        "施設・場所名": "リフレセンターびぜん",
        "住所": "岡山県備前市伊部2264-2",
        "指定緊急避難場所との住所同一": "1",
        "その他市町村長が必要と認める事項": null,
        "受入対象者": null,
        "備考": ""
      }
    },
    {
      "type": "Feature",
      "geometry": {
        "type": "Point",
        "coordinates": [
          134.172195,
          34.734683
        ]
      },
      "properties": {
        "NO": "1586",
        "共通ID": "E3321100005111",
        "施設・場所名": "勤労者センター",
        "住所": "岡山県備前市浦伊部161-1",
        "指定緊急避難場所との住所同一": "",
        "その他市町村長が必要と認める事項": null,
        "受入対象者": null,
        "備考": ""
      }
    },
    {
      "type": "Feature",
      "geometry": {
        "type": "Point",
        "coordinates": [
          134.253145,
          34.893716
        ]
      },
      "properties": {
        "NO": "1587",
        "共通ID": "E3321100006111",
        "施設・場所名": "旧三国小学校",
        "住所": "岡山県備前市吉永町加賀美10-1",
        "指定緊急避難場所との住所同一": "1",
        "その他市町村長が必要と認める事項": null,
        "受入対象者": null,
        "備考": ""
      }
    },
    {
      "type": "Feature",
      "geometry": {
        "type": "Point",
        "coordinates": [
          134.207296,
          34.820013
        ]
      },
      "properties": {
        "NO": "1588",
        "共通ID": "E3321100007111",
        "施設・場所名": "吉永中学校",
        "住所": "岡山県備前市吉永町岩崎363",
        "指定緊急避難場所との住所同一": "1",
        "その他市町村長が必要と認める事項": null,
        "受入対象者": null,
        "備考": ""
      }
    },
    {
      "type": "Feature",
      "geometry": {
        "type": "Point",
        "coordinates": [
          134.2109,
          34.810872
        ]
      },
      "properties": {
        "NO": "1589",
        "共通ID": "E3321100008111",
        "施設・場所名": "吉永Ｂ＆Ｇ海洋センター",
        "住所": "岡山県備前市吉永町吉永中291-4",
        "指定緊急避難場所との住所同一": "",
        "その他市町村長が必要と認める事項": null,
        "受入対象者": null,
        "備考": ""
      }
    },
    {
      "type": "Feature",
      "geometry": {
        "type": "Point",
        "coordinates": [
          134.21131,
          34.812952
        ]
      },
      "properties": {
        "NO": "1590",
        "共通ID": "E3321100009111",
        "施設・場所名": "吉永小学校",
        "住所": "岡山県備前市吉永町吉永中61",
        "指定緊急避難場所との住所同一": "",
        "その他市町村長が必要と認める事項": null,
        "受入対象者": null,
        "備考": ""
      }
    },
    {
      "type": "Feature",
      "geometry": {
        "type": "Point",
        "coordinates": [
          134.206481,
          34.813231
        ]
      },
      "properties": {
        "NO": "1591",
        "共通ID": "E3321100010111",
        "施設・場所名": "吉永中公会堂",
        "住所": "岡山県備前市吉永町吉永中824-1",
        "指定緊急避難場所との住所同一": "",
        "その他市町村長が必要と認める事項": null,
        "受入対象者": null,
        "備考": ""
      }
    },
    {
      "type": "Feature",
      "geometry": {
        "type": "Point",
        "coordinates": [
          134.208202,
          34.815742
        ]
      },
      "properties": {
        "NO": "1592",
        "共通ID": "E3321100011111",
        "施設・場所名": "吉永地域公民館",
        "住所": "岡山県備前市吉永町三股19",
        "指定緊急避難場所との住所同一": "1",
        "その他市町村長が必要と認める事項": null,
        "受入対象者": null,
        "備考": ""
      }
    },
    {
      "type": "Feature",
      "geometry": {
        "type": "Point",
        "coordinates": [
          134.240759,
          34.849341
        ]
      },
      "properties": {
        "NO": "1593",
        "共通ID": "E3321100012111",
        "施設・場所名": "神根公民館",
        "住所": "岡山県備前市吉永町神根本911",
        "指定緊急避難場所との住所同一": "1",
        "その他市町村長が必要と認める事項": null,
        "受入対象者": null,
        "備考": ""
      }
    },
    {
      "type": "Feature",
      "geometry": {
        "type": "Point",
        "coordinates": [
          134.243544,
          34.892736
        ]
      },
      "properties": {
        "NO": "1594",
        "共通ID": "E3321100013111",
        "施設・場所名": "三国出張所（公民館）",
        "住所": "岡山県備前市吉永町都留岐319",
        "指定緊急避難場所との住所同一": "1",
        "その他市町村長が必要と認める事項": null,
        "受入対象者": null,
        "備考": ""
      }
    },
    {
      "type": "Feature",
      "geometry": {
        "type": "Point",
        "coordinates": [
          134.203873,
          34.808964
        ]
      },
      "properties": {
        "NO": "1595",
        "共通ID": "E3321100014111",
        "施設・場所名": "南方会館",
        "住所": "岡山県備前市吉永町南方735-2",
        "指定緊急避難場所との住所同一": "1",
        "その他市町村長が必要と認める事項": null,
        "受入対象者": null,
        "備考": ""
      }
    },
    {
      "type": "Feature",
      "geometry": {
        "type": "Point",
        "coordinates": [
          134.198551,
          34.722797
        ]
      },
      "properties": {
        "NO": "1596",
        "共通ID": "E3321100015111",
        "施設・場所名": "備前市総合運動公園体育館",
        "住所": "岡山県備前市久々井747",
        "指定緊急避難場所との住所同一": "1",
        "その他市町村長が必要と認める事項": null,
        "受入対象者": null,
        "備考": ""
      }
    },
    {
      "type": "Feature",
      "geometry": {
        "type": "Point",
        "coordinates": [
          134.120784,
          34.730824
        ]
      },
      "properties": {
        "NO": "1597",
        "共通ID": "E3321100016111",
        "施設・場所名": "香登公民館",
        "住所": "岡山県備前市香登本745-1",
        "指定緊急避難場所との住所同一": "1",
        "その他市町村長が必要と認める事項": null,
        "受入対象者": null,
        "備考": ""
      }
    },
    {
      "type": "Feature",
      "geometry": {
        "type": "Point",
        "coordinates": [
          134.124566,
          34.732286
        ]
      },
      "properties": {
        "NO": "1598",
        "共通ID": "E3321100017111",
        "施設・場所名": "香登小学校",
        "住所": "岡山県備前市香登本908",
        "指定緊急避難場所との住所同一": "1",
        "その他市町村長が必要と認める事項": null,
        "受入対象者": null,
        "備考": ""
      }
    },
    {
      "type": "Feature",
      "geometry": {
        "type": "Point",
        "coordinates": [
          134.182532,
          34.700205
        ]
      },
      "properties": {
        "NO": "1599",
        "共通ID": "E3321100018111",
        "施設・場所名": "東鶴山公民館",
        "住所": "岡山県備前市佐山2616",
        "指定緊急避難場所との住所同一": "1",
        "その他市町村長が必要と認める事項": null,
        "受入対象者": null,
        "備考": ""
      }
    },
    {
      "type": "Feature",
      "geometry": {
        "type": "Point",
        "coordinates": [
          134.183293,
          34.700806
        ]
      },
      "properties": {
        "NO": "1600",
        "共通ID": "E3321100019111",
        "施設・場所名": "東鶴山小学校",
        "住所": "岡山県備前市佐山2721",
        "指定緊急避難場所との住所同一": "1",
        "その他市町村長が必要と認める事項": null,
        "受入対象者": null,
        "備考": ""
      }
    },
    {
      "type": "Feature",
      "geometry": {
        "type": "Point",
        "coordinates": [
          134.273806,
          34.8005
        ]
      },
      "properties": {
        "NO": "1601",
        "共通ID": "E3321100020112",
        "施設・場所名": "三石小学校",
        "住所": "岡山県備前市三石3215",
        "指定緊急避難場所との住所同一": "1",
        "その他市町村長が必要と認める事項": null,
        "受入対象者": null,
        "備考": ""
      }
    },
    {
      "type": "Feature",
      "geometry": {
        "type": "Point",
        "coordinates": [
          134.274803,
          34.800483
        ]
      },
      "properties": {
        "NO": "1602",
        "共通ID": "E3321100020111",
        "施設・場所名": "三石中学校",
        "住所": "岡山県備前市三石3215",
        "指定緊急避難場所との住所同一": "1",
        "その他市町村長が必要と認める事項": null,
        "受入対象者": null,
        "備考": ""
      }
    },
    {
      "type": "Feature",
      "geometry": {
        "type": "Point",
        "coordinates": [
          134.182778,
          34.748806
        ]
      },
      "properties": {
        "NO": "1603",
        "共通ID": "E3321100023111",
        "施設・場所名": "片上小学校",
        "住所": "岡山県備前市西片上335",
        "指定緊急避難場所との住所同一": "1",
        "その他市町村長が必要と認める事項": null,
        "受入対象者": null,
        "備考": ""
      }
    },
    {
      "type": "Feature",
      "geometry": {
        "type": "Point",
        "coordinates": [
          134.184015,
          34.746675
        ]
      },
      "properties": {
        "NO": "1604",
        "共通ID": "E3321100024111",
        "施設・場所名": "備前緑陽高等学校",
        "住所": "岡山県備前市西片上97",
        "指定緊急避難場所との住所同一": "1",
        "その他市町村長が必要と認める事項": null,
        "受入対象者": null,
        "備考": ""
      }
    },
    {
      "type": "Feature",
      "geometry": {
        "type": "Point",
        "coordinates": [
          134.293564,
          34.745822
        ]
      },
      "properties": {
        "NO": "1605",
        "共通ID": "E3321100027111",
        "施設・場所名": "日生東小学校",
        "住所": "岡山県備前市日生町寒河2011",
        "指定緊急避難場所との住所同一": "1",
        "その他市町村長が必要と認める事項": null,
        "受入対象者": null,
        "備考": ""
      }
    },
    {
      "type": "Feature",
      "geometry": {
        "type": "Point",
        "coordinates": [
          134.295158,
          34.739477
        ]
      },
      "properties": {
        "NO": "1606",
        "共通ID": "E3321100031111",
        "施設・場所名": "日生運動公園体育館",
        "住所": "岡山県備前市日生町寒河380-3",
        "指定緊急避難場所との住所同一": "",
        "その他市町村長が必要と認める事項": null,
        "受入対象者": null,
        "備考": ""
      }
    },
    {
      "type": "Feature",
      "geometry": {
        "type": "Point",
        "coordinates": [
          134.294156,
          34.747355
        ]
      },
      "properties": {
        "NO": "1607",
        "共通ID": "E3321100032111",
        "施設・場所名": "寒河コミュニティセンター",
        "住所": "岡山県備前市日生町寒河3961-1",
        "指定緊急避難場所との住所同一": "1",
        "その他市町村長が必要と認める事項": null,
        "受入対象者": null,
        "備考": ""
      }
    },
    {
      "type": "Feature",
      "geometry": {
        "type": "Point",
        "coordinates": [
          134.295531,
          34.683286
        ]
      },
      "properties": {
        "NO": "1608",
        "共通ID": "E3321100033111",
        "施設・場所名": "慈雲寺",
        "住所": "岡山県備前市日生町大多府316-3",
        "指定緊急避難場所との住所同一": "1",
        "その他市町村長が必要と認める事項": null,
        "受入対象者": null,
        "備考": ""
      }
    },
    {
      "type": "Feature",
      "geometry": {
        "type": "Point",
        "coordinates": [
          134.256921,
          34.731374
        ]
      },
      "properties": {
        "NO": "1609",
        "共通ID": "E3321100034111",
        "施設・場所名": "日生西小学校",
        "住所": "岡山県備前市日生町日生1680",
        "指定緊急避難場所との住所同一": "1",
        "その他市町村長が必要と認める事項": null,
        "受入対象者": null,
        "備考": ""
      }
    },
    {
      "type": "Feature",
      "geometry": {
        "type": "Point",
        "coordinates": [
          134.272729,
          34.735017
        ]
      },
      "properties": {
        "NO": "1610",
        "共通ID": "E3321100037111",
        "施設・場所名": "日生中学校",
        "住所": "岡山県備前市日生町日生241-14",
        "指定緊急避難場所との住所同一": "",
        "その他市町村長が必要と認める事項": null,
        "受入対象者": null,
        "備考": ""
      }
    },
    {
      "type": "Feature",
      "geometry": {
        "type": "Point",
        "coordinates": [
          134.274073,
          34.733857
        ]
      },
      "properties": {
        "NO": "1611",
        "共通ID": "E3321100038111",
        "施設・場所名": "日生地域公民館",
        "住所": "岡山県備前市日生町日生241-87",
        "指定緊急避難場所との住所同一": "",
        "その他市町村長が必要と認める事項": null,
        "受入対象者": null,
        "備考": ""
      }
    },
    {
      "type": "Feature",
      "geometry": {
        "type": "Point",
        "coordinates": [
          134.263196,
          34.69892
        ]
      },
      "properties": {
        "NO": "1612",
        "共通ID": "E3321100041111",
        "施設・場所名": "旧日生西小学校鴻島分校",
        "住所": "岡山県備前市日生町日生2691-1",
        "指定緊急避難場所との住所同一": "",
        "その他市町村長が必要と認める事項": null,
        "受入対象者": null,
        "備考": ""
      }
    },
    {
      "type": "Feature",
      "geometry": {
        "type": "Point",
        "coordinates": [
          134.285625,
          34.699525
        ]
      },
      "properties": {
        "NO": "1613",
        "共通ID": "E3321100042111",
        "施設・場所名": "旧日生南小学校（頭島）",
        "住所": "岡山県備前市日生町日生2778",
        "指定緊急避難場所との住所同一": "1",
        "その他市町村長が必要と認める事項": null,
        "受入対象者": null,
        "備考": ""
      }
    },
    {
      "type": "Feature",
      "geometry": {
        "type": "Point",
        "coordinates": [
          134.28499,
          34.698664
        ]
      },
      "properties": {
        "NO": "1614",
        "共通ID": "E3321100043111",
        "施設・場所名": "頭島総合センター",
        "住所": "岡山県備前市日生町日生2794-1",
        "指定緊急避難場所との住所同一": "1",
        "その他市町村長が必要と認める事項": null,
        "受入対象者": null,
        "備考": ""
      }
    },
    {
      "type": "Feature",
      "geometry": {
        "type": "Point",
        "coordinates": [
          134.27181,
          34.732595
        ]
      },
      "properties": {
        "NO": "1615",
        "共通ID": "E3321100046111",
        "施設・場所名": "防災センター",
        "住所": "岡山県備前市日生町日生630",
        "指定緊急避難場所との住所同一": "1",
        "その他市町村長が必要と認める事項": null,
        "受入対象者": null,
        "備考": ""
      }
    },
    {
      "type": "Feature",
      "geometry": {
        "type": "Point",
        "coordinates": [
          134.111183,
          34.720367
        ]
      },
      "properties": {
        "NO": "1616",
        "共通ID": "E3321100048111",
        "施設・場所名": "西鶴山公民館",
        "住所": "岡山県備前市畠田102-1",
        "指定緊急避難場所との住所同一": "1",
        "その他市町村長が必要と認める事項": null,
        "受入対象者": null,
        "備考": ""
      }
    },
    {
      "type": "Feature",
      "geometry": {
        "type": "Point",
        "coordinates": [
          134.112211,
          34.717719
        ]
      },
      "properties": {
        "NO": "1617",
        "共通ID": "E3321100049111",
        "施設・場所名": "西鶴山小学校",
        "住所": "岡山県備前市畠田53",
        "指定緊急避難場所との住所同一": "",
        "その他市町村長が必要と認める事項": null,
        "受入対象者": null,
        "備考": ""
      }
    },
    {
      "type": "Feature",
      "geometry": {
        "type": "Point",
        "coordinates": [
          134.122604,
          34.724174
        ]
      },
      "properties": {
        "NO": "1618",
        "共通ID": "E3321100053111",
        "施設・場所名": "東備支援学校",
        "住所": "岡山県備前市福田637",
        "指定緊急避難場所との住所同一": "1",
        "その他市町村長が必要と認める事項": "",
        "受入対象者": "",
        "備考": "運動場＋体育館"
      }
    },
    {
      "type": "Feature",
      "geometry": {
        "type": "Point",
        "coordinates": [
          134.227773,
          34.746074
        ]
      },
      "properties": {
        "NO": "1619",
        "共通ID": "E3321100050111",
        "施設・場所名": "伊里中学校",
        "住所": "岡山県備前市麻宇那1160",
        "指定緊急避難場所との住所同一": "1",
        "その他市町村長が必要と認める事項": null,
        "受入対象者": null,
        "備考": ""
      }
    },
    {
      "type": "Feature",
      "geometry": {
        "type": "Point",
        "coordinates": [
          134.223634,
          34.748132
        ]
      },
      "properties": {
        "NO": "1620",
        "共通ID": "E3321100051111",
        "施設・場所名": "伊里小学校",
        "住所": "岡山県備前市友延350",
        "指定緊急避難場所との住所同一": "1",
        "その他市町村長が必要と認める事項": null,
        "受入対象者": null,
        "備考": ""
      }
    },
    {
      "type": "Feature",
      "geometry": {
        "type": "Point",
        "coordinates": [
          133.970962,
          34.998981
        ]
      },
      "properties": {
        "NO": "1621",
        "共通ID": "E3366600001111",
        "施設・場所名": "越尾老人憩いの家",
        "住所": "岡山県美咲町越尾1345-1",
        "指定緊急避難場所との住所同一": "1",
        "その他市町村長が必要と認める事項": null,
        "受入対象者": null,
        "備考": ""
      }
    },
    {
      "type": "Feature",
      "geometry": {
        "type": "Point",
        "coordinates": [
          134.082233,
          34.943586
        ]
      },
      "properties": {
        "NO": "1622",
        "共通ID": "E3366600003111",
        "施設・場所名": "柵原ふれあい鉱山公園",
        "住所": "岡山県美咲町吉ケ原394-2",
        "指定緊急避難場所との住所同一": "1",
        "その他市町村長が必要と認める事項": null,
        "受入対象者": null,
        "備考": ""
      }
    },
    {
      "type": "Feature",
      "geometry": {
        "type": "Point",
        "coordinates": [
          134.075094,
          34.944342
        ]
      },
      "properties": {
        "NO": "1623",
        "共通ID": "E3366600004111",
        "施設・場所名": "吉ヶ原老人憩いの家",
        "住所": "岡山県美咲町吉ケ原742-7",
        "指定緊急避難場所との住所同一": "1",
        "その他市町村長が必要と認める事項": null,
        "受入対象者": null,
        "備考": ""
      }
    },
    {
      "type": "Feature",
      "geometry": {
        "type": "Point",
        "coordinates": [
          134.076588,
          34.943148
        ]
      },
      "properties": {
        "NO": "1624",
        "共通ID": "E3366600005111",
        "施設・場所名": "特別養護老人ホーム吉井川荘",
        "住所": "岡山県美咲町吉ケ原838",
        "指定緊急避難場所との住所同一": "",
        "その他市町村長が必要と認める事項": "",
        "受入対象者": "",
        "備考": ""
      }
    },
    {
      "type": "Feature",
      "geometry": {
        "type": "Point",
        "coordinates": [
          134.073997,
          34.943226
        ]
      },
      "properties": {
        "NO": "1625",
        "共通ID": "E3366600076121",
        "施設・場所名": "かしのき荘",
        "住所": "岡山県美咲町吉ケ原862-1",
        "指定緊急避難場所との住所同一": "",
        "その他市町村長が必要と認める事項": "",
        "受入対象者": "要配慮者",
        "備考": ""
      }
    },
    {
      "type": "Feature",
      "geometry": {
        "type": "Point",
        "coordinates": [
          134.057718,
          34.957338
        ]
      },
      "properties": {
        "NO": "1626",
        "共通ID": "E3366600006111",
        "施設・場所名": "はとホール",
        "住所": "岡山県美咲町久木127",
        "指定緊急避難場所との住所同一": "",
        "その他市町村長が必要と認める事項": null,
        "受入対象者": null,
        "備考": ""
      }
    },
    {
      "type": "Feature",
      "geometry": {
        "type": "Point",
        "coordinates": [
          134.057548,
          34.952923
        ]
      },
      "properties": {
        "NO": "1627",
        "共通ID": "E3366600007111",
        "施設・場所名": "柵原総合文化センター（柵原総合支所）",
        "住所": "岡山県美咲町久木200-8",
        "指定緊急避難場所との住所同一": "1",
        "その他市町村長が必要と認める事項": null,
        "受入対象者": null,
        "備考": ""
      }
    },
    {
      "type": "Feature",
      "geometry": {
        "type": "Point",
        "coordinates": [
          133.911082,
          34.957129
        ]
      },
      "properties": {
        "NO": "1628",
        "共通ID": "E3366600008111",
        "施設・場所名": "境公民館",
        "住所": "岡山県美咲町境1371",
        "指定緊急避難場所との住所同一": "1",
        "その他市町村長が必要と認める事項": null,
        "受入対象者": null,
        "備考": ""
      }
    },
    {
      "type": "Feature",
      "geometry": {
        "type": "Point",
        "coordinates": [
          133.94472,
          35.04108
        ]
      },
      "properties": {
        "NO": "1629",
        "共通ID": "E3366600009112",
        "施設・場所名": "三保ふれあい館",
        "住所": "岡山県美咲町錦織1073-1",
        "指定緊急避難場所との住所同一": "1",
        "その他市町村長が必要と認める事項": "",
        "受入対象者": "",
        "備考": ""
      }
    },
    {
      "type": "Feature",
      "geometry": {
        "type": "Point",
        "coordinates": [
          133.939619,
          35.034322
        ]
      },
      "properties": {
        "NO": "1630",
        "共通ID": "E3366600011111",
        "施設・場所名": "錦織老人憩いの家",
        "住所": "岡山県美咲町錦織1821-12",
        "指定緊急避難場所との住所同一": "1",
        "その他市町村長が必要と認める事項": null,
        "受入対象者": null,
        "備考": ""
      }
    },
    {
      "type": "Feature",
      "geometry": {
        "type": "Point",
        "coordinates": [
          133.944456,
          35.028829
        ]
      },
      "properties": {
        "NO": "1631",
        "共通ID": "E3366600002112",
        "施設・場所名": "特別養護老人ホーム白寿荘",
        "住所": "岡山県美咲町錦織2357-1",
        "指定緊急避難場所との住所同一": "",
        "その他市町村長が必要と認める事項": null,
        "受入対象者": null,
        "備考": ""
      }
    },
    {
      "type": "Feature",
      "geometry": {
        "type": "Point",
        "coordinates": [
          133.961934,
          34.982653
        ]
      },
      "properties": {
        "NO": "1632",
        "共通ID": "E3366600013111",
        "施設・場所名": "加美小学校体育館",
        "住所": "岡山県美咲町原田11-1",
        "指定緊急避難場所との住所同一": "1",
        "その他市町村長が必要と認める事項": null,
        "受入対象者": null,
        "備考": ""
      }
    },
    {
      "type": "Feature",
      "geometry": {
        "type": "Point",
        "coordinates": [
          133.956482,
          34.997894
        ]
      },
      "properties": {
        "NO": "1633",
        "共通ID": "E3366600014111",
        "施設・場所名": "中央中学校体育館",
        "住所": "岡山県美咲町原田2130",
        "指定緊急避難場所との住所同一": "1",
        "その他市町村長が必要と認める事項": null,
        "受入対象者": null,
        "備考": ""
      }
    },
    {
      "type": "Feature",
      "geometry": {
        "type": "Point",
        "coordinates": [
          133.95367,
          34.996411
        ]
      },
      "properties": {
        "NO": "1634",
        "共通ID": "E3366600015111",
        "施設・場所名": "中央運動公園総合体育館",
        "住所": "岡山県美咲町原田2152-1",
        "指定緊急避難場所との住所同一": "1",
        "その他市町村長が必要と認める事項": null,
        "受入対象者": null,
        "備考": ""
      }
    },
    {
      "type": "Feature",
      "geometry": {
        "type": "Point",
        "coordinates": [
          133.95426,
          34.99581
        ]
      },
      "properties": {
        "NO": "1635",
        "共通ID": "E3366600069111",
        "施設・場所名": "中央公民館",
        "住所": "岡山県美咲町原田3100-1",
        "指定緊急避難場所との住所同一": "1",
        "その他市町村長が必要と認める事項": "",
        "受入対象者": "",
        "備考": ""
      }
    },
    {
      "type": "Feature",
      "geometry": {
        "type": "Point",
        "coordinates": [
          133.954851,
          34.994694
        ]
      },
      "properties": {
        "NO": "1636",
        "共通ID": "E3366600073121",
        "施設・場所名": "中央ふれあいセンター",
        "住所": "岡山県美咲町原田3108-10",
        "指定緊急避難場所との住所同一": "",
        "その他市町村長が必要と認める事項": "",
        "受入対象者": "要配慮者",
        "備考": ""
      }
    },
    {
      "type": "Feature",
      "geometry": {
        "type": "Point",
        "coordinates": [
          133.9552,
          34.994755
        ]
      },
      "properties": {
        "NO": "1637",
        "共通ID": "E3366600016111",
        "施設・場所名": "林業センター",
        "住所": "岡山県美咲町原田3111-2",
        "指定緊急避難場所との住所同一": "1",
        "その他市町村長が必要と認める事項": null,
        "受入対象者": null,
        "備考": ""
      }
    },
    {
      "type": "Feature",
      "geometry": {
        "type": "Point",
        "coordinates": [
          133.795444,
          34.945161
        ]
      },
      "properties": {
        "NO": "1638",
        "共通ID": "E3366600017111",
        "施設・場所名": "江与味コミュニティーセンター（江与味ふれあい館）",
        "住所": "岡山県美咲町江与味1280-1",
        "指定緊急避難場所との住所同一": "1",
        "その他市町村長が必要と認める事項": null,
        "受入対象者": null,
        "備考": ""
      }
    },
    {
      "type": "Feature",
      "geometry": {
        "type": "Point",
        "coordinates": [
          133.786573,
          34.949188
        ]
      },
      "properties": {
        "NO": "1639",
        "共通ID": "E3366600018111",
        "施設・場所名": "ほたる会館",
        "住所": "岡山県美咲町江与味3680-1",
        "指定緊急避難場所との住所同一": "",
        "その他市町村長が必要と認める事項": null,
        "受入対象者": null,
        "備考": ""
      }
    },
    {
      "type": "Feature",
      "geometry": {
        "type": "Point",
        "coordinates": [
          134.0374,
          34.979534
        ]
      },
      "properties": {
        "NO": "1640",
        "共通ID": "E3366600020111",
        "施設・場所名": "農業総合管理センター",
        "住所": "岡山県美咲町周佐1036-1",
        "指定緊急避難場所との住所同一": "1",
        "その他市町村長が必要と認める事項": null,
        "受入対象者": null,
        "備考": ""
      }
    },
    {
      "type": "Feature",
      "geometry": {
        "type": "Point",
        "coordinates": [
          134.037392,
          34.981782
        ]
      },
      "properties": {
        "NO": "1641",
        "共通ID": "E3366600021111",
        "施設・場所名": "周佐公会堂",
        "住所": "岡山県美咲町周佐759-3",
        "指定緊急避難場所との住所同一": "",
        "その他市町村長が必要と認める事項": null,
        "受入対象者": null,
        "備考": ""
      }
    },
    {
      "type": "Feature",
      "geometry": {
        "type": "Point",
        "coordinates": [
          134.045802,
          34.987139
        ]
      },
      "properties": {
        "NO": "1642",
        "共通ID": "E3366600071111",
        "施設・場所名": "柵原学園体育館",
        "住所": "岡山県美咲町書副",
        "指定緊急避難場所との住所同一": "",
        "その他市町村長が必要と認める事項": "",
        "受入対象者": "",
        "備考": ""
      }
    },
    {
      "type": "Feature",
      "geometry": {
        "type": "Point",
        "coordinates": [
          134.048922,
          34.990914
        ]
      },
      "properties": {
        "NO": "1643",
        "共通ID": "E3366600022111",
        "施設・場所名": "柵原図書館（エイコンマナビー）",
        "住所": "岡山県美咲町書副180-1",
        "指定緊急避難場所との住所同一": "1",
        "その他市町村長が必要と認める事項": null,
        "受入対象者": null,
        "備考": ""
      }
    },
    {
      "type": "Feature",
      "geometry": {
        "type": "Point",
        "coordinates": [
          134.051008,
          34.990681
        ]
      },
      "properties": {
        "NO": "1644",
        "共通ID": "E3366600077121",
        "施設・場所名": "障害者支援施設　さやかなる苑",
        "住所": "岡山県美咲町書副182-4",
        "指定緊急避難場所との住所同一": "",
        "その他市町村長が必要と認める事項": "",
        "受入対象者": "",
        "備考": ""
      }
    },
    {
      "type": "Feature",
      "geometry": {
        "type": "Point",
        "coordinates": [
          133.96381,
          34.969017
        ]
      },
      "properties": {
        "NO": "1645",
        "共通ID": "E3366600023111",
        "施設・場所名": "小原老人憩いの家",
        "住所": "岡山県美咲町小原1101-2",
        "指定緊急避難場所との住所同一": "1",
        "その他市町村長が必要と認める事項": null,
        "受入対象者": null,
        "備考": ""
      }
    },
    {
      "type": "Feature",
      "geometry": {
        "type": "Point",
        "coordinates": [
          133.880534,
          34.97865
        ]
      },
      "properties": {
        "NO": "1646",
        "共通ID": "E3366600024111",
        "施設・場所名": "小山公民館",
        "住所": "岡山県美咲町小山1080-1",
        "指定緊急避難場所との住所同一": "",
        "その他市町村長が必要と認める事項": null,
        "受入対象者": null,
        "備考": ""
      }
    },
    {
      "type": "Feature",
      "geometry": {
        "type": "Point",
        "coordinates": [
          133.862978,
          34.990943
        ]
      },
      "properties": {
        "NO": "1647",
        "共通ID": "E3366600026111",
        "施設・場所名": "上口公民館",
        "住所": "岡山県美咲町上口1206-5",
        "指定緊急避難場所との住所同一": "1",
        "その他市町村長が必要と認める事項": null,
        "受入対象者": null,
        "備考": ""
      }
    },
    {
      "type": "Feature",
      "geometry": {
        "type": "Point",
        "coordinates": [
          133.810676,
          34.9664
        ]
      },
      "properties": {
        "NO": "1648",
        "共通ID": "E3366600027111",
        "施設・場所名": "西公民館",
        "住所": "岡山県美咲町西1566-1",
        "指定緊急避難場所との住所同一": "1",
        "その他市町村長が必要と認める事項": null,
        "受入対象者": null,
        "備考": ""
      }
    },
    {
      "type": "Feature",
      "geometry": {
        "type": "Point",
        "coordinates": [
          133.95904,
          34.96841
        ]
      },
      "properties": {
        "NO": "1649",
        "共通ID": "E3366600070111",
        "施設・場所名": "加美南ふれあいセンター",
        "住所": "岡山県美咲町西幸1602-1",
        "指定緊急避難場所との住所同一": "1",
        "その他市町村長が必要と認める事項": "",
        "受入対象者": "",
        "備考": ""
      }
    },
    {
      "type": "Feature",
      "geometry": {
        "type": "Point",
        "coordinates": [
          133.824638,
          34.967777
        ]
      },
      "properties": {
        "NO": "1650",
        "共通ID": "E3366600029111",
        "施設・場所名": "旭公民館",
        "住所": "岡山県美咲町西川1001-12",
        "指定緊急避難場所との住所同一": "1",
        "その他市町村長が必要と認める事項": "",
        "受入対象者": "",
        "備考": ""
      }
    },
    {
      "type": "Feature",
      "geometry": {
        "type": "Point",
        "coordinates": [
          133.825355,
          34.967913
        ]
      },
      "properties": {
        "NO": "1651",
        "共通ID": "E3366600029112",
        "施設・場所名": "子ども第三の居場所",
        "住所": "岡山県美咲町西川1001-12",
        "指定緊急避難場所との住所同一": "1",
        "その他市町村長が必要と認める事項": "",
        "受入対象者": "",
        "備考": ""
      }
    },
    {
      "type": "Feature",
      "geometry": {
        "type": "Point",
        "coordinates": [
          133.843296,
          34.980489
        ]
      },
      "properties": {
        "NO": "1652",
        "共通ID": "E3366600032111",
        "施設・場所名": "清水コミュニティセンター",
        "住所": "岡山県美咲町西川448",
        "指定緊急避難場所との住所同一": "",
        "その他市町村長が必要と認める事項": null,
        "受入対象者": null,
        "備考": ""
      }
    },
    {
      "type": "Feature",
      "geometry": {
        "type": "Point",
        "coordinates": [
          133.829028,
          34.971896
        ]
      },
      "properties": {
        "NO": "1653",
        "共通ID": "E3366600033111",
        "施設・場所名": "旭学園体育館",
        "住所": "岡山県美咲町西川829-2",
        "指定緊急避難場所との住所同一": "",
        "その他市町村長が必要と認める事項": "",
        "受入対象者": "",
        "備考": ""
      }
    },
    {
      "type": "Feature",
      "geometry": {
        "type": "Point",
        "coordinates": [
          133.828089,
          34.971487
        ]
      },
      "properties": {
        "NO": "1654",
        "共通ID": "E3366600034111",
        "施設・場所名": "西川コミュニティセンター",
        "住所": "岡山県美咲町西川915-1",
        "指定緊急避難場所との住所同一": "",
        "その他市町村長が必要と認める事項": null,
        "受入対象者": null,
        "備考": ""
      }
    },
    {
      "type": "Feature",
      "geometry": {
        "type": "Point",
        "coordinates": [
          133.818022,
          34.998946
        ]
      },
      "properties": {
        "NO": "1655",
        "共通ID": "E3366600035111",
        "施設・場所名": "南当地老人共同作業場",
        "住所": "岡山県美咲町西川上1864",
        "指定緊急避難場所との住所同一": "",
        "その他市町村長が必要と認める事項": null,
        "受入対象者": null,
        "備考": ""
      }
    },
    {
      "type": "Feature",
      "geometry": {
        "type": "Point",
        "coordinates": [
          133.79028,
          34.991031
        ]
      },
      "properties": {
        "NO": "1656",
        "共通ID": "E3366600036111",
        "施設・場所名": "友清公民館",
        "住所": "岡山県美咲町西川上3618-3",
        "指定緊急避難場所との住所同一": "",
        "その他市町村長が必要と認める事項": null,
        "受入対象者": null,
        "備考": ""
      }
    },
    {
      "type": "Feature",
      "geometry": {
        "type": "Point",
        "coordinates": [
          133.823432,
          34.971547
        ]
      },
      "properties": {
        "NO": "1657",
        "共通ID": "E3366600037111",
        "施設・場所名": "三休公園民話館",
        "住所": "岡山県美咲町西川上400-11",
        "指定緊急避難場所との住所同一": "1",
        "その他市町村長が必要と認める事項": null,
        "受入対象者": null,
        "備考": ""
      }
    },
    {
      "type": "Feature",
      "geometry": {
        "type": "Point",
        "coordinates": [
          133.798937,
          35.012417
        ]
      },
      "properties": {
        "NO": "1658",
        "共通ID": "E3366600038111",
        "施設・場所名": "干田公民館",
        "住所": "岡山県美咲町西川上7081-2",
        "指定緊急避難場所との住所同一": "",
        "その他市町村長が必要と認める事項": null,
        "受入対象者": null,
        "備考": ""
      }
    },
    {
      "type": "Feature",
      "geometry": {
        "type": "Point",
        "coordinates": [
          133.842767,
          34.965913
        ]
      },
      "properties": {
        "NO": "1659",
        "共通ID": "E3366600039111",
        "施設・場所名": "西垪和公民館",
        "住所": "岡山県美咲町西垪和358-6",
        "指定緊急避難場所との住所同一": "1",
        "その他市町村長が必要と認める事項": null,
        "受入対象者": null,
        "備考": ""
      }
    },
    {
      "type": "Feature",
      "geometry": {
        "type": "Point",
        "coordinates": [
          133.930922,
          35.015996
        ]
      },
      "properties": {
        "NO": "1660",
        "共通ID": "E3366600040111",
        "施設・場所名": "美咲中央小学校体育館",
        "住所": "岡山県美咲町打穴下1685-1",
        "指定緊急避難場所との住所同一": "1",
        "その他市町村長が必要と認める事項": null,
        "受入対象者": null,
        "備考": ""
      }
    },
    {
      "type": "Feature",
      "geometry": {
        "type": "Point",
        "coordinates": [
          133.933416,
          35.013584
        ]
      },
      "properties": {
        "NO": "1661",
        "共通ID": "E3366600041112",
        "施設・場所名": "中央かめっこ保育園",
        "住所": "岡山県美咲町打穴下1766",
        "指定緊急避難場所との住所同一": "",
        "その他市町村長が必要と認める事項": null,
        "受入対象者": null,
        "備考": ""
      }
    },
    {
      "type": "Feature",
      "geometry": {
        "type": "Point",
        "coordinates": [
          133.932997,
          35.01296
        ]
      },
      "properties": {
        "NO": "1662",
        "共通ID": "E3366600041111",
        "施設・場所名": "養護老人ホーム静香園",
        "住所": "岡山県美咲町打穴下1766",
        "指定緊急避難場所との住所同一": "",
        "その他市町村長が必要と認める事項": null,
        "受入対象者": null,
        "備考": ""
      }
    },
    {
      "type": "Feature",
      "geometry": {
        "type": "Point",
        "coordinates": [
          133.938932,
          35.027853
        ]
      },
      "properties": {
        "NO": "1663",
        "共通ID": "E3366600074121",
        "施設・場所名": "特別養護老人ホームわかば",
        "住所": "岡山県美咲町打穴下412-5",
        "指定緊急避難場所との住所同一": "",
        "その他市町村長が必要と認める事項": "",
        "受入対象者": "要配慮者",
        "備考": ""
      }
    },
    {
      "type": "Feature",
      "geometry": {
        "type": "Point",
        "coordinates": [
          133.93473,
          35.005241
        ]
      },
      "properties": {
        "NO": "1664",
        "共通ID": "E3366600043111",
        "施設・場所名": "打穴西公会堂",
        "住所": "岡山県美咲町打穴西53-1",
        "指定緊急避難場所との住所同一": "1",
        "その他市町村長が必要と認める事項": null,
        "受入対象者": null,
        "備考": ""
      }
    },
    {
      "type": "Feature",
      "geometry": {
        "type": "Point",
        "coordinates": [
          133.946898,
          35.00758
        ]
      },
      "properties": {
        "NO": "1665",
        "共通ID": "E3366600044111",
        "施設・場所名": "打穴中老人憩いの家",
        "住所": "岡山県美咲町打穴中1279-4",
        "指定緊急避難場所との住所同一": "1",
        "その他市町村長が必要と認める事項": null,
        "受入対象者": null,
        "備考": ""
      }
    },
    {
      "type": "Feature",
      "geometry": {
        "type": "Point",
        "coordinates": [
          133.927478,
          34.986231
        ]
      },
      "properties": {
        "NO": "1666",
        "共通ID": "E3366600045111",
        "施設・場所名": "打穴老人憩いの家",
        "住所": "岡山県美咲町打穴里1639-1",
        "指定緊急避難場所との住所同一": "1",
        "その他市町村長が必要と認める事項": null,
        "受入対象者": null,
        "備考": ""
      }
    },
    {
      "type": "Feature",
      "geometry": {
        "type": "Point",
        "coordinates": [
          133.927927,
          34.986629
        ]
      },
      "properties": {
        "NO": "1667",
        "共通ID": "E3366600046111",
        "施設・場所名": "旧打穴小学校体育館",
        "住所": "岡山県美咲町打穴里1644-1",
        "指定緊急避難場所との住所同一": "1",
        "その他市町村長が必要と認める事項": null,
        "受入対象者": null,
        "備考": ""
      }
    },
    {
      "type": "Feature",
      "geometry": {
        "type": "Point",
        "coordinates": [
          133.886801,
          34.957363
        ]
      },
      "properties": {
        "NO": "1668",
        "共通ID": "E3366600049111",
        "施設・場所名": "大垪和ふれあいプラザ",
        "住所": "岡山県美咲町大垪和西983-3",
        "指定緊急避難場所との住所同一": "",
        "その他市町村長が必要と認める事項": null,
        "受入対象者": null,
        "備考": ""
      }
    },
    {
      "type": "Feature",
      "geometry": {
        "type": "Point",
        "coordinates": [
          133.824355,
          35.013817
        ]
      },
      "properties": {
        "NO": "1669",
        "共通ID": "E3366600050111",
        "施設・場所名": "広末コミュニティハウス",
        "住所": "岡山県美咲町中1737",
        "指定緊急避難場所との住所同一": "",
        "その他市町村長が必要と認める事項": null,
        "受入対象者": null,
        "備考": ""
      }
    },
    {
      "type": "Feature",
      "geometry": {
        "type": "Point",
        "coordinates": [
          133.82686,
          35.032391
        ]
      },
      "properties": {
        "NO": "1670",
        "共通ID": "E3366600051111",
        "施設・場所名": "川北ふれあい館",
        "住所": "岡山県美咲町中3540-1",
        "指定緊急避難場所との住所同一": "",
        "その他市町村長が必要と認める事項": null,
        "受入対象者": null,
        "備考": ""
      }
    },
    {
      "type": "Feature",
      "geometry": {
        "type": "Point",
        "coordinates": [
          133.84635,
          34.967774
        ]
      },
      "properties": {
        "NO": "1671",
        "共通ID": "E3366600075121",
        "施設・場所名": "福祉の里　あさひが丘",
        "住所": "岡山県美咲町東垪和190",
        "指定緊急避難場所との住所同一": "",
        "その他市町村長が必要と認める事項": "",
        "受入対象者": "要配慮者",
        "備考": ""
      }
    },
    {
      "type": "Feature",
      "geometry": {
        "type": "Point",
        "coordinates": [
          133.847089,
          34.967674
        ]
      },
      "properties": {
        "NO": "1672",
        "共通ID": "E3366600053111",
        "施設・場所名": "垪和コミュニティハウス",
        "住所": "岡山県美咲町東垪和390-1",
        "指定緊急避難場所との住所同一": "",
        "その他市町村長が必要と認める事項": null,
        "受入対象者": null,
        "備考": ""
      }
    },
    {
      "type": "Feature",
      "geometry": {
        "type": "Point",
        "coordinates": [
          134.065992,
          34.947001
        ]
      },
      "properties": {
        "NO": "1673",
        "共通ID": "E3366600054111",
        "施設・場所名": "藤原老人憩いの家　（平成会館）",
        "住所": "岡山県美咲町藤原199-1",
        "指定緊急避難場所との住所同一": "1",
        "その他市町村長が必要と認める事項": null,
        "受入対象者": null,
        "備考": ""
      }
    },
    {
      "type": "Feature",
      "geometry": {
        "type": "Point",
        "coordinates": [
          134.084545,
          34.975016
        ]
      },
      "properties": {
        "NO": "1674",
        "共通ID": "E3366600055112",
        "施設・場所名": "南和気荘",
        "住所": "岡山県美咲町藤田上357",
        "指定緊急避難場所との住所同一": "1",
        "その他市町村長が必要と認める事項": null,
        "受入対象者": null,
        "備考": ""
      }
    },
    {
      "type": "Feature",
      "geometry": {
        "type": "Point",
        "coordinates": [
          133.855455,
          34.95851
        ]
      },
      "properties": {
        "NO": "1675",
        "共通ID": "E3366600056111",
        "施設・場所名": "栃原公民館",
        "住所": "岡山県美咲町栃原1299-3",
        "指定緊急避難場所との住所同一": "",
        "その他市町村長が必要と認める事項": null,
        "受入対象者": null,
        "備考": ""
      }
    },
    {
      "type": "Feature",
      "geometry": {
        "type": "Point",
        "coordinates": [
          133.841045,
          34.946724
        ]
      },
      "properties": {
        "NO": "1676",
        "共通ID": "E3366600057111",
        "施設・場所名": "揚名会館",
        "住所": "岡山県美咲町栃原404-1",
        "指定緊急避難場所との住所同一": "",
        "その他市町村長が必要と認める事項": null,
        "受入対象者": null,
        "備考": ""
      }
    },
    {
      "type": "Feature",
      "geometry": {
        "type": "Point",
        "coordinates": [
          133.867574,
          35.000165
        ]
      },
      "properties": {
        "NO": "1677",
        "共通ID": "E3366600058111",
        "施設・場所名": "南公民館",
        "住所": "岡山県美咲町南345",
        "指定緊急避難場所との住所同一": "",
        "その他市町村長が必要と認める事項": null,
        "受入対象者": null,
        "備考": ""
      }
    },
    {
      "type": "Feature",
      "geometry": {
        "type": "Point",
        "coordinates": [
          134.062392,
          34.997632
        ]
      },
      "properties": {
        "NO": "1678",
        "共通ID": "E3366600061111",
        "施設・場所名": "北和気コミュニティセンター",
        "住所": "岡山県美咲町百々416-1",
        "指定緊急避難場所との住所同一": "1",
        "その他市町村長が必要と認める事項": null,
        "受入対象者": null,
        "備考": ""
      }
    },
    {
      "type": "Feature",
      "geometry": {
        "type": "Point",
        "coordinates": [
          134.062752,
          34.997911
        ]
      },
      "properties": {
        "NO": "1679",
        "共通ID": "E3366600062111",
        "施設・場所名": "北和気体育館",
        "住所": "岡山県美咲町百々417-1",
        "指定緊急避難場所との住所同一": "1",
        "その他市町村長が必要と認める事項": null,
        "受入対象者": null,
        "備考": ""
      }
    },
    {
      "type": "Feature",
      "geometry": {
        "type": "Point",
        "coordinates": [
          133.835173,
          35.039638
        ]
      },
      "properties": {
        "NO": "1680",
        "共通ID": "E3366600063111",
        "施設・場所名": "総合畜産センター体育館",
        "住所": "岡山県美咲町北2272-31",
        "指定緊急避難場所との住所同一": "",
        "その他市町村長が必要と認める事項": null,
        "受入対象者": null,
        "備考": ""
      }
    },
    {
      "type": "Feature",
      "geometry": {
        "type": "Point",
        "coordinates": [
          133.870717,
          35.015504
        ]
      },
      "properties": {
        "NO": "1681",
        "共通ID": "E3366600064111",
        "施設・場所名": "北コミュニティーセンター",
        "住所": "岡山県美咲町北772",
        "指定緊急避難場所との住所同一": "1",
        "その他市町村長が必要と認める事項": null,
        "受入対象者": null,
        "備考": ""
      }
    },
    {
      "type": "Feature",
      "geometry": {
        "type": "Point",
        "coordinates": [
          133.837649,
          34.993602
        ]
      },
      "properties": {
        "NO": "1682",
        "共通ID": "E3366600065111",
        "施設・場所名": "里公民館",
        "住所": "岡山県美咲町里1470-1",
        "指定緊急避難場所との住所同一": "",
        "その他市町村長が必要と認める事項": null,
        "受入対象者": null,
        "備考": ""
      }
    },
    {
      "type": "Feature",
      "geometry": {
        "type": "Point",
        "coordinates": [
          133.892584,
          34.972394
        ]
      },
      "properties": {
        "NO": "1683",
        "共通ID": "E3366600066111",
        "施設・場所名": "二上山荘",
        "住所": "岡山県美咲町両山寺517-2",
        "指定緊急避難場所との住所同一": "",
        "その他市町村長が必要と認める事項": null,
        "受入対象者": null,
        "備考": ""
      }
    },
    {
      "type": "Feature",
      "geometry": {
        "type": "Point",
        "coordinates": [
          134.24984,
          35.034354
        ]
      },
      "properties": {
        "NO": "1684",
        "共通ID": "E3321500252111",
        "施設・場所名": "豊野公民館",
        "住所": "岡山県美作市400-2",
        "指定緊急避難場所との住所同一": "",
        "その他市町村長が必要と認める事項": "",
        "受入対象者": "",
        "備考": ""
      }
    },
    {
      "type": "Feature",
      "geometry": {
        "type": "Point",
        "coordinates": [
          134.320147,
          35.099517
        ]
      },
      "properties": {
        "NO": "1685",
        "共通ID": "E3321500027111",
        "施設・場所名": "大原体育館",
        "住所": "岡山県美作市下庄町859",
        "指定緊急避難場所との住所同一": "1",
        "その他市町村長が必要と認める事項": null,
        "受入対象者": null,
        "備考": ""
      }
    },
    {
      "type": "Feature",
      "geometry": {
        "type": "Point",
        "coordinates": [
          134.321431,
          35.104012
        ]
      },
      "properties": {
        "NO": "1686",
        "共通ID": "E3321500029111",
        "施設・場所名": "大原中学校",
        "住所": "岡山県美作市下町350",
        "指定緊急避難場所との住所同一": "1",
        "その他市町村長が必要と認める事項": null,
        "受入対象者": null,
        "備考": ""
      }
    },
    {
      "type": "Feature",
      "geometry": {
        "type": "Point",
        "coordinates": [
          134.326524,
          35.096121
        ]
      },
      "properties": {
        "NO": "1687",
        "共通ID": "E3321500048111",
        "施設・場所名": "讃甘コミュニティセンター",
        "住所": "岡山県美作市宮本101",
        "指定緊急避難場所との住所同一": "1",
        "その他市町村長が必要と認める事項": null,
        "受入対象者": null,
        "備考": ""
      }
    },
    {
      "type": "Feature",
      "geometry": {
        "type": "Point",
        "coordinates": [
          134.327382,
          35.118712
        ]
      },
      "properties": {
        "NO": "1688",
        "共通ID": "E3321500233111",
        "施設・場所名": "大原コミュニティセンター",
        "住所": "岡山県美作市古町1711",
        "指定緊急避難場所との住所同一": "1",
        "その他市町村長が必要と認める事項": "",
        "受入対象者": "",
        "備考": ""
      }
    },
    {
      "type": "Feature",
      "geometry": {
        "type": "Point",
        "coordinates": [
          134.380254,
          35.167925
        ]
      },
      "properties": {
        "NO": "1689",
        "共通ID": "E3321500061111",
        "施設・場所名": "愛の村パーク",
        "住所": "岡山県美作市後山1872",
        "指定緊急避難場所との住所同一": "1",
        "その他市町村長が必要と認める事項": null,
        "受入対象者": null,
        "備考": ""
      }
    },
    {
      "type": "Feature",
      "geometry": {
        "type": "Point",
        "coordinates": [
          134.223695,
          35.013848
        ]
      },
      "properties": {
        "NO": "1690",
        "共通ID": "E3321500064111",
        "施設・場所名": "作東中学校",
        "住所": "岡山県美作市江見226-2",
        "指定緊急避難場所との住所同一": "1",
        "その他市町村長が必要と認める事項": null,
        "受入対象者": null,
        "備考": ""
      }
    },
    {
      "type": "Feature",
      "geometry": {
        "type": "Point",
        "coordinates": [
          134.233883,
          35.021029
        ]
      },
      "properties": {
        "NO": "1691",
        "共通ID": "E3321500068111",
        "施設・場所名": "作東Ｂ＆Ｇ海洋センター",
        "住所": "岡山県美作市江見910-3",
        "指定緊急避難場所との住所同一": "1",
        "その他市町村長が必要と認める事項": null,
        "受入対象者": null,
        "備考": ""
      }
    },
    {
      "type": "Feature",
      "geometry": {
        "type": "Point",
        "coordinates": [
          134.231858,
          35.021198
        ]
      },
      "properties": {
        "NO": "1692",
        "共通ID": "E3321500069111",
        "施設・場所名": "作東農村環境改善センター",
        "住所": "岡山県美作市江見944",
        "指定緊急避難場所との住所同一": "1",
        "その他市町村長が必要と認める事項": null,
        "受入対象者": null,
        "備考": ""
      }
    },
    {
      "type": "Feature",
      "geometry": {
        "type": "Point",
        "coordinates": [
          134.326509,
          35.09805
        ]
      },
      "properties": {
        "NO": "1693",
        "共通ID": "E3321500071111",
        "施設・場所名": "武蔵武道館",
        "住所": "岡山県美作市今岡754-1",
        "指定緊急避難場所との住所同一": "1",
        "その他市町村長が必要と認める事項": null,
        "受入対象者": null,
        "備考": ""
      }
    },
    {
      "type": "Feature",
      "geometry": {
        "type": "Point",
        "coordinates": [
          134.148572,
          34.998033
        ]
      },
      "properties": {
        "NO": "1694",
        "共通ID": "E3321500074111",
        "施設・場所名": "美作中学校",
        "住所": "岡山県美作市三倉田205",
        "指定緊急避難場所との住所同一": "1",
        "その他市町村長が必要と認める事項": null,
        "受入対象者": null,
        "備考": ""
      }
    },
    {
      "type": "Feature",
      "geometry": {
        "type": "Point",
        "coordinates": [
          134.12825,
          34.88962
        ]
      },
      "properties": {
        "NO": "1695",
        "共通ID": "E3321500091111",
        "施設・場所名": "大芦高原体育館",
        "住所": "岡山県美作市上山1736-5",
        "指定緊急避難場所との住所同一": "1",
        "その他市町村長が必要と認める事項": null,
        "受入対象者": null,
        "備考": ""
      }
    },
    {
      "type": "Feature",
      "geometry": {
        "type": "Point",
        "coordinates": [
          134.187726,
          35.076208
        ]
      },
      "properties": {
        "NO": "1696",
        "共通ID": "E3321500102111",
        "施設・場所名": "勝田小学校",
        "住所": "岡山県美作市真加部1366",
        "指定緊急避難場所との住所同一": "1",
        "その他市町村長が必要と認める事項": null,
        "受入対象者": null,
        "備考": ""
      }
    },
    {
      "type": "Feature",
      "geometry": {
        "type": "Point",
        "coordinates": [
          134.188828,
          35.073686
        ]
      },
      "properties": {
        "NO": "1697",
        "共通ID": "E3321500250111",
        "施設・場所名": "勝田中学校",
        "住所": "岡山県美作市真加部1575",
        "指定緊急避難場所との住所同一": "1",
        "その他市町村長が必要と認める事項": "",
        "受入対象者": "",
        "備考": ""
      }
    },
    {
      "type": "Feature",
      "geometry": {
        "type": "Point",
        "coordinates": [
          134.190643,
          35.073574
        ]
      },
      "properties": {
        "NO": "1698",
        "共通ID": "E3321500104111",
        "施設・場所名": "かつた市民センター",
        "住所": "岡山県美作市真加部1611-2",
        "指定緊急避難場所との住所同一": "1",
        "その他市町村長が必要と認める事項": null,
        "受入対象者": null,
        "備考": ""
      }
    },
    {
      "type": "Feature",
      "geometry": {
        "type": "Point",
        "coordinates": [
          134.282006,
          35.077641
        ]
      },
      "properties": {
        "NO": "1699",
        "共通ID": "E3321500119111",
        "施設・場所名": "大吉コミュニティセンター",
        "住所": "岡山県美作市壬生87",
        "指定緊急避難場所との住所同一": "1",
        "その他市町村長が必要と認める事項": null,
        "受入対象者": null,
        "備考": ""
      }
    },
    {
      "type": "Feature",
      "geometry": {
        "type": "Point",
        "coordinates": [
          134.359425,
          35.146201
        ]
      },
      "properties": {
        "NO": "1700",
        "共通ID": "E3321500130111",
        "施設・場所名": "東粟倉総合支所（基幹集落センター）",
        "住所": "岡山県美作市太田152-1",
        "指定緊急避難場所との住所同一": "1",
        "その他市町村長が必要と認める事項": null,
        "受入対象者": null,
        "備考": ""
      }
    },
    {
      "type": "Feature",
      "geometry": {
        "type": "Point",
        "coordinates": [
          134.207964,
          35.06495
        ]
      },
      "properties": {
        "NO": "1701",
        "共通ID": "E3321500135111",
        "施設・場所名": "勝田東小学校",
        "住所": "岡山県美作市大町64",
        "指定緊急避難場所との住所同一": "1",
        "その他市町村長が必要と認める事項": null,
        "受入対象者": null,
        "備考": ""
      }
    },
    {
      "type": "Feature",
      "geometry": {
        "type": "Point",
        "coordinates": [
          134.201987,
          34.926139
        ]
      },
      "properties": {
        "NO": "1702",
        "共通ID": "E3321500137111",
        "施設・場所名": "アゼリア館",
        "住所": "岡山県美作市滝宮391-1",
        "指定緊急避難場所との住所同一": "1",
        "その他市町村長が必要と認める事項": null,
        "受入対象者": null,
        "備考": ""
      }
    },
    {
      "type": "Feature",
      "geometry": {
        "type": "Point",
        "coordinates": [
          134.133001,
          35.001741
        ]
      },
      "properties": {
        "NO": "1703",
        "共通ID": "E3321500143111",
        "施設・場所名": "みまさかアリーナ",
        "住所": "岡山県美作市中山1200",
        "指定緊急避難場所との住所同一": "1",
        "その他市町村長が必要と認める事項": null,
        "受入対象者": null,
        "備考": ""
      }
    },
    {
      "type": "Feature",
      "geometry": {
        "type": "Point",
        "coordinates": [
          134.267044,
          34.990497
        ]
      },
      "properties": {
        "NO": "1704",
        "共通ID": "E3321500164111",
        "施設・場所名": "土居小学校",
        "住所": "岡山県美作市土居203",
        "指定緊急避難場所との住所同一": "1",
        "その他市町村長が必要と認める事項": null,
        "受入対象者": null,
        "備考": ""
      }
    },
    {
      "type": "Feature",
      "geometry": {
        "type": "Point",
        "coordinates": [
          134.138654,
          34.998493
        ]
      },
      "properties": {
        "NO": "1705",
        "共通ID": "E3321500172111",
        "施設・場所名": "美作第一小学校",
        "住所": "岡山県美作市湯郷58",
        "指定緊急避難場所との住所同一": "1",
        "その他市町村長が必要と認める事項": null,
        "受入対象者": null,
        "備考": ""
      }
    },
    {
      "type": "Feature",
      "geometry": {
        "type": "Point",
        "coordinates": [
          134.172458,
          35.0285
        ]
      },
      "properties": {
        "NO": "1706",
        "共通ID": "E3321500182111",
        "施設・場所名": "美作北小学校",
        "住所": "岡山県美作市楢原中60",
        "指定緊急避難場所との住所同一": "1",
        "その他市町村長が必要と認める事項": null,
        "受入対象者": null,
        "備考": ""
      }
    },
    {
      "type": "Feature",
      "geometry": {
        "type": "Point",
        "coordinates": [
          134.124718,
          34.938872
        ]
      },
      "properties": {
        "NO": "1707",
        "共通ID": "E3321500197111",
        "施設・場所名": "英田公民館",
        "住所": "岡山県美作市福本806-1",
        "指定緊急避難場所との住所同一": "1",
        "その他市町村長が必要と認める事項": null,
        "受入対象者": null,
        "備考": ""
      }
    },
    {
      "type": "Feature",
      "geometry": {
        "type": "Point",
        "coordinates": [
          134.165738,
          35.028651
        ]
      },
      "properties": {
        "NO": "1708",
        "共通ID": "E3321500213111",
        "施設・場所名": "豊国公民館",
        "住所": "岡山県美作市北山889-3",
        "指定緊急避難場所との住所同一": "1",
        "その他市町村長が必要と認める事項": null,
        "受入対象者": null,
        "備考": ""
      }
    },
    {
      "type": "Feature",
      "geometry": {
        "type": "Point",
        "coordinates": [
          133.625318,
          34.606923
        ]
      },
      "properties": {
        "NO": "1709",
        "共通ID": "E3346100001121",
        "施設・場所名": "介護老人保健施設リハヴィラポルソ矢掛",
        "住所": "岡山県矢掛町横谷1497",
        "指定緊急避難場所との住所同一": "",
        "その他市町村長が必要と認める事項": null,
        "受入対象者": "高齢者（要介護状態にある方・身体障害者・認知症のある方・指定難病にかかっている方・その他、町災害本部が認めた者）",
        "備考": ""
      }
    },
    {
      "type": "Feature",
      "geometry": {
        "type": "Point",
        "coordinates": [
          133.622036,
          34.603657
        ]
      },
      "properties": {
        "NO": "1710",
        "共通ID": "E3346100002111",
        "施設・場所名": "三谷コミュニティセンター",
        "住所": "岡山県矢掛町横谷1890",
        "指定緊急避難場所との住所同一": "1",
        "その他市町村長が必要と認める事項": "",
        "受入対象者": "",
        "備考": ""
      }
    },
    {
      "type": "Feature",
      "geometry": {
        "type": "Point",
        "coordinates": [
          133.616751,
          34.613329
        ]
      },
      "properties": {
        "NO": "1711",
        "共通ID": "E3346100003111",
        "施設・場所名": "三谷保育園",
        "住所": "岡山県矢掛町横谷676-1",
        "指定緊急避難場所との住所同一": "",
        "その他市町村長が必要と認める事項": "",
        "受入対象者": "",
        "備考": ""
      }
    },
    {
      "type": "Feature",
      "geometry": {
        "type": "Point",
        "coordinates": [
          133.587866,
          34.663793
        ]
      },
      "properties": {
        "NO": "1712",
        "共通ID": "E3346100004111",
        "施設・場所名": "美川小学校",
        "住所": "岡山県矢掛町下高末2686",
        "指定緊急避難場所との住所同一": "1",
        "その他市町村長が必要と認める事項": "",
        "受入対象者": "",
        "備考": ""
      }
    },
    {
      "type": "Feature",
      "geometry": {
        "type": "Point",
        "coordinates": [
          133.587092,
          34.657063
        ]
      },
      "properties": {
        "NO": "1713",
        "共通ID": "E3346100005111",
        "施設・場所名": "美川生活改善センター",
        "住所": "岡山県矢掛町下高末2926",
        "指定緊急避難場所との住所同一": "",
        "その他市町村長が必要と認める事項": "",
        "受入対象者": "",
        "備考": ""
      }
    },
    {
      "type": "Feature",
      "geometry": {
        "type": "Point",
        "coordinates": [
          133.564922,
          34.606678
        ]
      },
      "properties": {
        "NO": "1714",
        "共通ID": "E3346100033111",
        "施設・場所名": "中川南避難所",
        "住所": "岡山県矢掛町江良313-1",
        "指定緊急避難場所との住所同一": "",
        "その他市町村長が必要と認める事項": null,
        "受入対象者": null,
        "備考": ""
      }
    },
    {
      "type": "Feature",
      "geometry": {
        "type": "Point",
        "coordinates": [
          133.543965,
          34.615697
        ]
      },
      "properties": {
        "NO": "1715",
        "共通ID": "E3346100007111",
        "施設・場所名": "小田小学校",
        "住所": "岡山県矢掛町小田4212-1",
        "指定緊急避難場所との住所同一": "1",
        "その他市町村長が必要と認める事項": "",
        "受入対象者": "",
        "備考": ""
      }
    },
    {
      "type": "Feature",
      "geometry": {
        "type": "Point",
        "coordinates": [
          133.54425,
          34.616394
        ]
      },
      "properties": {
        "NO": "1716",
        "共通ID": "E3346100008111",
        "施設・場所名": "小田保育園",
        "住所": "岡山県矢掛町小田4212-5",
        "指定緊急避難場所との住所同一": "",
        "その他市町村長が必要と認める事項": "",
        "受入対象者": "",
        "備考": ""
      }
    },
    {
      "type": "Feature",
      "geometry": {
        "type": "Point",
        "coordinates": [
          133.543953,
          34.615153
        ]
      },
      "properties": {
        "NO": "1717",
        "共通ID": "E3346100009111",
        "施設・場所名": "こうど会館",
        "住所": "岡山県矢掛町小田4212-6",
        "指定緊急避難場所との住所同一": "",
        "その他市町村長が必要と認める事項": "",
        "受入対象者": "",
        "備考": ""
      }
    },
    {
      "type": "Feature",
      "geometry": {
        "type": "Point",
        "coordinates": [
          133.5836,
          34.6293
        ]
      },
      "properties": {
        "NO": "1718",
        "共通ID": "E3346100010121",
        "施設・場所名": "小規模多機能ホーム　ぼちぼち",
        "住所": "岡山県矢掛町小林27",
        "指定緊急避難場所との住所同一": "",
        "その他市町村長が必要と認める事項": null,
        "受入対象者": "高齢者（要介護状態にある方・身体障害者・認知症のある方・指定難病にかかっている方・その他、町災害本部が認めた者）",
        "備考": ""
      }
    },
    {
      "type": "Feature",
      "geometry": {
        "type": "Point",
        "coordinates": [
          133.611785,
          34.688516
        ]
      },
      "properties": {
        "NO": "1719",
        "共通ID": "E3346100011111",
        "施設・場所名": "桃源郷はなしの里憩いの館",
        "住所": "岡山県矢掛町上高末3749",
        "指定緊急避難場所との住所同一": "",
        "その他市町村長が必要と認める事項": null,
        "受入対象者": null,
        "備考": ""
      }
    },
    {
      "type": "Feature",
      "geometry": {
        "type": "Point",
        "coordinates": [
          133.569472,
          34.620578
        ]
      },
      "properties": {
        "NO": "1720",
        "共通ID": "E3346100012111",
        "施設・場所名": "Ｂ＆Ｇ海洋センター",
        "住所": "岡山県矢掛町西川面1307-3",
        "指定緊急避難場所との住所同一": "1",
        "その他市町村長が必要と認める事項": "",
        "受入対象者": "",
        "備考": ""
      }
    },
    {
      "type": "Feature",
      "geometry": {
        "type": "Point",
        "coordinates": [
          133.569429,
          34.623942
        ]
      },
      "properties": {
        "NO": "1721",
        "共通ID": "E3346100013111",
        "施設・場所名": "鵜江会館",
        "住所": "岡山県矢掛町西川面1364-1",
        "指定緊急避難場所との住所同一": "",
        "その他市町村長が必要と認める事項": "",
        "受入対象者": "",
        "備考": ""
      }
    },
    {
      "type": "Feature",
      "geometry": {
        "type": "Point",
        "coordinates": [
          133.568388,
          34.625061
        ]
      },
      "properties": {
        "NO": "1722",
        "共通ID": "E3346100014111",
        "施設・場所名": "川面小学校",
        "住所": "岡山県矢掛町西川面1380-1",
        "指定緊急避難場所との住所同一": "1",
        "その他市町村長が必要と認める事項": "",
        "受入対象者": "",
        "備考": ""
      }
    },
    {
      "type": "Feature",
      "geometry": {
        "type": "Point",
        "coordinates": [
          133.616286,
          34.619293
        ]
      },
      "properties": {
        "NO": "1723",
        "共通ID": "E3346100015111",
        "施設・場所名": "三谷小学校",
        "住所": "岡山県矢掛町東三成1423",
        "指定緊急避難場所との住所同一": "1",
        "その他市町村長が必要と認める事項": "",
        "受入対象者": "",
        "備考": ""
      }
    },
    {
      "type": "Feature",
      "geometry": {
        "type": "Point",
        "coordinates": [
          133.613017,
          34.585411
        ]
      },
      "properties": {
        "NO": "1724",
        "共通ID": "E3346100016121",
        "施設・場所名": "特別養護老人ホーム　矢掛荘",
        "住所": "岡山県矢掛町南山田3044-12",
        "指定緊急避難場所との住所同一": "",
        "その他市町村長が必要と認める事項": null,
        "受入対象者": "高齢者（要介護状態にある方・身体障害者・認知症のある方・指定難病にかかっている方・その他、町災害本部が認めた者）",
        "備考": ""
      }
    },
    {
      "type": "Feature",
      "geometry": {
        "type": "Point",
        "coordinates": [
          133.599666,
          34.596956
        ]
      },
      "properties": {
        "NO": "1725",
        "共通ID": "E3346100017111",
        "施設・場所名": "山田会館",
        "住所": "岡山県矢掛町南山田7-2",
        "指定緊急避難場所との住所同一": "",
        "その他市町村長が必要と認める事項": "",
        "受入対象者": "",
        "備考": ""
      }
    },
    {
      "type": "Feature",
      "geometry": {
        "type": "Point",
        "coordinates": [
          133.561285,
          34.611065
        ]
      },
      "properties": {
        "NO": "1726",
        "共通ID": "E3346100018111",
        "施設・場所名": "中川小学校",
        "住所": "岡山県矢掛町本堀1637",
        "指定緊急避難場所との住所同一": "1",
        "その他市町村長が必要と認める事項": "",
        "受入対象者": "",
        "備考": ""
      }
    },
    {
      "type": "Feature",
      "geometry": {
        "type": "Point",
        "coordinates": [
          133.560259,
          34.610255
        ]
      },
      "properties": {
        "NO": "1727",
        "共通ID": "E3346100019111",
        "施設・場所名": "中川町民会館",
        "住所": "岡山県矢掛町本堀1718-2",
        "指定緊急避難場所との住所同一": "",
        "その他市町村長が必要と認める事項": "",
        "受入対象者": "",
        "備考": ""
      }
    },
    {
      "type": "Feature",
      "geometry": {
        "type": "Point",
        "coordinates": [
          133.559636,
          34.609993
        ]
      },
      "properties": {
        "NO": "1728",
        "共通ID": "E3346100020111",
        "施設・場所名": "中川保育園",
        "住所": "岡山県矢掛町本堀1740-1",
        "指定緊急避難場所との住所同一": "",
        "その他市町村長が必要と認める事項": "",
        "受入対象者": "",
        "備考": ""
      }
    },
    {
      "type": "Feature",
      "geometry": {
        "type": "Point",
        "coordinates": [
          133.592723,
          34.628108
        ]
      },
      "properties": {
        "NO": "1729",
        "共通ID": "E3346100021111",
        "施設・場所名": "岡山県立矢掛高等学校",
        "住所": "岡山県矢掛町矢掛1776-2",
        "指定緊急避難場所との住所同一": "1",
        "その他市町村長が必要と認める事項": null,
        "受入対象者": null,
        "備考": ""
      }
    },
    {
      "type": "Feature",
      "geometry": {
        "type": "Point",
        "coordinates": [
          133.589717,
          34.627066
        ]
      },
      "properties": {
        "NO": "1730",
        "共通ID": "E3346100022111",
        "施設・場所名": "矢掛認定こども園",
        "住所": "岡山県矢掛町矢掛2540-1",
        "指定緊急避難場所との住所同一": "",
        "その他市町村長が必要と認める事項": "",
        "受入対象者": "",
        "備考": ""
      }
    },
    {
      "type": "Feature",
      "geometry": {
        "type": "Point",
        "coordinates": [
          133.590542,
          34.625053
        ]
      },
      "properties": {
        "NO": "1731",
        "共通ID": "E3346100024121",
        "施設・場所名": "グループホーム本陣",
        "住所": "岡山県矢掛町矢掛2557",
        "指定緊急避難場所との住所同一": "",
        "その他市町村長が必要と認める事項": null,
        "受入対象者": "高齢者（要介護状態にある方・身体障害者・認知症のある方・指定難病にかかっている方・その他、町災害本部が認めた者）",
        "備考": ""
      }
    },
    {
      "type": "Feature",
      "geometry": {
        "type": "Point",
        "coordinates": [
          133.588235,
          34.627461
        ]
      },
      "properties": {
        "NO": "1732",
        "共通ID": "E3346100035111",
        "施設・場所名": "やかげ文化センター",
        "住所": "岡山県矢掛町矢掛2677-1",
        "指定緊急避難場所との住所同一": "",
        "その他市町村長が必要と認める事項": "",
        "受入対象者": "",
        "備考": ""
      }
    },
    {
      "type": "Feature",
      "geometry": {
        "type": "Point",
        "coordinates": [
          133.587105,
          34.628773
        ]
      },
      "properties": {
        "NO": "1733",
        "共通ID": "E3346100025121",
        "施設・場所名": "矢掛町介護老人保健施設たかつま荘",
        "住所": "岡山県矢掛町矢掛2695-2",
        "指定緊急避難場所との住所同一": "",
        "その他市町村長が必要と認める事項": "",
        "受入対象者": "高齢者（要介護状態にある方・身体障害者・認知症のある方・指定難病にかかっている方・その他、町災害本部が認めた者）",
        "備考": ""
      }
    },
    {
      "type": "Feature",
      "geometry": {
        "type": "Point",
        "coordinates": [
          133.585222,
          34.629962
        ]
      },
      "properties": {
        "NO": "1734",
        "共通ID": "E3346100026111",
        "施設・場所名": "矢掛中学校",
        "住所": "岡山県矢掛町矢掛2957",
        "指定緊急避難場所との住所同一": "1",
        "その他市町村長が必要と認める事項": "",
        "受入対象者": "",
        "備考": ""
      }
    },
    {
      "type": "Feature",
      "geometry": {
        "type": "Point",
        "coordinates": [
          133.587124,
          34.628252
        ]
      },
      "properties": {
        "NO": "1735",
        "共通ID": "E3346100034111",
        "施設・場所名": "矢掛町保健センター",
        "住所": "岡山県矢掛町矢掛2977-1",
        "指定緊急避難場所との住所同一": "",
        "その他市町村長が必要と認める事項": "",
        "受入対象者": "",
        "備考": ""
      }
    },
    {
      "type": "Feature",
      "geometry": {
        "type": "Point",
        "coordinates": [
          133.585744,
          34.627226
        ]
      },
      "properties": {
        "NO": "1736",
        "共通ID": "E3346100027111",
        "施設・場所名": "矢掛小学校",
        "住所": "岡山県矢掛町矢掛3000-1",
        "指定緊急避難場所との住所同一": "1",
        "その他市町村長が必要と認める事項": "",
        "受入対象者": "",
        "備考": ""
      }
    },
    {
      "type": "Feature",
      "geometry": {
        "type": "Point",
        "coordinates": [
          133.587152,
          34.626879
        ]
      },
      "properties": {
        "NO": "1737",
        "共通ID": "E3346100028111",
        "施設・場所名": "老人福祉センター",
        "住所": "岡山県矢掛町矢掛3012-1",
        "指定緊急避難場所との住所同一": "",
        "その他市町村長が必要と認める事項": "",
        "受入対象者": "",
        "備考": ""
      }
    },
    {
      "type": "Feature",
      "geometry": {
        "type": "Point",
        "coordinates": [
          133.587693,
          34.627026
        ]
      },
      "properties": {
        "NO": "1738",
        "共通ID": "E3346100029111",
        "施設・場所名": "矢掛町農村環境改善センター",
        "住所": "岡山県矢掛町矢掛3016-1",
        "指定緊急避難場所との住所同一": "",
        "その他市町村長が必要と認める事項": "",
        "受入対象者": "",
        "備考": ""
      }
    },
    {
      "type": "Feature",
      "geometry": {
        "type": "Point",
        "coordinates": [
          133.586695,
          34.62643
        ]
      },
      "properties": {
        "NO": "1739",
        "共通ID": "E3346100030111",
        "施設・場所名": "矢掛会館",
        "住所": "岡山県矢掛町矢掛3027-4",
        "指定緊急避難場所との住所同一": "",
        "その他市町村長が必要と認める事項": "",
        "受入対象者": "",
        "備考": ""
      }
    },
    {
      "type": "Feature",
      "geometry": {
        "type": "Point",
        "coordinates": [
          133.599075,
          34.597744
        ]
      },
      "properties": {
        "NO": "1740",
        "共通ID": "E3346100032111",
        "施設・場所名": "山田小学校",
        "住所": "岡山県矢掛町里山田2430",
        "指定緊急避難場所との住所同一": "1",
        "その他市町村長が必要と認める事項": "",
        "受入対象者": "",
        "備考": ""
      }
    },
    {
      "type": "Feature",
      "geometry": {
        "type": "Point",
        "coordinates": [
          133.549222,
          34.506679
        ]
      },
      "properties": {
        "NO": "1741",
        "共通ID": "E3344500008111",
        "施設・場所名": "駅前コミュニティーセンター",
        "住所": "岡山県里庄町大字新庄2905-2",
        "指定緊急避難場所との住所同一": "1",
        "その他市町村長が必要と認める事項": null,
        "受入対象者": null,
        "備考": ""
      }
    },
    {
      "type": "Feature",
      "geometry": {
        "type": "Point",
        "coordinates": [
          133.545007,
          34.50494
        ]
      },
      "properties": {
        "NO": "1742",
        "共通ID": "E3344500014111",
        "施設・場所名": "里庄西小学校",
        "住所": "岡山県里庄町大字新庄5534",
        "指定緊急避難場所との住所同一": "1",
        "その他市町村長が必要と認める事項": null,
        "受入対象者": null,
        "備考": ""
      }
    },
    {
      "type": "Feature",
      "geometry": {
        "type": "Point",
        "coordinates": [
          133.545212,
          34.502287
        ]
      },
      "properties": {
        "NO": "1743",
        "共通ID": "E3344500015111",
        "施設・場所名": "里庄西幼稚園",
        "住所": "岡山県里庄町大字新庄5774",
        "指定緊急避難場所との住所同一": "1",
        "その他市町村長が必要と認める事項": null,
        "受入対象者": null,
        "備考": ""
      }
    },
    {
      "type": "Feature",
      "geometry": {
        "type": "Point",
        "coordinates": [
          133.536114,
          34.501498
        ]
      },
      "properties": {
        "NO": "1744",
        "共通ID": "E3344500020111",
        "施設・場所名": "仁科会館",
        "住所": "岡山県里庄町大字浜中892-1",
        "指定緊急避難場所との住所同一": "1",
        "その他市町村長が必要と認める事項": null,
        "受入対象者": null,
        "備考": ""
      }
    },
    {
      "type": "Feature",
      "geometry": {
        "type": "Point",
        "coordinates": [
          133.548871,
          34.513651
        ]
      },
      "properties": {
        "NO": "1745",
        "共通ID": "E3344500047121",
        "施設・場所名": "里庄町放課後等デイサービス事業所「ぽかぽか」",
        "住所": "岡山県里庄町大字里見105-2",
        "指定緊急避難場所との住所同一": "",
        "その他市町村長が必要と認める事項": "",
        "受入対象者": "障害児",
        "備考": ""
      }
    },
    {
      "type": "Feature",
      "geometry": {
        "type": "Point",
        "coordinates": [
          133.556355,
          34.513601
        ]
      },
      "properties": {
        "NO": "1746",
        "共通ID": "E3344500024111",
        "施設・場所名": "里庄町福祉会館",
        "住所": "岡山県里庄町大字里見1107-2",
        "指定緊急避難場所との住所同一": "1",
        "その他市町村長が必要と認める事項": null,
        "受入対象者": null,
        "備考": ""
      }
    },
    {
      "type": "Feature",
      "geometry": {
        "type": "Point",
        "coordinates": [
          133.555765,
          34.513508
        ]
      },
      "properties": {
        "NO": "1747",
        "共通ID": "E3344500024112",
        "施設・場所名": "里庄町中央公民館（老人福祉センター）",
        "住所": "岡山県里庄町大字里見1107-2",
        "指定緊急避難場所との住所同一": "1",
        "その他市町村長が必要と認める事項": null,
        "受入対象者": null,
        "備考": ""
      }
    },
    {
      "type": "Feature",
      "geometry": {
        "type": "Point",
        "coordinates": [
          133.556936,
          34.514148
        ]
      },
      "properties": {
        "NO": "1748",
        "共通ID": "E3344500024113",
        "施設・場所名": "里庄町健康福祉センター",
        "住所": "岡山県里庄町大字里見1107-2",
        "指定緊急避難場所との住所同一": "1",
        "その他市町村長が必要と認める事項": null,
        "受入対象者": null,
        "備考": ""
      }
    },
    {
      "type": "Feature",
      "geometry": {
        "type": "Point",
        "coordinates": [
          133.556271,
          34.514001
        ]
      },
      "properties": {
        "NO": "1749",
        "共通ID": "E3344500024114",
        "施設・場所名": "里庄総合文化ホール",
        "住所": "岡山県里庄町大字里見1107-2",
        "指定緊急避難場所との住所同一": "1",
        "その他市町村長が必要と認める事項": null,
        "受入対象者": null,
        "備考": ""
      }
    },
    {
      "type": "Feature",
      "geometry": {
        "type": "Point",
        "coordinates": [
          133.558832,
          34.514154
        ]
      },
      "properties": {
        "NO": "1750",
        "共通ID": "E3344500026111",
        "施設・場所名": "里庄武道館",
        "住所": "岡山県里庄町大字里見2533-1",
        "指定緊急避難場所との住所同一": "1",
        "その他市町村長が必要と認める事項": null,
        "受入対象者": null,
        "備考": ""
      }
    },
    {
      "type": "Feature",
      "geometry": {
        "type": "Point",
        "coordinates": [
          133.558116,
          34.514425
        ]
      },
      "properties": {
        "NO": "1751",
        "共通ID": "E3344500027111",
        "施設・場所名": "里庄中学校",
        "住所": "岡山県里庄町大字里見2535",
        "指定緊急避難場所との住所同一": "1",
        "その他市町村長が必要と認める事項": null,
        "受入対象者": null,
        "備考": ""
      }
    },
    {
      "type": "Feature",
      "geometry": {
        "type": "Point",
        "coordinates": [
          133.559482,
          34.513846
        ]
      },
      "properties": {
        "NO": "1752",
        "共通ID": "E3344500028121",
        "施設・場所名": "里庄町四つ葉の家",
        "住所": "岡山県里庄町大字里見2602-3",
        "指定緊急避難場所との住所同一": "",
        "その他市町村長が必要と認める事項": null,
        "受入対象者": "障がい者",
        "備考": ""
      }
    },
    {
      "type": "Feature",
      "geometry": {
        "type": "Point",
        "coordinates": [
          133.559704,
          34.513492
        ]
      },
      "properties": {
        "NO": "1753",
        "共通ID": "E3344500029111",
        "施設・場所名": "里庄町立図書館",
        "住所": "岡山県里庄町大字里見2621",
        "指定緊急避難場所との住所同一": "1",
        "その他市町村長が必要と認める事項": null,
        "受入対象者": null,
        "備考": ""
      }
    },
    {
      "type": "Feature",
      "geometry": {
        "type": "Point",
        "coordinates": [
          133.567419,
          34.526443
        ]
      },
      "properties": {
        "NO": "1754",
        "共通ID": "E3344500034111",
        "施設・場所名": "里庄東公民館",
        "住所": "岡山県里庄町大字里見6385",
        "指定緊急避難場所との住所同一": "1",
        "その他市町村長が必要と認める事項": null,
        "受入対象者": null,
        "備考": ""
      }
    },
    {
      "type": "Feature",
      "geometry": {
        "type": "Point",
        "coordinates": [
          133.568322,
          34.521299
        ]
      },
      "properties": {
        "NO": "1755",
        "共通ID": "E3344500036111",
        "施設・場所名": "里庄東幼稚園",
        "住所": "岡山県里庄町大字里見6606-3",
        "指定緊急避難場所との住所同一": "1",
        "その他市町村長が必要と認める事項": null,
        "受入対象者": null,
        "備考": ""
      }
    },
    {
      "type": "Feature",
      "geometry": {
        "type": "Point",
        "coordinates": [
          133.569177,
          34.521093
        ]
      },
      "properties": {
        "NO": "1756",
        "共通ID": "E3344500037111",
        "施設・場所名": "里庄東小学校",
        "住所": "岡山県里庄町大字里見6610",
        "指定緊急避難場所との住所同一": "1",
        "その他市町村長が必要と認める事項": null,
        "受入対象者": null,
        "備考": ""
      }
    },
    {
      "type": "Feature",
      "geometry": {
        "type": "Point",
        "coordinates": [
          133.565898,
          34.524246
        ]
      },
      "properties": {
        "NO": "1757",
        "共通ID": "E3344500040121",
        "施設・場所名": "里庄町介護老人保健施設里見川荘",
        "住所": "岡山県里庄町大字里見7350",
        "指定緊急避難場所との住所同一": "",
        "その他市町村長が必要と認める事項": "",
        "受入対象者": "高齢者",
        "備考": ""
      }
    },
    {
      "type": "Feature",
      "geometry": {
        "type": "Point",
        "coordinates": [
          134.166341,
          34.795944
        ]
      },
      "properties": {
        "NO": "1758",
        "共通ID": "E3334600002111",
        "施設・場所名": "本荘小学校",
        "住所": "岡山県和気町衣笠550",
        "指定緊急避難場所との住所同一": "1",
        "その他市町村長が必要と認める事項": null,
        "受入対象者": null,
        "備考": ""
      }
    },
    {
      "type": "Feature",
      "geometry": {
        "type": "Point",
        "coordinates": [
          134.163987,
          34.796662
        ]
      },
      "properties": {
        "NO": "1759",
        "共通ID": "E3334600004111",
        "施設・場所名": "本荘地区公民館",
        "住所": "岡山県和気町衣笠603",
        "指定緊急避難場所との住所同一": "1",
        "その他市町村長が必要と認める事項": null,
        "受入対象者": null,
        "備考": ""
      }
    },
    {
      "type": "Feature",
      "geometry": {
        "type": "Point",
        "coordinates": [
          134.144501,
          34.81329
        ]
      },
      "properties": {
        "NO": "1760",
        "共通ID": "E3334600012111",
        "施設・場所名": "和気鵜飼谷温泉",
        "住所": "岡山県和気町益原666-1",
        "指定緊急避難場所との住所同一": "1",
        "その他市町村長が必要と認める事項": null,
        "受入対象者": null,
        "備考": ""
      }
    },
    {
      "type": "Feature",
      "geometry": {
        "type": "Point",
        "coordinates": [
          134.113287,
          34.849771
        ]
      },
      "properties": {
        "NO": "1761",
        "共通ID": "E3334600022111",
        "施設・場所名": "旧山田小学校",
        "住所": "岡山県和気町岩戸799",
        "指定緊急避難場所との住所同一": "1",
        "その他市町村長が必要と認める事項": null,
        "受入対象者": null,
        "備考": ""
      }
    },
    {
      "type": "Feature",
      "geometry": {
        "type": "Point",
        "coordinates": [
          134.157503,
          34.802832
        ]
      },
      "properties": {
        "NO": "1762",
        "共通ID": "E3334600036111",
        "施設・場所名": "和気町役場本庁舎",
        "住所": "岡山県和気町尺所555",
        "指定緊急避難場所との住所同一": "1",
        "その他市町村長が必要と認める事項": null,
        "受入対象者": null,
        "備考": ""
      }
    },
    {
      "type": "Feature",
      "geometry": {
        "type": "Point",
        "coordinates": [
          134.165173,
          34.811396
        ]
      },
      "properties": {
        "NO": "1763",
        "共通ID": "E3334600042111",
        "施設・場所名": "和気中学校",
        "住所": "岡山県和気町泉375-1",
        "指定緊急避難場所との住所同一": "1",
        "その他市町村長が必要と認める事項": null,
        "受入対象者": null,
        "備考": ""
      }
    },
    {
      "type": "Feature",
      "geometry": {
        "type": "Point",
        "coordinates": [
          134.17759,
          34.810601
        ]
      },
      "properties": {
        "NO": "1764",
        "共通ID": "E3334600057111",
        "施設・場所名": "藤野会館",
        "住所": "岡山県和気町藤野1709",
        "指定緊急避難場所との住所同一": "1",
        "その他市町村長が必要と認める事項": null,
        "受入対象者": null,
        "備考": ""
      }
    },
    {
      "type": "Feature",
      "geometry": {
        "type": "Point",
        "coordinates": [
          134.174562,
          34.809248
        ]
      },
      "properties": {
        "NO": "1765",
        "共通ID": "E3334600060111",
        "施設・場所名": "藤野小学校",
        "住所": "岡山県和気町藤野429",
        "指定緊急避難場所との住所同一": "1",
        "その他市町村長が必要と認める事項": null,
        "受入対象者": null,
        "備考": ""
      }
    },
    {
      "type": "Feature",
      "geometry": {
        "type": "Point",
        "coordinates": [
          134.131604,
          34.872336
        ]
      },
      "properties": {
        "NO": "1766",
        "共通ID": "E3334600063111",
        "施設・場所名": "ロマンツェ",
        "住所": "岡山県和気町南山方144-15",
        "指定緊急避難場所との住所同一": "1",
        "その他市町村長が必要と認める事項": null,
        "受入対象者": null,
        "備考": ""
      }
    },
    {
      "type": "Feature",
      "geometry": {
        "type": "Point",
        "coordinates": [
          134.164978,
          34.842994
        ]
      },
      "properties": {
        "NO": "1767",
        "共通ID": "E3334600067111",
        "施設・場所名": "日笠小学校",
        "住所": "岡山県和気町日笠上222",
        "指定緊急避難場所との住所同一": "1",
        "その他市町村長が必要と認める事項": null,
        "受入対象者": null,
        "備考": ""
      }
    },
    {
      "type": "Feature",
      "geometry": {
        "type": "Point",
        "coordinates": [
          134.163895,
          34.84155
        ]
      },
      "properties": {
        "NO": "1768",
        "共通ID": "E3334600068111",
        "施設・場所名": "日笠地区公民館",
        "住所": "岡山県和気町日笠上86-1",
        "指定緊急避難場所との住所同一": "1",
        "その他市町村長が必要と認める事項": null,
        "受入対象者": null,
        "備考": ""
      }
    },
    {
      "type": "Feature",
      "geometry": {
        "type": "Point",
        "coordinates": [
          134.094246,
          34.844369
        ]
      },
      "properties": {
        "NO": "1769",
        "共通ID": "E3334600074111",
        "施設・場所名": "学び館「サエスタ」",
        "住所": "岡山県和気町父井原430-1",
        "指定緊急避難場所との住所同一": "1",
        "その他市町村長が必要と認める事項": null,
        "受入対象者": null,
        "備考": ""
      }
    },
    {
      "type": "Feature",
      "geometry": {
        "type": "Point",
        "coordinates": [
          134.148328,
          34.793919
        ]
      },
      "properties": {
        "NO": "1770",
        "共通ID": "E3334600077111",
        "施設・場所名": "和気町体育館",
        "住所": "岡山県和気町福富312-1",
        "指定緊急避難場所との住所同一": "1",
        "その他市町村長が必要と認める事項": null,
        "受入対象者": null,
        "備考": ""
      }
    },
    {
      "type": "Feature",
      "geometry": {
        "type": "Point",
        "coordinates": [
          134.080473,
          34.844977
        ]
      },
      "properties": {
        "NO": "1771",
        "共通ID": "E3334600082111",
        "施設・場所名": "佐伯小学校",
        "住所": "岡山県和気町米澤713",
        "指定緊急避難場所との住所同一": "1",
        "その他市町村長が必要と認める事項": null,
        "受入対象者": null,
        "備考": ""
      }
    },
    {
      "type": "Feature",
      "geometry": {
        "type": "Point",
        "coordinates": [
          134.127679,
          34.806217
        ]
      },
      "properties": {
        "NO": "1772",
        "共通ID": "E3334600087111",
        "施設・場所名": "石生地区公民館",
        "住所": "岡山県和気町本1156",
        "指定緊急避難場所との住所同一": "1",
        "その他市町村長が必要と認める事項": null,
        "受入対象者": null,
        "備考": ""
      }
    },
    {
      "type": "Feature",
      "geometry": {
        "type": "Point",
        "coordinates": [
          134.128396,
          34.805288
        ]
      },
      "properties": {
        "NO": "1773",
        "共通ID": "E3334600089111",
        "施設・場所名": "旧石生小学校（球志館）",
        "住所": "岡山県和気町本727-2",
        "指定緊急避難場所との住所同一": "1",
        "その他市町村長が必要と認める事項": null,
        "受入対象者": null,
        "備考": ""
      }
    },
    {
      "type": "Feature",
      "geometry": {
        "type": "Point",
        "coordinates": [
          134.09746,
          34.849724
        ]
      },
      "properties": {
        "NO": "1774",
        "共通ID": "E3334600090111",
        "施設・場所名": "佐伯庁舎分館",
        "住所": "岡山県和気町矢田308-1",
        "指定緊急避難場所との住所同一": "1",
        "その他市町村長が必要と認める事項": null,
        "受入対象者": null,
        "備考": ""
      }
    },
    {
      "type": "Feature",
      "geometry": {
        "type": "Point",
        "coordinates": [
          134.097399,
          34.850083
        ]
      },
      "properties": {
        "NO": "1775",
        "共通ID": "E3334600091111",
        "施設・場所名": "佐伯老人福祉センター",
        "住所": "岡山県和気町矢田311-1",
        "指定緊急避難場所との住所同一": "1",
        "その他市町村長が必要と認める事項": null,
        "受入対象者": null,
        "備考": ""
      }
    },
    {
      "type": "Feature",
      "geometry": {
        "type": "Point",
        "coordinates": [
          134.145444,
          34.804398
        ]
      },
      "properties": {
        "NO": "1776",
        "共通ID": "E3334600095111",
        "施設・場所名": "和気地区公民館",
        "住所": "岡山県和気町和気196",
        "指定緊急避難場所との住所同一": "1",
        "その他市町村長が必要と認める事項": null,
        "受入対象者": null,
        "備考": ""
      }
    },
    {
      "type": "Feature",
      "geometry": {
        "type": "Point",
        "coordinates": [
          134.145267,
          34.803659
        ]
      },
      "properties": {
        "NO": "1777",
        "共通ID": "E3334600096111",
        "施設・場所名": "和気小学校",
        "住所": "岡山県和気町和気199",
        "指定緊急避難場所との住所同一": "1",
        "その他市町村長が必要と認める事項": null,
        "受入対象者": null,
        "備考": ""
      }
    }
  ]
}