{
  "type": "FeatureCollection",
  "name": "37000_香川県",
  "features": [
    {
      "type": "Feature",
      "geometry": {
        "type": "Point",
        "coordinates": [
          134.208512,
          34.322958
        ]
      },
      "properties": {
        "NO": "1",
        "共通ID": "E3720600002111",
        "施設・場所名": "志度東体育館",
        "住所": "香川県さぬき市鴨庄2550-39",
        "指定緊急避難場所との住所同一": "1",
        "その他市町村長が必要と認める事項": "",
        "受入対象者": "",
        "備考": ""
      }
    },
    {
      "type": "Feature",
      "geometry": {
        "type": "Point",
        "coordinates": [
          134.193939,
          34.325497
        ]
      },
      "properties": {
        "NO": "2",
        "共通ID": "E3720600006111",
        "施設・場所名": "志度構造改善センター",
        "住所": "香川県さぬき市鴨庄4610-45",
        "指定緊急避難場所との住所同一": "1",
        "その他市町村長が必要と認める事項": "",
        "受入対象者": "",
        "備考": ""
      }
    },
    {
      "type": "Feature",
      "geometry": {
        "type": "Point",
        "coordinates": [
          134.208953,
          34.283542
        ]
      },
      "properties": {
        "NO": "3",
        "共通ID": "E3720600009111",
        "施設・場所名": "旧神前小学校",
        "住所": "香川県さぬき市寒川町神前1615",
        "指定緊急避難場所との住所同一": "1",
        "その他市町村長が必要と認める事項": "",
        "受入対象者": "",
        "備考": ""
      }
    },
    {
      "type": "Feature",
      "geometry": {
        "type": "Point",
        "coordinates": [
          134.20261,
          34.275946
        ]
      },
      "properties": {
        "NO": "4",
        "共通ID": "E3720600011111",
        "施設・場所名": "寒川幼稚園",
        "住所": "香川県さぬき市寒川町石田西384-1",
        "指定緊急避難場所との住所同一": "1",
        "その他市町村長が必要と認める事項": "",
        "受入対象者": "",
        "備考": ""
      }
    },
    {
      "type": "Feature",
      "geometry": {
        "type": "Point",
        "coordinates": [
          134.199469,
          34.271979
        ]
      },
      "properties": {
        "NO": "5",
        "共通ID": "E3720600012111",
        "施設・場所名": "寒川小学校",
        "住所": "香川県さぬき市寒川町石田西812-1",
        "指定緊急避難場所との住所同一": "1",
        "その他市町村長が必要と認める事項": "",
        "受入対象者": "",
        "備考": ""
      }
    },
    {
      "type": "Feature",
      "geometry": {
        "type": "Point",
        "coordinates": [
          134.211032,
          34.263145
        ]
      },
      "properties": {
        "NO": "6",
        "共通ID": "E3720600050111",
        "施設・場所名": "石田高等学校",
        "住所": "香川県さぬき市寒川町石田東甲1065",
        "指定緊急避難場所との住所同一": "1",
        "その他市町村長が必要と認める事項": "",
        "受入対象者": "",
        "備考": ""
      }
    },
    {
      "type": "Feature",
      "geometry": {
        "type": "Point",
        "coordinates": [
          134.176747,
          34.317581
        ]
      },
      "properties": {
        "NO": "7",
        "共通ID": "E3720600015111",
        "施設・場所名": "志度中学校",
        "住所": "香川県さぬき市志度2214-4",
        "指定緊急避難場所との住所同一": "1",
        "その他市町村長が必要と認める事項": "",
        "受入対象者": "",
        "備考": ""
      }
    },
    {
      "type": "Feature",
      "geometry": {
        "type": "Point",
        "coordinates": [
          134.169518,
          34.321719
        ]
      },
      "properties": {
        "NO": "8",
        "共通ID": "E3720600016111",
        "施設・場所名": "志度高等学校",
        "住所": "香川県さぬき市志度366-5",
        "指定緊急避難場所との住所同一": "1",
        "その他市町村長が必要と認める事項": "",
        "受入対象者": "",
        "備考": ""
      }
    },
    {
      "type": "Feature",
      "geometry": {
        "type": "Point",
        "coordinates": [
          134.174394,
          34.312777
        ]
      },
      "properties": {
        "NO": "9",
        "共通ID": "E3720600017111",
        "施設・場所名": "志度幼稚園",
        "住所": "香川県さぬき市志度3726-1",
        "指定緊急避難場所との住所同一": "1",
        "その他市町村長が必要と認める事項": "",
        "受入対象者": "",
        "備考": ""
      }
    },
    {
      "type": "Feature",
      "geometry": {
        "type": "Point",
        "coordinates": [
          134.175571,
          34.312691
        ]
      },
      "properties": {
        "NO": "10",
        "共通ID": "E3720600051111",
        "施設・場所名": "志度公民館",
        "住所": "香川県さぬき市志度3779-1",
        "指定緊急避難場所との住所同一": "1",
        "その他市町村長が必要と認める事項": "",
        "受入対象者": "",
        "備考": ""
      }
    },
    {
      "type": "Feature",
      "geometry": {
        "type": "Point",
        "coordinates": [
          134.18323,
          34.283787
        ]
      },
      "properties": {
        "NO": "11",
        "共通ID": "E3720600023111",
        "施設・場所名": "造田小学校",
        "住所": "香川県さぬき市造田是弘688-1",
        "指定緊急避難場所との住所同一": "1",
        "その他市町村長が必要と認める事項": "",
        "受入対象者": "",
        "備考": ""
      }
    },
    {
      "type": "Feature",
      "geometry": {
        "type": "Point",
        "coordinates": [
          134.170746,
          34.18589
        ]
      },
      "properties": {
        "NO": "12",
        "共通ID": "E3720600026111",
        "施設・場所名": "結願の里",
        "住所": "香川県さぬき市多和助光東30-1",
        "指定緊急避難場所との住所同一": "1",
        "その他市町村長が必要と認める事項": "",
        "受入対象者": "",
        "備考": ""
      }
    },
    {
      "type": "Feature",
      "geometry": {
        "type": "Point",
        "coordinates": [
          134.248897,
          34.255502
        ]
      },
      "properties": {
        "NO": "13",
        "共通ID": "E3720600028111",
        "施設・場所名": "松尾ふれあい会館",
        "住所": "香川県さぬき市大川町田面140-2",
        "指定緊急避難場所との住所同一": "1",
        "その他市町村長が必要と認める事項": "",
        "受入対象者": "",
        "備考": ""
      }
    },
    {
      "type": "Feature",
      "geometry": {
        "type": "Point",
        "coordinates": [
          134.234034,
          34.25921
        ]
      },
      "properties": {
        "NO": "14",
        "共通ID": "E3720600029111",
        "施設・場所名": "さぬき南小学校",
        "住所": "香川県さぬき市大川町南川61",
        "指定緊急避難場所との住所同一": "1",
        "その他市町村長が必要と認める事項": "",
        "受入対象者": "",
        "備考": ""
      }
    },
    {
      "type": "Feature",
      "geometry": {
        "type": "Point",
        "coordinates": [
          134.218544,
          34.267644
        ]
      },
      "properties": {
        "NO": "15",
        "共通ID": "E3720600030111",
        "施設・場所名": "さぬき南中学校",
        "住所": "香川県さぬき市大川町富田西2823-1",
        "指定緊急避難場所との住所同一": "1",
        "その他市町村長が必要と認める事項": "",
        "受入対象者": "",
        "備考": ""
      }
    },
    {
      "type": "Feature",
      "geometry": {
        "type": "Point",
        "coordinates": [
          134.176312,
          34.264115
        ]
      },
      "properties": {
        "NO": "16",
        "共通ID": "E3720600052111",
        "施設・場所名": "長尾公民館",
        "住所": "香川県さぬき市長尾東888-5",
        "指定緊急避難場所との住所同一": "1",
        "その他市町村長が必要と認める事項": "",
        "受入対象者": "",
        "備考": ""
      }
    },
    {
      "type": "Feature",
      "geometry": {
        "type": "Point",
        "coordinates": [
          134.177703,
          34.264583
        ]
      },
      "properties": {
        "NO": "17",
        "共通ID": "E3720600034111",
        "施設・場所名": "長尾小学校",
        "住所": "香川県さぬき市長尾東901-1",
        "指定緊急避難場所との住所同一": "1",
        "その他市町村長が必要と認める事項": "",
        "受入対象者": "",
        "備考": ""
      }
    },
    {
      "type": "Feature",
      "geometry": {
        "type": "Point",
        "coordinates": [
          134.251263,
          34.286764
        ]
      },
      "properties": {
        "NO": "18",
        "共通ID": "E3720600037111",
        "施設・場所名": "津田小学校",
        "住所": "香川県さぬき市津田町津田144",
        "指定緊急避難場所との住所同一": "1",
        "その他市町村長が必要と認める事項": "",
        "受入対象者": "",
        "備考": ""
      }
    },
    {
      "type": "Feature",
      "geometry": {
        "type": "Point",
        "coordinates": [
          134.244045,
          34.293004
        ]
      },
      "properties": {
        "NO": "19",
        "共通ID": "E3720600038111",
        "施設・場所名": "津田高等学校",
        "住所": "香川県さぬき市津田町津田1632-1",
        "指定緊急避難場所との住所同一": "1",
        "その他市町村長が必要と認める事項": "",
        "受入対象者": "",
        "備考": ""
      }
    },
    {
      "type": "Feature",
      "geometry": {
        "type": "Point",
        "coordinates": [
          133.84263,
          34.182073
        ]
      },
      "properties": {
        "NO": "20",
        "共通ID": "E3740600001111",
        "施設・場所名": "神野公民館",
        "住所": "香川県まんのう町岸上108",
        "指定緊急避難場所との住所同一": "1",
        "その他市町村長が必要と認める事項": null,
        "受入対象者": null,
        "備考": ""
      }
    },
    {
      "type": "Feature",
      "geometry": {
        "type": "Point",
        "coordinates": [
          133.842628,
          34.182139
        ]
      },
      "properties": {
        "NO": "21",
        "共通ID": "E3740600001112",
        "施設・場所名": "勤労青少年ホーム",
        "住所": "香川県まんのう町岸上108",
        "指定緊急避難場所との住所同一": "1",
        "その他市町村長が必要と認める事項": null,
        "受入対象者": null,
        "備考": ""
      }
    },
    {
      "type": "Feature",
      "geometry": {
        "type": "Point",
        "coordinates": [
          133.862522,
          34.182306
        ]
      },
      "properties": {
        "NO": "22",
        "共通ID": "E3740600002111",
        "施設・場所名": "吉野公民館",
        "住所": "香川県まんのう町吉野1780-1",
        "指定緊急避難場所との住所同一": "1",
        "その他市町村長が必要と認める事項": null,
        "受入対象者": null,
        "備考": ""
      }
    },
    {
      "type": "Feature",
      "geometry": {
        "type": "Point",
        "coordinates": [
          133.863528,
          34.182809
        ]
      },
      "properties": {
        "NO": "23",
        "共通ID": "E3740600003111",
        "施設・場所名": "吉野体育館",
        "住所": "香川県まんのう町吉野1932-1",
        "指定緊急避難場所との住所同一": "1",
        "その他市町村長が必要と認める事項": null,
        "受入対象者": null,
        "備考": ""
      }
    },
    {
      "type": "Feature",
      "geometry": {
        "type": "Point",
        "coordinates": [
          133.870534,
          34.173101
        ]
      },
      "properties": {
        "NO": "24",
        "共通ID": "E3740600004111",
        "施設・場所名": "かりんの丘公園",
        "住所": "香川県まんのう町吉野4314-1",
        "指定緊急避難場所との住所同一": "1",
        "その他市町村長が必要と認める事項": null,
        "受入対象者": null,
        "備考": ""
      }
    },
    {
      "type": "Feature",
      "geometry": {
        "type": "Point",
        "coordinates": [
          133.852277,
          34.184211
        ]
      },
      "properties": {
        "NO": "25",
        "共通ID": "E3740600005111",
        "施設・場所名": "満濃南小学校体育館",
        "住所": "香川県まんのう町吉野74",
        "指定緊急避難場所との住所同一": "1",
        "その他市町村長が必要と認める事項": null,
        "受入対象者": null,
        "備考": ""
      }
    },
    {
      "type": "Feature",
      "geometry": {
        "type": "Point",
        "coordinates": [
          133.838393,
          34.1949
        ]
      },
      "properties": {
        "NO": "26",
        "共通ID": "E3740600006111",
        "施設・場所名": "四条公民館",
        "住所": "香川県まんのう町吉野下281-1",
        "指定緊急避難場所との住所同一": "1",
        "その他市町村長が必要と認める事項": null,
        "受入対象者": null,
        "備考": ""
      }
    },
    {
      "type": "Feature",
      "geometry": {
        "type": "Point",
        "coordinates": [
          133.841374,
          34.192656
        ]
      },
      "properties": {
        "NO": "27",
        "共通ID": "E3740600007111",
        "施設・場所名": "まんのう町防災センター",
        "住所": "香川県まんのう町吉野下430",
        "指定緊急避難場所との住所同一": "1",
        "その他市町村長が必要と認める事項": null,
        "受入対象者": null,
        "備考": ""
      }
    },
    {
      "type": "Feature",
      "geometry": {
        "type": "Point",
        "coordinates": [
          133.84768,
          34.188023
        ]
      },
      "properties": {
        "NO": "28",
        "共通ID": "E3740600008111",
        "施設・場所名": "スポーツセンターまんのう",
        "住所": "香川県まんのう町吉野下957",
        "指定緊急避難場所との住所同一": "1",
        "その他市町村長が必要と認める事項": null,
        "受入対象者": null,
        "備考": ""
      }
    },
    {
      "type": "Feature",
      "geometry": {
        "type": "Point",
        "coordinates": [
          133.827987,
          34.169443
        ]
      },
      "properties": {
        "NO": "29",
        "共通ID": "E3740600009111",
        "施設・場所名": "仲南北体育館",
        "住所": "香川県まんのう町宮田750-4",
        "指定緊急避難場所との住所同一": "1",
        "その他市町村長が必要と認める事項": null,
        "受入対象者": null,
        "備考": ""
      }
    },
    {
      "type": "Feature",
      "geometry": {
        "type": "Point",
        "coordinates": [
          133.838632,
          34.193879
        ]
      },
      "properties": {
        "NO": "30",
        "共通ID": "E3740600010111",
        "施設・場所名": "四条小学校体育館",
        "住所": "香川県まんのう町四條732",
        "指定緊急避難場所との住所同一": "1",
        "その他市町村長が必要と認める事項": null,
        "受入対象者": null,
        "備考": ""
      }
    },
    {
      "type": "Feature",
      "geometry": {
        "type": "Point",
        "coordinates": [
          133.854337,
          34.150433
        ]
      },
      "properties": {
        "NO": "31",
        "共通ID": "E3740600012111",
        "施設・場所名": "仲南東体育館",
        "住所": "香川県まんのう町七箇2529",
        "指定緊急避難場所との住所同一": "1",
        "その他市町村長が必要と認める事項": null,
        "受入対象者": null,
        "備考": ""
      }
    },
    {
      "type": "Feature",
      "geometry": {
        "type": "Point",
        "coordinates": [
          133.837682,
          34.154885
        ]
      },
      "properties": {
        "NO": "32",
        "共通ID": "E3740600013111",
        "施設・場所名": "仲南公民館",
        "住所": "香川県まんのう町生間415-1",
        "指定緊急避難場所との住所同一": "1",
        "その他市町村長が必要と認める事項": null,
        "受入対象者": null,
        "備考": ""
      }
    },
    {
      "type": "Feature",
      "geometry": {
        "type": "Point",
        "coordinates": [
          133.838241,
          34.154746
        ]
      },
      "properties": {
        "NO": "33",
        "共通ID": "E3740600013112",
        "施設・場所名": "仲南支所",
        "住所": "香川県まんのう町生間415-1",
        "指定緊急避難場所との住所同一": "1",
        "その他市町村長が必要と認める事項": null,
        "受入対象者": null,
        "備考": ""
      }
    },
    {
      "type": "Feature",
      "geometry": {
        "type": "Point",
        "coordinates": [
          133.977627,
          34.111175
        ]
      },
      "properties": {
        "NO": "34",
        "共通ID": "E3740600014111",
        "施設・場所名": "琴南総合センター",
        "住所": "香川県まんのう町川東1496-1",
        "指定緊急避難場所との住所同一": "1",
        "その他市町村長が必要と認める事項": null,
        "受入対象者": null,
        "備考": ""
      }
    },
    {
      "type": "Feature",
      "geometry": {
        "type": "Point",
        "coordinates": [
          134.026543,
          34.106738
        ]
      },
      "properties": {
        "NO": "35",
        "共通ID": "E3740600015111",
        "施設・場所名": "琴南高齢者コミュニティーセンター",
        "住所": "香川県まんのう町川東2748-6",
        "指定緊急避難場所との住所同一": "1",
        "その他市町村長が必要と認める事項": null,
        "受入対象者": null,
        "備考": ""
      }
    },
    {
      "type": "Feature",
      "geometry": {
        "type": "Point",
        "coordinates": [
          133.972926,
          34.121348
        ]
      },
      "properties": {
        "NO": "36",
        "共通ID": "E3740600016111",
        "施設・場所名": "琴南東体育館",
        "住所": "香川県まんのう町川東919",
        "指定緊急避難場所との住所同一": "1",
        "その他市町村長が必要と認める事項": null,
        "受入対象者": null,
        "備考": ""
      }
    },
    {
      "type": "Feature",
      "geometry": {
        "type": "Point",
        "coordinates": [
          133.924361,
          34.164673
        ]
      },
      "properties": {
        "NO": "37",
        "共通ID": "E3740600017112",
        "施設・場所名": "琴南支所",
        "住所": "香川県まんのう町造田1974-1",
        "指定緊急避難場所との住所同一": "1",
        "その他市町村長が必要と認める事項": null,
        "受入対象者": null,
        "備考": ""
      }
    },
    {
      "type": "Feature",
      "geometry": {
        "type": "Point",
        "coordinates": [
          133.924189,
          34.164043
        ]
      },
      "properties": {
        "NO": "38",
        "共通ID": "E3740600017111",
        "施設・場所名": "琴南農村環境改善センター",
        "住所": "香川県まんのう町造田1974-1",
        "指定緊急避難場所との住所同一": "1",
        "その他市町村長が必要と認める事項": null,
        "受入対象者": null,
        "備考": ""
      }
    },
    {
      "type": "Feature",
      "geometry": {
        "type": "Point",
        "coordinates": [
          133.925738,
          34.164634
        ]
      },
      "properties": {
        "NO": "39",
        "共通ID": "E3740600018111",
        "施設・場所名": "琴南小学校体育館",
        "住所": "香川県まんのう町造田1984-1",
        "指定緊急避難場所との住所同一": "1",
        "その他市町村長が必要と認める事項": null,
        "受入対象者": null,
        "備考": ""
      }
    },
    {
      "type": "Feature",
      "geometry": {
        "type": "Point",
        "coordinates": [
          133.880938,
          34.183214
        ]
      },
      "properties": {
        "NO": "40",
        "共通ID": "E3740600019111",
        "施設・場所名": "長炭小学校体育館",
        "住所": "香川県まんのう町炭所西1431-2",
        "指定緊急避難場所との住所同一": "1",
        "その他市町村長が必要と認める事項": null,
        "受入対象者": null,
        "備考": ""
      }
    },
    {
      "type": "Feature",
      "geometry": {
        "type": "Point",
        "coordinates": [
          133.882554,
          34.182129
        ]
      },
      "properties": {
        "NO": "41",
        "共通ID": "E3740600020111",
        "施設・場所名": "長炭地区活性化センター",
        "住所": "香川県まんのう町炭所西774",
        "指定緊急避難場所との住所同一": "1",
        "その他市町村長が必要と認める事項": null,
        "受入対象者": null,
        "備考": ""
      }
    },
    {
      "type": "Feature",
      "geometry": {
        "type": "Point",
        "coordinates": [
          133.959319,
          34.143123
        ]
      },
      "properties": {
        "NO": "42",
        "共通ID": "E3740600021111",
        "施設・場所名": "旧琴南中学校体育館",
        "住所": "香川県まんのう町中通838",
        "指定緊急避難場所との住所同一": "1",
        "その他市町村長が必要と認める事項": null,
        "受入対象者": null,
        "備考": ""
      }
    },
    {
      "type": "Feature",
      "geometry": {
        "type": "Point",
        "coordinates": [
          133.960231,
          34.141838
        ]
      },
      "properties": {
        "NO": "43",
        "共通ID": "E3740600022111",
        "施設・場所名": "琴南公民館",
        "住所": "香川県まんのう町中通875",
        "指定緊急避難場所との住所同一": "1",
        "その他市町村長が必要と認める事項": null,
        "受入対象者": null,
        "備考": ""
      }
    },
    {
      "type": "Feature",
      "geometry": {
        "type": "Point",
        "coordinates": [
          133.81761,
          34.134556
        ]
      },
      "properties": {
        "NO": "44",
        "共通ID": "E3740600023111",
        "施設・場所名": "仲南西体育館",
        "住所": "香川県まんのう町追上20",
        "指定緊急避難場所との住所同一": "1",
        "その他市町村長が必要と認める事項": null,
        "受入対象者": null,
        "備考": ""
      }
    },
    {
      "type": "Feature",
      "geometry": {
        "type": "Point",
        "coordinates": [
          133.828998,
          34.214261
        ]
      },
      "properties": {
        "NO": "45",
        "共通ID": "E3740600024111",
        "施設・場所名": "高篠小学校体育館",
        "住所": "香川県まんのう町東高篠139",
        "指定緊急避難場所との住所同一": "1",
        "その他市町村長が必要と認める事項": "",
        "受入対象者": "",
        "備考": ""
      }
    },
    {
      "type": "Feature",
      "geometry": {
        "type": "Point",
        "coordinates": [
          133.827144,
          34.214917
        ]
      },
      "properties": {
        "NO": "46",
        "共通ID": "E3740600025111",
        "施設・場所名": "高篠公民館",
        "住所": "香川県まんのう町東高篠93-1",
        "指定緊急避難場所との住所同一": "1",
        "その他市町村長が必要と認める事項": null,
        "受入対象者": null,
        "備考": ""
      }
    },
    {
      "type": "Feature",
      "geometry": {
        "type": "Point",
        "coordinates": [
          133.83992,
          34.153928
        ]
      },
      "properties": {
        "NO": "47",
        "共通ID": "E3740600026111",
        "施設・場所名": "仲南小学校体育館",
        "住所": "香川県まんのう町帆山743",
        "指定緊急避難場所との住所同一": "1",
        "その他市町村長が必要と認める事項": "",
        "受入対象者": "",
        "備考": ""
      }
    },
    {
      "type": "Feature",
      "geometry": {
        "type": "Point",
        "coordinates": [
          133.825741,
          34.310733
        ]
      },
      "properties": {
        "NO": "48",
        "共通ID": "E3738600011111",
        "施設・場所名": "保健センター",
        "住所": "香川県宇多津町1881",
        "指定緊急避難場所との住所同一": "1",
        "その他市町村長が必要と認める事項": null,
        "受入対象者": null,
        "備考": ""
      }
    },
    {
      "type": "Feature",
      "geometry": {
        "type": "Point",
        "coordinates": [
          133.825788,
          34.3107
        ]
      },
      "properties": {
        "NO": "49",
        "共通ID": "E3738600011121",
        "施設・場所名": "保健センター",
        "住所": "香川県宇多津町1881",
        "指定緊急避難場所との住所同一": "1",
        "その他市町村長が必要と認める事項": null,
        "受入対象者": null,
        "備考": ""
      }
    },
    {
      "type": "Feature",
      "geometry": {
        "type": "Point",
        "coordinates": [
          133.836492,
          34.308217
        ]
      },
      "properties": {
        "NO": "50",
        "共通ID": "E3738600029111",
        "施設・場所名": "宇多津中学校",
        "住所": "香川県宇多津町3302",
        "指定緊急避難場所との住所同一": "1",
        "その他市町村長が必要と認める事項": null,
        "受入対象者": null,
        "備考": ""
      }
    },
    {
      "type": "Feature",
      "geometry": {
        "type": "Point",
        "coordinates": [
          133.836547,
          34.308779
        ]
      },
      "properties": {
        "NO": "51",
        "共通ID": "E3738600030111",
        "施設・場所名": "デュアル・スポーツセンター",
        "住所": "香川県宇多津町3390-1",
        "指定緊急避難場所との住所同一": "1",
        "その他市町村長が必要と認める事項": null,
        "受入対象者": null,
        "備考": ""
      }
    },
    {
      "type": "Feature",
      "geometry": {
        "type": "Point",
        "coordinates": [
          133.835937,
          34.303246
        ]
      },
      "properties": {
        "NO": "52",
        "共通ID": "E3738600034111",
        "施設・場所名": "宇多津小学校",
        "住所": "香川県宇多津町815",
        "指定緊急避難場所との住所同一": "1",
        "その他市町村長が必要と認める事項": null,
        "受入対象者": null,
        "備考": ""
      }
    },
    {
      "type": "Feature",
      "geometry": {
        "type": "Point",
        "coordinates": [
          133.835181,
          34.303653
        ]
      },
      "properties": {
        "NO": "53",
        "共通ID": "E3738600035111",
        "施設・場所名": "町民体育館",
        "住所": "香川県宇多津町815-1",
        "指定緊急避難場所との住所同一": "1",
        "その他市町村長が必要と認める事項": null,
        "受入対象者": null,
        "備考": ""
      }
    },
    {
      "type": "Feature",
      "geometry": {
        "type": "Point",
        "coordinates": [
          133.819445,
          34.31016
        ]
      },
      "properties": {
        "NO": "54",
        "共通ID": "E3738600045111",
        "施設・場所名": "宇多津北小学校",
        "住所": "香川県宇多津町浜八番丁115",
        "指定緊急避難場所との住所同一": "1",
        "その他市町村長が必要と認める事項": null,
        "受入対象者": null,
        "備考": ""
      }
    },
    {
      "type": "Feature",
      "geometry": {
        "type": "Point",
        "coordinates": [
          133.700862,
          34.095509
        ]
      },
      "properties": {
        "NO": "55",
        "共通ID": "E3720500001111",
        "施設・場所名": "粟井小学校（体育館）",
        "住所": "香川県観音寺市粟井町1452",
        "指定緊急避難場所との住所同一": "1",
        "その他市町村長が必要と認める事項": null,
        "受入対象者": null,
        "備考": ""
      }
    },
    {
      "type": "Feature",
      "geometry": {
        "type": "Point",
        "coordinates": [
          133.700985,
          34.094945
        ]
      },
      "properties": {
        "NO": "56",
        "共通ID": "E3720500002111",
        "施設・場所名": "粟井公民館",
        "住所": "香川県観音寺市粟井町1516",
        "指定緊急避難場所との住所同一": "1",
        "その他市町村長が必要と認める事項": null,
        "受入対象者": null,
        "備考": ""
      }
    },
    {
      "type": "Feature",
      "geometry": {
        "type": "Point",
        "coordinates": [
          133.533068,
          34.128004
        ]
      },
      "properties": {
        "NO": "57",
        "共通ID": "E3720500004111",
        "施設・場所名": "伊吹支所",
        "住所": "香川県観音寺市伊吹町209-2",
        "指定緊急避難場所との住所同一": "1",
        "その他市町村長が必要と認める事項": null,
        "受入対象者": null,
        "備考": ""
      }
    },
    {
      "type": "Feature",
      "geometry": {
        "type": "Point",
        "coordinates": [
          133.534735,
          34.128288
        ]
      },
      "properties": {
        "NO": "58",
        "共通ID": "E3720500005111",
        "施設・場所名": "伊吹公民館",
        "住所": "香川県観音寺市伊吹町263",
        "指定緊急避難場所との住所同一": "",
        "その他市町村長が必要と認める事項": null,
        "受入対象者": null,
        "備考": ""
      }
    },
    {
      "type": "Feature",
      "geometry": {
        "type": "Point",
        "coordinates": [
          133.537763,
          34.128243
        ]
      },
      "properties": {
        "NO": "59",
        "共通ID": "E3720500006111",
        "施設・場所名": "伊吹保育所",
        "住所": "香川県観音寺市伊吹町486-1",
        "指定緊急避難場所との住所同一": "",
        "その他市町村長が必要と認める事項": null,
        "受入対象者": null,
        "備考": ""
      }
    },
    {
      "type": "Feature",
      "geometry": {
        "type": "Point",
        "coordinates": [
          133.539352,
          34.129096
        ]
      },
      "properties": {
        "NO": "60",
        "共通ID": "E3720500007111",
        "施設・場所名": "伊吹中学校・小学校（体育館）",
        "住所": "香川県観音寺市伊吹町549",
        "指定緊急避難場所との住所同一": "1",
        "その他市町村長が必要と認める事項": null,
        "受入対象者": null,
        "備考": ""
      }
    },
    {
      "type": "Feature",
      "geometry": {
        "type": "Point",
        "coordinates": [
          133.648668,
          34.126535
        ]
      },
      "properties": {
        "NO": "61",
        "共通ID": "E3720500009111",
        "施設・場所名": "観音寺小学校（体育館）",
        "住所": "香川県観音寺市観音寺町甲2558-1",
        "指定緊急避難場所との住所同一": "1",
        "その他市町村長が必要と認める事項": "",
        "受入対象者": "",
        "備考": ""
      }
    },
    {
      "type": "Feature",
      "geometry": {
        "type": "Point",
        "coordinates": [
          133.649193,
          34.125414
        ]
      },
      "properties": {
        "NO": "62",
        "共通ID": "E3720500010111",
        "施設・場所名": "観音寺こども園",
        "住所": "香川県観音寺市観音寺町甲2558-2",
        "指定緊急避難場所との住所同一": "",
        "その他市町村長が必要と認める事項": "",
        "受入対象者": "",
        "備考": ""
      }
    },
    {
      "type": "Feature",
      "geometry": {
        "type": "Point",
        "coordinates": [
          133.650864,
          34.126365
        ]
      },
      "properties": {
        "NO": "63",
        "共通ID": "E3720500012111",
        "施設・場所名": "観音寺南公民館",
        "住所": "香川県観音寺市観音寺町甲2942-1",
        "指定緊急避難場所との住所同一": "",
        "その他市町村長が必要と認める事項": null,
        "受入対象者": null,
        "備考": ""
      }
    },
    {
      "type": "Feature",
      "geometry": {
        "type": "Point",
        "coordinates": [
          133.651224,
          34.126077
        ]
      },
      "properties": {
        "NO": "64",
        "共通ID": "E3720500013121",
        "施設・場所名": "鶴亀ハウス",
        "住所": "香川県観音寺市観音寺町甲2972-7",
        "指定緊急避難場所との住所同一": "1",
        "その他市町村長が必要と認める事項": null,
        "受入対象者": null,
        "備考": ""
      }
    },
    {
      "type": "Feature",
      "geometry": {
        "type": "Point",
        "coordinates": [
          133.692908,
          34.10633
        ]
      },
      "properties": {
        "NO": "65",
        "共通ID": "E3720500015121",
        "施設・場所名": "介護老人保健施設はがみ苑",
        "住所": "香川県観音寺市原町1273-3",
        "指定緊急避難場所との住所同一": "",
        "その他市町村長が必要と認める事項": null,
        "受入対象者": null,
        "備考": ""
      }
    },
    {
      "type": "Feature",
      "geometry": {
        "type": "Point",
        "coordinates": [
          133.702552,
          34.110586
        ]
      },
      "properties": {
        "NO": "66",
        "共通ID": "E3720500016111",
        "施設・場所名": "豊田公民館",
        "住所": "香川県観音寺市原町270-1",
        "指定緊急避難場所との住所同一": "1",
        "その他市町村長が必要と認める事項": null,
        "受入対象者": null,
        "備考": ""
      }
    },
    {
      "type": "Feature",
      "geometry": {
        "type": "Point",
        "coordinates": [
          133.697784,
          34.129247
        ]
      },
      "properties": {
        "NO": "67",
        "共通ID": "E3720500017111",
        "施設・場所名": "一ノ谷小学校（体育館）",
        "住所": "香川県観音寺市古川町102-1",
        "指定緊急避難場所との住所同一": "1",
        "その他市町村長が必要と認める事項": null,
        "受入対象者": null,
        "備考": ""
      }
    },
    {
      "type": "Feature",
      "geometry": {
        "type": "Point",
        "coordinates": [
          133.698259,
          34.130089
        ]
      },
      "properties": {
        "NO": "68",
        "共通ID": "E3720500018111",
        "施設・場所名": "旧一ノ谷幼稚園",
        "住所": "香川県観音寺市古川町117-1",
        "指定緊急避難場所との住所同一": "",
        "その他市町村長が必要と認める事項": null,
        "受入対象者": null,
        "備考": ""
      }
    },
    {
      "type": "Feature",
      "geometry": {
        "type": "Point",
        "coordinates": [
          133.698881,
          34.129724
        ]
      },
      "properties": {
        "NO": "69",
        "共通ID": "E3720500019111",
        "施設・場所名": "一ノ谷公民館",
        "住所": "香川県観音寺市古川町85-1",
        "指定緊急避難場所との住所同一": "1",
        "その他市町村長が必要と認める事項": null,
        "受入対象者": null,
        "備考": ""
      }
    },
    {
      "type": "Feature",
      "geometry": {
        "type": "Point",
        "coordinates": [
          133.654548,
          34.146773
        ]
      },
      "properties": {
        "NO": "70",
        "共通ID": "E3720500020111",
        "施設・場所名": "高室小学校（体育館）",
        "住所": "香川県観音寺市高屋町1877-1",
        "指定緊急避難場所との住所同一": "1",
        "その他市町村長が必要と認める事項": null,
        "受入対象者": null,
        "備考": ""
      }
    },
    {
      "type": "Feature",
      "geometry": {
        "type": "Point",
        "coordinates": [
          133.655612,
          34.146717
        ]
      },
      "properties": {
        "NO": "71",
        "共通ID": "E3720500021111",
        "施設・場所名": "旧高室幼稚園",
        "住所": "香川県観音寺市高屋町1895",
        "指定緊急避難場所との住所同一": "",
        "その他市町村長が必要と認める事項": null,
        "受入対象者": null,
        "備考": ""
      }
    },
    {
      "type": "Feature",
      "geometry": {
        "type": "Point",
        "coordinates": [
          133.654285,
          34.145788
        ]
      },
      "properties": {
        "NO": "72",
        "共通ID": "E3720500022111",
        "施設・場所名": "高室公民館",
        "住所": "香川県観音寺市高屋町884",
        "指定緊急避難場所との住所同一": "1",
        "その他市町村長が必要と認める事項": null,
        "受入対象者": null,
        "備考": ""
      }
    },
    {
      "type": "Feature",
      "geometry": {
        "type": "Point",
        "coordinates": [
          133.66223,
          34.127863
        ]
      },
      "properties": {
        "NO": "73",
        "共通ID": "E3720500023111",
        "施設・場所名": "働く婦人の家",
        "住所": "香川県観音寺市坂本町1-1-1",
        "指定緊急避難場所との住所同一": "",
        "その他市町村長が必要と認める事項": null,
        "受入対象者": null,
        "備考": ""
      }
    },
    {
      "type": "Feature",
      "geometry": {
        "type": "Point",
        "coordinates": [
          133.661893,
          34.129106
        ]
      },
      "properties": {
        "NO": "74",
        "共通ID": "E3720500023113",
        "施設・場所名": "観音寺中央図書館",
        "住所": "香川県観音寺市坂本町1-1-1",
        "指定緊急避難場所との住所同一": "",
        "その他市町村長が必要と認める事項": null,
        "受入対象者": null,
        "備考": ""
      }
    },
    {
      "type": "Feature",
      "geometry": {
        "type": "Point",
        "coordinates": [
          133.661975,
          34.127688
        ]
      },
      "properties": {
        "NO": "75",
        "共通ID": "E3720500023112",
        "施設・場所名": "共同福祉施設",
        "住所": "香川県観音寺市坂本町1-1-1",
        "指定緊急避難場所との住所同一": "",
        "その他市町村長が必要と認める事項": null,
        "受入対象者": null,
        "備考": ""
      }
    },
    {
      "type": "Feature",
      "geometry": {
        "type": "Point",
        "coordinates": [
          133.661898,
          34.129422
        ]
      },
      "properties": {
        "NO": "76",
        "共通ID": "E3720500024111",
        "施設・場所名": "観音寺商工会議所",
        "住所": "香川県観音寺市坂本町1-1-25",
        "指定緊急避難場所との住所同一": "1",
        "その他市町村長が必要と認める事項": null,
        "受入対象者": null,
        "備考": ""
      }
    },
    {
      "type": "Feature",
      "geometry": {
        "type": "Point",
        "coordinates": [
          133.658855,
          34.126482
        ]
      },
      "properties": {
        "NO": "77",
        "共通ID": "E3720500026111",
        "施設・場所名": "ふれあい文化センター",
        "住所": "香川県観音寺市坂本町7-14-77",
        "指定緊急避難場所との住所同一": "",
        "その他市町村長が必要と認める事項": null,
        "受入対象者": null,
        "備考": ""
      }
    },
    {
      "type": "Feature",
      "geometry": {
        "type": "Point",
        "coordinates": [
          133.645628,
          34.153744
        ]
      },
      "properties": {
        "NO": "78",
        "共通ID": "E3720500029111",
        "施設・場所名": "室本公民館",
        "住所": "香川県観音寺市室本町311-3",
        "指定緊急避難場所との住所同一": "",
        "その他市町村長が必要と認める事項": null,
        "受入対象者": null,
        "備考": ""
      }
    },
    {
      "type": "Feature",
      "geometry": {
        "type": "Point",
        "coordinates": [
          133.677216,
          34.113395
        ]
      },
      "properties": {
        "NO": "79",
        "共通ID": "E3720500031121",
        "施設・場所名": "香川西部養護学校",
        "住所": "香川県観音寺市出作町712",
        "指定緊急避難場所との住所同一": "",
        "その他市町村長が必要と認める事項": null,
        "受入対象者": null,
        "備考": ""
      }
    },
    {
      "type": "Feature",
      "geometry": {
        "type": "Point",
        "coordinates": [
          133.67583,
          34.120913
        ]
      },
      "properties": {
        "NO": "80",
        "共通ID": "E3720500032111",
        "施設・場所名": "観音寺中部こども園",
        "住所": "香川県観音寺市植田町1217-3",
        "指定緊急避難場所との住所同一": "",
        "その他市町村長が必要と認める事項": "",
        "受入対象者": "",
        "備考": ""
      }
    },
    {
      "type": "Feature",
      "geometry": {
        "type": "Point",
        "coordinates": [
          133.675971,
          34.127027
        ]
      },
      "properties": {
        "NO": "81",
        "共通ID": "E3720500033111",
        "施設・場所名": "常磐小学校（体育館）",
        "住所": "香川県観音寺市植田町365",
        "指定緊急避難場所との住所同一": "1",
        "その他市町村長が必要と認める事項": null,
        "受入対象者": null,
        "備考": ""
      }
    },
    {
      "type": "Feature",
      "geometry": {
        "type": "Point",
        "coordinates": [
          133.676096,
          34.124551
        ]
      },
      "properties": {
        "NO": "82",
        "共通ID": "E3720500034111",
        "施設・場所名": "常磐公民館",
        "住所": "香川県観音寺市植田町458-3",
        "指定緊急避難場所との住所同一": "",
        "その他市町村長が必要と認める事項": null,
        "受入対象者": null,
        "備考": ""
      }
    },
    {
      "type": "Feature",
      "geometry": {
        "type": "Point",
        "coordinates": [
          133.701926,
          34.108842
        ]
      },
      "properties": {
        "NO": "83",
        "共通ID": "E3720500102112",
        "施設・場所名": "笑いの家とよた",
        "住所": "香川県観音寺市新田町1385-4",
        "指定緊急避難場所との住所同一": "",
        "その他市町村長が必要と認める事項": "",
        "受入対象者": "",
        "備考": ""
      }
    },
    {
      "type": "Feature",
      "geometry": {
        "type": "Point",
        "coordinates": [
          133.702245,
          34.109776
        ]
      },
      "properties": {
        "NO": "84",
        "共通ID": "E3720500035111",
        "施設・場所名": "豊田小学校（体育館）",
        "住所": "香川県観音寺市新田町1413",
        "指定緊急避難場所との住所同一": "1",
        "その他市町村長が必要と認める事項": null,
        "受入対象者": null,
        "備考": ""
      }
    },
    {
      "type": "Feature",
      "geometry": {
        "type": "Point",
        "coordinates": [
          133.637984,
          34.118671
        ]
      },
      "properties": {
        "NO": "85",
        "共通ID": "E3720500036111",
        "施設・場所名": "株式会社総合開発リネンサプライ事業",
        "住所": "香川県観音寺市瀬戸町4-1-7",
        "指定緊急避難場所との住所同一": "1",
        "その他市町村長が必要と認める事項": null,
        "受入対象者": null,
        "備考": ""
      }
    },
    {
      "type": "Feature",
      "geometry": {
        "type": "Point",
        "coordinates": [
          133.666135,
          34.132984
        ]
      },
      "properties": {
        "NO": "86",
        "共通ID": "E3720500038121",
        "施設・場所名": "介護老人保健施設観音寺ケアセンター",
        "住所": "香川県観音寺市村黒町739",
        "指定緊急避難場所との住所同一": "",
        "その他市町村長が必要と認める事項": null,
        "受入対象者": null,
        "備考": ""
      }
    },
    {
      "type": "Feature",
      "geometry": {
        "type": "Point",
        "coordinates": [
          133.659396,
          34.08469
        ]
      },
      "properties": {
        "NO": "87",
        "共通ID": "E3720500103111",
        "施設・場所名": "大野原こども園",
        "住所": "香川県観音寺市大野原町1675-1",
        "指定緊急避難場所との住所同一": "",
        "その他市町村長が必要と認める事項": "",
        "受入対象者": "",
        "備考": ""
      }
    },
    {
      "type": "Feature",
      "geometry": {
        "type": "Point",
        "coordinates": [
          133.647371,
          34.095397
        ]
      },
      "properties": {
        "NO": "88",
        "共通ID": "E3720500040111",
        "施設・場所名": "花稲研修センター",
        "住所": "香川県観音寺市大野原町花稲890-1",
        "指定緊急避難場所との住所同一": "",
        "その他市町村長が必要と認める事項": null,
        "受入対象者": null,
        "備考": ""
      }
    },
    {
      "type": "Feature",
      "geometry": {
        "type": "Point",
        "coordinates": [
          133.698743,
          34.089889
        ]
      },
      "properties": {
        "NO": "89",
        "共通ID": "E3720500041111",
        "施設・場所名": "燧望苑",
        "住所": "香川県観音寺市大野原町丸井1183",
        "指定緊急避難場所との住所同一": "1",
        "その他市町村長が必要と認める事項": null,
        "受入対象者": null,
        "備考": ""
      }
    },
    {
      "type": "Feature",
      "geometry": {
        "type": "Point",
        "coordinates": [
          133.690458,
          34.093852
        ]
      },
      "properties": {
        "NO": "90",
        "共通ID": "E3720500042111",
        "施設・場所名": "旧紀伊小学校（体育館）",
        "住所": "香川県観音寺市大野原町丸井313",
        "指定緊急避難場所との住所同一": "1",
        "その他市町村長が必要と認める事項": null,
        "受入対象者": null,
        "備考": ""
      }
    },
    {
      "type": "Feature",
      "geometry": {
        "type": "Point",
        "coordinates": [
          133.664198,
          34.084286
        ]
      },
      "properties": {
        "NO": "91",
        "共通ID": "E3720500043111",
        "施設・場所名": "大野原中央公民館",
        "住所": "香川県観音寺市大野原町大野原1260-1",
        "指定緊急避難場所との住所同一": "",
        "その他市町村長が必要と認める事項": null,
        "受入対象者": null,
        "備考": ""
      }
    },
    {
      "type": "Feature",
      "geometry": {
        "type": "Point",
        "coordinates": [
          133.664724,
          34.084185
        ]
      },
      "properties": {
        "NO": "92",
        "共通ID": "E3720500044111",
        "施設・場所名": "大野原いきいきセンター",
        "住所": "香川県観音寺市大野原町大野原1265",
        "指定緊急避難場所との住所同一": "",
        "その他市町村長が必要と認める事項": null,
        "受入対象者": null,
        "備考": ""
      }
    },
    {
      "type": "Feature",
      "geometry": {
        "type": "Point",
        "coordinates": [
          133.664862,
          34.083839
        ]
      },
      "properties": {
        "NO": "93",
        "共通ID": "E3720500045111",
        "施設・場所名": "大野原交流センター",
        "住所": "香川県観音寺市大野原町大野原1267-1",
        "指定緊急避難場所との住所同一": "",
        "その他市町村長が必要と認める事項": null,
        "受入対象者": null,
        "備考": ""
      }
    },
    {
      "type": "Feature",
      "geometry": {
        "type": "Point",
        "coordinates": [
          133.664145,
          34.083319
        ]
      },
      "properties": {
        "NO": "94",
        "共通ID": "E3720500046111",
        "施設・場所名": "大野原中央集会場",
        "住所": "香川県観音寺市大野原町大野原1349",
        "指定緊急避難場所との住所同一": "",
        "その他市町村長が必要と認める事項": null,
        "受入対象者": null,
        "備考": ""
      }
    },
    {
      "type": "Feature",
      "geometry": {
        "type": "Point",
        "coordinates": [
          133.663589,
          34.083731
        ]
      },
      "properties": {
        "NO": "95",
        "共通ID": "E3720500047111",
        "施設・場所名": "大野原勤労青少年ホーム",
        "住所": "香川県観音寺市大野原町大野原1368-1",
        "指定緊急避難場所との住所同一": "",
        "その他市町村長が必要と認める事項": null,
        "受入対象者": null,
        "備考": ""
      }
    },
    {
      "type": "Feature",
      "geometry": {
        "type": "Point",
        "coordinates": [
          133.658699,
          34.08366
        ]
      },
      "properties": {
        "NO": "96",
        "共通ID": "E3720500048111",
        "施設・場所名": "萩の湯",
        "住所": "香川県観音寺市大野原町大野原1509",
        "指定緊急避難場所との住所同一": "",
        "その他市町村長が必要と認める事項": null,
        "受入対象者": null,
        "備考": ""
      }
    },
    {
      "type": "Feature",
      "geometry": {
        "type": "Point",
        "coordinates": [
          133.664219,
          34.086197
        ]
      },
      "properties": {
        "NO": "97",
        "共通ID": "E3720500052111",
        "施設・場所名": "大野原農業者トレーニングセンター",
        "住所": "香川県観音寺市大野原町大野原1994",
        "指定緊急避難場所との住所同一": "1",
        "その他市町村長が必要と認める事項": null,
        "受入対象者": null,
        "備考": ""
      }
    },
    {
      "type": "Feature",
      "geometry": {
        "type": "Point",
        "coordinates": [
          133.664998,
          34.073315
        ]
      },
      "properties": {
        "NO": "98",
        "共通ID": "E3720500053121",
        "施設・場所名": "特別養護老人ホームおおとよ荘",
        "住所": "香川県観音寺市大野原町大野原7010",
        "指定緊急避難場所との住所同一": "",
        "その他市町村長が必要と認める事項": null,
        "受入対象者": null,
        "備考": ""
      }
    },
    {
      "type": "Feature",
      "geometry": {
        "type": "Point",
        "coordinates": [
          133.668474,
          34.087569
        ]
      },
      "properties": {
        "NO": "99",
        "共通ID": "E3720500054112",
        "施設・場所名": "大野原中学校（体育館）",
        "住所": "香川県観音寺市大野原町中姫1189-3",
        "指定緊急避難場所との住所同一": "1",
        "その他市町村長が必要と認める事項": null,
        "受入対象者": null,
        "備考": ""
      }
    },
    {
      "type": "Feature",
      "geometry": {
        "type": "Point",
        "coordinates": [
          133.668922,
          34.087307
        ]
      },
      "properties": {
        "NO": "100",
        "共通ID": "E3720500054111",
        "施設・場所名": "大野原中学校（武道場）",
        "住所": "香川県観音寺市大野原町中姫1189-3",
        "指定緊急避難場所との住所同一": "1",
        "その他市町村長が必要と認める事項": null,
        "受入対象者": null,
        "備考": ""
      }
    },
    {
      "type": "Feature",
      "geometry": {
        "type": "Point",
        "coordinates": [
          133.666989,
          34.088771
        ]
      },
      "properties": {
        "NO": "101",
        "共通ID": "E3720500055111",
        "施設・場所名": "大野原会館",
        "住所": "香川県観音寺市大野原町中姫1247",
        "指定緊急避難場所との住所同一": "",
        "その他市町村長が必要と認める事項": null,
        "受入対象者": null,
        "備考": ""
      }
    },
    {
      "type": "Feature",
      "geometry": {
        "type": "Point",
        "coordinates": [
          133.672657,
          34.087322
        ]
      },
      "properties": {
        "NO": "102",
        "共通ID": "E3720500056111",
        "施設・場所名": "中姫中央ふれあい会館",
        "住所": "香川県観音寺市大野原町中姫946",
        "指定緊急避難場所との住所同一": "",
        "その他市町村長が必要と認める事項": null,
        "受入対象者": null,
        "備考": ""
      }
    },
    {
      "type": "Feature",
      "geometry": {
        "type": "Point",
        "coordinates": [
          133.659261,
          34.040499
        ]
      },
      "properties": {
        "NO": "103",
        "共通ID": "E3720500057111",
        "施設・場所名": "田野々自治会館",
        "住所": "香川県観音寺市大野原町田野々743-1",
        "指定緊急避難場所との住所同一": "1",
        "その他市町村長が必要と認める事項": null,
        "受入対象者": null,
        "備考": ""
      }
    },
    {
      "type": "Feature",
      "geometry": {
        "type": "Point",
        "coordinates": [
          133.700662,
          34.060047
        ]
      },
      "properties": {
        "NO": "104",
        "共通ID": "E3720500058121",
        "施設・場所名": "介護老人保健施設ひうち荘",
        "住所": "香川県観音寺市大野原町内野々394-1",
        "指定緊急避難場所との住所同一": "",
        "その他市町村長が必要と認める事項": null,
        "受入対象者": null,
        "備考": ""
      }
    },
    {
      "type": "Feature",
      "geometry": {
        "type": "Point",
        "coordinates": [
          133.699847,
          34.060505
        ]
      },
      "properties": {
        "NO": "105",
        "共通ID": "E3720500059121",
        "施設・場所名": "特別養護老人ホームひうち",
        "住所": "香川県観音寺市大野原町内野々597",
        "指定緊急避難場所との住所同一": "",
        "その他市町村長が必要と認める事項": null,
        "受入対象者": null,
        "備考": ""
      }
    },
    {
      "type": "Feature",
      "geometry": {
        "type": "Point",
        "coordinates": [
          133.680045,
          34.077225
        ]
      },
      "properties": {
        "NO": "106",
        "共通ID": "E3720500060111",
        "施設・場所名": "旧萩原小学校（体育館）",
        "住所": "香川県観音寺市大野原町萩原2354",
        "指定緊急避難場所との住所同一": "1",
        "その他市町村長が必要と認める事項": null,
        "受入対象者": null,
        "備考": ""
      }
    },
    {
      "type": "Feature",
      "geometry": {
        "type": "Point",
        "coordinates": [
          133.679285,
          34.077608
        ]
      },
      "properties": {
        "NO": "107",
        "共通ID": "E3720500061111",
        "施設・場所名": "萩のふるさと会館",
        "住所": "香川県観音寺市大野原町萩原2363-1",
        "指定緊急避難場所との住所同一": "",
        "その他市町村長が必要と認める事項": null,
        "受入対象者": null,
        "備考": ""
      }
    },
    {
      "type": "Feature",
      "geometry": {
        "type": "Point",
        "coordinates": [
          133.685291,
          34.077575
        ]
      },
      "properties": {
        "NO": "108",
        "共通ID": "E3720500062111",
        "施設・場所名": "大野原福祉会館",
        "住所": "香川県観音寺市大野原町萩原乙139-1",
        "指定緊急避難場所との住所同一": "",
        "その他市町村長が必要と認める事項": null,
        "受入対象者": null,
        "備考": ""
      }
    },
    {
      "type": "Feature",
      "geometry": {
        "type": "Point",
        "coordinates": [
          133.686201,
          34.108784
        ]
      },
      "properties": {
        "NO": "109",
        "共通ID": "E3720500063111",
        "施設・場所名": "市立総合体育館",
        "住所": "香川県観音寺市池之尻町1071",
        "指定緊急避難場所との住所同一": "1",
        "その他市町村長が必要と認める事項": null,
        "受入対象者": null,
        "備考": ""
      }
    },
    {
      "type": "Feature",
      "geometry": {
        "type": "Point",
        "coordinates": [
          133.660544,
          34.128575
        ]
      },
      "properties": {
        "NO": "110",
        "共通ID": "E3720500065111",
        "施設・場所名": "観音寺総合高等学校",
        "住所": "香川県観音寺市天神町1-1-15",
        "指定緊急避難場所との住所同一": "",
        "その他市町村長が必要と認める事項": null,
        "受入対象者": null,
        "備考": ""
      }
    },
    {
      "type": "Feature",
      "geometry": {
        "type": "Point",
        "coordinates": [
          133.645383,
          34.136093
        ]
      },
      "properties": {
        "NO": "111",
        "共通ID": "E3720500068111",
        "施設・場所名": "観音寺中学校（武道場）",
        "住所": "香川県観音寺市八幡町2-10-7",
        "指定緊急避難場所との住所同一": "1",
        "その他市町村長が必要と認める事項": null,
        "受入対象者": null,
        "備考": ""
      }
    },
    {
      "type": "Feature",
      "geometry": {
        "type": "Point",
        "coordinates": [
          133.646115,
          34.136631
        ]
      },
      "properties": {
        "NO": "112",
        "共通ID": "E3720500068112",
        "施設・場所名": "観音寺中学校（体育館）",
        "住所": "香川県観音寺市八幡町2-10-7",
        "指定緊急避難場所との住所同一": "1",
        "その他市町村長が必要と認める事項": null,
        "受入対象者": null,
        "備考": ""
      }
    },
    {
      "type": "Feature",
      "geometry": {
        "type": "Point",
        "coordinates": [
          133.642028,
          34.081105
        ]
      },
      "properties": {
        "NO": "113",
        "共通ID": "E3720500070121",
        "施設・場所名": "介護老人保健施設わたつみ苑",
        "住所": "香川県観音寺市豊浜町姫浜1260-1",
        "指定緊急避難場所との住所同一": "",
        "その他市町村長が必要と認める事項": null,
        "受入対象者": null,
        "備考": ""
      }
    },
    {
      "type": "Feature",
      "geometry": {
        "type": "Point",
        "coordinates": [
          133.638159,
          34.088041
        ]
      },
      "properties": {
        "NO": "114",
        "共通ID": "E3720500071121",
        "施設・場所名": "特別養護老人ホームネムの木",
        "住所": "香川県観音寺市豊浜町姫浜41-1",
        "指定緊急避難場所との住所同一": "",
        "その他市町村長が必要と認める事項": null,
        "受入対象者": null,
        "備考": ""
      }
    },
    {
      "type": "Feature",
      "geometry": {
        "type": "Point",
        "coordinates": [
          133.64013,
          34.077122
        ]
      },
      "properties": {
        "NO": "115",
        "共通ID": "E3720500072111",
        "施設・場所名": "豊浜公会堂",
        "住所": "香川県観音寺市豊浜町姫浜453-2",
        "指定緊急避難場所との住所同一": "",
        "その他市町村長が必要と認める事項": null,
        "受入対象者": null,
        "備考": ""
      }
    },
    {
      "type": "Feature",
      "geometry": {
        "type": "Point",
        "coordinates": [
          133.638833,
          34.086691
        ]
      },
      "properties": {
        "NO": "116",
        "共通ID": "E3720500073111",
        "施設・場所名": "海の家（豊浜コミュニティセンター）",
        "住所": "香川県観音寺市豊浜町姫浜55-2",
        "指定緊急避難場所との住所同一": "",
        "その他市町村長が必要と認める事項": null,
        "受入対象者": null,
        "備考": ""
      }
    },
    {
      "type": "Feature",
      "geometry": {
        "type": "Point",
        "coordinates": [
          133.631318,
          34.056344
        ]
      },
      "properties": {
        "NO": "117",
        "共通ID": "E3720500074111",
        "施設・場所名": "豊浜西部集会所",
        "住所": "香川県観音寺市豊浜町箕浦甲1935-9",
        "指定緊急避難場所との住所同一": "",
        "その他市町村長が必要と認める事項": null,
        "受入対象者": null,
        "備考": ""
      }
    },
    {
      "type": "Feature",
      "geometry": {
        "type": "Point",
        "coordinates": [
          133.647663,
          34.067521
        ]
      },
      "properties": {
        "NO": "118",
        "共通ID": "E3720500076111",
        "施設・場所名": "豊浜南部集会所",
        "住所": "香川県観音寺市豊浜町和田甲493-1",
        "指定緊急避難場所との住所同一": "",
        "その他市町村長が必要と認める事項": null,
        "受入対象者": null,
        "備考": ""
      }
    },
    {
      "type": "Feature",
      "geometry": {
        "type": "Point",
        "coordinates": [
          133.644393,
          34.071514
        ]
      },
      "properties": {
        "NO": "119",
        "共通ID": "E3720500077111",
        "施設・場所名": "豊浜こども園",
        "住所": "香川県観音寺市豊浜町和田浜1000",
        "指定緊急避難場所との住所同一": "1",
        "その他市町村長が必要と認める事項": "",
        "受入対象者": "",
        "備考": ""
      }
    },
    {
      "type": "Feature",
      "geometry": {
        "type": "Point",
        "coordinates": [
          133.643137,
          34.072451
        ]
      },
      "properties": {
        "NO": "120",
        "共通ID": "E3720500077112",
        "施設・場所名": "豊浜小学校（体育館）",
        "住所": "香川県観音寺市豊浜町和田浜1000",
        "指定緊急避難場所との住所同一": "1",
        "その他市町村長が必要と認める事項": null,
        "受入対象者": null,
        "備考": ""
      }
    },
    {
      "type": "Feature",
      "geometry": {
        "type": "Point",
        "coordinates": [
          133.640193,
          34.071186
        ]
      },
      "properties": {
        "NO": "121",
        "共通ID": "E3720500078111",
        "施設・場所名": "豊浜保育所",
        "住所": "香川県観音寺市豊浜町和田浜1124-1",
        "指定緊急避難場所との住所同一": "",
        "その他市町村長が必要と認める事項": null,
        "受入対象者": null,
        "備考": ""
      }
    },
    {
      "type": "Feature",
      "geometry": {
        "type": "Point",
        "coordinates": [
          133.63614,
          34.073951
        ]
      },
      "properties": {
        "NO": "122",
        "共通ID": "E3720500079111",
        "施設・場所名": "豊浜中央公民館",
        "住所": "香川県観音寺市豊浜町和田浜1531-1",
        "指定緊急避難場所との住所同一": "",
        "その他市町村長が必要と認める事項": null,
        "受入対象者": null,
        "備考": ""
      }
    },
    {
      "type": "Feature",
      "geometry": {
        "type": "Point",
        "coordinates": [
          133.636086,
          34.074545
        ]
      },
      "properties": {
        "NO": "123",
        "共通ID": "E3720500079112",
        "施設・場所名": "豊浜コミュニティ消防センター",
        "住所": "香川県観音寺市豊浜町和田浜1531-1",
        "指定緊急避難場所との住所同一": "",
        "その他市町村長が必要と認める事項": null,
        "受入対象者": null,
        "備考": ""
      }
    },
    {
      "type": "Feature",
      "geometry": {
        "type": "Point",
        "coordinates": [
          133.637613,
          34.073563
        ]
      },
      "properties": {
        "NO": "124",
        "共通ID": "E3720500080111",
        "施設・場所名": "豊浜福祉会館",
        "住所": "香川県観音寺市豊浜町和田浜1544-1",
        "指定緊急避難場所との住所同一": "",
        "その他市町村長が必要と認める事項": null,
        "受入対象者": null,
        "備考": ""
      }
    },
    {
      "type": "Feature",
      "geometry": {
        "type": "Point",
        "coordinates": [
          133.636707,
          34.071141
        ]
      },
      "properties": {
        "NO": "125",
        "共通ID": "E3720500081121",
        "施設・場所名": "特別養護老人ホームとよはま荘",
        "住所": "香川県観音寺市豊浜町和田浜1575-1",
        "指定緊急避難場所との住所同一": "",
        "その他市町村長が必要と認める事項": null,
        "受入対象者": null,
        "備考": ""
      }
    },
    {
      "type": "Feature",
      "geometry": {
        "type": "Point",
        "coordinates": [
          133.6434,
          34.077301
        ]
      },
      "properties": {
        "NO": "126",
        "共通ID": "E3720500082111",
        "施設・場所名": "豊浜中学校（武道場）",
        "住所": "香川県観音寺市豊浜町和田浜717",
        "指定緊急避難場所との住所同一": "1",
        "その他市町村長が必要と認める事項": null,
        "受入対象者": null,
        "備考": ""
      }
    },
    {
      "type": "Feature",
      "geometry": {
        "type": "Point",
        "coordinates": [
          133.643417,
          34.077398
        ]
      },
      "properties": {
        "NO": "127",
        "共通ID": "E3720500082112",
        "施設・場所名": "豊浜中学校（体育館）",
        "住所": "香川県観音寺市豊浜町和田浜717",
        "指定緊急避難場所との住所同一": "1",
        "その他市町村長が必要と認める事項": null,
        "受入対象者": null,
        "備考": ""
      }
    },
    {
      "type": "Feature",
      "geometry": {
        "type": "Point",
        "coordinates": [
          133.6422,
          34.074798
        ]
      },
      "properties": {
        "NO": "128",
        "共通ID": "E3720500083111",
        "施設・場所名": "豊浜総合体育館（すぽっシュＴＯＹＯＨＡＭＡ）",
        "住所": "香川県観音寺市豊浜町和田浜784-1",
        "指定緊急避難場所との住所同一": "1",
        "その他市町村長が必要と認める事項": null,
        "受入対象者": null,
        "備考": ""
      }
    },
    {
      "type": "Feature",
      "geometry": {
        "type": "Point",
        "coordinates": [
          133.656626,
          34.131751
        ]
      },
      "properties": {
        "NO": "129",
        "共通ID": "E3720500084111",
        "施設・場所名": "観音寺東公民館",
        "住所": "香川県観音寺市茂西町1-1-28",
        "指定緊急避難場所との住所同一": "",
        "その他市町村長が必要と認める事項": null,
        "受入対象者": null,
        "備考": ""
      }
    },
    {
      "type": "Feature",
      "geometry": {
        "type": "Point",
        "coordinates": [
          133.65701,
          34.131571
        ]
      },
      "properties": {
        "NO": "130",
        "共通ID": "E3720500084112",
        "施設・場所名": "観音寺東公民館体育館",
        "住所": "香川県観音寺市茂西町1-1-28",
        "指定緊急避難場所との住所同一": "",
        "その他市町村長が必要と認める事項": "",
        "受入対象者": "",
        "備考": ""
      }
    },
    {
      "type": "Feature",
      "geometry": {
        "type": "Point",
        "coordinates": [
          133.658981,
          34.132742
        ]
      },
      "properties": {
        "NO": "131",
        "共通ID": "E3720500085111",
        "施設・場所名": "観音寺第一高等学校",
        "住所": "香川県観音寺市茂木町4-2-38",
        "指定緊急避難場所との住所同一": "",
        "その他市町村長が必要と認める事項": null,
        "受入対象者": null,
        "備考": ""
      }
    },
    {
      "type": "Feature",
      "geometry": {
        "type": "Point",
        "coordinates": [
          133.660088,
          34.132802
        ]
      },
      "properties": {
        "NO": "132",
        "共通ID": "E3720500086121",
        "施設・場所名": "特別養護老人ホーム豊恩荘",
        "住所": "香川県観音寺市茂木町4-6-2",
        "指定緊急避難場所との住所同一": "",
        "その他市町村長が必要と認める事項": null,
        "受入対象者": null,
        "備考": ""
      }
    },
    {
      "type": "Feature",
      "geometry": {
        "type": "Point",
        "coordinates": [
          133.675847,
          34.10107
        ]
      },
      "properties": {
        "NO": "133",
        "共通ID": "E3720500087111",
        "施設・場所名": "百々宮会館",
        "住所": "香川県観音寺市木之郷町1639-1",
        "指定緊急避難場所との住所同一": "",
        "その他市町村長が必要と認める事項": null,
        "受入対象者": null,
        "備考": ""
      }
    },
    {
      "type": "Feature",
      "geometry": {
        "type": "Point",
        "coordinates": [
          133.692015,
          34.10637
        ]
      },
      "properties": {
        "NO": "134",
        "共通ID": "E3720500088121",
        "施設・場所名": "特別養護老人ホーム長寿苑",
        "住所": "香川県観音寺市木之郷町499-62",
        "指定緊急避難場所との住所同一": "",
        "その他市町村長が必要と認める事項": null,
        "受入対象者": null,
        "備考": ""
      }
    },
    {
      "type": "Feature",
      "geometry": {
        "type": "Point",
        "coordinates": [
          133.683469,
          34.103202
        ]
      },
      "properties": {
        "NO": "135",
        "共通ID": "E3720500089111",
        "施設・場所名": "木之郷公民館",
        "住所": "香川県観音寺市木之郷町795",
        "指定緊急避難場所との住所同一": "",
        "その他市町村長が必要と認める事項": null,
        "受入対象者": null,
        "備考": ""
      }
    },
    {
      "type": "Feature",
      "geometry": {
        "type": "Point",
        "coordinates": [
          133.672812,
          34.137382
        ]
      },
      "properties": {
        "NO": "136",
        "共通ID": "E3720500090111",
        "施設・場所名": "コミュニティ防災センター",
        "住所": "香川県観音寺市流岡町475",
        "指定緊急避難場所との住所同一": "1",
        "その他市町村長が必要と認める事項": null,
        "受入対象者": null,
        "備考": ""
      }
    },
    {
      "type": "Feature",
      "geometry": {
        "type": "Point",
        "coordinates": [
          133.679168,
          34.137268
        ]
      },
      "properties": {
        "NO": "137",
        "共通ID": "E3720500091121",
        "施設・場所名": "地域支援センターまるやま",
        "住所": "香川県観音寺市流岡町750-1",
        "指定緊急避難場所との住所同一": "",
        "その他市町村長が必要と認める事項": null,
        "受入対象者": null,
        "備考": ""
      }
    },
    {
      "type": "Feature",
      "geometry": {
        "type": "Point",
        "coordinates": [
          133.677869,
          34.135358
        ]
      },
      "properties": {
        "NO": "138",
        "共通ID": "E3720500092111",
        "施設・場所名": "流岡公民館",
        "住所": "香川県観音寺市流岡町820-1",
        "指定緊急避難場所との住所同一": "",
        "その他市町村長が必要と認める事項": null,
        "受入対象者": null,
        "備考": ""
      }
    },
    {
      "type": "Feature",
      "geometry": {
        "type": "Point",
        "coordinates": [
          133.660277,
          34.109442
        ]
      },
      "properties": {
        "NO": "139",
        "共通ID": "E3720500093111",
        "施設・場所名": "柞田小学校（体育館）",
        "住所": "香川県観音寺市柞田町乙1000-1",
        "指定緊急避難場所との住所同一": "1",
        "その他市町村長が必要と認める事項": null,
        "受入対象者": null,
        "備考": ""
      }
    },
    {
      "type": "Feature",
      "geometry": {
        "type": "Point",
        "coordinates": [
          133.665246,
          34.119572
        ]
      },
      "properties": {
        "NO": "140",
        "共通ID": "E3720500094111",
        "施設・場所名": "中部中学校（武道場）",
        "住所": "香川県観音寺市柞田町甲1237",
        "指定緊急避難場所との住所同一": "1",
        "その他市町村長が必要と認める事項": null,
        "受入対象者": null,
        "備考": ""
      }
    },
    {
      "type": "Feature",
      "geometry": {
        "type": "Point",
        "coordinates": [
          133.665866,
          34.119227
        ]
      },
      "properties": {
        "NO": "141",
        "共通ID": "E3720500094112",
        "施設・場所名": "中部中学校（体育館）",
        "住所": "香川県観音寺市柞田町甲1237",
        "指定緊急避難場所との住所同一": "1",
        "その他市町村長が必要と認める事項": null,
        "受入対象者": null,
        "備考": ""
      }
    },
    {
      "type": "Feature",
      "geometry": {
        "type": "Point",
        "coordinates": [
          133.660067,
          34.11829
        ]
      },
      "properties": {
        "NO": "142",
        "共通ID": "E3720500095121",
        "施設・場所名": "特別養護老人ホーム楽陽荘",
        "住所": "香川県観音寺市柞田町甲1936",
        "指定緊急避難場所との住所同一": "",
        "その他市町村長が必要と認める事項": null,
        "受入対象者": null,
        "備考": ""
      }
    },
    {
      "type": "Feature",
      "geometry": {
        "type": "Point",
        "coordinates": [
          133.66579,
          34.105102
        ]
      },
      "properties": {
        "NO": "143",
        "共通ID": "E3720500096121",
        "施設・場所名": "就労継続支援Ａ型・短期入所施設リール",
        "住所": "香川県観音寺市柞田町丙1060-1",
        "指定緊急避難場所との住所同一": "",
        "その他市町村長が必要と認める事項": null,
        "受入対象者": null,
        "備考": ""
      }
    },
    {
      "type": "Feature",
      "geometry": {
        "type": "Point",
        "coordinates": [
          133.660956,
          34.109109
        ]
      },
      "properties": {
        "NO": "144",
        "共通ID": "E3720500097111",
        "施設・場所名": "柞田公民館",
        "住所": "香川県観音寺市柞田町丙1537",
        "指定緊急避難場所との住所同一": "",
        "その他市町村長が必要と認める事項": null,
        "受入対象者": null,
        "備考": ""
      }
    },
    {
      "type": "Feature",
      "geometry": {
        "type": "Point",
        "coordinates": [
          133.66201,
          34.10853
        ]
      },
      "properties": {
        "NO": "145",
        "共通ID": "E3720500098111",
        "施設・場所名": "観音寺中央幼稚園",
        "住所": "香川県観音寺市柞田町丙1566",
        "指定緊急避難場所との住所同一": "1",
        "その他市町村長が必要と認める事項": null,
        "受入対象者": null,
        "備考": ""
      }
    },
    {
      "type": "Feature",
      "geometry": {
        "type": "Point",
        "coordinates": [
          133.858441,
          34.227199
        ]
      },
      "properties": {
        "NO": "146",
        "共通ID": "E3720200001111",
        "施設・場所名": "岡田小学校",
        "住所": "香川県丸亀市綾歌町岡田下217",
        "指定緊急避難場所との住所同一": "1",
        "その他市町村長が必要と認める事項": null,
        "受入対象者": null,
        "備考": ""
      }
    },
    {
      "type": "Feature",
      "geometry": {
        "type": "Point",
        "coordinates": [
          133.859492,
          34.224586
        ]
      },
      "properties": {
        "NO": "147",
        "共通ID": "E3720200002111",
        "施設・場所名": "岡田コミュニティセンター",
        "住所": "香川県丸亀市綾歌町岡田下516-1",
        "指定緊急避難場所との住所同一": "1",
        "その他市町村長が必要と認める事項": null,
        "受入対象者": null,
        "備考": ""
      }
    },
    {
      "type": "Feature",
      "geometry": {
        "type": "Point",
        "coordinates": [
          133.859171,
          34.227642
        ]
      },
      "properties": {
        "NO": "148",
        "共通ID": "E3720200003111",
        "施設・場所名": "岡田保育所",
        "住所": "香川県丸亀市綾歌町岡田下87-1",
        "指定緊急避難場所との住所同一": "1",
        "その他市町村長が必要と認める事項": null,
        "受入対象者": null,
        "備考": ""
      }
    },
    {
      "type": "Feature",
      "geometry": {
        "type": "Point",
        "coordinates": [
          133.869363,
          34.235719
        ]
      },
      "properties": {
        "NO": "149",
        "共通ID": "E3720200004111",
        "施設・場所名": "あやうたこども園",
        "住所": "香川県丸亀市綾歌町岡田東1150",
        "指定緊急避難場所との住所同一": "1",
        "その他市町村長が必要と認める事項": null,
        "受入対象者": null,
        "備考": ""
      }
    },
    {
      "type": "Feature",
      "geometry": {
        "type": "Point",
        "coordinates": [
          133.877615,
          34.23222
        ]
      },
      "properties": {
        "NO": "150",
        "共通ID": "E3720200005111",
        "施設・場所名": "栗熊コミュニティセンター",
        "住所": "香川県丸亀市綾歌町栗熊西1638-1",
        "指定緊急避難場所との住所同一": "1",
        "その他市町村長が必要と認める事項": "",
        "受入対象者": "",
        "備考": ""
      }
    },
    {
      "type": "Feature",
      "geometry": {
        "type": "Point",
        "coordinates": [
          133.878638,
          34.23151
        ]
      },
      "properties": {
        "NO": "151",
        "共通ID": "E3720200006111",
        "施設・場所名": "綾歌総合文化会館",
        "住所": "香川県丸亀市綾歌町栗熊西1680",
        "指定緊急避難場所との住所同一": "1",
        "その他市町村長が必要と認める事項": null,
        "受入対象者": null,
        "備考": ""
      }
    },
    {
      "type": "Feature",
      "geometry": {
        "type": "Point",
        "coordinates": [
          133.882313,
          34.226205
        ]
      },
      "properties": {
        "NO": "152",
        "共通ID": "E3720200007111",
        "施設・場所名": "綾歌保健福祉センター",
        "住所": "香川県丸亀市綾歌町栗熊西782",
        "指定緊急避難場所との住所同一": "1",
        "その他市町村長が必要と認める事項": null,
        "受入対象者": null,
        "備考": ""
      }
    },
    {
      "type": "Feature",
      "geometry": {
        "type": "Point",
        "coordinates": [
          133.881519,
          34.239107
        ]
      },
      "properties": {
        "NO": "153",
        "共通ID": "E3720200009111",
        "施設・場所名": "栗熊小学校",
        "住所": "香川県丸亀市綾歌町栗熊東323",
        "指定緊急避難場所との住所同一": "1",
        "その他市町村長が必要と認める事項": null,
        "受入対象者": null,
        "備考": ""
      }
    },
    {
      "type": "Feature",
      "geometry": {
        "type": "Point",
        "coordinates": [
          133.883064,
          34.23696
        ]
      },
      "properties": {
        "NO": "154",
        "共通ID": "E3720200010111",
        "施設・場所名": "綾歌中学校",
        "住所": "香川県丸亀市綾歌町栗熊東431",
        "指定緊急避難場所との住所同一": "1",
        "その他市町村長が必要と認める事項": null,
        "受入対象者": null,
        "備考": ""
      }
    },
    {
      "type": "Feature",
      "geometry": {
        "type": "Point",
        "coordinates": [
          133.880982,
          34.246787
        ]
      },
      "properties": {
        "NO": "155",
        "共通ID": "E3720200011111",
        "施設・場所名": "富熊コミュニティセンター",
        "住所": "香川県丸亀市綾歌町富熊1192-1",
        "指定緊急避難場所との住所同一": "1",
        "その他市町村長が必要と認める事項": null,
        "受入対象者": null,
        "備考": ""
      }
    },
    {
      "type": "Feature",
      "geometry": {
        "type": "Point",
        "coordinates": [
          133.879604,
          34.248561
        ]
      },
      "properties": {
        "NO": "156",
        "共通ID": "E3720200012111",
        "施設・場所名": "富熊保育所",
        "住所": "香川県丸亀市綾歌町富熊1226",
        "指定緊急避難場所との住所同一": "1",
        "その他市町村長が必要と認める事項": null,
        "受入対象者": null,
        "備考": ""
      }
    },
    {
      "type": "Feature",
      "geometry": {
        "type": "Point",
        "coordinates": [
          133.879405,
          34.249404
        ]
      },
      "properties": {
        "NO": "157",
        "共通ID": "E3720200013111",
        "施設・場所名": "富熊小学校",
        "住所": "香川県丸亀市綾歌町富熊1227",
        "指定緊急避難場所との住所同一": "1",
        "その他市町村長が必要と認める事項": null,
        "受入対象者": null,
        "備考": ""
      }
    },
    {
      "type": "Feature",
      "geometry": {
        "type": "Point",
        "coordinates": [
          133.884193,
          34.255379
        ]
      },
      "properties": {
        "NO": "158",
        "共通ID": "E3720200014111",
        "施設・場所名": "富熊コミュニティセンター分館",
        "住所": "香川県丸亀市綾歌町富熊1409-31",
        "指定緊急避難場所との住所同一": "1",
        "その他市町村長が必要と認める事項": null,
        "受入対象者": null,
        "備考": ""
      }
    },
    {
      "type": "Feature",
      "geometry": {
        "type": "Point",
        "coordinates": [
          133.78254,
          34.289905
        ]
      },
      "properties": {
        "NO": "159",
        "共通ID": "E3720200015111",
        "施設・場所名": "旧塩屋北保育所（丸亀市シルバー人材センター）２階一部",
        "住所": "香川県丸亀市塩屋町5-6-1",
        "指定緊急避難場所との住所同一": "1",
        "その他市町村長が必要と認める事項": null,
        "受入対象者": null,
        "備考": ""
      }
    },
    {
      "type": "Feature",
      "geometry": {
        "type": "Point",
        "coordinates": [
          133.800366,
          34.294381
        ]
      },
      "properties": {
        "NO": "160",
        "共通ID": "E3720200016111",
        "施設・場所名": "城北小学校",
        "住所": "香川県丸亀市瓦町95",
        "指定緊急避難場所との住所同一": "1",
        "その他市町村長が必要と認める事項": null,
        "受入対象者": null,
        "備考": ""
      }
    },
    {
      "type": "Feature",
      "geometry": {
        "type": "Point",
        "coordinates": [
          133.779868,
          34.361736
        ]
      },
      "properties": {
        "NO": "161",
        "共通ID": "E3720200017111",
        "施設・場所名": "牛島集会場",
        "住所": "香川県丸亀市牛島385",
        "指定緊急避難場所との住所同一": "1",
        "その他市町村長が必要と認める事項": null,
        "受入対象者": null,
        "備考": ""
      }
    },
    {
      "type": "Feature",
      "geometry": {
        "type": "Point",
        "coordinates": [
          133.781657,
          34.268861
        ]
      },
      "properties": {
        "NO": "162",
        "共通ID": "E3720200018111",
        "施設・場所名": "金倉保育所",
        "住所": "香川県丸亀市金倉町1230-1",
        "指定緊急避難場所との住所同一": "1",
        "その他市町村長が必要と認める事項": null,
        "受入対象者": null,
        "備考": ""
      }
    },
    {
      "type": "Feature",
      "geometry": {
        "type": "Point",
        "coordinates": [
          133.78526,
          34.26157
        ]
      },
      "properties": {
        "NO": "163",
        "共通ID": "E3720200019111",
        "施設・場所名": "県立丸亀競技場第１～第６会議室",
        "住所": "香川県丸亀市金倉町830",
        "指定緊急避難場所との住所同一": "1",
        "その他市町村長が必要と認める事項": null,
        "受入対象者": null,
        "備考": ""
      }
    },
    {
      "type": "Feature",
      "geometry": {
        "type": "Point",
        "coordinates": [
          133.788774,
          34.263002
        ]
      },
      "properties": {
        "NO": "164",
        "共通ID": "E3720200020111",
        "施設・場所名": "丸亀市民体育館",
        "住所": "香川県丸亀市金倉町924-1",
        "指定緊急避難場所との住所同一": "1",
        "その他市町村長が必要と認める事項": null,
        "受入対象者": null,
        "備考": ""
      }
    },
    {
      "type": "Feature",
      "geometry": {
        "type": "Point",
        "coordinates": [
          133.810312,
          34.262577
        ]
      },
      "properties": {
        "NO": "165",
        "共通ID": "E3720200021111",
        "施設・場所名": "四国職業能力開発大学校体育館",
        "住所": "香川県丸亀市郡家町3202",
        "指定緊急避難場所との住所同一": "1",
        "その他市町村長が必要と認める事項": null,
        "受入対象者": null,
        "備考": ""
      }
    },
    {
      "type": "Feature",
      "geometry": {
        "type": "Point",
        "coordinates": [
          133.813514,
          34.267032
        ]
      },
      "properties": {
        "NO": "166",
        "共通ID": "E3720200022111",
        "施設・場所名": "南中学校",
        "住所": "香川県丸亀市郡家町3690",
        "指定緊急避難場所との住所同一": "1",
        "その他市町村長が必要と認める事項": null,
        "受入対象者": null,
        "備考": ""
      }
    },
    {
      "type": "Feature",
      "geometry": {
        "type": "Point",
        "coordinates": [
          133.814051,
          34.252144
        ]
      },
      "properties": {
        "NO": "167",
        "共通ID": "E3720200023111",
        "施設・場所名": "郡家こども園",
        "住所": "香川県丸亀市郡家町787",
        "指定緊急避難場所との住所同一": "1",
        "その他市町村長が必要と認める事項": null,
        "受入対象者": null,
        "備考": ""
      }
    },
    {
      "type": "Feature",
      "geometry": {
        "type": "Point",
        "coordinates": [
          133.814684,
          34.251475
        ]
      },
      "properties": {
        "NO": "168",
        "共通ID": "E3720200024111",
        "施設・場所名": "郡家小学校",
        "住所": "香川県丸亀市郡家町790-1",
        "指定緊急避難場所との住所同一": "1",
        "その他市町村長が必要と認める事項": null,
        "受入対象者": null,
        "備考": ""
      }
    },
    {
      "type": "Feature",
      "geometry": {
        "type": "Point",
        "coordinates": [
          133.814861,
          34.250486
        ]
      },
      "properties": {
        "NO": "169",
        "共通ID": "E3720200025111",
        "施設・場所名": "郡家コミュニティセンター",
        "住所": "香川県丸亀市郡家町814-1",
        "指定緊急避難場所との住所同一": "1",
        "その他市町村長が必要と認める事項": null,
        "受入対象者": null,
        "備考": ""
      }
    },
    {
      "type": "Feature",
      "geometry": {
        "type": "Point",
        "coordinates": [
          133.790335,
          34.258343
        ]
      },
      "properties": {
        "NO": "170",
        "共通ID": "E3720200026111",
        "施設・場所名": "はらだこども園",
        "住所": "香川県丸亀市原田町2046",
        "指定緊急避難場所との住所同一": "1",
        "その他市町村長が必要と認める事項": null,
        "受入対象者": null,
        "備考": ""
      }
    },
    {
      "type": "Feature",
      "geometry": {
        "type": "Point",
        "coordinates": [
          133.800355,
          34.296176
        ]
      },
      "properties": {
        "NO": "171",
        "共通ID": "E3720200027111",
        "施設・場所名": "城北コミュニティセンター",
        "住所": "香川県丸亀市御供所町1-5-20",
        "指定緊急避難場所との住所同一": "1",
        "その他市町村長が必要と認める事項": null,
        "受入対象者": null,
        "備考": ""
      }
    },
    {
      "type": "Feature",
      "geometry": {
        "type": "Point",
        "coordinates": [
          133.714406,
          34.365185
        ]
      },
      "properties": {
        "NO": "172",
        "共通ID": "E3720200028112",
        "施設・場所名": "広島小中学校",
        "住所": "香川県丸亀市広島町江の浦373-3",
        "指定緊急避難場所との住所同一": "1",
        "その他市町村長が必要と認める事項": "",
        "受入対象者": "",
        "備考": ""
      }
    },
    {
      "type": "Feature",
      "geometry": {
        "type": "Point",
        "coordinates": [
          133.715495,
          34.365194
        ]
      },
      "properties": {
        "NO": "173",
        "共通ID": "E3720200028111",
        "施設・場所名": "広島コミュニティセンター",
        "住所": "香川県丸亀市広島町江の浦373-3",
        "指定緊急避難場所との住所同一": "1",
        "その他市町村長が必要と認める事項": null,
        "受入対象者": null,
        "備考": ""
      }
    },
    {
      "type": "Feature",
      "geometry": {
        "type": "Point",
        "coordinates": [
          133.65145,
          34.374966
        ]
      },
      "properties": {
        "NO": "174",
        "共通ID": "E3720200030111",
        "施設・場所名": "小手島小中学校",
        "住所": "香川県丸亀市広島町小手島2782",
        "指定緊急避難場所との住所同一": "1",
        "その他市町村長が必要と認める事項": null,
        "受入対象者": null,
        "備考": ""
      }
    },
    {
      "type": "Feature",
      "geometry": {
        "type": "Point",
        "coordinates": [
          133.690782,
          34.369578
        ]
      },
      "properties": {
        "NO": "175",
        "共通ID": "E3720200031111",
        "施設・場所名": "へき地集会室",
        "住所": "香川県丸亀市広島町青木549",
        "指定緊急避難場所との住所同一": "1",
        "その他市町村長が必要と認める事項": null,
        "受入対象者": null,
        "備考": ""
      }
    },
    {
      "type": "Feature",
      "geometry": {
        "type": "Point",
        "coordinates": [
          133.783114,
          34.277126
        ]
      },
      "properties": {
        "NO": "176",
        "共通ID": "E3720200032111",
        "施設・場所名": "城坤幼稚園",
        "住所": "香川県丸亀市今津町278",
        "指定緊急避難場所との住所同一": "1",
        "その他市町村長が必要と認める事項": null,
        "受入対象者": null,
        "備考": ""
      }
    },
    {
      "type": "Feature",
      "geometry": {
        "type": "Point",
        "coordinates": [
          133.783882,
          34.277466
        ]
      },
      "properties": {
        "NO": "177",
        "共通ID": "E3720200033111",
        "施設・場所名": "城坤コミュニティセンター",
        "住所": "香川県丸亀市今津町283",
        "指定緊急避難場所との住所同一": "1",
        "その他市町村長が必要と認める事項": null,
        "受入対象者": null,
        "備考": ""
      }
    },
    {
      "type": "Feature",
      "geometry": {
        "type": "Point",
        "coordinates": [
          133.785911,
          34.280074
        ]
      },
      "properties": {
        "NO": "178",
        "共通ID": "E3720200034111",
        "施設・場所名": "城坤小学校",
        "住所": "香川県丸亀市今津町348",
        "指定緊急避難場所との住所同一": "1",
        "その他市町村長が必要と認める事項": null,
        "受入対象者": null,
        "備考": ""
      }
    },
    {
      "type": "Feature",
      "geometry": {
        "type": "Point",
        "coordinates": [
          133.800463,
          34.272299
        ]
      },
      "properties": {
        "NO": "179",
        "共通ID": "E3720200035111",
        "施設・場所名": "城南コミュニティセンター",
        "住所": "香川県丸亀市山北町200-1",
        "指定緊急避難場所との住所同一": "1",
        "その他市町村長が必要と認める事項": null,
        "受入対象者": null,
        "備考": ""
      }
    },
    {
      "type": "Feature",
      "geometry": {
        "type": "Point",
        "coordinates": [
          133.798853,
          34.270322
        ]
      },
      "properties": {
        "NO": "180",
        "共通ID": "E3720200036111",
        "施設・場所名": "城南保育所",
        "住所": "香川県丸亀市山北町261",
        "指定緊急避難場所との住所同一": "1",
        "その他市町村長が必要と認める事項": null,
        "受入対象者": null,
        "備考": ""
      }
    },
    {
      "type": "Feature",
      "geometry": {
        "type": "Point",
        "coordinates": [
          133.798494,
          34.279143
        ]
      },
      "properties": {
        "NO": "181",
        "共通ID": "E3720200037111",
        "施設・場所名": "城西コミュニティセンター",
        "住所": "香川県丸亀市山北町722-1",
        "指定緊急避難場所との住所同一": "1",
        "その他市町村長が必要と認める事項": null,
        "受入対象者": null,
        "備考": ""
      }
    },
    {
      "type": "Feature",
      "geometry": {
        "type": "Point",
        "coordinates": [
          133.667859,
          34.397664
        ]
      },
      "properties": {
        "NO": "182",
        "共通ID": "E3720200038111",
        "施設・場所名": "手島自然教育センター",
        "住所": "香川県丸亀市手島町1273",
        "指定緊急避難場所との住所同一": "1",
        "その他市町村長が必要と認める事項": null,
        "受入対象者": null,
        "備考": ""
      }
    },
    {
      "type": "Feature",
      "geometry": {
        "type": "Point",
        "coordinates": [
          133.670617,
          34.397951
        ]
      },
      "properties": {
        "NO": "183",
        "共通ID": "E3720200039111",
        "施設・場所名": "手島集会場",
        "住所": "香川県丸亀市手島町224",
        "指定緊急避難場所との住所同一": "1",
        "その他市町村長が必要と認める事項": null,
        "受入対象者": null,
        "備考": ""
      }
    },
    {
      "type": "Feature",
      "geometry": {
        "type": "Point",
        "coordinates": [
          133.797689,
          34.282357
        ]
      },
      "properties": {
        "NO": "184",
        "共通ID": "E3720200040111",
        "施設・場所名": "県立丸亀高等学校武道館",
        "住所": "香川県丸亀市城南町63-5",
        "指定緊急避難場所との住所同一": "1",
        "その他市町村長が必要と認める事項": null,
        "受入対象者": null,
        "備考": ""
      }
    },
    {
      "type": "Feature",
      "geometry": {
        "type": "Point",
        "coordinates": [
          133.828719,
          34.233727
        ]
      },
      "properties": {
        "NO": "185",
        "共通ID": "E3720200041111",
        "施設・場所名": "垂水コミュニティセンター",
        "住所": "香川県丸亀市垂水町1345-1",
        "指定緊急避難場所との住所同一": "1",
        "その他市町村長が必要と認める事項": "",
        "受入対象者": "",
        "備考": ""
      }
    },
    {
      "type": "Feature",
      "geometry": {
        "type": "Point",
        "coordinates": [
          133.827649,
          34.23237
        ]
      },
      "properties": {
        "NO": "186",
        "共通ID": "E3720200042111",
        "施設・場所名": "垂水小学校",
        "住所": "香川県丸亀市垂水町1408",
        "指定緊急避難場所との住所同一": "1",
        "その他市町村長が必要と認める事項": null,
        "受入対象者": null,
        "備考": ""
      }
    },
    {
      "type": "Feature",
      "geometry": {
        "type": "Point",
        "coordinates": [
          133.824441,
          34.231159
        ]
      },
      "properties": {
        "NO": "187",
        "共通ID": "E3720200043111",
        "施設・場所名": "垂水こども園",
        "住所": "香川県丸亀市垂水町1709",
        "指定緊急避難場所との住所同一": "1",
        "その他市町村長が必要と認める事項": null,
        "受入対象者": null,
        "備考": ""
      }
    },
    {
      "type": "Feature",
      "geometry": {
        "type": "Point",
        "coordinates": [
          133.829157,
          34.257154
        ]
      },
      "properties": {
        "NO": "188",
        "共通ID": "E3720200044111",
        "施設・場所名": "城辰幼稚園",
        "住所": "香川県丸亀市川西町南161",
        "指定緊急避難場所との住所同一": "1",
        "その他市町村長が必要と認める事項": null,
        "受入対象者": null,
        "備考": ""
      }
    },
    {
      "type": "Feature",
      "geometry": {
        "type": "Point",
        "coordinates": [
          133.829505,
          34.252942
        ]
      },
      "properties": {
        "NO": "189",
        "共通ID": "E3720200045111",
        "施設・場所名": "川西コミュニティセンター",
        "住所": "香川県丸亀市川西町南428-1",
        "指定緊急避難場所との住所同一": "1",
        "その他市町村長が必要と認める事項": null,
        "受入対象者": null,
        "備考": ""
      }
    },
    {
      "type": "Feature",
      "geometry": {
        "type": "Point",
        "coordinates": [
          133.829087,
          34.247417
        ]
      },
      "properties": {
        "NO": "190",
        "共通ID": "E3720200099111",
        "施設・場所名": "金山文化センター",
        "住所": "香川県丸亀市川西町南682-3",
        "指定緊急避難場所との住所同一": "1",
        "その他市町村長が必要と認める事項": "",
        "受入対象者": "",
        "備考": ""
      }
    },
    {
      "type": "Feature",
      "geometry": {
        "type": "Point",
        "coordinates": [
          133.830069,
          34.247204
        ]
      },
      "properties": {
        "NO": "191",
        "共通ID": "E3720200047111",
        "施設・場所名": "城辰保育所",
        "住所": "香川県丸亀市川西町南696-1",
        "指定緊急避難場所との住所同一": "1",
        "その他市町村長が必要と認める事項": null,
        "受入対象者": null,
        "備考": ""
      }
    },
    {
      "type": "Feature",
      "geometry": {
        "type": "Point",
        "coordinates": [
          133.834408,
          34.25249
        ]
      },
      "properties": {
        "NO": "192",
        "共通ID": "E3720200048111",
        "施設・場所名": "土器川体育センター",
        "住所": "香川県丸亀市川西町南甲307",
        "指定緊急避難場所との住所同一": "1",
        "その他市町村長が必要と認める事項": null,
        "受入対象者": null,
        "備考": ""
      }
    },
    {
      "type": "Feature",
      "geometry": {
        "type": "Point",
        "coordinates": [
          133.828454,
          34.256684
        ]
      },
      "properties": {
        "NO": "193",
        "共通ID": "E3720200049111",
        "施設・場所名": "城辰小学校",
        "住所": "香川県丸亀市川西町北151",
        "指定緊急避難場所との住所同一": "1",
        "その他市町村長が必要と認める事項": null,
        "受入対象者": null,
        "備考": ""
      }
    },
    {
      "type": "Feature",
      "geometry": {
        "type": "Point",
        "coordinates": [
          133.78158,
          34.284701
        ]
      },
      "properties": {
        "NO": "194",
        "共通ID": "E3720200050111",
        "施設・場所名": "しおや保育所",
        "住所": "香川県丸亀市前塩屋町2-1-17",
        "指定緊急避難場所との住所同一": "1",
        "その他市町村長が必要と認める事項": null,
        "受入対象者": null,
        "備考": ""
      }
    },
    {
      "type": "Feature",
      "geometry": {
        "type": "Point",
        "coordinates": [
          133.800538,
          34.290277
        ]
      },
      "properties": {
        "NO": "195",
        "共通ID": "E3720200051111",
        "施設・場所名": "東中学校",
        "住所": "香川県丸亀市大手町1-5-1",
        "指定緊急避難場所との住所同一": "1",
        "その他市町村長が必要と認める事項": null,
        "受入対象者": null,
        "備考": ""
      }
    },
    {
      "type": "Feature",
      "geometry": {
        "type": "Point",
        "coordinates": [
          133.794755,
          34.284072
        ]
      },
      "properties": {
        "NO": "196",
        "共通ID": "E3720200053111",
        "施設・場所名": "西中学校",
        "住所": "香川県丸亀市中府町3-11-1",
        "指定緊急避難場所との住所同一": "1",
        "その他市町村長が必要と認める事項": null,
        "受入対象者": null,
        "備考": ""
      }
    },
    {
      "type": "Feature",
      "geometry": {
        "type": "Point",
        "coordinates": [
          133.792531,
          34.287657
        ]
      },
      "properties": {
        "NO": "197",
        "共通ID": "E3720200054111",
        "施設・場所名": "城乾小学校",
        "住所": "香川県丸亀市中府町5-15-1",
        "指定緊急避難場所との住所同一": "1",
        "その他市町村長が必要と認める事項": null,
        "受入対象者": null,
        "備考": ""
      }
    },
    {
      "type": "Feature",
      "geometry": {
        "type": "Point",
        "coordinates": [
          133.792142,
          34.277233
        ]
      },
      "properties": {
        "NO": "198",
        "共通ID": "E3720200055111",
        "施設・場所名": "県立丸亀城西高等学校第２体育館",
        "住所": "香川県丸亀市津森町267",
        "指定緊急避難場所との住所同一": "1",
        "その他市町村長が必要と認める事項": null,
        "受入対象者": null,
        "備考": ""
      }
    },
    {
      "type": "Feature",
      "geometry": {
        "type": "Point",
        "coordinates": [
          133.798451,
          34.268792
        ]
      },
      "properties": {
        "NO": "199",
        "共通ID": "E3720200056111",
        "施設・場所名": "城南小学校",
        "住所": "香川県丸亀市田村町973",
        "指定緊急避難場所との住所同一": "1",
        "その他市町村長が必要と認める事項": null,
        "受入対象者": null,
        "備考": ""
      }
    },
    {
      "type": "Feature",
      "geometry": {
        "type": "Point",
        "coordinates": [
          133.81188,
          34.281781
        ]
      },
      "properties": {
        "NO": "200",
        "共通ID": "E3720200098111",
        "施設・場所名": "城東こども園",
        "住所": "香川県丸亀市土器町西4-780",
        "指定緊急避難場所との住所同一": "1",
        "その他市町村長が必要と認める事項": "",
        "受入対象者": "",
        "備考": ""
      }
    },
    {
      "type": "Feature",
      "geometry": {
        "type": "Point",
        "coordinates": [
          133.812725,
          34.285672
        ]
      },
      "properties": {
        "NO": "201",
        "共通ID": "E3720200058111",
        "施設・場所名": "城東小学校",
        "住所": "香川県丸亀市土器町西5-113",
        "指定緊急避難場所との住所同一": "1",
        "その他市町村長が必要と認める事項": null,
        "受入対象者": null,
        "備考": ""
      }
    },
    {
      "type": "Feature",
      "geometry": {
        "type": "Point",
        "coordinates": [
          133.811492,
          34.291425
        ]
      },
      "properties": {
        "NO": "202",
        "共通ID": "E3720200060111",
        "施設・場所名": "土器コミュニティセンター",
        "住所": "香川県丸亀市土器町東7-160",
        "指定緊急避難場所との住所同一": "1",
        "その他市町村長が必要と認める事項": null,
        "受入対象者": null,
        "備考": ""
      }
    },
    {
      "type": "Feature",
      "geometry": {
        "type": "Point",
        "coordinates": [
          133.805398,
          34.299317
        ]
      },
      "properties": {
        "NO": "203",
        "共通ID": "E3720200061111",
        "施設・場所名": "二軒茶屋総合センター",
        "住所": "香川県丸亀市土器町東8-501",
        "指定緊急避難場所との住所同一": "1",
        "その他市町村長が必要と認める事項": null,
        "受入対象者": null,
        "備考": ""
      }
    },
    {
      "type": "Feature",
      "geometry": {
        "type": "Point",
        "coordinates": [
          133.8044,
          34.308845
        ]
      },
      "properties": {
        "NO": "204",
        "共通ID": "E3720200062111",
        "施設・場所名": "クリントピア丸亀",
        "住所": "香川県丸亀市土器町北1-72-2",
        "指定緊急避難場所との住所同一": "1",
        "その他市町村長が必要と認める事項": null,
        "受入対象者": null,
        "備考": ""
      }
    },
    {
      "type": "Feature",
      "geometry": {
        "type": "Point",
        "coordinates": [
          133.805041,
          34.291709
        ]
      },
      "properties": {
        "NO": "205",
        "共通ID": "E3720200063111",
        "施設・場所名": "旧土居保育所",
        "住所": "香川県丸亀市土居町2-13-3",
        "指定緊急避難場所との住所同一": "1",
        "その他市町村長が必要と認める事項": "",
        "受入対象者": "",
        "備考": ""
      }
    },
    {
      "type": "Feature",
      "geometry": {
        "type": "Point",
        "coordinates": [
          133.793127,
          34.28762
        ]
      },
      "properties": {
        "NO": "206",
        "共通ID": "E3720200065111",
        "施設・場所名": "城乾コミュニティセンター",
        "住所": "香川県丸亀市南条町34-28",
        "指定緊急避難場所との住所同一": "1",
        "その他市町村長が必要と認める事項": null,
        "受入対象者": null,
        "備考": ""
      }
    },
    {
      "type": "Feature",
      "geometry": {
        "type": "Point",
        "coordinates": [
          133.792866,
          34.288292
        ]
      },
      "properties": {
        "NO": "207",
        "共通ID": "E3720200094111",
        "施設・場所名": "城乾こども園",
        "住所": "香川県丸亀市南条町34-46",
        "指定緊急避難場所との住所同一": "1",
        "その他市町村長が必要と認める事項": "",
        "受入対象者": "",
        "備考": ""
      }
    },
    {
      "type": "Feature",
      "geometry": {
        "type": "Point",
        "coordinates": [
          133.85843,
          34.258857
        ]
      },
      "properties": {
        "NO": "208",
        "共通ID": "E3720200066111",
        "施設・場所名": "飯山総合保健福祉センター",
        "住所": "香川県丸亀市飯山町下法軍寺581-1",
        "指定緊急避難場所との住所同一": "1",
        "その他市町村長が必要と認める事項": null,
        "受入対象者": null,
        "備考": ""
      }
    },
    {
      "type": "Feature",
      "geometry": {
        "type": "Point",
        "coordinates": [
          133.854606,
          34.257611
        ]
      },
      "properties": {
        "NO": "209",
        "共通ID": "E3720200067111",
        "施設・場所名": "県立飯山高等学校新体育館",
        "住所": "香川県丸亀市飯山町下法軍寺664-1",
        "指定緊急避難場所との住所同一": "1",
        "その他市町村長が必要と認める事項": null,
        "受入対象者": null,
        "備考": ""
      }
    },
    {
      "type": "Feature",
      "geometry": {
        "type": "Point",
        "coordinates": [
          133.85634,
          34.248465
        ]
      },
      "properties": {
        "NO": "210",
        "共通ID": "E3720200068111",
        "施設・場所名": "飯山南コミュニティセンター",
        "住所": "香川県丸亀市飯山町上法軍寺1010-1",
        "指定緊急避難場所との住所同一": "1",
        "その他市町村長が必要と認める事項": null,
        "受入対象者": null,
        "備考": ""
      }
    },
    {
      "type": "Feature",
      "geometry": {
        "type": "Point",
        "coordinates": [
          133.856853,
          34.247861
        ]
      },
      "properties": {
        "NO": "211",
        "共通ID": "E3720200069111",
        "施設・場所名": "飯山南保育所",
        "住所": "香川県丸亀市飯山町上法軍寺1036",
        "指定緊急避難場所との住所同一": "1",
        "その他市町村長が必要と認める事項": null,
        "受入対象者": null,
        "備考": ""
      }
    },
    {
      "type": "Feature",
      "geometry": {
        "type": "Point",
        "coordinates": [
          133.854793,
          34.247519
        ]
      },
      "properties": {
        "NO": "212",
        "共通ID": "E3720200070111",
        "施設・場所名": "飯山南小学校",
        "住所": "香川県丸亀市飯山町上法軍寺1206",
        "指定緊急避難場所との住所同一": "1",
        "その他市町村長が必要と認める事項": null,
        "受入対象者": null,
        "備考": ""
      }
    },
    {
      "type": "Feature",
      "geometry": {
        "type": "Point",
        "coordinates": [
          133.850352,
          34.256201
        ]
      },
      "properties": {
        "NO": "213",
        "共通ID": "E3720200071111",
        "施設・場所名": "飯山こども園",
        "住所": "香川県丸亀市飯山町真時71-1",
        "指定緊急避難場所との住所同一": "1",
        "その他市町村長が必要と認める事項": null,
        "受入対象者": null,
        "備考": ""
      }
    },
    {
      "type": "Feature",
      "geometry": {
        "type": "Point",
        "coordinates": [
          133.840846,
          34.262495
        ]
      },
      "properties": {
        "NO": "214",
        "共通ID": "E3720200072111",
        "施設・場所名": "飯山総合学習センター",
        "住所": "香川県丸亀市飯山町西坂元547-1",
        "指定緊急避難場所との住所同一": "1",
        "その他市町村長が必要と認める事項": null,
        "受入対象者": null,
        "備考": ""
      }
    },
    {
      "type": "Feature",
      "geometry": {
        "type": "Point",
        "coordinates": [
          133.858135,
          34.267999
        ]
      },
      "properties": {
        "NO": "215",
        "共通ID": "E3720200073111",
        "施設・場所名": "飯山北第一保育所",
        "住所": "香川県丸亀市飯山町川原1009",
        "指定緊急避難場所との住所同一": "1",
        "その他市町村長が必要と認める事項": null,
        "受入対象者": null,
        "備考": ""
      }
    },
    {
      "type": "Feature",
      "geometry": {
        "type": "Point",
        "coordinates": [
          133.86145,
          34.263947
        ]
      },
      "properties": {
        "NO": "216",
        "共通ID": "E3720200074111",
        "施設・場所名": "飯山中学校",
        "住所": "香川県丸亀市飯山町川原1110",
        "指定緊急避難場所との住所同一": "1",
        "その他市町村長が必要と認める事項": "",
        "受入対象者": "",
        "備考": ""
      }
    },
    {
      "type": "Feature",
      "geometry": {
        "type": "Point",
        "coordinates": [
          133.861463,
          34.264301
        ]
      },
      "properties": {
        "NO": "217",
        "共通ID": "E3720200097111",
        "施設・場所名": "飯山北コミュニティセンター",
        "住所": "香川県丸亀市飯山町川原1112-6",
        "指定緊急避難場所との住所同一": "1",
        "その他市町村長が必要と認める事項": "",
        "受入対象者": "",
        "備考": ""
      }
    },
    {
      "type": "Feature",
      "geometry": {
        "type": "Point",
        "coordinates": [
          133.857926,
          34.265024
        ]
      },
      "properties": {
        "NO": "218",
        "共通ID": "E3720200076111",
        "施設・場所名": "飯山北小学校",
        "住所": "香川県丸亀市飯山町川原1874",
        "指定緊急避難場所との住所同一": "1",
        "その他市町村長が必要と認める事項": null,
        "受入対象者": null,
        "備考": ""
      }
    },
    {
      "type": "Feature",
      "geometry": {
        "type": "Point",
        "coordinates": [
          133.870683,
          34.268251
        ]
      },
      "properties": {
        "NO": "219",
        "共通ID": "E3720200077111",
        "施設・場所名": "飯山総合運動公園体育館",
        "住所": "香川県丸亀市飯山町東坂元2713-1",
        "指定緊急避難場所との住所同一": "1",
        "その他市町村長が必要と認める事項": null,
        "受入対象者": null,
        "備考": ""
      }
    },
    {
      "type": "Feature",
      "geometry": {
        "type": "Point",
        "coordinates": [
          133.844322,
          34.247754
        ]
      },
      "properties": {
        "NO": "220",
        "共通ID": "E3720200078111",
        "施設・場所名": "東小川児童センター",
        "住所": "香川県丸亀市飯山町東小川1260",
        "指定緊急避難場所との住所同一": "1",
        "その他市町村長が必要と認める事項": null,
        "受入対象者": null,
        "備考": ""
      }
    },
    {
      "type": "Feature",
      "geometry": {
        "type": "Point",
        "coordinates": [
          133.83325,
          34.280446
        ]
      },
      "properties": {
        "NO": "221",
        "共通ID": "E3720200079111",
        "施設・場所名": "飯野小学校",
        "住所": "香川県丸亀市飯野町西分113",
        "指定緊急避難場所との住所同一": "1",
        "その他市町村長が必要と認める事項": null,
        "受入対象者": null,
        "備考": ""
      }
    },
    {
      "type": "Feature",
      "geometry": {
        "type": "Point",
        "coordinates": [
          133.833502,
          34.281517
        ]
      },
      "properties": {
        "NO": "222",
        "共通ID": "E3720200080111",
        "施設・場所名": "飯野コミュニティセンター",
        "住所": "香川県丸亀市飯野町東分2334-2",
        "指定緊急避難場所との住所同一": "1",
        "その他市町村長が必要と認める事項": null,
        "受入対象者": null,
        "備考": ""
      }
    },
    {
      "type": "Feature",
      "geometry": {
        "type": "Point",
        "coordinates": [
          133.833497,
          34.278664
        ]
      },
      "properties": {
        "NO": "223",
        "共通ID": "E3720200081111",
        "施設・場所名": "飯野こども園",
        "住所": "香川県丸亀市飯野町東分2576",
        "指定緊急避難場所との住所同一": "1",
        "その他市町村長が必要と認める事項": null,
        "受入対象者": null,
        "備考": ""
      }
    },
    {
      "type": "Feature",
      "geometry": {
        "type": "Point",
        "coordinates": [
          133.82501,
          34.292187
        ]
      },
      "properties": {
        "NO": "224",
        "共通ID": "E3720200082111",
        "施設・場所名": "県立香川丸亀支援学校体育館",
        "住所": "香川県丸亀市飯野町東分592-1",
        "指定緊急避難場所との住所同一": "1",
        "その他市町村長が必要と認める事項": "",
        "受入対象者": "",
        "備考": ""
      }
    },
    {
      "type": "Feature",
      "geometry": {
        "type": "Point",
        "coordinates": [
          133.797577,
          34.297411
        ]
      },
      "properties": {
        "NO": "225",
        "共通ID": "E3720200084111",
        "施設・場所名": "城北こども園",
        "住所": "香川県丸亀市北平山町2-12-20",
        "指定緊急避難場所との住所同一": "1",
        "その他市町村長が必要と認める事項": null,
        "受入対象者": null,
        "備考": ""
      }
    },
    {
      "type": "Feature",
      "geometry": {
        "type": "Point",
        "coordinates": [
          133.785262,
          34.38926
        ]
      },
      "properties": {
        "NO": "226",
        "共通ID": "E3720200085111",
        "施設・場所名": "山根文化センター",
        "住所": "香川県丸亀市本島町笠島100-2",
        "指定緊急避難場所との住所同一": "1",
        "その他市町村長が必要と認める事項": null,
        "受入対象者": null,
        "備考": ""
      }
    },
    {
      "type": "Feature",
      "geometry": {
        "type": "Point",
        "coordinates": [
          133.786059,
          34.388996
        ]
      },
      "properties": {
        "NO": "227",
        "共通ID": "E3720200086111",
        "施設・場所名": "山根児童館",
        "住所": "香川県丸亀市本島町笠島84-3",
        "指定緊急避難場所との住所同一": "1",
        "その他市町村長が必要と認める事項": null,
        "受入対象者": null,
        "備考": ""
      }
    },
    {
      "type": "Feature",
      "geometry": {
        "type": "Point",
        "coordinates": [
          133.756973,
          34.386831
        ]
      },
      "properties": {
        "NO": "228",
        "共通ID": "E3720200087111",
        "施設・場所名": "西地区集会場",
        "住所": "香川県丸亀市本島町尻浜83",
        "指定緊急避難場所との住所同一": "1",
        "その他市町村長が必要と認める事項": null,
        "受入対象者": null,
        "備考": ""
      }
    },
    {
      "type": "Feature",
      "geometry": {
        "type": "Point",
        "coordinates": [
          133.783103,
          34.387531
        ]
      },
      "properties": {
        "NO": "229",
        "共通ID": "E3720200088111",
        "施設・場所名": "本島小中学校",
        "住所": "香川県丸亀市本島町泊18",
        "指定緊急避難場所との住所同一": "1",
        "その他市町村長が必要と認める事項": null,
        "受入対象者": null,
        "備考": ""
      }
    },
    {
      "type": "Feature",
      "geometry": {
        "type": "Point",
        "coordinates": [
          133.783178,
          34.389417
        ]
      },
      "properties": {
        "NO": "230",
        "共通ID": "E3720200089111",
        "施設・場所名": "本島幼稚園",
        "住所": "香川県丸亀市本島町泊34",
        "指定緊急避難場所との住所同一": "1",
        "その他市町村長が必要と認める事項": null,
        "受入対象者": null,
        "備考": ""
      }
    },
    {
      "type": "Feature",
      "geometry": {
        "type": "Point",
        "coordinates": [
          133.780432,
          34.38561
        ]
      },
      "properties": {
        "NO": "231",
        "共通ID": "E3720200095112",
        "施設・場所名": "旧本島中学校　体育館",
        "住所": "香川県丸亀市本島町泊410-1",
        "指定緊急避難場所との住所同一": "1",
        "その他市町村長が必要と認める事項": "",
        "受入対象者": "",
        "備考": ""
      }
    },
    {
      "type": "Feature",
      "geometry": {
        "type": "Point",
        "coordinates": [
          133.781118,
          34.38553
        ]
      },
      "properties": {
        "NO": "232",
        "共通ID": "E3720200095111",
        "施設・場所名": "本島コミュニティセンター",
        "住所": "香川県丸亀市本島町泊410-1",
        "指定緊急避難場所との住所同一": "1",
        "その他市町村長が必要と認める事項": "",
        "受入対象者": "",
        "備考": ""
      }
    },
    {
      "type": "Feature",
      "geometry": {
        "type": "Point",
        "coordinates": [
          133.799132,
          34.282973
        ]
      },
      "properties": {
        "NO": "233",
        "共通ID": "E3720200092111",
        "施設・場所名": "県立丸亀高等学校第２体育館",
        "住所": "香川県丸亀市六番丁1",
        "指定緊急避難場所との住所同一": "1",
        "その他市町村長が必要と認める事項": null,
        "受入対象者": null,
        "備考": ""
      }
    },
    {
      "type": "Feature",
      "geometry": {
        "type": "Point",
        "coordinates": [
          133.796681,
          34.285823
        ]
      },
      "properties": {
        "NO": "234",
        "共通ID": "E3720200093111",
        "施設・場所名": "城西小学校",
        "住所": "香川県丸亀市六番丁12",
        "指定緊急避難場所との住所同一": "1",
        "その他市町村長が必要と認める事項": null,
        "受入対象者": null,
        "備考": ""
      }
    },
    {
      "type": "Feature",
      "geometry": {
        "type": "Point",
        "coordinates": [
          133.824114,
          34.18724
        ]
      },
      "properties": {
        "NO": "235",
        "共通ID": "E3740300002111",
        "施設・場所名": "琴平町立南こども園",
        "住所": "香川県琴平町103",
        "指定緊急避難場所との住所同一": "1",
        "その他市町村長が必要と認める事項": "",
        "受入対象者": "",
        "備考": ""
      }
    },
    {
      "type": "Feature",
      "geometry": {
        "type": "Point",
        "coordinates": [
          133.825706,
          34.187656
        ]
      },
      "properties": {
        "NO": "236",
        "共通ID": "E3740300003111",
        "施設・場所名": "香川県立琴平高等学校",
        "住所": "香川県琴平町142-2",
        "指定緊急避難場所との住所同一": "1",
        "その他市町村長が必要と認める事項": "",
        "受入対象者": "",
        "備考": ""
      }
    },
    {
      "type": "Feature",
      "geometry": {
        "type": "Point",
        "coordinates": [
          133.822749,
          34.188037
        ]
      },
      "properties": {
        "NO": "237",
        "共通ID": "E3740300004111",
        "施設・場所名": "琴平町立琴平小学校",
        "住所": "香川県琴平町145-1",
        "指定緊急避難場所との住所同一": "1",
        "その他市町村長が必要と認める事項": "",
        "受入対象者": "",
        "備考": ""
      }
    },
    {
      "type": "Feature",
      "geometry": {
        "type": "Point",
        "coordinates": [
          133.819813,
          34.186728
        ]
      },
      "properties": {
        "NO": "238",
        "共通ID": "E3740300005111",
        "施設・場所名": "琴平町文化会館",
        "住所": "香川県琴平町758-1",
        "指定緊急避難場所との住所同一": "1",
        "その他市町村長が必要と認める事項": "",
        "受入対象者": "",
        "備考": ""
      }
    },
    {
      "type": "Feature",
      "geometry": {
        "type": "Point",
        "coordinates": [
          133.831152,
          34.191101
        ]
      },
      "properties": {
        "NO": "239",
        "共通ID": "E3740300006111",
        "施設・場所名": "香川県立農業大学校",
        "住所": "香川県琴平町榎井34-3",
        "指定緊急避難場所との住所同一": "1",
        "その他市町村長が必要と認める事項": "",
        "受入対象者": "",
        "備考": ""
      }
    },
    {
      "type": "Feature",
      "geometry": {
        "type": "Point",
        "coordinates": [
          133.82959,
          34.190119
        ]
      },
      "properties": {
        "NO": "240",
        "共通ID": "E3740300007111",
        "施設・場所名": "琴平町立榎井小学校",
        "住所": "香川県琴平町榎井58-3",
        "指定緊急避難場所との住所同一": "1",
        "その他市町村長が必要と認める事項": "",
        "受入対象者": "",
        "備考": ""
      }
    },
    {
      "type": "Feature",
      "geometry": {
        "type": "Point",
        "coordinates": [
          133.822902,
          34.191749
        ]
      },
      "properties": {
        "NO": "241",
        "共通ID": "E3740300008111",
        "施設・場所名": "琴平町総合センター",
        "住所": "香川県琴平町榎井817-9",
        "指定緊急避難場所との住所同一": "1",
        "その他市町村長が必要と認める事項": "",
        "受入対象者": "",
        "備考": ""
      }
    },
    {
      "type": "Feature",
      "geometry": {
        "type": "Point",
        "coordinates": [
          133.828944,
          34.190845
        ]
      },
      "properties": {
        "NO": "242",
        "共通ID": "E3740300009111",
        "施設・場所名": "琴平町立榎井公民館",
        "住所": "香川県琴平町榎井85-3",
        "指定緊急避難場所との住所同一": "1",
        "その他市町村長が必要と認める事項": "",
        "受入対象者": "",
        "備考": ""
      }
    },
    {
      "type": "Feature",
      "geometry": {
        "type": "Point",
        "coordinates": [
          133.822164,
          34.192083
        ]
      },
      "properties": {
        "NO": "243",
        "共通ID": "E3740300010111",
        "施設・場所名": "琴平町社会福祉センター",
        "住所": "香川県琴平町榎井891-1",
        "指定緊急避難場所との住所同一": "1",
        "その他市町村長が必要と認める事項": "",
        "受入対象者": "",
        "備考": ""
      }
    },
    {
      "type": "Feature",
      "geometry": {
        "type": "Point",
        "coordinates": [
          133.819054,
          34.176917
        ]
      },
      "properties": {
        "NO": "244",
        "共通ID": "E3740300011111",
        "施設・場所名": "いこいの郷公園",
        "住所": "香川県琴平町五條1022-1",
        "指定緊急避難場所との住所同一": "1",
        "その他市町村長が必要と認める事項": "",
        "受入対象者": "",
        "備考": ""
      }
    },
    {
      "type": "Feature",
      "geometry": {
        "type": "Point",
        "coordinates": [
          133.827786,
          34.189095
        ]
      },
      "properties": {
        "NO": "245",
        "共通ID": "E3740300012111",
        "施設・場所名": "琴平町立琴平中学校",
        "住所": "香川県琴平町五條661-1",
        "指定緊急避難場所との住所同一": "1",
        "その他市町村長が必要と認める事項": "",
        "受入対象者": "",
        "備考": ""
      }
    },
    {
      "type": "Feature",
      "geometry": {
        "type": "Point",
        "coordinates": [
          133.816263,
          34.205981
        ]
      },
      "properties": {
        "NO": "246",
        "共通ID": "E3740300013111",
        "施設・場所名": "琴平町立象郷小学校",
        "住所": "香川県琴平町上櫛梨26",
        "指定緊急避難場所との住所同一": "1",
        "その他市町村長が必要と認める事項": "",
        "受入対象者": "",
        "備考": ""
      }
    },
    {
      "type": "Feature",
      "geometry": {
        "type": "Point",
        "coordinates": [
          133.815664,
          34.206451
        ]
      },
      "properties": {
        "NO": "247",
        "共通ID": "E3740300014111",
        "施設・場所名": "琴平町立北こども園みのり棟",
        "住所": "香川県琴平町上櫛梨31-1",
        "指定緊急避難場所との住所同一": "1",
        "その他市町村長が必要と認める事項": "",
        "受入対象者": "",
        "備考": ""
      }
    },
    {
      "type": "Feature",
      "geometry": {
        "type": "Point",
        "coordinates": [
          133.81608,
          34.196737
        ]
      },
      "properties": {
        "NO": "248",
        "共通ID": "E3740300015112",
        "施設・場所名": "琴平町デイ・サービスセンター",
        "住所": "香川県琴平町苗田1020-1",
        "指定緊急避難場所との住所同一": "1",
        "その他市町村長が必要と認める事項": "",
        "受入対象者": "",
        "備考": ""
      }
    },
    {
      "type": "Feature",
      "geometry": {
        "type": "Point",
        "coordinates": [
          133.816098,
          34.196889
        ]
      },
      "properties": {
        "NO": "249",
        "共通ID": "E3740300015111",
        "施設・場所名": "琴平町立教育集会所",
        "住所": "香川県琴平町苗田1020-1",
        "指定緊急避難場所との住所同一": "1",
        "その他市町村長が必要と認める事項": "",
        "受入対象者": "",
        "備考": ""
      }
    },
    {
      "type": "Feature",
      "geometry": {
        "type": "Point",
        "coordinates": [
          133.816481,
          34.204964
        ]
      },
      "properties": {
        "NO": "250",
        "共通ID": "E3740300016111",
        "施設・場所名": "象郷農業構造改善センター",
        "住所": "香川県琴平町苗田631-3",
        "指定緊急避難場所との住所同一": "1",
        "その他市町村長が必要と認める事項": "",
        "受入対象者": "",
        "備考": ""
      }
    },
    {
      "type": "Feature",
      "geometry": {
        "type": "Point",
        "coordinates": [
          133.816803,
          34.204868
        ]
      },
      "properties": {
        "NO": "251",
        "共通ID": "E3740300017111",
        "施設・場所名": "琴平町立北こども園めばえ棟",
        "住所": "香川県琴平町苗田634-1",
        "指定緊急避難場所との住所同一": "1",
        "その他市町村長が必要と認める事項": "",
        "受入対象者": "",
        "備考": ""
      }
    },
    {
      "type": "Feature",
      "geometry": {
        "type": "Point",
        "coordinates": [
          133.816233,
          34.196237
        ]
      },
      "properties": {
        "NO": "252",
        "共通ID": "E3740300018111",
        "施設・場所名": "琴平町ふれあい交流館",
        "住所": "香川県琴平町苗田995-4",
        "指定緊急避難場所との住所同一": "1",
        "その他市町村長が必要と認める事項": "",
        "受入対象者": "",
        "備考": ""
      }
    },
    {
      "type": "Feature",
      "geometry": {
        "type": "Point",
        "coordinates": [
          134.105435,
          34.404478
        ]
      },
      "properties": {
        "NO": "253",
        "共通ID": "E3720100002111",
        "施設・場所名": "庵治第二小学校",
        "住所": "香川県高松市庵治町6034-1",
        "指定緊急避難場所との住所同一": "1",
        "その他市町村長が必要と認める事項": "",
        "受入対象者": "",
        "備考": ""
      }
    },
    {
      "type": "Feature",
      "geometry": {
        "type": "Point",
        "coordinates": [
          134.131391,
          34.383647
        ]
      },
      "properties": {
        "NO": "254",
        "共通ID": "E3720100005111",
        "施設・場所名": "庵治中学校",
        "住所": "香川県高松市庵治町691-1",
        "指定緊急避難場所との住所同一": "1",
        "その他市町村長が必要と認める事項": null,
        "受入対象者": null,
        "備考": ""
      }
    },
    {
      "type": "Feature",
      "geometry": {
        "type": "Point",
        "coordinates": [
          134.130944,
          34.385328
        ]
      },
      "properties": {
        "NO": "255",
        "共通ID": "E3720100006111",
        "施設・場所名": "庵治小学校",
        "住所": "香川県高松市庵治町790-1",
        "指定緊急避難場所との住所同一": "1",
        "その他市町村長が必要と認める事項": null,
        "受入対象者": null,
        "備考": ""
      }
    },
    {
      "type": "Feature",
      "geometry": {
        "type": "Point",
        "coordinates": [
          134.130328,
          34.385389
        ]
      },
      "properties": {
        "NO": "256",
        "共通ID": "E3720100007111",
        "施設・場所名": "庵治小学校第二体育館",
        "住所": "香川県高松市庵治町866-4",
        "指定緊急避難場所との住所同一": "1",
        "その他市町村長が必要と認める事項": null,
        "受入対象者": null,
        "備考": ""
      }
    },
    {
      "type": "Feature",
      "geometry": {
        "type": "Point",
        "coordinates": [
          134.12991,
          34.385261
        ]
      },
      "properties": {
        "NO": "257",
        "共通ID": "E3720100008111",
        "施設・場所名": "庵治コミュニティセンター・庵治武道館",
        "住所": "香川県高松市庵治町888-1",
        "指定緊急避難場所との住所同一": "1",
        "その他市町村長が必要と認める事項": null,
        "受入対象者": null,
        "備考": ""
      }
    },
    {
      "type": "Feature",
      "geometry": {
        "type": "Point",
        "coordinates": [
          134.024384,
          34.292597
        ]
      },
      "properties": {
        "NO": "258",
        "共通ID": "E3720100009111",
        "施設・場所名": "一宮中学校",
        "住所": "香川県高松市一宮町1185-1",
        "指定緊急避難場所との住所同一": "1",
        "その他市町村長が必要と認める事項": null,
        "受入対象者": null,
        "備考": ""
      }
    },
    {
      "type": "Feature",
      "geometry": {
        "type": "Point",
        "coordinates": [
          134.024381,
          34.285948
        ]
      },
      "properties": {
        "NO": "259",
        "共通ID": "E3720100011111",
        "施設・場所名": "高松南高等学校（体育館）",
        "住所": "香川県高松市一宮町531",
        "指定緊急避難場所との住所同一": "1",
        "その他市町村長が必要と認める事項": null,
        "受入対象者": null,
        "備考": ""
      }
    },
    {
      "type": "Feature",
      "geometry": {
        "type": "Point",
        "coordinates": [
          134.02392,
          34.290894
        ]
      },
      "properties": {
        "NO": "260",
        "共通ID": "E3720100012111",
        "施設・場所名": "一宮小学校",
        "住所": "香川県高松市一宮町672-1",
        "指定緊急避難場所との住所同一": "1",
        "その他市町村長が必要と認める事項": null,
        "受入対象者": null,
        "備考": ""
      }
    },
    {
      "type": "Feature",
      "geometry": {
        "type": "Point",
        "coordinates": [
          134.02893,
          34.29068
        ]
      },
      "properties": {
        "NO": "261",
        "共通ID": "E3720100013111",
        "施設・場所名": "一宮コミュニティセンター",
        "住所": "香川県高松市一宮町838-1",
        "指定緊急避難場所との住所同一": "1",
        "その他市町村長が必要と認める事項": null,
        "受入対象者": null,
        "備考": ""
      }
    },
    {
      "type": "Feature",
      "geometry": {
        "type": "Point",
        "coordinates": [
          134.005521,
          34.285403
        ]
      },
      "properties": {
        "NO": "262",
        "共通ID": "E3720100014111",
        "施設・場所名": "円座コミュニティセンター",
        "住所": "香川県高松市円座町1622-1",
        "指定緊急避難場所との住所同一": "1",
        "その他市町村長が必要と認める事項": null,
        "受入対象者": null,
        "備考": ""
      }
    },
    {
      "type": "Feature",
      "geometry": {
        "type": "Point",
        "coordinates": [
          134.005042,
          34.284695
        ]
      },
      "properties": {
        "NO": "263",
        "共通ID": "E3720100015111",
        "施設・場所名": "円座小学校",
        "住所": "香川県高松市円座町1630-2",
        "指定緊急避難場所との住所同一": "1",
        "その他市町村長が必要と認める事項": null,
        "受入対象者": null,
        "備考": ""
      }
    },
    {
      "type": "Feature",
      "geometry": {
        "type": "Point",
        "coordinates": [
          134.00962,
          34.295121
        ]
      },
      "properties": {
        "NO": "264",
        "共通ID": "E3720100016111",
        "施設・場所名": "香東中学校",
        "住所": "香川県高松市円座町771",
        "指定緊急避難場所との住所同一": "1",
        "その他市町村長が必要と認める事項": null,
        "受入対象者": null,
        "備考": ""
      }
    },
    {
      "type": "Feature",
      "geometry": {
        "type": "Point",
        "coordinates": [
          134.041365,
          34.196352
        ]
      },
      "properties": {
        "NO": "265",
        "共通ID": "E3720100017111",
        "施設・場所名": "塩江コミュニティセンター",
        "住所": "香川県高松市塩江町安原下第2-1645",
        "指定緊急避難場所との住所同一": "1",
        "その他市町村長が必要と認める事項": null,
        "受入対象者": null,
        "備考": ""
      }
    },
    {
      "type": "Feature",
      "geometry": {
        "type": "Point",
        "coordinates": [
          134.040656,
          34.197628
        ]
      },
      "properties": {
        "NO": "266",
        "共通ID": "E3720100018111",
        "施設・場所名": "安原小学校跡施設",
        "住所": "香川県高松市塩江町安原下第2-1684",
        "指定緊急避難場所との住所同一": "1",
        "その他市町村長が必要と認める事項": null,
        "受入対象者": null,
        "備考": ""
      }
    },
    {
      "type": "Feature",
      "geometry": {
        "type": "Point",
        "coordinates": [
          134.073955,
          34.181687
        ]
      },
      "properties": {
        "NO": "267",
        "共通ID": "E3720100020111",
        "施設・場所名": "塩江小・中学校",
        "住所": "香川県高松市塩江町安原上231",
        "指定緊急避難場所との住所同一": "1",
        "その他市町村長が必要と認める事項": null,
        "受入対象者": null,
        "備考": ""
      }
    },
    {
      "type": "Feature",
      "geometry": {
        "type": "Point",
        "coordinates": [
          134.08352,
          34.170303
        ]
      },
      "properties": {
        "NO": "268",
        "共通ID": "E3720100021111",
        "施設・場所名": "塩江小学校跡施設",
        "住所": "香川県高松市塩江町安原上東365",
        "指定緊急避難場所との住所同一": "1",
        "その他市町村長が必要と認める事項": null,
        "受入対象者": null,
        "備考": ""
      }
    },
    {
      "type": "Feature",
      "geometry": {
        "type": "Point",
        "coordinates": [
          134.076804,
          34.152251
        ]
      },
      "properties": {
        "NO": "269",
        "共通ID": "E3720100024111",
        "施設・場所名": "上西小学校跡施設",
        "住所": "香川県高松市塩江町上西乙461",
        "指定緊急避難場所との住所同一": "1",
        "その他市町村長が必要と認める事項": null,
        "受入対象者": null,
        "備考": ""
      }
    },
    {
      "type": "Feature",
      "geometry": {
        "type": "Point",
        "coordinates": [
          134.09932,
          34.34776
        ]
      },
      "properties": {
        "NO": "270",
        "共通ID": "E3720100027111",
        "施設・場所名": "屋島小学校",
        "住所": "香川県高松市屋島西町1205-1",
        "指定緊急避難場所との住所同一": "1",
        "その他市町村長が必要と認める事項": null,
        "受入対象者": null,
        "備考": ""
      }
    },
    {
      "type": "Feature",
      "geometry": {
        "type": "Point",
        "coordinates": [
          134.090008,
          34.350982
        ]
      },
      "properties": {
        "NO": "271",
        "共通ID": "E3720100028111",
        "施設・場所名": "屋島西小学校",
        "住所": "香川県高松市屋島西町2469",
        "指定緊急避難場所との住所同一": "1",
        "その他市町村長が必要と認める事項": null,
        "受入対象者": null,
        "備考": ""
      }
    },
    {
      "type": "Feature",
      "geometry": {
        "type": "Point",
        "coordinates": [
          134.089186,
          34.35228
        ]
      },
      "properties": {
        "NO": "272",
        "共通ID": "E3720100029111",
        "施設・場所名": "屋島西コミュニティセンター",
        "住所": "香川県高松市屋島西町2483-2",
        "指定緊急避難場所との住所同一": "1",
        "その他市町村長が必要と認める事項": null,
        "受入対象者": null,
        "備考": ""
      }
    },
    {
      "type": "Feature",
      "geometry": {
        "type": "Point",
        "coordinates": [
          134.104937,
          34.340548
        ]
      },
      "properties": {
        "NO": "273",
        "共通ID": "E3720100030111",
        "施設・場所名": "屋島中学校",
        "住所": "香川県高松市屋島中町295",
        "指定緊急避難場所との住所同一": "1",
        "その他市町村長が必要と認める事項": null,
        "受入対象者": null,
        "備考": ""
      }
    },
    {
      "type": "Feature",
      "geometry": {
        "type": "Point",
        "coordinates": [
          134.101343,
          34.343714
        ]
      },
      "properties": {
        "NO": "274",
        "共通ID": "E3720100031111",
        "施設・場所名": "屋島コミュニティセンター",
        "住所": "香川県高松市屋島中町449-1",
        "指定緊急避難場所との住所同一": "1",
        "その他市町村長が必要と認める事項": "",
        "受入対象者": "",
        "備考": ""
      }
    },
    {
      "type": "Feature",
      "geometry": {
        "type": "Point",
        "coordinates": [
          134.115942,
          34.354989
        ]
      },
      "properties": {
        "NO": "275",
        "共通ID": "E3720100032111",
        "施設・場所名": "屋島東コミュニティセンター",
        "住所": "香川県高松市屋島東町928",
        "指定緊急避難場所との住所同一": "1",
        "その他市町村長が必要と認める事項": null,
        "受入対象者": null,
        "備考": ""
      }
    },
    {
      "type": "Feature",
      "geometry": {
        "type": "Point",
        "coordinates": [
          134.116431,
          34.354373
        ]
      },
      "properties": {
        "NO": "276",
        "共通ID": "E3720100033111",
        "施設・場所名": "屋島東小学校",
        "住所": "香川県高松市屋島東町942-1",
        "指定緊急避難場所との住所同一": "1",
        "その他市町村長が必要と認める事項": null,
        "受入対象者": null,
        "備考": ""
      }
    },
    {
      "type": "Feature",
      "geometry": {
        "type": "Point",
        "coordinates": [
          134.057743,
          34.333878
        ]
      },
      "properties": {
        "NO": "277",
        "共通ID": "E3720100034111",
        "施設・場所名": "花園小学校",
        "住所": "香川県高松市花園町2-7-7",
        "指定緊急避難場所との住所同一": "1",
        "その他市町村長が必要と認める事項": null,
        "受入対象者": null,
        "備考": ""
      }
    },
    {
      "type": "Feature",
      "geometry": {
        "type": "Point",
        "coordinates": [
          134.056903,
          34.336066
        ]
      },
      "properties": {
        "NO": "278",
        "共通ID": "E3720100035111",
        "施設・場所名": "花園コミュニティセンター",
        "住所": "香川県高松市観光通2-8-9",
        "指定緊急避難場所との住所同一": "1",
        "その他市町村長が必要と認める事項": null,
        "受入対象者": null,
        "備考": ""
      }
    },
    {
      "type": "Feature",
      "geometry": {
        "type": "Point",
        "coordinates": [
          133.993281,
          34.327089
        ]
      },
      "properties": {
        "NO": "279",
        "共通ID": "E3720100036111",
        "施設・場所名": "鬼無コミュニティセンター",
        "住所": "香川県高松市鬼無町佐藤31-3",
        "指定緊急避難場所との住所同一": "1",
        "その他市町村長が必要と認める事項": null,
        "受入対象者": null,
        "備考": ""
      }
    },
    {
      "type": "Feature",
      "geometry": {
        "type": "Point",
        "coordinates": [
          133.988583,
          34.326681
        ]
      },
      "properties": {
        "NO": "280",
        "共通ID": "E3720100037111",
        "施設・場所名": "鬼無小学校",
        "住所": "香川県高松市鬼無町佐藤607-1",
        "指定緊急避難場所との住所同一": "1",
        "その他市町村長が必要と認める事項": null,
        "受入対象者": null,
        "備考": ""
      }
    },
    {
      "type": "Feature",
      "geometry": {
        "type": "Point",
        "coordinates": [
          134.039785,
          34.337864
        ]
      },
      "properties": {
        "NO": "281",
        "共通ID": "E3720100038111",
        "施設・場所名": "亀阜小学校",
        "住所": "香川県高松市亀岡町10-1",
        "指定緊急避難場所との住所同一": "1",
        "その他市町村長が必要と認める事項": null,
        "受入対象者": null,
        "備考": ""
      }
    },
    {
      "type": "Feature",
      "geometry": {
        "type": "Point",
        "coordinates": [
          134.035311,
          34.339617
        ]
      },
      "properties": {
        "NO": "282",
        "共通ID": "E3720100039111",
        "施設・場所名": "亀阜コミュニティセンター",
        "住所": "香川県高松市宮脇町1-6-18",
        "指定緊急避難場所との住所同一": "1",
        "その他市町村長が必要と認める事項": null,
        "受入対象者": null,
        "備考": ""
      }
    },
    {
      "type": "Feature",
      "geometry": {
        "type": "Point",
        "coordinates": [
          134.040962,
          34.345869
        ]
      },
      "properties": {
        "NO": "283",
        "共通ID": "E3720100041111",
        "施設・場所名": "新番丁小学校",
        "住所": "香川県高松市錦町2-14-1",
        "指定緊急避難場所との住所同一": "1",
        "その他市町村長が必要と認める事項": null,
        "受入対象者": null,
        "備考": ""
      }
    },
    {
      "type": "Feature",
      "geometry": {
        "type": "Point",
        "coordinates": [
          134.04965,
          34.330619
        ]
      },
      "properties": {
        "NO": "284",
        "共通ID": "E3720100042111",
        "施設・場所名": "栗林小学校",
        "住所": "香川県高松市栗林町2-10-7",
        "指定緊急避難場所との住所同一": "1",
        "その他市町村長が必要と認める事項": null,
        "受入対象者": null,
        "備考": ""
      }
    },
    {
      "type": "Feature",
      "geometry": {
        "type": "Point",
        "coordinates": [
          134.048038,
          34.328885
        ]
      },
      "properties": {
        "NO": "285",
        "共通ID": "E3720100043111",
        "施設・場所名": "栗林コミュニティセンター",
        "住所": "香川県高松市栗林町3-2-12",
        "指定緊急避難場所との住所同一": "1",
        "その他市町村長が必要と認める事項": null,
        "受入対象者": null,
        "備考": ""
      }
    },
    {
      "type": "Feature",
      "geometry": {
        "type": "Point",
        "coordinates": [
          134.089469,
          34.307055
        ]
      },
      "properties": {
        "NO": "286",
        "共通ID": "E3720100044111",
        "施設・場所名": "川添コミュニティセンター",
        "住所": "香川県高松市元山町136-4",
        "指定緊急避難場所との住所同一": "1",
        "その他市町村長が必要と認める事項": null,
        "受入対象者": null,
        "備考": ""
      }
    },
    {
      "type": "Feature",
      "geometry": {
        "type": "Point",
        "coordinates": [
          134.086283,
          34.307271
        ]
      },
      "properties": {
        "NO": "287",
        "共通ID": "E3720100045111",
        "施設・場所名": "協和中学校",
        "住所": "香川県高松市元山町88-2",
        "指定緊急避難場所との住所同一": "1",
        "その他市町村長が必要と認める事項": null,
        "受入対象者": null,
        "備考": ""
      }
    },
    {
      "type": "Feature",
      "geometry": {
        "type": "Point",
        "coordinates": [
          133.994707,
          34.300928
        ]
      },
      "properties": {
        "NO": "288",
        "共通ID": "E3720100046111",
        "施設・場所名": "檀紙コミュニティセンター",
        "住所": "香川県高松市御厩町775-1",
        "指定緊急避難場所との住所同一": "1",
        "その他市町村長が必要と認める事項": null,
        "受入対象者": null,
        "備考": ""
      }
    },
    {
      "type": "Feature",
      "geometry": {
        "type": "Point",
        "coordinates": [
          133.993878,
          34.300437
        ]
      },
      "properties": {
        "NO": "289",
        "共通ID": "E3720100047111",
        "施設・場所名": "檀紙小学校",
        "住所": "香川県高松市御厩町816",
        "指定緊急避難場所との住所同一": "1",
        "その他市町村長が必要と認める事項": null,
        "受入対象者": null,
        "備考": ""
      }
    },
    {
      "type": "Feature",
      "geometry": {
        "type": "Point",
        "coordinates": [
          134.036577,
          34.339926
        ]
      },
      "properties": {
        "NO": "290",
        "共通ID": "E3720100048111",
        "施設・場所名": "香川大学（経済学部構内体育館）",
        "住所": "香川県高松市幸町1-1",
        "指定緊急避難場所との住所同一": "1",
        "その他市町村長が必要と認める事項": null,
        "受入対象者": null,
        "備考": ""
      }
    },
    {
      "type": "Feature",
      "geometry": {
        "type": "Point",
        "coordinates": [
          134.000809,
          34.341839
        ]
      },
      "properties": {
        "NO": "291",
        "共通ID": "E3720100195121",
        "施設・場所名": "ふれあい福祉センター勝賀",
        "住所": "香川県高松市香西南町476-1",
        "指定緊急避難場所との住所同一": "",
        "その他市町村長が必要と認める事項": "",
        "受入対象者": "乳児、妊産婦とその家族",
        "備考": ""
      }
    },
    {
      "type": "Feature",
      "geometry": {
        "type": "Point",
        "coordinates": [
          133.999251,
          34.342987
        ]
      },
      "properties": {
        "NO": "292",
        "共通ID": "E3720100049111",
        "施設・場所名": "勝賀中学校",
        "住所": "香川県高松市香西南町565",
        "指定緊急避難場所との住所同一": "1",
        "その他市町村長が必要と認める事項": null,
        "受入対象者": null,
        "備考": ""
      }
    },
    {
      "type": "Feature",
      "geometry": {
        "type": "Point",
        "coordinates": [
          133.998554,
          34.345214
        ]
      },
      "properties": {
        "NO": "293",
        "共通ID": "E3720100050111",
        "施設・場所名": "香西小学校",
        "住所": "香川県高松市香西南町703-1",
        "指定緊急避難場所との住所同一": "1",
        "その他市町村長が必要と認める事項": null,
        "受入対象者": null,
        "備考": ""
      }
    },
    {
      "type": "Feature",
      "geometry": {
        "type": "Point",
        "coordinates": [
          133.996263,
          34.346912
        ]
      },
      "properties": {
        "NO": "294",
        "共通ID": "E3720100051111",
        "施設・場所名": "香西コミュニティセンター",
        "住所": "香川県高松市香西本町476-1",
        "指定緊急避難場所との住所同一": "1",
        "その他市町村長が必要と認める事項": null,
        "受入対象者": null,
        "備考": ""
      }
    },
    {
      "type": "Feature",
      "geometry": {
        "type": "Point",
        "coordinates": [
          134.028709,
          34.255096
        ]
      },
      "properties": {
        "NO": "295",
        "共通ID": "E3720100053111",
        "施設・場所名": "香川総合体育館",
        "住所": "香川県高松市香川町川東下1917-1",
        "指定緊急避難場所との住所同一": "1",
        "その他市町村長が必要と認める事項": null,
        "受入対象者": null,
        "備考": ""
      }
    },
    {
      "type": "Feature",
      "geometry": {
        "type": "Point",
        "coordinates": [
          134.034428,
          34.241463
        ]
      },
      "properties": {
        "NO": "296",
        "共通ID": "E3720100054111",
        "施設・場所名": "川東コミュニティセンター",
        "住所": "香川県高松市香川町川東上1865-13",
        "指定緊急避難場所との住所同一": "1",
        "その他市町村長が必要と認める事項": "",
        "受入対象者": "",
        "備考": ""
      }
    },
    {
      "type": "Feature",
      "geometry": {
        "type": "Point",
        "coordinates": [
          134.033942,
          34.241312
        ]
      },
      "properties": {
        "NO": "297",
        "共通ID": "E3720100054121",
        "施設・場所名": "香川総合センター",
        "住所": "香川県高松市香川町川東上1865-13",
        "指定緊急避難場所との住所同一": "1",
        "その他市町村長が必要と認める事項": "",
        "受入対象者": "乳児、妊産婦とその家族",
        "備考": ""
      }
    },
    {
      "type": "Feature",
      "geometry": {
        "type": "Point",
        "coordinates": [
          134.035103,
          34.241054
        ]
      },
      "properties": {
        "NO": "298",
        "共通ID": "E3720100055111",
        "施設・場所名": "川東小学校",
        "住所": "香川県高松市香川町川東上1865-8",
        "指定緊急避難場所との住所同一": "1",
        "その他市町村長が必要と認める事項": null,
        "受入対象者": null,
        "備考": ""
      }
    },
    {
      "type": "Feature",
      "geometry": {
        "type": "Point",
        "coordinates": [
          134.031672,
          34.252833
        ]
      },
      "properties": {
        "NO": "299",
        "共通ID": "E3720100057111",
        "施設・場所名": "香川第一中学校",
        "住所": "香川県高松市香川町浅野1188",
        "指定緊急避難場所との住所同一": "1",
        "その他市町村長が必要と認める事項": null,
        "受入対象者": null,
        "備考": ""
      }
    },
    {
      "type": "Feature",
      "geometry": {
        "type": "Point",
        "coordinates": [
          134.040857,
          34.259383
        ]
      },
      "properties": {
        "NO": "300",
        "共通ID": "E3720100058111",
        "施設・場所名": "浅野小学校",
        "住所": "香川県高松市香川町浅野3088",
        "指定緊急避難場所との住所同一": "1",
        "その他市町村長が必要と認める事項": null,
        "受入対象者": null,
        "備考": ""
      }
    },
    {
      "type": "Feature",
      "geometry": {
        "type": "Point",
        "coordinates": [
          134.035679,
          34.256635
        ]
      },
      "properties": {
        "NO": "301",
        "共通ID": "E3720100059111",
        "施設・場所名": "浅野コミュニティセンター",
        "住所": "香川県高松市香川町浅野826-2",
        "指定緊急避難場所との住所同一": "1",
        "その他市町村長が必要と認める事項": null,
        "受入対象者": null,
        "備考": ""
      }
    },
    {
      "type": "Feature",
      "geometry": {
        "type": "Point",
        "coordinates": [
          134.027446,
          34.267098
        ]
      },
      "properties": {
        "NO": "302",
        "共通ID": "E3720100060111",
        "施設・場所名": "大野小学校",
        "住所": "香川県高松市香川町大野1045-1",
        "指定緊急避難場所との住所同一": "1",
        "その他市町村長が必要と認める事項": null,
        "受入対象者": null,
        "備考": ""
      }
    },
    {
      "type": "Feature",
      "geometry": {
        "type": "Point",
        "coordinates": [
          134.024651,
          34.267201
        ]
      },
      "properties": {
        "NO": "303",
        "共通ID": "E3720100061111",
        "施設・場所名": "大野コミュニティセンター",
        "住所": "香川県高松市香川町大野1329-1",
        "指定緊急避難場所との住所同一": "1",
        "その他市町村長が必要と認める事項": null,
        "受入対象者": null,
        "備考": ""
      }
    },
    {
      "type": "Feature",
      "geometry": {
        "type": "Point",
        "coordinates": [
          134.061675,
          34.204619
        ]
      },
      "properties": {
        "NO": "304",
        "共通ID": "E3720100063111",
        "施設・場所名": "東谷コミュニティセンター",
        "住所": "香川県高松市香川町東谷873-3",
        "指定緊急避難場所との住所同一": "1",
        "その他市町村長が必要と認める事項": null,
        "受入対象者": null,
        "備考": ""
      }
    },
    {
      "type": "Feature",
      "geometry": {
        "type": "Point",
        "coordinates": [
          134.008522,
          34.241624
        ]
      },
      "properties": {
        "NO": "305",
        "共通ID": "E3720100064111",
        "施設・場所名": "香南小学校",
        "住所": "香川県高松市香南町横井1008",
        "指定緊急避難場所との住所同一": "1",
        "その他市町村長が必要と認める事項": null,
        "受入対象者": null,
        "備考": ""
      }
    },
    {
      "type": "Feature",
      "geometry": {
        "type": "Point",
        "coordinates": [
          134.008528,
          34.242587
        ]
      },
      "properties": {
        "NO": "306",
        "共通ID": "E3720100066111",
        "施設・場所名": "香南中学校",
        "住所": "香川県高松市香南町横井801",
        "指定緊急避難場所との住所同一": "1",
        "その他市町村長が必要と認める事項": null,
        "受入対象者": null,
        "備考": ""
      }
    },
    {
      "type": "Feature",
      "geometry": {
        "type": "Point",
        "coordinates": [
          134.000386,
          34.245215
        ]
      },
      "properties": {
        "NO": "307",
        "共通ID": "E3720100067111",
        "施設・場所名": "池西農村環境改善センター",
        "住所": "香川県高松市香南町池内522-1",
        "指定緊急避難場所との住所同一": "1",
        "その他市町村長が必要と認める事項": null,
        "受入対象者": null,
        "備考": ""
      }
    },
    {
      "type": "Feature",
      "geometry": {
        "type": "Point",
        "coordinates": [
          134.012895,
          34.240038
        ]
      },
      "properties": {
        "NO": "308",
        "共通ID": "E3720100068111",
        "施設・場所名": "香南コミュニティセンター",
        "住所": "香川県高松市香南町由佐1172",
        "指定緊急避難場所との住所同一": "1",
        "その他市町村長が必要と認める事項": null,
        "受入対象者": null,
        "備考": ""
      }
    },
    {
      "type": "Feature",
      "geometry": {
        "type": "Point",
        "coordinates": [
          134.018989,
          34.240313
        ]
      },
      "properties": {
        "NO": "309",
        "共通ID": "E3720100069111",
        "施設・場所名": "由佐農村環境改善センター",
        "住所": "香川県高松市香南町由佐357-2",
        "指定緊急避難場所との住所同一": "1",
        "その他市町村長が必要と認める事項": null,
        "受入対象者": null,
        "備考": ""
      }
    },
    {
      "type": "Feature",
      "geometry": {
        "type": "Point",
        "coordinates": [
          134.107479,
          34.335655
        ]
      },
      "properties": {
        "NO": "310",
        "共通ID": "E3720100070111",
        "施設・場所名": "古高松コミュニティセンター",
        "住所": "香川県高松市高松町10-20",
        "指定緊急避難場所との住所同一": "1",
        "その他市町村長が必要と認める事項": null,
        "受入対象者": null,
        "備考": ""
      }
    },
    {
      "type": "Feature",
      "geometry": {
        "type": "Point",
        "coordinates": [
          134.107306,
          34.331628
        ]
      },
      "properties": {
        "NO": "311",
        "共通ID": "E3720100073111",
        "施設・場所名": "古高松小学校",
        "住所": "香川県高松市高松町398",
        "指定緊急避難場所との住所同一": "1",
        "その他市町村長が必要と認める事項": null,
        "受入対象者": null,
        "備考": ""
      }
    },
    {
      "type": "Feature",
      "geometry": {
        "type": "Point",
        "coordinates": [
          133.942127,
          34.299295
        ]
      },
      "properties": {
        "NO": "312",
        "共通ID": "E3720100074111",
        "施設・場所名": "香川県青年センター",
        "住所": "香川県高松市国分寺町国分1009",
        "指定緊急避難場所との住所同一": "1",
        "その他市町村長が必要と認める事項": null,
        "受入対象者": null,
        "備考": ""
      }
    },
    {
      "type": "Feature",
      "geometry": {
        "type": "Point",
        "coordinates": [
          133.964913,
          34.297401
        ]
      },
      "properties": {
        "NO": "313",
        "共通ID": "E3720100078111",
        "施設・場所名": "国分寺中学校",
        "住所": "香川県高松市国分寺町新居1131-1",
        "指定緊急避難場所との住所同一": "1",
        "その他市町村長が必要と認める事項": null,
        "受入対象者": null,
        "備考": ""
      }
    },
    {
      "type": "Feature",
      "geometry": {
        "type": "Point",
        "coordinates": [
          133.965289,
          34.297346
        ]
      },
      "properties": {
        "NO": "314",
        "共通ID": "E3720100079111",
        "施設・場所名": "国分寺中学校第二体育館",
        "住所": "香川県高松市国分寺町新居1155-7",
        "指定緊急避難場所との住所同一": "1",
        "その他市町村長が必要と認める事項": null,
        "受入対象者": null,
        "備考": ""
      }
    },
    {
      "type": "Feature",
      "geometry": {
        "type": "Point",
        "coordinates": [
          133.959946,
          34.29731
        ]
      },
      "properties": {
        "NO": "315",
        "共通ID": "E3720100196121",
        "施設・場所名": "国分寺総合センター",
        "住所": "香川県高松市国分寺町新居1298",
        "指定緊急避難場所との住所同一": "",
        "その他市町村長が必要と認める事項": "",
        "受入対象者": "乳児、妊産婦とその家族",
        "備考": ""
      }
    },
    {
      "type": "Feature",
      "geometry": {
        "type": "Point",
        "coordinates": [
          133.959232,
          34.299599
        ]
      },
      "properties": {
        "NO": "316",
        "共通ID": "E3720100080111",
        "施設・場所名": "国分寺文化センター",
        "住所": "香川県高松市国分寺町新居1423-1",
        "指定緊急避難場所との住所同一": "1",
        "その他市町村長が必要と認める事項": null,
        "受入対象者": null,
        "備考": ""
      }
    },
    {
      "type": "Feature",
      "geometry": {
        "type": "Point",
        "coordinates": [
          133.96236,
          34.305378
        ]
      },
      "properties": {
        "NO": "317",
        "共通ID": "E3720100081111",
        "施設・場所名": "国分寺北部コミュニティセンター",
        "住所": "香川県高松市国分寺町新居1840-6",
        "指定緊急避難場所との住所同一": "1",
        "その他市町村長が必要と認める事項": null,
        "受入対象者": null,
        "備考": ""
      }
    },
    {
      "type": "Feature",
      "geometry": {
        "type": "Point",
        "coordinates": [
          133.963875,
          34.306056
        ]
      },
      "properties": {
        "NO": "318",
        "共通ID": "E3720100082111",
        "施設・場所名": "国分寺北部小学校",
        "住所": "香川県高松市国分寺町新居1880",
        "指定緊急避難場所との住所同一": "1",
        "その他市町村長が必要と認める事項": null,
        "受入対象者": null,
        "備考": ""
      }
    },
    {
      "type": "Feature",
      "geometry": {
        "type": "Point",
        "coordinates": [
          133.961465,
          34.283079
        ]
      },
      "properties": {
        "NO": "319",
        "共通ID": "E3720100088111",
        "施設・場所名": "国分寺勤労青少年ホーム",
        "住所": "香川県高松市国分寺町福家甲3005",
        "指定緊急避難場所との住所同一": "1",
        "その他市町村長が必要と認める事項": "",
        "受入対象者": "",
        "備考": ""
      }
    },
    {
      "type": "Feature",
      "geometry": {
        "type": "Point",
        "coordinates": [
          133.961983,
          34.283943
        ]
      },
      "properties": {
        "NO": "320",
        "共通ID": "E3720100088112",
        "施設・場所名": "国分寺南部小学校",
        "住所": "香川県高松市国分寺町福家甲3005",
        "指定緊急避難場所との住所同一": "1",
        "その他市町村長が必要と認める事項": "",
        "受入対象者": "",
        "備考": ""
      }
    },
    {
      "type": "Feature",
      "geometry": {
        "type": "Point",
        "coordinates": [
          133.961047,
          34.284135
        ]
      },
      "properties": {
        "NO": "321",
        "共通ID": "E3720100089111",
        "施設・場所名": "国分寺南部コミュニティセンター",
        "住所": "香川県高松市国分寺町福家甲3106-3",
        "指定緊急避難場所との住所同一": "1",
        "その他市町村長が必要と認める事項": null,
        "受入対象者": null,
        "備考": ""
      }
    },
    {
      "type": "Feature",
      "geometry": {
        "type": "Point",
        "coordinates": [
          134.052323,
          34.326761
        ]
      },
      "properties": {
        "NO": "322",
        "共通ID": "E3720100091111",
        "施設・場所名": "桜町中学校",
        "住所": "香川県高松市桜町2-12-4",
        "指定緊急避難場所との住所同一": "1",
        "その他市町村長が必要と認める事項": null,
        "受入対象者": null,
        "備考": ""
      }
    },
    {
      "type": "Feature",
      "geometry": {
        "type": "Point",
        "coordinates": [
          134.052026,
          34.327679
        ]
      },
      "properties": {
        "NO": "323",
        "共通ID": "E3720100092111",
        "施設・場所名": "高松第一高校",
        "住所": "香川県高松市桜町2-5-10",
        "指定緊急避難場所との住所同一": "1",
        "その他市町村長が必要と認める事項": "",
        "受入対象者": "",
        "備考": ""
      }
    },
    {
      "type": "Feature",
      "geometry": {
        "type": "Point",
        "coordinates": [
          134.06908,
          34.277946
        ]
      },
      "properties": {
        "NO": "324",
        "共通ID": "E3720100093111",
        "施設・場所名": "三谷コミュニティセンター",
        "住所": "香川県高松市三谷町1201-1",
        "指定緊急避難場所との住所同一": "1",
        "その他市町村長が必要と認める事項": null,
        "受入対象者": null,
        "備考": ""
      }
    },
    {
      "type": "Feature",
      "geometry": {
        "type": "Point",
        "coordinates": [
          134.068849,
          34.273758
        ]
      },
      "properties": {
        "NO": "325",
        "共通ID": "E3720100094111",
        "施設・場所名": "三渓小学校",
        "住所": "香川県高松市三谷町2173-1",
        "指定緊急避難場所との住所同一": "1",
        "その他市町村長が必要と認める事項": null,
        "受入対象者": null,
        "備考": ""
      }
    },
    {
      "type": "Feature",
      "geometry": {
        "type": "Point",
        "coordinates": [
          134.033483,
          34.341112
        ]
      },
      "properties": {
        "NO": "326",
        "共通ID": "E3720100096111",
        "施設・場所名": "紫雲中学校",
        "住所": "香川県高松市紫雲町8-25",
        "指定緊急避難場所との住所同一": "1",
        "その他市町村長が必要と認める事項": null,
        "受入対象者": null,
        "備考": ""
      }
    },
    {
      "type": "Feature",
      "geometry": {
        "type": "Point",
        "coordinates": [
          134.032459,
          34.299206
        ]
      },
      "properties": {
        "NO": "327",
        "共通ID": "E3720100097111",
        "施設・場所名": "香川大学附属中学校（体育館）",
        "住所": "香川県高松市鹿角町394",
        "指定緊急避難場所との住所同一": "1",
        "その他市町村長が必要と認める事項": null,
        "受入対象者": null,
        "備考": ""
      }
    },
    {
      "type": "Feature",
      "geometry": {
        "type": "Point",
        "coordinates": [
          134.104826,
          34.27405
        ]
      },
      "properties": {
        "NO": "328",
        "共通ID": "E3720100191111",
        "施設・場所名": "十河コミュニティセンター",
        "住所": "香川県高松市十川西町299-1",
        "指定緊急避難場所との住所同一": "1",
        "その他市町村長が必要と認める事項": "",
        "受入対象者": "",
        "備考": ""
      }
    },
    {
      "type": "Feature",
      "geometry": {
        "type": "Point",
        "coordinates": [
          134.102884,
          34.274572
        ]
      },
      "properties": {
        "NO": "329",
        "共通ID": "E3720100098111",
        "施設・場所名": "十河小学校",
        "住所": "香川県高松市十川西町366-5",
        "指定緊急避難場所との住所同一": "1",
        "その他市町村長が必要と認める事項": null,
        "受入対象者": null,
        "備考": ""
      }
    },
    {
      "type": "Feature",
      "geometry": {
        "type": "Point",
        "coordinates": [
          134.051025,
          34.282651
        ]
      },
      "properties": {
        "NO": "330",
        "共通ID": "E3720100099111",
        "施設・場所名": "龍雲中学校",
        "住所": "香川県高松市出作町331-2",
        "指定緊急避難場所との住所同一": "1",
        "その他市町村長が必要と認める事項": null,
        "受入対象者": null,
        "備考": ""
      }
    },
    {
      "type": "Feature",
      "geometry": {
        "type": "Point",
        "coordinates": [
          134.09175,
          34.32699
        ]
      },
      "properties": {
        "NO": "331",
        "共通ID": "E3720100100111",
        "施設・場所名": "古高松南コミュニティセンター",
        "住所": "香川県高松市春日町782-2",
        "指定緊急避難場所との住所同一": "1",
        "その他市町村長が必要と認める事項": null,
        "受入対象者": null,
        "備考": ""
      }
    },
    {
      "type": "Feature",
      "geometry": {
        "type": "Point",
        "coordinates": [
          134.051702,
          34.392091
        ]
      },
      "properties": {
        "NO": "332",
        "共通ID": "E3720100101111",
        "施設・場所名": "女木コミュニティセンター",
        "住所": "香川県高松市女木町203-1",
        "指定緊急避難場所との住所同一": "1",
        "その他市町村長が必要と認める事項": null,
        "受入対象者": null,
        "備考": ""
      }
    },
    {
      "type": "Feature",
      "geometry": {
        "type": "Point",
        "coordinates": [
          134.053328,
          34.39181
        ]
      },
      "properties": {
        "NO": "333",
        "共通ID": "E3720100102111",
        "施設・場所名": "女木小学校",
        "住所": "香川県高松市女木町236-2",
        "指定緊急避難場所との住所同一": "1",
        "その他市町村長が必要と認める事項": null,
        "受入対象者": null,
        "備考": ""
      }
    },
    {
      "type": "Feature",
      "geometry": {
        "type": "Point",
        "coordinates": [
          134.059558,
          34.340061
        ]
      },
      "properties": {
        "NO": "334",
        "共通ID": "E3720100193121",
        "施設・場所名": "たかまつミライエ",
        "住所": "香川県高松市松島町1-15-1",
        "指定緊急避難場所との住所同一": "",
        "その他市町村長が必要と認める事項": "",
        "受入対象者": "乳児、妊産婦とその家族",
        "備考": ""
      }
    },
    {
      "type": "Feature",
      "geometry": {
        "type": "Point",
        "coordinates": [
          134.059944,
          34.338122
        ]
      },
      "properties": {
        "NO": "335",
        "共通ID": "E3720100103111",
        "施設・場所名": "高松商業高等学校（体育館）",
        "住所": "香川県高松市松島町1-18-54",
        "指定緊急避難場所との住所同一": "1",
        "その他市町村長が必要と認める事項": null,
        "受入対象者": null,
        "備考": ""
      }
    },
    {
      "type": "Feature",
      "geometry": {
        "type": "Point",
        "coordinates": [
          134.064051,
          34.313853
        ]
      },
      "properties": {
        "NO": "336",
        "共通ID": "E3720100105111",
        "施設・場所名": "太田中央コミュニティセンター",
        "住所": "香川県高松市松縄町1108-1",
        "指定緊急避難場所との住所同一": "1",
        "その他市町村長が必要と認める事項": null,
        "受入対象者": null,
        "備考": ""
      }
    },
    {
      "type": "Feature",
      "geometry": {
        "type": "Point",
        "coordinates": [
          134.062797,
          34.311495
        ]
      },
      "properties": {
        "NO": "337",
        "共通ID": "E3720100106111",
        "施設・場所名": "中央小学校",
        "住所": "香川県高松市松縄町1138",
        "指定緊急避難場所との住所同一": "1",
        "その他市町村長が必要と認める事項": null,
        "受入対象者": null,
        "備考": ""
      }
    },
    {
      "type": "Feature",
      "geometry": {
        "type": "Point",
        "coordinates": [
          134.065076,
          34.340225
        ]
      },
      "properties": {
        "NO": "338",
        "共通ID": "E3720100107111",
        "施設・場所名": "松島コミュニティセンター",
        "住所": "香川県高松市松福町2-15-24",
        "指定緊急避難場所との住所同一": "1",
        "その他市町村長が必要と認める事項": null,
        "受入対象者": null,
        "備考": ""
      }
    },
    {
      "type": "Feature",
      "geometry": {
        "type": "Point",
        "coordinates": [
          134.028176,
          34.315473
        ]
      },
      "properties": {
        "NO": "339",
        "共通ID": "E3720100108111",
        "施設・場所名": "鶴尾小学校",
        "住所": "香川県高松市松並町636-1",
        "指定緊急避難場所との住所同一": "1",
        "その他市町村長が必要と認める事項": null,
        "受入対象者": null,
        "備考": ""
      }
    },
    {
      "type": "Feature",
      "geometry": {
        "type": "Point",
        "coordinates": [
          134.026055,
          34.315632
        ]
      },
      "properties": {
        "NO": "340",
        "共通ID": "E3720100109111",
        "施設・場所名": "鶴尾中学校跡施設",
        "住所": "香川県高松市松並町639-1",
        "指定緊急避難場所との住所同一": "1",
        "その他市町村長が必要と認める事項": "",
        "受入対象者": "",
        "備考": ""
      }
    },
    {
      "type": "Feature",
      "geometry": {
        "type": "Point",
        "coordinates": [
          134.06598,
          34.333436
        ]
      },
      "properties": {
        "NO": "341",
        "共通ID": "E3720100110111",
        "施設・場所名": "玉藻中学校",
        "住所": "香川県高松市上福岡町714-1",
        "指定緊急避難場所との住所同一": "1",
        "その他市町村長が必要と認める事項": "",
        "受入対象者": "",
        "備考": ""
      }
    },
    {
      "type": "Feature",
      "geometry": {
        "type": "Point",
        "coordinates": [
          134.055948,
          34.347431
        ]
      },
      "properties": {
        "NO": "342",
        "共通ID": "E3720100111111",
        "施設・場所名": "新塩屋町コミュニティセンター",
        "住所": "香川県高松市城東町1-1-47",
        "指定緊急避難場所との住所同一": "1",
        "その他市町村長が必要と認める事項": null,
        "受入対象者": null,
        "備考": ""
      }
    },
    {
      "type": "Feature",
      "geometry": {
        "type": "Point",
        "coordinates": [
          134.102502,
          34.332309
        ]
      },
      "properties": {
        "NO": "343",
        "共通ID": "E3720100112111",
        "施設・場所名": "古高松中学校",
        "住所": "香川県高松市新田町甲190-1",
        "指定緊急避難場所との住所同一": "1",
        "その他市町村長が必要と認める事項": null,
        "受入対象者": null,
        "備考": ""
      }
    },
    {
      "type": "Feature",
      "geometry": {
        "type": "Point",
        "coordinates": [
          134.099002,
          34.32758
        ]
      },
      "properties": {
        "NO": "344",
        "共通ID": "E3720100113111",
        "施設・場所名": "古高松南小学校",
        "住所": "香川県高松市新田町甲2605",
        "指定緊急避難場所との住所同一": "1",
        "その他市町村長が必要と認める事項": null,
        "受入対象者": null,
        "備考": ""
      }
    },
    {
      "type": "Feature",
      "geometry": {
        "type": "Point",
        "coordinates": [
          134.098383,
          34.193644
        ]
      },
      "properties": {
        "NO": "345",
        "共通ID": "E3720100115111",
        "施設・場所名": "東植田小学校菅沢分校",
        "住所": "香川県高松市菅沢町339",
        "指定緊急避難場所との住所同一": "1",
        "その他市町村長が必要と認める事項": null,
        "受入対象者": null,
        "備考": ""
      }
    },
    {
      "type": "Feature",
      "geometry": {
        "type": "Point",
        "coordinates": [
          134.029806,
          34.347181
        ]
      },
      "properties": {
        "NO": "346",
        "共通ID": "E3720100116111",
        "施設・場所名": "日新小学校跡施設",
        "住所": "香川県高松市瀬戸内町18-2",
        "指定緊急避難場所との住所同一": "1",
        "その他市町村長が必要と認める事項": null,
        "受入対象者": null,
        "備考": ""
      }
    },
    {
      "type": "Feature",
      "geometry": {
        "type": "Point",
        "coordinates": [
          134.032507,
          34.347578
        ]
      },
      "properties": {
        "NO": "347",
        "共通ID": "E3720100117111",
        "施設・場所名": "日新コミュニティセンター",
        "住所": "香川県高松市瀬戸内町22-9",
        "指定緊急避難場所との住所同一": "1",
        "その他市町村長が必要と認める事項": null,
        "受入対象者": null,
        "備考": ""
      }
    },
    {
      "type": "Feature",
      "geometry": {
        "type": "Point",
        "coordinates": [
          133.968683,
          34.358086
        ]
      },
      "properties": {
        "NO": "348",
        "共通ID": "E3720100118111",
        "施設・場所名": "下笠居小学校",
        "住所": "香川県高松市生島町345",
        "指定緊急避難場所との住所同一": "1",
        "その他市町村長が必要と認める事項": null,
        "受入対象者": null,
        "備考": ""
      }
    },
    {
      "type": "Feature",
      "geometry": {
        "type": "Point",
        "coordinates": [
          133.968821,
          34.358699
        ]
      },
      "properties": {
        "NO": "349",
        "共通ID": "E3720100119111",
        "施設・場所名": "下笠居コミュニティセンター",
        "住所": "香川県高松市生島町353-1",
        "指定緊急避難場所との住所同一": "1",
        "その他市町村長が必要と認める事項": null,
        "受入対象者": null,
        "備考": ""
      }
    },
    {
      "type": "Feature",
      "geometry": {
        "type": "Point",
        "coordinates": [
          133.967372,
          34.357679
        ]
      },
      "properties": {
        "NO": "350",
        "共通ID": "E3720100120111",
        "施設・場所名": "下笠居中学校",
        "住所": "香川県高松市生島町372-1",
        "指定緊急避難場所との住所同一": "1",
        "その他市町村長が必要と認める事項": null,
        "受入対象者": null,
        "備考": ""
      }
    },
    {
      "type": "Feature",
      "geometry": {
        "type": "Point",
        "coordinates": [
          134.078873,
          34.240333
        ]
      },
      "properties": {
        "NO": "351",
        "共通ID": "E3720100122111",
        "施設・場所名": "西植田コミュニティセンター",
        "住所": "香川県高松市西植田町2247-1",
        "指定緊急避難場所との住所同一": "1",
        "その他市町村長が必要と認める事項": null,
        "受入対象者": null,
        "備考": ""
      }
    },
    {
      "type": "Feature",
      "geometry": {
        "type": "Point",
        "coordinates": [
          134.07896,
          34.239407
        ]
      },
      "properties": {
        "NO": "352",
        "共通ID": "E3720100123111",
        "施設・場所名": "植田小学校",
        "住所": "香川県高松市西植田町2337",
        "指定緊急避難場所との住所同一": "1",
        "その他市町村長が必要と認める事項": null,
        "受入対象者": null,
        "備考": ""
      }
    },
    {
      "type": "Feature",
      "geometry": {
        "type": "Point",
        "coordinates": [
          134.092407,
          34.267634
        ]
      },
      "properties": {
        "NO": "353",
        "共通ID": "E3720100124111",
        "施設・場所名": "山田中学校",
        "住所": "香川県高松市川島東町1257-1",
        "指定緊急避難場所との住所同一": "1",
        "その他市町村長が必要と認める事項": null,
        "受入対象者": null,
        "備考": ""
      }
    },
    {
      "type": "Feature",
      "geometry": {
        "type": "Point",
        "coordinates": [
          134.089357,
          34.275785
        ]
      },
      "properties": {
        "NO": "354",
        "共通ID": "E3720100125111",
        "施設・場所名": "川島小学校",
        "住所": "香川県高松市川島東町864-1",
        "指定緊急避難場所との住所同一": "1",
        "その他市町村長が必要と認める事項": null,
        "受入対象者": null,
        "備考": ""
      }
    },
    {
      "type": "Feature",
      "geometry": {
        "type": "Point",
        "coordinates": [
          134.085648,
          34.276966
        ]
      },
      "properties": {
        "NO": "355",
        "共通ID": "E3720100192111",
        "施設・場所名": "川島コミュニティセンター",
        "住所": "香川県高松市川島本町191-10",
        "指定緊急避難場所との住所同一": "1",
        "その他市町村長が必要と認める事項": "",
        "受入対象者": "",
        "備考": ""
      }
    },
    {
      "type": "Feature",
      "geometry": {
        "type": "Point",
        "coordinates": [
          134.085685,
          34.276929
        ]
      },
      "properties": {
        "NO": "356",
        "共通ID": "E3720100192121",
        "施設・場所名": "山田総合センター",
        "住所": "香川県高松市川島本町191-10",
        "指定緊急避難場所との住所同一": "1",
        "その他市町村長が必要と認める事項": "",
        "受入対象者": "乳児、妊産婦とその家族",
        "備考": ""
      }
    },
    {
      "type": "Feature",
      "geometry": {
        "type": "Point",
        "coordinates": [
          134.006456,
          34.267454
        ]
      },
      "properties": {
        "NO": "357",
        "共通ID": "E3720100127111",
        "施設・場所名": "川岡小学校",
        "住所": "香川県高松市川部町1552",
        "指定緊急避難場所との住所同一": "1",
        "その他市町村長が必要と認める事項": null,
        "受入対象者": null,
        "備考": ""
      }
    },
    {
      "type": "Feature",
      "geometry": {
        "type": "Point",
        "coordinates": [
          134.009991,
          34.269416
        ]
      },
      "properties": {
        "NO": "358",
        "共通ID": "E3720100128111",
        "施設・場所名": "川岡コミュニティセンター",
        "住所": "香川県高松市川部町486-3",
        "指定緊急避難場所との住所同一": "1",
        "その他市町村長が必要と認める事項": null,
        "受入対象者": null,
        "備考": ""
      }
    },
    {
      "type": "Feature",
      "geometry": {
        "type": "Point",
        "coordinates": [
          134.03652,
          34.344511
        ]
      },
      "properties": {
        "NO": "359",
        "共通ID": "E3720100129111",
        "施設・場所名": "二番丁コミュニティセンター",
        "住所": "香川県高松市扇町2-8-7",
        "指定緊急避難場所との住所同一": "1",
        "その他市町村長が必要と認める事項": null,
        "受入対象者": null,
        "備考": ""
      }
    },
    {
      "type": "Feature",
      "geometry": {
        "type": "Point",
        "coordinates": [
          134.111922,
          34.290857
        ]
      },
      "properties": {
        "NO": "360",
        "共通ID": "E3720100130111",
        "施設・場所名": "高松東高校（体育館）",
        "住所": "香川県高松市前田東町690-1",
        "指定緊急避難場所との住所同一": "1",
        "その他市町村長が必要と認める事項": null,
        "受入対象者": null,
        "備考": ""
      }
    },
    {
      "type": "Feature",
      "geometry": {
        "type": "Point",
        "coordinates": [
          134.112529,
          34.296247
        ]
      },
      "properties": {
        "NO": "361",
        "共通ID": "E3720100131111",
        "施設・場所名": "前田小学校",
        "住所": "香川県高松市前田東町819-3",
        "指定緊急避難場所との住所同一": "1",
        "その他市町村長が必要と認める事項": null,
        "受入対象者": null,
        "備考": ""
      }
    },
    {
      "type": "Feature",
      "geometry": {
        "type": "Point",
        "coordinates": [
          134.112627,
          34.296604
        ]
      },
      "properties": {
        "NO": "362",
        "共通ID": "E3720100132111",
        "施設・場所名": "前田コミュニティセンター",
        "住所": "香川県高松市前田東町838",
        "指定緊急避難場所との住所同一": "1",
        "その他市町村長が必要と認める事項": null,
        "受入対象者": null,
        "備考": ""
      }
    },
    {
      "type": "Feature",
      "geometry": {
        "type": "Point",
        "coordinates": [
          134.057053,
          34.296356
        ]
      },
      "properties": {
        "NO": "363",
        "共通ID": "E3720100133111",
        "施設・場所名": "高松桜井高等学校（体育館）",
        "住所": "香川県高松市多肥上町1250",
        "指定緊急避難場所との住所同一": "1",
        "その他市町村長が必要と認める事項": null,
        "受入対象者": null,
        "備考": ""
      }
    },
    {
      "type": "Feature",
      "geometry": {
        "type": "Point",
        "coordinates": [
          134.051521,
          34.29044
        ]
      },
      "properties": {
        "NO": "364",
        "共通ID": "E3720100135111",
        "施設・場所名": "多肥コミュニティセンター",
        "住所": "香川県高松市多肥上町433-5",
        "指定緊急避難場所との住所同一": "1",
        "その他市町村長が必要と認める事項": null,
        "受入対象者": null,
        "備考": ""
      }
    },
    {
      "type": "Feature",
      "geometry": {
        "type": "Point",
        "coordinates": [
          134.052597,
          34.292556
        ]
      },
      "properties": {
        "NO": "365",
        "共通ID": "E3720100136111",
        "施設・場所名": "多肥小学校",
        "住所": "香川県高松市多肥上町902-2",
        "指定緊急避難場所との住所同一": "1",
        "その他市町村長が必要と認める事項": null,
        "受入対象者": null,
        "備考": ""
      }
    },
    {
      "type": "Feature",
      "geometry": {
        "type": "Point",
        "coordinates": [
          134.045181,
          34.306371
        ]
      },
      "properties": {
        "NO": "366",
        "共通ID": "E3720100137111",
        "施設・場所名": "太田中学校",
        "住所": "香川県高松市太田下町1800",
        "指定緊急避難場所との住所同一": "1",
        "その他市町村長が必要と認める事項": null,
        "受入対象者": null,
        "備考": ""
      }
    },
    {
      "type": "Feature",
      "geometry": {
        "type": "Point",
        "coordinates": [
          134.043543,
          34.305849
        ]
      },
      "properties": {
        "NO": "367",
        "共通ID": "E3720100138111",
        "施設・場所名": "太田南小学校",
        "住所": "香川県高松市太田下町1823-1",
        "指定緊急避難場所との住所同一": "1",
        "その他市町村長が必要と認める事項": null,
        "受入対象者": null,
        "備考": ""
      }
    },
    {
      "type": "Feature",
      "geometry": {
        "type": "Point",
        "coordinates": [
          134.041333,
          34.30187
        ]
      },
      "properties": {
        "NO": "368",
        "共通ID": "E3720100139111",
        "施設・場所名": "太田南コミュニティセンター",
        "住所": "香川県高松市太田上町1045-2",
        "指定緊急避難場所との住所同一": "1",
        "その他市町村長が必要と認める事項": null,
        "受入対象者": null,
        "備考": ""
      }
    },
    {
      "type": "Feature",
      "geometry": {
        "type": "Point",
        "coordinates": [
          134.056853,
          34.420051
        ]
      },
      "properties": {
        "NO": "369",
        "共通ID": "E3720100141111",
        "施設・場所名": "男木小・中学校",
        "住所": "香川県高松市男木町165",
        "指定緊急避難場所との住所同一": "1",
        "その他市町村長が必要と認める事項": null,
        "受入対象者": null,
        "備考": ""
      }
    },
    {
      "type": "Feature",
      "geometry": {
        "type": "Point",
        "coordinates": [
          134.054146,
          34.422521
        ]
      },
      "properties": {
        "NO": "370",
        "共通ID": "E3720100190111",
        "施設・場所名": "男木コミュニティセンター",
        "住所": "香川県高松市男木町1988",
        "指定緊急避難場所との住所同一": "1",
        "その他市町村長が必要と認める事項": null,
        "受入対象者": null,
        "備考": ""
      }
    },
    {
      "type": "Feature",
      "geometry": {
        "type": "Point",
        "coordinates": [
          134.056885,
          34.340902
        ]
      },
      "properties": {
        "NO": "371",
        "共通ID": "E3720100142112",
        "施設・場所名": "築地小学校跡施設",
        "住所": "香川県高松市築地町14-1",
        "指定緊急避難場所との住所同一": "1",
        "その他市町村長が必要と認める事項": "",
        "受入対象者": "",
        "備考": ""
      }
    },
    {
      "type": "Feature",
      "geometry": {
        "type": "Point",
        "coordinates": [
          134.05685,
          34.34123
        ]
      },
      "properties": {
        "NO": "372",
        "共通ID": "E3720100142111",
        "施設・場所名": "築地コミュニティセンター",
        "住所": "香川県高松市築地町14-1",
        "指定緊急避難場所との住所同一": "1",
        "その他市町村長が必要と認める事項": "",
        "受入対象者": "",
        "備考": ""
      }
    },
    {
      "type": "Feature",
      "geometry": {
        "type": "Point",
        "coordinates": [
          134.00938,
          34.310147
        ]
      },
      "properties": {
        "NO": "373",
        "共通ID": "E3720100143111",
        "施設・場所名": "香川高等専門学校（体育館）",
        "住所": "香川県高松市勅使町355",
        "指定緊急避難場所との住所同一": "1",
        "その他市町村長が必要と認める事項": null,
        "受入対象者": null,
        "備考": ""
      }
    },
    {
      "type": "Feature",
      "geometry": {
        "type": "Point",
        "coordinates": [
          134.005781,
          34.328952
        ]
      },
      "properties": {
        "NO": "374",
        "共通ID": "E3720100144111",
        "施設・場所名": "弦打コミュニティセンター",
        "住所": "香川県高松市鶴市町356-3",
        "指定緊急避難場所との住所同一": "1",
        "その他市町村長が必要と認める事項": null,
        "受入対象者": null,
        "備考": ""
      }
    },
    {
      "type": "Feature",
      "geometry": {
        "type": "Point",
        "coordinates": [
          134.005479,
          34.329041
        ]
      },
      "properties": {
        "NO": "375",
        "共通ID": "E3720100145111",
        "施設・場所名": "弦打小学校",
        "住所": "香川県高松市鶴市町374-1",
        "指定緊急避難場所との住所同一": "1",
        "その他市町村長が必要と認める事項": null,
        "受入対象者": null,
        "備考": ""
      }
    },
    {
      "type": "Feature",
      "geometry": {
        "type": "Point",
        "coordinates": [
          134.030257,
          34.313839
        ]
      },
      "properties": {
        "NO": "376",
        "共通ID": "E3720100146111",
        "施設・場所名": "鶴尾コミュニティセンター",
        "住所": "香川県高松市田村町303-1",
        "指定緊急避難場所との住所同一": "1",
        "その他市町村長が必要と認める事項": null,
        "受入対象者": null,
        "備考": ""
      }
    },
    {
      "type": "Feature",
      "geometry": {
        "type": "Point",
        "coordinates": [
          134.092987,
          34.306926
        ]
      },
      "properties": {
        "NO": "377",
        "共通ID": "E3720100147111",
        "施設・場所名": "川添小学校",
        "住所": "香川県高松市東山崎町207-1",
        "指定緊急避難場所との住所同一": "1",
        "その他市町村長が必要と認める事項": null,
        "受入対象者": null,
        "備考": ""
      }
    },
    {
      "type": "Feature",
      "geometry": {
        "type": "Point",
        "coordinates": [
          134.099077,
          34.238241
        ]
      },
      "properties": {
        "NO": "378",
        "共通ID": "E3720100148111",
        "施設・場所名": "東植田コミュニティセンター",
        "住所": "香川県高松市東植田町1825-1",
        "指定緊急避難場所との住所同一": "1",
        "その他市町村長が必要と認める事項": null,
        "受入対象者": null,
        "備考": ""
      }
    },
    {
      "type": "Feature",
      "geometry": {
        "type": "Point",
        "coordinates": [
          134.097597,
          34.239107
        ]
      },
      "properties": {
        "NO": "379",
        "共通ID": "E3720100149111",
        "施設・場所名": "東植田小学校",
        "住所": "香川県高松市東植田町2008",
        "指定緊急避難場所との住所同一": "1",
        "その他市町村長が必要と認める事項": null,
        "受入対象者": null,
        "備考": ""
      }
    },
    {
      "type": "Feature",
      "geometry": {
        "type": "Point",
        "coordinates": [
          134.047024,
          34.34335
        ]
      },
      "properties": {
        "NO": "380",
        "共通ID": "E3720100151111",
        "施設・場所名": "四番丁小学校跡施設",
        "住所": "香川県高松市番町1-5-1",
        "指定緊急避難場所との住所同一": "1",
        "その他市町村長が必要と認める事項": null,
        "受入対象者": null,
        "備考": ""
      }
    },
    {
      "type": "Feature",
      "geometry": {
        "type": "Point",
        "coordinates": [
          134.04492,
          34.343547
        ]
      },
      "properties": {
        "NO": "381",
        "共通ID": "E3720100152111",
        "施設・場所名": "四番丁コミュニティセンター",
        "住所": "香川県高松市番町2-3-5",
        "指定緊急避難場所との住所同一": "1",
        "その他市町村長が必要と認める事項": null,
        "受入対象者": null,
        "備考": ""
      }
    },
    {
      "type": "Feature",
      "geometry": {
        "type": "Point",
        "coordinates": [
          134.04236,
          34.343407
        ]
      },
      "properties": {
        "NO": "382",
        "共通ID": "E3720100153111",
        "施設・場所名": "高松工芸高等学校（体育館）",
        "住所": "香川県高松市番町2-9-30",
        "指定緊急避難場所との住所同一": "1",
        "その他市町村長が必要と認める事項": null,
        "受入対象者": null,
        "備考": ""
      }
    },
    {
      "type": "Feature",
      "geometry": {
        "type": "Point",
        "coordinates": [
          134.043515,
          34.341721
        ]
      },
      "properties": {
        "NO": "383",
        "共通ID": "E3720100154111",
        "施設・場所名": "高松高等学校（体育館）",
        "住所": "香川県高松市番町3-1-1",
        "指定緊急避難場所との住所同一": "1",
        "その他市町村長が必要と認める事項": null,
        "受入対象者": null,
        "備考": ""
      }
    },
    {
      "type": "Feature",
      "geometry": {
        "type": "Point",
        "coordinates": [
          134.054431,
          34.31848
        ]
      },
      "properties": {
        "NO": "384",
        "共通ID": "E3720100155111",
        "施設・場所名": "太田コミュニティセンター",
        "住所": "香川県高松市伏石町2016-37",
        "指定緊急避難場所との住所同一": "1",
        "その他市町村長が必要と認める事項": null,
        "受入対象者": null,
        "備考": ""
      }
    },
    {
      "type": "Feature",
      "geometry": {
        "type": "Point",
        "coordinates": [
          134.052358,
          34.312205
        ]
      },
      "properties": {
        "NO": "385",
        "共通ID": "E3720100157111",
        "施設・場所名": "太田小学校",
        "住所": "香川県高松市伏石町845-1",
        "指定緊急避難場所との住所同一": "1",
        "その他市町村長が必要と認める事項": null,
        "受入対象者": null,
        "備考": ""
      }
    },
    {
      "type": "Feature",
      "geometry": {
        "type": "Point",
        "coordinates": [
          134.074178,
          34.341936
        ]
      },
      "properties": {
        "NO": "386",
        "共通ID": "E3720100158111",
        "施設・場所名": "高松市総合体育館",
        "住所": "香川県高松市福岡町4-36-1",
        "指定緊急避難場所との住所同一": "1",
        "その他市町村長が必要と認める事項": null,
        "受入対象者": null,
        "備考": ""
      }
    },
    {
      "type": "Feature",
      "geometry": {
        "type": "Point",
        "coordinates": [
          134.047878,
          34.278504
        ]
      },
      "properties": {
        "NO": "387",
        "共通ID": "E3720100159111",
        "施設・場所名": "仏生山コミュニティセンター",
        "住所": "香川県高松市仏生山町乙45-4",
        "指定緊急避難場所との住所同一": "1",
        "その他市町村長が必要と認める事項": null,
        "受入対象者": null,
        "備考": ""
      }
    },
    {
      "type": "Feature",
      "geometry": {
        "type": "Point",
        "coordinates": [
          134.040802,
          34.284443
        ]
      },
      "properties": {
        "NO": "388",
        "共通ID": "E3720100194121",
        "施設・場所名": "仏生山交流センター",
        "住所": "香川県高松市仏生山町甲218-1",
        "指定緊急避難場所との住所同一": "",
        "その他市町村長が必要と認める事項": "",
        "受入対象者": "乳児、妊産婦とその家族",
        "備考": ""
      }
    },
    {
      "type": "Feature",
      "geometry": {
        "type": "Point",
        "coordinates": [
          134.047161,
          34.27429
        ]
      },
      "properties": {
        "NO": "389",
        "共通ID": "E3720100160111",
        "施設・場所名": "仏生山小学校",
        "住所": "香川県高松市仏生山町甲2461",
        "指定緊急避難場所との住所同一": "1",
        "その他市町村長が必要と認める事項": null,
        "受入対象者": null,
        "備考": ""
      }
    },
    {
      "type": "Feature",
      "geometry": {
        "type": "Point",
        "coordinates": [
          134.055848,
          34.343819
        ]
      },
      "properties": {
        "NO": "390",
        "共通ID": "E3720100164111",
        "施設・場所名": "総合教育センター",
        "住所": "香川県高松市末広町5",
        "指定緊急避難場所との住所同一": "1",
        "その他市町村長が必要と認める事項": null,
        "受入対象者": null,
        "備考": ""
      }
    },
    {
      "type": "Feature",
      "geometry": {
        "type": "Point",
        "coordinates": [
          134.14716,
          34.3326
        ]
      },
      "properties": {
        "NO": "391",
        "共通ID": "E3720100165111",
        "施設・場所名": "牟礼中央公園運動センター",
        "住所": "香川県高松市牟礼町原1019-8",
        "指定緊急避難場所との住所同一": "1",
        "その他市町村長が必要と認める事項": null,
        "受入対象者": null,
        "備考": ""
      }
    },
    {
      "type": "Feature",
      "geometry": {
        "type": "Point",
        "coordinates": [
          134.157657,
          34.321739
        ]
      },
      "properties": {
        "NO": "392",
        "共通ID": "E3720100166111",
        "施設・場所名": "香川県立保健医療大学（体育館）",
        "住所": "香川県高松市牟礼町原281-1",
        "指定緊急避難場所との住所同一": "1",
        "その他市町村長が必要と認める事項": null,
        "受入対象者": null,
        "備考": ""
      }
    },
    {
      "type": "Feature",
      "geometry": {
        "type": "Point",
        "coordinates": [
          134.152107,
          34.333941
        ]
      },
      "properties": {
        "NO": "393",
        "共通ID": "E3720100169111",
        "施設・場所名": "牟礼南小学校",
        "住所": "香川県高松市牟礼町大町1115-1",
        "指定緊急避難場所との住所同一": "1",
        "その他市町村長が必要と認める事項": null,
        "受入対象者": null,
        "備考": ""
      }
    },
    {
      "type": "Feature",
      "geometry": {
        "type": "Point",
        "coordinates": [
          134.142681,
          34.336135
        ]
      },
      "properties": {
        "NO": "394",
        "共通ID": "E3720100170111",
        "施設・場所名": "大町コミュニティセンター",
        "住所": "香川県高松市牟礼町大町1463-2",
        "指定緊急避難場所との住所同一": "1",
        "その他市町村長が必要と認める事項": null,
        "受入対象者": null,
        "備考": ""
      }
    },
    {
      "type": "Feature",
      "geometry": {
        "type": "Point",
        "coordinates": [
          134.142059,
          34.336243
        ]
      },
      "properties": {
        "NO": "395",
        "共通ID": "E3720100171111",
        "施設・場所名": "牟礼小学校",
        "住所": "香川県高松市牟礼町大町1560",
        "指定緊急避難場所との住所同一": "1",
        "その他市町村長が必要と認める事項": null,
        "受入対象者": null,
        "備考": ""
      }
    },
    {
      "type": "Feature",
      "geometry": {
        "type": "Point",
        "coordinates": [
          134.143085,
          34.342522
        ]
      },
      "properties": {
        "NO": "396",
        "共通ID": "E3720100173111",
        "施設・場所名": "牟礼総合体育館",
        "住所": "香川県高松市牟礼町牟礼152-10",
        "指定緊急避難場所との住所同一": "1",
        "その他市町村長が必要と認める事項": null,
        "受入対象者": null,
        "備考": ""
      }
    },
    {
      "type": "Feature",
      "geometry": {
        "type": "Point",
        "coordinates": [
          134.125575,
          34.351112
        ]
      },
      "properties": {
        "NO": "397",
        "共通ID": "E3720100175111",
        "施設・場所名": "牟礼北小学校",
        "住所": "香川県高松市牟礼町牟礼2900-1",
        "指定緊急避難場所との住所同一": "1",
        "その他市町村長が必要と認める事項": null,
        "受入対象者": null,
        "備考": ""
      }
    },
    {
      "type": "Feature",
      "geometry": {
        "type": "Point",
        "coordinates": [
          134.139215,
          34.337957
        ]
      },
      "properties": {
        "NO": "398",
        "共通ID": "E3720100176111",
        "施設・場所名": "牟礼コミュニティセンター",
        "住所": "香川県高松市牟礼町牟礼302-1",
        "指定緊急避難場所との住所同一": "1",
        "その他市町村長が必要と認める事項": "",
        "受入対象者": "",
        "備考": ""
      }
    },
    {
      "type": "Feature",
      "geometry": {
        "type": "Point",
        "coordinates": [
          134.139416,
          34.337853
        ]
      },
      "properties": {
        "NO": "399",
        "共通ID": "E3720100176121",
        "施設・場所名": "牟礼総合センター",
        "住所": "香川県高松市牟礼町牟礼302-1",
        "指定緊急避難場所との住所同一": "1",
        "その他市町村長が必要と認める事項": "",
        "受入対象者": "乳児、妊産婦とその家族",
        "備考": ""
      }
    },
    {
      "type": "Feature",
      "geometry": {
        "type": "Point",
        "coordinates": [
          134.142807,
          34.340172
        ]
      },
      "properties": {
        "NO": "400",
        "共通ID": "E3720100177111",
        "施設・場所名": "牟礼中学校",
        "住所": "香川県高松市牟礼町牟礼46-2",
        "指定緊急避難場所との住所同一": "1",
        "その他市町村長が必要と認める事項": null,
        "受入対象者": null,
        "備考": ""
      }
    },
    {
      "type": "Feature",
      "geometry": {
        "type": "Point",
        "coordinates": [
          134.076232,
          34.319227
        ]
      },
      "properties": {
        "NO": "401",
        "共通ID": "E3720100178111",
        "施設・場所名": "木太南コミュニティセンター",
        "住所": "香川県高松市木太町1486",
        "指定緊急避難場所との住所同一": "1",
        "その他市町村長が必要と認める事項": null,
        "受入対象者": null,
        "備考": ""
      }
    },
    {
      "type": "Feature",
      "geometry": {
        "type": "Point",
        "coordinates": [
          134.074047,
          34.320681
        ]
      },
      "properties": {
        "NO": "402",
        "共通ID": "E3720100179111",
        "施設・場所名": "木太南小学校",
        "住所": "香川県高松市木太町1530-1",
        "指定緊急避難場所との住所同一": "1",
        "その他市町村長が必要と認める事項": null,
        "受入対象者": null,
        "備考": ""
      }
    },
    {
      "type": "Feature",
      "geometry": {
        "type": "Point",
        "coordinates": [
          134.079484,
          34.335641
        ]
      },
      "properties": {
        "NO": "403",
        "共通ID": "E3720100180111",
        "施設・場所名": "木太北部コミュニティセンター",
        "住所": "香川県高松市木太町2603",
        "指定緊急避難場所との住所同一": "1",
        "その他市町村長が必要と認める事項": null,
        "受入対象者": null,
        "備考": ""
      }
    },
    {
      "type": "Feature",
      "geometry": {
        "type": "Point",
        "coordinates": [
          134.080724,
          34.335771
        ]
      },
      "properties": {
        "NO": "404",
        "共通ID": "E3720100181111",
        "施設・場所名": "木太北部小学校",
        "住所": "香川県高松市木太町2613",
        "指定緊急避難場所との住所同一": "1",
        "その他市町村長が必要と認める事項": null,
        "受入対象者": null,
        "備考": ""
      }
    },
    {
      "type": "Feature",
      "geometry": {
        "type": "Point",
        "coordinates": [
          134.076916,
          34.325662
        ]
      },
      "properties": {
        "NO": "405",
        "共通ID": "E3720100182111",
        "施設・場所名": "木太小学校",
        "住所": "香川県高松市木太町3480-1",
        "指定緊急避難場所との住所同一": "1",
        "その他市町村長が必要と認める事項": null,
        "受入対象者": null,
        "備考": ""
      }
    },
    {
      "type": "Feature",
      "geometry": {
        "type": "Point",
        "coordinates": [
          134.076736,
          34.326202
        ]
      },
      "properties": {
        "NO": "406",
        "共通ID": "E3720100183111",
        "施設・場所名": "木太コミュニティセンター",
        "住所": "香川県高松市木太町3480-2",
        "指定緊急避難場所との住所同一": "1",
        "その他市町村長が必要と認める事項": null,
        "受入対象者": null,
        "備考": ""
      }
    },
    {
      "type": "Feature",
      "geometry": {
        "type": "Point",
        "coordinates": [
          134.067716,
          34.314521
        ]
      },
      "properties": {
        "NO": "407",
        "共通ID": "E3720100185111",
        "施設・場所名": "木太中学校",
        "住所": "香川県高松市木太町5059-3",
        "指定緊急避難場所との住所同一": "1",
        "その他市町村長が必要と認める事項": null,
        "受入対象者": null,
        "備考": ""
      }
    },
    {
      "type": "Feature",
      "geometry": {
        "type": "Point",
        "coordinates": [
          134.070058,
          34.301721
        ]
      },
      "properties": {
        "NO": "408",
        "共通ID": "E3720100186111",
        "施設・場所名": "林小学校",
        "住所": "香川県高松市林町1108-1",
        "指定緊急避難場所との住所同一": "1",
        "その他市町村長が必要と認める事項": null,
        "受入対象者": null,
        "備考": ""
      }
    },
    {
      "type": "Feature",
      "geometry": {
        "type": "Point",
        "coordinates": [
          134.063736,
          34.292946
        ]
      },
      "properties": {
        "NO": "409",
        "共通ID": "E3720100187111",
        "施設・場所名": "香川大学創造工学部",
        "住所": "香川県高松市林町2217-20",
        "指定緊急避難場所との住所同一": "1",
        "その他市町村長が必要と認める事項": null,
        "受入対象者": null,
        "備考": ""
      }
    },
    {
      "type": "Feature",
      "geometry": {
        "type": "Point",
        "coordinates": [
          134.07502,
          34.301567
        ]
      },
      "properties": {
        "NO": "410",
        "共通ID": "E3720100189111",
        "施設・場所名": "林コミュニティセンター",
        "住所": "香川県高松市林町329-1",
        "指定緊急避難場所との住所同一": "1",
        "その他市町村長が必要と認める事項": null,
        "受入対象者": null,
        "備考": ""
      }
    },
    {
      "type": "Feature",
      "geometry": {
        "type": "Point",
        "coordinates": [
          133.916057,
          34.366219
        ]
      },
      "properties": {
        "NO": "411",
        "共通ID": "E3720300001111",
        "施設・場所名": "交流の里おうごし",
        "住所": "香川県坂出市王越町木沢1197-8",
        "指定緊急避難場所との住所同一": "1",
        "その他市町村長が必要と認める事項": "",
        "受入対象者": "",
        "備考": ""
      }
    },
    {
      "type": "Feature",
      "geometry": {
        "type": "Point",
        "coordinates": [
          133.909059,
          34.311984
        ]
      },
      "properties": {
        "NO": "412",
        "共通ID": "E3720300002111",
        "施設・場所名": "加茂小学校",
        "住所": "香川県坂出市加茂町1098-3",
        "指定緊急避難場所との住所同一": "1",
        "その他市町村長が必要と認める事項": "",
        "受入対象者": "",
        "備考": ""
      }
    },
    {
      "type": "Feature",
      "geometry": {
        "type": "Point",
        "coordinates": [
          133.812507,
          34.407664
        ]
      },
      "properties": {
        "NO": "413",
        "共通ID": "E3720300004111",
        "施設・場所名": "旧岩黒小・中学校",
        "住所": "香川県坂出市岩黒240",
        "指定緊急避難場所との住所同一": "1",
        "その他市町村長が必要と認める事項": "",
        "受入対象者": "",
        "備考": ""
      }
    },
    {
      "type": "Feature",
      "geometry": {
        "type": "Point",
        "coordinates": [
          133.864777,
          34.320192
        ]
      },
      "properties": {
        "NO": "414",
        "共通ID": "E3720300005111",
        "施設・場所名": "東部中学校",
        "住所": "香川県坂出市久米町2-7-46",
        "指定緊急避難場所との住所同一": "1",
        "その他市町村長が必要と認める事項": "",
        "受入対象者": "",
        "備考": ""
      }
    },
    {
      "type": "Feature",
      "geometry": {
        "type": "Point",
        "coordinates": [
          133.855559,
          34.309851
        ]
      },
      "properties": {
        "NO": "415",
        "共通ID": "E3720300007111",
        "施設・場所名": "坂出第一高等学校体育館・武道場",
        "住所": "香川県坂出市駒止町2-1-3",
        "指定緊急避難場所との住所同一": "1",
        "その他市町村長が必要と認める事項": "",
        "受入対象者": "",
        "備考": ""
      }
    },
    {
      "type": "Feature",
      "geometry": {
        "type": "Point",
        "coordinates": [
          133.841982,
          34.318082
        ]
      },
      "properties": {
        "NO": "416",
        "共通ID": "E3720300008111",
        "施設・場所名": "坂出工業高等学校　心技館",
        "住所": "香川県坂出市御供所町1-1-2",
        "指定緊急避難場所との住所同一": "1",
        "その他市町村長が必要と認める事項": null,
        "受入対象者": null,
        "備考": ""
      }
    },
    {
      "type": "Feature",
      "geometry": {
        "type": "Point",
        "coordinates": [
          133.907888,
          34.338545
        ]
      },
      "properties": {
        "NO": "417",
        "共通ID": "E3720300009111",
        "施設・場所名": "松山小学校",
        "住所": "香川県坂出市高屋町1050-1",
        "指定緊急避難場所との住所同一": "1",
        "その他市町村長が必要と認める事項": "",
        "受入対象者": "",
        "備考": ""
      }
    },
    {
      "type": "Feature",
      "geometry": {
        "type": "Point",
        "coordinates": [
          133.82275,
          34.347119
        ]
      },
      "properties": {
        "NO": "418",
        "共通ID": "E3720300011111",
        "施設・場所名": "万葉会館",
        "住所": "香川県坂出市沙弥島70-1",
        "指定緊急避難場所との住所同一": "1",
        "その他市町村長が必要と認める事項": "",
        "受入対象者": "",
        "備考": ""
      }
    },
    {
      "type": "Feature",
      "geometry": {
        "type": "Point",
        "coordinates": [
          133.861455,
          34.314461
        ]
      },
      "properties": {
        "NO": "419",
        "共通ID": "E3720300012111",
        "施設・場所名": "東部小学校",
        "住所": "香川県坂出市室町1-1-21",
        "指定緊急避難場所との住所同一": "1",
        "その他市町村長が必要と認める事項": "",
        "受入対象者": "",
        "備考": ""
      }
    },
    {
      "type": "Feature",
      "geometry": {
        "type": "Point",
        "coordinates": [
          133.850142,
          34.317045
        ]
      },
      "properties": {
        "NO": "420",
        "共通ID": "E3720300013111",
        "施設・場所名": "中央体育館",
        "住所": "香川県坂出市寿町3-1-2",
        "指定緊急避難場所との住所同一": "1",
        "その他市町村長が必要と認める事項": null,
        "受入対象者": null,
        "備考": ""
      }
    },
    {
      "type": "Feature",
      "geometry": {
        "type": "Point",
        "coordinates": [
          133.853276,
          34.299341
        ]
      },
      "properties": {
        "NO": "421",
        "共通ID": "E3720300014111",
        "施設・場所名": "坂出中学校",
        "住所": "香川県坂出市小山町2-1",
        "指定緊急避難場所との住所同一": "1",
        "その他市町村長が必要と認める事項": null,
        "受入対象者": null,
        "備考": ""
      }
    },
    {
      "type": "Feature",
      "geometry": {
        "type": "Point",
        "coordinates": [
          133.849944,
          34.352218
        ]
      },
      "properties": {
        "NO": "422",
        "共通ID": "E3720300015111",
        "施設・場所名": "旧瀬居小学校",
        "住所": "香川県坂出市瀬居町1500-1",
        "指定緊急避難場所との住所同一": "1",
        "その他市町村長が必要と認める事項": "",
        "受入対象者": "",
        "備考": ""
      }
    },
    {
      "type": "Feature",
      "geometry": {
        "type": "Point",
        "coordinates": [
          133.890744,
          34.313676
        ]
      },
      "properties": {
        "NO": "423",
        "共通ID": "E3720300018111",
        "施設・場所名": "西庄小学校",
        "住所": "香川県坂出市西庄町524-5",
        "指定緊急避難場所との住所同一": "1",
        "その他市町村長が必要と認める事項": "",
        "受入対象者": "",
        "備考": ""
      }
    },
    {
      "type": "Feature",
      "geometry": {
        "type": "Point",
        "coordinates": [
          133.853565,
          34.306477
        ]
      },
      "properties": {
        "NO": "424",
        "共通ID": "E3720300019111",
        "施設・場所名": "坂出商業高等学校　新体育館",
        "住所": "香川県坂出市青葉町1-13",
        "指定緊急避難場所との住所同一": "1",
        "その他市町村長が必要と認める事項": "",
        "受入対象者": "",
        "備考": ""
      }
    },
    {
      "type": "Feature",
      "geometry": {
        "type": "Point",
        "coordinates": [
          133.853724,
          34.308865
        ]
      },
      "properties": {
        "NO": "425",
        "共通ID": "E3720300020111",
        "施設・場所名": "香川大学附属坂出中学校体育館",
        "住所": "香川県坂出市青葉町1-7",
        "指定緊急避難場所との住所同一": "1",
        "その他市町村長が必要と認める事項": "",
        "受入対象者": "",
        "備考": ""
      }
    },
    {
      "type": "Feature",
      "geometry": {
        "type": "Point",
        "coordinates": [
          133.85773,
          34.293678
        ]
      },
      "properties": {
        "NO": "426",
        "共通ID": "E3720300021111",
        "施設・場所名": "川津小学校",
        "住所": "香川県坂出市川津町3093-3",
        "指定緊急避難場所との住所同一": "1",
        "その他市町村長が必要と認める事項": null,
        "受入対象者": null,
        "備考": ""
      }
    },
    {
      "type": "Feature",
      "geometry": {
        "type": "Point",
        "coordinates": [
          133.867485,
          34.310145
        ]
      },
      "properties": {
        "NO": "427",
        "共通ID": "E3720300024111",
        "施設・場所名": "金山小学校",
        "住所": "香川県坂出市谷町3-1-23",
        "指定緊急避難場所との住所同一": "1",
        "その他市町村長が必要と認める事項": null,
        "受入対象者": null,
        "備考": ""
      }
    },
    {
      "type": "Feature",
      "geometry": {
        "type": "Point",
        "coordinates": [
          133.857796,
          34.323263
        ]
      },
      "properties": {
        "NO": "428",
        "共通ID": "E3720300026111",
        "施設・場所名": "坂出市立体育館",
        "住所": "香川県坂出市入船町2-1-59",
        "指定緊急避難場所との住所同一": "1",
        "その他市町村長が必要と認める事項": null,
        "受入対象者": null,
        "備考": ""
      }
    },
    {
      "type": "Feature",
      "geometry": {
        "type": "Point",
        "coordinates": [
          133.846129,
          34.313954
        ]
      },
      "properties": {
        "NO": "429",
        "共通ID": "E3720300027111",
        "施設・場所名": "坂出小学校",
        "住所": "香川県坂出市白金町1-3-7",
        "指定緊急避難場所との住所同一": "1",
        "その他市町村長が必要と認める事項": "",
        "受入対象者": "",
        "備考": ""
      }
    },
    {
      "type": "Feature",
      "geometry": {
        "type": "Point",
        "coordinates": [
          133.857174,
          34.352473
        ]
      },
      "properties": {
        "NO": "430",
        "共通ID": "E3720300028111",
        "施設・場所名": "旧瀬居中学校",
        "住所": "香川県坂出市番の州町11",
        "指定緊急避難場所との住所同一": "1",
        "その他市町村長が必要と認める事項": "",
        "受入対象者": "",
        "備考": ""
      }
    },
    {
      "type": "Feature",
      "geometry": {
        "type": "Point",
        "coordinates": [
          133.916832,
          34.288969
        ]
      },
      "properties": {
        "NO": "431",
        "共通ID": "E3720300030111",
        "施設・場所名": "府中小学校",
        "住所": "香川県坂出市府中町1193-3",
        "指定緊急避難場所との住所同一": "1",
        "その他市町村長が必要と認める事項": "",
        "受入対象者": "",
        "備考": ""
      }
    },
    {
      "type": "Feature",
      "geometry": {
        "type": "Point",
        "coordinates": [
          133.853219,
          34.30943
        ]
      },
      "properties": {
        "NO": "432",
        "共通ID": "E3720300033111",
        "施設・場所名": "坂出高等学校　第１・第２体育館",
        "住所": "香川県坂出市文京町2-1-5",
        "指定緊急避難場所との住所同一": "1",
        "その他市町村長が必要と認める事項": "",
        "受入対象者": "",
        "備考": ""
      }
    },
    {
      "type": "Feature",
      "geometry": {
        "type": "Point",
        "coordinates": [
          133.851153,
          34.310212
        ]
      },
      "properties": {
        "NO": "433",
        "共通ID": "E3720300034111",
        "施設・場所名": "香川大学附属坂出小学校体育館",
        "住所": "香川県坂出市文京町2-4-2",
        "指定緊急避難場所との住所同一": "1",
        "その他市町村長が必要と認める事項": null,
        "受入対象者": null,
        "備考": ""
      }
    },
    {
      "type": "Feature",
      "geometry": {
        "type": "Point",
        "coordinates": [
          133.851607,
          34.313232
        ]
      },
      "properties": {
        "NO": "434",
        "共通ID": "E3720300035111",
        "施設・場所名": "市民ふれあい会館",
        "住所": "香川県坂出市本町1-2-1",
        "指定緊急避難場所との住所同一": "1",
        "その他市町村長が必要と認める事項": "",
        "受入対象者": "",
        "備考": ""
      }
    },
    {
      "type": "Feature",
      "geometry": {
        "type": "Point",
        "coordinates": [
          133.822652,
          34.385008
        ]
      },
      "properties": {
        "NO": "435",
        "共通ID": "E3720300036111",
        "施設・場所名": "中央公民館与島分館",
        "住所": "香川県坂出市与島町102",
        "指定緊急避難場所との住所同一": "1",
        "その他市町村長が必要と認める事項": null,
        "受入対象者": null,
        "備考": ""
      }
    },
    {
      "type": "Feature",
      "geometry": {
        "type": "Point",
        "coordinates": [
          133.819386,
          34.390316
        ]
      },
      "properties": {
        "NO": "436",
        "共通ID": "E3720300037111",
        "施設・場所名": "与島開発総合センター",
        "住所": "香川県坂出市与島町514-22",
        "指定緊急避難場所との住所同一": "1",
        "その他市町村長が必要と認める事項": null,
        "受入対象者": null,
        "備考": ""
      }
    },
    {
      "type": "Feature",
      "geometry": {
        "type": "Point",
        "coordinates": [
          133.899718,
          34.325267
        ]
      },
      "properties": {
        "NO": "437",
        "共通ID": "E3720300038111",
        "施設・場所名": "白峰中学校",
        "住所": "香川県坂出市林田町181-1",
        "指定緊急避難場所との住所同一": "1",
        "その他市町村長が必要と認める事項": "",
        "受入対象者": "",
        "備考": ""
      }
    },
    {
      "type": "Feature",
      "geometry": {
        "type": "Point",
        "coordinates": [
          133.890405,
          34.328162
        ]
      },
      "properties": {
        "NO": "438",
        "共通ID": "E3720300039111",
        "施設・場所名": "林田小学校",
        "住所": "香川県坂出市林田町2215-1",
        "指定緊急避難場所との住所同一": "1",
        "その他市町村長が必要と認める事項": "",
        "受入対象者": "",
        "備考": ""
      }
    },
    {
      "type": "Feature",
      "geometry": {
        "type": "Point",
        "coordinates": [
          133.80664,
          34.420456
        ]
      },
      "properties": {
        "NO": "439",
        "共通ID": "E3720300041111",
        "施設・場所名": "中央公民館櫃石分館（旧櫃石小・中学校含む）",
        "住所": "香川県坂出市櫃石585-17",
        "指定緊急避難場所との住所同一": "1",
        "その他市町村長が必要と認める事項": "",
        "受入対象者": "",
        "備考": ""
      }
    },
    {
      "type": "Feature",
      "geometry": {
        "type": "Point",
        "coordinates": [
          133.72389,
          34.180614
        ]
      },
      "properties": {
        "NO": "440",
        "共通ID": "E3720800080111",
        "施設・場所名": "さぬき合掌殿高瀬",
        "住所": "香川県三豊市高瀬町下高瀬110-1",
        "指定緊急避難場所との住所同一": "",
        "その他市町村長が必要と認める事項": "",
        "受入対象者": "",
        "備考": ""
      }
    },
    {
      "type": "Feature",
      "geometry": {
        "type": "Point",
        "coordinates": [
          133.711468,
          34.177837
        ]
      },
      "properties": {
        "NO": "441",
        "共通ID": "E3720800001111",
        "施設・場所名": "高瀬高等学校",
        "住所": "香川県三豊市高瀬町下勝間2093",
        "指定緊急避難場所との住所同一": "1",
        "その他市町村長が必要と認める事項": null,
        "受入対象者": null,
        "備考": ""
      }
    },
    {
      "type": "Feature",
      "geometry": {
        "type": "Point",
        "coordinates": [
          133.71382,
          34.182021
        ]
      },
      "properties": {
        "NO": "442",
        "共通ID": "E3720800002111",
        "施設・場所名": "みとよ未来創造館",
        "住所": "香川県三豊市高瀬町下勝間2347-1",
        "指定緊急避難場所との住所同一": "1",
        "その他市町村長が必要と認める事項": null,
        "受入対象者": null,
        "備考": ""
      }
    },
    {
      "type": "Feature",
      "geometry": {
        "type": "Point",
        "coordinates": [
          133.7201,
          34.180302
        ]
      },
      "properties": {
        "NO": "443",
        "共通ID": "E3720800003111",
        "施設・場所名": "高瀬町体育館",
        "住所": "香川県三豊市高瀬町下勝間2687-1",
        "指定緊急避難場所との住所同一": "1",
        "その他市町村長が必要と認める事項": "",
        "受入対象者": "",
        "備考": ""
      }
    },
    {
      "type": "Feature",
      "geometry": {
        "type": "Point",
        "coordinates": [
          133.720872,
          34.180264
        ]
      },
      "properties": {
        "NO": "444",
        "共通ID": "E3720800004111",
        "施設・場所名": "高瀬中学校",
        "住所": "香川県三豊市高瀬町下勝間2725-1",
        "指定緊急避難場所との住所同一": "1",
        "その他市町村長が必要と認める事項": null,
        "受入対象者": null,
        "備考": ""
      }
    },
    {
      "type": "Feature",
      "geometry": {
        "type": "Point",
        "coordinates": [
          133.726684,
          34.174987
        ]
      },
      "properties": {
        "NO": "445",
        "共通ID": "E3720800005111",
        "施設・場所名": "高瀬町公民館勝間分館",
        "住所": "香川県三豊市高瀬町下勝間350-2",
        "指定緊急避難場所との住所同一": "1",
        "その他市町村長が必要と認める事項": null,
        "受入対象者": null,
        "備考": ""
      }
    },
    {
      "type": "Feature",
      "geometry": {
        "type": "Point",
        "coordinates": [
          133.725783,
          34.174813
        ]
      },
      "properties": {
        "NO": "446",
        "共通ID": "E3720800006111",
        "施設・場所名": "勝間小学校",
        "住所": "香川県三豊市高瀬町下勝間803-1",
        "指定緊急避難場所との住所同一": "1",
        "その他市町村長が必要と認める事項": null,
        "受入対象者": null,
        "備考": ""
      }
    },
    {
      "type": "Feature",
      "geometry": {
        "type": "Point",
        "coordinates": [
          133.767905,
          34.176419
        ]
      },
      "properties": {
        "NO": "447",
        "共通ID": "E3720800007111",
        "施設・場所名": "麻地区農業構造改善センター",
        "住所": "香川県三豊市高瀬町下麻1210-5",
        "指定緊急避難場所との住所同一": "1",
        "その他市町村長が必要と認める事項": null,
        "受入対象者": null,
        "備考": ""
      }
    },
    {
      "type": "Feature",
      "geometry": {
        "type": "Point",
        "coordinates": [
          133.736649,
          34.149938
        ]
      },
      "properties": {
        "NO": "448",
        "共通ID": "E3720500099121",
        "施設・場所名": "障害者支援施設高瀬荘",
        "住所": "香川県三豊市高瀬町佐股乙425-3",
        "指定緊急避難場所との住所同一": "",
        "その他市町村長が必要と認める事項": null,
        "受入対象者": null,
        "備考": ""
      }
    },
    {
      "type": "Feature",
      "geometry": {
        "type": "Point",
        "coordinates": [
          133.737827,
          34.149588
        ]
      },
      "properties": {
        "NO": "449",
        "共通ID": "E3720500100121",
        "施設・場所名": "障害者支援施設みとよ荘",
        "住所": "香川県三豊市高瀬町佐股乙443-1",
        "指定緊急避難場所との住所同一": "",
        "その他市町村長が必要と認める事項": null,
        "受入対象者": null,
        "備考": ""
      }
    },
    {
      "type": "Feature",
      "geometry": {
        "type": "Point",
        "coordinates": [
          133.741199,
          34.159334
        ]
      },
      "properties": {
        "NO": "450",
        "共通ID": "E3720800008111",
        "施設・場所名": "二ノ宮小学校",
        "住所": "香川県三豊市高瀬町佐股甲1497-1",
        "指定緊急避難場所との住所同一": "1",
        "その他市町村長が必要と認める事項": null,
        "受入対象者": null,
        "備考": ""
      }
    },
    {
      "type": "Feature",
      "geometry": {
        "type": "Point",
        "coordinates": [
          133.738444,
          34.160064
        ]
      },
      "properties": {
        "NO": "451",
        "共通ID": "E3720800009111",
        "施設・場所名": "二ノ宮地区農業構造改善センター",
        "住所": "香川県三豊市高瀬町佐股甲3343-4",
        "指定緊急避難場所との住所同一": "1",
        "その他市町村長が必要と認める事項": null,
        "受入対象者": null,
        "備考": ""
      }
    },
    {
      "type": "Feature",
      "geometry": {
        "type": "Point",
        "coordinates": [
          133.727108,
          34.194057
        ]
      },
      "properties": {
        "NO": "452",
        "共通ID": "E3720800010111",
        "施設・場所名": "三豊市総合体育館",
        "住所": "香川県三豊市高瀬町上高瀬751-24",
        "指定緊急避難場所との住所同一": "1",
        "その他市町村長が必要と認める事項": null,
        "受入対象者": null,
        "備考": ""
      }
    },
    {
      "type": "Feature",
      "geometry": {
        "type": "Point",
        "coordinates": [
          133.725787,
          34.192666
        ]
      },
      "properties": {
        "NO": "453",
        "共通ID": "E3720800011111",
        "施設・場所名": "上高瀬小学校",
        "住所": "香川県三豊市高瀬町上高瀬783-2",
        "指定緊急避難場所との住所同一": "1",
        "その他市町村長が必要と認める事項": null,
        "受入対象者": null,
        "備考": ""
      }
    },
    {
      "type": "Feature",
      "geometry": {
        "type": "Point",
        "coordinates": [
          133.768166,
          34.17557
        ]
      },
      "properties": {
        "NO": "454",
        "共通ID": "E3720800012111",
        "施設・場所名": "麻小学校",
        "住所": "香川県三豊市高瀬町上麻3868",
        "指定緊急避難場所との住所同一": "1",
        "その他市町村長が必要と認める事項": null,
        "受入対象者": null,
        "備考": ""
      }
    },
    {
      "type": "Feature",
      "geometry": {
        "type": "Point",
        "coordinates": [
          133.692818,
          34.17819
        ]
      },
      "properties": {
        "NO": "455",
        "共通ID": "E3720800013111",
        "施設・場所名": "高瀬町公民館比地二分館",
        "住所": "香川県三豊市高瀬町比地186",
        "指定緊急避難場所との住所同一": "1",
        "その他市町村長が必要と認める事項": null,
        "受入対象者": null,
        "備考": ""
      }
    },
    {
      "type": "Feature",
      "geometry": {
        "type": "Point",
        "coordinates": [
          133.693218,
          34.179755
        ]
      },
      "properties": {
        "NO": "456",
        "共通ID": "E3720800014111",
        "施設・場所名": "比地小学校",
        "住所": "香川県三豊市高瀬町比地93-1",
        "指定緊急避難場所との住所同一": "1",
        "その他市町村長が必要と認める事項": null,
        "受入対象者": null,
        "備考": ""
      }
    },
    {
      "type": "Feature",
      "geometry": {
        "type": "Point",
        "coordinates": [
          133.704077,
          34.173364
        ]
      },
      "properties": {
        "NO": "457",
        "共通ID": "E3720800015111",
        "施設・場所名": "高瀬Ｂ＆Ｇ海洋センター",
        "住所": "香川県三豊市高瀬町比地中2986-2",
        "指定緊急避難場所との住所同一": "1",
        "その他市町村長が必要と認める事項": null,
        "受入対象者": null,
        "備考": ""
      }
    },
    {
      "type": "Feature",
      "geometry": {
        "type": "Point",
        "coordinates": [
          133.796217,
          34.108362
        ]
      },
      "properties": {
        "NO": "458",
        "共通ID": "E3720800083111",
        "施設・場所名": "たからだの里",
        "住所": "香川県三豊市財田町財田上1110-8",
        "指定緊急避難場所との住所同一": "1",
        "その他市町村長が必要と認める事項": "",
        "受入対象者": "",
        "備考": ""
      }
    },
    {
      "type": "Feature",
      "geometry": {
        "type": "Point",
        "coordinates": [
          133.779013,
          34.119471
        ]
      },
      "properties": {
        "NO": "459",
        "共通ID": "E3720800017111",
        "施設・場所名": "財田町公民館",
        "住所": "香川県三豊市財田町財田上2171",
        "指定緊急避難場所との住所同一": "1",
        "その他市町村長が必要と認める事項": "",
        "受入対象者": "",
        "備考": ""
      }
    },
    {
      "type": "Feature",
      "geometry": {
        "type": "Point",
        "coordinates": [
          133.771156,
          34.116199
        ]
      },
      "properties": {
        "NO": "460",
        "共通ID": "E3720800018111",
        "施設・場所名": "財田町総合運動公園",
        "住所": "香川県三豊市財田町財田上2350",
        "指定緊急避難場所との住所同一": "1",
        "その他市町村長が必要と認める事項": null,
        "受入対象者": null,
        "備考": ""
      }
    },
    {
      "type": "Feature",
      "geometry": {
        "type": "Point",
        "coordinates": [
          133.778064,
          34.124156
        ]
      },
      "properties": {
        "NO": "461",
        "共通ID": "E3720800019111",
        "施設・場所名": "和光中学校",
        "住所": "香川県三豊市財田町財田上2790",
        "指定緊急避難場所との住所同一": "1",
        "その他市町村長が必要と認める事項": null,
        "受入対象者": null,
        "備考": ""
      }
    },
    {
      "type": "Feature",
      "geometry": {
        "type": "Point",
        "coordinates": [
          133.801256,
          34.118715
        ]
      },
      "properties": {
        "NO": "462",
        "共通ID": "E3720800021111",
        "施設・場所名": "（旧）財田上小学校",
        "住所": "香川県三豊市財田町財田上726",
        "指定緊急避難場所との住所同一": "1",
        "その他市町村長が必要と認める事項": "",
        "受入対象者": "",
        "備考": ""
      }
    },
    {
      "type": "Feature",
      "geometry": {
        "type": "Point",
        "coordinates": [
          133.764075,
          34.11189
        ]
      },
      "properties": {
        "NO": "463",
        "共通ID": "E3720800022111",
        "施設・場所名": "大野地公民館",
        "住所": "香川県三豊市財田町財田中4026-4",
        "指定緊急避難場所との住所同一": "1",
        "その他市町村長が必要と認める事項": "",
        "受入対象者": "",
        "備考": ""
      }
    },
    {
      "type": "Feature",
      "geometry": {
        "type": "Point",
        "coordinates": [
          133.769575,
          34.116733
        ]
      },
      "properties": {
        "NO": "464",
        "共通ID": "E3720800023111",
        "施設・場所名": "財田小学校",
        "住所": "香川県三豊市財田町財田中5325-1",
        "指定緊急避難場所との住所同一": "1",
        "その他市町村長が必要と認める事項": null,
        "受入対象者": null,
        "備考": ""
      }
    },
    {
      "type": "Feature",
      "geometry": {
        "type": "Point",
        "coordinates": [
          133.761251,
          34.108285
        ]
      },
      "properties": {
        "NO": "465",
        "共通ID": "E3720800025111",
        "施設・場所名": "三豊市財田町防災センター",
        "住所": "香川県三豊市財田町財田中598",
        "指定緊急避難場所との住所同一": "1",
        "その他市町村長が必要と認める事項": null,
        "受入対象者": null,
        "備考": ""
      }
    },
    {
      "type": "Feature",
      "geometry": {
        "type": "Point",
        "coordinates": [
          133.706221,
          34.202703
        ]
      },
      "properties": {
        "NO": "466",
        "共通ID": "E3720800026111",
        "施設・場所名": "三野町生涯学習センター",
        "住所": "香川県三豊市三野町下高瀬568-1",
        "指定緊急避難場所との住所同一": "1",
        "その他市町村長が必要と認める事項": "",
        "受入対象者": "",
        "備考": ""
      }
    },
    {
      "type": "Feature",
      "geometry": {
        "type": "Point",
        "coordinates": [
          133.701184,
          34.205549
        ]
      },
      "properties": {
        "NO": "467",
        "共通ID": "E3720800027111",
        "施設・場所名": "三野津中学校",
        "住所": "香川県三豊市三野町下高瀬720",
        "指定緊急避難場所との住所同一": "1",
        "その他市町村長が必要と認める事項": null,
        "受入対象者": null,
        "備考": ""
      }
    },
    {
      "type": "Feature",
      "geometry": {
        "type": "Point",
        "coordinates": [
          133.703248,
          34.202709
        ]
      },
      "properties": {
        "NO": "468",
        "共通ID": "E3720800028111",
        "施設・場所名": "三野町体育センター",
        "住所": "香川県三豊市三野町下高瀬752-2",
        "指定緊急避難場所との住所同一": "1",
        "その他市町村長が必要と認める事項": "",
        "受入対象者": "",
        "備考": ""
      }
    },
    {
      "type": "Feature",
      "geometry": {
        "type": "Point",
        "coordinates": [
          133.703267,
          34.203321
        ]
      },
      "properties": {
        "NO": "469",
        "共通ID": "E3720800029111",
        "施設・場所名": "下高瀬小学校",
        "住所": "香川県三豊市三野町下高瀬760-1",
        "指定緊急避難場所との住所同一": "1",
        "その他市町村長が必要と認める事項": null,
        "受入対象者": null,
        "備考": ""
      }
    },
    {
      "type": "Feature",
      "geometry": {
        "type": "Point",
        "coordinates": [
          133.682578,
          34.201516
        ]
      },
      "properties": {
        "NO": "470",
        "共通ID": "E3720800030111",
        "施設・場所名": "吉津小学校",
        "住所": "香川県三豊市三野町吉津乙1485-1",
        "指定緊急避難場所との住所同一": "1",
        "その他市町村長が必要と認める事項": null,
        "受入対象者": null,
        "備考": ""
      }
    },
    {
      "type": "Feature",
      "geometry": {
        "type": "Point",
        "coordinates": [
          133.694775,
          34.202267
        ]
      },
      "properties": {
        "NO": "471",
        "共通ID": "E3720800031111",
        "施設・場所名": "三野町保健センター",
        "住所": "香川県三豊市三野町吉津乙2030-1",
        "指定緊急避難場所との住所同一": "1",
        "その他市町村長が必要と認める事項": "",
        "受入対象者": "",
        "備考": ""
      }
    },
    {
      "type": "Feature",
      "geometry": {
        "type": "Point",
        "coordinates": [
          133.688367,
          34.198585
        ]
      },
      "properties": {
        "NO": "472",
        "共通ID": "E3720800032111",
        "施設・場所名": "三野町公民館吉津分館",
        "住所": "香川県三豊市三野町吉津甲1073-1",
        "指定緊急避難場所との住所同一": "1",
        "その他市町村長が必要と認める事項": null,
        "受入対象者": null,
        "備考": ""
      }
    },
    {
      "type": "Feature",
      "geometry": {
        "type": "Point",
        "coordinates": [
          133.722535,
          34.226032
        ]
      },
      "properties": {
        "NO": "473",
        "共通ID": "E3720800033111",
        "施設・場所名": "ふれあいパークみの",
        "住所": "香川県三豊市三野町大見乙74",
        "指定緊急避難場所との住所同一": "1",
        "その他市町村長が必要と認める事項": null,
        "受入対象者": null,
        "備考": ""
      }
    },
    {
      "type": "Feature",
      "geometry": {
        "type": "Point",
        "coordinates": [
          133.720487,
          34.226401
        ]
      },
      "properties": {
        "NO": "474",
        "共通ID": "E3720500101121",
        "施設・場所名": "介護老人保健施設みの荘",
        "住所": "香川県三豊市三野町大見乙91-8",
        "指定緊急避難場所との住所同一": "",
        "その他市町村長が必要と認める事項": null,
        "受入対象者": null,
        "備考": ""
      }
    },
    {
      "type": "Feature",
      "geometry": {
        "type": "Point",
        "coordinates": [
          133.714997,
          34.217261
        ]
      },
      "properties": {
        "NO": "475",
        "共通ID": "E3720800034111",
        "施設・場所名": "三野町はつらつセンター",
        "住所": "香川県三豊市三野町大見甲3034-1",
        "指定緊急避難場所との住所同一": "1",
        "その他市町村長が必要と認める事項": null,
        "受入対象者": null,
        "備考": ""
      }
    },
    {
      "type": "Feature",
      "geometry": {
        "type": "Point",
        "coordinates": [
          133.714553,
          34.216355
        ]
      },
      "properties": {
        "NO": "476",
        "共通ID": "E3720800035111",
        "施設・場所名": "大見小学校",
        "住所": "香川県三豊市三野町大見甲3034-4",
        "指定緊急避難場所との住所同一": "1",
        "その他市町村長が必要と認める事項": null,
        "受入対象者": null,
        "備考": ""
      }
    },
    {
      "type": "Feature",
      "geometry": {
        "type": "Point",
        "coordinates": [
          133.713897,
          34.216979
        ]
      },
      "properties": {
        "NO": "477",
        "共通ID": "E3720800076111",
        "施設・場所名": "三豊市地域交流館大見",
        "住所": "香川県三豊市三野町大見甲3078-4",
        "指定緊急避難場所との住所同一": "1",
        "その他市町村長が必要と認める事項": "",
        "受入対象者": "",
        "備考": ""
      }
    },
    {
      "type": "Feature",
      "geometry": {
        "type": "Point",
        "coordinates": [
          133.734761,
          34.09974
        ]
      },
      "properties": {
        "NO": "478",
        "共通ID": "E3720800037111",
        "施設・場所名": "河内農村婦人の家",
        "住所": "香川県三豊市山本町河内1080-1",
        "指定緊急避難場所との住所同一": "1",
        "その他市町村長が必要と認める事項": null,
        "受入対象者": null,
        "備考": ""
      }
    },
    {
      "type": "Feature",
      "geometry": {
        "type": "Point",
        "coordinates": [
          133.735405,
          34.100667
        ]
      },
      "properties": {
        "NO": "479",
        "共通ID": "E3720800038111",
        "施設・場所名": "（旧）河内小学校",
        "住所": "香川県三豊市山本町河内714",
        "指定緊急避難場所との住所同一": "1",
        "その他市町村長が必要と認める事項": "",
        "受入対象者": "",
        "備考": ""
      }
    },
    {
      "type": "Feature",
      "geometry": {
        "type": "Point",
        "coordinates": [
          133.725275,
          34.118695
        ]
      },
      "properties": {
        "NO": "480",
        "共通ID": "E3720800039111",
        "施設・場所名": "山本町農村環境改善センター",
        "住所": "香川県三豊市山本町財田西375",
        "指定緊急避難場所との住所同一": "1",
        "その他市町村長が必要と認める事項": "",
        "受入対象者": "",
        "備考": ""
      }
    },
    {
      "type": "Feature",
      "geometry": {
        "type": "Point",
        "coordinates": [
          133.726042,
          34.118538
        ]
      },
      "properties": {
        "NO": "481",
        "共通ID": "E3720800039112",
        "施設・場所名": "山本町保健センター",
        "住所": "香川県三豊市山本町財田西375",
        "指定緊急避難場所との住所同一": "1",
        "その他市町村長が必要と認める事項": "",
        "受入対象者": "",
        "備考": ""
      }
    },
    {
      "type": "Feature",
      "geometry": {
        "type": "Point",
        "coordinates": [
          133.770895,
          34.142181
        ]
      },
      "properties": {
        "NO": "482",
        "共通ID": "E3720800040111",
        "施設・場所名": "神田定住促進センター",
        "住所": "香川県三豊市山本町神田1250-3",
        "指定緊急避難場所との住所同一": "1",
        "その他市町村長が必要と認める事項": null,
        "受入対象者": null,
        "備考": ""
      }
    },
    {
      "type": "Feature",
      "geometry": {
        "type": "Point",
        "coordinates": [
          133.769814,
          34.142245
        ]
      },
      "properties": {
        "NO": "483",
        "共通ID": "E3720800041111",
        "施設・場所名": "（旧）神田小学校",
        "住所": "香川県三豊市山本町神田1259",
        "指定緊急避難場所との住所同一": "1",
        "その他市町村長が必要と認める事項": "",
        "受入対象者": "",
        "備考": ""
      }
    },
    {
      "type": "Feature",
      "geometry": {
        "type": "Point",
        "coordinates": [
          133.769815,
          34.127774
        ]
      },
      "properties": {
        "NO": "484",
        "共通ID": "E3720800079111",
        "施設・場所名": "レクザム・カマタマーレ讃岐・クラブハウス",
        "住所": "香川県三豊市山本町神田乙500-1",
        "指定緊急避難場所との住所同一": "1",
        "その他市町村長が必要と認める事項": "",
        "受入対象者": "",
        "備考": ""
      }
    },
    {
      "type": "Feature",
      "geometry": {
        "type": "Point",
        "coordinates": [
          133.728005,
          34.121822
        ]
      },
      "properties": {
        "NO": "485",
        "共通ID": "E3720800042111",
        "施設・場所名": "財田大野農業構造改善センター",
        "住所": "香川県三豊市山本町大野266-1",
        "指定緊急避難場所との住所同一": "1",
        "その他市町村長が必要と認める事項": null,
        "受入対象者": null,
        "備考": ""
      }
    },
    {
      "type": "Feature",
      "geometry": {
        "type": "Point",
        "coordinates": [
          133.733927,
          34.12215
        ]
      },
      "properties": {
        "NO": "486",
        "共通ID": "E3720800043111",
        "施設・場所名": "山本小学校",
        "住所": "香川県三豊市山本町大野6-1",
        "指定緊急避難場所との住所同一": "1",
        "その他市町村長が必要と認める事項": null,
        "受入対象者": null,
        "備考": ""
      }
    },
    {
      "type": "Feature",
      "geometry": {
        "type": "Point",
        "coordinates": [
          133.71927,
          34.113774
        ]
      },
      "properties": {
        "NO": "487",
        "共通ID": "E3720800044111",
        "施設・場所名": "山本町公民館辻分館",
        "住所": "香川県三豊市山本町辻1374-1",
        "指定緊急避難場所との住所同一": "1",
        "その他市町村長が必要と認める事項": null,
        "受入対象者": null,
        "備考": ""
      }
    },
    {
      "type": "Feature",
      "geometry": {
        "type": "Point",
        "coordinates": [
          133.718884,
          34.114145
        ]
      },
      "properties": {
        "NO": "488",
        "共通ID": "E3720800045111",
        "施設・場所名": "（旧）辻小学校",
        "住所": "香川県三豊市山本町辻1375",
        "指定緊急避難場所との住所同一": "1",
        "その他市町村長が必要と認める事項": "",
        "受入対象者": "",
        "備考": ""
      }
    },
    {
      "type": "Feature",
      "geometry": {
        "type": "Point",
        "coordinates": [
          133.711843,
          34.122608
        ]
      },
      "properties": {
        "NO": "489",
        "共通ID": "E3720800046111",
        "施設・場所名": "三豊中学校",
        "住所": "香川県三豊市山本町辻876",
        "指定緊急避難場所との住所同一": "1",
        "その他市町村長が必要と認める事項": null,
        "受入対象者": null,
        "備考": ""
      }
    },
    {
      "type": "Feature",
      "geometry": {
        "type": "Point",
        "coordinates": [
          133.651167,
          34.17435
        ]
      },
      "properties": {
        "NO": "490",
        "共通ID": "E3720800049111",
        "施設・場所名": "曽保小学校",
        "住所": "香川県三豊市仁尾町仁尾甲1082",
        "指定緊急避難場所との住所同一": "1",
        "その他市町村長が必要と認める事項": null,
        "受入対象者": null,
        "備考": ""
      }
    },
    {
      "type": "Feature",
      "geometry": {
        "type": "Point",
        "coordinates": [
          133.6452,
          34.19781
        ]
      },
      "properties": {
        "NO": "491",
        "共通ID": "E3720800050111",
        "施設・場所名": "仁尾町体育センター",
        "住所": "香川県三豊市仁尾町仁尾辛34-1",
        "指定緊急避難場所との住所同一": "1",
        "その他市町村長が必要と認める事項": "",
        "受入対象者": "",
        "備考": ""
      }
    },
    {
      "type": "Feature",
      "geometry": {
        "type": "Point",
        "coordinates": [
          133.646101,
          34.196327
        ]
      },
      "properties": {
        "NO": "492",
        "共通ID": "E3720800051111",
        "施設・場所名": "仁尾中学校",
        "住所": "香川県三豊市仁尾町仁尾辛38-2",
        "指定緊急避難場所との住所同一": "1",
        "その他市町村長が必要と認める事項": null,
        "受入対象者": null,
        "備考": ""
      }
    },
    {
      "type": "Feature",
      "geometry": {
        "type": "Point",
        "coordinates": [
          133.646265,
          34.200683
        ]
      },
      "properties": {
        "NO": "493",
        "共通ID": "E3720800052111",
        "施設・場所名": "仁尾町文化会館",
        "住所": "香川県三豊市仁尾町仁尾丁296-1",
        "指定緊急避難場所との住所同一": "1",
        "その他市町村長が必要と認める事項": null,
        "受入対象者": null,
        "備考": ""
      }
    },
    {
      "type": "Feature",
      "geometry": {
        "type": "Point",
        "coordinates": [
          133.651737,
          34.202995
        ]
      },
      "properties": {
        "NO": "494",
        "共通ID": "E3720800054111",
        "施設・場所名": "仁尾小学校",
        "住所": "香川県三豊市仁尾町仁尾丙1736",
        "指定緊急避難場所との住所同一": "1",
        "その他市町村長が必要と認める事項": null,
        "受入対象者": null,
        "備考": ""
      }
    },
    {
      "type": "Feature",
      "geometry": {
        "type": "Point",
        "coordinates": [
          133.681587,
          34.154228
        ]
      },
      "properties": {
        "NO": "495",
        "共通ID": "E3720800055111",
        "施設・場所名": "桑山小学校",
        "住所": "香川県三豊市豊中町岡本188-1",
        "指定緊急避難場所との住所同一": "1",
        "その他市町村長が必要と認める事項": null,
        "受入対象者": null,
        "備考": ""
      }
    },
    {
      "type": "Feature",
      "geometry": {
        "type": "Point",
        "coordinates": [
          133.706579,
          34.15783
        ]
      },
      "properties": {
        "NO": "496",
        "共通ID": "E3720800056111",
        "施設・場所名": "笠田小学校",
        "住所": "香川県三豊市豊中町笠田笠岡2192-1",
        "指定緊急避難場所との住所同一": "1",
        "その他市町村長が必要と認める事項": null,
        "受入対象者": null,
        "備考": ""
      }
    },
    {
      "type": "Feature",
      "geometry": {
        "type": "Point",
        "coordinates": [
          133.7081,
          34.15979
        ]
      },
      "properties": {
        "NO": "497",
        "共通ID": "E3720800082111",
        "施設・場所名": "さぬき合掌殿豊中",
        "住所": "香川県三豊市豊中町笠田笠岡2311-1",
        "指定緊急避難場所との住所同一": "1",
        "その他市町村長が必要と認める事項": "",
        "受入対象者": "",
        "備考": ""
      }
    },
    {
      "type": "Feature",
      "geometry": {
        "type": "Point",
        "coordinates": [
          133.699815,
          34.15169
        ]
      },
      "properties": {
        "NO": "498",
        "共通ID": "E3720800057111",
        "施設・場所名": "笠田高等学校",
        "住所": "香川県三豊市豊中町笠田竹田251",
        "指定緊急避難場所との住所同一": "1",
        "その他市町村長が必要と認める事項": null,
        "受入対象者": null,
        "備考": ""
      }
    },
    {
      "type": "Feature",
      "geometry": {
        "type": "Point",
        "coordinates": [
          133.706568,
          34.144276
        ]
      },
      "properties": {
        "NO": "499",
        "共通ID": "E3720800058111",
        "施設・場所名": "上高野小学校",
        "住所": "香川県三豊市豊中町上高野2384",
        "指定緊急避難場所との住所同一": "1",
        "その他市町村長が必要と認める事項": null,
        "受入対象者": null,
        "備考": ""
      }
    },
    {
      "type": "Feature",
      "geometry": {
        "type": "Point",
        "coordinates": [
          133.689176,
          34.167227
        ]
      },
      "properties": {
        "NO": "500",
        "共通ID": "E3720800059111",
        "施設・場所名": "比地大小学校",
        "住所": "香川県三豊市豊中町比地大2514-1",
        "指定緊急避難場所との住所同一": "1",
        "その他市町村長が必要と認める事項": null,
        "受入対象者": null,
        "備考": ""
      }
    },
    {
      "type": "Feature",
      "geometry": {
        "type": "Point",
        "coordinates": [
          133.696064,
          34.146126
        ]
      },
      "properties": {
        "NO": "501",
        "共通ID": "E3720800060111",
        "施設・場所名": "豊中中学校",
        "住所": "香川県三豊市豊中町本山甲148-1",
        "指定緊急避難場所との住所同一": "1",
        "その他市町村長が必要と認める事項": null,
        "受入対象者": null,
        "備考": ""
      }
    },
    {
      "type": "Feature",
      "geometry": {
        "type": "Point",
        "coordinates": [
          133.696107,
          34.14742
        ]
      },
      "properties": {
        "NO": "502",
        "共通ID": "E3720800061112",
        "施設・場所名": "豊中町農村環境改善センター",
        "住所": "香川県三豊市豊中町本山甲160-1",
        "指定緊急避難場所との住所同一": "1",
        "その他市町村長が必要と認める事項": "",
        "受入対象者": "",
        "備考": ""
      }
    },
    {
      "type": "Feature",
      "geometry": {
        "type": "Point",
        "coordinates": [
          133.696001,
          34.147596
        ]
      },
      "properties": {
        "NO": "503",
        "共通ID": "E3720800061111",
        "施設・場所名": "三豊市市民交流センター",
        "住所": "香川県三豊市豊中町本山甲160-1",
        "指定緊急避難場所との住所同一": "1",
        "その他市町村長が必要と認める事項": "",
        "受入対象者": "",
        "備考": ""
      }
    },
    {
      "type": "Feature",
      "geometry": {
        "type": "Point",
        "coordinates": [
          133.699284,
          34.140239
        ]
      },
      "properties": {
        "NO": "504",
        "共通ID": "E3720800062111",
        "施設・場所名": "本山小学校",
        "住所": "香川県三豊市豊中町本山甲1893-1",
        "指定緊急避難場所との住所同一": "1",
        "その他市町村長が必要と認める事項": null,
        "受入対象者": null,
        "備考": ""
      }
    },
    {
      "type": "Feature",
      "geometry": {
        "type": "Point",
        "coordinates": [
          133.630029,
          34.270043
        ]
      },
      "properties": {
        "NO": "505",
        "共通ID": "E3720800063111",
        "施設・場所名": "（旧）粟島小学校",
        "住所": "香川県三豊市詫間町粟島1506-2",
        "指定緊急避難場所との住所同一": "1",
        "その他市町村長が必要と認める事項": "",
        "受入対象者": "",
        "備考": ""
      }
    },
    {
      "type": "Feature",
      "geometry": {
        "type": "Point",
        "coordinates": [
          133.633941,
          34.269372
        ]
      },
      "properties": {
        "NO": "506",
        "共通ID": "E3720800064111",
        "施設・場所名": "粟島開発総合センター",
        "住所": "香川県三豊市詫間町粟島861-17",
        "指定緊急避難場所との住所同一": "1",
        "その他市町村長が必要と認める事項": null,
        "受入対象者": null,
        "備考": ""
      }
    },
    {
      "type": "Feature",
      "geometry": {
        "type": "Point",
        "coordinates": [
          133.635616,
          34.234785
        ]
      },
      "properties": {
        "NO": "507",
        "共通ID": "E3720800065111",
        "施設・場所名": "香川高等専門学校詫間キャンパス",
        "住所": "香川県三豊市詫間町香田551",
        "指定緊急避難場所との住所同一": "1",
        "その他市町村長が必要と認める事項": "",
        "受入対象者": "",
        "備考": ""
      }
    },
    {
      "type": "Feature",
      "geometry": {
        "type": "Point",
        "coordinates": [
          133.681184,
          34.269897
        ]
      },
      "properties": {
        "NO": "508",
        "共通ID": "E3720800066111",
        "施設・場所名": "志々島老人いこいの家",
        "住所": "香川県三豊市詫間町志々島394-2",
        "指定緊急避難場所との住所同一": "1",
        "その他市町村長が必要と認める事項": null,
        "受入対象者": null,
        "備考": ""
      }
    },
    {
      "type": "Feature",
      "geometry": {
        "type": "Point",
        "coordinates": [
          133.693286,
          34.221054
        ]
      },
      "properties": {
        "NO": "509",
        "共通ID": "E3720800067111",
        "施設・場所名": "松崎コミュニティセンター",
        "住所": "香川県三豊市詫間町松崎717-1",
        "指定緊急避難場所との住所同一": "1",
        "その他市町村長が必要と認める事項": null,
        "受入対象者": null,
        "備考": ""
      }
    },
    {
      "type": "Feature",
      "geometry": {
        "type": "Point",
        "coordinates": [
          133.694237,
          34.221165
        ]
      },
      "properties": {
        "NO": "510",
        "共通ID": "E3720800068111",
        "施設・場所名": "松崎小学校",
        "住所": "香川県三豊市詫間町松崎722",
        "指定緊急避難場所との住所同一": "1",
        "その他市町村長が必要と認める事項": null,
        "受入対象者": null,
        "備考": ""
      }
    },
    {
      "type": "Feature",
      "geometry": {
        "type": "Point",
        "coordinates": [
          133.616619,
          34.235586
        ]
      },
      "properties": {
        "NO": "511",
        "共通ID": "E3720800077111",
        "施設・場所名": "三豊市地域交流館荘内",
        "住所": "香川県三豊市詫間町大浜甲1633-36",
        "指定緊急避難場所との住所同一": "1",
        "その他市町村長が必要と認める事項": "",
        "受入対象者": "",
        "備考": ""
      }
    },
    {
      "type": "Feature",
      "geometry": {
        "type": "Point",
        "coordinates": [
          133.586848,
          34.254968
        ]
      },
      "properties": {
        "NO": "512",
        "共通ID": "E3720800071112",
        "施設・場所名": "（旧）箱浦小学校",
        "住所": "香川県三豊市詫間町箱551-1",
        "指定緊急避難場所との住所同一": "1",
        "その他市町村長が必要と認める事項": "",
        "受入対象者": "",
        "備考": ""
      }
    },
    {
      "type": "Feature",
      "geometry": {
        "type": "Point",
        "coordinates": [
          133.588823,
          34.258289
        ]
      },
      "properties": {
        "NO": "513",
        "共通ID": "E3720800078111",
        "施設・場所名": "箱浦ビジターハウス",
        "住所": "香川県三豊市詫間町箱859-29",
        "指定緊急避難場所との住所同一": "1",
        "その他市町村長が必要と認める事項": "",
        "受入対象者": "",
        "備考": ""
      }
    },
    {
      "type": "Feature",
      "geometry": {
        "type": "Point",
        "coordinates": [
          133.673449,
          34.220976
        ]
      },
      "properties": {
        "NO": "514",
        "共通ID": "E3720800072112",
        "施設・場所名": "市民センター詫間",
        "住所": "香川県三豊市詫間町詫間1338-13",
        "指定緊急避難場所との住所同一": "1",
        "その他市町村長が必要と認める事項": "",
        "受入対象者": "",
        "備考": ""
      }
    },
    {
      "type": "Feature",
      "geometry": {
        "type": "Point",
        "coordinates": [
          133.66695,
          34.22542
        ]
      },
      "properties": {
        "NO": "515",
        "共通ID": "E3720800073111",
        "施設・場所名": "詫間小学校",
        "住所": "香川県三豊市詫間町詫間2158",
        "指定緊急避難場所との住所同一": "1",
        "その他市町村長が必要と認める事項": null,
        "受入対象者": null,
        "備考": ""
      }
    },
    {
      "type": "Feature",
      "geometry": {
        "type": "Point",
        "coordinates": [
          133.657442,
          34.233902
        ]
      },
      "properties": {
        "NO": "516",
        "共通ID": "E3720800074111",
        "施設・場所名": "詫間中学校",
        "住所": "香川県三豊市詫間町詫間5796-1",
        "指定緊急避難場所との住所同一": "1",
        "その他市町村長が必要と認める事項": null,
        "受入対象者": null,
        "備考": ""
      }
    },
    {
      "type": "Feature",
      "geometry": {
        "type": "Point",
        "coordinates": [
          134.163028,
          34.265307
        ]
      },
      "properties": {
        "NO": "517",
        "共通ID": "E3734100001111",
        "施設・場所名": "井戸教育集会所",
        "住所": "香川県三木町井戸2631-1",
        "指定緊急避難場所との住所同一": "1",
        "その他市町村長が必要と認める事項": "",
        "受入対象者": "",
        "備考": ""
      }
    },
    {
      "type": "Feature",
      "geometry": {
        "type": "Point",
        "coordinates": [
          134.162696,
          34.265118
        ]
      },
      "properties": {
        "NO": "518",
        "共通ID": "E3734100002111",
        "施設・場所名": "井戸公民館",
        "住所": "香川県三木町井戸2679-1",
        "指定緊急避難場所との住所同一": "1",
        "その他市町村長が必要と認める事項": "",
        "受入対象者": "",
        "備考": ""
      }
    },
    {
      "type": "Feature",
      "geometry": {
        "type": "Point",
        "coordinates": [
          134.138286,
          34.292333
        ]
      },
      "properties": {
        "NO": "519",
        "共通ID": "E3734100003111",
        "施設・場所名": "老人福祉会館あけぼの荘",
        "住所": "香川県三木町井上1966-5",
        "指定緊急避難場所との住所同一": "1",
        "その他市町村長が必要と認める事項": "",
        "受入対象者": "",
        "備考": ""
      }
    },
    {
      "type": "Feature",
      "geometry": {
        "type": "Point",
        "coordinates": [
          134.140705,
          34.191333
        ]
      },
      "properties": {
        "NO": "520",
        "共通ID": "E3734100004111",
        "施設・場所名": "津柳地区コミュニティセンター",
        "住所": "香川県三木町奥山1109-6",
        "指定緊急避難場所との住所同一": "1",
        "その他市町村長が必要と認める事項": "",
        "受入対象者": "",
        "備考": ""
      }
    },
    {
      "type": "Feature",
      "geometry": {
        "type": "Point",
        "coordinates": [
          134.141222,
          34.18987
        ]
      },
      "properties": {
        "NO": "521",
        "共通ID": "E3734100005111",
        "施設・場所名": "旧神山小中学校",
        "住所": "香川県三木町奥山987",
        "指定緊急避難場所との住所同一": "1",
        "その他市町村長が必要と認める事項": "",
        "受入対象者": "",
        "備考": ""
      }
    },
    {
      "type": "Feature",
      "geometry": {
        "type": "Point",
        "coordinates": [
          134.148695,
          34.261644
        ]
      },
      "properties": {
        "NO": "522",
        "共通ID": "E3734100006111",
        "施設・場所名": "ウォーキングセンター",
        "住所": "香川県三木町下高岡1459-2",
        "指定緊急避難場所との住所同一": "1",
        "その他市町村長が必要と認める事項": "",
        "受入対象者": "",
        "備考": ""
      }
    },
    {
      "type": "Feature",
      "geometry": {
        "type": "Point",
        "coordinates": [
          134.14136,
          34.262369
        ]
      },
      "properties": {
        "NO": "523",
        "共通ID": "E3734100007111",
        "施設・場所名": "白山教育集会所",
        "住所": "香川県三木町下高岡2123-1",
        "指定緊急避難場所との住所同一": "1",
        "その他市町村長が必要と認める事項": "",
        "受入対象者": "",
        "備考": ""
      }
    },
    {
      "type": "Feature",
      "geometry": {
        "type": "Point",
        "coordinates": [
          134.155489,
          34.2595
        ]
      },
      "properties": {
        "NO": "524",
        "共通ID": "E3734100009111",
        "施設・場所名": "白山小学校",
        "住所": "香川県三木町下高岡352-1",
        "指定緊急避難場所との住所同一": "1",
        "その他市町村長が必要と認める事項": "",
        "受入対象者": "",
        "備考": ""
      }
    },
    {
      "type": "Feature",
      "geometry": {
        "type": "Point",
        "coordinates": [
          134.1549,
          34.22801
        ]
      },
      "properties": {
        "NO": "525",
        "共通ID": "E3734100010111",
        "施設・場所名": "神山公民館",
        "住所": "香川県三木町鹿庭1755-1",
        "指定緊急避難場所との住所同一": "1",
        "その他市町村長が必要と認める事項": "",
        "受入対象者": "",
        "備考": ""
      }
    },
    {
      "type": "Feature",
      "geometry": {
        "type": "Point",
        "coordinates": [
          134.155414,
          34.22321
        ]
      },
      "properties": {
        "NO": "526",
        "共通ID": "E3734100011111",
        "施設・場所名": "鹿庭コミュニティセンター",
        "住所": "香川県三木町鹿庭乙255",
        "指定緊急避難場所との住所同一": "1",
        "その他市町村長が必要と認める事項": "",
        "受入対象者": "",
        "備考": ""
      }
    },
    {
      "type": "Feature",
      "geometry": {
        "type": "Point",
        "coordinates": [
          134.136169,
          34.269556
        ]
      },
      "properties": {
        "NO": "527",
        "共通ID": "E3734100012111",
        "施設・場所名": "平木文化センター",
        "住所": "香川県三木町鹿伏256-1",
        "指定緊急避難場所との住所同一": "1",
        "その他市町村長が必要と認める事項": "",
        "受入対象者": "",
        "備考": ""
      }
    },
    {
      "type": "Feature",
      "geometry": {
        "type": "Point",
        "coordinates": [
          134.136222,
          34.272395
        ]
      },
      "properties": {
        "NO": "528",
        "共通ID": "E3734100013111",
        "施設・場所名": "三木町文化交流プラザ",
        "住所": "香川県三木町鹿伏360",
        "指定緊急避難場所との住所同一": "1",
        "その他市町村長が必要と認める事項": "",
        "受入対象者": "",
        "備考": ""
      }
    },
    {
      "type": "Feature",
      "geometry": {
        "type": "Point",
        "coordinates": [
          134.118455,
          34.18679
        ]
      },
      "properties": {
        "NO": "529",
        "共通ID": "E3734100014111",
        "施設・場所名": "旧小蓑小中学校",
        "住所": "香川県三木町小蓑1351-1",
        "指定緊急避難場所との住所同一": "1",
        "その他市町村長が必要と認める事項": "",
        "受入対象者": "",
        "備考": ""
      }
    },
    {
      "type": "Feature",
      "geometry": {
        "type": "Point",
        "coordinates": [
          134.143786,
          34.23682
        ]
      },
      "properties": {
        "NO": "530",
        "共通ID": "E3734100015111",
        "施設・場所名": "共同福祉施設",
        "住所": "香川県三木町上高岡2542-5",
        "指定緊急避難場所との住所同一": "1",
        "その他市町村長が必要と認める事項": "",
        "受入対象者": "",
        "備考": ""
      }
    },
    {
      "type": "Feature",
      "geometry": {
        "type": "Point",
        "coordinates": [
          134.145257,
          34.238203
        ]
      },
      "properties": {
        "NO": "531",
        "共通ID": "E3734100016111",
        "施設・場所名": "三木町Ｂ＆Ｇ海洋センター",
        "住所": "香川県三木町上高岡2544-3",
        "指定緊急避難場所との住所同一": "1",
        "その他市町村長が必要と認める事項": "",
        "受入対象者": "",
        "備考": ""
      }
    },
    {
      "type": "Feature",
      "geometry": {
        "type": "Point",
        "coordinates": [
          134.144954,
          34.236985
        ]
      },
      "properties": {
        "NO": "532",
        "共通ID": "E3734100017111",
        "施設・場所名": "すぱーく三木屋内ゲートボール場",
        "住所": "香川県三木町上高岡2545-14",
        "指定緊急避難場所との住所同一": "1",
        "その他市町村長が必要と認める事項": "",
        "受入対象者": "",
        "備考": ""
      }
    },
    {
      "type": "Feature",
      "geometry": {
        "type": "Point",
        "coordinates": [
          134.124704,
          34.288257
        ]
      },
      "properties": {
        "NO": "533",
        "共通ID": "E3734100018111",
        "施設・場所名": "ししの子幼稚園・保育所",
        "住所": "香川県三木町大字池戸1388-34",
        "指定緊急避難場所との住所同一": "1",
        "その他市町村長が必要と認める事項": "",
        "受入対象者": "",
        "備考": ""
      }
    },
    {
      "type": "Feature",
      "geometry": {
        "type": "Point",
        "coordinates": [
          134.128413,
          34.282071
        ]
      },
      "properties": {
        "NO": "534",
        "共通ID": "E3734100019111",
        "施設・場所名": "保健センター",
        "住所": "香川県三木町池戸1276-5",
        "指定緊急避難場所との住所同一": "1",
        "その他市町村長が必要と認める事項": "",
        "受入対象者": "",
        "備考": ""
      }
    },
    {
      "type": "Feature",
      "geometry": {
        "type": "Point",
        "coordinates": [
          134.121681,
          34.277885
        ]
      },
      "properties": {
        "NO": "535",
        "共通ID": "E3734100020111",
        "施設・場所名": "池戸商工センター",
        "住所": "香川県三木町池戸2340-1",
        "指定緊急避難場所との住所同一": "1",
        "その他市町村長が必要と認める事項": "",
        "受入対象者": "",
        "備考": ""
      }
    },
    {
      "type": "Feature",
      "geometry": {
        "type": "Point",
        "coordinates": [
          134.130288,
          34.294479
        ]
      },
      "properties": {
        "NO": "536",
        "共通ID": "E3734100030121",
        "施設・場所名": "社会福祉法人朝日園",
        "住所": "香川県三木町池戸931-6",
        "指定緊急避難場所との住所同一": "",
        "その他市町村長が必要と認める事項": "",
        "受入対象者": "身体障がい者（障がいの程度が１級又は２級に該当する方若しくはそれに相当する方）、知的障がい者（療育手帳をお持ちの方）、これに準じる者　　※ただし、家族等による介護を受けられる方は除く。",
        "備考": ""
      }
    },
    {
      "type": "Feature",
      "geometry": {
        "type": "Point",
        "coordinates": [
          134.121162,
          34.231341
        ]
      },
      "properties": {
        "NO": "537",
        "共通ID": "E3734100021111",
        "施設・場所名": "農業者トレーニングセンター",
        "住所": "香川県三木町朝倉1441",
        "指定緊急避難場所との住所同一": "1",
        "その他市町村長が必要と認める事項": "",
        "受入対象者": "",
        "備考": ""
      }
    },
    {
      "type": "Feature",
      "geometry": {
        "type": "Point",
        "coordinates": [
          134.121748,
          34.245397
        ]
      },
      "properties": {
        "NO": "538",
        "共通ID": "E3734100022111",
        "施設・場所名": "田中公民館",
        "住所": "香川県三木町田中3841-1",
        "指定緊急避難場所との住所同一": "1",
        "その他市町村長が必要と認める事項": "",
        "受入対象者": "",
        "備考": ""
      }
    },
    {
      "type": "Feature",
      "geometry": {
        "type": "Point",
        "coordinates": [
          134.120433,
          34.242027
        ]
      },
      "properties": {
        "NO": "539",
        "共通ID": "E3734100023111",
        "施設・場所名": "田中小学校",
        "住所": "香川県三木町田中4620-2",
        "指定緊急避難場所との住所同一": "1",
        "その他市町村長が必要と認める事項": "",
        "受入対象者": "",
        "備考": ""
      }
    },
    {
      "type": "Feature",
      "geometry": {
        "type": "Point",
        "coordinates": [
          134.134988,
          34.254219
        ]
      },
      "properties": {
        "NO": "540",
        "共通ID": "E3734100024111",
        "施設・場所名": "氷上小学校",
        "住所": "香川県三木町氷上2845",
        "指定緊急避難場所との住所同一": "1",
        "その他市町村長が必要と認める事項": "",
        "受入対象者": "",
        "備考": ""
      }
    },
    {
      "type": "Feature",
      "geometry": {
        "type": "Point",
        "coordinates": [
          134.134364,
          34.253624
        ]
      },
      "properties": {
        "NO": "541",
        "共通ID": "E3734100025111",
        "施設・場所名": "地域交流センター",
        "住所": "香川県三木町氷上2871",
        "指定緊急避難場所との住所同一": "1",
        "その他市町村長が必要と認める事項": "",
        "受入対象者": "",
        "備考": ""
      }
    },
    {
      "type": "Feature",
      "geometry": {
        "type": "Point",
        "coordinates": [
          134.128313,
          34.268612
        ]
      },
      "properties": {
        "NO": "542",
        "共通ID": "E3734100026111",
        "施設・場所名": "三木中学校",
        "住所": "香川県三木町氷上31",
        "指定緊急避難場所との住所同一": "1",
        "その他市町村長が必要と認める事項": "",
        "受入対象者": "",
        "備考": ""
      }
    },
    {
      "type": "Feature",
      "geometry": {
        "type": "Point",
        "coordinates": [
          134.134744,
          34.268489
        ]
      },
      "properties": {
        "NO": "543",
        "共通ID": "E3734100027111",
        "施設・場所名": "三木町防災センター",
        "住所": "香川県三木町氷上310",
        "指定緊急避難場所との住所同一": "1",
        "その他市町村長が必要と認める事項": "",
        "受入対象者": "",
        "備考": ""
      }
    },
    {
      "type": "Feature",
      "geometry": {
        "type": "Point",
        "coordinates": [
          134.13519,
          34.268376
        ]
      },
      "properties": {
        "NO": "544",
        "共通ID": "E3734100028111",
        "施設・場所名": "農村環境改善センター",
        "住所": "香川県三木町氷上370-2",
        "指定緊急避難場所との住所同一": "1",
        "その他市町村長が必要と認める事項": "",
        "受入対象者": "",
        "備考": ""
      }
    },
    {
      "type": "Feature",
      "geometry": {
        "type": "Point",
        "coordinates": [
          134.134909,
          34.276842
        ]
      },
      "properties": {
        "NO": "545",
        "共通ID": "E3734100029111",
        "施設・場所名": "平井小学校",
        "住所": "香川県三木町平木710-1",
        "指定緊急避難場所との住所同一": "1",
        "その他市町村長が必要と認める事項": "",
        "受入対象者": "",
        "備考": ""
      }
    },
    {
      "type": "Feature",
      "geometry": {
        "type": "Point",
        "coordinates": [
          134.318782,
          34.484795
        ]
      },
      "properties": {
        "NO": "546",
        "共通ID": "E3732400002111",
        "施設・場所名": "安田小学校体育館",
        "住所": "香川県小豆島町安田甲417-2",
        "指定緊急避難場所との住所同一": "1",
        "その他市町村長が必要と認める事項": null,
        "受入対象者": null,
        "備考": ""
      }
    },
    {
      "type": "Feature",
      "geometry": {
        "type": "Point",
        "coordinates": [
          134.216921,
          34.480801
        ]
      },
      "properties": {
        "NO": "547",
        "共通ID": "E3732400005111",
        "施設・場所名": "小豆島中央高校第１体育館",
        "住所": "香川県小豆島町蒲生甲1001",
        "指定緊急避難場所との住所同一": "1",
        "その他市町村長が必要と認める事項": null,
        "受入対象者": null,
        "備考": ""
      }
    },
    {
      "type": "Feature",
      "geometry": {
        "type": "Point",
        "coordinates": [
          134.210755,
          34.483492
        ]
      },
      "properties": {
        "NO": "548",
        "共通ID": "E3732400006111",
        "施設・場所名": "蒲生公民館",
        "住所": "香川県小豆島町蒲生甲1805-1",
        "指定緊急避難場所との住所同一": "1",
        "その他市町村長が必要と認める事項": null,
        "受入対象者": null,
        "備考": ""
      }
    },
    {
      "type": "Feature",
      "geometry": {
        "type": "Point",
        "coordinates": [
          134.216157,
          34.477172
        ]
      },
      "properties": {
        "NO": "549",
        "共通ID": "E3732400007121",
        "施設・場所名": "特別養護老人ホームリベラルサンシャイン",
        "住所": "香川県小豆島町蒲生甲350",
        "指定緊急避難場所との住所同一": "",
        "その他市町村長が必要と認める事項": null,
        "受入対象者": "要配慮者",
        "備考": ""
      }
    },
    {
      "type": "Feature",
      "geometry": {
        "type": "Point",
        "coordinates": [
          134.250506,
          34.441985
        ]
      },
      "properties": {
        "NO": "550",
        "共通ID": "E3732400008111",
        "施設・場所名": "三都公民館",
        "住所": "香川県小豆島町蒲野1642-1",
        "指定緊急避難場所との住所同一": "1",
        "その他市町村長が必要と認める事項": null,
        "受入対象者": null,
        "備考": ""
      }
    },
    {
      "type": "Feature",
      "geometry": {
        "type": "Point",
        "coordinates": [
          134.342142,
          34.491461
        ]
      },
      "properties": {
        "NO": "551",
        "共通ID": "E3732400013111",
        "施設・場所名": "橘会館",
        "住所": "香川県小豆島町橘甲442-1",
        "指定緊急避難場所との住所同一": "1",
        "その他市町村長が必要と認める事項": null,
        "受入対象者": null,
        "備考": ""
      }
    },
    {
      "type": "Feature",
      "geometry": {
        "type": "Point",
        "coordinates": [
          134.321591,
          34.457061
        ]
      },
      "properties": {
        "NO": "552",
        "共通ID": "E3732400015111",
        "施設・場所名": "坂手公民館",
        "住所": "香川県小豆島町坂手甲1834-6",
        "指定緊急避難場所との住所同一": "1",
        "その他市町村長が必要と認める事項": null,
        "受入対象者": null,
        "備考": ""
      }
    },
    {
      "type": "Feature",
      "geometry": {
        "type": "Point",
        "coordinates": [
          134.234034,
          34.470581
        ]
      },
      "properties": {
        "NO": "553",
        "共通ID": "E3732400019111",
        "施設・場所名": "室生体育館",
        "住所": "香川県小豆島町室生2211-7",
        "指定緊急避難場所との住所同一": "1",
        "その他市町村長が必要と認める事項": null,
        "受入対象者": null,
        "備考": ""
      }
    },
    {
      "type": "Feature",
      "geometry": {
        "type": "Point",
        "coordinates": [
          134.275067,
          34.473292
        ]
      },
      "properties": {
        "NO": "554",
        "共通ID": "E3732400021111",
        "施設・場所名": "サン・オリーブ",
        "住所": "香川県小豆島町西村乙1879-5",
        "指定緊急避難場所との住所同一": "1",
        "その他市町村長が必要と認める事項": null,
        "受入対象者": null,
        "備考": ""
      }
    },
    {
      "type": "Feature",
      "geometry": {
        "type": "Point",
        "coordinates": [
          134.283704,
          34.473154
        ]
      },
      "properties": {
        "NO": "555",
        "共通ID": "E3732400022111",
        "施設・場所名": "西村公民館",
        "住所": "香川県小豆島町西村甲1069-1",
        "指定緊急避難場所との住所同一": "1",
        "その他市町村長が必要と認める事項": null,
        "受入対象者": null,
        "備考": ""
      }
    },
    {
      "type": "Feature",
      "geometry": {
        "type": "Point",
        "coordinates": [
          134.302324,
          34.482923
        ]
      },
      "properties": {
        "NO": "556",
        "共通ID": "E3732400029111",
        "施設・場所名": "草壁公民館",
        "住所": "香川県小豆島町草壁本町438-3",
        "指定緊急避難場所との住所同一": "1",
        "その他市町村長が必要と認める事項": null,
        "受入対象者": null,
        "備考": ""
      }
    },
    {
      "type": "Feature",
      "geometry": {
        "type": "Point",
        "coordinates": [
          134.301297,
          34.481482
        ]
      },
      "properties": {
        "NO": "557",
        "共通ID": "E3732400032111",
        "施設・場所名": "星城小学校体育館",
        "住所": "香川県小豆島町草壁本町667-1",
        "指定緊急避難場所との住所同一": "1",
        "その他市町村長が必要と認める事項": null,
        "受入対象者": null,
        "備考": ""
      }
    },
    {
      "type": "Feature",
      "geometry": {
        "type": "Point",
        "coordinates": [
          134.236545,
          34.479985
        ]
      },
      "properties": {
        "NO": "558",
        "共通ID": "E3732400035111",
        "施設・場所名": "池田小学校体育館",
        "住所": "香川県小豆島町池田1760",
        "指定緊急避難場所との住所同一": "1",
        "その他市町村長が必要と認める事項": null,
        "受入対象者": null,
        "備考": ""
      }
    },
    {
      "type": "Feature",
      "geometry": {
        "type": "Point",
        "coordinates": [
          134.234377,
          34.483814
        ]
      },
      "properties": {
        "NO": "559",
        "共通ID": "E3732400037111",
        "施設・場所名": "小豆島町農村環境改善センター（池田公民館）",
        "住所": "香川県小豆島町池田2124",
        "指定緊急避難場所との住所同一": "1",
        "その他市町村長が必要と認める事項": null,
        "受入対象者": null,
        "備考": ""
      }
    },
    {
      "type": "Feature",
      "geometry": {
        "type": "Point",
        "coordinates": [
          134.241954,
          34.503347
        ]
      },
      "properties": {
        "NO": "560",
        "共通ID": "E3732400039111",
        "施設・場所名": "中山体育館",
        "住所": "香川県小豆島町中山1585-1",
        "指定緊急避難場所との住所同一": "1",
        "その他市町村長が必要と認める事項": null,
        "受入対象者": null,
        "備考": ""
      }
    },
    {
      "type": "Feature",
      "geometry": {
        "type": "Point",
        "coordinates": [
          134.24294,
          34.461136
        ]
      },
      "properties": {
        "NO": "561",
        "共通ID": "E3732400043111",
        "施設・場所名": "二生公民館",
        "住所": "香川県小豆島町二面568-1",
        "指定緊急避難場所との住所同一": "1",
        "その他市町村長が必要と認める事項": null,
        "受入対象者": null,
        "備考": ""
      }
    },
    {
      "type": "Feature",
      "geometry": {
        "type": "Point",
        "coordinates": [
          134.327524,
          34.468232
        ]
      },
      "properties": {
        "NO": "562",
        "共通ID": "E3732400048121",
        "施設・場所名": "特別養護老人ホームマリアの園",
        "住所": "香川県小豆島町苗羽乙1212-14",
        "指定緊急避難場所との住所同一": "",
        "その他市町村長が必要と認める事項": null,
        "受入対象者": "要配慮者",
        "備考": ""
      }
    },
    {
      "type": "Feature",
      "geometry": {
        "type": "Point",
        "coordinates": [
          134.319,
          34.469886
        ]
      },
      "properties": {
        "NO": "563",
        "共通ID": "E3732400050111",
        "施設・場所名": "苗羽小学校体育館",
        "住所": "香川県小豆島町苗羽甲16-1",
        "指定緊急避難場所との住所同一": "1",
        "その他市町村長が必要と認める事項": null,
        "受入対象者": null,
        "備考": ""
      }
    },
    {
      "type": "Feature",
      "geometry": {
        "type": "Point",
        "coordinates": [
          134.341666,
          34.543761
        ]
      },
      "properties": {
        "NO": "564",
        "共通ID": "E3732400052111",
        "施設・場所名": "福田公民館",
        "住所": "香川県小豆島町福田甲546-1",
        "指定緊急避難場所との住所同一": "1",
        "その他市町村長が必要と認める事項": null,
        "受入対象者": null,
        "備考": ""
      }
    },
    {
      "type": "Feature",
      "geometry": {
        "type": "Point",
        "coordinates": [
          134.311282,
          34.480263
        ]
      },
      "properties": {
        "NO": "565",
        "共通ID": "E3732400055111",
        "施設・場所名": "小豆島中学校体育館",
        "住所": "香川県小豆島町片城甲44-1",
        "指定緊急避難場所との住所同一": "1",
        "その他市町村長が必要と認める事項": null,
        "受入対象者": null,
        "備考": ""
      }
    },
    {
      "type": "Feature",
      "geometry": {
        "type": "Point",
        "coordinates": [
          134.308243,
          34.479826
        ]
      },
      "properties": {
        "NO": "566",
        "共通ID": "E3732400056121",
        "施設・場所名": "小豆島町介護保険施設",
        "住所": "香川県小豆島町片城甲44-95",
        "指定緊急避難場所との住所同一": "1",
        "その他市町村長が必要と認める事項": null,
        "受入対象者": "要配慮者",
        "備考": ""
      }
    },
    {
      "type": "Feature",
      "geometry": {
        "type": "Point",
        "coordinates": [
          134.308143,
          34.47932
        ]
      },
      "properties": {
        "NO": "567",
        "共通ID": "E3732400056122",
        "施設・場所名": "小豆島町役場西館２階",
        "住所": "香川県小豆島町片城甲44-95",
        "指定緊急避難場所との住所同一": "1",
        "その他市町村長が必要と認める事項": null,
        "受入対象者": "要配慮者",
        "備考": ""
      }
    },
    {
      "type": "Feature",
      "geometry": {
        "type": "Point",
        "coordinates": [
          134.308132,
          34.479462
        ]
      },
      "properties": {
        "NO": "568",
        "共通ID": "E3732400056111",
        "施設・場所名": "小豆島町役場西館１階",
        "住所": "香川県小豆島町片城甲44-95",
        "指定緊急避難場所との住所同一": "1",
        "その他市町村長が必要と認める事項": null,
        "受入対象者": null,
        "備考": ""
      }
    },
    {
      "type": "Feature",
      "geometry": {
        "type": "Point",
        "coordinates": [
          133.783462,
          34.235863
        ]
      },
      "properties": {
        "NO": "569",
        "共通ID": "E3720400001111",
        "施設・場所名": "東部公民館",
        "住所": "香川県善通寺市稲木町380-3",
        "指定緊急避難場所との住所同一": "",
        "その他市町村長が必要と認める事項": null,
        "受入対象者": null,
        "備考": ""
      }
    },
    {
      "type": "Feature",
      "geometry": {
        "type": "Point",
        "coordinates": [
          133.781595,
          34.234851
        ]
      },
      "properties": {
        "NO": "570",
        "共通ID": "E3720400002111",
        "施設・場所名": "東部小学校",
        "住所": "香川県善通寺市稲木町450-1",
        "指定緊急避難場所との住所同一": "1",
        "その他市町村長が必要と認める事項": null,
        "受入対象者": null,
        "備考": ""
      }
    },
    {
      "type": "Feature",
      "geometry": {
        "type": "Point",
        "coordinates": [
          133.752432,
          34.227649
        ]
      },
      "properties": {
        "NO": "571",
        "共通ID": "E3720400003111",
        "施設・場所名": "吉原公民館",
        "住所": "香川県善通寺市吉原町1569-1",
        "指定緊急避難場所との住所同一": "",
        "その他市町村長が必要と認める事項": null,
        "受入対象者": null,
        "備考": ""
      }
    },
    {
      "type": "Feature",
      "geometry": {
        "type": "Point",
        "coordinates": [
          133.751011,
          34.229667
        ]
      },
      "properties": {
        "NO": "572",
        "共通ID": "E3720400004111",
        "施設・場所名": "吉原小学校",
        "住所": "香川県善通寺市吉原町2811",
        "指定緊急避難場所との住所同一": "1",
        "その他市町村長が必要と認める事項": null,
        "受入対象者": null,
        "備考": ""
      }
    },
    {
      "type": "Feature",
      "geometry": {
        "type": "Point",
        "coordinates": [
          133.792319,
          34.239077
        ]
      },
      "properties": {
        "NO": "573",
        "共通ID": "E3720400005111",
        "施設・場所名": "市民体育館",
        "住所": "香川県善通寺市金蔵寺町398-6",
        "指定緊急避難場所との住所同一": "1",
        "その他市町村長が必要と認める事項": null,
        "受入対象者": null,
        "備考": ""
      }
    },
    {
      "type": "Feature",
      "geometry": {
        "type": "Point",
        "coordinates": [
          133.785472,
          34.251422
        ]
      },
      "properties": {
        "NO": "574",
        "共通ID": "E3720400006111",
        "施設・場所名": "消防団第６分団統合屯所",
        "住所": "香川県善通寺市原田町1424-1",
        "指定緊急避難場所との住所同一": "",
        "その他市町村長が必要と認める事項": "",
        "受入対象者": "",
        "備考": ""
      }
    },
    {
      "type": "Feature",
      "geometry": {
        "type": "Point",
        "coordinates": [
          133.792566,
          34.249012
        ]
      },
      "properties": {
        "NO": "575",
        "共通ID": "E3720400007111",
        "施設・場所名": "竜川小学校",
        "住所": "香川県善通寺市原田町306-1",
        "指定緊急避難場所との住所同一": "1",
        "その他市町村長が必要と認める事項": null,
        "受入対象者": null,
        "備考": ""
      }
    },
    {
      "type": "Feature",
      "geometry": {
        "type": "Point",
        "coordinates": [
          133.762824,
          34.237558
        ]
      },
      "properties": {
        "NO": "576",
        "共通ID": "E3720400008111",
        "施設・場所名": "筆岡公民館",
        "住所": "香川県善通寺市弘田町288",
        "指定緊急避難場所との住所同一": "",
        "その他市町村長が必要と認める事項": null,
        "受入対象者": null,
        "備考": ""
      }
    },
    {
      "type": "Feature",
      "geometry": {
        "type": "Point",
        "coordinates": [
          133.790853,
          34.225123
        ]
      },
      "properties": {
        "NO": "577",
        "共通ID": "E3720400009111",
        "施設・場所名": "生野分館",
        "住所": "香川県善通寺市生野町1282-2",
        "指定緊急避難場所との住所同一": "",
        "その他市町村長が必要と認める事項": null,
        "受入対象者": null,
        "備考": ""
      }
    },
    {
      "type": "Feature",
      "geometry": {
        "type": "Point",
        "coordinates": [
          133.789784,
          34.215936
        ]
      },
      "properties": {
        "NO": "578",
        "共通ID": "E3720400010111",
        "施設・場所名": "南部小学校",
        "住所": "香川県善通寺市生野町2990-1",
        "指定緊急避難場所との住所同一": "1",
        "その他市町村長が必要と認める事項": null,
        "受入対象者": null,
        "備考": ""
      }
    },
    {
      "type": "Feature",
      "geometry": {
        "type": "Point",
        "coordinates": [
          133.786821,
          34.225631
        ]
      },
      "properties": {
        "NO": "579",
        "共通ID": "E3720400011111",
        "施設・場所名": "東中学校",
        "住所": "香川県善通寺市生野本町2-14-1",
        "指定緊急避難場所との住所同一": "1",
        "その他市町村長が必要と認める事項": null,
        "受入対象者": null,
        "備考": ""
      }
    },
    {
      "type": "Feature",
      "geometry": {
        "type": "Point",
        "coordinates": [
          133.773577,
          34.221009
        ]
      },
      "properties": {
        "NO": "580",
        "共通ID": "E3720400012111",
        "施設・場所名": "西部公民館",
        "住所": "香川県善通寺市善通寺町1146",
        "指定緊急避難場所との住所同一": "1",
        "その他市町村長が必要と認める事項": null,
        "受入対象者": null,
        "備考": ""
      }
    },
    {
      "type": "Feature",
      "geometry": {
        "type": "Point",
        "coordinates": [
          133.773029,
          34.220695
        ]
      },
      "properties": {
        "NO": "581",
        "共通ID": "E3720400012112",
        "施設・場所名": "西部小学校",
        "住所": "香川県善通寺市善通寺町1146",
        "指定緊急避難場所との住所同一": "1",
        "その他市町村長が必要と認める事項": null,
        "受入対象者": null,
        "備考": ""
      }
    },
    {
      "type": "Feature",
      "geometry": {
        "type": "Point",
        "coordinates": [
          133.776287,
          34.22934
        ]
      },
      "properties": {
        "NO": "582",
        "共通ID": "E3720400013111",
        "施設・場所名": "中央公民館",
        "住所": "香川県善通寺市善通寺町6-10-25",
        "指定緊急避難場所との住所同一": "",
        "その他市町村長が必要と認める事項": null,
        "受入対象者": null,
        "備考": ""
      }
    },
    {
      "type": "Feature",
      "geometry": {
        "type": "Point",
        "coordinates": [
          133.803289,
          34.210005
        ]
      },
      "properties": {
        "NO": "583",
        "共通ID": "E3720400014111",
        "施設・場所名": "南部公民館",
        "住所": "香川県善通寺市大麻町1306-1",
        "指定緊急避難場所との住所同一": "1",
        "その他市町村長が必要と認める事項": null,
        "受入対象者": null,
        "備考": ""
      }
    },
    {
      "type": "Feature",
      "geometry": {
        "type": "Point",
        "coordinates": [
          133.765908,
          34.238812
        ]
      },
      "properties": {
        "NO": "584",
        "共通ID": "E3720400015111",
        "施設・場所名": "筆岡小学校",
        "住所": "香川県善通寺市中村町1575-2",
        "指定緊急避難場所との住所同一": "1",
        "その他市町村長が必要と認める事項": null,
        "受入対象者": null,
        "備考": ""
      }
    },
    {
      "type": "Feature",
      "geometry": {
        "type": "Point",
        "coordinates": [
          133.780397,
          34.223339
        ]
      },
      "properties": {
        "NO": "585",
        "共通ID": "E3720400016111",
        "施設・場所名": "西中学校",
        "住所": "香川県善通寺市文京町4-1-1",
        "指定緊急避難場所との住所同一": "1",
        "その他市町村長が必要と認める事項": null,
        "受入対象者": null,
        "備考": ""
      }
    },
    {
      "type": "Feature",
      "geometry": {
        "type": "Point",
        "coordinates": [
          133.778552,
          34.224058
        ]
      },
      "properties": {
        "NO": "586",
        "共通ID": "E3720400017111",
        "施設・場所名": "中央小学校（中央公民館分館を含む）",
        "住所": "香川県善通寺市文京町4-5-1",
        "指定緊急避難場所との住所同一": "1",
        "その他市町村長が必要と認める事項": "",
        "受入対象者": "",
        "備考": ""
      }
    },
    {
      "type": "Feature",
      "geometry": {
        "type": "Point",
        "coordinates": [
          133.808903,
          34.233554
        ]
      },
      "properties": {
        "NO": "587",
        "共通ID": "E3720400018111",
        "施設・場所名": "与北小学校",
        "住所": "香川県善通寺市与北町1238",
        "指定緊急避難場所との住所同一": "1",
        "その他市町村長が必要と認める事項": null,
        "受入対象者": null,
        "備考": ""
      }
    },
    {
      "type": "Feature",
      "geometry": {
        "type": "Point",
        "coordinates": [
          133.807921,
          34.233257
        ]
      },
      "properties": {
        "NO": "588",
        "共通ID": "E3720400019111",
        "施設・場所名": "与北公民館",
        "住所": "香川県善通寺市与北町1245-2",
        "指定緊急避難場所との住所同一": "",
        "その他市町村長が必要と認める事項": null,
        "受入対象者": null,
        "備考": ""
      }
    },
    {
      "type": "Feature",
      "geometry": {
        "type": "Point",
        "coordinates": [
          133.799374,
          34.234337
        ]
      },
      "properties": {
        "NO": "589",
        "共通ID": "E3720400020111",
        "施設・場所名": "善通寺隣保館",
        "住所": "香川県善通寺市与北町2870-23",
        "指定緊急避難場所との住所同一": "",
        "その他市町村長が必要と認める事項": null,
        "受入対象者": null,
        "備考": ""
      }
    },
    {
      "type": "Feature",
      "geometry": {
        "type": "Point",
        "coordinates": [
          133.754678,
          34.272311
        ]
      },
      "properties": {
        "NO": "590",
        "共通ID": "E3740400001111",
        "施設・場所名": "県立多度津高等学校",
        "住所": "香川県多度津町栄町1-1-82",
        "指定緊急避難場所との住所同一": "1",
        "その他市町村長が必要と認める事項": null,
        "受入対象者": null,
        "備考": ""
      }
    },
    {
      "type": "Feature",
      "geometry": {
        "type": "Point",
        "coordinates": [
          133.753737,
          34.271132
        ]
      },
      "properties": {
        "NO": "591",
        "共通ID": "E3740400002111",
        "施設・場所名": "多度津小学校",
        "住所": "香川県多度津町栄町3-1-9",
        "指定緊急避難場所との住所同一": "1",
        "その他市町村長が必要と認める事項": "",
        "受入対象者": "",
        "備考": ""
      }
    },
    {
      "type": "Feature",
      "geometry": {
        "type": "Point",
        "coordinates": [
          133.731856,
          34.250534
        ]
      },
      "properties": {
        "NO": "592",
        "共通ID": "E3740400003111",
        "施設・場所名": "白方小学校",
        "住所": "香川県多度津町奥白方1142",
        "指定緊急避難場所との住所同一": "1",
        "その他市町村長が必要と認める事項": null,
        "受入対象者": null,
        "備考": ""
      }
    },
    {
      "type": "Feature",
      "geometry": {
        "type": "Point",
        "coordinates": [
          133.765613,
          34.264148
        ]
      },
      "properties": {
        "NO": "593",
        "共通ID": "E3740400005111",
        "施設・場所名": "豊原幼稚園",
        "住所": "香川県多度津町葛原835-1",
        "指定緊急避難場所との住所同一": "1",
        "その他市町村長が必要と認める事項": null,
        "受入対象者": null,
        "備考": ""
      }
    },
    {
      "type": "Feature",
      "geometry": {
        "type": "Point",
        "coordinates": [
          133.681574,
          34.310885
        ]
      },
      "properties": {
        "NO": "594",
        "共通ID": "E3740400007111",
        "施設・場所名": "高見島研修センター（旧高見小学校）",
        "住所": "香川県多度津町高見1723",
        "指定緊急避難場所との住所同一": "1",
        "その他市町村長が必要と認める事項": null,
        "受入対象者": null,
        "備考": ""
      }
    },
    {
      "type": "Feature",
      "geometry": {
        "type": "Point",
        "coordinates": [
          133.621927,
          34.351885
        ]
      },
      "properties": {
        "NO": "595",
        "共通ID": "E3740400010111",
        "施設・場所名": "佐柳いこいの家",
        "住所": "香川県多度津町佐柳2638-1",
        "指定緊急避難場所との住所同一": "1",
        "その他市町村長が必要と認める事項": null,
        "受入対象者": null,
        "備考": ""
      }
    },
    {
      "type": "Feature",
      "geometry": {
        "type": "Point",
        "coordinates": [
          133.628585,
          34.335419
        ]
      },
      "properties": {
        "NO": "596",
        "共通ID": "E3740400012111",
        "施設・場所名": "佐柳本浦住民会館",
        "住所": "香川県多度津町佐柳846-7",
        "指定緊急避難場所との住所同一": "1",
        "その他市町村長が必要と認める事項": null,
        "受入対象者": null,
        "備考": ""
      }
    },
    {
      "type": "Feature",
      "geometry": {
        "type": "Point",
        "coordinates": [
          133.753312,
          34.252351
        ]
      },
      "properties": {
        "NO": "597",
        "共通ID": "E3740400014111",
        "施設・場所名": "四箇小学校",
        "住所": "香川県多度津町三井433-1",
        "指定緊急避難場所との住所同一": "1",
        "その他市町村長が必要と認める事項": null,
        "受入対象者": null,
        "備考": ""
      }
    },
    {
      "type": "Feature",
      "geometry": {
        "type": "Point",
        "coordinates": [
          133.737987,
          34.265166
        ]
      },
      "properties": {
        "NO": "598",
        "共通ID": "E3740400016111",
        "施設・場所名": "町民健康センター",
        "住所": "香川県多度津町西港町127-1",
        "指定緊急避難場所との住所同一": "1",
        "その他市町村長が必要と認める事項": "",
        "受入対象者": "",
        "備考": ""
      }
    },
    {
      "type": "Feature",
      "geometry": {
        "type": "Point",
        "coordinates": [
          133.737987,
          34.265166
        ]
      },
      "properties": {
        "NO": "599",
        "共通ID": "E3740400016121",
        "施設・場所名": "町民健康センター",
        "住所": "香川県多度津町西港町127-1",
        "指定緊急避難場所との住所同一": "1",
        "その他市町村長が必要と認める事項": "",
        "受入対象者": "",
        "備考": ""
      }
    },
    {
      "type": "Feature",
      "geometry": {
        "type": "Point",
        "coordinates": [
          133.74522,
          34.266255
        ]
      },
      "properties": {
        "NO": "600",
        "共通ID": "E3740400039111",
        "施設・場所名": "多度津町リサイクルプラザ",
        "住所": "香川県多度津町桃山13-1",
        "指定緊急避難場所との住所同一": "1",
        "その他市町村長が必要と認める事項": null,
        "受入対象者": null,
        "備考": ""
      }
    },
    {
      "type": "Feature",
      "geometry": {
        "type": "Point",
        "coordinates": [
          133.765333,
          34.266642
        ]
      },
      "properties": {
        "NO": "601",
        "共通ID": "E3740400040111",
        "施設・場所名": "豊原小学校",
        "住所": "香川県多度津町南鴨704",
        "指定緊急避難場所との住所同一": "1",
        "その他市町村長が必要と認める事項": null,
        "受入対象者": null,
        "備考": ""
      }
    },
    {
      "type": "Feature",
      "geometry": {
        "type": "Point",
        "coordinates": [
          133.750724,
          34.263903
        ]
      },
      "properties": {
        "NO": "602",
        "共通ID": "E3740400046111",
        "施設・場所名": "多度津中学校",
        "住所": "香川県多度津町本通2-11-55",
        "指定緊急避難場所との住所同一": "1",
        "その他市町村長が必要と認める事項": null,
        "受入対象者": null,
        "備考": ""
      }
    },
    {
      "type": "Feature",
      "geometry": {
        "type": "Point",
        "coordinates": [
          133.995597,
          34.459991
        ]
      },
      "properties": {
        "NO": "603",
        "共通ID": "E3736400001111",
        "施設・場所名": "直島町役場",
        "住所": "香川県直島町1122-1",
        "指定緊急避難場所との住所同一": "1",
        "その他市町村長が必要と認める事項": null,
        "受入対象者": null,
        "備考": ""
      }
    },
    {
      "type": "Feature",
      "geometry": {
        "type": "Point",
        "coordinates": [
          133.98809,
          34.457867
        ]
      },
      "properties": {
        "NO": "604",
        "共通ID": "E3736400002111",
        "施設・場所名": "直島中学校",
        "住所": "香川県直島町1580",
        "指定緊急避難場所との住所同一": "1",
        "その他市町村長が必要と認める事項": null,
        "受入対象者": null,
        "備考": ""
      }
    },
    {
      "type": "Feature",
      "geometry": {
        "type": "Point",
        "coordinates": [
          133.985975,
          34.458767
        ]
      },
      "properties": {
        "NO": "605",
        "共通ID": "E3736400003111",
        "施設・場所名": "直島小学校",
        "住所": "香川県直島町1600",
        "指定緊急避難場所との住所同一": "1",
        "その他市町村長が必要と認める事項": null,
        "受入対象者": null,
        "備考": ""
      }
    },
    {
      "type": "Feature",
      "geometry": {
        "type": "Point",
        "coordinates": [
          133.98476,
          34.459203
        ]
      },
      "properties": {
        "NO": "606",
        "共通ID": "E3736400004111",
        "施設・場所名": "直島幼児学園",
        "住所": "香川県直島町1841-9",
        "指定緊急避難場所との住所同一": "1",
        "その他市町村長が必要と認める事項": null,
        "受入対象者": null,
        "備考": ""
      }
    },
    {
      "type": "Feature",
      "geometry": {
        "type": "Point",
        "coordinates": [
          133.977139,
          34.452351
        ]
      },
      "properties": {
        "NO": "607",
        "共通ID": "E3736400005111",
        "施設・場所名": "直島町総合福祉センター分館",
        "住所": "香川県直島町2123",
        "指定緊急避難場所との住所同一": "1",
        "その他市町村長が必要と認める事項": null,
        "受入対象者": null,
        "備考": ""
      }
    },
    {
      "type": "Feature",
      "geometry": {
        "type": "Point",
        "coordinates": [
          133.975462,
          34.459709
        ]
      },
      "properties": {
        "NO": "608",
        "共通ID": "E3736400006111",
        "施設・場所名": "直島町西部公民館",
        "住所": "香川県直島町2310-5",
        "指定緊急避難場所との住所同一": "1",
        "その他市町村長が必要と認める事項": null,
        "受入対象者": null,
        "備考": ""
      }
    },
    {
      "type": "Feature",
      "geometry": {
        "type": "Point",
        "coordinates": [
          133.978935,
          34.45709
        ]
      },
      "properties": {
        "NO": "609",
        "共通ID": "E3736400008111",
        "施設・場所名": "直島町総合福祉センター本館",
        "住所": "香川県直島町3694-1",
        "指定緊急避難場所との住所同一": "1",
        "その他市町村長が必要と認める事項": null,
        "受入対象者": null,
        "備考": ""
      }
    },
    {
      "type": "Feature",
      "geometry": {
        "type": "Point",
        "coordinates": [
          133.977268,
          34.465417
        ]
      },
      "properties": {
        "NO": "610",
        "共通ID": "E3736400009111",
        "施設・場所名": "三菱マテリアル株式会社直島製錬所体育館",
        "住所": "香川県直島町3869-1",
        "指定緊急避難場所との住所同一": "1",
        "その他市町村長が必要と認める事項": null,
        "受入対象者": null,
        "備考": ""
      }
    },
    {
      "type": "Feature",
      "geometry": {
        "type": "Point",
        "coordinates": [
          133.97308,
          34.498462
        ]
      },
      "properties": {
        "NO": "611",
        "共通ID": "E3736400010111",
        "施設・場所名": "屏風島集会所",
        "住所": "香川県直島町4559-15",
        "指定緊急避難場所との住所同一": "1",
        "その他市町村長が必要と認める事項": null,
        "受入対象者": null,
        "備考": ""
      }
    },
    {
      "type": "Feature",
      "geometry": {
        "type": "Point",
        "coordinates": [
          133.999858,
          34.452453
        ]
      },
      "properties": {
        "NO": "612",
        "共通ID": "E3736400011111",
        "施設・場所名": "直島町地域づくり人材育成センター",
        "住所": "香川県直島町4780-10",
        "指定緊急避難場所との住所同一": "1",
        "その他市町村長が必要と認める事項": null,
        "受入対象者": null,
        "備考": ""
      }
    },
    {
      "type": "Feature",
      "geometry": {
        "type": "Point",
        "coordinates": [
          133.999855,
          34.452423
        ]
      },
      "properties": {
        "NO": "613",
        "共通ID": "E3736400011112",
        "施設・場所名": "積浦集会所",
        "住所": "香川県直島町4780-10",
        "指定緊急避難場所との住所同一": "1",
        "その他市町村長が必要と認める事項": null,
        "受入対象者": null,
        "備考": ""
      }
    },
    {
      "type": "Feature",
      "geometry": {
        "type": "Point",
        "coordinates": [
          133.995924,
          34.459402
        ]
      },
      "properties": {
        "NO": "614",
        "共通ID": "E3736400012111",
        "施設・場所名": "直島ホール　体育室",
        "住所": "香川県直島町696-1",
        "指定緊急避難場所との住所同一": "1",
        "その他市町村長が必要と認める事項": null,
        "受入対象者": null,
        "備考": ""
      }
    },
    {
      "type": "Feature",
      "geometry": {
        "type": "Point",
        "coordinates": [
          134.167139,
          34.515145
        ]
      },
      "properties": {
        "NO": "615",
        "共通ID": "E3732200001111",
        "施設・場所名": "四海公民館",
        "住所": "香川県土庄町伊喜末1-8",
        "指定緊急避難場所との住所同一": "1",
        "その他市町村長が必要と認める事項": "",
        "受入対象者": "",
        "備考": ""
      }
    },
    {
      "type": "Feature",
      "geometry": {
        "type": "Point",
        "coordinates": [
          134.171197,
          34.512125
        ]
      },
      "properties": {
        "NO": "616",
        "共通ID": "E3732200002111",
        "施設・場所名": "四海体育館",
        "住所": "香川県土庄町伊喜末381",
        "指定緊急避難場所との住所同一": "1",
        "その他市町村長が必要と認める事項": null,
        "受入対象者": null,
        "備考": ""
      }
    },
    {
      "type": "Feature",
      "geometry": {
        "type": "Point",
        "coordinates": [
          134.228302,
          34.526496
        ]
      },
      "properties": {
        "NO": "617",
        "共通ID": "E3732200005111",
        "施設・場所名": "北浦体育館",
        "住所": "香川県土庄町見目甲1587",
        "指定緊急避難場所との住所同一": "1",
        "その他市町村長が必要と認める事項": null,
        "受入対象者": null,
        "備考": ""
      }
    },
    {
      "type": "Feature",
      "geometry": {
        "type": "Point",
        "coordinates": [
          134.228318,
          34.526246
        ]
      },
      "properties": {
        "NO": "618",
        "共通ID": "E3732200006111",
        "施設・場所名": "北浦公民館",
        "住所": "香川県土庄町見目甲1705-15",
        "指定緊急避難場所との住所同一": "1",
        "その他市町村長が必要と認める事項": null,
        "受入対象者": null,
        "備考": ""
      }
    },
    {
      "type": "Feature",
      "geometry": {
        "type": "Point",
        "coordinates": [
          134.191349,
          34.482042
        ]
      },
      "properties": {
        "NO": "619",
        "共通ID": "E3732200008111",
        "施設・場所名": "土庄町総合会館",
        "住所": "香川県土庄町甲267-78",
        "指定緊急避難場所との住所同一": "1",
        "その他市町村長が必要と認める事項": "",
        "受入対象者": "",
        "備考": ""
      }
    },
    {
      "type": "Feature",
      "geometry": {
        "type": "Point",
        "coordinates": [
          134.188248,
          34.484371
        ]
      },
      "properties": {
        "NO": "620",
        "共通ID": "E3732200039111",
        "施設・場所名": "多目的交流施設",
        "住所": "香川県土庄町甲282-1",
        "指定緊急避難場所との住所同一": "1",
        "その他市町村長が必要と認める事項": "",
        "受入対象者": "",
        "備考": ""
      }
    },
    {
      "type": "Feature",
      "geometry": {
        "type": "Point",
        "coordinates": [
          134.188271,
          34.484957
        ]
      },
      "properties": {
        "NO": "621",
        "共通ID": "E3732200039112",
        "施設・場所名": "土庄第二体育館",
        "住所": "香川県土庄町甲282-1",
        "指定緊急避難場所との住所同一": "1",
        "その他市町村長が必要と認める事項": "",
        "受入対象者": "",
        "備考": ""
      }
    },
    {
      "type": "Feature",
      "geometry": {
        "type": "Point",
        "coordinates": [
          134.142028,
          34.470317
        ]
      },
      "properties": {
        "NO": "622",
        "共通ID": "E3732200041111",
        "施設・場所名": "戸形体育館",
        "住所": "香川県土庄町甲3417",
        "指定緊急避難場所との住所同一": "1",
        "その他市町村長が必要と認める事項": "",
        "受入対象者": "",
        "備考": ""
      }
    },
    {
      "type": "Feature",
      "geometry": {
        "type": "Point",
        "coordinates": [
          134.184409,
          34.486147
        ]
      },
      "properties": {
        "NO": "623",
        "共通ID": "E3732200013111",
        "施設・場所名": "中央公民館",
        "住所": "香川県土庄町甲620",
        "指定緊急避難場所との住所同一": "1",
        "その他市町村長が必要と認める事項": "",
        "受入対象者": "",
        "備考": ""
      }
    },
    {
      "type": "Feature",
      "geometry": {
        "type": "Point",
        "coordinates": [
          134.183308,
          34.486174
        ]
      },
      "properties": {
        "NO": "624",
        "共通ID": "E3732200014111",
        "施設・場所名": "土庄体育館",
        "住所": "香川県土庄町甲657-7",
        "指定緊急避難場所との住所同一": "1",
        "その他市町村長が必要と認める事項": "",
        "受入対象者": "",
        "備考": ""
      }
    },
    {
      "type": "Feature",
      "geometry": {
        "type": "Point",
        "coordinates": [
          134.280985,
          34.545692
        ]
      },
      "properties": {
        "NO": "625",
        "共通ID": "E3732200020111",
        "施設・場所名": "大部公民館",
        "住所": "香川県土庄町大部甲1947",
        "指定緊急避難場所との住所同一": "1",
        "その他市町村長が必要と認める事項": "",
        "受入対象者": "",
        "備考": ""
      }
    },
    {
      "type": "Feature",
      "geometry": {
        "type": "Point",
        "coordinates": [
          134.281062,
          34.544947
        ]
      },
      "properties": {
        "NO": "626",
        "共通ID": "E3732200021111",
        "施設・場所名": "大部体育館",
        "住所": "香川県土庄町大部甲1975",
        "指定緊急避難場所との住所同一": "1",
        "その他市町村長が必要と認める事項": null,
        "受入対象者": null,
        "備考": ""
      }
    },
    {
      "type": "Feature",
      "geometry": {
        "type": "Point",
        "coordinates": [
          134.225041,
          34.505394
        ]
      },
      "properties": {
        "NO": "627",
        "共通ID": "E3732200024111",
        "施設・場所名": "大鐸体育館",
        "住所": "香川県土庄町肥土山甲1735",
        "指定緊急避難場所との住所同一": "1",
        "その他市町村長が必要と認める事項": "",
        "受入対象者": "",
        "備考": ""
      }
    },
    {
      "type": "Feature",
      "geometry": {
        "type": "Point",
        "coordinates": [
          134.224537,
          34.505165
        ]
      },
      "properties": {
        "NO": "628",
        "共通ID": "E3732200025111",
        "施設・場所名": "アクティブ大鐸",
        "住所": "香川県土庄町肥土山甲1735-1",
        "指定緊急避難場所との住所同一": "1",
        "その他市町村長が必要と認める事項": null,
        "受入対象者": null,
        "備考": ""
      }
    },
    {
      "type": "Feature",
      "geometry": {
        "type": "Point",
        "coordinates": [
          134.061628,
          34.484576
        ]
      },
      "properties": {
        "NO": "629",
        "共通ID": "E3732200027112",
        "施設・場所名": "豊島小中学校",
        "住所": "香川県土庄町豊島家浦2516",
        "指定緊急避難場所との住所同一": "1",
        "その他市町村長が必要と認める事項": null,
        "受入対象者": null,
        "備考": ""
      }
    },
    {
      "type": "Feature",
      "geometry": {
        "type": "Point",
        "coordinates": [
          134.062036,
          34.48424
        ]
      },
      "properties": {
        "NO": "630",
        "共通ID": "E3732200027111",
        "施設・場所名": "豊島小中学校体育館",
        "住所": "香川県土庄町豊島家浦2516",
        "指定緊急避難場所との住所同一": "1",
        "その他市町村長が必要と認める事項": null,
        "受入対象者": null,
        "備考": ""
      }
    },
    {
      "type": "Feature",
      "geometry": {
        "type": "Point",
        "coordinates": [
          134.189767,
          34.48658
        ]
      },
      "properties": {
        "NO": "631",
        "共通ID": "E3732200031111",
        "施設・場所名": "渕崎公民館",
        "住所": "香川県土庄町渕崎甲1400-10",
        "指定緊急避難場所との住所同一": "1",
        "その他市町村長が必要と認める事項": "",
        "受入対象者": "",
        "備考": ""
      }
    },
    {
      "type": "Feature",
      "geometry": {
        "type": "Point",
        "coordinates": [
          134.188847,
          34.486485
        ]
      },
      "properties": {
        "NO": "632",
        "共通ID": "E3732200032121",
        "施設・場所名": "やすらぎプラザ",
        "住所": "香川県土庄町渕崎甲1400-25",
        "指定緊急避難場所との住所同一": "1",
        "その他市町村長が必要と認める事項": "",
        "受入対象者": "要配慮者",
        "備考": ""
      }
    },
    {
      "type": "Feature",
      "geometry": {
        "type": "Point",
        "coordinates": [
          134.192188,
          34.486475
        ]
      },
      "properties": {
        "NO": "633",
        "共通ID": "E3732200033112",
        "施設・場所名": "土庄中学校",
        "住所": "香川県土庄町渕崎甲1936",
        "指定緊急避難場所との住所同一": "1",
        "その他市町村長が必要と認める事項": null,
        "受入対象者": null,
        "備考": ""
      }
    },
    {
      "type": "Feature",
      "geometry": {
        "type": "Point",
        "coordinates": [
          134.193012,
          34.486539
        ]
      },
      "properties": {
        "NO": "634",
        "共通ID": "E3732200033111",
        "施設・場所名": "土庄中学校体育館",
        "住所": "香川県土庄町渕崎甲1936",
        "指定緊急避難場所との住所同一": "1",
        "その他市町村長が必要と認める事項": "",
        "受入対象者": "",
        "備考": ""
      }
    },
    {
      "type": "Feature",
      "geometry": {
        "type": "Point",
        "coordinates": [
          134.191619,
          34.485091
        ]
      },
      "properties": {
        "NO": "635",
        "共通ID": "E3732200034111",
        "施設・場所名": "土庄小学校体育館",
        "住所": "香川県土庄町渕崎甲2080-1",
        "指定緊急避難場所との住所同一": "1",
        "その他市町村長が必要と認める事項": null,
        "受入対象者": null,
        "備考": ""
      }
    },
    {
      "type": "Feature",
      "geometry": {
        "type": "Point",
        "coordinates": [
          134.192244,
          34.4853
        ]
      },
      "properties": {
        "NO": "636",
        "共通ID": "E3732200034112",
        "施設・場所名": "土庄小学校",
        "住所": "香川県土庄町渕崎甲2080-1",
        "指定緊急避難場所との住所同一": "1",
        "その他市町村長が必要と認める事項": "",
        "受入対象者": "",
        "備考": ""
      }
    },
    {
      "type": "Feature",
      "geometry": {
        "type": "Point",
        "coordinates": [
          134.39344,
          34.216807
        ]
      },
      "properties": {
        "NO": "637",
        "共通ID": "E3720700001111",
        "施設・場所名": "引田飛翔体育館",
        "住所": "香川県東かがわ市引田1030",
        "指定緊急避難場所との住所同一": "1",
        "その他市町村長が必要と認める事項": null,
        "受入対象者": null,
        "備考": ""
      }
    },
    {
      "type": "Feature",
      "geometry": {
        "type": "Point",
        "coordinates": [
          134.404548,
          34.224103
        ]
      },
      "properties": {
        "NO": "638",
        "共通ID": "E3720700002111",
        "施設・場所名": "引田公民館",
        "住所": "香川県東かがわ市引田513-1",
        "指定緊急避難場所との住所同一": "1",
        "その他市町村長が必要と認める事項": null,
        "受入対象者": null,
        "備考": ""
      }
    },
    {
      "type": "Feature",
      "geometry": {
        "type": "Point",
        "coordinates": [
          134.403678,
          34.222431
        ]
      },
      "properties": {
        "NO": "639",
        "共通ID": "E3720700003111",
        "施設・場所名": "引田小中学校体育館",
        "住所": "香川県東かがわ市引田545-1",
        "指定緊急避難場所との住所同一": "1",
        "その他市町村長が必要と認める事項": null,
        "受入対象者": null,
        "備考": ""
      }
    },
    {
      "type": "Feature",
      "geometry": {
        "type": "Point",
        "coordinates": [
          134.402903,
          34.220814
        ]
      },
      "properties": {
        "NO": "640",
        "共通ID": "E3720700004111",
        "施設・場所名": "引田こども園",
        "住所": "香川県東かがわ市引田545-6",
        "指定緊急避難場所との住所同一": "1",
        "その他市町村長が必要と認める事項": null,
        "受入対象者": null,
        "備考": ""
      }
    },
    {
      "type": "Feature",
      "geometry": {
        "type": "Point",
        "coordinates": [
          134.39485,
          34.216435
        ]
      },
      "properties": {
        "NO": "641",
        "共通ID": "E3720700005111",
        "施設・場所名": "引田武道館",
        "住所": "香川県東かがわ市引田972-1",
        "指定緊急避難場所との住所同一": "1",
        "その他市町村長が必要と認める事項": null,
        "受入対象者": null,
        "備考": ""
      }
    },
    {
      "type": "Feature",
      "geometry": {
        "type": "Point",
        "coordinates": [
          134.323832,
          34.252936
        ]
      },
      "properties": {
        "NO": "642",
        "共通ID": "E3720700006111",
        "施設・場所名": "人権センター大内交流館",
        "住所": "香川県東かがわ市横内732",
        "指定緊急避難場所との住所同一": "1",
        "その他市町村長が必要と認める事項": null,
        "受入対象者": null,
        "備考": ""
      }
    },
    {
      "type": "Feature",
      "geometry": {
        "type": "Point",
        "coordinates": [
          134.371331,
          34.231221
        ]
      },
      "properties": {
        "NO": "643",
        "共通ID": "E3720700007111",
        "施設・場所名": "白鳥中央公園体育館",
        "住所": "香川県東かがわ市帰来1101",
        "指定緊急避難場所との住所同一": "1",
        "その他市町村長が必要と認める事項": null,
        "受入対象者": null,
        "備考": ""
      }
    },
    {
      "type": "Feature",
      "geometry": {
        "type": "Point",
        "coordinates": [
          134.24904,
          34.192577
        ]
      },
      "properties": {
        "NO": "644",
        "共通ID": "E3720700008111",
        "施設・場所名": "五名コミュニティセンター",
        "住所": "香川県東かがわ市五名1400",
        "指定緊急避難場所との住所同一": "1",
        "その他市町村長が必要と認める事項": null,
        "受入対象者": null,
        "備考": ""
      }
    },
    {
      "type": "Feature",
      "geometry": {
        "type": "Point",
        "coordinates": [
          134.336423,
          34.244859
        ]
      },
      "properties": {
        "NO": "645",
        "共通ID": "E3720700009111",
        "施設・場所名": "社会福祉協議会大内支所",
        "住所": "香川県東かがわ市三本松1295-15",
        "指定緊急避難場所との住所同一": "1",
        "その他市町村長が必要と認める事項": null,
        "受入対象者": null,
        "備考": ""
      }
    },
    {
      "type": "Feature",
      "geometry": {
        "type": "Point",
        "coordinates": [
          134.336565,
          34.245292
        ]
      },
      "properties": {
        "NO": "646",
        "共通ID": "E3720700010111",
        "施設・場所名": "大内公民館",
        "住所": "香川県東かがわ市三本松1296-36",
        "指定緊急避難場所との住所同一": "1",
        "その他市町村長が必要と認める事項": null,
        "受入対象者": null,
        "備考": ""
      }
    },
    {
      "type": "Feature",
      "geometry": {
        "type": "Point",
        "coordinates": [
          134.335396,
          34.248983
        ]
      },
      "properties": {
        "NO": "647",
        "共通ID": "E3720700011111",
        "施設・場所名": "三本松高校体育館",
        "住所": "香川県東かがわ市三本松1500-1",
        "指定緊急避難場所との住所同一": "1",
        "その他市町村長が必要と認める事項": null,
        "受入対象者": null,
        "備考": ""
      }
    },
    {
      "type": "Feature",
      "geometry": {
        "type": "Point",
        "coordinates": [
          134.336555,
          34.254348
        ]
      },
      "properties": {
        "NO": "648",
        "共通ID": "E3720700012111",
        "施設・場所名": "三本松コミュニティセンター",
        "住所": "香川県東かがわ市三本松860",
        "指定緊急避難場所との住所同一": "1",
        "その他市町村長が必要と認める事項": null,
        "受入対象者": null,
        "備考": ""
      }
    },
    {
      "type": "Feature",
      "geometry": {
        "type": "Point",
        "coordinates": [
          134.336147,
          34.254516
        ]
      },
      "properties": {
        "NO": "649",
        "共通ID": "E3720700013111",
        "施設・場所名": "三本松コミュニティセンター多目的ホール",
        "住所": "香川県東かがわ市三本松862-1",
        "指定緊急避難場所との住所同一": "1",
        "その他市町村長が必要と認める事項": null,
        "受入対象者": null,
        "備考": ""
      }
    },
    {
      "type": "Feature",
      "geometry": {
        "type": "Point",
        "coordinates": [
          134.378491,
          34.216386
        ]
      },
      "properties": {
        "NO": "650",
        "共通ID": "E3720700014111",
        "施設・場所名": "小海コミュニティセンター",
        "住所": "香川県東かがわ市小海1333-1",
        "指定緊急避難場所との住所同一": "1",
        "その他市町村長が必要と認める事項": null,
        "受入対象者": null,
        "備考": ""
      }
    },
    {
      "type": "Feature",
      "geometry": {
        "type": "Point",
        "coordinates": [
          134.376487,
          34.216403
        ]
      },
      "properties": {
        "NO": "651",
        "共通ID": "E3720700015111",
        "施設・場所名": "小海公民館",
        "住所": "香川県東かがわ市小海1451",
        "指定緊急避難場所との住所同一": "",
        "その他市町村長が必要と認める事項": null,
        "受入対象者": null,
        "備考": ""
      }
    },
    {
      "type": "Feature",
      "geometry": {
        "type": "Point",
        "coordinates": [
          134.360161,
          34.247617
        ]
      },
      "properties": {
        "NO": "652",
        "共通ID": "E3720700016112",
        "施設・場所名": "本町コミュニティセンター",
        "住所": "香川県東かがわ市松原167-1",
        "指定緊急避難場所との住所同一": "1",
        "その他市町村長が必要と認める事項": "",
        "受入対象者": "",
        "備考": ""
      }
    },
    {
      "type": "Feature",
      "geometry": {
        "type": "Point",
        "coordinates": [
          134.360162,
          34.247617
        ]
      },
      "properties": {
        "NO": "653",
        "共通ID": "E3720700016111",
        "施設・場所名": "本町コミュニティセンター多目的ホール",
        "住所": "香川県東かがわ市松原167-1",
        "指定緊急避難場所との住所同一": "1",
        "その他市町村長が必要と認める事項": "",
        "受入対象者": "",
        "備考": ""
      }
    },
    {
      "type": "Feature",
      "geometry": {
        "type": "Point",
        "coordinates": [
          134.304196,
          34.226604
        ]
      },
      "properties": {
        "NO": "654",
        "共通ID": "E3720700017111",
        "施設・場所名": "水主交流センター",
        "住所": "香川県東かがわ市水主1143-1",
        "指定緊急避難場所との住所同一": "1",
        "その他市町村長が必要と認める事項": null,
        "受入対象者": null,
        "備考": ""
      }
    },
    {
      "type": "Feature",
      "geometry": {
        "type": "Point",
        "coordinates": [
          134.316614,
          34.241048
        ]
      },
      "properties": {
        "NO": "655",
        "共通ID": "E3720700018112",
        "施設・場所名": "とらまるてぶくろ体育館",
        "住所": "香川県東かがわ市西村1155",
        "指定緊急避難場所との住所同一": "1",
        "その他市町村長が必要と認める事項": null,
        "受入対象者": null,
        "備考": ""
      }
    },
    {
      "type": "Feature",
      "geometry": {
        "type": "Point",
        "coordinates": [
          134.315391,
          34.24111
        ]
      },
      "properties": {
        "NO": "656",
        "共通ID": "E3720700018111",
        "施設・場所名": "とらまる公園キャンプ場",
        "住所": "香川県東かがわ市西村1155",
        "指定緊急避難場所との住所同一": "1",
        "その他市町村長が必要と認める事項": null,
        "受入対象者": null,
        "備考": ""
      }
    },
    {
      "type": "Feature",
      "geometry": {
        "type": "Point",
        "coordinates": [
          134.322174,
          34.249256
        ]
      },
      "properties": {
        "NO": "657",
        "共通ID": "E3720700019111",
        "施設・場所名": "大内小・大川中学校体育館",
        "住所": "香川県東かがわ市西村1510",
        "指定緊急避難場所との住所同一": "1",
        "その他市町村長が必要と認める事項": null,
        "受入対象者": null,
        "備考": ""
      }
    },
    {
      "type": "Feature",
      "geometry": {
        "type": "Point",
        "coordinates": [
          134.321938,
          34.24216
        ]
      },
      "properties": {
        "NO": "658",
        "共通ID": "E3720700020111",
        "施設・場所名": "誉水公民館",
        "住所": "香川県東かがわ市中筋469",
        "指定緊急避難場所との住所同一": "1",
        "その他市町村長が必要と認める事項": null,
        "受入対象者": null,
        "備考": ""
      }
    },
    {
      "type": "Feature",
      "geometry": {
        "type": "Point",
        "coordinates": [
          134.301009,
          34.250442
        ]
      },
      "properties": {
        "NO": "659",
        "共通ID": "E3720700021111",
        "施設・場所名": "丹生こども園",
        "住所": "香川県東かがわ市町田182-1",
        "指定緊急避難場所との住所同一": "1",
        "その他市町村長が必要と認める事項": null,
        "受入対象者": null,
        "備考": ""
      }
    },
    {
      "type": "Feature",
      "geometry": {
        "type": "Point",
        "coordinates": [
          134.298929,
          34.250959
        ]
      },
      "properties": {
        "NO": "660",
        "共通ID": "E3720700022111",
        "施設・場所名": "丹生コミュニティセンター",
        "住所": "香川県東かがわ市町田96-1",
        "指定緊急避難場所との住所同一": "1",
        "その他市町村長が必要と認める事項": null,
        "受入対象者": null,
        "備考": ""
      }
    },
    {
      "type": "Feature",
      "geometry": {
        "type": "Point",
        "coordinates": [
          134.412992,
          34.21222
        ]
      },
      "properties": {
        "NO": "661",
        "共通ID": "E3720700023111",
        "施設・場所名": "相生コミュニティセンター",
        "住所": "香川県東かがわ市南野103-2",
        "指定緊急避難場所との住所同一": "1",
        "その他市町村長が必要と認める事項": null,
        "受入対象者": null,
        "備考": ""
      }
    },
    {
      "type": "Feature",
      "geometry": {
        "type": "Point",
        "coordinates": [
          134.297691,
          34.274666
        ]
      },
      "properties": {
        "NO": "662",
        "共通ID": "E3720700024111",
        "施設・場所名": "ベッセルおおち",
        "住所": "香川県東かがわ市馬篠1200",
        "指定緊急避難場所との住所同一": "",
        "その他市町村長が必要と認める事項": null,
        "受入対象者": null,
        "備考": ""
      }
    },
    {
      "type": "Feature",
      "geometry": {
        "type": "Point",
        "coordinates": [
          134.347653,
          34.24037
        ]
      },
      "properties": {
        "NO": "663",
        "共通ID": "E3720700025111",
        "施設・場所名": "白鳥コミュニティセンター多目的ホール",
        "住所": "香川県東かがわ市白鳥525",
        "指定緊急避難場所との住所同一": "1",
        "その他市町村長が必要と認める事項": null,
        "受入対象者": null,
        "備考": ""
      }
    },
    {
      "type": "Feature",
      "geometry": {
        "type": "Point",
        "coordinates": [
          134.347406,
          34.240436
        ]
      },
      "properties": {
        "NO": "664",
        "共通ID": "E3720700026111",
        "施設・場所名": "白鳥コミュニティセンター",
        "住所": "香川県東かがわ市白鳥536-1",
        "指定緊急避難場所との住所同一": "1",
        "その他市町村長が必要と認める事項": null,
        "受入対象者": null,
        "備考": ""
      }
    },
    {
      "type": "Feature",
      "geometry": {
        "type": "Point",
        "coordinates": [
          134.353438,
          34.237778
        ]
      },
      "properties": {
        "NO": "665",
        "共通ID": "E3720700027111",
        "施設・場所名": "白鳥小中学校体育館",
        "住所": "香川県東かがわ市白鳥757-1",
        "指定緊急避難場所との住所同一": "1",
        "その他市町村長が必要と認める事項": null,
        "受入対象者": null,
        "備考": ""
      }
    },
    {
      "type": "Feature",
      "geometry": {
        "type": "Point",
        "coordinates": [
          134.357588,
          34.243821
        ]
      },
      "properties": {
        "NO": "666",
        "共通ID": "E3720700028111",
        "施設・場所名": "東かがわ市交流プラザ",
        "住所": "香川県東かがわ市湊1806-2",
        "指定緊急避難場所との住所同一": "1",
        "その他市町村長が必要と認める事項": null,
        "受入対象者": null,
        "備考": ""
      }
    },
    {
      "type": "Feature",
      "geometry": {
        "type": "Point",
        "coordinates": [
          134.357651,
          34.244173
        ]
      },
      "properties": {
        "NO": "667",
        "共通ID": "E3720700029111",
        "施設・場所名": "社会福祉協議会本所",
        "住所": "香川県東かがわ市湊1809",
        "指定緊急避難場所との住所同一": "1",
        "その他市町村長が必要と認める事項": null,
        "受入対象者": null,
        "備考": ""
      }
    },
    {
      "type": "Feature",
      "geometry": {
        "type": "Point",
        "coordinates": [
          134.347737,
          34.247856
        ]
      },
      "properties": {
        "NO": "668",
        "共通ID": "E3720700032111",
        "施設・場所名": "湊コミュニティセンター",
        "住所": "香川県東かがわ市湊523",
        "指定緊急避難場所との住所同一": "1",
        "その他市町村長が必要と認める事項": "",
        "受入対象者": "",
        "備考": ""
      }
    },
    {
      "type": "Feature",
      "geometry": {
        "type": "Point",
        "coordinates": [
          134.32158,
          34.20506
        ]
      },
      "properties": {
        "NO": "669",
        "共通ID": "E3720700030111",
        "施設・場所名": "福栄コミュニティセンター多目的ホール",
        "住所": "香川県東かがわ市与田山351-1",
        "指定緊急避難場所との住所同一": "1",
        "その他市町村長が必要と認める事項": null,
        "受入対象者": null,
        "備考": ""
      }
    },
    {
      "type": "Feature",
      "geometry": {
        "type": "Point",
        "coordinates": [
          134.320118,
          34.204438
        ]
      },
      "properties": {
        "NO": "670",
        "共通ID": "E3720700031111",
        "施設・場所名": "福栄コミュニティセンター",
        "住所": "香川県東かがわ市与田山409-1",
        "指定緊急避難場所との住所同一": "1",
        "その他市町村長が必要と認める事項": null,
        "受入対象者": null,
        "備考": ""
      }
    }
  ]
}