{
  "type": "FeatureCollection",
  "name": "46000_鹿児島県",
  "features": [
    {
      "type": "Feature",
      "geometry": {
        "type": "Point",
        "coordinates": [
          130.202018,
          31.759044
        ]
      },
      "properties": {
        "NO": "1",
        "共通ID": "E4621900001111",
        "施設・場所名": "羽島交流センター",
        "住所": "鹿児島県いちき串木野市羽島5218",
        "指定緊急避難場所との住所同一": "1",
        "その他市町村長が必要と認める事項": null,
        "受入対象者": null,
        "備考": ""
      }
    },
    {
      "type": "Feature",
      "geometry": {
        "type": "Point",
        "coordinates": [
          130.202509,
          31.756427
        ]
      },
      "properties": {
        "NO": "2",
        "共通ID": "E4621900002111",
        "施設・場所名": "羽島小学校体育館",
        "住所": "鹿児島県いちき串木野市羽島5359",
        "指定緊急避難場所との住所同一": "1",
        "その他市町村長が必要と認める事項": null,
        "受入対象者": null,
        "備考": ""
      }
    },
    {
      "type": "Feature",
      "geometry": {
        "type": "Point",
        "coordinates": [
          130.181394,
          31.778705
        ]
      },
      "properties": {
        "NO": "3",
        "共通ID": "E4621900003111",
        "施設・場所名": "土川交流センター",
        "住所": "鹿児島県いちき串木野市羽島9675",
        "指定緊急避難場所との住所同一": "1",
        "その他市町村長が必要と認める事項": null,
        "受入対象者": null,
        "備考": ""
      }
    },
    {
      "type": "Feature",
      "geometry": {
        "type": "Point",
        "coordinates": [
          130.265494,
          31.716972
        ]
      },
      "properties": {
        "NO": "4",
        "共通ID": "E4621900004111",
        "施設・場所名": "願船寺",
        "住所": "鹿児島県いちき串木野市栄町23",
        "指定緊急避難場所との住所同一": "1",
        "その他市町村長が必要と認める事項": null,
        "受入対象者": null,
        "備考": ""
      }
    },
    {
      "type": "Feature",
      "geometry": {
        "type": "Point",
        "coordinates": [
          130.344605,
          31.738531
        ]
      },
      "properties": {
        "NO": "5",
        "共通ID": "E4621900005111",
        "施設・場所名": "旧冠岳小学校体育館",
        "住所": "鹿児島県いちき串木野市冠岳12844-1",
        "指定緊急避難場所との住所同一": "1",
        "その他市町村長が必要と認める事項": null,
        "受入対象者": null,
        "備考": ""
      }
    },
    {
      "type": "Feature",
      "geometry": {
        "type": "Point",
        "coordinates": [
          130.350892,
          31.743344
        ]
      },
      "properties": {
        "NO": "6",
        "共通ID": "E4621900006111",
        "施設・場所名": "冠岳交流センター",
        "住所": "鹿児島県いちき串木野市冠岳13511-2",
        "指定緊急避難場所との住所同一": "1",
        "その他市町村長が必要と認める事項": null,
        "受入対象者": null,
        "備考": ""
      }
    },
    {
      "type": "Feature",
      "geometry": {
        "type": "Point",
        "coordinates": [
          130.306589,
          31.759625
        ]
      },
      "properties": {
        "NO": "7",
        "共通ID": "E4621900007111",
        "施設・場所名": "芹ケ野公民館",
        "住所": "鹿児島県いちき串木野市芹ケ野15367-2",
        "指定緊急避難場所との住所同一": "1",
        "その他市町村長が必要と認める事項": null,
        "受入対象者": null,
        "備考": ""
      }
    },
    {
      "type": "Feature",
      "geometry": {
        "type": "Point",
        "coordinates": [
          130.29667,
          31.752781
        ]
      },
      "properties": {
        "NO": "8",
        "共通ID": "E4621900008111",
        "施設・場所名": "旭小学校体育館",
        "住所": "鹿児島県いちき串木野市金山14067",
        "指定緊急避難場所との住所同一": "1",
        "その他市町村長が必要と認める事項": null,
        "受入対象者": null,
        "備考": ""
      }
    },
    {
      "type": "Feature",
      "geometry": {
        "type": "Point",
        "coordinates": [
          130.297083,
          31.753002
        ]
      },
      "properties": {
        "NO": "9",
        "共通ID": "E4621900009111",
        "施設・場所名": "旭交流センター",
        "住所": "鹿児島県いちき串木野市金山14103-1",
        "指定緊急避難場所との住所同一": "1",
        "その他市町村長が必要と認める事項": null,
        "受入対象者": null,
        "備考": ""
      }
    },
    {
      "type": "Feature",
      "geometry": {
        "type": "Point",
        "coordinates": [
          130.266116,
          31.719202
        ]
      },
      "properties": {
        "NO": "10",
        "共通ID": "E4621900010111",
        "施設・場所名": "中央交流センター",
        "住所": "鹿児島県いちき串木野市元町236",
        "指定緊急避難場所との住所同一": "1",
        "その他市町村長が必要と認める事項": null,
        "受入対象者": null,
        "備考": ""
      }
    },
    {
      "type": "Feature",
      "geometry": {
        "type": "Point",
        "coordinates": [
          130.250718,
          31.748192
        ]
      },
      "properties": {
        "NO": "11",
        "共通ID": "E4621900011111",
        "施設・場所名": "荒川小学校体育館",
        "住所": "鹿児島県いちき串木野市荒川2347-1",
        "指定緊急避難場所との住所同一": "1",
        "その他市町村長が必要と認める事項": null,
        "受入対象者": null,
        "備考": ""
      }
    },
    {
      "type": "Feature",
      "geometry": {
        "type": "Point",
        "coordinates": [
          130.251094,
          31.748124
        ]
      },
      "properties": {
        "NO": "12",
        "共通ID": "E4621900012111",
        "施設・場所名": "荒川交流センター",
        "住所": "鹿児島県いちき串木野市荒川2450-1",
        "指定緊急避難場所との住所同一": "1",
        "その他市町村長が必要と認める事項": null,
        "受入対象者": null,
        "備考": ""
      }
    },
    {
      "type": "Feature",
      "geometry": {
        "type": "Point",
        "coordinates": [
          130.271234,
          31.714427
        ]
      },
      "properties": {
        "NO": "13",
        "共通ID": "E4621900013111",
        "施設・場所名": "市民文化センター",
        "住所": "鹿児島県いちき串木野市昭和通133-1",
        "指定緊急避難場所との住所同一": "1",
        "その他市町村長が必要と認める事項": null,
        "受入対象者": null,
        "備考": ""
      }
    },
    {
      "type": "Feature",
      "geometry": {
        "type": "Point",
        "coordinates": [
          130.278977,
          31.705916
        ]
      },
      "properties": {
        "NO": "14",
        "共通ID": "E4621900014111",
        "施設・場所名": "照島小学校体育館",
        "住所": "鹿児島県いちき串木野市照島5453-3",
        "指定緊急避難場所との住所同一": "1",
        "その他市町村長が必要と認める事項": null,
        "受入対象者": null,
        "備考": ""
      }
    },
    {
      "type": "Feature",
      "geometry": {
        "type": "Point",
        "coordinates": [
          130.288817,
          31.723093
        ]
      },
      "properties": {
        "NO": "15",
        "共通ID": "E4621900015111",
        "施設・場所名": "上名交流センター",
        "住所": "鹿児島県いちき串木野市上名2455",
        "指定緊急避難場所との住所同一": "",
        "その他市町村長が必要と認める事項": null,
        "受入対象者": null,
        "備考": ""
      }
    },
    {
      "type": "Feature",
      "geometry": {
        "type": "Point",
        "coordinates": [
          130.265155,
          31.710027
        ]
      },
      "properties": {
        "NO": "16",
        "共通ID": "E4621900016111",
        "施設・場所名": "働く女性の家",
        "住所": "鹿児島県いちき串木野市新生町183",
        "指定緊急避難場所との住所同一": "1",
        "その他市町村長が必要と認める事項": null,
        "受入対象者": null,
        "備考": ""
      }
    },
    {
      "type": "Feature",
      "geometry": {
        "type": "Point",
        "coordinates": [
          130.265257,
          31.710196
        ]
      },
      "properties": {
        "NO": "17",
        "共通ID": "E4621900016112",
        "施設・場所名": "串木野高齢者福祉センター",
        "住所": "鹿児島県いちき串木野市新生町183",
        "指定緊急避難場所との住所同一": "1",
        "その他市町村長が必要と認める事項": null,
        "受入対象者": null,
        "備考": ""
      }
    },
    {
      "type": "Feature",
      "geometry": {
        "type": "Point",
        "coordinates": [
          130.265467,
          31.710515
        ]
      },
      "properties": {
        "NO": "18",
        "共通ID": "E4621900017121",
        "施設・場所名": "串木野健康増進センター",
        "住所": "鹿児島県いちき串木野市新生町183-3",
        "指定緊急避難場所との住所同一": "",
        "その他市町村長が必要と認める事項": null,
        "受入対象者": "避難行動要支援者名簿に登録のあるもの",
        "備考": ""
      }
    },
    {
      "type": "Feature",
      "geometry": {
        "type": "Point",
        "coordinates": [
          130.296057,
          31.718298
        ]
      },
      "properties": {
        "NO": "19",
        "共通ID": "E4621900018111",
        "施設・場所名": "総合体育館",
        "住所": "鹿児島県いちき串木野市生福5298-3",
        "指定緊急避難場所との住所同一": "1",
        "その他市町村長が必要と認める事項": null,
        "受入対象者": null,
        "備考": ""
      }
    },
    {
      "type": "Feature",
      "geometry": {
        "type": "Point",
        "coordinates": [
          130.312704,
          31.725447
        ]
      },
      "properties": {
        "NO": "20",
        "共通ID": "E4621900019111",
        "施設・場所名": "生冠中学校体育館",
        "住所": "鹿児島県いちき串木野市生福8551",
        "指定緊急避難場所との住所同一": "1",
        "その他市町村長が必要と認める事項": null,
        "受入対象者": null,
        "備考": ""
      }
    },
    {
      "type": "Feature",
      "geometry": {
        "type": "Point",
        "coordinates": [
          130.311788,
          31.725596
        ]
      },
      "properties": {
        "NO": "21",
        "共通ID": "E4621900020111",
        "施設・場所名": "生福小学校",
        "住所": "鹿児島県いちき串木野市生福8605",
        "指定緊急避難場所との住所同一": "1",
        "その他市町村長が必要と認める事項": null,
        "受入対象者": null,
        "備考": ""
      }
    },
    {
      "type": "Feature",
      "geometry": {
        "type": "Point",
        "coordinates": [
          130.270946,
          31.707866
        ]
      },
      "properties": {
        "NO": "22",
        "共通ID": "E4621900021111",
        "施設・場所名": "無量寺",
        "住所": "鹿児島県いちき串木野市西島平町375",
        "指定緊急避難場所との住所同一": "1",
        "その他市町村長が必要と認める事項": null,
        "受入対象者": null,
        "備考": ""
      }
    },
    {
      "type": "Feature",
      "geometry": {
        "type": "Point",
        "coordinates": [
          130.262704,
          31.717903
        ]
      },
      "properties": {
        "NO": "23",
        "共通ID": "E4621900022111",
        "施設・場所名": "本浦交流センター",
        "住所": "鹿児島県いちき串木野市西浜町1-1",
        "指定緊急避難場所との住所同一": "1",
        "その他市町村長が必要と認める事項": null,
        "受入対象者": null,
        "備考": ""
      }
    },
    {
      "type": "Feature",
      "geometry": {
        "type": "Point",
        "coordinates": [
          130.326099,
          31.713741
        ]
      },
      "properties": {
        "NO": "24",
        "共通ID": "E4621900023111",
        "施設・場所名": "川上小学校体育館",
        "住所": "鹿児島県いちき串木野市川上1200",
        "指定緊急避難場所との住所同一": "1",
        "その他市町村長が必要と認める事項": null,
        "受入対象者": null,
        "備考": ""
      }
    },
    {
      "type": "Feature",
      "geometry": {
        "type": "Point",
        "coordinates": [
          130.327153,
          31.713333
        ]
      },
      "properties": {
        "NO": "25",
        "共通ID": "E4621900024111",
        "施設・場所名": "市来川上郵便局",
        "住所": "鹿児島県いちき串木野市川上1215-1",
        "指定緊急避難場所との住所同一": "1",
        "その他市町村長が必要と認める事項": null,
        "受入対象者": null,
        "備考": ""
      }
    },
    {
      "type": "Feature",
      "geometry": {
        "type": "Point",
        "coordinates": [
          130.326602,
          31.710058
        ]
      },
      "properties": {
        "NO": "26",
        "共通ID": "E4621900025111",
        "施設・場所名": "川上生活改善センター",
        "住所": "鹿児島県いちき串木野市川上1707",
        "指定緊急避難場所との住所同一": "1",
        "その他市町村長が必要と認める事項": null,
        "受入対象者": null,
        "備考": ""
      }
    },
    {
      "type": "Feature",
      "geometry": {
        "type": "Point",
        "coordinates": [
          130.322043,
          31.709415
        ]
      },
      "properties": {
        "NO": "27",
        "共通ID": "E4621900026111",
        "施設・場所名": "川上交流センター",
        "住所": "鹿児島県いちき串木野市川上978",
        "指定緊急避難場所との住所同一": "1",
        "その他市町村長が必要と認める事項": null,
        "受入対象者": null,
        "備考": ""
      }
    },
    {
      "type": "Feature",
      "geometry": {
        "type": "Point",
        "coordinates": [
          130.303522,
          31.672732
        ]
      },
      "properties": {
        "NO": "28",
        "共通ID": "E4621900027111",
        "施設・場所名": "川南交流センター",
        "住所": "鹿児島県いちき串木野市大里3246-1",
        "指定緊急避難場所との住所同一": "1",
        "その他市町村長が必要と認める事項": null,
        "受入対象者": null,
        "備考": ""
      }
    },
    {
      "type": "Feature",
      "geometry": {
        "type": "Point",
        "coordinates": [
          130.294596,
          31.685556
        ]
      },
      "properties": {
        "NO": "29",
        "共通ID": "E4621900028111",
        "施設・場所名": "市来小学校体育館",
        "住所": "鹿児島県いちき串木野市大里3731",
        "指定緊急避難場所との住所同一": "1",
        "その他市町村長が必要と認める事項": null,
        "受入対象者": null,
        "備考": ""
      }
    },
    {
      "type": "Feature",
      "geometry": {
        "type": "Point",
        "coordinates": [
          130.293395,
          31.686329
        ]
      },
      "properties": {
        "NO": "30",
        "共通ID": "E4621900029111",
        "施設・場所名": "市来中学校体育館",
        "住所": "鹿児島県いちき串木野市大里3764",
        "指定緊急避難場所との住所同一": "1",
        "その他市町村長が必要と認める事項": null,
        "受入対象者": null,
        "備考": ""
      }
    },
    {
      "type": "Feature",
      "geometry": {
        "type": "Point",
        "coordinates": [
          130.29605,
          31.685971
        ]
      },
      "properties": {
        "NO": "31",
        "共通ID": "E4621900030111",
        "施設・場所名": "市来体育館",
        "住所": "鹿児島県いちき串木野市大里5547-1",
        "指定緊急避難場所との住所同一": "1",
        "その他市町村長が必要と認める事項": null,
        "受入対象者": null,
        "備考": ""
      }
    },
    {
      "type": "Feature",
      "geometry": {
        "type": "Point",
        "coordinates": [
          130.306808,
          31.677819
        ]
      },
      "properties": {
        "NO": "32",
        "共通ID": "E4621900031111",
        "施設・場所名": "川北交流センター",
        "住所": "鹿児島県いちき串木野市大里5664",
        "指定緊急避難場所との住所同一": "1",
        "その他市町村長が必要と認める事項": null,
        "受入対象者": null,
        "備考": ""
      }
    },
    {
      "type": "Feature",
      "geometry": {
        "type": "Point",
        "coordinates": [
          130.266536,
          31.708926
        ]
      },
      "properties": {
        "NO": "33",
        "共通ID": "E4621900032111",
        "施設・場所名": "串木野体育センター",
        "住所": "鹿児島県いちき串木野市長崎町91",
        "指定緊急避難場所との住所同一": "1",
        "その他市町村長が必要と認める事項": null,
        "受入対象者": null,
        "備考": ""
      }
    },
    {
      "type": "Feature",
      "geometry": {
        "type": "Point",
        "coordinates": [
          130.277785,
          31.718677
        ]
      },
      "properties": {
        "NO": "34",
        "共通ID": "E4621900033111",
        "施設・場所名": "串木野小学校体育館",
        "住所": "鹿児島県いちき串木野市日出町536",
        "指定緊急避難場所との住所同一": "1",
        "その他市町村長が必要と認める事項": null,
        "受入対象者": null,
        "備考": ""
      }
    },
    {
      "type": "Feature",
      "geometry": {
        "type": "Point",
        "coordinates": [
          130.279807,
          31.718487
        ]
      },
      "properties": {
        "NO": "35",
        "共通ID": "E4621900034111",
        "施設・場所名": "串木野中学校体育館",
        "住所": "鹿児島県いちき串木野市日出町700",
        "指定緊急避難場所との住所同一": "1",
        "その他市町村長が必要と認める事項": null,
        "受入対象者": null,
        "備考": ""
      }
    },
    {
      "type": "Feature",
      "geometry": {
        "type": "Point",
        "coordinates": [
          130.289,
          31.704907
        ]
      },
      "properties": {
        "NO": "36",
        "共通ID": "E4621900035111",
        "施設・場所名": "串木野養護学校体育館",
        "住所": "鹿児島県いちき串木野市八房1041",
        "指定緊急避難場所との住所同一": "1",
        "その他市町村長が必要と認める事項": null,
        "受入対象者": null,
        "備考": ""
      }
    },
    {
      "type": "Feature",
      "geometry": {
        "type": "Point",
        "coordinates": [
          130.267816,
          31.710977
        ]
      },
      "properties": {
        "NO": "37",
        "共通ID": "E4621900036111",
        "施設・場所名": "串木野高等学校体育館",
        "住所": "鹿児島県いちき串木野市美住町65",
        "指定緊急避難場所との住所同一": "1",
        "その他市町村長が必要と認める事項": null,
        "受入対象者": null,
        "備考": ""
      }
    },
    {
      "type": "Feature",
      "geometry": {
        "type": "Point",
        "coordinates": [
          130.264209,
          31.729393
        ]
      },
      "properties": {
        "NO": "38",
        "共通ID": "E4621900037111",
        "施設・場所名": "串木野西中学校体育館",
        "住所": "鹿児島県いちき串木野市平江20226-1",
        "指定緊急避難場所との住所同一": "1",
        "その他市町村長が必要と認める事項": null,
        "受入対象者": null,
        "備考": ""
      }
    },
    {
      "type": "Feature",
      "geometry": {
        "type": "Point",
        "coordinates": [
          130.262032,
          31.728253
        ]
      },
      "properties": {
        "NO": "39",
        "共通ID": "E4621900038111",
        "施設・場所名": "野平交流センター",
        "住所": "鹿児島県いちき串木野市平江20271-5",
        "指定緊急避難場所との住所同一": "1",
        "その他市町村長が必要と認める事項": null,
        "受入対象者": null,
        "備考": ""
      }
    },
    {
      "type": "Feature",
      "geometry": {
        "type": "Point",
        "coordinates": [
          130.264437,
          31.718119
        ]
      },
      "properties": {
        "NO": "40",
        "共通ID": "E4621900039111",
        "施設・場所名": "浄宝寺",
        "住所": "鹿児島県いちき串木野市本浜町38",
        "指定緊急避難場所との住所同一": "1",
        "その他市町村長が必要と認める事項": null,
        "受入対象者": null,
        "備考": ""
      }
    },
    {
      "type": "Feature",
      "geometry": {
        "type": "Point",
        "coordinates": [
          130.289385,
          31.692396
        ]
      },
      "properties": {
        "NO": "41",
        "共通ID": "E4621900040111",
        "施設・場所名": "市来高齢者福祉センター",
        "住所": "鹿児島県いちき串木野市湊町1-102",
        "指定緊急避難場所との住所同一": "1",
        "その他市町村長が必要と認める事項": null,
        "受入対象者": null,
        "備考": ""
      }
    },
    {
      "type": "Feature",
      "geometry": {
        "type": "Point",
        "coordinates": [
          130.289951,
          31.69243
        ]
      },
      "properties": {
        "NO": "42",
        "共通ID": "E4621900040112",
        "施設・場所名": "いちきアクアホール",
        "住所": "鹿児島県いちき串木野市湊町1-102",
        "指定緊急避難場所との住所同一": "1",
        "その他市町村長が必要と認める事項": null,
        "受入対象者": null,
        "備考": ""
      }
    },
    {
      "type": "Feature",
      "geometry": {
        "type": "Point",
        "coordinates": [
          130.289432,
          31.693206
        ]
      },
      "properties": {
        "NO": "43",
        "共通ID": "E4621900041111",
        "施設・場所名": "漁民会館",
        "住所": "鹿児島県いちき串木野市湊町1-103",
        "指定緊急避難場所との住所同一": "1",
        "その他市町村長が必要と認める事項": null,
        "受入対象者": null,
        "備考": ""
      }
    },
    {
      "type": "Feature",
      "geometry": {
        "type": "Point",
        "coordinates": [
          130.290297,
          31.693434
        ]
      },
      "properties": {
        "NO": "44",
        "共通ID": "E4621900042111",
        "施設・場所名": "市来保健センター",
        "住所": "鹿児島県いちき串木野市湊町1-115",
        "指定緊急避難場所との住所同一": "1",
        "その他市町村長が必要と認める事項": null,
        "受入対象者": null,
        "備考": ""
      }
    },
    {
      "type": "Feature",
      "geometry": {
        "type": "Point",
        "coordinates": [
          130.291335,
          31.691365
        ]
      },
      "properties": {
        "NO": "45",
        "共通ID": "E4621900043111",
        "施設・場所名": "市来保育園",
        "住所": "鹿児島県いちき串木野市湊町1-253",
        "指定緊急避難場所との住所同一": "1",
        "その他市町村長が必要と認める事項": null,
        "受入対象者": null,
        "備考": ""
      }
    },
    {
      "type": "Feature",
      "geometry": {
        "type": "Point",
        "coordinates": [
          130.289298,
          31.694104
        ]
      },
      "properties": {
        "NO": "46",
        "共通ID": "E4621900045111",
        "施設・場所名": "西村寺",
        "住所": "鹿児島県いちき串木野市湊町1-95",
        "指定緊急避難場所との住所同一": "1",
        "その他市町村長が必要と認める事項": null,
        "受入対象者": null,
        "備考": ""
      }
    },
    {
      "type": "Feature",
      "geometry": {
        "type": "Point",
        "coordinates": [
          130.295617,
          31.690814
        ]
      },
      "properties": {
        "NO": "47",
        "共通ID": "E4621900044111",
        "施設・場所名": "市来農芸高等学校体育館",
        "住所": "鹿児島県いちき串木野市湊町160",
        "指定緊急避難場所との住所同一": "1",
        "その他市町村長が必要と認める事項": null,
        "受入対象者": null,
        "備考": ""
      }
    },
    {
      "type": "Feature",
      "geometry": {
        "type": "Point",
        "coordinates": [
          130.293183,
          31.693569
        ]
      },
      "properties": {
        "NO": "48",
        "共通ID": "E4621900046111",
        "施設・場所名": "浄泉寺",
        "住所": "鹿児島県いちき串木野市湊町3-93",
        "指定緊急避難場所との住所同一": "1",
        "その他市町村長が必要と認める事項": null,
        "受入対象者": null,
        "備考": ""
      }
    },
    {
      "type": "Feature",
      "geometry": {
        "type": "Point",
        "coordinates": [
          130.582455,
          31.924708
        ]
      },
      "properties": {
        "NO": "49",
        "共通ID": "E4639200001111",
        "施設・場所名": "アロン電機㈱第３工場従業員休憩室",
        "住所": "鹿児島県さつま町永野1022-1",
        "指定緊急避難場所との住所同一": "1",
        "その他市町村長が必要と認める事項": null,
        "受入対象者": null,
        "備考": ""
      }
    },
    {
      "type": "Feature",
      "geometry": {
        "type": "Point",
        "coordinates": [
          130.452572,
          31.852417
        ]
      },
      "properties": {
        "NO": "50",
        "共通ID": "E4639200002111",
        "施設・場所名": "久富木区公民館",
        "住所": "鹿児島県さつま町久富木1790",
        "指定緊急避難場所との住所同一": "1",
        "その他市町村長が必要と認める事項": null,
        "受入対象者": null,
        "備考": ""
      }
    },
    {
      "type": "Feature",
      "geometry": {
        "type": "Point",
        "coordinates": [
          130.454295,
          31.905629
        ]
      },
      "properties": {
        "NO": "51",
        "共通ID": "E4639200003111",
        "施設・場所名": "盈進小学校",
        "住所": "鹿児島県さつま町宮之城屋地1546-3",
        "指定緊急避難場所との住所同一": "1",
        "その他市町村長が必要と認める事項": null,
        "受入対象者": null,
        "備考": ""
      }
    },
    {
      "type": "Feature",
      "geometry": {
        "type": "Point",
        "coordinates": [
          130.456829,
          31.905328
        ]
      },
      "properties": {
        "NO": "52",
        "共通ID": "E4639200004111",
        "施設・場所名": "宮之城鉄道記念館",
        "住所": "鹿児島県さつま町宮之城屋地2036-4",
        "指定緊急避難場所との住所同一": "1",
        "その他市町村長が必要と認める事項": null,
        "受入対象者": null,
        "備考": ""
      }
    },
    {
      "type": "Feature",
      "geometry": {
        "type": "Point",
        "coordinates": [
          130.447092,
          31.902177
        ]
      },
      "properties": {
        "NO": "53",
        "共通ID": "E4639200005111",
        "施設・場所名": "宮之城中学校",
        "住所": "鹿児島県さつま町宮之城屋地391",
        "指定緊急避難場所との住所同一": "1",
        "その他市町村長が必要と認める事項": null,
        "受入対象者": null,
        "備考": ""
      }
    },
    {
      "type": "Feature",
      "geometry": {
        "type": "Point",
        "coordinates": [
          130.449291,
          31.891346
        ]
      },
      "properties": {
        "NO": "54",
        "共通ID": "E4639200006121",
        "施設・場所名": "障害者支援施設　宮之城ふくし園",
        "住所": "鹿児島県さつま町宮之城屋地670-2",
        "指定緊急避難場所との住所同一": "",
        "その他市町村長が必要と認める事項": "",
        "受入対象者": "障害者",
        "備考": ""
      }
    },
    {
      "type": "Feature",
      "geometry": {
        "type": "Point",
        "coordinates": [
          130.451885,
          31.900913
        ]
      },
      "properties": {
        "NO": "55",
        "共通ID": "E4639200007111",
        "施設・場所名": "屋地楽習館",
        "住所": "鹿児島県さつま町宮之城屋地887",
        "指定緊急避難場所との住所同一": "1",
        "その他市町村長が必要と認める事項": "",
        "受入対象者": "",
        "備考": ""
      }
    },
    {
      "type": "Feature",
      "geometry": {
        "type": "Point",
        "coordinates": [
          130.537977,
          31.926454
        ]
      },
      "properties": {
        "NO": "56",
        "共通ID": "E4639200008111",
        "施設・場所名": "薩摩農村環境改善センター",
        "住所": "鹿児島県さつま町求名12753-3",
        "指定緊急避難場所との住所同一": "1",
        "その他市町村長が必要と認める事項": null,
        "受入対象者": null,
        "備考": ""
      }
    },
    {
      "type": "Feature",
      "geometry": {
        "type": "Point",
        "coordinates": [
          130.537032,
          31.918039
        ]
      },
      "properties": {
        "NO": "57",
        "共通ID": "E4639200010121",
        "施設・場所名": "特別養護老人ホーム　さつま園",
        "住所": "鹿児島県さつま町求名13341-1",
        "指定緊急避難場所との住所同一": "",
        "その他市町村長が必要と認める事項": "",
        "受入対象者": "高齢者",
        "備考": ""
      }
    },
    {
      "type": "Feature",
      "geometry": {
        "type": "Point",
        "coordinates": [
          130.531987,
          31.941459
        ]
      },
      "properties": {
        "NO": "58",
        "共通ID": "E4639200011111",
        "施設・場所名": "旧求名小学校",
        "住所": "鹿児島県さつま町求名2737",
        "指定緊急避難場所との住所同一": "1",
        "その他市町村長が必要と認める事項": "",
        "受入対象者": "",
        "備考": ""
      }
    },
    {
      "type": "Feature",
      "geometry": {
        "type": "Point",
        "coordinates": [
          130.451866,
          31.913824
        ]
      },
      "properties": {
        "NO": "59",
        "共通ID": "E4639200013111",
        "施設・場所名": "薩摩中央高等学校",
        "住所": "鹿児島県さつま町虎居1900",
        "指定緊急避難場所との住所同一": "1",
        "その他市町村長が必要と認める事項": null,
        "受入対象者": null,
        "備考": ""
      }
    },
    {
      "type": "Feature",
      "geometry": {
        "type": "Point",
        "coordinates": [
          130.446184,
          31.917451
        ]
      },
      "properties": {
        "NO": "60",
        "共通ID": "E4639200014111",
        "施設・場所名": "宮之城伝統工芸センター",
        "住所": "鹿児島県さつま町虎居2638-1",
        "指定緊急避難場所との住所同一": "1",
        "その他市町村長が必要と認める事項": null,
        "受入対象者": null,
        "備考": ""
      }
    },
    {
      "type": "Feature",
      "geometry": {
        "type": "Point",
        "coordinates": [
          130.451167,
          31.909061
        ]
      },
      "properties": {
        "NO": "61",
        "共通ID": "E4639200015111",
        "施設・場所名": "県営若草団地集会室",
        "住所": "鹿児島県さつま町虎居町9-5",
        "指定緊急避難場所との住所同一": "1",
        "その他市町村長が必要と認める事項": null,
        "受入対象者": null,
        "備考": ""
      }
    },
    {
      "type": "Feature",
      "geometry": {
        "type": "Point",
        "coordinates": [
          130.49308,
          31.919777
        ]
      },
      "properties": {
        "NO": "62",
        "共通ID": "E4639200016111",
        "施設・場所名": "佐志交流館",
        "住所": "鹿児島県さつま町広瀬1178",
        "指定緊急避難場所との住所同一": "1",
        "その他市町村長が必要と認める事項": null,
        "受入対象者": null,
        "備考": ""
      }
    },
    {
      "type": "Feature",
      "geometry": {
        "type": "Point",
        "coordinates": [
          130.484453,
          31.919208
        ]
      },
      "properties": {
        "NO": "63",
        "共通ID": "E4639200017121",
        "施設・場所名": "北さつま農協　田原の郷（やまびこ）",
        "住所": "鹿児島県さつま町広瀬656-6",
        "指定緊急避難場所との住所同一": "",
        "その他市町村長が必要と認める事項": "",
        "受入対象者": "高齢者",
        "備考": ""
      }
    },
    {
      "type": "Feature",
      "geometry": {
        "type": "Point",
        "coordinates": [
          130.432315,
          31.865472
        ]
      },
      "properties": {
        "NO": "64",
        "共通ID": "E4639200018111",
        "施設・場所名": "山崎交流館",
        "住所": "鹿児島県さつま町山崎853-1",
        "指定緊急避難場所との住所同一": "1",
        "その他市町村長が必要と認める事項": null,
        "受入対象者": null,
        "備考": ""
      }
    },
    {
      "type": "Feature",
      "geometry": {
        "type": "Point",
        "coordinates": [
          130.434847,
          31.960152
        ]
      },
      "properties": {
        "NO": "65",
        "共通ID": "E4639200019111",
        "施設・場所名": "紫尾区公民館",
        "住所": "鹿児島県さつま町紫尾349-5",
        "指定緊急避難場所との住所同一": "1",
        "その他市町村長が必要と認める事項": null,
        "受入対象者": null,
        "備考": ""
      }
    },
    {
      "type": "Feature",
      "geometry": {
        "type": "Point",
        "coordinates": [
          130.434676,
          31.959823
        ]
      },
      "properties": {
        "NO": "66",
        "共通ID": "E4639200020111",
        "施設・場所名": "紫尾地区体育館",
        "住所": "鹿児島県さつま町紫尾362-1",
        "指定緊急避難場所との住所同一": "1",
        "その他市町村長が必要と認める事項": null,
        "受入対象者": null,
        "備考": ""
      }
    },
    {
      "type": "Feature",
      "geometry": {
        "type": "Point",
        "coordinates": [
          130.434882,
          31.951041
        ]
      },
      "properties": {
        "NO": "67",
        "共通ID": "E4639200021121",
        "施設・場所名": "特別養護老人ホーム　アルテンハイム鶴宮園",
        "住所": "鹿児島県さつま町紫尾4077-1",
        "指定緊急避難場所との住所同一": "",
        "その他市町村長が必要と認める事項": "",
        "受入対象者": "高齢者",
        "備考": ""
      }
    },
    {
      "type": "Feature",
      "geometry": {
        "type": "Point",
        "coordinates": [
          130.474469,
          31.916937
        ]
      },
      "properties": {
        "NO": "68",
        "共通ID": "E4639200022111",
        "施設・場所名": "宮之城トレーニングセンター",
        "住所": "鹿児島県さつま町時吉1743",
        "指定緊急避難場所との住所同一": "1",
        "その他市町村長が必要と認める事項": null,
        "受入対象者": null,
        "備考": ""
      }
    },
    {
      "type": "Feature",
      "geometry": {
        "type": "Point",
        "coordinates": [
          130.477321,
          31.95648
        ]
      },
      "properties": {
        "NO": "69",
        "共通ID": "E4639200023111",
        "施設・場所名": "鶴田保健センター",
        "住所": "鹿児島県さつま町神子228-1",
        "指定緊急避難場所との住所同一": "1",
        "その他市町村長が必要と認める事項": null,
        "受入対象者": null,
        "備考": ""
      }
    },
    {
      "type": "Feature",
      "geometry": {
        "type": "Point",
        "coordinates": [
          130.489286,
          31.951452
        ]
      },
      "properties": {
        "NO": "70",
        "共通ID": "E4639200024111",
        "施設・場所名": "鶴田小学校",
        "住所": "鹿児島県さつま町神子661-3",
        "指定緊急避難場所との住所同一": "1",
        "その他市町村長が必要と認める事項": null,
        "受入対象者": null,
        "備考": ""
      }
    },
    {
      "type": "Feature",
      "geometry": {
        "type": "Point",
        "coordinates": [
          130.482053,
          31.94973
        ]
      },
      "properties": {
        "NO": "71",
        "共通ID": "E4639200025111",
        "施設・場所名": "鶴田中央公民館",
        "住所": "鹿児島県さつま町神子666-1",
        "指定緊急避難場所との住所同一": "1",
        "その他市町村長が必要と認める事項": null,
        "受入対象者": null,
        "備考": ""
      }
    },
    {
      "type": "Feature",
      "geometry": {
        "type": "Point",
        "coordinates": [
          130.480012,
          31.950208
        ]
      },
      "properties": {
        "NO": "72",
        "共通ID": "E4639200026111",
        "施設・場所名": "鶴田体育館",
        "住所": "鹿児島県さつま町神子668-10",
        "指定緊急避難場所との住所同一": "1",
        "その他市町村長が必要と認める事項": null,
        "受入対象者": null,
        "備考": ""
      }
    },
    {
      "type": "Feature",
      "geometry": {
        "type": "Point",
        "coordinates": [
          130.449907,
          31.907493
        ]
      },
      "properties": {
        "NO": "73",
        "共通ID": "E4639200027111",
        "施設・場所名": "虎居地区公民館",
        "住所": "鹿児島県さつま町西新町11-3",
        "指定緊急避難場所との住所同一": "1",
        "その他市町村長が必要と認める事項": null,
        "受入対象者": null,
        "備考": ""
      }
    },
    {
      "type": "Feature",
      "geometry": {
        "type": "Point",
        "coordinates": [
          130.440102,
          31.873835
        ]
      },
      "properties": {
        "NO": "74",
        "共通ID": "E4639200028121",
        "施設・場所名": "特別養護老人ホーム　マモリエ",
        "住所": "鹿児島県さつま町船木2315-1",
        "指定緊急避難場所との住所同一": "",
        "その他市町村長が必要と認める事項": "",
        "受入対象者": "高齢者",
        "備考": ""
      }
    },
    {
      "type": "Feature",
      "geometry": {
        "type": "Point",
        "coordinates": [
          130.454767,
          31.890611
        ]
      },
      "properties": {
        "NO": "75",
        "共通ID": "E4639200029111",
        "施設・場所名": "宮之城総合体育館",
        "住所": "鹿児島県さつま町船木302-1",
        "指定緊急避難場所との住所同一": "1",
        "その他市町村長が必要と認める事項": "",
        "受入対象者": "",
        "備考": ""
      }
    },
    {
      "type": "Feature",
      "geometry": {
        "type": "Point",
        "coordinates": [
          130.451942,
          31.894001
        ]
      },
      "properties": {
        "NO": "76",
        "共通ID": "E4639200045121",
        "施設・場所名": "医療法人博仁会　宮之城病院",
        "住所": "鹿児島県さつま町船木34",
        "指定緊急避難場所との住所同一": "",
        "その他市町村長が必要と認める事項": "",
        "受入対象者": "施設を利用している要援護者とその家族",
        "備考": ""
      }
    },
    {
      "type": "Feature",
      "geometry": {
        "type": "Point",
        "coordinates": [
          130.449284,
          31.885507
        ]
      },
      "properties": {
        "NO": "77",
        "共通ID": "E4639200030111",
        "施設・場所名": "船木農業構造改善センター",
        "住所": "鹿児島県さつま町船木769-1",
        "指定緊急避難場所との住所同一": "1",
        "その他市町村長が必要と認める事項": null,
        "受入対象者": null,
        "備考": ""
      }
    },
    {
      "type": "Feature",
      "geometry": {
        "type": "Point",
        "coordinates": [
          130.541018,
          31.905699
        ]
      },
      "properties": {
        "NO": "78",
        "共通ID": "E4639200044111",
        "施設・場所名": "薩摩小学校",
        "住所": "鹿児島県さつま町中津川1999-4",
        "指定緊急避難場所との住所同一": "1",
        "その他市町村長が必要と認める事項": "",
        "受入対象者": "",
        "備考": ""
      }
    },
    {
      "type": "Feature",
      "geometry": {
        "type": "Point",
        "coordinates": [
          130.494385,
          31.9522
        ]
      },
      "properties": {
        "NO": "79",
        "共通ID": "E4639200033111",
        "施設・場所名": "鶴田地区コミュニティセンター",
        "住所": "鹿児島県さつま町鶴田3424-1",
        "指定緊急避難場所との住所同一": "1",
        "その他市町村長が必要と認める事項": null,
        "受入対象者": null,
        "備考": ""
      }
    },
    {
      "type": "Feature",
      "geometry": {
        "type": "Point",
        "coordinates": [
          130.469738,
          31.947834
        ]
      },
      "properties": {
        "NO": "80",
        "共通ID": "E4639200034121",
        "施設・場所名": "養護老人ホーム　ほのぼの苑",
        "住所": "鹿児島県さつま町湯田1575-1",
        "指定緊急避難場所との住所同一": "",
        "その他市町村長が必要と認める事項": "",
        "受入対象者": "高齢者",
        "備考": ""
      }
    },
    {
      "type": "Feature",
      "geometry": {
        "type": "Point",
        "coordinates": [
          130.467254,
          31.938709
        ]
      },
      "properties": {
        "NO": "81",
        "共通ID": "E4639200035111",
        "施設・場所名": "湯田いきいき研修館",
        "住所": "鹿児島県さつま町湯田900-1",
        "指定緊急避難場所との住所同一": "1",
        "その他市町村長が必要と認める事項": null,
        "受入対象者": null,
        "備考": ""
      }
    },
    {
      "type": "Feature",
      "geometry": {
        "type": "Point",
        "coordinates": [
          130.425809,
          31.870616
        ]
      },
      "properties": {
        "NO": "82",
        "共通ID": "E4639200036111",
        "施設・場所名": "二渡営農研修館",
        "住所": "鹿児島県さつま町二渡4809",
        "指定緊急避難場所との住所同一": "1",
        "その他市町村長が必要と認める事項": null,
        "受入対象者": null,
        "備考": ""
      }
    },
    {
      "type": "Feature",
      "geometry": {
        "type": "Point",
        "coordinates": [
          130.465525,
          31.930794
        ]
      },
      "properties": {
        "NO": "83",
        "共通ID": "E4639200037111",
        "施設・場所名": "柏原小学校",
        "住所": "鹿児島県さつま町柏原1588",
        "指定緊急避難場所との住所同一": "1",
        "その他市町村長が必要と認める事項": null,
        "受入対象者": null,
        "備考": ""
      }
    },
    {
      "type": "Feature",
      "geometry": {
        "type": "Point",
        "coordinates": [
          130.464431,
          31.932008
        ]
      },
      "properties": {
        "NO": "84",
        "共通ID": "E4639200038111",
        "施設・場所名": "柏原地区集会施設ほたる館",
        "住所": "鹿児島県さつま町柏原1637-3",
        "指定緊急避難場所との住所同一": "1",
        "その他市町村長が必要と認める事項": null,
        "受入対象者": null,
        "備考": ""
      }
    },
    {
      "type": "Feature",
      "geometry": {
        "type": "Point",
        "coordinates": [
          130.37072,
          31.940581
        ]
      },
      "properties": {
        "NO": "85",
        "共通ID": "E4639200039111",
        "施設・場所名": "泊野地区体育館",
        "住所": "鹿児島県さつま町泊野451",
        "指定緊急避難場所との住所同一": "1",
        "その他市町村長が必要と認める事項": null,
        "受入対象者": null,
        "備考": ""
      }
    },
    {
      "type": "Feature",
      "geometry": {
        "type": "Point",
        "coordinates": [
          130.37486,
          31.940327
        ]
      },
      "properties": {
        "NO": "86",
        "共通ID": "E4639200046111",
        "施設・場所名": "泊野区公民館",
        "住所": "鹿児島県さつま町泊野6964",
        "指定緊急避難場所との住所同一": "",
        "その他市町村長が必要と認める事項": "",
        "受入対象者": "",
        "備考": ""
      }
    },
    {
      "type": "Feature",
      "geometry": {
        "type": "Point",
        "coordinates": [
          130.418614,
          31.912626
        ]
      },
      "properties": {
        "NO": "87",
        "共通ID": "E4639200040111",
        "施設・場所名": "うましき里　きららの楽校",
        "住所": "鹿児島県さつま町白男川1501-1",
        "指定緊急避難場所との住所同一": "1",
        "その他市町村長が必要と認める事項": null,
        "受入対象者": null,
        "備考": ""
      }
    },
    {
      "type": "Feature",
      "geometry": {
        "type": "Point",
        "coordinates": [
          130.441741,
          31.982515
        ]
      },
      "properties": {
        "NO": "88",
        "共通ID": "E4639200041111",
        "施設・場所名": "柊野地区体育館",
        "住所": "鹿児島県さつま町柊野467",
        "指定緊急避難場所との住所同一": "1",
        "その他市町村長が必要と認める事項": null,
        "受入対象者": null,
        "備考": ""
      }
    },
    {
      "type": "Feature",
      "geometry": {
        "type": "Point",
        "coordinates": [
          130.442876,
          31.982671
        ]
      },
      "properties": {
        "NO": "89",
        "共通ID": "E4639200047111",
        "施設・場所名": "柊野区公民館",
        "住所": "鹿児島県さつま町柊野551-1",
        "指定緊急避難場所との住所同一": "",
        "その他市町村長が必要と認める事項": "",
        "受入対象者": "",
        "備考": ""
      }
    },
    {
      "type": "Feature",
      "geometry": {
        "type": "Point",
        "coordinates": [
          130.412824,
          31.939874
        ]
      },
      "properties": {
        "NO": "90",
        "共通ID": "E4639200042111",
        "施設・場所名": "平川地区体育館",
        "住所": "鹿児島県さつま町平川2009-2",
        "指定緊急避難場所との住所同一": "1",
        "その他市町村長が必要と認める事項": null,
        "受入対象者": null,
        "備考": ""
      }
    },
    {
      "type": "Feature",
      "geometry": {
        "type": "Point",
        "coordinates": [
          130.416326,
          31.940492
        ]
      },
      "properties": {
        "NO": "91",
        "共通ID": "E4639200043111",
        "施設・場所名": "平川区公民館",
        "住所": "鹿児島県さつま町平川7446-1",
        "指定緊急避難場所との住所同一": "1",
        "その他市町村長が必要と認める事項": null,
        "受入対象者": null,
        "備考": ""
      }
    },
    {
      "type": "Feature",
      "geometry": {
        "type": "Point",
        "coordinates": [
          130.196716,
          32.01928
        ]
      },
      "properties": {
        "NO": "92",
        "共通ID": "E4620600001111",
        "施設・場所名": "阿久根市立阿久根小学校",
        "住所": "鹿児島県阿久根市栄町94",
        "指定緊急避難場所との住所同一": "1",
        "その他市町村長が必要と認める事項": "",
        "受入対象者": "",
        "備考": ""
      }
    },
    {
      "type": "Feature",
      "geometry": {
        "type": "Point",
        "coordinates": [
          130.193901,
          32.012084
        ]
      },
      "properties": {
        "NO": "93",
        "共通ID": "E4620600002111",
        "施設・場所名": "風テラスあくね（市民交流センター）",
        "住所": "鹿児島県阿久根市塩鶴町2-2",
        "指定緊急避難場所との住所同一": "1",
        "その他市町村長が必要と認める事項": null,
        "受入対象者": null,
        "備考": ""
      }
    },
    {
      "type": "Feature",
      "geometry": {
        "type": "Point",
        "coordinates": [
          130.239591,
          32.008263
        ]
      },
      "properties": {
        "NO": "94",
        "共通ID": "E4620600003111",
        "施設・場所名": "尾崎公民館",
        "住所": "鹿児島県阿久根市山下5572-1",
        "指定緊急避難場所との住所同一": "",
        "その他市町村長が必要と認める事項": null,
        "受入対象者": null,
        "備考": ""
      }
    },
    {
      "type": "Feature",
      "geometry": {
        "type": "Point",
        "coordinates": [
          130.240539,
          32.004713
        ]
      },
      "properties": {
        "NO": "95",
        "共通ID": "E4620600004111",
        "施設・場所名": "阿久根市立尾崎小学校",
        "住所": "鹿児島県阿久根市山下5916",
        "指定緊急避難場所との住所同一": "1",
        "その他市町村長が必要と認める事項": "",
        "受入対象者": "",
        "備考": ""
      }
    },
    {
      "type": "Feature",
      "geometry": {
        "type": "Point",
        "coordinates": [
          130.213563,
          32.006975
        ]
      },
      "properties": {
        "NO": "96",
        "共通ID": "E4620600005111",
        "施設・場所名": "遠矢公民館",
        "住所": "鹿児島県阿久根市山下66-2",
        "指定緊急避難場所との住所同一": "",
        "その他市町村長が必要と認める事項": null,
        "受入対象者": null,
        "備考": ""
      }
    },
    {
      "type": "Feature",
      "geometry": {
        "type": "Point",
        "coordinates": [
          130.213347,
          32.009713
        ]
      },
      "properties": {
        "NO": "97",
        "共通ID": "E4620600006111",
        "施設・場所名": "阿久根市立山下小学校",
        "住所": "鹿児島県阿久根市山下834",
        "指定緊急避難場所との住所同一": "1",
        "その他市町村長が必要と認める事項": "",
        "受入対象者": "",
        "備考": ""
      }
    },
    {
      "type": "Feature",
      "geometry": {
        "type": "Point",
        "coordinates": [
          130.201855,
          31.98758
        ]
      },
      "properties": {
        "NO": "98",
        "共通ID": "E4620600007111",
        "施設・場所名": "阿久根市立西目小学校",
        "住所": "鹿児島県阿久根市西目1245",
        "指定緊急避難場所との住所同一": "1",
        "その他市町村長が必要と認める事項": "",
        "受入対象者": "",
        "備考": ""
      }
    },
    {
      "type": "Feature",
      "geometry": {
        "type": "Point",
        "coordinates": [
          130.208836,
          31.984395
        ]
      },
      "properties": {
        "NO": "99",
        "共通ID": "E4620600008111",
        "施設・場所名": "阿久根市立みなみ保育園",
        "住所": "鹿児島県阿久根市西目2086",
        "指定緊急避難場所との住所同一": "1",
        "その他市町村長が必要と認める事項": "",
        "受入対象者": "",
        "備考": ""
      }
    },
    {
      "type": "Feature",
      "geometry": {
        "type": "Point",
        "coordinates": [
          130.207448,
          31.984246
        ]
      },
      "properties": {
        "NO": "100",
        "共通ID": "E4620600009111",
        "施設・場所名": "西目地区集会施設",
        "住所": "鹿児島県阿久根市西目2142-2",
        "指定緊急避難場所との住所同一": "1",
        "その他市町村長が必要と認める事項": null,
        "受入対象者": null,
        "備考": ""
      }
    },
    {
      "type": "Feature",
      "geometry": {
        "type": "Point",
        "coordinates": [
          130.22312,
          32.037133
        ]
      },
      "properties": {
        "NO": "101",
        "共通ID": "E4620600011111",
        "施設・場所名": "阿久根市農村環境改善センター",
        "住所": "鹿児島県阿久根市赤瀬川2098-25",
        "指定緊急避難場所との住所同一": "",
        "その他市町村長が必要と認める事項": "",
        "受入対象者": "",
        "備考": ""
      }
    },
    {
      "type": "Feature",
      "geometry": {
        "type": "Point",
        "coordinates": [
          130.214598,
          32.034913
        ]
      },
      "properties": {
        "NO": "102",
        "共通ID": "E4620600012111",
        "施設・場所名": "Ｂ＆Ｇ阿久根海洋センター体育館",
        "住所": "鹿児島県阿久根市赤瀬川2486-1",
        "指定緊急避難場所との住所同一": "1",
        "その他市町村長が必要と認める事項": "",
        "受入対象者": "",
        "備考": ""
      }
    },
    {
      "type": "Feature",
      "geometry": {
        "type": "Point",
        "coordinates": [
          130.214757,
          32.034058
        ]
      },
      "properties": {
        "NO": "103",
        "共通ID": "E4620600012112",
        "施設・場所名": "阿久根市総合体育館",
        "住所": "鹿児島県阿久根市赤瀬川2486-1",
        "指定緊急避難場所との住所同一": "1",
        "その他市町村長が必要と認める事項": null,
        "受入対象者": null,
        "備考": ""
      }
    },
    {
      "type": "Feature",
      "geometry": {
        "type": "Point",
        "coordinates": [
          130.223583,
          32.05926
        ]
      },
      "properties": {
        "NO": "104",
        "共通ID": "E4620600013111",
        "施設・場所名": "阿久根市立折多小学校",
        "住所": "鹿児島県阿久根市折口1760",
        "指定緊急避難場所との住所同一": "1",
        "その他市町村長が必要と認める事項": "",
        "受入対象者": "",
        "備考": ""
      }
    },
    {
      "type": "Feature",
      "geometry": {
        "type": "Point",
        "coordinates": [
          130.219799,
          32.060935
        ]
      },
      "properties": {
        "NO": "105",
        "共通ID": "E4620600014111",
        "施設・場所名": "子ども発達支援センターこじか",
        "住所": "鹿児島県阿久根市折口1807-3",
        "指定緊急避難場所との住所同一": "",
        "その他市町村長が必要と認める事項": "",
        "受入対象者": "",
        "備考": ""
      }
    },
    {
      "type": "Feature",
      "geometry": {
        "type": "Point",
        "coordinates": [
          130.225392,
          32.057248
        ]
      },
      "properties": {
        "NO": "106",
        "共通ID": "E4620600015111",
        "施設・場所名": "折多地区集会施設",
        "住所": "鹿児島県阿久根市多田26-5",
        "指定緊急避難場所との住所同一": "1",
        "その他市町村長が必要と認める事項": null,
        "受入対象者": null,
        "備考": ""
      }
    },
    {
      "type": "Feature",
      "geometry": {
        "type": "Point",
        "coordinates": [
          130.210329,
          31.974231
        ]
      },
      "properties": {
        "NO": "107",
        "共通ID": "E4620600016111",
        "施設・場所名": "牛之浜区集落センター",
        "住所": "鹿児島県阿久根市大川10676",
        "指定緊急避難場所との住所同一": "1",
        "その他市町村長が必要と認める事項": null,
        "受入対象者": null,
        "備考": ""
      }
    },
    {
      "type": "Feature",
      "geometry": {
        "type": "Point",
        "coordinates": [
          130.221033,
          31.951383
        ]
      },
      "properties": {
        "NO": "108",
        "共通ID": "E4620600017111",
        "施設・場所名": "大川地区公民館",
        "住所": "鹿児島県阿久根市大川8219-1",
        "指定緊急避難場所との住所同一": "",
        "その他市町村長が必要と認める事項": null,
        "受入対象者": null,
        "備考": ""
      }
    },
    {
      "type": "Feature",
      "geometry": {
        "type": "Point",
        "coordinates": [
          130.219844,
          31.951431
        ]
      },
      "properties": {
        "NO": "109",
        "共通ID": "E4620600018111",
        "施設・場所名": "旧大川中学校・大川小学校屋内運動場",
        "住所": "鹿児島県阿久根市大川8250",
        "指定緊急避難場所との住所同一": "1",
        "その他市町村長が必要と認める事項": null,
        "受入対象者": null,
        "備考": ""
      }
    },
    {
      "type": "Feature",
      "geometry": {
        "type": "Point",
        "coordinates": [
          130.194572,
          32.013208
        ]
      },
      "properties": {
        "NO": "110",
        "共通ID": "E4620600019111",
        "施設・場所名": "中央公民館鶴見分館",
        "住所": "鹿児島県阿久根市鶴見町166",
        "指定緊急避難場所との住所同一": "",
        "その他市町村長が必要と認める事項": null,
        "受入対象者": null,
        "備考": ""
      }
    },
    {
      "type": "Feature",
      "geometry": {
        "type": "Point",
        "coordinates": [
          130.240287,
          32.044052
        ]
      },
      "properties": {
        "NO": "111",
        "共通ID": "E4620600020111",
        "施設・場所名": "阿久根市立鶴川内中学校",
        "住所": "鹿児島県阿久根市鶴川内10300",
        "指定緊急避難場所との住所同一": "1",
        "その他市町村長が必要と認める事項": "",
        "受入対象者": "",
        "備考": ""
      }
    },
    {
      "type": "Feature",
      "geometry": {
        "type": "Point",
        "coordinates": [
          130.240155,
          32.03177
        ]
      },
      "properties": {
        "NO": "112",
        "共通ID": "E4620600021111",
        "施設・場所名": "鶴川内地区集会施設",
        "住所": "鹿児島県阿久根市鶴川内5033-11",
        "指定緊急避難場所との住所同一": "1",
        "その他市町村長が必要と認める事項": null,
        "受入対象者": null,
        "備考": ""
      }
    },
    {
      "type": "Feature",
      "geometry": {
        "type": "Point",
        "coordinates": [
          130.280463,
          31.985048
        ]
      },
      "properties": {
        "NO": "113",
        "共通ID": "E4620600022111",
        "施設・場所名": "阿久根市山村開発センター",
        "住所": "鹿児島県阿久根市鶴川内6614-9",
        "指定緊急避難場所との住所同一": "1",
        "その他市町村長が必要と認める事項": "",
        "受入対象者": "",
        "備考": ""
      }
    },
    {
      "type": "Feature",
      "geometry": {
        "type": "Point",
        "coordinates": [
          130.271606,
          32.009832
        ]
      },
      "properties": {
        "NO": "114",
        "共通ID": "E4620600023111",
        "施設・場所名": "阿久根市立田代小学校",
        "住所": "鹿児島県阿久根市鶴川内7257",
        "指定緊急避難場所との住所同一": "1",
        "その他市町村長が必要と認める事項": "",
        "受入対象者": "",
        "備考": ""
      }
    },
    {
      "type": "Feature",
      "geometry": {
        "type": "Point",
        "coordinates": [
          130.266648,
          32.015815
        ]
      },
      "properties": {
        "NO": "115",
        "共通ID": "E4620600024111",
        "施設・場所名": "田代下地区集会施設",
        "住所": "鹿児島県阿久根市鶴川内8149-2",
        "指定緊急避難場所との住所同一": "",
        "その他市町村長が必要と認める事項": null,
        "受入対象者": null,
        "備考": ""
      }
    },
    {
      "type": "Feature",
      "geometry": {
        "type": "Point",
        "coordinates": [
          130.200355,
          32.013122
        ]
      },
      "properties": {
        "NO": "116",
        "共通ID": "E4620600025111",
        "施設・場所名": "阿久根市立阿久根中学校",
        "住所": "鹿児島県阿久根市波留5529",
        "指定緊急避難場所との住所同一": "1",
        "その他市町村長が必要と認める事項": "",
        "受入対象者": "",
        "備考": ""
      }
    },
    {
      "type": "Feature",
      "geometry": {
        "type": "Point",
        "coordinates": [
          130.212234,
          32.123424
        ]
      },
      "properties": {
        "NO": "117",
        "共通ID": "E4620600032111",
        "施設・場所名": "脇本地区公民館隼人分館屋内運動場",
        "住所": "鹿児島県阿久根市脇本12047-1",
        "指定緊急避難場所との住所同一": "1",
        "その他市町村長が必要と認める事項": "",
        "受入対象者": "",
        "備考": ""
      }
    },
    {
      "type": "Feature",
      "geometry": {
        "type": "Point",
        "coordinates": [
          130.175874,
          32.090394
        ]
      },
      "properties": {
        "NO": "118",
        "共通ID": "E4620600027111",
        "施設・場所名": "黒之浜漁村の家",
        "住所": "鹿児島県阿久根市脇本13972",
        "指定緊急避難場所との住所同一": "",
        "その他市町村長が必要と認める事項": null,
        "受入対象者": null,
        "備考": ""
      }
    },
    {
      "type": "Feature",
      "geometry": {
        "type": "Point",
        "coordinates": [
          130.201667,
          32.077094
        ]
      },
      "properties": {
        "NO": "119",
        "共通ID": "E4620600028111",
        "施設・場所名": "脇本地区公民館",
        "住所": "鹿児島県阿久根市脇本7363",
        "指定緊急避難場所との住所同一": "1",
        "その他市町村長が必要と認める事項": null,
        "受入対象者": null,
        "備考": ""
      }
    },
    {
      "type": "Feature",
      "geometry": {
        "type": "Point",
        "coordinates": [
          130.201036,
          32.080913
        ]
      },
      "properties": {
        "NO": "120",
        "共通ID": "E4620600029111",
        "施設・場所名": "阿久根市立三笠中学校",
        "住所": "鹿児島県阿久根市脇本7877",
        "指定緊急避難場所との住所同一": "1",
        "その他市町村長が必要と認める事項": "",
        "受入対象者": "",
        "備考": ""
      }
    },
    {
      "type": "Feature",
      "geometry": {
        "type": "Point",
        "coordinates": [
          130.195606,
          32.080109
        ]
      },
      "properties": {
        "NO": "121",
        "共通ID": "E4620600033111",
        "施設・場所名": "脇本保育園",
        "住所": "鹿児島県阿久根市脇本8049-3",
        "指定緊急避難場所との住所同一": "",
        "その他市町村長が必要と認める事項": "",
        "受入対象者": "",
        "備考": ""
      }
    },
    {
      "type": "Feature",
      "geometry": {
        "type": "Point",
        "coordinates": [
          130.194795,
          32.081169
        ]
      },
      "properties": {
        "NO": "122",
        "共通ID": "E4620600031111",
        "施設・場所名": "阿久根市立脇本小学校",
        "住所": "鹿児島県阿久根市脇本8060",
        "指定緊急避難場所との住所同一": "1",
        "その他市町村長が必要と認める事項": "",
        "受入対象者": "",
        "備考": ""
      }
    },
    {
      "type": "Feature",
      "geometry": {
        "type": "Point",
        "coordinates": [
          130.61273,
          31.771592
        ]
      },
      "properties": {
        "NO": "123",
        "共通ID": "E4622500002111",
        "施設・場所名": "山田小学校（体育館）",
        "住所": "鹿児島県姶良市下名1018",
        "指定緊急避難場所との住所同一": "1",
        "その他市町村長が必要と認める事項": "",
        "受入対象者": "",
        "備考": ""
      }
    },
    {
      "type": "Feature",
      "geometry": {
        "type": "Point",
        "coordinates": [
          130.612495,
          31.772087
        ]
      },
      "properties": {
        "NO": "124",
        "共通ID": "E4622500003111",
        "施設・場所名": "山田校区コミュニティ協議会事務所",
        "住所": "鹿児島県姶良市下名1073-4",
        "指定緊急避難場所との住所同一": "1",
        "その他市町村長が必要と認める事項": "",
        "受入対象者": "",
        "備考": ""
      }
    },
    {
      "type": "Feature",
      "geometry": {
        "type": "Point",
        "coordinates": [
          130.614206,
          31.773499
        ]
      },
      "properties": {
        "NO": "125",
        "共通ID": "E4622500004111",
        "施設・場所名": "山田地区公民館",
        "住所": "鹿児島県姶良市下名1188",
        "指定緊急避難場所との住所同一": "1",
        "その他市町村長が必要と認める事項": "",
        "受入対象者": "",
        "備考": ""
      }
    },
    {
      "type": "Feature",
      "geometry": {
        "type": "Point",
        "coordinates": [
          130.611475,
          31.770931
        ]
      },
      "properties": {
        "NO": "126",
        "共通ID": "E4622500005111",
        "施設・場所名": "山田中学校（体育館）",
        "住所": "鹿児島県姶良市下名977",
        "指定緊急避難場所との住所同一": "1",
        "その他市町村長が必要と認める事項": "",
        "受入対象者": "",
        "備考": ""
      }
    },
    {
      "type": "Feature",
      "geometry": {
        "type": "Point",
        "coordinates": [
          130.664845,
          31.741737
        ]
      },
      "properties": {
        "NO": "127",
        "共通ID": "E4622500006111",
        "施設・場所名": "柁城小学校（体育館）",
        "住所": "鹿児島県姶良市加治木町仮屋町248",
        "指定緊急避難場所との住所同一": "1",
        "その他市町村長が必要と認める事項": "",
        "受入対象者": "",
        "備考": ""
      }
    },
    {
      "type": "Feature",
      "geometry": {
        "type": "Point",
        "coordinates": [
          130.660014,
          31.736827
        ]
      },
      "properties": {
        "NO": "128",
        "共通ID": "E4622500008111",
        "施設・場所名": "錦江小学校（体育館）",
        "住所": "鹿児島県姶良市加治木町錦江町74",
        "指定緊急避難場所との住所同一": "",
        "その他市町村長が必要と認める事項": "",
        "受入対象者": "",
        "備考": ""
      }
    },
    {
      "type": "Feature",
      "geometry": {
        "type": "Point",
        "coordinates": [
          130.675529,
          31.764436
        ]
      },
      "properties": {
        "NO": "129",
        "共通ID": "E4622500009111",
        "施設・場所名": "竜門小学校（体育館）",
        "住所": "鹿児島県姶良市加治木町小山田1363",
        "指定緊急避難場所との住所同一": "1",
        "その他市町村長が必要と認める事項": "",
        "受入対象者": "",
        "備考": ""
      }
    },
    {
      "type": "Feature",
      "geometry": {
        "type": "Point",
        "coordinates": [
          130.670702,
          31.742188
        ]
      },
      "properties": {
        "NO": "130",
        "共通ID": "E4622500011111",
        "施設・場所名": "県立加治木工業高校（体育館）",
        "住所": "鹿児島県姶良市加治木町新富町131",
        "指定緊急避難場所との住所同一": "1",
        "その他市町村長が必要と認める事項": "",
        "受入対象者": "",
        "備考": ""
      }
    },
    {
      "type": "Feature",
      "geometry": {
        "type": "Point",
        "coordinates": [
          130.65117,
          31.765748
        ]
      },
      "properties": {
        "NO": "131",
        "共通ID": "E4622500014111",
        "施設・場所名": "永原小校区公民館",
        "住所": "鹿児島県姶良市加治木町西別府2490",
        "指定緊急避難場所との住所同一": "1",
        "その他市町村長が必要と認める事項": "",
        "受入対象者": "",
        "備考": ""
      }
    },
    {
      "type": "Feature",
      "geometry": {
        "type": "Point",
        "coordinates": [
          130.650639,
          31.764409
        ]
      },
      "properties": {
        "NO": "132",
        "共通ID": "E4622500016111",
        "施設・場所名": "永原小学校（体育館）",
        "住所": "鹿児島県姶良市加治木町西別府594",
        "指定緊急避難場所との住所同一": "1",
        "その他市町村長が必要と認める事項": "",
        "受入対象者": "",
        "備考": ""
      }
    },
    {
      "type": "Feature",
      "geometry": {
        "type": "Point",
        "coordinates": [
          130.686429,
          31.752532
        ]
      },
      "properties": {
        "NO": "133",
        "共通ID": "E4622500017111",
        "施設・場所名": "中野地区多目的集会施設",
        "住所": "鹿児島県姶良市加治木町日木山1175-5",
        "指定緊急避難場所との住所同一": "1",
        "その他市町村長が必要と認める事項": "",
        "受入対象者": "",
        "備考": ""
      }
    },
    {
      "type": "Feature",
      "geometry": {
        "type": "Point",
        "coordinates": [
          130.662847,
          31.746647
        ]
      },
      "properties": {
        "NO": "134",
        "共通ID": "E4622500018111",
        "施設・場所名": "加治木中学校（体育館）",
        "住所": "鹿児島県姶良市加治木町反土2162",
        "指定緊急避難場所との住所同一": "1",
        "その他市町村長が必要と認める事項": "",
        "受入対象者": "",
        "備考": ""
      }
    },
    {
      "type": "Feature",
      "geometry": {
        "type": "Point",
        "coordinates": [
          130.656458,
          31.742244
        ]
      },
      "properties": {
        "NO": "135",
        "共通ID": "E4622500019111",
        "施設・場所名": "加治木小学校（体育館）",
        "住所": "鹿児島県姶良市加治木町反土2955",
        "指定緊急避難場所との住所同一": "1",
        "その他市町村長が必要と認める事項": "",
        "受入対象者": "",
        "備考": ""
      }
    },
    {
      "type": "Feature",
      "geometry": {
        "type": "Point",
        "coordinates": [
          130.659548,
          31.793427
        ]
      },
      "properties": {
        "NO": "136",
        "共通ID": "E4622500020111",
        "施設・場所名": "辺川地区多目的集会施設",
        "住所": "鹿児島県姶良市加治木町辺川801",
        "指定緊急避難場所との住所同一": "1",
        "その他市町村長が必要と認める事項": "",
        "受入対象者": "",
        "備考": ""
      }
    },
    {
      "type": "Feature",
      "geometry": {
        "type": "Point",
        "coordinates": [
          130.66166,
          31.738977
        ]
      },
      "properties": {
        "NO": "137",
        "共通ID": "E4622500021111",
        "施設・場所名": "姶良市加治木保健センター",
        "住所": "鹿児島県姶良市加治木町本町253",
        "指定緊急避難場所との住所同一": "1",
        "その他市町村長が必要と認める事項": "",
        "受入対象者": "",
        "備考": ""
      }
    },
    {
      "type": "Feature",
      "geometry": {
        "type": "Point",
        "coordinates": [
          130.666533,
          31.73927
        ]
      },
      "properties": {
        "NO": "138",
        "共通ID": "E4622500022111",
        "施設・場所名": "姶良市加治木福祉センター",
        "住所": "鹿児島県姶良市加治木町本町393",
        "指定緊急避難場所との住所同一": "1",
        "その他市町村長が必要と認める事項": "",
        "受入対象者": "",
        "備考": ""
      }
    },
    {
      "type": "Feature",
      "geometry": {
        "type": "Point",
        "coordinates": [
          130.643528,
          31.728963
        ]
      },
      "properties": {
        "NO": "139",
        "共通ID": "E4622500024111",
        "施設・場所名": "加治木特別支援学校（体育館）",
        "住所": "鹿児島県姶良市加治木町木田1784",
        "指定緊急避難場所との住所同一": "1",
        "その他市町村長が必要と認める事項": "",
        "受入対象者": "",
        "備考": ""
      }
    },
    {
      "type": "Feature",
      "geometry": {
        "type": "Point",
        "coordinates": [
          130.642876,
          31.734033
        ]
      },
      "properties": {
        "NO": "140",
        "共通ID": "E4622500025111",
        "施設・場所名": "姶良市消防本部（本部庁舎）",
        "住所": "鹿児島県姶良市加治木町木田2040-1",
        "指定緊急避難場所との住所同一": "1",
        "その他市町村長が必要と認める事項": "",
        "受入対象者": "",
        "備考": ""
      }
    },
    {
      "type": "Feature",
      "geometry": {
        "type": "Point",
        "coordinates": [
          130.651061,
          31.747066
        ]
      },
      "properties": {
        "NO": "141",
        "共通ID": "E4622500026111",
        "施設・場所名": "木田自興館",
        "住所": "鹿児島県姶良市加治木町木田3409-4",
        "指定緊急避難場所との住所同一": "1",
        "その他市町村長が必要と認める事項": "",
        "受入対象者": "",
        "備考": ""
      }
    },
    {
      "type": "Feature",
      "geometry": {
        "type": "Point",
        "coordinates": [
          130.654608,
          31.730252
        ]
      },
      "properties": {
        "NO": "142",
        "共通ID": "E4622500027111",
        "施設・場所名": "姶良市文化会館加音ホール",
        "住所": "鹿児島県姶良市加治木町木田5348-185",
        "指定緊急避難場所との住所同一": "1",
        "その他市町村長が必要と認める事項": "",
        "受入対象者": "",
        "備考": ""
      }
    },
    {
      "type": "Feature",
      "geometry": {
        "type": "Point",
        "coordinates": [
          130.585704,
          31.754691
        ]
      },
      "properties": {
        "NO": "143",
        "共通ID": "E4622500028111",
        "施設・場所名": "下久徳地区いきいき交流センター",
        "住所": "鹿児島県姶良市蒲生町下久徳544-2",
        "指定緊急避難場所との住所同一": "1",
        "その他市町村長が必要と認める事項": "",
        "受入対象者": "",
        "備考": ""
      }
    },
    {
      "type": "Feature",
      "geometry": {
        "type": "Point",
        "coordinates": [
          130.588391,
          31.757694
        ]
      },
      "properties": {
        "NO": "144",
        "共通ID": "E4622500029111",
        "施設・場所名": "県立蒲生高校（体育館）",
        "住所": "鹿児島県姶良市蒲生町下久徳848-2",
        "指定緊急避難場所との住所同一": "1",
        "その他市町村長が必要と認める事項": "",
        "受入対象者": "",
        "備考": ""
      }
    },
    {
      "type": "Feature",
      "geometry": {
        "type": "Point",
        "coordinates": [
          130.557267,
          31.756253
        ]
      },
      "properties": {
        "NO": "145",
        "共通ID": "E4622500030111",
        "施設・場所名": "久末地区公民館",
        "住所": "鹿児島県姶良市蒲生町久末1304",
        "指定緊急避難場所との住所同一": "1",
        "その他市町村長が必要と認める事項": "",
        "受入対象者": "",
        "備考": ""
      }
    },
    {
      "type": "Feature",
      "geometry": {
        "type": "Point",
        "coordinates": [
          130.56983,
          31.759345
        ]
      },
      "properties": {
        "NO": "146",
        "共通ID": "E4622500031111",
        "施設・場所名": "迫地区いきいき交流センター",
        "住所": "鹿児島県姶良市蒲生町久末18-6",
        "指定緊急避難場所との住所同一": "1",
        "その他市町村長が必要と認める事項": "",
        "受入対象者": "",
        "備考": ""
      }
    },
    {
      "type": "Feature",
      "geometry": {
        "type": "Point",
        "coordinates": [
          130.558959,
          31.825008
        ]
      },
      "properties": {
        "NO": "147",
        "共通ID": "E4622500032111",
        "施設・場所名": "漆の里万来館",
        "住所": "鹿児島県姶良市蒲生町漆301-1",
        "指定緊急避難場所との住所同一": "1",
        "その他市町村長が必要と認める事項": "",
        "受入対象者": "",
        "備考": ""
      }
    },
    {
      "type": "Feature",
      "geometry": {
        "type": "Point",
        "coordinates": [
          130.558391,
          31.824593
        ]
      },
      "properties": {
        "NO": "148",
        "共通ID": "E4622500034111",
        "施設・場所名": "漆小学校（体育館）",
        "住所": "鹿児島県姶良市蒲生町漆317",
        "指定緊急避難場所との住所同一": "1",
        "その他市町村長が必要と認める事項": "",
        "受入対象者": "",
        "備考": ""
      }
    },
    {
      "type": "Feature",
      "geometry": {
        "type": "Point",
        "coordinates": [
          130.569948,
          31.764627
        ]
      },
      "properties": {
        "NO": "149",
        "共通ID": "E4622500036111",
        "施設・場所名": "蒲生小学校（体育館）",
        "住所": "鹿児島県姶良市蒲生町上久徳2252",
        "指定緊急避難場所との住所同一": "1",
        "その他市町村長が必要と認める事項": "",
        "受入対象者": "",
        "備考": ""
      }
    },
    {
      "type": "Feature",
      "geometry": {
        "type": "Point",
        "coordinates": [
          130.574063,
          31.761407
        ]
      },
      "properties": {
        "NO": "150",
        "共通ID": "E4622500038111",
        "施設・場所名": "中央Ａ地区いきいき交流センター",
        "住所": "鹿児島県姶良市蒲生町上久徳2516",
        "指定緊急避難場所との住所同一": "1",
        "その他市町村長が必要と認める事項": "",
        "受入対象者": "",
        "備考": ""
      }
    },
    {
      "type": "Feature",
      "geometry": {
        "type": "Point",
        "coordinates": [
          130.578786,
          31.762757
        ]
      },
      "properties": {
        "NO": "151",
        "共通ID": "E4622500039111",
        "施設・場所名": "川東地区いきいき交流センター",
        "住所": "鹿児島県姶良市蒲生町上久徳320-2",
        "指定緊急避難場所との住所同一": "1",
        "その他市町村長が必要と認める事項": "",
        "受入対象者": "",
        "備考": ""
      }
    },
    {
      "type": "Feature",
      "geometry": {
        "type": "Point",
        "coordinates": [
          130.558329,
          31.799489
        ]
      },
      "properties": {
        "NO": "152",
        "共通ID": "E4622500040111",
        "施設・場所名": "小川内地区いきいき交流センター",
        "住所": "鹿児島県姶良市蒲生町西浦4187-2",
        "指定緊急避難場所との住所同一": "1",
        "その他市町村長が必要と認める事項": "",
        "受入対象者": "",
        "備考": ""
      }
    },
    {
      "type": "Feature",
      "geometry": {
        "type": "Point",
        "coordinates": [
          130.531789,
          31.800782
        ]
      },
      "properties": {
        "NO": "153",
        "共通ID": "E4622500041111",
        "施設・場所名": "西浦小学校（体育館）",
        "住所": "鹿児島県姶良市蒲生町西浦815",
        "指定緊急避難場所との住所同一": "1",
        "その他市町村長が必要と認める事項": "",
        "受入対象者": "",
        "備考": ""
      }
    },
    {
      "type": "Feature",
      "geometry": {
        "type": "Point",
        "coordinates": [
          130.540845,
          31.771992
        ]
      },
      "properties": {
        "NO": "154",
        "共通ID": "E4622500042111",
        "施設・場所名": "姶良市温泉センター（くすの湯）",
        "住所": "鹿児島県姶良市蒲生町白男1504",
        "指定緊急避難場所との住所同一": "1",
        "その他市町村長が必要と認める事項": "",
        "受入対象者": "",
        "備考": ""
      }
    },
    {
      "type": "Feature",
      "geometry": {
        "type": "Point",
        "coordinates": [
          130.528908,
          31.783661
        ]
      },
      "properties": {
        "NO": "155",
        "共通ID": "E4622500043111",
        "施設・場所名": "新留地区公民館",
        "住所": "鹿児島県姶良市蒲生町白男2834-2",
        "指定緊急避難場所との住所同一": "1",
        "その他市町村長が必要と認める事項": "",
        "受入対象者": "",
        "備考": ""
      }
    },
    {
      "type": "Feature",
      "geometry": {
        "type": "Point",
        "coordinates": [
          130.567732,
          31.76435
        ]
      },
      "properties": {
        "NO": "156",
        "共通ID": "E4622500044111",
        "施設・場所名": "大楠運動公園多目的屋内運動場",
        "住所": "鹿児島県姶良市蒲生町白男293-1",
        "指定緊急避難場所との住所同一": "1",
        "その他市町村長が必要と認める事項": "",
        "受入対象者": "",
        "備考": ""
      }
    },
    {
      "type": "Feature",
      "geometry": {
        "type": "Point",
        "coordinates": [
          130.567153,
          31.760594
        ]
      },
      "properties": {
        "NO": "157",
        "共通ID": "E4622500045111",
        "施設・場所名": "蒲生高齢者福祉センター",
        "住所": "鹿児島県姶良市蒲生町白男347",
        "指定緊急避難場所との住所同一": "1",
        "その他市町村長が必要と認める事項": "",
        "受入対象者": "",
        "備考": ""
      }
    },
    {
      "type": "Feature",
      "geometry": {
        "type": "Point",
        "coordinates": [
          130.504299,
          31.747905
        ]
      },
      "properties": {
        "NO": "158",
        "共通ID": "E4622500046111",
        "施設・場所名": "結いの郷大山館",
        "住所": "鹿児島県姶良市蒲生町白男5548-1",
        "指定緊急避難場所との住所同一": "1",
        "その他市町村長が必要と認める事項": "",
        "受入対象者": "",
        "備考": ""
      }
    },
    {
      "type": "Feature",
      "geometry": {
        "type": "Point",
        "coordinates": [
          130.567132,
          31.780392
        ]
      },
      "properties": {
        "NO": "159",
        "共通ID": "E4622500047111",
        "施設・場所名": "米丸地区いきいき交流センター",
        "住所": "鹿児島県姶良市蒲生町米丸1618-1",
        "指定緊急避難場所との住所同一": "1",
        "その他市町村長が必要と認める事項": "",
        "受入対象者": "",
        "備考": ""
      }
    },
    {
      "type": "Feature",
      "geometry": {
        "type": "Point",
        "coordinates": [
          130.565906,
          31.764705
        ]
      },
      "properties": {
        "NO": "160",
        "共通ID": "E4622500049111",
        "施設・場所名": "蒲生中学校（体育館）",
        "住所": "鹿児島県姶良市蒲生町北10",
        "指定緊急避難場所との住所同一": "1",
        "その他市町村長が必要と認める事項": "",
        "受入対象者": "",
        "備考": ""
      }
    },
    {
      "type": "Feature",
      "geometry": {
        "type": "Point",
        "coordinates": [
          130.564187,
          31.764177
        ]
      },
      "properties": {
        "NO": "161",
        "共通ID": "E4622500051111",
        "施設・場所名": "蒲生体育館",
        "住所": "鹿児島県姶良市蒲生町北24-1",
        "指定緊急避難場所との住所同一": "1",
        "その他市町村長が必要と認める事項": "",
        "受入対象者": "",
        "備考": ""
      }
    },
    {
      "type": "Feature",
      "geometry": {
        "type": "Point",
        "coordinates": [
          130.60255,
          31.758988
        ]
      },
      "properties": {
        "NO": "162",
        "共通ID": "E4622500054111",
        "施設・場所名": "三叉コミュニティセンター",
        "住所": "鹿児島県姶良市寺師818-3",
        "指定緊急避難場所との住所同一": "1",
        "その他市町村長が必要と認める事項": "",
        "受入対象者": "",
        "備考": ""
      }
    },
    {
      "type": "Feature",
      "geometry": {
        "type": "Point",
        "coordinates": [
          130.670327,
          31.762411
        ]
      },
      "properties": {
        "NO": "163",
        "共通ID": "E4622500055111",
        "施設・場所名": "龍門陶芸・健康の里（陶夢ランド）",
        "住所": "鹿児島県姶良市小山田1583-1",
        "指定緊急避難場所との住所同一": "",
        "その他市町村長が必要と認める事項": "",
        "受入対象者": "",
        "備考": ""
      }
    },
    {
      "type": "Feature",
      "geometry": {
        "type": "Point",
        "coordinates": [
          130.628474,
          31.719452
        ]
      },
      "properties": {
        "NO": "164",
        "共通ID": "E4622500056111",
        "施設・場所名": "松原地区公民館",
        "住所": "鹿児島県姶良市松原町1-16-2",
        "指定緊急避難場所との住所同一": "1",
        "その他市町村長が必要と認める事項": "",
        "受入対象者": "",
        "備考": ""
      }
    },
    {
      "type": "Feature",
      "geometry": {
        "type": "Point",
        "coordinates": [
          130.630646,
          31.719566
        ]
      },
      "properties": {
        "NO": "165",
        "共通ID": "E4622500058111",
        "施設・場所名": "松原なぎさ小学校",
        "住所": "鹿児島県姶良市松原町1-23-1",
        "指定緊急避難場所との住所同一": "1",
        "その他市町村長が必要と認める事項": "",
        "受入対象者": "",
        "備考": ""
      }
    },
    {
      "type": "Feature",
      "geometry": {
        "type": "Point",
        "coordinates": [
          130.624185,
          31.782486
        ]
      },
      "properties": {
        "NO": "166",
        "共通ID": "E4622500061111",
        "施設・場所名": "上名地区農村振興センター",
        "住所": "鹿児島県姶良市上名2683-2",
        "指定緊急避難場所との住所同一": "1",
        "その他市町村長が必要と認める事項": "",
        "受入対象者": "",
        "備考": ""
      }
    },
    {
      "type": "Feature",
      "geometry": {
        "type": "Point",
        "coordinates": [
          130.620758,
          31.783387
        ]
      },
      "properties": {
        "NO": "167",
        "共通ID": "E4622500062111",
        "施設・場所名": "上名村づくり活性センター",
        "住所": "鹿児島県姶良市上名303-5",
        "指定緊急避難場所との住所同一": "1",
        "その他市町村長が必要と認める事項": "",
        "受入対象者": "",
        "備考": ""
      }
    },
    {
      "type": "Feature",
      "geometry": {
        "type": "Point",
        "coordinates": [
          130.603764,
          31.728209
        ]
      },
      "properties": {
        "NO": "168",
        "共通ID": "E4622500064111",
        "施設・場所名": "西姶良小学校（体育館）",
        "住所": "鹿児島県姶良市西姶良1-37-1",
        "指定緊急避難場所との住所同一": "1",
        "その他市町村長が必要と認める事項": "",
        "受入対象者": "",
        "備考": ""
      }
    },
    {
      "type": "Feature",
      "geometry": {
        "type": "Point",
        "coordinates": [
          130.621826,
          31.73248
        ]
      },
      "properties": {
        "NO": "169",
        "共通ID": "E4622500068111",
        "施設・場所名": "県立姶良高等技術専門校",
        "住所": "鹿児島県姶良市西餅田1120",
        "指定緊急避難場所との住所同一": "1",
        "その他市町村長が必要と認める事項": "",
        "受入対象者": "",
        "備考": ""
      }
    },
    {
      "type": "Feature",
      "geometry": {
        "type": "Point",
        "coordinates": [
          130.62452,
          31.739992
        ]
      },
      "properties": {
        "NO": "170",
        "共通ID": "E4622500069111",
        "施設・場所名": "帖佐中学校（体育館）",
        "住所": "鹿児島県姶良市西餅田1586",
        "指定緊急避難場所との住所同一": "1",
        "その他市町村長が必要と認める事項": "",
        "受入対象者": "",
        "備考": ""
      }
    },
    {
      "type": "Feature",
      "geometry": {
        "type": "Point",
        "coordinates": [
          130.619104,
          31.723648
        ]
      },
      "properties": {
        "NO": "171",
        "共通ID": "E4622500073111",
        "施設・場所名": "姶良小学校（体育館）",
        "住所": "鹿児島県姶良市西餅田2726",
        "指定緊急避難場所との住所同一": "1",
        "その他市町村長が必要と認める事項": "",
        "受入対象者": "",
        "備考": ""
      }
    },
    {
      "type": "Feature",
      "geometry": {
        "type": "Point",
        "coordinates": [
          130.620728,
          31.717394
        ]
      },
      "properties": {
        "NO": "172",
        "共通ID": "E4622500074111",
        "施設・場所名": "姶良高齢者福祉センター",
        "住所": "鹿児島県姶良市西餅田3311",
        "指定緊急避難場所との住所同一": "1",
        "その他市町村長が必要と認める事項": "",
        "受入対象者": "",
        "備考": ""
      }
    },
    {
      "type": "Feature",
      "geometry": {
        "type": "Point",
        "coordinates": [
          130.621139,
          31.716914
        ]
      },
      "properties": {
        "NO": "173",
        "共通ID": "E4622500075111",
        "施設・場所名": "働く女性の家",
        "住所": "鹿児島県姶良市西餅田3311-1",
        "指定緊急避難場所との住所同一": "1",
        "その他市町村長が必要と認める事項": "",
        "受入対象者": "",
        "備考": ""
      }
    },
    {
      "type": "Feature",
      "geometry": {
        "type": "Point",
        "coordinates": [
          130.625577,
          31.727577
        ]
      },
      "properties": {
        "NO": "174",
        "共通ID": "E4622500076111",
        "施設・場所名": "中央図書館",
        "住所": "鹿児島県姶良市西餅田489-3",
        "指定緊急避難場所との住所同一": "1",
        "その他市町村長が必要と認める事項": "",
        "受入対象者": "",
        "備考": ""
      }
    },
    {
      "type": "Feature",
      "geometry": {
        "type": "Point",
        "coordinates": [
          130.630374,
          31.731523
        ]
      },
      "properties": {
        "NO": "175",
        "共通ID": "E4622500077111",
        "施設・場所名": "姶良公民館",
        "住所": "鹿児島県姶良市西餅田589",
        "指定緊急避難場所との住所同一": "1",
        "その他市町村長が必要と認める事項": "",
        "受入対象者": "",
        "備考": ""
      }
    },
    {
      "type": "Feature",
      "geometry": {
        "type": "Point",
        "coordinates": [
          130.600442,
          31.754652
        ]
      },
      "properties": {
        "NO": "176",
        "共通ID": "E4622500079111",
        "施設・場所名": "三船小学校（体育館）",
        "住所": "鹿児島県姶良市増田399",
        "指定緊急避難場所との住所同一": "1",
        "その他市町村長が必要と認める事項": "",
        "受入対象者": "",
        "備考": ""
      }
    },
    {
      "type": "Feature",
      "geometry": {
        "type": "Point",
        "coordinates": [
          130.630892,
          31.727237
        ]
      },
      "properties": {
        "NO": "177",
        "共通ID": "E4622500082111",
        "施設・場所名": "建昌小学校（体育館）",
        "住所": "鹿児島県姶良市東餅田2405",
        "指定緊急避難場所との住所同一": "1",
        "その他市町村長が必要と認める事項": "",
        "受入対象者": "",
        "備考": ""
      }
    },
    {
      "type": "Feature",
      "geometry": {
        "type": "Point",
        "coordinates": [
          130.628331,
          31.743355
        ]
      },
      "properties": {
        "NO": "178",
        "共通ID": "E4622500083111",
        "施設・場所名": "帖佐小学校（体育館）",
        "住所": "鹿児島県姶良市鍋倉663",
        "指定緊急避難場所との住所同一": "1",
        "その他市町村長が必要と認める事項": "",
        "受入対象者": "",
        "備考": ""
      }
    },
    {
      "type": "Feature",
      "geometry": {
        "type": "Point",
        "coordinates": [
          130.602284,
          31.724897
        ]
      },
      "properties": {
        "NO": "179",
        "共通ID": "E4622500084111",
        "施設・場所名": "姶良市総合運動公園（体育館）",
        "住所": "鹿児島県姶良市平松2392",
        "指定緊急避難場所との住所同一": "1",
        "その他市町村長が必要と認める事項": "",
        "受入対象者": "",
        "備考": ""
      }
    },
    {
      "type": "Feature",
      "geometry": {
        "type": "Point",
        "coordinates": [
          130.608431,
          31.712348
        ]
      },
      "properties": {
        "NO": "180",
        "共通ID": "E4622500090111",
        "施設・場所名": "重富地区公民館",
        "住所": "鹿児島県姶良市平松6252",
        "指定緊急避難場所との住所同一": "1",
        "その他市町村長が必要と認める事項": "",
        "受入対象者": "",
        "備考": ""
      }
    },
    {
      "type": "Feature",
      "geometry": {
        "type": "Point",
        "coordinates": [
          130.616574,
          31.713143
        ]
      },
      "properties": {
        "NO": "181",
        "共通ID": "E4622500091111",
        "施設・場所名": "重富中学校（体育館）",
        "住所": "鹿児島県姶良市平松7092",
        "指定緊急避難場所との住所同一": "1",
        "その他市町村長が必要と認める事項": "",
        "受入対象者": "",
        "備考": ""
      }
    },
    {
      "type": "Feature",
      "geometry": {
        "type": "Point",
        "coordinates": [
          130.601895,
          31.858917
        ]
      },
      "properties": {
        "NO": "182",
        "共通ID": "E4622500092111",
        "施設・場所名": "えぼし館",
        "住所": "鹿児島県姶良市北山2659-1",
        "指定緊急避難場所との住所同一": "1",
        "その他市町村長が必要と認める事項": "",
        "受入対象者": "",
        "備考": ""
      }
    },
    {
      "type": "Feature",
      "geometry": {
        "type": "Point",
        "coordinates": [
          130.600855,
          31.821866
        ]
      },
      "properties": {
        "NO": "183",
        "共通ID": "E4622500093111",
        "施設・場所名": "北山小学校（体育館）",
        "住所": "鹿児島県姶良市北山3783",
        "指定緊急避難場所との住所同一": "1",
        "その他市町村長が必要と認める事項": "",
        "受入対象者": "",
        "備考": ""
      }
    },
    {
      "type": "Feature",
      "geometry": {
        "type": "Point",
        "coordinates": [
          130.599957,
          31.820414
        ]
      },
      "properties": {
        "NO": "184",
        "共通ID": "E4622500094111",
        "施設・場所名": "姶良生活改善センター",
        "住所": "鹿児島県姶良市北山849-3",
        "指定緊急避難場所との住所同一": "1",
        "その他市町村長が必要と認める事項": "",
        "受入対象者": "",
        "備考": ""
      }
    },
    {
      "type": "Feature",
      "geometry": {
        "type": "Point",
        "coordinates": [
          130.600197,
          31.821638
        ]
      },
      "properties": {
        "NO": "185",
        "共通ID": "E4622500095111",
        "施設・場所名": "郷土芸能等伝承館",
        "住所": "鹿児島県姶良市北山852-1",
        "指定緊急避難場所との住所同一": "1",
        "その他市町村長が必要と認める事項": "",
        "受入対象者": "",
        "備考": ""
      }
    },
    {
      "type": "Feature",
      "geometry": {
        "type": "Point",
        "coordinates": [
          130.582189,
          31.821093
        ]
      },
      "properties": {
        "NO": "186",
        "共通ID": "E4622500096111",
        "施設・場所名": "木津志出張所",
        "住所": "鹿児島県姶良市木津志1844-2",
        "指定緊急避難場所との住所同一": "1",
        "その他市町村長が必要と認める事項": "",
        "受入対象者": "",
        "備考": ""
      }
    },
    {
      "type": "Feature",
      "geometry": {
        "type": "Point",
        "coordinates": [
          130.612628,
          31.703154
        ]
      },
      "properties": {
        "NO": "187",
        "共通ID": "E4622500097111",
        "施設・場所名": "脇元地区公民館",
        "住所": "鹿児島県姶良市脇元158",
        "指定緊急避難場所との住所同一": "1",
        "その他市町村長が必要と認める事項": "",
        "受入対象者": "",
        "備考": ""
      }
    },
    {
      "type": "Feature",
      "geometry": {
        "type": "Point",
        "coordinates": [
          130.595484,
          32.023347
        ]
      },
      "properties": {
        "NO": "188",
        "共通ID": "E4622400001111",
        "施設・場所名": "伊佐市総合交流拠点施設",
        "住所": "鹿児島県伊佐市大口下殿1678-10",
        "指定緊急避難場所との住所同一": "1",
        "その他市町村長が必要と認める事項": null,
        "受入対象者": null,
        "備考": ""
      }
    },
    {
      "type": "Feature",
      "geometry": {
        "type": "Point",
        "coordinates": [
          130.59296,
          32.043524
        ]
      },
      "properties": {
        "NO": "189",
        "共通ID": "E4622400003111",
        "施設・場所名": "羽月地区公民館",
        "住所": "鹿児島県伊佐市大口下殿556",
        "指定緊急避難場所との住所同一": "",
        "その他市町村長が必要と認める事項": null,
        "受入対象者": null,
        "備考": ""
      }
    },
    {
      "type": "Feature",
      "geometry": {
        "type": "Point",
        "coordinates": [
          130.596586,
          32.166161
        ]
      },
      "properties": {
        "NO": "190",
        "共通ID": "E4622400005111",
        "施設・場所名": "布計地区多目的集会施設",
        "住所": "鹿児島県伊佐市大口山野3195-1",
        "指定緊急避難場所との住所同一": "1",
        "その他市町村長が必要と認める事項": null,
        "受入対象者": null,
        "備考": ""
      }
    },
    {
      "type": "Feature",
      "geometry": {
        "type": "Point",
        "coordinates": [
          130.576098,
          32.100893
        ]
      },
      "properties": {
        "NO": "191",
        "共通ID": "E4622400007111",
        "施設・場所名": "山野基幹集落センター",
        "住所": "鹿児島県伊佐市大口山野5156",
        "指定緊急避難場所との住所同一": "",
        "その他市町村長が必要と認める事項": null,
        "受入対象者": null,
        "備考": ""
      }
    },
    {
      "type": "Feature",
      "geometry": {
        "type": "Point",
        "coordinates": [
          130.511291,
          32.13343
        ]
      },
      "properties": {
        "NO": "192",
        "共通ID": "E4622400008111",
        "施設・場所名": "山野西文化交流館",
        "住所": "鹿児島県伊佐市大口小川内573-99",
        "指定緊急避難場所との住所同一": "1",
        "その他市町村長が必要と認める事項": null,
        "受入対象者": null,
        "備考": ""
      }
    },
    {
      "type": "Feature",
      "geometry": {
        "type": "Point",
        "coordinates": [
          130.603907,
          32.108111
        ]
      },
      "properties": {
        "NO": "193",
        "共通ID": "E4622400009111",
        "施設・場所名": "十曽フレンドハウス",
        "住所": "鹿児島県伊佐市大口小木原688",
        "指定緊急避難場所との住所同一": "",
        "その他市町村長が必要と認める事項": null,
        "受入対象者": null,
        "備考": ""
      }
    },
    {
      "type": "Feature",
      "geometry": {
        "type": "Point",
        "coordinates": [
          130.580886,
          31.98211
        ]
      },
      "properties": {
        "NO": "194",
        "共通ID": "E4622400010111",
        "施設・場所名": "針持青少年センター",
        "住所": "鹿児島県伊佐市大口針持4275-2",
        "指定緊急避難場所との住所同一": "1",
        "その他市町村長が必要と認める事項": null,
        "受入対象者": null,
        "備考": ""
      }
    },
    {
      "type": "Feature",
      "geometry": {
        "type": "Point",
        "coordinates": [
          130.600791,
          32.004953
        ]
      },
      "properties": {
        "NO": "195",
        "共通ID": "E4622400011111",
        "施設・場所名": "曽木小学校体育館",
        "住所": "鹿児島県伊佐市大口曽木1753",
        "指定緊急避難場所との住所同一": "1",
        "その他市町村長が必要と認める事項": null,
        "受入対象者": null,
        "備考": ""
      }
    },
    {
      "type": "Feature",
      "geometry": {
        "type": "Point",
        "coordinates": [
          130.541308,
          32.030063
        ]
      },
      "properties": {
        "NO": "196",
        "共通ID": "E4622400013111",
        "施設・場所名": "羽月西青少年センター",
        "住所": "鹿児島県伊佐市大口田代277-10",
        "指定緊急避難場所との住所同一": "",
        "その他市町村長が必要と認める事項": null,
        "受入対象者": null,
        "備考": ""
      }
    },
    {
      "type": "Feature",
      "geometry": {
        "type": "Point",
        "coordinates": [
          130.527586,
          32.060905
        ]
      },
      "properties": {
        "NO": "197",
        "共通ID": "E4622400015111",
        "施設・場所名": "旧羽月北小学校体育館",
        "住所": "鹿児島県伊佐市大口白木1354-37",
        "指定緊急避難場所との住所同一": "1",
        "その他市町村長が必要と認める事項": null,
        "受入対象者": null,
        "備考": ""
      }
    },
    {
      "type": "Feature",
      "geometry": {
        "type": "Point",
        "coordinates": [
          130.56184,
          32.083805
        ]
      },
      "properties": {
        "NO": "198",
        "共通ID": "E4622400016111",
        "施設・場所名": "平出水「いなほ館」",
        "住所": "鹿児島県伊佐市大口平出水1632-1",
        "指定緊急避難場所との住所同一": "",
        "その他市町村長が必要と認める事項": null,
        "受入対象者": null,
        "備考": ""
      }
    },
    {
      "type": "Feature",
      "geometry": {
        "type": "Point",
        "coordinates": [
          130.611356,
          32.085502
        ]
      },
      "properties": {
        "NO": "199",
        "共通ID": "E4622400018111",
        "施設・場所名": "大口温泉高熊荘",
        "住所": "鹿児島県伊佐市大口木ノ氏1278-12",
        "指定緊急避難場所との住所同一": "",
        "その他市町村長が必要と認める事項": null,
        "受入対象者": null,
        "備考": ""
      }
    },
    {
      "type": "Feature",
      "geometry": {
        "type": "Point",
        "coordinates": [
          130.63237,
          32.059905
        ]
      },
      "properties": {
        "NO": "200",
        "共通ID": "E4622400019111",
        "施設・場所名": "大口東小学校体育館",
        "住所": "鹿児島県伊佐市大口目丸1286-2",
        "指定緊急避難場所との住所同一": "1",
        "その他市町村長が必要と認める事項": null,
        "受入対象者": null,
        "備考": ""
      }
    },
    {
      "type": "Feature",
      "geometry": {
        "type": "Point",
        "coordinates": [
          130.610095,
          32.06179
        ]
      },
      "properties": {
        "NO": "201",
        "共通ID": "E4622400022111",
        "施設・場所名": "大口元気こころ館",
        "住所": "鹿児島県伊佐市大口里3054-1",
        "指定緊急避難場所との住所同一": "",
        "その他市町村長が必要と認める事項": null,
        "受入対象者": null,
        "備考": ""
      }
    },
    {
      "type": "Feature",
      "geometry": {
        "type": "Point",
        "coordinates": [
          130.63805,
          32.03746
        ]
      },
      "properties": {
        "NO": "202",
        "共通ID": "E4622400023111",
        "施設・場所名": "田中ふるさと館",
        "住所": "鹿児島県伊佐市菱刈重留1214",
        "指定緊急避難場所との住所同一": "",
        "その他市町村長が必要と認める事項": null,
        "受入対象者": null,
        "備考": ""
      }
    },
    {
      "type": "Feature",
      "geometry": {
        "type": "Point",
        "coordinates": [
          130.660447,
          31.984968
        ]
      },
      "properties": {
        "NO": "203",
        "共通ID": "E4622400024111",
        "施設・場所名": "湯之尾校区公民館",
        "住所": "鹿児島県伊佐市菱刈川北2148",
        "指定緊急避難場所との住所同一": "",
        "その他市町村長が必要と認める事項": null,
        "受入対象者": null,
        "備考": ""
      }
    },
    {
      "type": "Feature",
      "geometry": {
        "type": "Point",
        "coordinates": [
          130.641208,
          32.013128
        ]
      },
      "properties": {
        "NO": "204",
        "共通ID": "E4622400027111",
        "施設・場所名": "ふるさといきがいセンター",
        "住所": "鹿児島県伊佐市菱刈前目2019-1",
        "指定緊急避難場所との住所同一": "",
        "その他市町村長が必要と認める事項": null,
        "受入対象者": null,
        "備考": ""
      }
    },
    {
      "type": "Feature",
      "geometry": {
        "type": "Point",
        "coordinates": [
          130.658684,
          32.000295
        ]
      },
      "properties": {
        "NO": "205",
        "共通ID": "E4622400029111",
        "施設・場所名": "菱刈人権文化センター",
        "住所": "鹿児島県伊佐市菱刈前目3133",
        "指定緊急避難場所との住所同一": "",
        "その他市町村長が必要と認める事項": null,
        "受入対象者": null,
        "備考": ""
      }
    },
    {
      "type": "Feature",
      "geometry": {
        "type": "Point",
        "coordinates": [
          130.6783,
          32.00988
        ]
      },
      "properties": {
        "NO": "206",
        "共通ID": "E4622400030111",
        "施設・場所名": "菱刈ひまわり館",
        "住所": "鹿児島県伊佐市菱刈前目3650-34",
        "指定緊急避難場所との住所同一": "",
        "その他市町村長が必要と認める事項": null,
        "受入対象者": null,
        "備考": ""
      }
    },
    {
      "type": "Feature",
      "geometry": {
        "type": "Point",
        "coordinates": [
          130.683801,
          32.026047
        ]
      },
      "properties": {
        "NO": "207",
        "共通ID": "E4622400031111",
        "施設・場所名": "新川地区集落センター",
        "住所": "鹿児島県伊佐市菱刈前目3903-133",
        "指定緊急避難場所との住所同一": "",
        "その他市町村長が必要と認める事項": null,
        "受入対象者": null,
        "備考": ""
      }
    },
    {
      "type": "Feature",
      "geometry": {
        "type": "Point",
        "coordinates": [
          130.638064,
          32.012252
        ]
      },
      "properties": {
        "NO": "208",
        "共通ID": "E4622400032111",
        "施設・場所名": "まごし館",
        "住所": "鹿児島県伊佐市菱刈前目711-1",
        "指定緊急避難場所との住所同一": "",
        "その他市町村長が必要と認める事項": null,
        "受入対象者": null,
        "備考": ""
      }
    },
    {
      "type": "Feature",
      "geometry": {
        "type": "Point",
        "coordinates": [
          130.65991,
          31.949512
        ]
      },
      "properties": {
        "NO": "209",
        "共通ID": "E4622400034111",
        "施設・場所名": "南永小学校体育館",
        "住所": "鹿児島県伊佐市菱刈南浦1002-5",
        "指定緊急避難場所との住所同一": "1",
        "その他市町村長が必要と認める事項": null,
        "受入対象者": null,
        "備考": ""
      }
    },
    {
      "type": "Feature",
      "geometry": {
        "type": "Point",
        "coordinates": [
          130.632044,
          31.988791
        ]
      },
      "properties": {
        "NO": "210",
        "共通ID": "E4622400036111",
        "施設・場所名": "本城校区集会施設",
        "住所": "鹿児島県伊佐市菱刈南浦3470-1",
        "指定緊急避難場所との住所同一": "",
        "その他市町村長が必要と認める事項": null,
        "受入対象者": null,
        "備考": ""
      }
    },
    {
      "type": "Feature",
      "geometry": {
        "type": "Point",
        "coordinates": [
          128.926253,
          27.709121
        ]
      },
      "properties": {
        "NO": "211",
        "共通ID": "E4653200002111",
        "施設・場所名": "保健福祉館",
        "住所": "鹿児島県伊仙町阿権1542-1",
        "指定緊急避難場所との住所同一": "1",
        "その他市町村長が必要と認める事項": null,
        "受入対象者": null,
        "備考": ""
      }
    },
    {
      "type": "Feature",
      "geometry": {
        "type": "Point",
        "coordinates": [
          128.926359,
          27.708889
        ]
      },
      "properties": {
        "NO": "212",
        "共通ID": "E4653200003111",
        "施設・場所名": "阿権小学校",
        "住所": "鹿児島県伊仙町阿権1562",
        "指定緊急避難場所との住所同一": "1",
        "その他市町村長が必要と認める事項": null,
        "受入対象者": null,
        "備考": ""
      }
    },
    {
      "type": "Feature",
      "geometry": {
        "type": "Point",
        "coordinates": [
          128.930175,
          27.688103
        ]
      },
      "properties": {
        "NO": "213",
        "共通ID": "E4653200004111",
        "施設・場所名": "生活館",
        "住所": "鹿児島県伊仙町阿三1168-2",
        "指定緊急避難場所との住所同一": "1",
        "その他市町村長が必要と認める事項": null,
        "受入対象者": null,
        "備考": ""
      }
    },
    {
      "type": "Feature",
      "geometry": {
        "type": "Point",
        "coordinates": [
          128.93003,
          27.69527
        ]
      },
      "properties": {
        "NO": "214",
        "共通ID": "E4653200005111",
        "施設・場所名": "生活館",
        "住所": "鹿児島県伊仙町阿三2056",
        "指定緊急避難場所との住所同一": "1",
        "その他市町村長が必要と認める事項": null,
        "受入対象者": null,
        "備考": ""
      }
    },
    {
      "type": "Feature",
      "geometry": {
        "type": "Point",
        "coordinates": [
          128.919781,
          27.691113
        ]
      },
      "properties": {
        "NO": "215",
        "共通ID": "E4653200006111",
        "施設・場所名": "鹿浦小学校",
        "住所": "鹿児島県伊仙町阿三2206-5",
        "指定緊急避難場所との住所同一": "1",
        "その他市町村長が必要と認める事項": null,
        "受入対象者": null,
        "備考": ""
      }
    },
    {
      "type": "Feature",
      "geometry": {
        "type": "Point",
        "coordinates": [
          128.941408,
          27.669922
        ]
      },
      "properties": {
        "NO": "216",
        "共通ID": "E4653200007111",
        "施設・場所名": "営農センター",
        "住所": "鹿児島県伊仙町伊仙1237-2",
        "指定緊急避難場所との住所同一": "1",
        "その他市町村長が必要と認める事項": null,
        "受入対象者": null,
        "備考": ""
      }
    },
    {
      "type": "Feature",
      "geometry": {
        "type": "Point",
        "coordinates": [
          128.937319,
          27.67365
        ]
      },
      "properties": {
        "NO": "217",
        "共通ID": "E4653200008111",
        "施設・場所名": "中央公民館",
        "住所": "鹿児島県伊仙町伊仙1842",
        "指定緊急避難場所との住所同一": "1",
        "その他市町村長が必要と認める事項": null,
        "受入対象者": null,
        "備考": ""
      }
    },
    {
      "type": "Feature",
      "geometry": {
        "type": "Point",
        "coordinates": [
          128.936482,
          27.673255
        ]
      },
      "properties": {
        "NO": "218",
        "共通ID": "E4653200009111",
        "施設・場所名": "伊仙小学校",
        "住所": "鹿児島県伊仙町伊仙2085",
        "指定緊急避難場所との住所同一": "1",
        "その他市町村長が必要と認める事項": null,
        "受入対象者": null,
        "備考": ""
      }
    },
    {
      "type": "Feature",
      "geometry": {
        "type": "Point",
        "coordinates": [
          128.938658,
          27.676439
        ]
      },
      "properties": {
        "NO": "219",
        "共通ID": "E4653200046121",
        "施設・場所名": "徳之島老人ホーム",
        "住所": "鹿児島県伊仙町伊仙2123",
        "指定緊急避難場所との住所同一": "",
        "その他市町村長が必要と認める事項": null,
        "受入対象者": null,
        "備考": ""
      }
    },
    {
      "type": "Feature",
      "geometry": {
        "type": "Point",
        "coordinates": [
          128.934602,
          27.672267
        ]
      },
      "properties": {
        "NO": "220",
        "共通ID": "E4653200045121",
        "施設・場所名": "仙寿の里",
        "住所": "鹿児島県伊仙町伊仙2571",
        "指定緊急避難場所との住所同一": "",
        "その他市町村長が必要と認める事項": null,
        "受入対象者": null,
        "備考": ""
      }
    },
    {
      "type": "Feature",
      "geometry": {
        "type": "Point",
        "coordinates": [
          128.935177,
          27.673501
        ]
      },
      "properties": {
        "NO": "221",
        "共通ID": "E4653200010111",
        "施設・場所名": "ほーらい館",
        "住所": "鹿児島県伊仙町伊仙2575-2",
        "指定緊急避難場所との住所同一": "1",
        "その他市町村長が必要と認める事項": null,
        "受入対象者": null,
        "備考": ""
      }
    },
    {
      "type": "Feature",
      "geometry": {
        "type": "Point",
        "coordinates": [
          128.933822,
          27.675935
        ]
      },
      "properties": {
        "NO": "222",
        "共通ID": "E4653200011111",
        "施設・場所名": "伊仙中学校",
        "住所": "鹿児島県伊仙町伊仙2635",
        "指定緊急避難場所との住所同一": "1",
        "その他市町村長が必要と認める事項": null,
        "受入対象者": null,
        "備考": ""
      }
    },
    {
      "type": "Feature",
      "geometry": {
        "type": "Point",
        "coordinates": [
          128.933248,
          27.673109
        ]
      },
      "properties": {
        "NO": "223",
        "共通ID": "E4653200012111",
        "施設・場所名": "未来館",
        "住所": "鹿児島県伊仙町伊仙2712",
        "指定緊急避難場所との住所同一": "1",
        "その他市町村長が必要と認める事項": null,
        "受入対象者": null,
        "備考": ""
      }
    },
    {
      "type": "Feature",
      "geometry": {
        "type": "Point",
        "coordinates": [
          128.942451,
          27.688436
        ]
      },
      "properties": {
        "NO": "224",
        "共通ID": "E4653200013111",
        "施設・場所名": "総合体育館",
        "住所": "鹿児島県伊仙町伊仙3071",
        "指定緊急避難場所との住所同一": "",
        "その他市町村長が必要と認める事項": null,
        "受入対象者": null,
        "備考": ""
      }
    },
    {
      "type": "Feature",
      "geometry": {
        "type": "Point",
        "coordinates": [
          128.930594,
          27.678803
        ]
      },
      "properties": {
        "NO": "225",
        "共通ID": "E4653200014111",
        "施設・場所名": "公民館",
        "住所": "鹿児島県伊仙町伊仙3508",
        "指定緊急避難場所との住所同一": "1",
        "その他市町村長が必要と認める事項": null,
        "受入対象者": null,
        "備考": ""
      }
    },
    {
      "type": "Feature",
      "geometry": {
        "type": "Point",
        "coordinates": [
          128.916467,
          27.711196
        ]
      },
      "properties": {
        "NO": "226",
        "共通ID": "E4653200016111",
        "施設・場所名": "生活館",
        "住所": "鹿児島県伊仙町伊仙町木之香562-1",
        "指定緊急避難場所との住所同一": "",
        "その他市町村長が必要と認める事項": null,
        "受入対象者": null,
        "備考": ""
      }
    },
    {
      "type": "Feature",
      "geometry": {
        "type": "Point",
        "coordinates": [
          128.992363,
          27.685025
        ]
      },
      "properties": {
        "NO": "227",
        "共通ID": "E4653200017111",
        "施設・場所名": "生活館",
        "住所": "鹿児島県伊仙町喜念34-1",
        "指定緊急避難場所との住所同一": "1",
        "その他市町村長が必要と認める事項": null,
        "受入対象者": null,
        "備考": ""
      }
    },
    {
      "type": "Feature",
      "geometry": {
        "type": "Point",
        "coordinates": [
          128.892201,
          27.713396
        ]
      },
      "properties": {
        "NO": "228",
        "共通ID": "E4653200018111",
        "施設・場所名": "生活館",
        "住所": "鹿児島県伊仙町犬田布1503",
        "指定緊急避難場所との住所同一": "1",
        "その他市町村長が必要と認める事項": null,
        "受入対象者": null,
        "備考": ""
      }
    },
    {
      "type": "Feature",
      "geometry": {
        "type": "Point",
        "coordinates": [
          128.908383,
          27.713187
        ]
      },
      "properties": {
        "NO": "229",
        "共通ID": "E4653200019111",
        "施設・場所名": "犬田布小学校",
        "住所": "鹿児島県伊仙町犬田布271",
        "指定緊急避難場所との住所同一": "1",
        "その他市町村長が必要と認める事項": null,
        "受入対象者": null,
        "備考": ""
      }
    },
    {
      "type": "Feature",
      "geometry": {
        "type": "Point",
        "coordinates": [
          128.908813,
          27.714541
        ]
      },
      "properties": {
        "NO": "230",
        "共通ID": "E4653200020111",
        "施設・場所名": "集会所",
        "住所": "鹿児島県伊仙町犬田布286-1",
        "指定緊急避難場所との住所同一": "1",
        "その他市町村長が必要と認める事項": null,
        "受入対象者": null,
        "備考": ""
      }
    },
    {
      "type": "Feature",
      "geometry": {
        "type": "Point",
        "coordinates": [
          128.909053,
          27.711689
        ]
      },
      "properties": {
        "NO": "231",
        "共通ID": "E4653200021111",
        "施設・場所名": "犬田布中学校",
        "住所": "鹿児島県伊仙町犬田布327",
        "指定緊急避難場所との住所同一": "1",
        "その他市町村長が必要と認める事項": null,
        "受入対象者": null,
        "備考": ""
      }
    },
    {
      "type": "Feature",
      "geometry": {
        "type": "Point",
        "coordinates": [
          128.909677,
          27.716214
        ]
      },
      "properties": {
        "NO": "232",
        "共通ID": "E4653200023111",
        "施設・場所名": "西公民館",
        "住所": "鹿児島県伊仙町犬田布778",
        "指定緊急避難場所との住所同一": "1",
        "その他市町村長が必要と認める事項": null,
        "受入対象者": null,
        "備考": ""
      }
    },
    {
      "type": "Feature",
      "geometry": {
        "type": "Point",
        "coordinates": [
          128.962313,
          27.670686
        ]
      },
      "properties": {
        "NO": "233",
        "共通ID": "E4653200024111",
        "施設・場所名": "生活館",
        "住所": "鹿児島県伊仙町古里203",
        "指定緊急避難場所との住所同一": "1",
        "その他市町村長が必要と認める事項": null,
        "受入対象者": null,
        "備考": ""
      }
    },
    {
      "type": "Feature",
      "geometry": {
        "type": "Point",
        "coordinates": [
          128.987689,
          27.681406
        ]
      },
      "properties": {
        "NO": "234",
        "共通ID": "E4653200026111",
        "施設・場所名": "営農センター",
        "住所": "鹿児島県伊仙町佐弁40-7",
        "指定緊急避難場所との住所同一": "1",
        "その他市町村長が必要と認める事項": null,
        "受入対象者": null,
        "備考": ""
      }
    },
    {
      "type": "Feature",
      "geometry": {
        "type": "Point",
        "coordinates": [
          128.904501,
          27.724033
        ]
      },
      "properties": {
        "NO": "235",
        "共通ID": "E4653200027111",
        "施設・場所名": "青少年会館",
        "住所": "鹿児島県伊仙町崎原1254-3",
        "指定緊急避難場所との住所同一": "1",
        "その他市町村長が必要と認める事項": null,
        "受入対象者": null,
        "備考": ""
      }
    },
    {
      "type": "Feature",
      "geometry": {
        "type": "Point",
        "coordinates": [
          128.915498,
          27.727386
        ]
      },
      "properties": {
        "NO": "236",
        "共通ID": "E4653200028111",
        "施設・場所名": "営農センター",
        "住所": "鹿児島県伊仙町崎原126",
        "指定緊急避難場所との住所同一": "1",
        "その他市町村長が必要と認める事項": null,
        "受入対象者": null,
        "備考": ""
      }
    },
    {
      "type": "Feature",
      "geometry": {
        "type": "Point",
        "coordinates": [
          128.923773,
          27.733153
        ]
      },
      "properties": {
        "NO": "237",
        "共通ID": "E4653200030111",
        "施設・場所名": "糸木名小学校",
        "住所": "鹿児島県伊仙町糸木名722",
        "指定緊急避難場所との住所同一": "1",
        "その他市町村長が必要と認める事項": null,
        "受入対象者": null,
        "備考": ""
      }
    },
    {
      "type": "Feature",
      "geometry": {
        "type": "Point",
        "coordinates": [
          128.925176,
          27.72463
        ]
      },
      "properties": {
        "NO": "238",
        "共通ID": "E4653200031112",
        "施設・場所名": "生活館",
        "住所": "鹿児島県伊仙町糸木名845-3",
        "指定緊急避難場所との住所同一": "1",
        "その他市町村長が必要と認める事項": null,
        "受入対象者": null,
        "備考": ""
      }
    },
    {
      "type": "Feature",
      "geometry": {
        "type": "Point",
        "coordinates": [
          128.922562,
          27.734439
        ]
      },
      "properties": {
        "NO": "239",
        "共通ID": "E4653200031111",
        "施設・場所名": "保健福祉館",
        "住所": "鹿児島県伊仙町糸木名845-3",
        "指定緊急避難場所との住所同一": "1",
        "その他市町村長が必要と認める事項": null,
        "受入対象者": null,
        "備考": ""
      }
    },
    {
      "type": "Feature",
      "geometry": {
        "type": "Point",
        "coordinates": [
          128.909709,
          27.743136
        ]
      },
      "properties": {
        "NO": "240",
        "共通ID": "E4653200032111",
        "施設・場所名": "青少年会館",
        "住所": "鹿児島県伊仙町小島637-2",
        "指定緊急避難場所との住所同一": "1",
        "その他市町村長が必要と認める事項": null,
        "受入対象者": null,
        "備考": ""
      }
    },
    {
      "type": "Feature",
      "geometry": {
        "type": "Point",
        "coordinates": [
          128.955157,
          27.711167
        ]
      },
      "properties": {
        "NO": "241",
        "共通ID": "E4653200033111",
        "施設・場所名": "営農センター",
        "住所": "鹿児島県伊仙町中山442-3",
        "指定緊急避難場所との住所同一": "1",
        "その他市町村長が必要と認める事項": null,
        "受入対象者": null,
        "備考": ""
      }
    },
    {
      "type": "Feature",
      "geometry": {
        "type": "Point",
        "coordinates": [
          128.948449,
          27.71336
        ]
      },
      "properties": {
        "NO": "242",
        "共通ID": "E4653200034111",
        "施設・場所名": "馬根小学校",
        "住所": "鹿児島県伊仙町馬根475",
        "指定緊急避難場所との住所同一": "1",
        "その他市町村長が必要と認める事項": null,
        "受入対象者": null,
        "備考": ""
      }
    },
    {
      "type": "Feature",
      "geometry": {
        "type": "Point",
        "coordinates": [
          128.938189,
          27.720944
        ]
      },
      "properties": {
        "NO": "243",
        "共通ID": "E4653200035111",
        "施設・場所名": "営農研修センター",
        "住所": "鹿児島県伊仙町八重竿110",
        "指定緊急避難場所との住所同一": "1",
        "その他市町村長が必要と認める事項": null,
        "受入対象者": null,
        "備考": ""
      }
    },
    {
      "type": "Feature",
      "geometry": {
        "type": "Point",
        "coordinates": [
          128.970303,
          27.676104
        ]
      },
      "properties": {
        "NO": "244",
        "共通ID": "E4653200036111",
        "施設・場所名": "東公民館",
        "住所": "鹿児島県伊仙町面縄1977",
        "指定緊急避難場所との住所同一": "1",
        "その他市町村長が必要と認める事項": null,
        "受入対象者": null,
        "備考": ""
      }
    },
    {
      "type": "Feature",
      "geometry": {
        "type": "Point",
        "coordinates": [
          128.971051,
          27.673767
        ]
      },
      "properties": {
        "NO": "245",
        "共通ID": "E4653200037111",
        "施設・場所名": "面縄中学校",
        "住所": "鹿児島県伊仙町面縄2196",
        "指定緊急避難場所との住所同一": "1",
        "その他市町村長が必要と認める事項": null,
        "受入対象者": null,
        "備考": ""
      }
    },
    {
      "type": "Feature",
      "geometry": {
        "type": "Point",
        "coordinates": [
          128.969743,
          27.672307
        ]
      },
      "properties": {
        "NO": "246",
        "共通ID": "E4653200038111",
        "施設・場所名": "東面縄青少年会館",
        "住所": "鹿児島県伊仙町面縄2252-1",
        "指定緊急避難場所との住所同一": "1",
        "その他市町村長が必要と認める事項": null,
        "受入対象者": null,
        "備考": ""
      }
    },
    {
      "type": "Feature",
      "geometry": {
        "type": "Point",
        "coordinates": [
          128.964094,
          27.679266
        ]
      },
      "properties": {
        "NO": "247",
        "共通ID": "E4653200040111",
        "施設・場所名": "上面縄生活館",
        "住所": "鹿児島県伊仙町面縄77",
        "指定緊急避難場所との住所同一": "1",
        "その他市町村長が必要と認める事項": null,
        "受入対象者": null,
        "備考": ""
      }
    },
    {
      "type": "Feature",
      "geometry": {
        "type": "Point",
        "coordinates": [
          128.982274,
          27.685398
        ]
      },
      "properties": {
        "NO": "248",
        "共通ID": "E4653200043111",
        "施設・場所名": "西目手久公民館",
        "住所": "鹿児島県伊仙町目手久1758",
        "指定緊急避難場所との住所同一": "1",
        "その他市町村長が必要と認める事項": null,
        "受入対象者": null,
        "備考": ""
      }
    },
    {
      "type": "Feature",
      "geometry": {
        "type": "Point",
        "coordinates": [
          128.980833,
          27.68408
        ]
      },
      "properties": {
        "NO": "249",
        "共通ID": "E4653200044111",
        "施設・場所名": "青少年会館",
        "住所": "鹿児島県伊仙町目手久410",
        "指定緊急避難場所との住所同一": "1",
        "その他市町村長が必要と認める事項": null,
        "受入対象者": null,
        "備考": ""
      }
    },
    {
      "type": "Feature",
      "geometry": {
        "type": "Point",
        "coordinates": [
          129.185483,
          28.262299
        ]
      },
      "properties": {
        "NO": "250",
        "共通ID": "E4652400027111",
        "施設・場所名": "屋鈍防災会館",
        "住所": "鹿児島県宇検村58",
        "指定緊急避難場所との住所同一": "",
        "その他市町村長が必要と認める事項": "",
        "受入対象者": "",
        "備考": ""
      }
    },
    {
      "type": "Feature",
      "geometry": {
        "type": "Point",
        "coordinates": [
          129.200229,
          28.256631
        ]
      },
      "properties": {
        "NO": "251",
        "共通ID": "E4652400001111",
        "施設・場所名": "阿室小中学校",
        "住所": "鹿児島県宇検村阿室195",
        "指定緊急避難場所との住所同一": "1",
        "その他市町村長が必要と認める事項": null,
        "受入対象者": null,
        "備考": ""
      }
    },
    {
      "type": "Feature",
      "geometry": {
        "type": "Point",
        "coordinates": [
          129.20108,
          28.255408
        ]
      },
      "properties": {
        "NO": "252",
        "共通ID": "E4652400002111",
        "施設・場所名": "阿室いこいの家",
        "住所": "鹿児島県宇検村阿室6655",
        "指定緊急避難場所との住所同一": "",
        "その他市町村長が必要と認める事項": null,
        "受入対象者": null,
        "備考": ""
      }
    },
    {
      "type": "Feature",
      "geometry": {
        "type": "Point",
        "coordinates": [
          129.20078,
          28.255554
        ]
      },
      "properties": {
        "NO": "253",
        "共通ID": "E4652400003111",
        "施設・場所名": "阿室防災会館",
        "住所": "鹿児島県宇検村阿室89",
        "指定緊急避難場所との住所同一": "",
        "その他市町村長が必要と認める事項": null,
        "受入対象者": null,
        "備考": ""
      }
    },
    {
      "type": "Feature",
      "geometry": {
        "type": "Point",
        "coordinates": [
          129.269346,
          28.287175
        ]
      },
      "properties": {
        "NO": "254",
        "共通ID": "E4652400004111",
        "施設・場所名": "芦検公民館",
        "住所": "鹿児島県宇検村芦検517-3",
        "指定緊急避難場所との住所同一": "1",
        "その他市町村長が必要と認める事項": null,
        "受入対象者": null,
        "備考": ""
      }
    },
    {
      "type": "Feature",
      "geometry": {
        "type": "Point",
        "coordinates": [
          129.22919,
          28.295518
        ]
      },
      "properties": {
        "NO": "255",
        "共通ID": "E4652400005111",
        "施設・場所名": "宇検防災会館",
        "住所": "鹿児島県宇検村宇検544-2",
        "指定緊急避難場所との住所同一": "1",
        "その他市町村長が必要と認める事項": null,
        "受入対象者": null,
        "備考": ""
      }
    },
    {
      "type": "Feature",
      "geometry": {
        "type": "Point",
        "coordinates": [
          129.233159,
          28.286723
        ]
      },
      "properties": {
        "NO": "256",
        "共通ID": "E4652400007111",
        "施設・場所名": "久志小中学校",
        "住所": "鹿児島県宇検村久志2",
        "指定緊急避難場所との住所同一": "1",
        "その他市町村長が必要と認める事項": null,
        "受入対象者": null,
        "備考": ""
      }
    },
    {
      "type": "Feature",
      "geometry": {
        "type": "Point",
        "coordinates": [
          129.236845,
          28.263074
        ]
      },
      "properties": {
        "NO": "257",
        "共通ID": "E4652400008111",
        "施設・場所名": "佐念公民館",
        "住所": "鹿児島県宇検村佐念134",
        "指定緊急避難場所との住所同一": "1",
        "その他市町村長が必要と認める事項": null,
        "受入対象者": null,
        "備考": ""
      }
    },
    {
      "type": "Feature",
      "geometry": {
        "type": "Point",
        "coordinates": [
          129.293942,
          28.272245
        ]
      },
      "properties": {
        "NO": "258",
        "共通ID": "E4652400009111",
        "施設・場所名": "須古公民館",
        "住所": "鹿児島県宇検村須古472-5",
        "指定緊急避難場所との住所同一": "1",
        "その他市町村長が必要と認める事項": null,
        "受入対象者": null,
        "備考": ""
      }
    },
    {
      "type": "Feature",
      "geometry": {
        "type": "Point",
        "coordinates": [
          129.24348,
          28.285411
        ]
      },
      "properties": {
        "NO": "259",
        "共通ID": "E4652400010111",
        "施設・場所名": "生勝公民館",
        "住所": "鹿児島県宇検村生勝181-2",
        "指定緊急避難場所との住所同一": "1",
        "その他市町村長が必要と認める事項": null,
        "受入対象者": null,
        "備考": ""
      }
    },
    {
      "type": "Feature",
      "geometry": {
        "type": "Point",
        "coordinates": [
          129.290067,
          28.285865
        ]
      },
      "properties": {
        "NO": "260",
        "共通ID": "E4652400012111",
        "施設・場所名": "田検中学校",
        "住所": "鹿児島県宇検村田検191",
        "指定緊急避難場所との住所同一": "1",
        "その他市町村長が必要と認める事項": null,
        "受入対象者": null,
        "備考": ""
      }
    },
    {
      "type": "Feature",
      "geometry": {
        "type": "Point",
        "coordinates": [
          129.291996,
          28.285366
        ]
      },
      "properties": {
        "NO": "261",
        "共通ID": "E4652400013111",
        "施設・場所名": "田検防災会館",
        "住所": "鹿児島県宇検村田検296",
        "指定緊急避難場所との住所同一": "",
        "その他市町村長が必要と認める事項": null,
        "受入対象者": null,
        "備考": ""
      }
    },
    {
      "type": "Feature",
      "geometry": {
        "type": "Point",
        "coordinates": [
          129.292893,
          28.285324
        ]
      },
      "properties": {
        "NO": "262",
        "共通ID": "E4652400014111",
        "施設・場所名": "田検小学校",
        "住所": "鹿児島県宇検村田検37",
        "指定緊急避難場所との住所同一": "1",
        "その他市町村長が必要と認める事項": null,
        "受入対象者": null,
        "備考": ""
      }
    },
    {
      "type": "Feature",
      "geometry": {
        "type": "Point",
        "coordinates": [
          129.311712,
          28.269981
        ]
      },
      "properties": {
        "NO": "263",
        "共通ID": "E4652400015111",
        "施設・場所名": "石良公民館",
        "住所": "鹿児島県宇検村湯湾1640-8",
        "指定緊急避難場所との住所同一": "1",
        "その他市町村長が必要と認める事項": null,
        "受入対象者": null,
        "備考": ""
      }
    },
    {
      "type": "Feature",
      "geometry": {
        "type": "Point",
        "coordinates": [
          129.296293,
          28.275469
        ]
      },
      "properties": {
        "NO": "264",
        "共通ID": "E4652400016111",
        "施設・場所名": "宇検村生涯学習センター元気の出る館",
        "住所": "鹿児島県宇検村湯湾2937-83",
        "指定緊急避難場所との住所同一": "",
        "その他市町村長が必要と認める事項": null,
        "受入対象者": null,
        "備考": ""
      }
    },
    {
      "type": "Feature",
      "geometry": {
        "type": "Point",
        "coordinates": [
          129.296127,
          28.274123
        ]
      },
      "properties": {
        "NO": "265",
        "共通ID": "E4652400017111",
        "施設・場所名": "宇検村地域福祉センター",
        "住所": "鹿児島県宇検村湯湾2937-87",
        "指定緊急避難場所との住所同一": "1",
        "その他市町村長が必要と認める事項": null,
        "受入対象者": null,
        "備考": ""
      }
    },
    {
      "type": "Feature",
      "geometry": {
        "type": "Point",
        "coordinates": [
          129.298374,
          28.276139
        ]
      },
      "properties": {
        "NO": "266",
        "共通ID": "E4652400018111",
        "施設・場所名": "宇検村総合体育館",
        "住所": "鹿児島県宇検村湯湾2943",
        "指定緊急避難場所との住所同一": "1",
        "その他市町村長が必要と認める事項": null,
        "受入対象者": null,
        "備考": ""
      }
    },
    {
      "type": "Feature",
      "geometry": {
        "type": "Point",
        "coordinates": [
          129.296214,
          28.278815
        ]
      },
      "properties": {
        "NO": "267",
        "共通ID": "E4652400020111",
        "施設・場所名": "湯湾会館",
        "住所": "鹿児島県宇検村湯湾712-9",
        "指定緊急避難場所との住所同一": "1",
        "その他市町村長が必要と認める事項": null,
        "受入対象者": null,
        "備考": ""
      }
    },
    {
      "type": "Feature",
      "geometry": {
        "type": "Point",
        "coordinates": [
          129.295939,
          28.279965
        ]
      },
      "properties": {
        "NO": "268",
        "共通ID": "E4652400021111",
        "施設・場所名": "湯湾生活館",
        "住所": "鹿児島県宇検村湯湾722",
        "指定緊急避難場所との住所同一": "1",
        "その他市町村長が必要と認める事項": null,
        "受入対象者": null,
        "備考": ""
      }
    },
    {
      "type": "Feature",
      "geometry": {
        "type": "Point",
        "coordinates": [
          129.273688,
          28.260943
        ]
      },
      "properties": {
        "NO": "269",
        "共通ID": "E4652400023111",
        "施設・場所名": "部連公民館",
        "住所": "鹿児島県宇検村部連622-7",
        "指定緊急避難場所との住所同一": "1",
        "その他市町村長が必要と認める事項": "",
        "受入対象者": "",
        "備考": ""
      }
    },
    {
      "type": "Feature",
      "geometry": {
        "type": "Point",
        "coordinates": [
          129.20469,
          28.253807
        ]
      },
      "properties": {
        "NO": "270",
        "共通ID": "E4652400024111",
        "施設・場所名": "平田公民館",
        "住所": "鹿児島県宇検村平田59",
        "指定緊急避難場所との住所同一": "1",
        "その他市町村長が必要と認める事項": null,
        "受入対象者": null,
        "備考": ""
      }
    },
    {
      "type": "Feature",
      "geometry": {
        "type": "Point",
        "coordinates": [
          129.249135,
          28.251762
        ]
      },
      "properties": {
        "NO": "271",
        "共通ID": "E4652400025111",
        "施設・場所名": "名柄公民館",
        "住所": "鹿児島県宇検村名柄1258",
        "指定緊急避難場所との住所同一": "",
        "その他市町村長が必要と認める事項": "",
        "受入対象者": "",
        "備考": ""
      }
    },
    {
      "type": "Feature",
      "geometry": {
        "type": "Point",
        "coordinates": [
          129.24998,
          28.252203
        ]
      },
      "properties": {
        "NO": "272",
        "共通ID": "E4652400026111",
        "施設・場所名": "名柄小中学校",
        "住所": "鹿児島県宇検村名柄1263",
        "指定緊急避難場所との住所同一": "1",
        "その他市町村長が必要と認める事項": null,
        "受入対象者": null,
        "備考": ""
      }
    },
    {
      "type": "Feature",
      "geometry": {
        "type": "Point",
        "coordinates": [
          129.710979,
          28.450277
        ]
      },
      "properties": {
        "NO": "273",
        "共通ID": "E4622200243111",
        "施設・場所名": "宇宿小学校",
        "住所": "鹿児島県奄美市笠利町宇宿166",
        "指定緊急避難場所との住所同一": "",
        "その他市町村長が必要と認める事項": null,
        "受入対象者": null,
        "備考": ""
      }
    },
    {
      "type": "Feature",
      "geometry": {
        "type": "Point",
        "coordinates": [
          129.658255,
          28.499755
        ]
      },
      "properties": {
        "NO": "274",
        "共通ID": "E4622200244111",
        "施設・場所名": "屋仁小学校",
        "住所": "鹿児島県奄美市笠利町屋仁130",
        "指定緊急避難場所との住所同一": "",
        "その他市町村長が必要と認める事項": null,
        "受入対象者": null,
        "備考": ""
      }
    },
    {
      "type": "Feature",
      "geometry": {
        "type": "Point",
        "coordinates": [
          129.691231,
          28.490066
        ]
      },
      "properties": {
        "NO": "275",
        "共通ID": "E4622200004111",
        "施設・場所名": "笠利中学校",
        "住所": "鹿児島県奄美市笠利町笠利1924",
        "指定緊急避難場所との住所同一": "",
        "その他市町村長が必要と認める事項": null,
        "受入対象者": null,
        "備考": ""
      }
    },
    {
      "type": "Feature",
      "geometry": {
        "type": "Point",
        "coordinates": [
          129.693658,
          28.488029
        ]
      },
      "properties": {
        "NO": "276",
        "共通ID": "E4622200005111",
        "施設・場所名": "笠利小学校",
        "住所": "鹿児島県奄美市笠利町笠利399",
        "指定緊急避難場所との住所同一": "",
        "その他市町村長が必要と認める事項": null,
        "受入対象者": null,
        "備考": ""
      }
    },
    {
      "type": "Feature",
      "geometry": {
        "type": "Point",
        "coordinates": [
          129.695037,
          28.488381
        ]
      },
      "properties": {
        "NO": "277",
        "共通ID": "E4622200247111",
        "施設・場所名": "金久公民館（笠利３区）",
        "住所": "鹿児島県奄美市笠利町笠利58",
        "指定緊急避難場所との住所同一": "",
        "その他市町村長が必要と認める事項": null,
        "受入対象者": null,
        "備考": ""
      }
    },
    {
      "type": "Feature",
      "geometry": {
        "type": "Point",
        "coordinates": [
          129.65622,
          28.414964
        ]
      },
      "properties": {
        "NO": "278",
        "共通ID": "E4622200007111",
        "施設・場所名": "緑が丘小学校",
        "住所": "鹿児島県奄美市笠利町喜瀬1570",
        "指定緊急避難場所との住所同一": "1",
        "その他市町村長が必要と認める事項": null,
        "受入対象者": null,
        "備考": ""
      }
    },
    {
      "type": "Feature",
      "geometry": {
        "type": "Point",
        "coordinates": [
          129.658559,
          28.429074
        ]
      },
      "properties": {
        "NO": "279",
        "共通ID": "E4622200249111",
        "施設・場所名": "喜瀬３区コミュニティセンター",
        "住所": "鹿児島県奄美市笠利町喜瀬2364-1",
        "指定緊急避難場所との住所同一": "",
        "その他市町村長が必要と認める事項": null,
        "受入対象者": null,
        "備考": ""
      }
    },
    {
      "type": "Feature",
      "geometry": {
        "type": "Point",
        "coordinates": [
          129.65252,
          28.45528
        ]
      },
      "properties": {
        "NO": "280",
        "共通ID": "E4622200009111",
        "施設・場所名": "打田原交流館",
        "住所": "鹿児島県奄美市笠利町喜瀬3380",
        "指定緊急避難場所との住所同一": "",
        "その他市町村長が必要と認める事項": null,
        "受入対象者": null,
        "備考": ""
      }
    },
    {
      "type": "Feature",
      "geometry": {
        "type": "Point",
        "coordinates": [
          129.653513,
          28.420175
        ]
      },
      "properties": {
        "NO": "281",
        "共通ID": "E4622200010111",
        "施設・場所名": "喜瀬１区公民館",
        "住所": "鹿児島県奄美市笠利町喜瀬545-1",
        "指定緊急避難場所との住所同一": "",
        "その他市町村長が必要と認める事項": null,
        "受入対象者": null,
        "備考": ""
      }
    },
    {
      "type": "Feature",
      "geometry": {
        "type": "Point",
        "coordinates": [
          129.65674,
          28.422751
        ]
      },
      "properties": {
        "NO": "282",
        "共通ID": "E4622200011111",
        "施設・場所名": "喜瀬２区集会場",
        "住所": "鹿児島県奄美市笠利町喜瀬90",
        "指定緊急避難場所との住所同一": "",
        "その他市町村長が必要と認める事項": null,
        "受入対象者": null,
        "備考": ""
      }
    },
    {
      "type": "Feature",
      "geometry": {
        "type": "Point",
        "coordinates": [
          129.672003,
          28.514866
        ]
      },
      "properties": {
        "NO": "283",
        "共通ID": "E4622200248111",
        "施設・場所名": "佐仁小学校",
        "住所": "鹿児島県奄美市笠利町佐仁2735",
        "指定緊急避難場所との住所同一": "",
        "その他市町村長が必要と認める事項": null,
        "受入対象者": null,
        "備考": ""
      }
    },
    {
      "type": "Feature",
      "geometry": {
        "type": "Point",
        "coordinates": [
          129.663895,
          28.438442
        ]
      },
      "properties": {
        "NO": "284",
        "共通ID": "E4622200013111",
        "施設・場所名": "手花部小学校",
        "住所": "鹿児島県奄美市笠利町手花部2811",
        "指定緊急避難場所との住所同一": "",
        "その他市町村長が必要と認める事項": null,
        "受入対象者": null,
        "備考": ""
      }
    },
    {
      "type": "Feature",
      "geometry": {
        "type": "Point",
        "coordinates": [
          129.690148,
          28.416055
        ]
      },
      "properties": {
        "NO": "285",
        "共通ID": "E4622200014111",
        "施設・場所名": "節田小学校",
        "住所": "鹿児島県奄美市笠利町節田246",
        "指定緊急避難場所との住所同一": "",
        "その他市町村長が必要と認める事項": null,
        "受入対象者": null,
        "備考": ""
      }
    },
    {
      "type": "Feature",
      "geometry": {
        "type": "Point",
        "coordinates": [
          129.710778,
          28.449754
        ]
      },
      "properties": {
        "NO": "286",
        "共通ID": "E4622200015111",
        "施設・場所名": "宇宿生活館",
        "住所": "鹿児島県奄美市笠利町大字宇宿165-1",
        "指定緊急避難場所との住所同一": "",
        "その他市町村長が必要と認める事項": null,
        "受入対象者": null,
        "備考": ""
      }
    },
    {
      "type": "Feature",
      "geometry": {
        "type": "Point",
        "coordinates": [
          129.716982,
          28.461099
        ]
      },
      "properties": {
        "NO": "287",
        "共通ID": "E4622200016111",
        "施設・場所名": "土盛へき地保健福祉館",
        "住所": "鹿児島県奄美市笠利町大字宇宿2134-3",
        "指定緊急避難場所との住所同一": "",
        "その他市町村長が必要と認める事項": null,
        "受入対象者": null,
        "備考": ""
      }
    },
    {
      "type": "Feature",
      "geometry": {
        "type": "Point",
        "coordinates": [
          129.656316,
          28.498504
        ]
      },
      "properties": {
        "NO": "288",
        "共通ID": "E4622200006112",
        "施設・場所名": "屋仁地区振興センター",
        "住所": "鹿児島県奄美市笠利町大字屋仁75",
        "指定緊急避難場所との住所同一": "",
        "その他市町村長が必要と認める事項": null,
        "受入対象者": null,
        "備考": ""
      }
    },
    {
      "type": "Feature",
      "geometry": {
        "type": "Point",
        "coordinates": [
          129.693336,
          28.490759
        ]
      },
      "properties": {
        "NO": "289",
        "共通ID": "E4622200012111",
        "施設・場所名": "城前田へき地保健福祉館（笠利１区）",
        "住所": "鹿児島県奄美市笠利町大字笠利3343",
        "指定緊急避難場所との住所同一": "",
        "その他市町村長が必要と認める事項": null,
        "受入対象者": null,
        "備考": ""
      }
    },
    {
      "type": "Feature",
      "geometry": {
        "type": "Point",
        "coordinates": [
          129.692383,
          28.488475
        ]
      },
      "properties": {
        "NO": "290",
        "共通ID": "E4622200258111",
        "施設・場所名": "大笠利文化センター（笠利２区）",
        "住所": "鹿児島県奄美市笠利町大字笠利570",
        "指定緊急避難場所との住所同一": "",
        "その他市町村長が必要と認める事項": null,
        "受入対象者": null,
        "備考": ""
      }
    },
    {
      "type": "Feature",
      "geometry": {
        "type": "Point",
        "coordinates": [
          129.669762,
          28.514206
        ]
      },
      "properties": {
        "NO": "291",
        "共通ID": "E4622200008112",
        "施設・場所名": "佐仁へき地保健福祉館",
        "住所": "鹿児島県奄美市笠利町大字佐仁78",
        "指定緊急避難場所との住所同一": "",
        "その他市町村長が必要と認める事項": null,
        "受入対象者": null,
        "備考": ""
      }
    },
    {
      "type": "Feature",
      "geometry": {
        "type": "Point",
        "coordinates": [
          129.6596,
          28.453268
        ]
      },
      "properties": {
        "NO": "292",
        "共通ID": "E4622200036111",
        "施設・場所名": "前肥田コミュニティセンター",
        "住所": "鹿児島県奄美市笠利町大字手花部3003-2",
        "指定緊急避難場所との住所同一": "",
        "その他市町村長が必要と認める事項": null,
        "受入対象者": null,
        "備考": ""
      }
    },
    {
      "type": "Feature",
      "geometry": {
        "type": "Point",
        "coordinates": [
          129.67003,
          28.439563
        ]
      },
      "properties": {
        "NO": "293",
        "共通ID": "E4622200037111",
        "施設・場所名": "手花部へき地保健福祉館",
        "住所": "鹿児島県奄美市笠利町大字手花部3311-1",
        "指定緊急避難場所との住所同一": "",
        "その他市町村長が必要と認める事項": null,
        "受入対象者": null,
        "備考": ""
      }
    },
    {
      "type": "Feature",
      "geometry": {
        "type": "Point",
        "coordinates": [
          129.715006,
          28.466827
        ]
      },
      "properties": {
        "NO": "294",
        "共通ID": "E4622200017111",
        "施設・場所名": "崎原公民館",
        "住所": "鹿児島県奄美市笠利町大字須野146",
        "指定緊急避難場所との住所同一": "",
        "その他市町村長が必要と認める事項": null,
        "受入対象者": null,
        "備考": ""
      }
    },
    {
      "type": "Feature",
      "geometry": {
        "type": "Point",
        "coordinates": [
          129.702701,
          28.477511
        ]
      },
      "properties": {
        "NO": "295",
        "共通ID": "E4622200253111",
        "施設・場所名": "須野生活館",
        "住所": "鹿児島県奄美市笠利町大字須野25",
        "指定緊急避難場所との住所同一": "",
        "その他市町村長が必要と認める事項": null,
        "受入対象者": null,
        "備考": ""
      }
    },
    {
      "type": "Feature",
      "geometry": {
        "type": "Point",
        "coordinates": [
          129.688579,
          28.415993
        ]
      },
      "properties": {
        "NO": "296",
        "共通ID": "E4622200026112",
        "施設・場所名": "節田生活館",
        "住所": "鹿児島県奄美市笠利町大字節田199",
        "指定緊急避難場所との住所同一": "",
        "その他市町村長が必要と認める事項": null,
        "受入対象者": null,
        "備考": ""
      }
    },
    {
      "type": "Feature",
      "geometry": {
        "type": "Point",
        "coordinates": [
          129.667467,
          28.487076
        ]
      },
      "properties": {
        "NO": "297",
        "共通ID": "E4622200272111",
        "施設・場所名": "川上公民館",
        "住所": "鹿児島県奄美市笠利町大字川上250",
        "指定緊急避難場所との住所同一": "",
        "その他市町村長が必要と認める事項": null,
        "受入対象者": null,
        "備考": ""
      }
    },
    {
      "type": "Feature",
      "geometry": {
        "type": "Point",
        "coordinates": [
          129.69774,
          28.482954
        ]
      },
      "properties": {
        "NO": "298",
        "共通ID": "E4622200252111",
        "施設・場所名": "辺留公民館",
        "住所": "鹿児島県奄美市笠利町大字辺留107-1",
        "指定緊急避難場所との住所同一": "",
        "その他市町村長が必要と認める事項": null,
        "受入対象者": null,
        "備考": ""
      }
    },
    {
      "type": "Feature",
      "geometry": {
        "type": "Point",
        "coordinates": [
          129.711897,
          28.445981
        ]
      },
      "properties": {
        "NO": "299",
        "共通ID": "E4622200022111",
        "施設・場所名": "城間生活館",
        "住所": "鹿児島県奄美市笠利町大字万屋34",
        "指定緊急避難場所との住所同一": "",
        "その他市町村長が必要と認める事項": null,
        "受入対象者": null,
        "備考": ""
      }
    },
    {
      "type": "Feature",
      "geometry": {
        "type": "Point",
        "coordinates": [
          129.710836,
          28.44305
        ]
      },
      "properties": {
        "NO": "300",
        "共通ID": "E4622200023111",
        "施設・場所名": "万屋生活館",
        "住所": "鹿児島県奄美市笠利町大字万屋75",
        "指定緊急避難場所との住所同一": "",
        "その他市町村長が必要と認める事項": null,
        "受入対象者": null,
        "備考": ""
      }
    },
    {
      "type": "Feature",
      "geometry": {
        "type": "Point",
        "coordinates": [
          129.689927,
          28.507729
        ]
      },
      "properties": {
        "NO": "301",
        "共通ID": "E4622200065111",
        "施設・場所名": "用体験交流館",
        "住所": "鹿児島県奄美市笠利町大字用100",
        "指定緊急避難場所との住所同一": "",
        "その他市町村長が必要と認める事項": null,
        "受入対象者": null,
        "備考": ""
      }
    },
    {
      "type": "Feature",
      "geometry": {
        "type": "Point",
        "coordinates": [
          129.701819,
          28.42272
        ]
      },
      "properties": {
        "NO": "302",
        "共通ID": "E4622200025111",
        "施設・場所名": "和野生活館",
        "住所": "鹿児島県奄美市笠利町大字和野51",
        "指定緊急避難場所との住所同一": "",
        "その他市町村長が必要と認める事項": null,
        "受入対象者": null,
        "備考": ""
      }
    },
    {
      "type": "Feature",
      "geometry": {
        "type": "Point",
        "coordinates": [
          129.673125,
          28.454168
        ]
      },
      "properties": {
        "NO": "303",
        "共通ID": "E4622200003111",
        "施設・場所名": "中金久学舎",
        "住所": "鹿児島県奄美市笠利町中金久12",
        "指定緊急避難場所との住所同一": "",
        "その他市町村長が必要と認める事項": null,
        "受入対象者": null,
        "備考": ""
      }
    },
    {
      "type": "Feature",
      "geometry": {
        "type": "Point",
        "coordinates": [
          129.675426,
          28.45334
        ]
      },
      "properties": {
        "NO": "304",
        "共通ID": "E4622200073111",
        "施設・場所名": "笠利総合支所",
        "住所": "鹿児島県奄美市笠利町中金久141",
        "指定緊急避難場所との住所同一": "",
        "その他市町村長が必要と認める事項": null,
        "受入対象者": null,
        "備考": ""
      }
    },
    {
      "type": "Feature",
      "geometry": {
        "type": "Point",
        "coordinates": [
          129.675008,
          28.453913
        ]
      },
      "properties": {
        "NO": "305",
        "共通ID": "E4622200001112",
        "施設・場所名": "赤木名小学校",
        "住所": "鹿児島県奄美市笠利町中金久142",
        "指定緊急避難場所との住所同一": "",
        "その他市町村長が必要と認める事項": null,
        "受入対象者": null,
        "備考": ""
      }
    },
    {
      "type": "Feature",
      "geometry": {
        "type": "Point",
        "coordinates": [
          129.675657,
          28.455399
        ]
      },
      "properties": {
        "NO": "306",
        "共通ID": "E4622200075111",
        "施設・場所名": "笠利公民館",
        "住所": "鹿児島県奄美市笠利町中金久52-6",
        "指定緊急避難場所との住所同一": "",
        "その他市町村長が必要と認める事項": null,
        "受入対象者": null,
        "備考": ""
      }
    },
    {
      "type": "Feature",
      "geometry": {
        "type": "Point",
        "coordinates": [
          129.672512,
          28.412363
        ]
      },
      "properties": {
        "NO": "307",
        "共通ID": "E4622200288111",
        "施設・場所名": "土浜公民館",
        "住所": "鹿児島県奄美市笠利町平1164-6",
        "指定緊急避難場所との住所同一": "",
        "その他市町村長が必要と認める事項": null,
        "受入対象者": null,
        "備考": ""
      }
    },
    {
      "type": "Feature",
      "geometry": {
        "type": "Point",
        "coordinates": [
          129.679085,
          28.426645
        ]
      },
      "properties": {
        "NO": "308",
        "共通ID": "E4622200077111",
        "施設・場所名": "平公民館",
        "住所": "鹿児島県奄美市笠利町平1873-3",
        "指定緊急避難場所との住所同一": "",
        "その他市町村長が必要と認める事項": null,
        "受入対象者": null,
        "備考": ""
      }
    },
    {
      "type": "Feature",
      "geometry": {
        "type": "Point",
        "coordinates": [
          129.696877,
          28.443273
        ]
      },
      "properties": {
        "NO": "309",
        "共通ID": "E4622200019111",
        "施設・場所名": "太陽が丘体育館",
        "住所": "鹿児島県奄美市笠利町万屋1164-1",
        "指定緊急避難場所との住所同一": "",
        "その他市町村長が必要と認める事項": null,
        "受入対象者": null,
        "備考": ""
      }
    },
    {
      "type": "Feature",
      "geometry": {
        "type": "Point",
        "coordinates": [
          129.651626,
          28.404054
        ]
      },
      "properties": {
        "NO": "310",
        "共通ID": "E4622200030111",
        "施設・場所名": "用安公民館",
        "住所": "鹿児島県奄美市笠利町用安1161-4",
        "指定緊急避難場所との住所同一": "",
        "その他市町村長が必要と認める事項": null,
        "受入対象者": null,
        "備考": ""
      }
    },
    {
      "type": "Feature",
      "geometry": {
        "type": "Point",
        "coordinates": [
          129.67674,
          28.452861
        ]
      },
      "properties": {
        "NO": "311",
        "共通ID": "E4622200002112",
        "施設・場所名": "里学舎",
        "住所": "鹿児島県奄美市笠利町里54-3",
        "指定緊急避難場所との住所同一": "",
        "その他市町村長が必要と認める事項": null,
        "受入対象者": null,
        "備考": ""
      }
    },
    {
      "type": "Feature",
      "geometry": {
        "type": "Point",
        "coordinates": [
          129.444144,
          28.290338
        ]
      },
      "properties": {
        "NO": "312",
        "共通ID": "E4622200049111",
        "施設・場所名": "奄美体験交流館",
        "住所": "鹿児島県奄美市住用町見里1084-1",
        "指定緊急避難場所との住所同一": "",
        "その他市町村長が必要と認める事項": null,
        "受入対象者": null,
        "備考": ""
      }
    },
    {
      "type": "Feature",
      "geometry": {
        "type": "Point",
        "coordinates": [
          129.440901,
          28.288338
        ]
      },
      "properties": {
        "NO": "313",
        "共通ID": "E4622200048111",
        "施設・場所名": "見里公民館",
        "住所": "鹿児島県奄美市住用町見里17",
        "指定緊急避難場所との住所同一": "",
        "その他市町村長が必要と認める事項": null,
        "受入対象者": null,
        "備考": ""
      }
    },
    {
      "type": "Feature",
      "geometry": {
        "type": "Point",
        "coordinates": [
          129.416022,
          28.243569
        ]
      },
      "properties": {
        "NO": "314",
        "共通ID": "E4622200084111",
        "施設・場所名": "山間国民体育館",
        "住所": "鹿児島県奄美市住用町山間410",
        "指定緊急避難場所との住所同一": "",
        "その他市町村長が必要と認める事項": null,
        "受入対象者": null,
        "備考": ""
      }
    },
    {
      "type": "Feature",
      "geometry": {
        "type": "Point",
        "coordinates": [
          129.415256,
          28.243317
        ]
      },
      "properties": {
        "NO": "315",
        "共通ID": "E4622200039111",
        "施設・場所名": "山間交流施設",
        "住所": "鹿児島県奄美市住用町山間418-9",
        "指定緊急避難場所との住所同一": "",
        "その他市町村長が必要と認める事項": null,
        "受入対象者": null,
        "備考": ""
      }
    },
    {
      "type": "Feature",
      "geometry": {
        "type": "Point",
        "coordinates": [
          129.42894,
          28.23617
        ]
      },
      "properties": {
        "NO": "316",
        "共通ID": "E4622200038111",
        "施設・場所名": "戸玉地区生活館",
        "住所": "鹿児島県奄美市住用町山間547",
        "指定緊急避難場所との住所同一": "",
        "その他市町村長が必要と認める事項": null,
        "受入対象者": null,
        "備考": ""
      }
    },
    {
      "type": "Feature",
      "geometry": {
        "type": "Point",
        "coordinates": [
          129.453384,
          28.227712
        ]
      },
      "properties": {
        "NO": "317",
        "共通ID": "E4622200057111",
        "施設・場所名": "市小中学校",
        "住所": "鹿児島県奄美市住用町市62",
        "指定緊急避難場所との住所同一": "",
        "その他市町村長が必要と認める事項": null,
        "受入対象者": null,
        "備考": ""
      }
    },
    {
      "type": "Feature",
      "geometry": {
        "type": "Point",
        "coordinates": [
          129.450248,
          28.226004
        ]
      },
      "properties": {
        "NO": "318",
        "共通ID": "E4622200056111",
        "施設・場所名": "市集会場",
        "住所": "鹿児島県奄美市住用町市659",
        "指定緊急避難場所との住所同一": "",
        "その他市町村長が必要と認める事項": null,
        "受入対象者": null,
        "備考": ""
      }
    },
    {
      "type": "Feature",
      "geometry": {
        "type": "Point",
        "coordinates": [
          129.459809,
          28.297059
        ]
      },
      "properties": {
        "NO": "319",
        "共通ID": "E4622200054111",
        "施設・場所名": "城へき地福祉館",
        "住所": "鹿児島県奄美市住用町城47-1",
        "指定緊急避難場所との住所同一": "",
        "その他市町村長が必要と認める事項": null,
        "受入対象者": null,
        "備考": ""
      }
    },
    {
      "type": "Feature",
      "geometry": {
        "type": "Point",
        "coordinates": [
          129.44174,
          28.294928
        ]
      },
      "properties": {
        "NO": "320",
        "共通ID": "E4622200052112",
        "施設・場所名": "特別養護老人ホーム住用の園",
        "住所": "鹿児島県奄美市住用町摺勝451-3",
        "指定緊急避難場所との住所同一": "",
        "その他市町村長が必要と認める事項": null,
        "受入対象者": null,
        "備考": ""
      }
    },
    {
      "type": "Feature",
      "geometry": {
        "type": "Point",
        "coordinates": [
          129.443204,
          28.293803
        ]
      },
      "properties": {
        "NO": "321",
        "共通ID": "E4622200053111",
        "施設・場所名": "住用町高齢者コミュニティーセンター",
        "住所": "鹿児島県奄美市住用町摺勝536-1",
        "指定緊急避難場所との住所同一": "",
        "その他市町村長が必要と認める事項": null,
        "受入対象者": null,
        "備考": ""
      }
    },
    {
      "type": "Feature",
      "geometry": {
        "type": "Point",
        "coordinates": [
          129.409081,
          28.26673
        ]
      },
      "properties": {
        "NO": "322",
        "共通ID": "E4622200046111",
        "施設・場所名": "西仲間公民館",
        "住所": "鹿児島県奄美市住用町西仲間309",
        "指定緊急避難場所との住所同一": "",
        "その他市町村長が必要と認める事項": null,
        "受入対象者": null,
        "備考": ""
      }
    },
    {
      "type": "Feature",
      "geometry": {
        "type": "Point",
        "coordinates": [
          129.407971,
          28.264586
        ]
      },
      "properties": {
        "NO": "323",
        "共通ID": "E4622200047111",
        "施設・場所名": "住用公民館",
        "住所": "鹿児島県奄美市住用町西仲間65",
        "指定緊急避難場所との住所同一": "",
        "その他市町村長が必要と認める事項": null,
        "受入対象者": null,
        "備考": ""
      }
    },
    {
      "type": "Feature",
      "geometry": {
        "type": "Point",
        "coordinates": [
          129.41232,
          28.261928
        ]
      },
      "properties": {
        "NO": "324",
        "共通ID": "E4622200045111",
        "施設・場所名": "石原公民館",
        "住所": "鹿児島県奄美市住用町石原168",
        "指定緊急避難場所との住所同一": "",
        "その他市町村長が必要と認める事項": null,
        "受入対象者": null,
        "備考": ""
      }
    },
    {
      "type": "Feature",
      "geometry": {
        "type": "Point",
        "coordinates": [
          129.431945,
          28.305069
        ]
      },
      "properties": {
        "NO": "325",
        "共通ID": "E4622200051111",
        "施設・場所名": "川内地区生活館",
        "住所": "鹿児島県奄美市住用町川内8",
        "指定緊急避難場所との住所同一": "",
        "その他市町村長が必要と認める事項": null,
        "受入対象者": null,
        "備考": ""
      }
    },
    {
      "type": "Feature",
      "geometry": {
        "type": "Point",
        "coordinates": [
          129.407735,
          28.265623
        ]
      },
      "properties": {
        "NO": "326",
        "共通ID": "E4622200107111",
        "施設・場所名": "住用総合支所",
        "住所": "鹿児島県奄美市住用町大字西仲間111",
        "指定緊急避難場所との住所同一": "",
        "その他市町村長が必要と認める事項": null,
        "受入対象者": null,
        "備考": ""
      }
    },
    {
      "type": "Feature",
      "geometry": {
        "type": "Point",
        "coordinates": [
          129.434017,
          28.295253
        ]
      },
      "properties": {
        "NO": "327",
        "共通ID": "E4622200050111",
        "施設・場所名": "東仲間公民館",
        "住所": "鹿児島県奄美市住用町東仲間146",
        "指定緊急避難場所との住所同一": "",
        "その他市町村長が必要と認める事項": null,
        "受入対象者": null,
        "備考": ""
      }
    },
    {
      "type": "Feature",
      "geometry": {
        "type": "Point",
        "coordinates": [
          129.38146,
          28.252755
        ]
      },
      "properties": {
        "NO": "328",
        "共通ID": "E4622200302111",
        "施設・場所名": "中役勝集会場",
        "住所": "鹿児島県奄美市住用町役勝190",
        "指定緊急避難場所との住所同一": "",
        "その他市町村長が必要と認める事項": null,
        "受入対象者": null,
        "備考": ""
      }
    },
    {
      "type": "Feature",
      "geometry": {
        "type": "Point",
        "coordinates": [
          129.401005,
          28.254886
        ]
      },
      "properties": {
        "NO": "329",
        "共通ID": "E4622200114111",
        "施設・場所名": "住用小学校",
        "住所": "鹿児島県奄美市住用町役勝27",
        "指定緊急避難場所との住所同一": "1",
        "その他市町村長が必要と認める事項": null,
        "受入対象者": null,
        "備考": ""
      }
    },
    {
      "type": "Feature",
      "geometry": {
        "type": "Point",
        "coordinates": [
          129.373241,
          28.236845
        ]
      },
      "properties": {
        "NO": "330",
        "共通ID": "E4622200115111",
        "施設・場所名": "上役勝集会場",
        "住所": "鹿児島県奄美市住用町役勝296-25",
        "指定緊急避難場所との住所同一": "1",
        "その他市町村長が必要と認める事項": null,
        "受入対象者": null,
        "備考": ""
      }
    },
    {
      "type": "Feature",
      "geometry": {
        "type": "Point",
        "coordinates": [
          129.391387,
          28.255148
        ]
      },
      "properties": {
        "NO": "331",
        "共通ID": "E4622200041111",
        "施設・場所名": "下役勝集会場",
        "住所": "鹿児島県奄美市住用町役勝62",
        "指定緊急避難場所との住所同一": "",
        "その他市町村長が必要と認める事項": null,
        "受入対象者": null,
        "備考": ""
      }
    },
    {
      "type": "Feature",
      "geometry": {
        "type": "Point",
        "coordinates": [
          129.474235,
          28.295428
        ]
      },
      "properties": {
        "NO": "332",
        "共通ID": "E4622200055111",
        "施設・場所名": "和瀬集会場",
        "住所": "鹿児島県奄美市住用町和瀬128",
        "指定緊急避難場所との住所同一": "",
        "その他市町村長が必要と認める事項": null,
        "受入対象者": null,
        "備考": ""
      }
    },
    {
      "type": "Feature",
      "geometry": {
        "type": "Point",
        "coordinates": [
          129.540221,
          28.438853
        ]
      },
      "properties": {
        "NO": "333",
        "共通ID": "E4622200060111",
        "施設・場所名": "芦花部小中学校",
        "住所": "鹿児島県奄美市名瀬芦花部585",
        "指定緊急避難場所との住所同一": "",
        "その他市町村長が必要と認める事項": null,
        "受入対象者": null,
        "備考": ""
      }
    },
    {
      "type": "Feature",
      "geometry": {
        "type": "Point",
        "coordinates": [
          129.499956,
          28.372466
        ]
      },
      "properties": {
        "NO": "334",
        "共通ID": "E4622200109111",
        "施設・場所名": "新川ふれあい館",
        "住所": "鹿児島県奄美市名瀬安勝町29",
        "指定緊急避難場所との住所同一": "",
        "その他市町村長が必要と認める事項": null,
        "受入対象者": null,
        "備考": ""
      }
    },
    {
      "type": "Feature",
      "geometry": {
        "type": "Point",
        "coordinates": [
          129.500344,
          28.375024
        ]
      },
      "properties": {
        "NO": "335",
        "共通ID": "E4622200128111",
        "施設・場所名": "大島高校",
        "住所": "鹿児島県奄美市名瀬安勝町7-1",
        "指定緊急避難場所との住所同一": "1",
        "その他市町村長が必要と認める事項": null,
        "受入対象者": null,
        "備考": ""
      }
    },
    {
      "type": "Feature",
      "geometry": {
        "type": "Point",
        "coordinates": [
          129.490817,
          28.378124
        ]
      },
      "properties": {
        "NO": "336",
        "共通ID": "E4622200090111",
        "施設・場所名": "保健センター",
        "住所": "鹿児島県奄美市名瀬井根町1-2",
        "指定緊急避難場所との住所同一": "",
        "その他市町村長が必要と認める事項": null,
        "受入対象者": null,
        "備考": ""
      }
    },
    {
      "type": "Feature",
      "geometry": {
        "type": "Point",
        "coordinates": [
          129.491111,
          28.375867
        ]
      },
      "properties": {
        "NO": "337",
        "共通ID": "E4622200092111",
        "施設・場所名": "谷村サロン",
        "住所": "鹿児島県奄美市名瀬井根町16-20",
        "指定緊急避難場所との住所同一": "",
        "その他市町村長が必要と認める事項": null,
        "受入対象者": null,
        "備考": ""
      }
    },
    {
      "type": "Feature",
      "geometry": {
        "type": "Point",
        "coordinates": [
          129.533862,
          28.393065
        ]
      },
      "properties": {
        "NO": "338",
        "共通ID": "E4622200066111",
        "施設・場所名": "浦上町集会場",
        "住所": "鹿児島県奄美市名瀬浦上町44-1",
        "指定緊急避難場所との住所同一": "",
        "その他市町村長が必要と認める事項": null,
        "受入対象者": null,
        "備考": ""
      }
    },
    {
      "type": "Feature",
      "geometry": {
        "type": "Point",
        "coordinates": [
          129.4933,
          28.376334
        ]
      },
      "properties": {
        "NO": "339",
        "共通ID": "E4622200134111",
        "施設・場所名": "名瀬小学校",
        "住所": "鹿児島県奄美市名瀬永田町1-1",
        "指定緊急避難場所との住所同一": "1",
        "その他市町村長が必要と認める事項": null,
        "受入対象者": null,
        "備考": ""
      }
    },
    {
      "type": "Feature",
      "geometry": {
        "type": "Point",
        "coordinates": [
          129.492894,
          28.388095
        ]
      },
      "properties": {
        "NO": "340",
        "共通ID": "E4622200137111",
        "施設・場所名": "金久中学校",
        "住所": "鹿児島県奄美市名瀬塩浜町15-10",
        "指定緊急避難場所との住所同一": "1",
        "その他市町村長が必要と認める事項": null,
        "受入対象者": null,
        "備考": ""
      }
    },
    {
      "type": "Feature",
      "geometry": {
        "type": "Point",
        "coordinates": [
          129.674555,
          28.45735
        ]
      },
      "properties": {
        "NO": "341",
        "共通ID": "E4622200139111",
        "施設・場所名": "外金久生活館",
        "住所": "鹿児島県奄美市名瀬笠利町外金久127",
        "指定緊急避難場所との住所同一": "",
        "その他市町村長が必要と認める事項": null,
        "受入対象者": null,
        "備考": ""
      }
    },
    {
      "type": "Feature",
      "geometry": {
        "type": "Point",
        "coordinates": [
          129.497361,
          28.372894
        ]
      },
      "properties": {
        "NO": "342",
        "共通ID": "E4622200140111",
        "施設・場所名": "奄美小学校",
        "住所": "鹿児島県奄美市名瀬久里町15-10",
        "指定緊急避難場所との住所同一": "1",
        "その他市町村長が必要と認める事項": null,
        "受入対象者": null,
        "備考": ""
      }
    },
    {
      "type": "Feature",
      "geometry": {
        "type": "Point",
        "coordinates": [
          129.497988,
          28.371665
        ]
      },
      "properties": {
        "NO": "343",
        "共通ID": "E4622200142111",
        "施設・場所名": "奄美高校",
        "住所": "鹿児島県奄美市名瀬古田町1-1",
        "指定緊急避難場所との住所同一": "1",
        "その他市町村長が必要と認める事項": null,
        "受入対象者": null,
        "備考": ""
      }
    },
    {
      "type": "Feature",
      "geometry": {
        "type": "Point",
        "coordinates": [
          129.493976,
          28.377662
        ]
      },
      "properties": {
        "NO": "344",
        "共通ID": "E4622200108111",
        "施設・場所名": "名瀬総合支所",
        "住所": "鹿児島県奄美市名瀬幸町25-8",
        "指定緊急避難場所との住所同一": "",
        "その他市町村長が必要と認める事項": null,
        "受入対象者": null,
        "備考": ""
      }
    },
    {
      "type": "Feature",
      "geometry": {
        "type": "Point",
        "coordinates": [
          129.432808,
          28.381095
        ]
      },
      "properties": {
        "NO": "345",
        "共通ID": "E4622200070111",
        "施設・場所名": "根瀬部老人憩いの家",
        "住所": "鹿児島県奄美市名瀬根瀬部850",
        "指定緊急避難場所との住所同一": "",
        "その他市町村長が必要と認める事項": null,
        "受入対象者": null,
        "備考": ""
      }
    },
    {
      "type": "Feature",
      "geometry": {
        "type": "Point",
        "coordinates": [
          129.506162,
          28.389556
        ]
      },
      "properties": {
        "NO": "346",
        "共通ID": "E4622200151111",
        "施設・場所名": "上佐大熊集会場",
        "住所": "鹿児島県奄美市名瀬佐大熊町18",
        "指定緊急避難場所との住所同一": "",
        "その他市町村長が必要と認める事項": null,
        "受入対象者": null,
        "備考": ""
      }
    },
    {
      "type": "Feature",
      "geometry": {
        "type": "Point",
        "coordinates": [
          129.504859,
          28.366877
        ]
      },
      "properties": {
        "NO": "347",
        "共通ID": "E4622200152111",
        "施設・場所名": "春日集会場",
        "住所": "鹿児島県奄美市名瀬春日町11-1",
        "指定緊急避難場所との住所同一": "",
        "その他市町村長が必要と認める事項": null,
        "受入対象者": null,
        "備考": ""
      }
    },
    {
      "type": "Feature",
      "geometry": {
        "type": "Point",
        "coordinates": [
          129.464797,
          28.394454
        ]
      },
      "properties": {
        "NO": "348",
        "共通ID": "E4622200074111",
        "施設・場所名": "小宿小学校",
        "住所": "鹿児島県奄美市名瀬小宿900",
        "指定緊急避難場所との住所同一": "",
        "その他市町村長が必要と認める事項": null,
        "受入対象者": null,
        "備考": ""
      }
    },
    {
      "type": "Feature",
      "geometry": {
        "type": "Point",
        "coordinates": [
          129.466293,
          28.386158
        ]
      },
      "properties": {
        "NO": "349",
        "共通ID": "E4622200156111",
        "施設・場所名": "里公民館",
        "住所": "鹿児島県奄美市名瀬小宿字里1693",
        "指定緊急避難場所との住所同一": "",
        "その他市町村長が必要と認める事項": null,
        "受入対象者": null,
        "備考": ""
      }
    },
    {
      "type": "Feature",
      "geometry": {
        "type": "Point",
        "coordinates": [
          129.503106,
          28.383414
        ]
      },
      "properties": {
        "NO": "350",
        "共通ID": "E4622200157111",
        "施設・場所名": "伊津部小学校",
        "住所": "鹿児島県奄美市名瀬小浜町14-1",
        "指定緊急避難場所との住所同一": "1",
        "その他市町村長が必要と認める事項": null,
        "受入対象者": null,
        "備考": ""
      }
    },
    {
      "type": "Feature",
      "geometry": {
        "type": "Point",
        "coordinates": [
          129.500774,
          28.369645
        ]
      },
      "properties": {
        "NO": "351",
        "共通ID": "E4622200083111",
        "施設・場所名": "小俣町集会場",
        "住所": "鹿児島県奄美市名瀬小俣町20-1",
        "指定緊急避難場所との住所同一": "",
        "その他市町村長が必要と認める事項": null,
        "受入対象者": null,
        "備考": ""
      }
    },
    {
      "type": "Feature",
      "geometry": {
        "type": "Point",
        "coordinates": [
          129.498833,
          28.364574
        ]
      },
      "properties": {
        "NO": "352",
        "共通ID": "E4622200162111",
        "施設・場所名": "名瀬中学校",
        "住所": "鹿児島県奄美市名瀬真名津町14-1",
        "指定緊急避難場所との住所同一": "1",
        "その他市町村長が必要と認める事項": null,
        "受入対象者": null,
        "備考": ""
      }
    },
    {
      "type": "Feature",
      "geometry": {
        "type": "Point",
        "coordinates": [
          129.541354,
          28.441031
        ]
      },
      "properties": {
        "NO": "353",
        "共通ID": "E4622200166111",
        "施設・場所名": "芦花部地区集会場",
        "住所": "鹿児島県奄美市名瀬大字芦花部1127",
        "指定緊急避難場所との住所同一": "",
        "その他市町村長が必要と認める事項": null,
        "受入対象者": null,
        "備考": ""
      }
    },
    {
      "type": "Feature",
      "geometry": {
        "type": "Point",
        "coordinates": [
          129.530989,
          28.443439
        ]
      },
      "properties": {
        "NO": "354",
        "共通ID": "E4622200167111",
        "施設・場所名": "あった結交流館",
        "住所": "鹿児島県奄美市名瀬大字芦花部152",
        "指定緊急避難場所との住所同一": "",
        "その他市町村長が必要と認める事項": null,
        "受入対象者": null,
        "備考": ""
      }
    },
    {
      "type": "Feature",
      "geometry": {
        "type": "Point",
        "coordinates": [
          129.509972,
          28.329376
        ]
      },
      "properties": {
        "NO": "355",
        "共通ID": "E4622200169111",
        "施設・場所名": "伊津部勝公民館",
        "住所": "鹿児島県奄美市名瀬大字伊津部勝字前田163-1",
        "指定緊急避難場所との住所同一": "",
        "その他市町村長が必要と認める事項": null,
        "受入対象者": null,
        "備考": ""
      }
    },
    {
      "type": "Feature",
      "geometry": {
        "type": "Point",
        "coordinates": [
          129.561101,
          28.336446
        ]
      },
      "properties": {
        "NO": "356",
        "共通ID": "E4622200170111",
        "施設・場所名": "崎原小中学校",
        "住所": "鹿児島県奄美市名瀬大字崎原44",
        "指定緊急避難場所との住所同一": "",
        "その他市町村長が必要と認める事項": null,
        "受入対象者": null,
        "備考": ""
      }
    },
    {
      "type": "Feature",
      "geometry": {
        "type": "Point",
        "coordinates": [
          129.531518,
          28.322463
        ]
      },
      "properties": {
        "NO": "357",
        "共通ID": "E4622200180111",
        "施設・場所名": "小湊小学校",
        "住所": "鹿児島県奄美市名瀬大字小湊外金久281",
        "指定緊急避難場所との住所同一": "",
        "その他市町村長が必要と認める事項": null,
        "受入対象者": null,
        "備考": ""
      }
    },
    {
      "type": "Feature",
      "geometry": {
        "type": "Point",
        "coordinates": [
          129.508598,
          28.325687
        ]
      },
      "properties": {
        "NO": "358",
        "共通ID": "E4622200182111",
        "施設・場所名": "大川小中学校",
        "住所": "鹿児島県奄美市名瀬大字西仲勝1201-3",
        "指定緊急避難場所との住所同一": "1",
        "その他市町村長が必要と認める事項": null,
        "受入対象者": null,
        "備考": ""
      }
    },
    {
      "type": "Feature",
      "geometry": {
        "type": "Point",
        "coordinates": [
          129.507899,
          28.325
        ]
      },
      "properties": {
        "NO": "359",
        "共通ID": "E4622200183111",
        "施設・場所名": "西田（公民館）地区集会場",
        "住所": "鹿児島県奄美市名瀬大字西仲勝1246-1",
        "指定緊急避難場所との住所同一": "",
        "その他市町村長が必要と認める事項": null,
        "受入対象者": null,
        "備考": ""
      }
    },
    {
      "type": "Feature",
      "geometry": {
        "type": "Point",
        "coordinates": [
          129.518622,
          28.321984
        ]
      },
      "properties": {
        "NO": "360",
        "共通ID": "E4622200185111",
        "施設・場所名": "前勝地区集会場",
        "住所": "鹿児島県奄美市名瀬大字西仲勝197-1",
        "指定緊急避難場所との住所同一": "",
        "その他市町村長が必要と認める事項": null,
        "受入対象者": null,
        "備考": ""
      }
    },
    {
      "type": "Feature",
      "geometry": {
        "type": "Point",
        "coordinates": [
          129.51038,
          28.324035
        ]
      },
      "properties": {
        "NO": "361",
        "共通ID": "E4622200113111",
        "施設・場所名": "西仲勝（児童館）地区集会場",
        "住所": "鹿児島県奄美市名瀬大字西仲勝572",
        "指定緊急避難場所との住所同一": "",
        "その他市町村長が必要と認める事項": null,
        "受入対象者": null,
        "備考": ""
      }
    },
    {
      "type": "Feature",
      "geometry": {
        "type": "Point",
        "coordinates": [
          129.521293,
          28.403179
        ]
      },
      "properties": {
        "NO": "362",
        "共通ID": "E4622200187111",
        "施設・場所名": "大熊地区集会場",
        "住所": "鹿児島県奄美市名瀬大字大熊4-1",
        "指定緊急避難場所との住所同一": "",
        "その他市町村長が必要と認める事項": null,
        "受入対象者": null,
        "備考": ""
      }
    },
    {
      "type": "Feature",
      "geometry": {
        "type": "Point",
        "coordinates": [
          129.504961,
          28.330787
        ]
      },
      "properties": {
        "NO": "363",
        "共通ID": "E4622200189111",
        "施設・場所名": "奄美市名瀬農村環境改善センター",
        "住所": "鹿児島県奄美市名瀬大字朝戸1489",
        "指定緊急避難場所との住所同一": "",
        "その他市町村長が必要と認める事項": null,
        "受入対象者": null,
        "備考": ""
      }
    },
    {
      "type": "Feature",
      "geometry": {
        "type": "Point",
        "coordinates": [
          129.447747,
          28.378431
        ]
      },
      "properties": {
        "NO": "364",
        "共通ID": "E4622200071111",
        "施設・場所名": "知名瀬保健福祉館",
        "住所": "鹿児島県奄美市名瀬知名瀬2317",
        "指定緊急避難場所との住所同一": "",
        "その他市町村長が必要と認める事項": null,
        "受入対象者": null,
        "備考": ""
      }
    },
    {
      "type": "Feature",
      "geometry": {
        "type": "Point",
        "coordinates": [
          129.45016,
          28.379796
        ]
      },
      "properties": {
        "NO": "365",
        "共通ID": "E4622200072111",
        "施設・場所名": "養護老人ホームなぎさ園",
        "住所": "鹿児島県奄美市名瀬知名瀬2369-13",
        "指定緊急避難場所との住所同一": "",
        "その他市町村長が必要と認める事項": null,
        "受入対象者": null,
        "備考": ""
      }
    },
    {
      "type": "Feature",
      "geometry": {
        "type": "Point",
        "coordinates": [
          129.526772,
          28.385824
        ]
      },
      "properties": {
        "NO": "366",
        "共通ID": "E4622200068111",
        "施設・場所名": "仲勝町集会場",
        "住所": "鹿児島県奄美市名瀬仲勝町20-2",
        "指定緊急避難場所との住所同一": "",
        "その他市町村長が必要と認める事項": null,
        "受入対象者": null,
        "備考": ""
      }
    },
    {
      "type": "Feature",
      "geometry": {
        "type": "Point",
        "coordinates": [
          129.497472,
          28.335027
        ]
      },
      "properties": {
        "NO": "367",
        "共通ID": "E4622200102111",
        "施設・場所名": "朝戸公民館",
        "住所": "鹿児島県奄美市名瀬朝戸1003",
        "指定緊急避難場所との住所同一": "",
        "その他市町村長が必要と認める事項": null,
        "受入対象者": null,
        "備考": ""
      }
    },
    {
      "type": "Feature",
      "geometry": {
        "type": "Point",
        "coordinates": [
          129.486225,
          28.395373
        ]
      },
      "properties": {
        "NO": "368",
        "共通ID": "E4622200076112",
        "施設・場所名": "朝仁新町集会場",
        "住所": "鹿児島県奄美市名瀬朝仁新町27-22",
        "指定緊急避難場所との住所同一": "",
        "その他市町村長が必要と認める事項": null,
        "受入対象者": null,
        "備考": ""
      }
    },
    {
      "type": "Feature",
      "geometry": {
        "type": "Point",
        "coordinates": [
          129.480156,
          28.398391
        ]
      },
      "properties": {
        "NO": "369",
        "共通ID": "E4622200287111",
        "施設・場所名": "朝仁児童館",
        "住所": "鹿児島県奄美市名瀬朝仁町22-9",
        "指定緊急避難場所との住所同一": "",
        "その他市町村長が必要と認める事項": null,
        "受入対象者": null,
        "備考": ""
      }
    },
    {
      "type": "Feature",
      "geometry": {
        "type": "Point",
        "coordinates": [
          129.526601,
          28.398357
        ]
      },
      "properties": {
        "NO": "370",
        "共通ID": "E4622200207111",
        "施設・場所名": "朝日中学校",
        "住所": "鹿児島県奄美市名瀬朝日町29-1",
        "指定緊急避難場所との住所同一": "1",
        "その他市町村長が必要と認める事項": null,
        "受入対象者": null,
        "備考": ""
      }
    },
    {
      "type": "Feature",
      "geometry": {
        "type": "Point",
        "coordinates": [
          129.526541,
          28.394451
        ]
      },
      "properties": {
        "NO": "371",
        "共通ID": "E4622200104111",
        "施設・場所名": "朝日集会場",
        "住所": "鹿児島県奄美市名瀬朝日町8",
        "指定緊急避難場所との住所同一": "",
        "その他市町村長が必要と認める事項": null,
        "受入対象者": null,
        "備考": ""
      }
    },
    {
      "type": "Feature",
      "geometry": {
        "type": "Point",
        "coordinates": [
          129.494878,
          28.396181
        ]
      },
      "properties": {
        "NO": "372",
        "共通ID": "E4622200087111",
        "施設・場所名": "長浜町集会場",
        "住所": "鹿児島県奄美市名瀬長浜町26-8",
        "指定緊急避難場所との住所同一": "",
        "その他市町村長が必要と認める事項": null,
        "受入対象者": null,
        "備考": ""
      }
    },
    {
      "type": "Feature",
      "geometry": {
        "type": "Point",
        "coordinates": [
          129.495006,
          28.391014
        ]
      },
      "properties": {
        "NO": "373",
        "共通ID": "E4622200088111",
        "施設・場所名": "名瀬公民館金久分館",
        "住所": "鹿児島県奄美市名瀬長浜町5-1",
        "指定緊急避難場所との住所同一": "",
        "その他市町村長が必要と認める事項": null,
        "受入対象者": null,
        "備考": ""
      }
    },
    {
      "type": "Feature",
      "geometry": {
        "type": "Point",
        "coordinates": [
          129.494905,
          28.399034
        ]
      },
      "properties": {
        "NO": "374",
        "共通ID": "E4622200086111",
        "施設・場所名": "奄美文化センター",
        "住所": "鹿児島県奄美市名瀬長浜町517",
        "指定緊急避難場所との住所同一": "",
        "その他市町村長が必要と認める事項": null,
        "受入対象者": null,
        "備考": ""
      }
    },
    {
      "type": "Feature",
      "geometry": {
        "type": "Point",
        "coordinates": [
          129.519503,
          28.399437
        ]
      },
      "properties": {
        "NO": "375",
        "共通ID": "E4622200064111",
        "施設・場所名": "鳩浜町集会場",
        "住所": "鹿児島県奄美市名瀬鳩浜町62",
        "指定緊急避難場所との住所同一": "",
        "その他市町村長が必要と認める事項": null,
        "受入対象者": null,
        "備考": ""
      }
    },
    {
      "type": "Feature",
      "geometry": {
        "type": "Point",
        "coordinates": [
          129.471833,
          28.399736
        ]
      },
      "properties": {
        "NO": "376",
        "共通ID": "E4622200221111",
        "施設・場所名": "浜里団地集会場",
        "住所": "鹿児島県奄美市名瀬浜里14",
        "指定緊急避難場所との住所同一": "",
        "その他市町村長が必要と認める事項": null,
        "受入対象者": null,
        "備考": ""
      }
    },
    {
      "type": "Feature",
      "geometry": {
        "type": "Point",
        "coordinates": [
          129.469937,
          28.401001
        ]
      },
      "properties": {
        "NO": "377",
        "共通ID": "E4622200223111",
        "施設・場所名": "平松県営住宅集会場",
        "住所": "鹿児島県奄美市名瀬平松1",
        "指定緊急避難場所との住所同一": "",
        "その他市町村長が必要と認める事項": null,
        "受入対象者": null,
        "備考": ""
      }
    },
    {
      "type": "Feature",
      "geometry": {
        "type": "Point",
        "coordinates": [
          129.499296,
          28.360984
        ]
      },
      "properties": {
        "NO": "378",
        "共通ID": "E4622200224111",
        "施設・場所名": "市営住宅生産団地集会所",
        "住所": "鹿児島県奄美市名瀬平田町16-1",
        "指定緊急避難場所との住所同一": "",
        "その他市町村長が必要と認める事項": null,
        "受入対象者": null,
        "備考": ""
      }
    },
    {
      "type": "Feature",
      "geometry": {
        "type": "Point",
        "coordinates": [
          129.495858,
          28.377491
        ]
      },
      "properties": {
        "NO": "379",
        "共通ID": "E4622200230111",
        "施設・場所名": "ＡｉＡｉひろば",
        "住所": "鹿児島県奄美市名瀬末広町14-10",
        "指定緊急避難場所との住所同一": "1",
        "その他市町村長が必要と認める事項": null,
        "受入対象者": null,
        "備考": ""
      }
    },
    {
      "type": "Feature",
      "geometry": {
        "type": "Point",
        "coordinates": [
          129.52244,
          28.32766
        ]
      },
      "properties": {
        "NO": "380",
        "共通ID": "E4622200232111",
        "施設・場所名": "名瀬勝公民館",
        "住所": "鹿児島県奄美市名瀬名瀬勝2043-2",
        "指定緊急避難場所との住所同一": "",
        "その他市町村長が必要と認める事項": null,
        "受入対象者": null,
        "備考": ""
      }
    },
    {
      "type": "Feature",
      "geometry": {
        "type": "Point",
        "coordinates": [
          129.491861,
          28.383969
        ]
      },
      "properties": {
        "NO": "381",
        "共通ID": "E4622200110111",
        "施設・場所名": "大島拘置支所",
        "住所": "鹿児島県奄美市名瀬矢之脇町21-1",
        "指定緊急避難場所との住所同一": "",
        "その他市町村長が必要と認める事項": "",
        "受入対象者": "",
        "備考": ""
      }
    },
    {
      "type": "Feature",
      "geometry": {
        "type": "Point",
        "coordinates": [
          129.488495,
          28.380059
        ]
      },
      "properties": {
        "NO": "382",
        "共通ID": "E4622200089111",
        "施設・場所名": "柳町集会場",
        "住所": "鹿児島県奄美市名瀬柳町20-2",
        "指定緊急避難場所との住所同一": "",
        "その他市町村長が必要と認める事項": null,
        "受入対象者": null,
        "備考": ""
      }
    },
    {
      "type": "Feature",
      "geometry": {
        "type": "Point",
        "coordinates": [
          129.529157,
          28.391565
        ]
      },
      "properties": {
        "NO": "383",
        "共通ID": "E4622200067111",
        "施設・場所名": "有屋町集会場",
        "住所": "鹿児島県奄美市名瀬有屋町24-7",
        "指定緊急避難場所との住所同一": "",
        "その他市町村長が必要と認める事項": null,
        "受入対象者": null,
        "備考": ""
      }
    },
    {
      "type": "Feature",
      "geometry": {
        "type": "Point",
        "coordinates": [
          129.529358,
          28.445344
        ]
      },
      "properties": {
        "NO": "384",
        "共通ID": "E4622200061111",
        "施設・場所名": "有良児童館",
        "住所": "鹿児島県奄美市名瀬有良9-1",
        "指定緊急避難場所との住所同一": "",
        "その他市町村長が必要と認める事項": null,
        "受入対象者": null,
        "備考": ""
      }
    },
    {
      "type": "Feature",
      "geometry": {
        "type": "Point",
        "coordinates": [
          129.51668,
          28.38481
        ]
      },
      "properties": {
        "NO": "385",
        "共通ID": "E4622200241111",
        "施設・場所名": "国立療養所奄美和光園",
        "住所": "鹿児島県奄美市名瀬和光町1700",
        "指定緊急避難場所との住所同一": "1",
        "その他市町村長が必要と認める事項": null,
        "受入対象者": null,
        "備考": ""
      }
    },
    {
      "type": "Feature",
      "geometry": {
        "type": "Point",
        "coordinates": [
          130.650879,
          30.319224
        ]
      },
      "properties": {
        "NO": "386",
        "共通ID": "E4650500001111",
        "施設・場所名": "安房小学校",
        "住所": "鹿児島県屋久島町安房1264-7",
        "指定緊急避難場所との住所同一": "1",
        "その他市町村長が必要と認める事項": null,
        "受入対象者": null,
        "備考": ""
      }
    },
    {
      "type": "Feature",
      "geometry": {
        "type": "Point",
        "coordinates": [
          130.650832,
          30.326687
        ]
      },
      "properties": {
        "NO": "387",
        "共通ID": "E4650500002111",
        "施設・場所名": "松峯生活館",
        "住所": "鹿児島県屋久島町安房1430-20",
        "指定緊急避難場所との住所同一": "1",
        "その他市町村長が必要と認める事項": null,
        "受入対象者": null,
        "備考": ""
      }
    },
    {
      "type": "Feature",
      "geometry": {
        "type": "Point",
        "coordinates": [
          130.656532,
          30.316275
        ]
      },
      "properties": {
        "NO": "388",
        "共通ID": "E4650500003111",
        "施設・場所名": "安房地区公民館",
        "住所": "鹿児島県屋久島町安房152-2",
        "指定緊急避難場所との住所同一": "1",
        "その他市町村長が必要と認める事項": null,
        "受入対象者": null,
        "備考": ""
      }
    },
    {
      "type": "Feature",
      "geometry": {
        "type": "Point",
        "coordinates": [
          130.655568,
          30.316573
        ]
      },
      "properties": {
        "NO": "389",
        "共通ID": "E4650500004111",
        "施設・場所名": "総合センター",
        "住所": "鹿児島県屋久島町安房187-1",
        "指定緊急避難場所との住所同一": "1",
        "その他市町村長が必要と認める事項": null,
        "受入対象者": null,
        "備考": ""
      }
    },
    {
      "type": "Feature",
      "geometry": {
        "type": "Point",
        "coordinates": [
          130.652372,
          30.311265
        ]
      },
      "properties": {
        "NO": "390",
        "共通ID": "E4650500005111",
        "施設・場所名": "安房中学校",
        "住所": "鹿児島県屋久島町安房2371-67",
        "指定緊急避難場所との住所同一": "1",
        "その他市町村長が必要と認める事項": null,
        "受入対象者": null,
        "備考": ""
      }
    },
    {
      "type": "Feature",
      "geometry": {
        "type": "Point",
        "coordinates": [
          130.648451,
          30.311318
        ]
      },
      "properties": {
        "NO": "391",
        "共通ID": "E4650500006111",
        "施設・場所名": "春牧へき地保健福祉館",
        "住所": "鹿児島県屋久島町安房2384-5",
        "指定緊急避難場所との住所同一": "1",
        "その他市町村長が必要と認める事項": null,
        "受入対象者": null,
        "備考": ""
      }
    },
    {
      "type": "Feature",
      "geometry": {
        "type": "Point",
        "coordinates": [
          130.632592,
          30.287026
        ]
      },
      "properties": {
        "NO": "392",
        "共通ID": "E4650500007111",
        "施設・場所名": "平野公民館",
        "住所": "鹿児島県屋久島町安房2617-205",
        "指定緊急避難場所との住所同一": "1",
        "その他市町村長が必要と認める事項": null,
        "受入対象者": null,
        "備考": ""
      }
    },
    {
      "type": "Feature",
      "geometry": {
        "type": "Point",
        "coordinates": [
          130.65457,
          30.315868
        ]
      },
      "properties": {
        "NO": "393",
        "共通ID": "E4650500009111",
        "施設・場所名": "安房体育館",
        "住所": "鹿児島県屋久島町安房304-1",
        "指定緊急避難場所との住所同一": "1",
        "その他市町村長が必要と認める事項": null,
        "受入対象者": null,
        "備考": ""
      }
    },
    {
      "type": "Feature",
      "geometry": {
        "type": "Point",
        "coordinates": [
          130.483973,
          30.434042
        ]
      },
      "properties": {
        "NO": "394",
        "共通ID": "E4650500010111",
        "施設・場所名": "一湊白川地区避難所",
        "住所": "鹿児島県屋久島町一湊2418-78",
        "指定緊急避難場所との住所同一": "1",
        "その他市町村長が必要と認める事項": null,
        "受入対象者": null,
        "備考": ""
      }
    },
    {
      "type": "Feature",
      "geometry": {
        "type": "Point",
        "coordinates": [
          130.48781,
          30.453337
        ]
      },
      "properties": {
        "NO": "395",
        "共通ID": "E4650500011111",
        "施設・場所名": "一湊公民館",
        "住所": "鹿児島県屋久島町一湊348-1",
        "指定緊急避難場所との住所同一": "1",
        "その他市町村長が必要と認める事項": null,
        "受入対象者": null,
        "備考": ""
      }
    },
    {
      "type": "Feature",
      "geometry": {
        "type": "Point",
        "coordinates": [
          130.485236,
          30.450552
        ]
      },
      "properties": {
        "NO": "396",
        "共通ID": "E4650500012111",
        "施設・場所名": "一湊小学校",
        "住所": "鹿児島県屋久島町一湊488-1",
        "指定緊急避難場所との住所同一": "1",
        "その他市町村長が必要と認める事項": null,
        "受入対象者": null,
        "備考": ""
      }
    },
    {
      "type": "Feature",
      "geometry": {
        "type": "Point",
        "coordinates": [
          130.430487,
          30.394229
        ]
      },
      "properties": {
        "NO": "397",
        "共通ID": "E4650500013111",
        "施設・場所名": "永田果樹会館",
        "住所": "鹿児島県屋久島町永田2564-8",
        "指定緊急避難場所との住所同一": "1",
        "その他市町村長が必要と認める事項": null,
        "受入対象者": null,
        "備考": ""
      }
    },
    {
      "type": "Feature",
      "geometry": {
        "type": "Point",
        "coordinates": [
          130.425962,
          30.394057
        ]
      },
      "properties": {
        "NO": "398",
        "共通ID": "E4650500014111",
        "施設・場所名": "ふるさと創生会館",
        "住所": "鹿児島県屋久島町永田2872",
        "指定緊急避難場所との住所同一": "1",
        "その他市町村長が必要と認める事項": null,
        "受入対象者": null,
        "備考": ""
      }
    },
    {
      "type": "Feature",
      "geometry": {
        "type": "Point",
        "coordinates": [
          130.425187,
          30.394971
        ]
      },
      "properties": {
        "NO": "399",
        "共通ID": "E4650500015111",
        "施設・場所名": "永田小学校",
        "住所": "鹿児島県屋久島町永田2947",
        "指定緊急避難場所との住所同一": "1",
        "その他市町村長が必要と認める事項": null,
        "受入対象者": null,
        "備考": ""
      }
    },
    {
      "type": "Feature",
      "geometry": {
        "type": "Point",
        "coordinates": [
          130.459793,
          30.43127
        ]
      },
      "properties": {
        "NO": "400",
        "共通ID": "E4650500016111",
        "施設・場所名": "吉田コミュニティーセンターふれあい館",
        "住所": "鹿児島県屋久島町吉田292-2",
        "指定緊急避難場所との住所同一": "1",
        "その他市町村長が必要と認める事項": null,
        "受入対象者": null,
        "備考": ""
      }
    },
    {
      "type": "Feature",
      "geometry": {
        "type": "Point",
        "coordinates": [
          130.463588,
          30.433057
        ]
      },
      "properties": {
        "NO": "401",
        "共通ID": "E4650500017111",
        "施設・場所名": "吉田生活館",
        "住所": "鹿児島県屋久島町吉田74",
        "指定緊急避難場所との住所同一": "1",
        "その他市町村長が必要と認める事項": null,
        "受入対象者": null,
        "備考": ""
      }
    },
    {
      "type": "Feature",
      "geometry": {
        "type": "Point",
        "coordinates": [
          130.557983,
          30.434709
        ]
      },
      "properties": {
        "NO": "402",
        "共通ID": "E4650500018111",
        "施設・場所名": "宮之浦児童館",
        "住所": "鹿児島県屋久島町宮之浦1260-22",
        "指定緊急避難場所との住所同一": "1",
        "その他市町村長が必要と認める事項": null,
        "受入対象者": null,
        "備考": ""
      }
    },
    {
      "type": "Feature",
      "geometry": {
        "type": "Point",
        "coordinates": [
          130.569218,
          30.424036
        ]
      },
      "properties": {
        "NO": "403",
        "共通ID": "E4650500019111",
        "施設・場所名": "宮之浦公民館",
        "住所": "鹿児島県屋久島町宮之浦177-4",
        "指定緊急避難場所との住所同一": "1",
        "その他市町村長が必要と認める事項": null,
        "受入対象者": null,
        "備考": ""
      }
    },
    {
      "type": "Feature",
      "geometry": {
        "type": "Point",
        "coordinates": [
          130.573569,
          30.422258
        ]
      },
      "properties": {
        "NO": "404",
        "共通ID": "E4650500020111",
        "施設・場所名": "宮浦小学校",
        "住所": "鹿児島県屋久島町宮之浦2437-1",
        "指定緊急避難場所との住所同一": "1",
        "その他市町村長が必要と認める事項": null,
        "受入対象者": null,
        "備考": ""
      }
    },
    {
      "type": "Feature",
      "geometry": {
        "type": "Point",
        "coordinates": [
          130.587765,
          30.418
        ]
      },
      "properties": {
        "NO": "405",
        "共通ID": "E4650500021121",
        "施設・場所名": "屋久島町福祉センター縄文の苑",
        "住所": "鹿児島県屋久島町宮之浦2467-19",
        "指定緊急避難場所との住所同一": "",
        "その他市町村長が必要と認める事項": null,
        "受入対象者": "要配慮者",
        "備考": ""
      }
    },
    {
      "type": "Feature",
      "geometry": {
        "type": "Point",
        "coordinates": [
          130.577467,
          30.420395
        ]
      },
      "properties": {
        "NO": "406",
        "共通ID": "E4650500023111",
        "施設・場所名": "宮之浦体育館",
        "住所": "鹿児島県屋久島町宮之浦2482-5",
        "指定緊急避難場所との住所同一": "1",
        "その他市町村長が必要と認める事項": null,
        "受入対象者": null,
        "備考": ""
      }
    },
    {
      "type": "Feature",
      "geometry": {
        "type": "Point",
        "coordinates": [
          130.424765,
          30.271164
        ]
      },
      "properties": {
        "NO": "407",
        "共通ID": "E4650500024111",
        "施設・場所名": "栗生生活館",
        "住所": "鹿児島県屋久島町栗生1735",
        "指定緊急避難場所との住所同一": "1",
        "その他市町村長が必要と認める事項": null,
        "受入対象者": null,
        "備考": ""
      }
    },
    {
      "type": "Feature",
      "geometry": {
        "type": "Point",
        "coordinates": [
          130.424985,
          30.275947
        ]
      },
      "properties": {
        "NO": "408",
        "共通ID": "E4650500025111",
        "施設・場所名": "栗生小学校",
        "住所": "鹿児島県屋久島町栗生2270-1",
        "指定緊急避難場所との住所同一": "1",
        "その他市町村長が必要と認める事項": null,
        "受入対象者": null,
        "備考": ""
      }
    },
    {
      "type": "Feature",
      "geometry": {
        "type": "Point",
        "coordinates": [
          130.580169,
          30.245334
        ]
      },
      "properties": {
        "NO": "409",
        "共通ID": "E4650500026111",
        "施設・場所名": "神山小学校",
        "住所": "鹿児島県屋久島町原3-1",
        "指定緊急避難場所との住所同一": "1",
        "その他市町村長が必要と認める事項": null,
        "受入対象者": null,
        "備考": ""
      }
    },
    {
      "type": "Feature",
      "geometry": {
        "type": "Point",
        "coordinates": [
          130.578819,
          30.244747
        ]
      },
      "properties": {
        "NO": "410",
        "共通ID": "E4650500027111",
        "施設・場所名": "原公民館",
        "住所": "鹿児島県屋久島町原367-1",
        "指定緊急避難場所との住所同一": "1",
        "その他市町村長が必要と認める事項": null,
        "受入対象者": null,
        "備考": ""
      }
    },
    {
      "type": "Feature",
      "geometry": {
        "type": "Point",
        "coordinates": [
          130.247823,
          30.454428
        ]
      },
      "properties": {
        "NO": "411",
        "共通ID": "E4650500028111",
        "施設・場所名": "口永良部島湯向公民館",
        "住所": "鹿児島県屋久島町口永良部島1739-8",
        "指定緊急避難場所との住所同一": "1",
        "その他市町村長が必要と認める事項": null,
        "受入対象者": null,
        "備考": ""
      }
    },
    {
      "type": "Feature",
      "geometry": {
        "type": "Point",
        "coordinates": [
          130.176066,
          30.470239
        ]
      },
      "properties": {
        "NO": "412",
        "共通ID": "E4650500029111",
        "施設・場所名": "番屋ヶ峰避難所",
        "住所": "鹿児島県屋久島町口永良部島207-4",
        "指定緊急避難場所との住所同一": "1",
        "その他市町村長が必要と認める事項": null,
        "受入対象者": null,
        "備考": ""
      }
    },
    {
      "type": "Feature",
      "geometry": {
        "type": "Point",
        "coordinates": [
          130.190295,
          30.463601
        ]
      },
      "properties": {
        "NO": "413",
        "共通ID": "E4650500030111",
        "施設・場所名": "役場口永良部島出張所",
        "住所": "鹿児島県屋久島町口永良部島372",
        "指定緊急避難場所との住所同一": "1",
        "その他市町村長が必要と認める事項": null,
        "受入対象者": null,
        "備考": ""
      }
    },
    {
      "type": "Feature",
      "geometry": {
        "type": "Point",
        "coordinates": [
          130.19353,
          30.465702
        ]
      },
      "properties": {
        "NO": "414",
        "共通ID": "E4650500031111",
        "施設・場所名": "金岳小学校",
        "住所": "鹿児島県屋久島町口永良部島656",
        "指定緊急避難場所との住所同一": "1",
        "その他市町村長が必要と認める事項": null,
        "受入対象者": null,
        "備考": ""
      }
    },
    {
      "type": "Feature",
      "geometry": {
        "type": "Point",
        "coordinates": [
          130.192379,
          30.465595
        ]
      },
      "properties": {
        "NO": "415",
        "共通ID": "E4650500032111",
        "施設・場所名": "口永良部島へき地保健福祉館",
        "住所": "鹿児島県屋久島町口永良部島656-1",
        "指定緊急避難場所との住所同一": "1",
        "その他市町村長が必要と認める事項": null,
        "受入対象者": null,
        "備考": ""
      }
    },
    {
      "type": "Feature",
      "geometry": {
        "type": "Point",
        "coordinates": [
          130.518383,
          30.447771
        ]
      },
      "properties": {
        "NO": "416",
        "共通ID": "E4650500033111",
        "施設・場所名": "志戸子公民館",
        "住所": "鹿児島県屋久島町志戸子72-1",
        "指定緊急避難場所との住所同一": "1",
        "その他市町村長が必要と認める事項": null,
        "受入対象者": null,
        "備考": ""
      }
    },
    {
      "type": "Feature",
      "geometry": {
        "type": "Point",
        "coordinates": [
          130.641459,
          30.397485
        ]
      },
      "properties": {
        "NO": "417",
        "共通ID": "E4650500035111",
        "施設・場所名": "小瀬田公民館",
        "住所": "鹿児島県屋久島町小瀬田13-11",
        "指定緊急避難場所との住所同一": "1",
        "その他市町村長が必要と認める事項": null,
        "受入対象者": null,
        "備考": ""
      }
    },
    {
      "type": "Feature",
      "geometry": {
        "type": "Point",
        "coordinates": [
          130.636746,
          30.396016
        ]
      },
      "properties": {
        "NO": "418",
        "共通ID": "E4650500036111",
        "施設・場所名": "小瀬田小学校",
        "住所": "鹿児島県屋久島町小瀬田1436-88",
        "指定緊急避難場所との住所同一": "1",
        "その他市町村長が必要と認める事項": null,
        "受入対象者": null,
        "備考": ""
      }
    },
    {
      "type": "Feature",
      "geometry": {
        "type": "Point",
        "coordinates": [
          130.659939,
          30.381084
        ]
      },
      "properties": {
        "NO": "419",
        "共通ID": "E4650500037111",
        "施設・場所名": "長峰生活館",
        "住所": "鹿児島県屋久島町小瀬田776-7",
        "指定緊急避難場所との住所同一": "1",
        "その他市町村長が必要と認める事項": null,
        "受入対象者": null,
        "備考": ""
      }
    },
    {
      "type": "Feature",
      "geometry": {
        "type": "Point",
        "coordinates": [
          130.536659,
          30.234318
        ]
      },
      "properties": {
        "NO": "420",
        "共通ID": "E4650500038111",
        "施設・場所名": "小島観光農林漁業経営管理施設",
        "住所": "鹿児島県屋久島町小島17-11",
        "指定緊急避難場所との住所同一": "1",
        "その他市町村長が必要と認める事項": null,
        "受入対象者": null,
        "備考": ""
      }
    },
    {
      "type": "Feature",
      "geometry": {
        "type": "Point",
        "coordinates": [
          130.535377,
          30.236377
        ]
      },
      "properties": {
        "NO": "421",
        "共通ID": "E4650500039111",
        "施設・場所名": "岳南中学校",
        "住所": "鹿児島県屋久島町小島63-23",
        "指定緊急避難場所との住所同一": "1",
        "その他市町村長が必要と認める事項": null,
        "受入対象者": null,
        "備考": ""
      }
    },
    {
      "type": "Feature",
      "geometry": {
        "type": "Point",
        "coordinates": [
          130.662426,
          30.361521
        ]
      },
      "properties": {
        "NO": "422",
        "共通ID": "E4650500040111",
        "施設・場所名": "永久保生活館",
        "住所": "鹿児島県屋久島町船行1045-103",
        "指定緊急避難場所との住所同一": "1",
        "その他市町村長が必要と認める事項": "",
        "受入対象者": "",
        "備考": ""
      }
    },
    {
      "type": "Feature",
      "geometry": {
        "type": "Point",
        "coordinates": [
          130.65525,
          30.337047
        ]
      },
      "properties": {
        "NO": "423",
        "共通ID": "E4650500042111",
        "施設・場所名": "船行公民館",
        "住所": "鹿児島県屋久島町船行9-2",
        "指定緊急避難場所との住所同一": "1",
        "その他市町村長が必要と認める事項": null,
        "受入対象者": null,
        "備考": ""
      }
    },
    {
      "type": "Feature",
      "geometry": {
        "type": "Point",
        "coordinates": [
          130.43202,
          30.256863
        ]
      },
      "properties": {
        "NO": "424",
        "共通ID": "E4650500043111",
        "施設・場所名": "中間公民館",
        "住所": "鹿児島県屋久島町中間703",
        "指定緊急避難場所との住所同一": "1",
        "その他市町村長が必要と認める事項": null,
        "受入対象者": null,
        "備考": ""
      }
    },
    {
      "type": "Feature",
      "geometry": {
        "type": "Point",
        "coordinates": [
          130.480567,
          30.234485
        ]
      },
      "properties": {
        "NO": "425",
        "共通ID": "E4650500044111",
        "施設・場所名": "湯泊生活館",
        "住所": "鹿児島県屋久島町湯泊8",
        "指定緊急避難場所との住所同一": "1",
        "その他市町村長が必要と認める事項": null,
        "受入対象者": null,
        "備考": ""
      }
    },
    {
      "type": "Feature",
      "geometry": {
        "type": "Point",
        "coordinates": [
          130.620792,
          30.403171
        ]
      },
      "properties": {
        "NO": "426",
        "共通ID": "E4650500045111",
        "施設・場所名": "椨川生活館",
        "住所": "鹿児島県屋久島町楠川1480-1",
        "指定緊急避難場所との住所同一": "1",
        "その他市町村長が必要と認める事項": null,
        "受入対象者": null,
        "備考": ""
      }
    },
    {
      "type": "Feature",
      "geometry": {
        "type": "Point",
        "coordinates": [
          130.594306,
          30.413772
        ]
      },
      "properties": {
        "NO": "427",
        "共通ID": "E4650500046111",
        "施設・場所名": "楠川公民館",
        "住所": "鹿児島県屋久島町楠川191",
        "指定緊急避難場所との住所同一": "1",
        "その他市町村長が必要と認める事項": null,
        "受入対象者": null,
        "備考": ""
      }
    },
    {
      "type": "Feature",
      "geometry": {
        "type": "Point",
        "coordinates": [
          130.614362,
          30.271686
        ]
      },
      "properties": {
        "NO": "428",
        "共通ID": "E4650500047111",
        "施設・場所名": "高平公民館",
        "住所": "鹿児島県屋久島町麦生318-134",
        "指定緊急避難場所との住所同一": "1",
        "その他市町村長が必要と認める事項": null,
        "受入対象者": null,
        "備考": ""
      }
    },
    {
      "type": "Feature",
      "geometry": {
        "type": "Point",
        "coordinates": [
          130.599561,
          30.257189
        ]
      },
      "properties": {
        "NO": "429",
        "共通ID": "E4650500048111",
        "施設・場所名": "麦生観光農林漁業経営管理施設",
        "住所": "鹿児島県屋久島町麦生719-1",
        "指定緊急避難場所との住所同一": "1",
        "その他市町村長が必要と認める事項": null,
        "受入対象者": null,
        "備考": ""
      }
    },
    {
      "type": "Feature",
      "geometry": {
        "type": "Point",
        "coordinates": [
          130.555091,
          30.238454
        ]
      },
      "properties": {
        "NO": "430",
        "共通ID": "E4650500049111",
        "施設・場所名": "尾之間自然休養村管理センター",
        "住所": "鹿児島県屋久島町尾之間284",
        "指定緊急避難場所との住所同一": "1",
        "その他市町村長が必要と認める事項": null,
        "受入対象者": null,
        "備考": ""
      }
    },
    {
      "type": "Feature",
      "geometry": {
        "type": "Point",
        "coordinates": [
          130.557604,
          30.236673
        ]
      },
      "properties": {
        "NO": "431",
        "共通ID": "E4650500050121",
        "施設・場所名": "屋久島町総合福祉センターこまどり館",
        "住所": "鹿児島県屋久島町尾之間459-1",
        "指定緊急避難場所との住所同一": "",
        "その他市町村長が必要と認める事項": null,
        "受入対象者": "要配慮者",
        "備考": ""
      }
    },
    {
      "type": "Feature",
      "geometry": {
        "type": "Point",
        "coordinates": [
          130.507872,
          30.237289
        ]
      },
      "properties": {
        "NO": "432",
        "共通ID": "E4650500052111",
        "施設・場所名": "八幡小学校",
        "住所": "鹿児島県屋久島町平内444-1",
        "指定緊急避難場所との住所同一": "1",
        "その他市町村長が必要と認める事項": null,
        "受入対象者": null,
        "備考": ""
      }
    },
    {
      "type": "Feature",
      "geometry": {
        "type": "Point",
        "coordinates": [
          130.504797,
          30.237132
        ]
      },
      "properties": {
        "NO": "433",
        "共通ID": "E4650500053111",
        "施設・場所名": "平内生活館",
        "住所": "鹿児島県屋久島町平内460-20",
        "指定緊急避難場所との住所同一": "1",
        "その他市町村長が必要と認める事項": null,
        "受入対象者": null,
        "備考": ""
      }
    },
    {
      "type": "Feature",
      "geometry": {
        "type": "Point",
        "coordinates": [
          130.951328,
          31.336777
        ]
      },
      "properties": {
        "NO": "434",
        "共通ID": "E4649200001111",
        "施設・場所名": "肝付町福祉会館",
        "住所": "鹿児島県肝付町5589-8",
        "指定緊急避難場所との住所同一": "",
        "その他市町村長が必要と認める事項": null,
        "受入対象者": null,
        "備考": ""
      }
    },
    {
      "type": "Feature",
      "geometry": {
        "type": "Point",
        "coordinates": [
          130.990599,
          31.187135
        ]
      },
      "properties": {
        "NO": "435",
        "共通ID": "E4649200002111",
        "施設・場所名": "船間地区研修センター",
        "住所": "鹿児島県肝付町岸良1268-1",
        "指定緊急避難場所との住所同一": "1",
        "その他市町村長が必要と認める事項": null,
        "受入対象者": null,
        "備考": ""
      }
    },
    {
      "type": "Feature",
      "geometry": {
        "type": "Point",
        "coordinates": [
          130.918479,
          31.125747
        ]
      },
      "properties": {
        "NO": "436",
        "共通ID": "E4649200003111",
        "施設・場所名": "旧大浦小中学校",
        "住所": "鹿児島県肝付町岸良1474",
        "指定緊急避難場所との住所同一": "",
        "その他市町村長が必要と認める事項": null,
        "受入対象者": null,
        "備考": ""
      }
    },
    {
      "type": "Feature",
      "geometry": {
        "type": "Point",
        "coordinates": [
          131.003082,
          31.226905
        ]
      },
      "properties": {
        "NO": "437",
        "共通ID": "E4649200004111",
        "施設・場所名": "岸良出張所",
        "住所": "鹿児島県肝付町岸良482-1",
        "指定緊急避難場所との住所同一": "1",
        "その他市町村長が必要と認める事項": null,
        "受入対象者": null,
        "備考": ""
      }
    },
    {
      "type": "Feature",
      "geometry": {
        "type": "Point",
        "coordinates": [
          130.91211,
          31.363436
        ]
      },
      "properties": {
        "NO": "438",
        "共通ID": "E4649200005111",
        "施設・場所名": "宮富地区公民館",
        "住所": "鹿児島県肝付町宮下1634",
        "指定緊急避難場所との住所同一": "1",
        "その他市町村長が必要と認める事項": null,
        "受入対象者": null,
        "備考": ""
      }
    },
    {
      "type": "Feature",
      "geometry": {
        "type": "Point",
        "coordinates": [
          130.94428,
          31.319967
        ]
      },
      "properties": {
        "NO": "439",
        "共通ID": "E4649200006111",
        "施設・場所名": "国見中学校体育館",
        "住所": "鹿児島県肝付町後田1857",
        "指定緊急避難場所との住所同一": "",
        "その他市町村長が必要と認める事項": null,
        "受入対象者": null,
        "備考": ""
      }
    },
    {
      "type": "Feature",
      "geometry": {
        "type": "Point",
        "coordinates": [
          130.950718,
          31.283417
        ]
      },
      "properties": {
        "NO": "440",
        "共通ID": "E4649200007111",
        "施設・場所名": "旧川上小学校",
        "住所": "鹿児島県肝付町後田6329",
        "指定緊急避難場所との住所同一": "",
        "その他市町村長が必要と認める事項": "",
        "受入対象者": "",
        "備考": ""
      }
    },
    {
      "type": "Feature",
      "geometry": {
        "type": "Point",
        "coordinates": [
          130.959557,
          31.342494
        ]
      },
      "properties": {
        "NO": "441",
        "共通ID": "E4649200008111",
        "施設・場所名": "新富地区公民館",
        "住所": "鹿児島県肝付町新富4048-1",
        "指定緊急避難場所との住所同一": "1",
        "その他市町村長が必要と認める事項": null,
        "受入対象者": null,
        "備考": ""
      }
    },
    {
      "type": "Feature",
      "geometry": {
        "type": "Point",
        "coordinates": [
          130.949857,
          31.33723
        ]
      },
      "properties": {
        "NO": "442",
        "共通ID": "E4649200009111",
        "施設・場所名": "高山やぶさめ館",
        "住所": "鹿児島県肝付町新富5590-35",
        "指定緊急避難場所との住所同一": "",
        "その他市町村長が必要と認める事項": null,
        "受入対象者": null,
        "備考": ""
      }
    },
    {
      "type": "Feature",
      "geometry": {
        "type": "Point",
        "coordinates": [
          130.945338,
          31.344681
        ]
      },
      "properties": {
        "NO": "443",
        "共通ID": "E4649200010111",
        "施設・場所名": "町コミュニティセンター",
        "住所": "鹿児島県肝付町新富98",
        "指定緊急避難場所との住所同一": "1",
        "その他市町村長が必要と認める事項": null,
        "受入対象者": null,
        "備考": ""
      }
    },
    {
      "type": "Feature",
      "geometry": {
        "type": "Point",
        "coordinates": [
          130.94009,
          31.348004
        ]
      },
      "properties": {
        "NO": "444",
        "共通ID": "E4649200011111",
        "施設・場所名": "町民集会所（いこいの家）",
        "住所": "鹿児島県肝付町前田3690",
        "指定緊急避難場所との住所同一": "",
        "その他市町村長が必要と認める事項": null,
        "受入対象者": null,
        "備考": ""
      }
    },
    {
      "type": "Feature",
      "geometry": {
        "type": "Point",
        "coordinates": [
          130.935404,
          31.34222
        ]
      },
      "properties": {
        "NO": "445",
        "共通ID": "E4649200012111",
        "施設・場所名": "前田地区公民館",
        "住所": "鹿児島県肝付町前田3984-1",
        "指定緊急避難場所との住所同一": "1",
        "その他市町村長が必要と認める事項": null,
        "受入対象者": null,
        "備考": ""
      }
    },
    {
      "type": "Feature",
      "geometry": {
        "type": "Point",
        "coordinates": [
          131.074363,
          31.278359
        ]
      },
      "properties": {
        "NO": "446",
        "共通ID": "E4649200013111",
        "施設・場所名": "内之浦総合支所",
        "住所": "鹿児島県肝付町南方2643",
        "指定緊急避難場所との住所同一": "1",
        "その他市町村長が必要と認める事項": null,
        "受入対象者": null,
        "備考": ""
      }
    },
    {
      "type": "Feature",
      "geometry": {
        "type": "Point",
        "coordinates": [
          130.988474,
          31.351689
        ]
      },
      "properties": {
        "NO": "447",
        "共通ID": "E4649200014111",
        "施設・場所名": "波野中学校体育館",
        "住所": "鹿児島県肝付町波見1065",
        "指定緊急避難場所との住所同一": "",
        "その他市町村長が必要と認める事項": null,
        "受入対象者": null,
        "備考": ""
      }
    },
    {
      "type": "Feature",
      "geometry": {
        "type": "Point",
        "coordinates": [
          131.058222,
          31.340715
        ]
      },
      "properties": {
        "NO": "448",
        "共通ID": "E4649200015111",
        "施設・場所名": "旧有明小学校体育館",
        "住所": "鹿児島県肝付町波見1998",
        "指定緊急避難場所との住所同一": "1",
        "その他市町村長が必要と認める事項": null,
        "受入対象者": null,
        "備考": ""
      }
    },
    {
      "type": "Feature",
      "geometry": {
        "type": "Point",
        "coordinates": [
          130.901837,
          31.379395
        ]
      },
      "properties": {
        "NO": "449",
        "共通ID": "E4649200017111",
        "施設・場所名": "富山地区集落センター",
        "住所": "鹿児島県肝付町富山1317",
        "指定緊急避難場所との住所同一": "",
        "その他市町村長が必要と認める事項": null,
        "受入対象者": null,
        "備考": ""
      }
    },
    {
      "type": "Feature",
      "geometry": {
        "type": "Point",
        "coordinates": [
          131.050736,
          31.280607
        ]
      },
      "properties": {
        "NO": "450",
        "共通ID": "E4649200018111",
        "施設・場所名": "上北地区研修センター",
        "住所": "鹿児島県肝付町北方925-1",
        "指定緊急避難場所との住所同一": "",
        "その他市町村長が必要と認める事項": null,
        "受入対象者": null,
        "備考": ""
      }
    },
    {
      "type": "Feature",
      "geometry": {
        "type": "Point",
        "coordinates": [
          129.99202,
          28.352022
        ]
      },
      "properties": {
        "NO": "451",
        "共通ID": "E4652900001111",
        "施設・場所名": "伊実久地区公民館",
        "住所": "鹿児島県喜界町伊実久1643-2",
        "指定緊急避難場所との住所同一": "1",
        "その他市町村長が必要と認める事項": null,
        "受入対象者": null,
        "備考": ""
      }
    },
    {
      "type": "Feature",
      "geometry": {
        "type": "Point",
        "coordinates": [
          129.952769,
          28.31016
        ]
      },
      "properties": {
        "NO": "452",
        "共通ID": "E4652900002111",
        "施設・場所名": "羽里地区公民館",
        "住所": "鹿児島県喜界町羽里71",
        "指定緊急避難場所との住所同一": "1",
        "その他市町村長が必要と認める事項": null,
        "受入対象者": null,
        "備考": ""
      }
    },
    {
      "type": "Feature",
      "geometry": {
        "type": "Point",
        "coordinates": [
          129.921253,
          28.299174
        ]
      },
      "properties": {
        "NO": "453",
        "共通ID": "E4652900004111",
        "施設・場所名": "旧荒木小学校",
        "住所": "鹿児島県喜界町荒木90-2",
        "指定緊急避難場所との住所同一": "1",
        "その他市町村長が必要と認める事項": null,
        "受入対象者": null,
        "備考": ""
      }
    },
    {
      "type": "Feature",
      "geometry": {
        "type": "Point",
        "coordinates": [
          130.016523,
          28.350724
        ]
      },
      "properties": {
        "NO": "454",
        "共通ID": "E4652900005111",
        "施設・場所名": "佐手久地区公民館",
        "住所": "鹿児島県喜界町佐手久2909-29",
        "指定緊急避難場所との住所同一": "1",
        "その他市町村長が必要と認める事項": null,
        "受入対象者": null,
        "備考": ""
      }
    },
    {
      "type": "Feature",
      "geometry": {
        "type": "Point",
        "coordinates": [
          129.974132,
          28.342032
        ]
      },
      "properties": {
        "NO": "455",
        "共通ID": "E4652900006111",
        "施設・場所名": "坂嶺生活館",
        "住所": "鹿児島県喜界町坂嶺1907-2",
        "指定緊急避難場所との住所同一": "",
        "その他市町村長が必要と認める事項": null,
        "受入対象者": null,
        "備考": ""
      }
    },
    {
      "type": "Feature",
      "geometry": {
        "type": "Point",
        "coordinates": [
          129.960429,
          28.308488
        ]
      },
      "properties": {
        "NO": "456",
        "共通ID": "E4652900007111",
        "施設・場所名": "山田地区公民館",
        "住所": "鹿児島県喜界町山田68",
        "指定緊急避難場所との住所同一": "1",
        "その他市町村長が必要と認める事項": null,
        "受入対象者": null,
        "備考": ""
      }
    },
    {
      "type": "Feature",
      "geometry": {
        "type": "Point",
        "coordinates": [
          130.001998,
          28.365265
        ]
      },
      "properties": {
        "NO": "457",
        "共通ID": "E4652900010111",
        "施設・場所名": "旧小野津小学校",
        "住所": "鹿児島県喜界町小野津850",
        "指定緊急避難場所との住所同一": "",
        "その他市町村長が必要と認める事項": null,
        "受入対象者": null,
        "備考": ""
      }
    },
    {
      "type": "Feature",
      "geometry": {
        "type": "Point",
        "coordinates": [
          129.943334,
          28.28261
        ]
      },
      "properties": {
        "NO": "458",
        "共通ID": "E4652900012111",
        "施設・場所名": "あゆみ幼稚園",
        "住所": "鹿児島県喜界町上嘉鉄3388",
        "指定緊急避難場所との住所同一": "1",
        "その他市町村長が必要と認める事項": null,
        "受入対象者": null,
        "備考": ""
      }
    },
    {
      "type": "Feature",
      "geometry": {
        "type": "Point",
        "coordinates": [
          129.946018,
          28.28344
        ]
      },
      "properties": {
        "NO": "459",
        "共通ID": "E4652900013111",
        "施設・場所名": "上嘉鉄地区振興センター",
        "住所": "鹿児島県喜界町上嘉鉄794",
        "指定緊急避難場所との住所同一": "1",
        "その他市町村長が必要と認める事項": null,
        "受入対象者": null,
        "備考": ""
      }
    },
    {
      "type": "Feature",
      "geometry": {
        "type": "Point",
        "coordinates": [
          129.962875,
          28.312693
        ]
      },
      "properties": {
        "NO": "460",
        "共通ID": "E4652900014111",
        "施設・場所名": "城久地区公民館",
        "住所": "鹿児島県喜界町城久139",
        "指定緊急避難場所との住所同一": "1",
        "その他市町村長が必要と認める事項": null,
        "受入対象者": null,
        "備考": ""
      }
    },
    {
      "type": "Feature",
      "geometry": {
        "type": "Point",
        "coordinates": [
          129.972462,
          28.332444
        ]
      },
      "properties": {
        "NO": "461",
        "共通ID": "E4652900015111",
        "施設・場所名": "西目地区公民館",
        "住所": "鹿児島県喜界町西目63",
        "指定緊急避難場所との住所同一": "1",
        "その他市町村長が必要と認める事項": null,
        "受入対象者": null,
        "備考": ""
      }
    },
    {
      "type": "Feature",
      "geometry": {
        "type": "Point",
        "coordinates": [
          129.94313,
          28.316043
        ]
      },
      "properties": {
        "NO": "462",
        "共通ID": "E4652900016111",
        "施設・場所名": "防災食育センター",
        "住所": "鹿児島県喜界町赤連105-1",
        "指定緊急避難場所との住所同一": "1",
        "その他市町村長が必要と認める事項": null,
        "受入対象者": null,
        "備考": ""
      }
    },
    {
      "type": "Feature",
      "geometry": {
        "type": "Point",
        "coordinates": [
          129.941586,
          28.318831
        ]
      },
      "properties": {
        "NO": "463",
        "共通ID": "E4652900017111",
        "施設・場所名": "中央公民館",
        "住所": "鹿児島県喜界町赤連18-2",
        "指定緊急避難場所との住所同一": "",
        "その他市町村長が必要と認める事項": null,
        "受入対象者": null,
        "備考": ""
      }
    },
    {
      "type": "Feature",
      "geometry": {
        "type": "Point",
        "coordinates": [
          129.94175,
          28.318507
        ]
      },
      "properties": {
        "NO": "464",
        "共通ID": "E4652900018111",
        "施設・場所名": "喜界町図書館",
        "住所": "鹿児島県喜界町赤連30",
        "指定緊急避難場所との住所同一": "",
        "その他市町村長が必要と認める事項": null,
        "受入対象者": null,
        "備考": ""
      }
    },
    {
      "type": "Feature",
      "geometry": {
        "type": "Point",
        "coordinates": [
          129.941252,
          28.319467
        ]
      },
      "properties": {
        "NO": "465",
        "共通ID": "E4652900019121",
        "施設・場所名": "診療所",
        "住所": "鹿児島県喜界町赤連37",
        "指定緊急避難場所との住所同一": "",
        "その他市町村長が必要と認める事項": null,
        "受入対象者": "要配慮者",
        "備考": ""
      }
    },
    {
      "type": "Feature",
      "geometry": {
        "type": "Point",
        "coordinates": [
          129.941252,
          28.319467
        ]
      },
      "properties": {
        "NO": "466",
        "共通ID": "E4652900019111",
        "施設・場所名": "診療所",
        "住所": "鹿児島県喜界町赤連37",
        "指定緊急避難場所との住所同一": "",
        "その他市町村長が必要と認める事項": null,
        "受入対象者": null,
        "備考": ""
      }
    },
    {
      "type": "Feature",
      "geometry": {
        "type": "Point",
        "coordinates": [
          129.942504,
          28.318227
        ]
      },
      "properties": {
        "NO": "467",
        "共通ID": "E4652900020122",
        "施設・場所名": "特別養護老人ホーム　オアシスケア喜界",
        "住所": "鹿児島県喜界町赤連69",
        "指定緊急避難場所との住所同一": "",
        "その他市町村長が必要と認める事項": null,
        "受入対象者": null,
        "備考": ""
      }
    },
    {
      "type": "Feature",
      "geometry": {
        "type": "Point",
        "coordinates": [
          129.942504,
          28.318227
        ]
      },
      "properties": {
        "NO": "468",
        "共通ID": "E4652900020111",
        "施設・場所名": "特別養護老人ホームオアシスケア喜界",
        "住所": "鹿児島県喜界町赤連69",
        "指定緊急避難場所との住所同一": "",
        "その他市町村長が必要と認める事項": null,
        "受入対象者": null,
        "備考": ""
      }
    },
    {
      "type": "Feature",
      "geometry": {
        "type": "Point",
        "coordinates": [
          129.942335,
          28.319056
        ]
      },
      "properties": {
        "NO": "469",
        "共通ID": "E4652900020112",
        "施設・場所名": "保健センターすこやか",
        "住所": "鹿児島県喜界町赤連69",
        "指定緊急避難場所との住所同一": "",
        "その他市町村長が必要と認める事項": null,
        "受入対象者": null,
        "備考": ""
      }
    },
    {
      "type": "Feature",
      "geometry": {
        "type": "Point",
        "coordinates": [
          129.942335,
          28.319056
        ]
      },
      "properties": {
        "NO": "470",
        "共通ID": "E4652900020121",
        "施設・場所名": "保健センターすこやか",
        "住所": "鹿児島県喜界町赤連69",
        "指定緊急避難場所との住所同一": "",
        "その他市町村長が必要と認める事項": null,
        "受入対象者": "妊産婦・乳幼児（同伴者含む）",
        "備考": ""
      }
    },
    {
      "type": "Feature",
      "geometry": {
        "type": "Point",
        "coordinates": [
          129.956702,
          28.300231
        ]
      },
      "properties": {
        "NO": "471",
        "共通ID": "E4652900021111",
        "施設・場所名": "川嶺地区研修センター",
        "住所": "鹿児島県喜界町川嶺1145",
        "指定緊急避難場所との住所同一": "1",
        "その他市町村長が必要と認める事項": null,
        "受入対象者": null,
        "備考": ""
      }
    },
    {
      "type": "Feature",
      "geometry": {
        "type": "Point",
        "coordinates": [
          129.999501,
          28.335755
        ]
      },
      "properties": {
        "NO": "472",
        "共通ID": "E4652900023111",
        "施設・場所名": "早町地区振興センター",
        "住所": "鹿児島県喜界町早町439",
        "指定緊急避難場所との住所同一": "",
        "その他市町村長が必要と認める事項": null,
        "受入対象者": null,
        "備考": ""
      }
    },
    {
      "type": "Feature",
      "geometry": {
        "type": "Point",
        "coordinates": [
          129.971906,
          28.332426
        ]
      },
      "properties": {
        "NO": "473",
        "共通ID": "E4652900024111",
        "施設・場所名": "大朝戸地区公民館",
        "住所": "鹿児島県喜界町大朝戸956",
        "指定緊急避難場所との住所同一": "1",
        "その他市町村長が必要と認める事項": null,
        "受入対象者": null,
        "備考": ""
      }
    },
    {
      "type": "Feature",
      "geometry": {
        "type": "Point",
        "coordinates": [
          129.969051,
          28.317684
        ]
      },
      "properties": {
        "NO": "474",
        "共通ID": "E4652900025111",
        "施設・場所名": "滝川地区公民館",
        "住所": "鹿児島県喜界町滝川1202",
        "指定緊急避難場所との住所同一": "1",
        "その他市町村長が必要と認める事項": null,
        "受入対象者": null,
        "備考": ""
      }
    },
    {
      "type": "Feature",
      "geometry": {
        "type": "Point",
        "coordinates": [
          129.969449,
          28.318152
        ]
      },
      "properties": {
        "NO": "475",
        "共通ID": "E4652900026111",
        "施設・場所名": "埋蔵文化財センター",
        "住所": "鹿児島県喜界町滝川1203",
        "指定緊急避難場所との住所同一": "1",
        "その他市町村長が必要と認める事項": null,
        "受入対象者": null,
        "備考": ""
      }
    },
    {
      "type": "Feature",
      "geometry": {
        "type": "Point",
        "coordinates": [
          129.968387,
          28.336891
        ]
      },
      "properties": {
        "NO": "476",
        "共通ID": "E4652900027111",
        "施設・場所名": "中熊地区公民館",
        "住所": "鹿児島県喜界町中熊629-1",
        "指定緊急避難場所との住所同一": "1",
        "その他市町村長が必要と認める事項": null,
        "受入対象者": null,
        "備考": ""
      }
    },
    {
      "type": "Feature",
      "geometry": {
        "type": "Point",
        "coordinates": [
          129.966643,
          28.326356
        ]
      },
      "properties": {
        "NO": "477",
        "共通ID": "E4652900030111",
        "施設・場所名": "島中地区公民館",
        "住所": "鹿児島県喜界町島中1768",
        "指定緊急避難場所との住所同一": "1",
        "その他市町村長が必要と認める事項": null,
        "受入対象者": null,
        "備考": ""
      }
    },
    {
      "type": "Feature",
      "geometry": {
        "type": "Point",
        "coordinates": [
          129.940249,
          28.319107
        ]
      },
      "properties": {
        "NO": "478",
        "共通ID": "E4652900032111",
        "施設・場所名": "喜界小学校",
        "住所": "鹿児島県喜界町湾10",
        "指定緊急避難場所との住所同一": "1",
        "その他市町村長が必要と認める事項": null,
        "受入対象者": null,
        "備考": ""
      }
    },
    {
      "type": "Feature",
      "geometry": {
        "type": "Point",
        "coordinates": [
          129.937478,
          28.319485
        ]
      },
      "properties": {
        "NO": "479",
        "共通ID": "E4652900033111",
        "施設・場所名": "湾集落公民館",
        "住所": "鹿児島県喜界町湾114",
        "指定緊急避難場所との住所同一": "",
        "その他市町村長が必要と認める事項": null,
        "受入対象者": null,
        "備考": ""
      }
    },
    {
      "type": "Feature",
      "geometry": {
        "type": "Point",
        "coordinates": [
          129.933924,
          28.31337
        ]
      },
      "properties": {
        "NO": "480",
        "共通ID": "E4652900034111",
        "施設・場所名": "自然林休養村管理センター",
        "住所": "鹿児島県喜界町湾1588",
        "指定緊急避難場所との住所同一": "1",
        "その他市町村長が必要と認める事項": null,
        "受入対象者": null,
        "備考": ""
      }
    },
    {
      "type": "Feature",
      "geometry": {
        "type": "Point",
        "coordinates": [
          129.939971,
          28.316744
        ]
      },
      "properties": {
        "NO": "481",
        "共通ID": "E4652900037111",
        "施設・場所名": "役場コミュニティセンター",
        "住所": "鹿児島県喜界町湾1746",
        "指定緊急避難場所との住所同一": "1",
        "その他市町村長が必要と認める事項": null,
        "受入対象者": null,
        "備考": ""
      }
    },
    {
      "type": "Feature",
      "geometry": {
        "type": "Point",
        "coordinates": [
          129.940813,
          28.317646
        ]
      },
      "properties": {
        "NO": "482",
        "共通ID": "E4652900038111",
        "施設・場所名": "喜界中学校",
        "住所": "鹿児島県喜界町湾1775",
        "指定緊急避難場所との住所同一": "1",
        "その他市町村長が必要と認める事項": null,
        "受入対象者": null,
        "備考": ""
      }
    },
    {
      "type": "Feature",
      "geometry": {
        "type": "Point",
        "coordinates": [
          129.932012,
          28.315983
        ]
      },
      "properties": {
        "NO": "483",
        "共通ID": "E4652900039111",
        "施設・場所名": "喜界町体育館",
        "住所": "鹿児島県喜界町湾562-2",
        "指定緊急避難場所との住所同一": "",
        "その他市町村長が必要と認める事項": null,
        "受入対象者": null,
        "備考": ""
      }
    },
    {
      "type": "Feature",
      "geometry": {
        "type": "Point",
        "coordinates": [
          130.868521,
          31.243205
        ]
      },
      "properties": {
        "NO": "484",
        "共通ID": "E4649000001111",
        "施設・場所名": "池田小学校体育館",
        "住所": "鹿児島県錦江町城元5324",
        "指定緊急避難場所との住所同一": "1",
        "その他市町村長が必要と認める事項": "",
        "受入対象者": "",
        "備考": ""
      }
    },
    {
      "type": "Feature",
      "geometry": {
        "type": "Point",
        "coordinates": [
          130.867758,
          31.242293
        ]
      },
      "properties": {
        "NO": "485",
        "共通ID": "E4649000002111",
        "施設・場所名": "池田地区体育館",
        "住所": "鹿児島県錦江町城元5502",
        "指定緊急避難場所との住所同一": "1",
        "その他市町村長が必要と認める事項": null,
        "受入対象者": null,
        "備考": ""
      }
    },
    {
      "type": "Feature",
      "geometry": {
        "type": "Point",
        "coordinates": [
          130.786681,
          31.242644
        ]
      },
      "properties": {
        "NO": "486",
        "共通ID": "E4649000025111",
        "施設・場所名": "錦江町文化センター",
        "住所": "鹿児島県錦江町城元910",
        "指定緊急避難場所との住所同一": "",
        "その他市町村長が必要と認める事項": "",
        "受入対象者": "",
        "備考": ""
      }
    },
    {
      "type": "Feature",
      "geometry": {
        "type": "Point",
        "coordinates": [
          130.787357,
          31.242692
        ]
      },
      "properties": {
        "NO": "487",
        "共通ID": "E4649000004111",
        "施設・場所名": "錦江中学校体育館",
        "住所": "鹿児島県錦江町城元940",
        "指定緊急避難場所との住所同一": "1",
        "その他市町村長が必要と認める事項": "",
        "受入対象者": "",
        "備考": ""
      }
    },
    {
      "type": "Feature",
      "geometry": {
        "type": "Point",
        "coordinates": [
          130.787358,
          31.243004
        ]
      },
      "properties": {
        "NO": "488",
        "共通ID": "E4649000005111",
        "施設・場所名": "錦江町総合交流センター",
        "住所": "鹿児島県錦江町城元963",
        "指定緊急避難場所との住所同一": "1",
        "その他市町村長が必要と認める事項": null,
        "受入対象者": null,
        "備考": ""
      }
    },
    {
      "type": "Feature",
      "geometry": {
        "type": "Point",
        "coordinates": [
          130.794267,
          31.274732
        ]
      },
      "properties": {
        "NO": "489",
        "共通ID": "E4649000006111",
        "施設・場所名": "神川小学校体育館",
        "住所": "鹿児島県錦江町神川3295",
        "指定緊急避難場所との住所同一": "1",
        "その他市町村長が必要と認める事項": "",
        "受入対象者": "",
        "備考": ""
      }
    },
    {
      "type": "Feature",
      "geometry": {
        "type": "Point",
        "coordinates": [
          130.792872,
          31.272641
        ]
      },
      "properties": {
        "NO": "490",
        "共通ID": "E4649000007111",
        "施設・場所名": "神川地区体育館",
        "住所": "鹿児島県錦江町神川3306-4",
        "指定緊急避難場所との住所同一": "1",
        "その他市町村長が必要と認める事項": "",
        "受入対象者": "",
        "備考": ""
      }
    },
    {
      "type": "Feature",
      "geometry": {
        "type": "Point",
        "coordinates": [
          130.833829,
          31.268565
        ]
      },
      "properties": {
        "NO": "491",
        "共通ID": "E4649000024113",
        "施設・場所名": "宿利原地区体育館",
        "住所": "鹿児島県錦江町神川7258-1",
        "指定緊急避難場所との住所同一": "",
        "その他市町村長が必要と認める事項": "",
        "受入対象者": "",
        "備考": ""
      }
    },
    {
      "type": "Feature",
      "geometry": {
        "type": "Point",
        "coordinates": [
          130.834149,
          31.26895
        ]
      },
      "properties": {
        "NO": "492",
        "共通ID": "E4649000024111",
        "施設・場所名": "宿利原地域コミュニティーセンター",
        "住所": "鹿児島県錦江町神川7258-1",
        "指定緊急避難場所との住所同一": "",
        "その他市町村長が必要と認める事項": "",
        "受入対象者": "",
        "備考": ""
      }
    },
    {
      "type": "Feature",
      "geometry": {
        "type": "Point",
        "coordinates": [
          130.850787,
          31.167191
        ]
      },
      "properties": {
        "NO": "493",
        "共通ID": "E4649000013111",
        "施設・場所名": "花瀬でんしろう館",
        "住所": "鹿児島県錦江町田代川原4263-3",
        "指定緊急避難場所との住所同一": "1",
        "その他市町村長が必要と認める事項": null,
        "受入対象者": null,
        "備考": ""
      }
    },
    {
      "type": "Feature",
      "geometry": {
        "type": "Point",
        "coordinates": [
          130.882163,
          31.16986
        ]
      },
      "properties": {
        "NO": "494",
        "共通ID": "E4649000015111",
        "施設・場所名": "大原小学校体育館",
        "住所": "鹿児島県錦江町田代麓4818",
        "指定緊急避難場所との住所同一": "1",
        "その他市町村長が必要と認める事項": null,
        "受入対象者": null,
        "備考": ""
      }
    },
    {
      "type": "Feature",
      "geometry": {
        "type": "Point",
        "coordinates": [
          130.848596,
          31.198595
        ]
      },
      "properties": {
        "NO": "495",
        "共通ID": "E4649000019112",
        "施設・場所名": "田代保健福祉センター",
        "住所": "鹿児島県錦江町田代麓778-1",
        "指定緊急避難場所との住所同一": "1",
        "その他市町村長が必要と認める事項": null,
        "受入対象者": null,
        "備考": ""
      }
    },
    {
      "type": "Feature",
      "geometry": {
        "type": "Point",
        "coordinates": [
          130.783017,
          31.243132
        ]
      },
      "properties": {
        "NO": "496",
        "共通ID": "E4649000022111",
        "施設・場所名": "大根占小学校体育館",
        "住所": "鹿児島県錦江町馬場20",
        "指定緊急避難場所との住所同一": "1",
        "その他市町村長が必要と認める事項": "",
        "受入対象者": "",
        "備考": ""
      }
    },
    {
      "type": "Feature",
      "geometry": {
        "type": "Point",
        "coordinates": [
          130.301523,
          31.853682
        ]
      },
      "properties": {
        "NO": "497",
        "共通ID": "E4621500001112",
        "施設・場所名": "総合運動公園陸上競技場管理棟",
        "住所": "鹿児島県薩摩川内市運動公園町3030",
        "指定緊急避難場所との住所同一": "1",
        "その他市町村長が必要と認める事項": "",
        "受入対象者": "",
        "備考": ""
      }
    },
    {
      "type": "Feature",
      "geometry": {
        "type": "Point",
        "coordinates": [
          130.302197,
          31.851137
        ]
      },
      "properties": {
        "NO": "498",
        "共通ID": "E4621500001111",
        "施設・場所名": "サンアリーナせんだい",
        "住所": "鹿児島県薩摩川内市運動公園町3030",
        "指定緊急避難場所との住所同一": "1",
        "その他市町村長が必要と認める事項": "",
        "受入対象者": "",
        "備考": ""
      }
    },
    {
      "type": "Feature",
      "geometry": {
        "type": "Point",
        "coordinates": [
          130.350678,
          31.799106
        ]
      },
      "properties": {
        "NO": "499",
        "共通ID": "E4621500002111",
        "施設・場所名": "サン・アビリティーズ川内",
        "住所": "鹿児島県薩摩川内市永利町4107-2",
        "指定緊急避難場所との住所同一": "",
        "その他市町村長が必要と認める事項": null,
        "受入対象者": null,
        "備考": ""
      }
    },
    {
      "type": "Feature",
      "geometry": {
        "type": "Point",
        "coordinates": [
          129.7058,
          31.639213
        ]
      },
      "properties": {
        "NO": "500",
        "共通ID": "E4621500003111",
        "施設・場所名": "手打小学校",
        "住所": "鹿児島県薩摩川内市下甑町手打1010",
        "指定緊急避難場所との住所同一": "1",
        "その他市町村長が必要と認める事項": null,
        "受入対象者": null,
        "備考": ""
      }
    },
    {
      "type": "Feature",
      "geometry": {
        "type": "Point",
        "coordinates": [
          129.705919,
          31.63784
        ]
      },
      "properties": {
        "NO": "501",
        "共通ID": "E4621500004111",
        "施設・場所名": "手打地区コミュニティセンター",
        "住所": "鹿児島県薩摩川内市下甑町手打1035-1",
        "指定緊急避難場所との住所同一": "",
        "その他市町村長が必要と認める事項": null,
        "受入対象者": null,
        "備考": ""
      }
    },
    {
      "type": "Feature",
      "geometry": {
        "type": "Point",
        "coordinates": [
          129.696693,
          31.634723
        ]
      },
      "properties": {
        "NO": "502",
        "共通ID": "E4621500005111",
        "施設・場所名": "本町集会所",
        "住所": "鹿児島県薩摩川内市下甑町手打1891",
        "指定緊急避難場所との住所同一": "",
        "その他市町村長が必要と認める事項": "",
        "受入対象者": "",
        "備考": ""
      }
    },
    {
      "type": "Feature",
      "geometry": {
        "type": "Point",
        "coordinates": [
          129.711303,
          31.633251
        ]
      },
      "properties": {
        "NO": "503",
        "共通ID": "E4621500006111",
        "施設・場所名": "住民生活センター",
        "住所": "鹿児島県薩摩川内市下甑町手打509",
        "指定緊急避難場所との住所同一": "",
        "その他市町村長が必要と認める事項": "",
        "受入対象者": "",
        "備考": ""
      }
    },
    {
      "type": "Feature",
      "geometry": {
        "type": "Point",
        "coordinates": [
          129.70769,
          31.638569
        ]
      },
      "properties": {
        "NO": "504",
        "共通ID": "E4621500222111",
        "施設・場所名": "下甑支所",
        "住所": "鹿児島県薩摩川内市下甑町手打819",
        "指定緊急避難場所との住所同一": "",
        "その他市町村長が必要と認める事項": "",
        "受入対象者": "",
        "備考": ""
      }
    },
    {
      "type": "Feature",
      "geometry": {
        "type": "Point",
        "coordinates": [
          129.707245,
          31.640273
        ]
      },
      "properties": {
        "NO": "505",
        "共通ID": "E4621500007111",
        "施設・場所名": "下甑高齢者生活福祉センター",
        "住所": "鹿児島県薩摩川内市下甑町手打955-3",
        "指定緊急避難場所との住所同一": "",
        "その他市町村長が必要と認める事項": "",
        "受入対象者": "",
        "備考": ""
      }
    },
    {
      "type": "Feature",
      "geometry": {
        "type": "Point",
        "coordinates": [
          129.693697,
          31.692094
        ]
      },
      "properties": {
        "NO": "506",
        "共通ID": "E4621500008111",
        "施設・場所名": "西山地区コミュニティセンター",
        "住所": "鹿児島県薩摩川内市下甑町瀬々野浦1194",
        "指定緊急避難場所との住所同一": "",
        "その他市町村長が必要と認める事項": null,
        "受入対象者": null,
        "備考": ""
      }
    },
    {
      "type": "Feature",
      "geometry": {
        "type": "Point",
        "coordinates": [
          129.725806,
          31.720052
        ]
      },
      "properties": {
        "NO": "507",
        "共通ID": "E4621500009111",
        "施設・場所名": "内川内地区緊急避難施設",
        "住所": "鹿児島県薩摩川内市下甑町瀬々野浦1684",
        "指定緊急避難場所との住所同一": "",
        "その他市町村長が必要と認める事項": "",
        "受入対象者": "",
        "備考": ""
      }
    },
    {
      "type": "Feature",
      "geometry": {
        "type": "Point",
        "coordinates": [
          129.695239,
          31.689648
        ]
      },
      "properties": {
        "NO": "508",
        "共通ID": "E4621500010111",
        "施設・場所名": "旧西山小学校屋内運動場",
        "住所": "鹿児島県薩摩川内市下甑町瀬々野浦270",
        "指定緊急避難場所との住所同一": "1",
        "その他市町村長が必要と認める事項": "",
        "受入対象者": "",
        "備考": ""
      }
    },
    {
      "type": "Feature",
      "geometry": {
        "type": "Point",
        "coordinates": [
          129.694542,
          31.690671
        ]
      },
      "properties": {
        "NO": "509",
        "共通ID": "E4621500011111",
        "施設・場所名": "瀬々野浦地区緊急避難施設",
        "住所": "鹿児島県薩摩川内市下甑町瀬々野浦292",
        "指定緊急避難場所との住所同一": "",
        "その他市町村長が必要と認める事項": "",
        "受入対象者": "",
        "備考": ""
      }
    },
    {
      "type": "Feature",
      "geometry": {
        "type": "Point",
        "coordinates": [
          129.723912,
          31.674395
        ]
      },
      "properties": {
        "NO": "510",
        "共通ID": "E4621500013111",
        "施設・場所名": "かのこ幼稚園",
        "住所": "鹿児島県薩摩川内市下甑町青瀬382",
        "指定緊急避難場所との住所同一": "1",
        "その他市町村長が必要と認める事項": "",
        "受入対象者": "",
        "備考": ""
      }
    },
    {
      "type": "Feature",
      "geometry": {
        "type": "Point",
        "coordinates": [
          129.725888,
          31.674231
        ]
      },
      "properties": {
        "NO": "511",
        "共通ID": "E4621500014111",
        "施設・場所名": "青瀬地区コミュニティセンター",
        "住所": "鹿児島県薩摩川内市下甑町青瀬642",
        "指定緊急避難場所との住所同一": "",
        "その他市町村長が必要と認める事項": null,
        "受入対象者": null,
        "備考": ""
      }
    },
    {
      "type": "Feature",
      "geometry": {
        "type": "Point",
        "coordinates": [
          129.736925,
          31.700649
        ]
      },
      "properties": {
        "NO": "512",
        "共通ID": "E4621500016111",
        "施設・場所名": "長浜地区コミュニティセンター",
        "住所": "鹿児島県薩摩川内市下甑町長浜553",
        "指定緊急避難場所との住所同一": "",
        "その他市町村長が必要と認める事項": null,
        "受入対象者": null,
        "備考": ""
      }
    },
    {
      "type": "Feature",
      "geometry": {
        "type": "Point",
        "coordinates": [
          129.73356,
          31.701232
        ]
      },
      "properties": {
        "NO": "513",
        "共通ID": "E4621500017111",
        "施設・場所名": "長浜小学校",
        "住所": "鹿児島県薩摩川内市下甑町長浜660",
        "指定緊急避難場所との住所同一": "1",
        "その他市町村長が必要と認める事項": null,
        "受入対象者": null,
        "備考": ""
      }
    },
    {
      "type": "Feature",
      "geometry": {
        "type": "Point",
        "coordinates": [
          129.68953,
          31.661979
        ]
      },
      "properties": {
        "NO": "514",
        "共通ID": "E4621500019111",
        "施設・場所名": "旧子岳小学校屋内運動場",
        "住所": "鹿児島県薩摩川内市下甑町片野浦103",
        "指定緊急避難場所との住所同一": "1",
        "その他市町村長が必要と認める事項": "",
        "受入対象者": "",
        "備考": ""
      }
    },
    {
      "type": "Feature",
      "geometry": {
        "type": "Point",
        "coordinates": [
          129.689046,
          31.662215
        ]
      },
      "properties": {
        "NO": "515",
        "共通ID": "E4621500020111",
        "施設・場所名": "子岳地区コミュニティセンター",
        "住所": "鹿児島県薩摩川内市下甑町片野浦390-1",
        "指定緊急避難場所との住所同一": "",
        "その他市町村長が必要と認める事項": null,
        "受入対象者": null,
        "備考": ""
      }
    },
    {
      "type": "Feature",
      "geometry": {
        "type": "Point",
        "coordinates": [
          129.683258,
          31.661329
        ]
      },
      "properties": {
        "NO": "516",
        "共通ID": "E4621500021111",
        "施設・場所名": "片野浦地区緊急避難施設",
        "住所": "鹿児島県薩摩川内市下甑町片野浦391",
        "指定緊急避難場所との住所同一": "",
        "その他市町村長が必要と認める事項": "",
        "受入対象者": "",
        "備考": ""
      }
    },
    {
      "type": "Feature",
      "geometry": {
        "type": "Point",
        "coordinates": [
          130.295467,
          31.824215
        ]
      },
      "properties": {
        "NO": "517",
        "共通ID": "E4621500022111",
        "施設・場所名": "川内北中学校",
        "住所": "鹿児島県薩摩川内市花木町17-60",
        "指定緊急避難場所との住所同一": "1",
        "その他市町村長が必要と認める事項": null,
        "受入対象者": null,
        "備考": ""
      }
    },
    {
      "type": "Feature",
      "geometry": {
        "type": "Point",
        "coordinates": [
          130.184837,
          31.809788
        ]
      },
      "properties": {
        "NO": "518",
        "共通ID": "E4621500024111",
        "施設・場所名": "寄田地区コミュニティセンター",
        "住所": "鹿児島県薩摩川内市寄田町139",
        "指定緊急避難場所との住所同一": "",
        "その他市町村長が必要と認める事項": null,
        "受入対象者": null,
        "備考": ""
      }
    },
    {
      "type": "Feature",
      "geometry": {
        "type": "Point",
        "coordinates": [
          130.185191,
          31.807668
        ]
      },
      "properties": {
        "NO": "519",
        "共通ID": "E4621500027111",
        "施設・場所名": "旧寄田小学校屋内運動場",
        "住所": "鹿児島県薩摩川内市寄田町253",
        "指定緊急避難場所との住所同一": "1",
        "その他市町村長が必要と認める事項": null,
        "受入対象者": null,
        "備考": ""
      }
    },
    {
      "type": "Feature",
      "geometry": {
        "type": "Point",
        "coordinates": [
          130.182095,
          31.780608
        ]
      },
      "properties": {
        "NO": "520",
        "共通ID": "E4621500023111",
        "施設・場所名": "土川集会所",
        "住所": "鹿児島県薩摩川内市寄田町１２２１－乙",
        "指定緊急避難場所との住所同一": "",
        "その他市町村長が必要と認める事項": "",
        "受入対象者": "",
        "備考": ""
      }
    },
    {
      "type": "Feature",
      "geometry": {
        "type": "Point",
        "coordinates": [
          130.203918,
          31.840919
        ]
      },
      "properties": {
        "NO": "521",
        "共通ID": "E4621500029111",
        "施設・場所名": "旧滄浪小学校屋内運動場",
        "住所": "鹿児島県薩摩川内市久見崎町158",
        "指定緊急避難場所との住所同一": "1",
        "その他市町村長が必要と認める事項": "",
        "受入対象者": "",
        "備考": ""
      }
    },
    {
      "type": "Feature",
      "geometry": {
        "type": "Point",
        "coordinates": [
          130.204224,
          31.84008
        ]
      },
      "properties": {
        "NO": "522",
        "共通ID": "E4621500030111",
        "施設・場所名": "滄浪地区コミュニティセンター",
        "住所": "鹿児島県薩摩川内市久見崎町191-1",
        "指定緊急避難場所との住所同一": "",
        "その他市町村長が必要と認める事項": null,
        "受入対象者": null,
        "備考": ""
      }
    },
    {
      "type": "Feature",
      "geometry": {
        "type": "Point",
        "coordinates": [
          130.321651,
          31.798555
        ]
      },
      "properties": {
        "NO": "523",
        "共通ID": "E4621500031111",
        "施設・場所名": "宮崎公民館",
        "住所": "鹿児島県薩摩川内市宮崎町3013-3",
        "指定緊急避難場所との住所同一": "",
        "その他市町村長が必要と認める事項": "",
        "受入対象者": "",
        "備考": ""
      }
    },
    {
      "type": "Feature",
      "geometry": {
        "type": "Point",
        "coordinates": [
          130.291723,
          31.820035
        ]
      },
      "properties": {
        "NO": "524",
        "共通ID": "E4621500032111",
        "施設・場所名": "亀山小学校",
        "住所": "鹿児島県薩摩川内市宮内町1680",
        "指定緊急避難場所との住所同一": "1",
        "その他市町村長が必要と認める事項": null,
        "受入対象者": null,
        "備考": ""
      }
    },
    {
      "type": "Feature",
      "geometry": {
        "type": "Point",
        "coordinates": [
          130.280677,
          31.815135
        ]
      },
      "properties": {
        "NO": "525",
        "共通ID": "E4621500034111",
        "施設・場所名": "宮里自治会館",
        "住所": "鹿児島県薩摩川内市宮里町770-1",
        "指定緊急避難場所との住所同一": "",
        "その他市町村長が必要と認める事項": "",
        "受入対象者": "",
        "備考": ""
      }
    },
    {
      "type": "Feature",
      "geometry": {
        "type": "Point",
        "coordinates": [
          130.31008,
          31.801796
        ]
      },
      "properties": {
        "NO": "526",
        "共通ID": "E4621500036111",
        "施設・場所名": "純心こどもの森（旧川内純心女子高校）",
        "住所": "鹿児島県薩摩川内市隈之城町1001",
        "指定緊急避難場所との住所同一": "1",
        "その他市町村長が必要と認める事項": "",
        "受入対象者": "",
        "備考": ""
      }
    },
    {
      "type": "Feature",
      "geometry": {
        "type": "Point",
        "coordinates": [
          130.312773,
          31.793991
        ]
      },
      "properties": {
        "NO": "527",
        "共通ID": "E4621500037111",
        "施設・場所名": "隈之城小学校",
        "住所": "鹿児島県薩摩川内市隈之城町1392-1",
        "指定緊急避難場所との住所同一": "1",
        "その他市町村長が必要と認める事項": null,
        "受入対象者": null,
        "備考": ""
      }
    },
    {
      "type": "Feature",
      "geometry": {
        "type": "Point",
        "coordinates": [
          130.311389,
          31.792235
        ]
      },
      "properties": {
        "NO": "528",
        "共通ID": "E4621500038111",
        "施設・場所名": "隈之城保育園",
        "住所": "鹿児島県薩摩川内市隈之城町1434",
        "指定緊急避難場所との住所同一": "",
        "その他市町村長が必要と認める事項": null,
        "受入対象者": null,
        "備考": ""
      }
    },
    {
      "type": "Feature",
      "geometry": {
        "type": "Point",
        "coordinates": [
          130.305418,
          31.792905
        ]
      },
      "properties": {
        "NO": "529",
        "共通ID": "E4621500039111",
        "施設・場所名": "れいめい中学校・高等学校",
        "住所": "鹿児島県薩摩川内市隈之城町2205",
        "指定緊急避難場所との住所同一": "1",
        "その他市町村長が必要と認める事項": "",
        "受入対象者": "",
        "備考": ""
      }
    },
    {
      "type": "Feature",
      "geometry": {
        "type": "Point",
        "coordinates": [
          130.492631,
          31.870795
        ]
      },
      "properties": {
        "NO": "530",
        "共通ID": "E4621500208111",
        "施設・場所名": "大村地区コミュニティセンター",
        "住所": "鹿児島県薩摩川内市祁答院町下手2396-1",
        "指定緊急避難場所との住所同一": "",
        "その他市町村長が必要と認める事項": null,
        "受入対象者": null,
        "備考": ""
      }
    },
    {
      "type": "Feature",
      "geometry": {
        "type": "Point",
        "coordinates": [
          130.495635,
          31.870613
        ]
      },
      "properties": {
        "NO": "531",
        "共通ID": "E4621500043112",
        "施設・場所名": "祁答院支所",
        "住所": "鹿児島県薩摩川内市祁答院町下手67",
        "指定緊急避難場所との住所同一": "",
        "その他市町村長が必要と認める事項": null,
        "受入対象者": null,
        "備考": ""
      }
    },
    {
      "type": "Feature",
      "geometry": {
        "type": "Point",
        "coordinates": [
          130.475251,
          31.853997
        ]
      },
      "properties": {
        "NO": "532",
        "共通ID": "E4621500044111",
        "施設・場所名": "轟悠久館",
        "住所": "鹿児島県薩摩川内市祁答院町下手6772",
        "指定緊急避難場所との住所同一": "1",
        "その他市町村長が必要と認める事項": "",
        "受入対象者": "",
        "備考": ""
      }
    },
    {
      "type": "Feature",
      "geometry": {
        "type": "Point",
        "coordinates": [
          130.47041,
          31.855415
        ]
      },
      "properties": {
        "NO": "533",
        "共通ID": "E4621500045111",
        "施設・場所名": "轟地区コミュニティセンター",
        "住所": "鹿児島県薩摩川内市祁答院町下手7266-1",
        "指定緊急避難場所との住所同一": "",
        "その他市町村長が必要と認める事項": null,
        "受入対象者": null,
        "備考": ""
      }
    },
    {
      "type": "Feature",
      "geometry": {
        "type": "Point",
        "coordinates": [
          130.512013,
          31.897096
        ]
      },
      "properties": {
        "NO": "534",
        "共通ID": "E4621500048111",
        "施設・場所名": "小牧公民館",
        "住所": "鹿児島県薩摩川内市祁答院町黒木5012",
        "指定緊急避難場所との住所同一": "",
        "その他市町村長が必要と認める事項": "",
        "受入対象者": "",
        "備考": ""
      }
    },
    {
      "type": "Feature",
      "geometry": {
        "type": "Point",
        "coordinates": [
          130.525849,
          31.885597
        ]
      },
      "properties": {
        "NO": "535",
        "共通ID": "E4621500049111",
        "施設・場所名": "黒木地区コミュニティセンター",
        "住所": "鹿児島県薩摩川内市祁答院町黒木87-1",
        "指定緊急避難場所との住所同一": "",
        "その他市町村長が必要と認める事項": null,
        "受入対象者": null,
        "備考": ""
      }
    },
    {
      "type": "Feature",
      "geometry": {
        "type": "Point",
        "coordinates": [
          130.513053,
          31.873332
        ]
      },
      "properties": {
        "NO": "536",
        "共通ID": "E4621500217111",
        "施設・場所名": "上手地区コミュニティセンター",
        "住所": "鹿児島県薩摩川内市祁答院町上手2214-1",
        "指定緊急避難場所との住所同一": "",
        "その他市町村長が必要と認める事項": "",
        "受入対象者": "",
        "備考": ""
      }
    },
    {
      "type": "Feature",
      "geometry": {
        "type": "Point",
        "coordinates": [
          130.511844,
          31.86813
        ]
      },
      "properties": {
        "NO": "537",
        "共通ID": "E4621500053112",
        "施設・場所名": "旧上手小学校屋内運動場",
        "住所": "鹿児島県薩摩川内市祁答院町上手578",
        "指定緊急避難場所との住所同一": "1",
        "その他市町村長が必要と認める事項": "",
        "受入対象者": "",
        "備考": ""
      }
    },
    {
      "type": "Feature",
      "geometry": {
        "type": "Point",
        "coordinates": [
          130.481727,
          31.805721
        ]
      },
      "properties": {
        "NO": "538",
        "共通ID": "E4621500055111",
        "施設・場所名": "砂石公民館",
        "住所": "鹿児島県薩摩川内市祁答院町藺牟田2294-1",
        "指定緊急避難場所との住所同一": "",
        "その他市町村長が必要と認める事項": "",
        "受入対象者": "",
        "備考": ""
      }
    },
    {
      "type": "Feature",
      "geometry": {
        "type": "Point",
        "coordinates": [
          130.480754,
          31.801162
        ]
      },
      "properties": {
        "NO": "539",
        "共通ID": "E4621500056111",
        "施設・場所名": "湯之元ふれあい館",
        "住所": "鹿児島県薩摩川内市祁答院町藺牟田2641-5",
        "指定緊急避難場所との住所同一": "",
        "その他市町村長が必要と認める事項": "",
        "受入対象者": "",
        "備考": ""
      }
    },
    {
      "type": "Feature",
      "geometry": {
        "type": "Point",
        "coordinates": [
          130.493279,
          31.82388
        ]
      },
      "properties": {
        "NO": "540",
        "共通ID": "E4621500057111",
        "施設・場所名": "藺牟田地区コミュニティセンター",
        "住所": "鹿児島県薩摩川内市祁答院町藺牟田296-1",
        "指定緊急避難場所との住所同一": "",
        "その他市町村長が必要と認める事項": null,
        "受入対象者": null,
        "備考": ""
      }
    },
    {
      "type": "Feature",
      "geometry": {
        "type": "Point",
        "coordinates": [
          130.307461,
          31.826365
        ]
      },
      "properties": {
        "NO": "541",
        "共通ID": "E4621500224111",
        "施設・場所名": "鹿児島県農業共済組合川薩事務所",
        "住所": "鹿児島県薩摩川内市原田町1-19",
        "指定緊急避難場所との住所同一": "",
        "その他市町村長が必要と認める事項": "",
        "受入対象者": "",
        "備考": ""
      }
    },
    {
      "type": "Feature",
      "geometry": {
        "type": "Point",
        "coordinates": [
          130.279924,
          31.828577
        ]
      },
      "properties": {
        "NO": "542",
        "共通ID": "E4621500061111",
        "施設・場所名": "亀山地区コミュニティセンター",
        "住所": "鹿児島県薩摩川内市五代町1711-1",
        "指定緊急避難場所との住所同一": "",
        "その他市町村長が必要と認める事項": null,
        "受入対象者": null,
        "備考": ""
      }
    },
    {
      "type": "Feature",
      "geometry": {
        "type": "Point",
        "coordinates": [
          130.293493,
          31.832269
        ]
      },
      "properties": {
        "NO": "543",
        "共通ID": "E4621500065111",
        "施設・場所名": "御陵下公園運動場会館",
        "住所": "鹿児島県薩摩川内市御陵下町25-8",
        "指定緊急避難場所との住所同一": "1",
        "その他市町村長が必要と認める事項": "",
        "受入対象者": "",
        "備考": ""
      }
    },
    {
      "type": "Feature",
      "geometry": {
        "type": "Point",
        "coordinates": [
          130.300569,
          31.827984
        ]
      },
      "properties": {
        "NO": "544",
        "共通ID": "E4621500066111",
        "施設・場所名": "可愛小学校",
        "住所": "鹿児島県薩摩川内市御陵下町4-30",
        "指定緊急避難場所との住所同一": "1",
        "その他市町村長が必要と認める事項": null,
        "受入対象者": null,
        "備考": ""
      }
    },
    {
      "type": "Feature",
      "geometry": {
        "type": "Point",
        "coordinates": [
          130.298696,
          31.829785
        ]
      },
      "properties": {
        "NO": "545",
        "共通ID": "E4621500067111",
        "施設・場所名": "川内高等学校",
        "住所": "鹿児島県薩摩川内市御陵下町6-3",
        "指定緊急避難場所との住所同一": "1",
        "その他市町村長が必要と認める事項": null,
        "受入対象者": null,
        "備考": ""
      }
    },
    {
      "type": "Feature",
      "geometry": {
        "type": "Point",
        "coordinates": [
          130.307945,
          31.810052
        ]
      },
      "properties": {
        "NO": "546",
        "共通ID": "E4621500068111",
        "施設・場所名": "川内小学校",
        "住所": "鹿児島県薩摩川内市向田町1425",
        "指定緊急避難場所との住所同一": "1",
        "その他市町村長が必要と認める事項": null,
        "受入対象者": null,
        "備考": ""
      }
    },
    {
      "type": "Feature",
      "geometry": {
        "type": "Point",
        "coordinates": [
          130.211037,
          31.844345
        ]
      },
      "properties": {
        "NO": "547",
        "共通ID": "E4621500070111",
        "施設・場所名": "船間島集会所",
        "住所": "鹿児島県薩摩川内市港町502",
        "指定緊急避難場所との住所同一": "",
        "その他市町村長が必要と認める事項": "",
        "受入対象者": "",
        "備考": ""
      }
    },
    {
      "type": "Feature",
      "geometry": {
        "type": "Point",
        "coordinates": [
          130.208708,
          31.852151
        ]
      },
      "properties": {
        "NO": "548",
        "共通ID": "E4621500071111",
        "施設・場所名": "星原集会所",
        "住所": "鹿児島県薩摩川内市港町6131-6",
        "指定緊急避難場所との住所同一": "",
        "その他市町村長が必要と認める事項": "",
        "受入対象者": "",
        "備考": ""
      }
    },
    {
      "type": "Feature",
      "geometry": {
        "type": "Point",
        "coordinates": [
          130.25113,
          31.824124
        ]
      },
      "properties": {
        "NO": "549",
        "共通ID": "E4621500073111",
        "施設・場所名": "峰山地区コミュニティセンター",
        "住所": "鹿児島県薩摩川内市高江町1735-1",
        "指定緊急避難場所との住所同一": "",
        "その他市町村長が必要と認める事項": null,
        "受入対象者": null,
        "備考": ""
      }
    },
    {
      "type": "Feature",
      "geometry": {
        "type": "Point",
        "coordinates": [
          130.253925,
          31.826412
        ]
      },
      "properties": {
        "NO": "550",
        "共通ID": "E4621500074111",
        "施設・場所名": "峰山小学校",
        "住所": "鹿児島県薩摩川内市高江町526-1",
        "指定緊急避難場所との住所同一": "1",
        "その他市町村長が必要と認める事項": null,
        "受入対象者": null,
        "備考": ""
      }
    },
    {
      "type": "Feature",
      "geometry": {
        "type": "Point",
        "coordinates": [
          130.288649,
          31.852794
        ]
      },
      "properties": {
        "NO": "551",
        "共通ID": "E4621500075111",
        "施設・場所名": "高来小学校",
        "住所": "鹿児島県薩摩川内市高城町1326",
        "指定緊急避難場所との住所同一": "1",
        "その他市町村長が必要と認める事項": null,
        "受入対象者": null,
        "備考": ""
      }
    },
    {
      "type": "Feature",
      "geometry": {
        "type": "Point",
        "coordinates": [
          130.288257,
          31.850757
        ]
      },
      "properties": {
        "NO": "552",
        "共通ID": "E4621500076111",
        "施設・場所名": "高来地区コミュニティセンター",
        "住所": "鹿児島県薩摩川内市高城町1410-2",
        "指定緊急避難場所との住所同一": "",
        "その他市町村長が必要と認める事項": null,
        "受入対象者": null,
        "備考": ""
      }
    },
    {
      "type": "Feature",
      "geometry": {
        "type": "Point",
        "coordinates": [
          129.790366,
          31.77741
        ]
      },
      "properties": {
        "NO": "553",
        "共通ID": "E4621500077111",
        "施設・場所名": "鹿島市民サービスセンター",
        "住所": "鹿児島県薩摩川内市鹿島町藺牟田1457-10",
        "指定緊急避難場所との住所同一": "",
        "その他市町村長が必要と認める事項": "",
        "受入対象者": "",
        "備考": ""
      }
    },
    {
      "type": "Feature",
      "geometry": {
        "type": "Point",
        "coordinates": [
          129.79016,
          31.77612
        ]
      },
      "properties": {
        "NO": "554",
        "共通ID": "E4621500078111",
        "施設・場所名": "鹿島小学校",
        "住所": "鹿児島県薩摩川内市鹿島町藺牟田1501",
        "指定緊急避難場所との住所同一": "1",
        "その他市町村長が必要と認める事項": null,
        "受入対象者": null,
        "備考": ""
      }
    },
    {
      "type": "Feature",
      "geometry": {
        "type": "Point",
        "coordinates": [
          129.791022,
          31.776238
        ]
      },
      "properties": {
        "NO": "555",
        "共通ID": "E4621500079111",
        "施設・場所名": "鹿島公民館",
        "住所": "鹿児島県薩摩川内市鹿島町藺牟田1530-1",
        "指定緊急避難場所との住所同一": "",
        "その他市町村長が必要と認める事項": "",
        "受入対象者": "",
        "備考": ""
      }
    },
    {
      "type": "Feature",
      "geometry": {
        "type": "Point",
        "coordinates": [
          129.795627,
          31.772056
        ]
      },
      "properties": {
        "NO": "556",
        "共通ID": "E4621500080111",
        "施設・場所名": "小牟田集会所",
        "住所": "鹿児島県薩摩川内市鹿島町藺牟田3124-1",
        "指定緊急避難場所との住所同一": "",
        "その他市町村長が必要と認める事項": "",
        "受入対象者": "",
        "備考": ""
      }
    },
    {
      "type": "Feature",
      "geometry": {
        "type": "Point",
        "coordinates": [
          130.302714,
          31.814124
        ]
      },
      "properties": {
        "NO": "557",
        "共通ID": "E4621500221111",
        "施設・場所名": "センノオト別館",
        "住所": "鹿児島県薩摩川内市若松町3-33",
        "指定緊急避難場所との住所同一": "",
        "その他市町村長が必要と認める事項": "",
        "受入対象者": "",
        "備考": ""
      }
    },
    {
      "type": "Feature",
      "geometry": {
        "type": "Point",
        "coordinates": [
          130.301148,
          31.814775
        ]
      },
      "properties": {
        "NO": "558",
        "共通ID": "E4621500081111",
        "施設・場所名": "農民会館",
        "住所": "鹿児島県薩摩川内市若松町9-17",
        "指定緊急避難場所との住所同一": "",
        "その他市町村長が必要と認める事項": null,
        "受入対象者": null,
        "備考": ""
      }
    },
    {
      "type": "Feature",
      "geometry": {
        "type": "Point",
        "coordinates": [
          130.315487,
          31.787402
        ]
      },
      "properties": {
        "NO": "559",
        "共通ID": "E4621500082111",
        "施設・場所名": "坪塚自治会館",
        "住所": "鹿児島県薩摩川内市勝目町4136-4",
        "指定緊急避難場所との住所同一": "",
        "その他市町村長が必要と認める事項": "",
        "受入対象者": "",
        "備考": ""
      }
    },
    {
      "type": "Feature",
      "geometry": {
        "type": "Point",
        "coordinates": [
          130.320889,
          31.788004
        ]
      },
      "properties": {
        "NO": "560",
        "共通ID": "E4621500084111",
        "施設・場所名": "勝目保育園",
        "住所": "鹿児島県薩摩川内市勝目町5315-71",
        "指定緊急避難場所との住所同一": "",
        "その他市町村長が必要と認める事項": null,
        "受入対象者": null,
        "備考": ""
      }
    },
    {
      "type": "Feature",
      "geometry": {
        "type": "Point",
        "coordinates": [
          130.260942,
          31.85078
        ]
      },
      "properties": {
        "NO": "561",
        "共通ID": "E4621500085111",
        "施設・場所名": "川底集会所",
        "住所": "鹿児島県薩摩川内市小倉町6639-3",
        "指定緊急避難場所との住所同一": "",
        "その他市町村長が必要と認める事項": "",
        "受入対象者": "",
        "備考": ""
      }
    },
    {
      "type": "Feature",
      "geometry": {
        "type": "Point",
        "coordinates": [
          129.837578,
          31.864809
        ]
      },
      "properties": {
        "NO": "562",
        "共通ID": "E4621500209111",
        "施設・場所名": "住民センター",
        "住所": "鹿児島県薩摩川内市上甑町桑之浦149",
        "指定緊急避難場所との住所同一": "",
        "その他市町村長が必要と認める事項": "",
        "受入対象者": "",
        "備考": ""
      }
    },
    {
      "type": "Feature",
      "geometry": {
        "type": "Point",
        "coordinates": [
          129.871788,
          31.823572
        ]
      },
      "properties": {
        "NO": "563",
        "共通ID": "E4621500088112",
        "施設・場所名": "江石地区集会所",
        "住所": "鹿児島県薩摩川内市上甑町江石298-3",
        "指定緊急避難場所との住所同一": "",
        "その他市町村長が必要と認める事項": "",
        "受入対象者": "",
        "備考": ""
      }
    },
    {
      "type": "Feature",
      "geometry": {
        "type": "Point",
        "coordinates": [
          129.862682,
          31.855532
        ]
      },
      "properties": {
        "NO": "564",
        "共通ID": "E4621500090112",
        "施設・場所名": "小島地区集会施設",
        "住所": "鹿児島県薩摩川内市上甑町小島1-2",
        "指定緊急避難場所との住所同一": "",
        "その他市町村長が必要と認める事項": "",
        "受入対象者": "",
        "備考": ""
      }
    },
    {
      "type": "Feature",
      "geometry": {
        "type": "Point",
        "coordinates": [
          129.864015,
          31.863358
        ]
      },
      "properties": {
        "NO": "565",
        "共通ID": "E4621500211111",
        "施設・場所名": "瀬上地区集会所",
        "住所": "鹿児島県薩摩川内市上甑町瀬上827",
        "指定緊急避難場所との住所同一": "",
        "その他市町村長が必要と認める事項": "",
        "受入対象者": "",
        "備考": ""
      }
    },
    {
      "type": "Feature",
      "geometry": {
        "type": "Point",
        "coordinates": [
          129.865977,
          31.860003
        ]
      },
      "properties": {
        "NO": "566",
        "共通ID": "E4621500092111",
        "施設・場所名": "旧浦内小学校屋内運動場",
        "住所": "鹿児島県薩摩川内市上甑町瀬上888",
        "指定緊急避難場所との住所同一": "1",
        "その他市町村長が必要と認める事項": "",
        "受入対象者": "",
        "備考": ""
      }
    },
    {
      "type": "Feature",
      "geometry": {
        "type": "Point",
        "coordinates": [
          129.857826,
          31.83991
        ]
      },
      "properties": {
        "NO": "567",
        "共通ID": "E4621500093111",
        "施設・場所名": "上甑地区コミュニティセンター",
        "住所": "鹿児島県薩摩川内市上甑町中甑1296",
        "指定緊急避難場所との住所同一": "",
        "その他市町村長が必要と認める事項": null,
        "受入対象者": null,
        "備考": ""
      }
    },
    {
      "type": "Feature",
      "geometry": {
        "type": "Point",
        "coordinates": [
          129.867907,
          31.833586
        ]
      },
      "properties": {
        "NO": "568",
        "共通ID": "E4621500094111",
        "施設・場所名": "上甑中学校",
        "住所": "鹿児島県薩摩川内市上甑町中甑191-1",
        "指定緊急避難場所との住所同一": "1",
        "その他市町村長が必要と認める事項": null,
        "受入対象者": null,
        "備考": ""
      }
    },
    {
      "type": "Feature",
      "geometry": {
        "type": "Point",
        "coordinates": [
          129.86515,
          31.83478
        ]
      },
      "properties": {
        "NO": "569",
        "共通ID": "E4621500095111",
        "施設・場所名": "中津小学校",
        "住所": "鹿児島県薩摩川内市上甑町中甑254",
        "指定緊急避難場所との住所同一": "1",
        "その他市町村長が必要と認める事項": null,
        "受入対象者": null,
        "備考": ""
      }
    },
    {
      "type": "Feature",
      "geometry": {
        "type": "Point",
        "coordinates": [
          129.866727,
          31.835131
        ]
      },
      "properties": {
        "NO": "570",
        "共通ID": "E4621500096111",
        "施設・場所名": "上甑老人福祉センター",
        "住所": "鹿児島県薩摩川内市上甑町中甑481-1",
        "指定緊急避難場所との住所同一": "",
        "その他市町村長が必要と認める事項": null,
        "受入対象者": null,
        "備考": ""
      }
    },
    {
      "type": "Feature",
      "geometry": {
        "type": "Point",
        "coordinates": [
          129.866207,
          31.835154
        ]
      },
      "properties": {
        "NO": "571",
        "共通ID": "E4621500096112",
        "施設・場所名": "甑島振興局",
        "住所": "鹿児島県薩摩川内市上甑町中甑481-1",
        "指定緊急避難場所との住所同一": "",
        "その他市町村長が必要と認める事項": "",
        "受入対象者": "",
        "備考": ""
      }
    },
    {
      "type": "Feature",
      "geometry": {
        "type": "Point",
        "coordinates": [
          129.880541,
          31.83781
        ]
      },
      "properties": {
        "NO": "572",
        "共通ID": "E4621500097111",
        "施設・場所名": "中野地区集会所",
        "住所": "鹿児島県薩摩川内市上甑町中野911-5",
        "指定緊急避難場所との住所同一": "",
        "その他市町村長が必要と認める事項": "",
        "受入対象者": "",
        "備考": ""
      }
    },
    {
      "type": "Feature",
      "geometry": {
        "type": "Point",
        "coordinates": [
          129.841187,
          31.801591
        ]
      },
      "properties": {
        "NO": "573",
        "共通ID": "E4621500212111",
        "施設・場所名": "平良地区集会所",
        "住所": "鹿児島県薩摩川内市上甑町平良217",
        "指定緊急避難場所との住所同一": "",
        "その他市町村長が必要と認める事項": "",
        "受入対象者": "",
        "備考": ""
      }
    },
    {
      "type": "Feature",
      "geometry": {
        "type": "Point",
        "coordinates": [
          129.83994,
          31.79956
        ]
      },
      "properties": {
        "NO": "574",
        "共通ID": "E4621500099111",
        "施設・場所名": "旧平良小学校屋内運動場",
        "住所": "鹿児島県薩摩川内市上甑町平良377-2",
        "指定緊急避難場所との住所同一": "1",
        "その他市町村長が必要と認める事項": "",
        "受入対象者": "",
        "備考": ""
      }
    },
    {
      "type": "Feature",
      "geometry": {
        "type": "Point",
        "coordinates": [
          130.298466,
          31.879856
        ]
      },
      "properties": {
        "NO": "575",
        "共通ID": "E4621500100111",
        "施設・場所名": "城上地区コミュニティセンター",
        "住所": "鹿児島県薩摩川内市城上町3697-1",
        "指定緊急避難場所との住所同一": "",
        "その他市町村長が必要と認める事項": null,
        "受入対象者": null,
        "備考": ""
      }
    },
    {
      "type": "Feature",
      "geometry": {
        "type": "Point",
        "coordinates": [
          130.300778,
          31.878621
        ]
      },
      "properties": {
        "NO": "576",
        "共通ID": "E4621500101111",
        "施設・場所名": "城上小学校",
        "住所": "鹿児島県薩摩川内市城上町4525-1",
        "指定緊急避難場所との住所同一": "1",
        "その他市町村長が必要と認める事項": null,
        "受入対象者": null,
        "備考": ""
      }
    },
    {
      "type": "Feature",
      "geometry": {
        "type": "Point",
        "coordinates": [
          130.286428,
          31.919833
        ]
      },
      "properties": {
        "NO": "577",
        "共通ID": "E4621500104111",
        "施設・場所名": "吉川地区コミュニティセンター",
        "住所": "鹿児島県薩摩川内市城上町8292-1",
        "指定緊急避難場所との住所同一": "",
        "その他市町村長が必要と認める事項": null,
        "受入対象者": null,
        "備考": ""
      }
    },
    {
      "type": "Feature",
      "geometry": {
        "type": "Point",
        "coordinates": [
          130.305756,
          31.813334
        ]
      },
      "properties": {
        "NO": "578",
        "共通ID": "E4621500105111",
        "施設・場所名": "北薩地域振興局本庁舎",
        "住所": "鹿児島県薩摩川内市神田町1-22",
        "指定緊急避難場所との住所同一": "",
        "その他市町村長が必要と認める事項": null,
        "受入対象者": null,
        "備考": ""
      }
    },
    {
      "type": "Feature",
      "geometry": {
        "type": "Point",
        "coordinates": [
          130.304367,
          31.813307
        ]
      },
      "properties": {
        "NO": "579",
        "共通ID": "E4621500107111",
        "施設・場所名": "薩摩川内市役所",
        "住所": "鹿児島県薩摩川内市神田町3-22",
        "指定緊急避難場所との住所同一": "",
        "その他市町村長が必要と認める事項": null,
        "受入対象者": null,
        "備考": ""
      }
    },
    {
      "type": "Feature",
      "geometry": {
        "type": "Point",
        "coordinates": [
          130.244564,
          31.849399
        ]
      },
      "properties": {
        "NO": "580",
        "共通ID": "E4621500109111",
        "施設・場所名": "水引地区コミュニティセンター",
        "住所": "鹿児島県薩摩川内市水引町5222-3",
        "指定緊急避難場所との住所同一": "",
        "その他市町村長が必要と認める事項": null,
        "受入対象者": null,
        "備考": ""
      }
    },
    {
      "type": "Feature",
      "geometry": {
        "type": "Point",
        "coordinates": [
          130.243877,
          31.850461
        ]
      },
      "properties": {
        "NO": "581",
        "共通ID": "E4621500110111",
        "施設・場所名": "水引小学校",
        "住所": "鹿児島県薩摩川内市水引町5349-1",
        "指定緊急避難場所との住所同一": "1",
        "その他市町村長が必要と認める事項": null,
        "受入対象者": null,
        "備考": ""
      }
    },
    {
      "type": "Feature",
      "geometry": {
        "type": "Point",
        "coordinates": [
          130.30095,
          31.816238
        ]
      },
      "properties": {
        "NO": "582",
        "共通ID": "E4621500113111",
        "施設・場所名": "すこやかふれあいプラザ",
        "住所": "鹿児島県薩摩川内市西開聞町6-10",
        "指定緊急避難場所との住所同一": "",
        "その他市町村長が必要と認める事項": null,
        "受入対象者": null,
        "備考": ""
      }
    },
    {
      "type": "Feature",
      "geometry": {
        "type": "Point",
        "coordinates": [
          130.224115,
          31.916969
        ]
      },
      "properties": {
        "NO": "583",
        "共通ID": "E4621500114111",
        "施設・場所名": "西方地区コミュニティセンター",
        "住所": "鹿児島県薩摩川内市西方町3311",
        "指定緊急避難場所との住所同一": "",
        "その他市町村長が必要と認める事項": null,
        "受入対象者": null,
        "備考": ""
      }
    },
    {
      "type": "Feature",
      "geometry": {
        "type": "Point",
        "coordinates": [
          130.224281,
          31.91538
        ]
      },
      "properties": {
        "NO": "584",
        "共通ID": "E4621500214111",
        "施設・場所名": "旧西方小学校屋内運動場",
        "住所": "鹿児島県薩摩川内市西方町3331-1",
        "指定緊急避難場所との住所同一": "1",
        "その他市町村長が必要と認める事項": "",
        "受入対象者": "",
        "備考": ""
      }
    },
    {
      "type": "Feature",
      "geometry": {
        "type": "Point",
        "coordinates": [
          130.294582,
          31.784666
        ]
      },
      "properties": {
        "NO": "585",
        "共通ID": "E4621500116111",
        "施設・場所名": "青山保育園",
        "住所": "鹿児島県薩摩川内市青山町3586-4",
        "指定緊急避難場所との住所同一": "",
        "その他市町村長が必要と認める事項": null,
        "受入対象者": null,
        "備考": ""
      }
    },
    {
      "type": "Feature",
      "geometry": {
        "type": "Point",
        "coordinates": [
          130.289244,
          31.779258
        ]
      },
      "properties": {
        "NO": "586",
        "共通ID": "E4621500117111",
        "施設・場所名": "青山公民館",
        "住所": "鹿児島県薩摩川内市青山町4082-6",
        "指定緊急避難場所との住所同一": "",
        "その他市町村長が必要と認める事項": "",
        "受入対象者": "",
        "備考": ""
      }
    },
    {
      "type": "Feature",
      "geometry": {
        "type": "Point",
        "coordinates": [
          130.300182,
          31.824014
        ]
      },
      "properties": {
        "NO": "587",
        "共通ID": "E4621500118111",
        "施設・場所名": "中央公民館",
        "住所": "鹿児島県薩摩川内市大小路町14-5",
        "指定緊急避難場所との住所同一": "",
        "その他市町村長が必要と認める事項": null,
        "受入対象者": null,
        "備考": ""
      }
    },
    {
      "type": "Feature",
      "geometry": {
        "type": "Point",
        "coordinates": [
          130.314393,
          31.835956
        ]
      },
      "properties": {
        "NO": "588",
        "共通ID": "E4621500120111",
        "施設・場所名": "育英地区コミュニティセンター",
        "住所": "鹿児島県薩摩川内市中郷3-121",
        "指定緊急避難場所との住所同一": "",
        "その他市町村長が必要と認める事項": null,
        "受入対象者": null,
        "備考": ""
      }
    },
    {
      "type": "Feature",
      "geometry": {
        "type": "Point",
        "coordinates": [
          130.315133,
          31.835281
        ]
      },
      "properties": {
        "NO": "589",
        "共通ID": "E4621500121111",
        "施設・場所名": "育英小学校",
        "住所": "鹿児島県薩摩川内市中郷3-147",
        "指定緊急避難場所との住所同一": "1",
        "その他市町村長が必要と認める事項": null,
        "受入対象者": null,
        "備考": ""
      }
    },
    {
      "type": "Feature",
      "geometry": {
        "type": "Point",
        "coordinates": [
          130.305198,
          31.837368
        ]
      },
      "properties": {
        "NO": "590",
        "共通ID": "E4621500123111",
        "施設・場所名": "中央消防署",
        "住所": "鹿児島県薩摩川内市中郷町5031-1",
        "指定緊急避難場所との住所同一": "",
        "その他市町村長が必要と認める事項": "",
        "受入対象者": "",
        "備考": ""
      }
    },
    {
      "type": "Feature",
      "geometry": {
        "type": "Point",
        "coordinates": [
          130.371138,
          31.849121
        ]
      },
      "properties": {
        "NO": "591",
        "共通ID": "E4621500124111",
        "施設・場所名": "長野公民館",
        "住所": "鹿児島県薩摩川内市中村町2775-1",
        "指定緊急避難場所との住所同一": "",
        "その他市町村長が必要と認める事項": "",
        "受入対象者": "",
        "備考": ""
      }
    },
    {
      "type": "Feature",
      "geometry": {
        "type": "Point",
        "coordinates": [
          130.359921,
          31.838266
        ]
      },
      "properties": {
        "NO": "592",
        "共通ID": "E4621500125111",
        "施設・場所名": "平佐東地区コミュニティセンター",
        "住所": "鹿児島県薩摩川内市中村町6980-4",
        "指定緊急避難場所との住所同一": "",
        "その他市町村長が必要と認める事項": null,
        "受入対象者": null,
        "備考": ""
      }
    },
    {
      "type": "Feature",
      "geometry": {
        "type": "Point",
        "coordinates": [
          130.359432,
          31.840271
        ]
      },
      "properties": {
        "NO": "593",
        "共通ID": "E4621500127111",
        "施設・場所名": "平佐東小学校",
        "住所": "鹿児島県薩摩川内市中村町7401",
        "指定緊急避難場所との住所同一": "1",
        "その他市町村長が必要と認める事項": null,
        "受入対象者": null,
        "備考": ""
      }
    },
    {
      "type": "Feature",
      "geometry": {
        "type": "Point",
        "coordinates": [
          130.330647,
          31.825332
        ]
      },
      "properties": {
        "NO": "594",
        "共通ID": "E4621500128111",
        "施設・場所名": "国際交流センター",
        "住所": "鹿児島県薩摩川内市天辰町2211-1",
        "指定緊急避難場所との住所同一": "1",
        "その他市町村長が必要と認める事項": "",
        "受入対象者": "",
        "備考": ""
      }
    },
    {
      "type": "Feature",
      "geometry": {
        "type": "Point",
        "coordinates": [
          130.328308,
          31.826544
        ]
      },
      "properties": {
        "NO": "595",
        "共通ID": "E4621500129111",
        "施設・場所名": "鹿児島純心大学",
        "住所": "鹿児島県薩摩川内市天辰町2365",
        "指定緊急避難場所との住所同一": "",
        "その他市町村長が必要と認める事項": "",
        "受入対象者": "",
        "備考": ""
      }
    },
    {
      "type": "Feature",
      "geometry": {
        "type": "Point",
        "coordinates": [
          130.32067,
          31.865497
        ]
      },
      "properties": {
        "NO": "596",
        "共通ID": "E4621500130111",
        "施設・場所名": "八幡地区コミュニティセンター",
        "住所": "鹿児島県薩摩川内市田海町1560",
        "指定緊急避難場所との住所同一": "",
        "その他市町村長が必要と認める事項": null,
        "受入対象者": null,
        "備考": ""
      }
    },
    {
      "type": "Feature",
      "geometry": {
        "type": "Point",
        "coordinates": [
          130.318395,
          31.873027
        ]
      },
      "properties": {
        "NO": "597",
        "共通ID": "E4621500131111",
        "施設・場所名": "八幡小学校",
        "住所": "鹿児島県薩摩川内市田海町3683-1",
        "指定緊急避難場所との住所同一": "1",
        "その他市町村長が必要と認める事項": null,
        "受入対象者": null,
        "備考": ""
      }
    },
    {
      "type": "Feature",
      "geometry": {
        "type": "Point",
        "coordinates": [
          130.297575,
          31.776284
        ]
      },
      "properties": {
        "NO": "598",
        "共通ID": "E4621500215111",
        "施設・場所名": "都公民館",
        "住所": "鹿児島県薩摩川内市都町6643-6",
        "指定緊急避難場所との住所同一": "",
        "その他市町村長が必要と認める事項": "",
        "受入対象者": "",
        "備考": ""
      }
    },
    {
      "type": "Feature",
      "geometry": {
        "type": "Point",
        "coordinates": [
          130.388223,
          31.8928
        ]
      },
      "properties": {
        "NO": "599",
        "共通ID": "E4621500135111",
        "施設・場所名": "山田地区コミュニティセンター",
        "住所": "鹿児島県薩摩川内市東郷町山田1422-1",
        "指定緊急避難場所との住所同一": "",
        "その他市町村長が必要と認める事項": null,
        "受入対象者": null,
        "備考": ""
      }
    },
    {
      "type": "Feature",
      "geometry": {
        "type": "Point",
        "coordinates": [
          130.335277,
          31.889858
        ]
      },
      "properties": {
        "NO": "600",
        "共通ID": "E4621500137111",
        "施設・場所名": "鳥丸地区コミュニティセンター",
        "住所": "鹿児島県薩摩川内市東郷町鳥丸2310-3",
        "指定緊急避難場所との住所同一": "",
        "その他市町村長が必要と認める事項": null,
        "受入対象者": null,
        "備考": ""
      }
    },
    {
      "type": "Feature",
      "geometry": {
        "type": "Point",
        "coordinates": [
          130.320347,
          31.921736
        ]
      },
      "properties": {
        "NO": "601",
        "共通ID": "E4621500139111",
        "施設・場所名": "藤川地区コミュニティセンター",
        "住所": "鹿児島県薩摩川内市東郷町藤川923-1",
        "指定緊急避難場所との住所同一": "",
        "その他市町村長が必要と認める事項": null,
        "受入対象者": null,
        "備考": ""
      }
    },
    {
      "type": "Feature",
      "geometry": {
        "type": "Point",
        "coordinates": [
          130.389356,
          31.858997
        ]
      },
      "properties": {
        "NO": "602",
        "共通ID": "E4621500140111",
        "施設・場所名": "南瀬地区コミュニティセンター",
        "住所": "鹿児島県薩摩川内市東郷町南瀬2192-5",
        "指定緊急避難場所との住所同一": "1",
        "その他市町村長が必要と認める事項": null,
        "受入対象者": null,
        "備考": ""
      }
    },
    {
      "type": "Feature",
      "geometry": {
        "type": "Point",
        "coordinates": [
          130.337831,
          31.86446
        ]
      },
      "properties": {
        "NO": "603",
        "共通ID": "E4621500220111",
        "施設・場所名": "東郷支所",
        "住所": "鹿児島県薩摩川内市東郷町斧渕362",
        "指定緊急避難場所との住所同一": "",
        "その他市町村長が必要と認める事項": "",
        "受入対象者": "",
        "備考": ""
      }
    },
    {
      "type": "Feature",
      "geometry": {
        "type": "Point",
        "coordinates": [
          130.3435,
          31.868695
        ]
      },
      "properties": {
        "NO": "604",
        "共通ID": "E4621500143111",
        "施設・場所名": "東郷学園義務教育学校",
        "住所": "鹿児島県薩摩川内市東郷町斧渕4564",
        "指定緊急避難場所との住所同一": "1",
        "その他市町村長が必要と認める事項": null,
        "受入対象者": null,
        "備考": ""
      }
    },
    {
      "type": "Feature",
      "geometry": {
        "type": "Point",
        "coordinates": [
          130.337833,
          31.86461
        ]
      },
      "properties": {
        "NO": "605",
        "共通ID": "E4621500144111",
        "施設・場所名": "アミティプラザ東郷",
        "住所": "鹿児島県薩摩川内市東郷町斧渕722-1",
        "指定緊急避難場所との住所同一": "",
        "その他市町村長が必要と認める事項": null,
        "受入対象者": null,
        "備考": ""
      }
    },
    {
      "type": "Feature",
      "geometry": {
        "type": "Point",
        "coordinates": [
          130.238974,
          31.905485
        ]
      },
      "properties": {
        "NO": "606",
        "共通ID": "E4621500147111",
        "施設・場所名": "湯田地区コミュニティセンター",
        "住所": "鹿児島県薩摩川内市湯田町4313",
        "指定緊急避難場所との住所同一": "",
        "その他市町村長が必要と認める事項": null,
        "受入対象者": null,
        "備考": ""
      }
    },
    {
      "type": "Feature",
      "geometry": {
        "type": "Point",
        "coordinates": [
          130.238143,
          31.906491
        ]
      },
      "properties": {
        "NO": "607",
        "共通ID": "E4621500149111",
        "施設・場所名": "旧湯田小学校屋内運動場",
        "住所": "鹿児島県薩摩川内市湯田町4422",
        "指定緊急避難場所との住所同一": "1",
        "その他市町村長が必要と認める事項": null,
        "受入対象者": null,
        "備考": ""
      }
    },
    {
      "type": "Feature",
      "geometry": {
        "type": "Point",
        "coordinates": [
          130.23405,
          31.834748
        ]
      },
      "properties": {
        "NO": "608",
        "共通ID": "E4621500150111",
        "施設・場所名": "平島集会所",
        "住所": "鹿児島県薩摩川内市湯島町2572-1",
        "指定緊急避難場所との住所同一": "",
        "その他市町村長が必要と認める事項": "",
        "受入対象者": "",
        "備考": ""
      }
    },
    {
      "type": "Feature",
      "geometry": {
        "type": "Point",
        "coordinates": [
          130.224072,
          31.838699
        ]
      },
      "properties": {
        "NO": "609",
        "共通ID": "E4621500152111",
        "施設・場所名": "湯ノ浦集会所",
        "住所": "鹿児島県薩摩川内市湯島町3961",
        "指定緊急避難場所との住所同一": "",
        "その他市町村長が必要と認める事項": "",
        "受入対象者": "",
        "備考": ""
      }
    },
    {
      "type": "Feature",
      "geometry": {
        "type": "Point",
        "coordinates": [
          130.455495,
          31.790709
        ]
      },
      "properties": {
        "NO": "610",
        "共通ID": "E4621500154111",
        "施設・場所名": "蒲生原集落センター",
        "住所": "鹿児島県薩摩川内市入来町浦之名10506-2",
        "指定緊急避難場所との住所同一": "",
        "その他市町村長が必要と認める事項": "",
        "受入対象者": "",
        "備考": ""
      }
    },
    {
      "type": "Feature",
      "geometry": {
        "type": "Point",
        "coordinates": [
          130.430758,
          31.806574
        ]
      },
      "properties": {
        "NO": "611",
        "共通ID": "E4621500226111",
        "施設・場所名": "入来支所",
        "住所": "鹿児島県薩摩川内市入来町浦之名33",
        "指定緊急避難場所との住所同一": "",
        "その他市町村長が必要と認める事項": "",
        "受入対象者": "",
        "備考": ""
      }
    },
    {
      "type": "Feature",
      "geometry": {
        "type": "Point",
        "coordinates": [
          130.450078,
          31.775019
        ]
      },
      "properties": {
        "NO": "612",
        "共通ID": "E4621500159111",
        "施設・場所名": "大馬越地区コミュニティセンター",
        "住所": "鹿児島県薩摩川内市入来町浦之名3492-4",
        "指定緊急避難場所との住所同一": "",
        "その他市町村長が必要と認める事項": null,
        "受入対象者": null,
        "備考": ""
      }
    },
    {
      "type": "Feature",
      "geometry": {
        "type": "Point",
        "coordinates": [
          130.423081,
          31.76865
        ]
      },
      "properties": {
        "NO": "613",
        "共通ID": "E4621500160111",
        "施設・場所名": "八重地区コミュニティセンター",
        "住所": "鹿児島県薩摩川内市入来町浦之名4494-2",
        "指定緊急避難場所との住所同一": "",
        "その他市町村長が必要と認める事項": null,
        "受入対象者": null,
        "備考": ""
      }
    },
    {
      "type": "Feature",
      "geometry": {
        "type": "Point",
        "coordinates": [
          130.429191,
          31.80692
        ]
      },
      "properties": {
        "NO": "614",
        "共通ID": "E4621500162111",
        "施設・場所名": "入来小学校",
        "住所": "鹿児島県薩摩川内市入来町浦之名60",
        "指定緊急避難場所との住所同一": "1",
        "その他市町村長が必要と認める事項": null,
        "受入対象者": null,
        "備考": ""
      }
    },
    {
      "type": "Feature",
      "geometry": {
        "type": "Point",
        "coordinates": [
          130.447262,
          31.780615
        ]
      },
      "properties": {
        "NO": "615",
        "共通ID": "E4621500163111",
        "施設・場所名": "旧大馬越小学校屋内運動場",
        "住所": "鹿児島県薩摩川内市入来町浦之名6201",
        "指定緊急避難場所との住所同一": "1",
        "その他市町村長が必要と認める事項": null,
        "受入対象者": null,
        "備考": ""
      }
    },
    {
      "type": "Feature",
      "geometry": {
        "type": "Point",
        "coordinates": [
          130.436825,
          31.801714
        ]
      },
      "properties": {
        "NO": "616",
        "共通ID": "E4621500164111",
        "施設・場所名": "入来中学校",
        "住所": "鹿児島県薩摩川内市入来町浦之名7635",
        "指定緊急避難場所との住所同一": "1",
        "その他市町村長が必要と認める事項": null,
        "受入対象者": null,
        "備考": ""
      }
    },
    {
      "type": "Feature",
      "geometry": {
        "type": "Point",
        "coordinates": [
          130.431348,
          31.797447
        ]
      },
      "properties": {
        "NO": "617",
        "共通ID": "E4621500165111",
        "施設・場所名": "清色地区コミュニティセンター",
        "住所": "鹿児島県薩摩川内市入来町浦之名788-1",
        "指定緊急避難場所との住所同一": "",
        "その他市町村長が必要と認める事項": null,
        "受入対象者": null,
        "備考": ""
      }
    },
    {
      "type": "Feature",
      "geometry": {
        "type": "Point",
        "coordinates": [
          130.430173,
          31.830979
        ]
      },
      "properties": {
        "NO": "618",
        "共通ID": "E4621500166111",
        "施設・場所名": "副田小学校",
        "住所": "鹿児島県薩摩川内市入来町副田2030",
        "指定緊急避難場所との住所同一": "1",
        "その他市町村長が必要と認める事項": null,
        "受入対象者": null,
        "備考": ""
      }
    },
    {
      "type": "Feature",
      "geometry": {
        "type": "Point",
        "coordinates": [
          130.435265,
          31.825106
        ]
      },
      "properties": {
        "NO": "619",
        "共通ID": "E4621500227111",
        "施設・場所名": "入来会館",
        "住所": "鹿児島県薩摩川内市入来町副田5674-8",
        "指定緊急避難場所との住所同一": "",
        "その他市町村長が必要と認める事項": "",
        "受入対象者": "",
        "備考": ""
      }
    },
    {
      "type": "Feature",
      "geometry": {
        "type": "Point",
        "coordinates": [
          130.430506,
          31.820824
        ]
      },
      "properties": {
        "NO": "620",
        "共通ID": "E4621500168111",
        "施設・場所名": "入来総合運動場体育館",
        "住所": "鹿児島県薩摩川内市入来町副田6029-1",
        "指定緊急避難場所との住所同一": "1",
        "その他市町村長が必要と認める事項": "",
        "受入対象者": "",
        "備考": ""
      }
    },
    {
      "type": "Feature",
      "geometry": {
        "type": "Point",
        "coordinates": [
          130.432305,
          31.820254
        ]
      },
      "properties": {
        "NO": "621",
        "共通ID": "E4621500169111",
        "施設・場所名": "入来文化ホール別館",
        "住所": "鹿児島県薩摩川内市入来町副田6043",
        "指定緊急避難場所との住所同一": "",
        "その他市町村長が必要と認める事項": "",
        "受入対象者": "",
        "備考": ""
      }
    },
    {
      "type": "Feature",
      "geometry": {
        "type": "Point",
        "coordinates": [
          130.414492,
          31.787691
        ]
      },
      "properties": {
        "NO": "622",
        "共通ID": "E4621500172111",
        "施設・場所名": "市比野五・六区公民館",
        "住所": "鹿児島県薩摩川内市樋脇町市比野1159-1",
        "指定緊急避難場所との住所同一": "",
        "その他市町村長が必要と認める事項": "",
        "受入対象者": "",
        "備考": ""
      }
    },
    {
      "type": "Feature",
      "geometry": {
        "type": "Point",
        "coordinates": [
          130.404601,
          31.79405
        ]
      },
      "properties": {
        "NO": "623",
        "共通ID": "E4621500173111",
        "施設・場所名": "温泉区公民館",
        "住所": "鹿児島県薩摩川内市樋脇町市比野2333",
        "指定緊急避難場所との住所同一": "",
        "その他市町村長が必要と認める事項": null,
        "受入対象者": null,
        "備考": ""
      }
    },
    {
      "type": "Feature",
      "geometry": {
        "type": "Point",
        "coordinates": [
          130.405148,
          31.783266
        ]
      },
      "properties": {
        "NO": "624",
        "共通ID": "E4621500174111",
        "施設・場所名": "市比野四区公民館",
        "住所": "鹿児島県薩摩川内市樋脇町市比野2712-1",
        "指定緊急避難場所との住所同一": "",
        "その他市町村長が必要と認める事項": "",
        "受入対象者": "",
        "備考": ""
      }
    },
    {
      "type": "Feature",
      "geometry": {
        "type": "Point",
        "coordinates": [
          130.405137,
          31.78514
        ]
      },
      "properties": {
        "NO": "625",
        "共通ID": "E4621500175111",
        "施設・場所名": "市比野小学校",
        "住所": "鹿児島県薩摩川内市樋脇町市比野2805",
        "指定緊急避難場所との住所同一": "1",
        "その他市町村長が必要と認める事項": null,
        "受入対象者": null,
        "備考": ""
      }
    },
    {
      "type": "Feature",
      "geometry": {
        "type": "Point",
        "coordinates": [
          130.385209,
          31.773861
        ]
      },
      "properties": {
        "NO": "626",
        "共通ID": "E4621500176111",
        "施設・場所名": "市比野三区公民館",
        "住所": "鹿児島県薩摩川内市樋脇町市比野6291-1",
        "指定緊急避難場所との住所同一": "",
        "その他市町村長が必要と認める事項": "",
        "受入対象者": "",
        "備考": ""
      }
    },
    {
      "type": "Feature",
      "geometry": {
        "type": "Point",
        "coordinates": [
          130.3733,
          31.749585
        ]
      },
      "properties": {
        "NO": "627",
        "共通ID": "E4621500225111",
        "施設・場所名": "野下地区コミュニティセンター",
        "住所": "鹿児島県薩摩川内市樋脇町市比野7976-2",
        "指定緊急避難場所との住所同一": "",
        "その他市町村長が必要と認める事項": "",
        "受入対象者": "",
        "備考": ""
      }
    },
    {
      "type": "Feature",
      "geometry": {
        "type": "Point",
        "coordinates": [
          130.410271,
          31.739854
        ]
      },
      "properties": {
        "NO": "628",
        "共通ID": "E4621500178111",
        "施設・場所名": "藤本地区コミュニティセンター",
        "住所": "鹿児島県薩摩川内市樋脇町市比野9926-3",
        "指定緊急避難場所との住所同一": "",
        "その他市町村長が必要と認める事項": null,
        "受入対象者": null,
        "備考": ""
      }
    },
    {
      "type": "Feature",
      "geometry": {
        "type": "Point",
        "coordinates": [
          130.396238,
          31.851422
        ]
      },
      "properties": {
        "NO": "629",
        "共通ID": "E4621500180111",
        "施設・場所名": "倉野地区コミュニティセンター",
        "住所": "鹿児島県薩摩川内市樋脇町倉野1556",
        "指定緊急避難場所との住所同一": "",
        "その他市町村長が必要と認める事項": null,
        "受入対象者": null,
        "備考": ""
      }
    },
    {
      "type": "Feature",
      "geometry": {
        "type": "Point",
        "coordinates": [
          130.396484,
          31.801176
        ]
      },
      "properties": {
        "NO": "630",
        "共通ID": "E4621500182111",
        "施設・場所名": "樋脇中学校",
        "住所": "鹿児島県薩摩川内市樋脇町塔之原10295",
        "指定緊急避難場所との住所同一": "1",
        "その他市町村長が必要と認める事項": null,
        "受入対象者": null,
        "備考": ""
      }
    },
    {
      "type": "Feature",
      "geometry": {
        "type": "Point",
        "coordinates": [
          130.398405,
          31.804408
        ]
      },
      "properties": {
        "NO": "631",
        "共通ID": "E4621500183111",
        "施設・場所名": "樋脇地区コミュニティ協議会南集会所",
        "住所": "鹿児島県薩摩川内市樋脇町塔之原10605",
        "指定緊急避難場所との住所同一": "",
        "その他市町村長が必要と認める事項": "",
        "受入対象者": "",
        "備考": ""
      }
    },
    {
      "type": "Feature",
      "geometry": {
        "type": "Point",
        "coordinates": [
          130.381976,
          31.819942
        ]
      },
      "properties": {
        "NO": "632",
        "共通ID": "E4621500184111",
        "施設・場所名": "樋脇地区コミュニティ協議会西集会所",
        "住所": "鹿児島県薩摩川内市樋脇町塔之原1111-2",
        "指定緊急避難場所との住所同一": "",
        "その他市町村長が必要と認める事項": "",
        "受入対象者": "",
        "備考": ""
      }
    },
    {
      "type": "Feature",
      "geometry": {
        "type": "Point",
        "coordinates": [
          130.384304,
          31.820242
        ]
      },
      "properties": {
        "NO": "633",
        "共通ID": "E4621500223111",
        "施設・場所名": "樋脇支所",
        "住所": "鹿児島県薩摩川内市樋脇町塔之原1173",
        "指定緊急避難場所との住所同一": "",
        "その他市町村長が必要と認める事項": "",
        "受入対象者": "",
        "備考": ""
      }
    },
    {
      "type": "Feature",
      "geometry": {
        "type": "Point",
        "coordinates": [
          130.386811,
          31.818186
        ]
      },
      "properties": {
        "NO": "634",
        "共通ID": "E4621500185111",
        "施設・場所名": "樋脇公民館",
        "住所": "鹿児島県薩摩川内市樋脇町塔之原3567-1",
        "指定緊急避難場所との住所同一": "",
        "その他市町村長が必要と認める事項": "",
        "受入対象者": "",
        "備考": ""
      }
    },
    {
      "type": "Feature",
      "geometry": {
        "type": "Point",
        "coordinates": [
          130.386587,
          31.817396
        ]
      },
      "properties": {
        "NO": "635",
        "共通ID": "E4621500186111",
        "施設・場所名": "樋脇小学校",
        "住所": "鹿児島県薩摩川内市樋脇町塔之原3624",
        "指定緊急避難場所との住所同一": "1",
        "その他市町村長が必要と認める事項": null,
        "受入対象者": null,
        "備考": ""
      }
    },
    {
      "type": "Feature",
      "geometry": {
        "type": "Point",
        "coordinates": [
          130.389548,
          31.820664
        ]
      },
      "properties": {
        "NO": "636",
        "共通ID": "E4621500187111",
        "施設・場所名": "樋脇地区コミュニティ協議会東集会所",
        "住所": "鹿児島県薩摩川内市樋脇町塔之原3865-1",
        "指定緊急避難場所との住所同一": "",
        "その他市町村長が必要と認める事項": "",
        "受入対象者": "",
        "備考": ""
      }
    },
    {
      "type": "Feature",
      "geometry": {
        "type": "Point",
        "coordinates": [
          130.391888,
          31.816473
        ]
      },
      "properties": {
        "NO": "637",
        "共通ID": "E4621500189111",
        "施設・場所名": "樋脇総合運動場体育館",
        "住所": "鹿児島県薩摩川内市樋脇町塔之原8682",
        "指定緊急避難場所との住所同一": "1",
        "その他市町村長が必要と認める事項": "",
        "受入対象者": "",
        "備考": ""
      }
    },
    {
      "type": "Feature",
      "geometry": {
        "type": "Point",
        "coordinates": [
          130.337143,
          31.789399
        ]
      },
      "properties": {
        "NO": "638",
        "共通ID": "E4621500190111",
        "施設・場所名": "永利地区コミュニティセンター",
        "住所": "鹿児島県薩摩川内市百次町1086-1",
        "指定緊急避難場所との住所同一": "",
        "その他市町村長が必要と認める事項": null,
        "受入対象者": null,
        "備考": ""
      }
    },
    {
      "type": "Feature",
      "geometry": {
        "type": "Point",
        "coordinates": [
          130.335808,
          31.790284
        ]
      },
      "properties": {
        "NO": "639",
        "共通ID": "E4621500191111",
        "施設・場所名": "永利小学校",
        "住所": "鹿児島県薩摩川内市百次町959",
        "指定緊急避難場所との住所同一": "1",
        "その他市町村長が必要と認める事項": null,
        "受入対象者": null,
        "備考": ""
      }
    },
    {
      "type": "Feature",
      "geometry": {
        "type": "Point",
        "coordinates": [
          130.312467,
          31.814761
        ]
      },
      "properties": {
        "NO": "640",
        "共通ID": "E4621500192111",
        "施設・場所名": "ＳＳプラザせんだい",
        "住所": "鹿児島県薩摩川内市平佐1-18",
        "指定緊急避難場所との住所同一": "",
        "その他市町村長が必要と認める事項": null,
        "受入対象者": null,
        "備考": ""
      }
    },
    {
      "type": "Feature",
      "geometry": {
        "type": "Point",
        "coordinates": [
          130.322093,
          31.812115
        ]
      },
      "properties": {
        "NO": "641",
        "共通ID": "E4621500193111",
        "施設・場所名": "川内商工高等学校",
        "住所": "鹿児島県薩摩川内市平佐町1835",
        "指定緊急避難場所との住所同一": "1",
        "その他市町村長が必要と認める事項": null,
        "受入対象者": null,
        "備考": ""
      }
    },
    {
      "type": "Feature",
      "geometry": {
        "type": "Point",
        "coordinates": [
          130.313427,
          31.811785
        ]
      },
      "properties": {
        "NO": "642",
        "共通ID": "E4621500194111",
        "施設・場所名": "平佐西小学校",
        "住所": "鹿児島県薩摩川内市平佐町2193",
        "指定緊急避難場所との住所同一": "1",
        "その他市町村長が必要と認める事項": null,
        "受入対象者": null,
        "備考": ""
      }
    },
    {
      "type": "Feature",
      "geometry": {
        "type": "Point",
        "coordinates": [
          130.324172,
          31.819092
        ]
      },
      "properties": {
        "NO": "643",
        "共通ID": "E4621500195111",
        "施設・場所名": "川内中央中学校",
        "住所": "鹿児島県薩摩川内市平佐町5000",
        "指定緊急避難場所との住所同一": "1",
        "その他市町村長が必要と認める事項": null,
        "受入対象者": null,
        "備考": ""
      }
    },
    {
      "type": "Feature",
      "geometry": {
        "type": "Point",
        "coordinates": [
          130.32686,
          31.798714
        ]
      },
      "properties": {
        "NO": "644",
        "共通ID": "E4621500196111",
        "施設・場所名": "川内南中学校",
        "住所": "鹿児島県薩摩川内市平佐町985",
        "指定緊急避難場所との住所同一": "1",
        "その他市町村長が必要と認める事項": null,
        "受入対象者": null,
        "備考": ""
      }
    },
    {
      "type": "Feature",
      "geometry": {
        "type": "Point",
        "coordinates": [
          130.222457,
          31.866795
        ]
      },
      "properties": {
        "NO": "645",
        "共通ID": "E4621500197111",
        "施設・場所名": "網津集会所",
        "住所": "鹿児島県薩摩川内市網津町4397-1",
        "指定緊急避難場所との住所同一": "",
        "その他市町村長が必要と認める事項": "",
        "受入対象者": "",
        "備考": ""
      }
    },
    {
      "type": "Feature",
      "geometry": {
        "type": "Point",
        "coordinates": [
          130.268151,
          31.87612
        ]
      },
      "properties": {
        "NO": "646",
        "共通ID": "E4621500199111",
        "施設・場所名": "陽成地区コミュニティセンター",
        "住所": "鹿児島県薩摩川内市陽成町4620",
        "指定緊急避難場所との住所同一": "",
        "その他市町村長が必要と認める事項": null,
        "受入対象者": null,
        "備考": ""
      }
    },
    {
      "type": "Feature",
      "geometry": {
        "type": "Point",
        "coordinates": [
          129.921369,
          31.838257
        ]
      },
      "properties": {
        "NO": "647",
        "共通ID": "E4621500201111",
        "施設・場所名": "村西集会所",
        "住所": "鹿児島県薩摩川内市里町里1576",
        "指定緊急避難場所との住所同一": "",
        "その他市町村長が必要と認める事項": "",
        "受入対象者": "",
        "備考": ""
      }
    },
    {
      "type": "Feature",
      "geometry": {
        "type": "Point",
        "coordinates": [
          129.918896,
          31.839638
        ]
      },
      "properties": {
        "NO": "648",
        "共通ID": "E4621500202111",
        "施設・場所名": "里小学校",
        "住所": "鹿児島県薩摩川内市里町里1601",
        "指定緊急避難場所との住所同一": "1",
        "その他市町村長が必要と認める事項": null,
        "受入対象者": null,
        "備考": ""
      }
    },
    {
      "type": "Feature",
      "geometry": {
        "type": "Point",
        "coordinates": [
          129.917789,
          31.843282
        ]
      },
      "properties": {
        "NO": "649",
        "共通ID": "E4621500203111",
        "施設・場所名": "里公民館",
        "住所": "鹿児島県薩摩川内市里町里1910",
        "指定緊急避難場所との住所同一": "",
        "その他市町村長が必要と認める事項": "",
        "受入対象者": "",
        "備考": ""
      }
    },
    {
      "type": "Feature",
      "geometry": {
        "type": "Point",
        "coordinates": [
          129.918129,
          31.844569
        ]
      },
      "properties": {
        "NO": "650",
        "共通ID": "E4621500204111",
        "施設・場所名": "里中学校",
        "住所": "鹿児島県薩摩川内市里町里3377",
        "指定緊急避難場所との住所同一": "1",
        "その他市町村長が必要と認める事項": null,
        "受入対象者": null,
        "備考": ""
      }
    },
    {
      "type": "Feature",
      "geometry": {
        "type": "Point",
        "coordinates": [
          129.919419,
          31.848206
        ]
      },
      "properties": {
        "NO": "651",
        "共通ID": "E4621500205111",
        "施設・場所名": "薗下集会所",
        "住所": "鹿児島県薩摩川内市里町里3583-1",
        "指定緊急避難場所との住所同一": "",
        "その他市町村長が必要と認める事項": "",
        "受入対象者": "",
        "備考": ""
      }
    },
    {
      "type": "Feature",
      "geometry": {
        "type": "Point",
        "coordinates": [
          130.304914,
          31.809938
        ]
      },
      "properties": {
        "NO": "652",
        "共通ID": "E4621500206111",
        "施設・場所名": "冷水公民館",
        "住所": "鹿児島県薩摩川内市冷水町474-1",
        "指定緊急避難場所との住所同一": "",
        "その他市町村長が必要と認める事項": "",
        "受入対象者": "",
        "備考": ""
      }
    },
    {
      "type": "Feature",
      "geometry": {
        "type": "Point",
        "coordinates": [
          129.955968,
          30.835558
        ]
      },
      "properties": {
        "NO": "653",
        "共通ID": "E4630300001111",
        "施設・場所名": "大里生活センター",
        "住所": "鹿児島県三島村大字黒島15",
        "指定緊急避難場所との住所同一": "1",
        "その他市町村長が必要と認める事項": null,
        "受入対象者": null,
        "備考": ""
      }
    },
    {
      "type": "Feature",
      "geometry": {
        "type": "Point",
        "coordinates": [
          129.911254,
          30.8336
        ]
      },
      "properties": {
        "NO": "654",
        "共通ID": "E4630300002111",
        "施設・場所名": "片泊生活センター",
        "住所": "鹿児島県三島村大字黒島31-2",
        "指定緊急避難場所との住所同一": "1",
        "その他市町村長が必要と認める事項": null,
        "受入対象者": null,
        "備考": ""
      }
    },
    {
      "type": "Feature",
      "geometry": {
        "type": "Point",
        "coordinates": [
          129.908739,
          30.832608
        ]
      },
      "properties": {
        "NO": "655",
        "共通ID": "E4630300003111",
        "施設・場所名": "片泊ふれあいセンター",
        "住所": "鹿児島県三島村大字黒島39-3",
        "指定緊急避難場所との住所同一": "1",
        "その他市町村長が必要と認める事項": null,
        "受入対象者": null,
        "備考": ""
      }
    },
    {
      "type": "Feature",
      "geometry": {
        "type": "Point",
        "coordinates": [
          129.953692,
          30.835361
        ]
      },
      "properties": {
        "NO": "656",
        "共通ID": "E4630300004111",
        "施設・場所名": "大里ふるさとセンター",
        "住所": "鹿児島県三島村大字黒島67-4",
        "指定緊急避難場所との住所同一": "1",
        "その他市町村長が必要と認める事項": null,
        "受入対象者": null,
        "備考": ""
      }
    },
    {
      "type": "Feature",
      "geometry": {
        "type": "Point",
        "coordinates": [
          130.417643,
          30.813181
        ]
      },
      "properties": {
        "NO": "657",
        "共通ID": "E4630300005111",
        "施設・場所名": "竹島あいあい会館",
        "住所": "鹿児島県三島村大字竹島7",
        "指定緊急避難場所との住所同一": "1",
        "その他市町村長が必要と認める事項": null,
        "受入対象者": null,
        "備考": ""
      }
    },
    {
      "type": "Feature",
      "geometry": {
        "type": "Point",
        "coordinates": [
          130.285542,
          30.786328
        ]
      },
      "properties": {
        "NO": "658",
        "共通ID": "E4630300006111",
        "施設・場所名": "冒険ランドいおうじま",
        "住所": "鹿児島県三島村大字硫黄島202-9",
        "指定緊急避難場所との住所同一": "1",
        "その他市町村長が必要と認める事項": null,
        "受入対象者": null,
        "備考": ""
      }
    },
    {
      "type": "Feature",
      "geometry": {
        "type": "Point",
        "coordinates": [
          130.281467,
          30.780331
        ]
      },
      "properties": {
        "NO": "659",
        "共通ID": "E4630300008111",
        "施設・場所名": "みしまジャンベスクール",
        "住所": "鹿児島県三島村大字硫黄島218",
        "指定緊急避難場所との住所同一": "1",
        "その他市町村長が必要と認める事項": null,
        "受入対象者": null,
        "備考": ""
      }
    },
    {
      "type": "Feature",
      "geometry": {
        "type": "Point",
        "coordinates": [
          130.277627,
          30.781851
        ]
      },
      "properties": {
        "NO": "660",
        "共通ID": "E4630300009111",
        "施設・場所名": "三島開発総合センター",
        "住所": "鹿児島県三島村大字硫黄島90-61",
        "指定緊急避難場所との住所同一": "1",
        "その他市町村長が必要と認める事項": null,
        "受入対象者": null,
        "備考": ""
      }
    },
    {
      "type": "Feature",
      "geometry": {
        "type": "Point",
        "coordinates": [
          131.039783,
          31.496718
        ]
      },
      "properties": {
        "NO": "661",
        "共通ID": "E4622100048121",
        "施設・場所名": "特別養護老人ホーム　小松の里",
        "住所": "鹿児島県市物資有明町野井倉2006-1",
        "指定緊急避難場所との住所同一": "",
        "その他市町村長が必要と認める事項": null,
        "受入対象者": "要配慮者",
        "備考": ""
      }
    },
    {
      "type": "Feature",
      "geometry": {
        "type": "Point",
        "coordinates": [
          131.076637,
          31.484758
        ]
      },
      "properties": {
        "NO": "662",
        "共通ID": "E4622100001111",
        "施設・場所名": "安楽地区公民館",
        "住所": "鹿児島県志布志市志布志町安楽1750-4",
        "指定緊急避難場所との住所同一": "1",
        "その他市町村長が必要と認める事項": null,
        "受入対象者": null,
        "備考": ""
      }
    },
    {
      "type": "Feature",
      "geometry": {
        "type": "Point",
        "coordinates": [
          131.077631,
          31.482442
        ]
      },
      "properties": {
        "NO": "663",
        "共通ID": "E4622100002111",
        "施設・場所名": "安楽小学校",
        "住所": "鹿児島県志布志市志布志町安楽1768-1",
        "指定緊急避難場所との住所同一": "1",
        "その他市町村長が必要と認める事項": null,
        "受入対象者": null,
        "備考": ""
      }
    },
    {
      "type": "Feature",
      "geometry": {
        "type": "Point",
        "coordinates": [
          131.090393,
          31.469863
        ]
      },
      "properties": {
        "NO": "664",
        "共通ID": "E4622100003111",
        "施設・場所名": "香月小学校",
        "住所": "鹿児島県志布志市志布志町安楽188",
        "指定緊急避難場所との住所同一": "1",
        "その他市町村長が必要と認める事項": null,
        "受入対象者": null,
        "備考": ""
      }
    },
    {
      "type": "Feature",
      "geometry": {
        "type": "Point",
        "coordinates": [
          131.090424,
          31.466357
        ]
      },
      "properties": {
        "NO": "665",
        "共通ID": "E4622100004111",
        "施設・場所名": "志布志運動公園武道館",
        "住所": "鹿児島県志布志市志布志町安楽201-13",
        "指定緊急避難場所との住所同一": "1",
        "その他市町村長が必要と認める事項": null,
        "受入対象者": null,
        "備考": ""
      }
    },
    {
      "type": "Feature",
      "geometry": {
        "type": "Point",
        "coordinates": [
          131.090599,
          31.46588
        ]
      },
      "properties": {
        "NO": "666",
        "共通ID": "E4622100004112",
        "施設・場所名": "志布志運動公園体育館",
        "住所": "鹿児島県志布志市志布志町安楽201-13",
        "指定緊急避難場所との住所同一": "1",
        "その他市町村長が必要と認める事項": null,
        "受入対象者": null,
        "備考": ""
      }
    },
    {
      "type": "Feature",
      "geometry": {
        "type": "Point",
        "coordinates": [
          131.087655,
          31.503833
        ]
      },
      "properties": {
        "NO": "667",
        "共通ID": "E4622100049121",
        "施設・場所名": "特別養護老人ホーム　賀寿園",
        "住所": "鹿児島県志布志市志布志町安楽2903-1",
        "指定緊急避難場所との住所同一": "",
        "その他市町村長が必要と認める事項": null,
        "受入対象者": "要配慮者",
        "備考": ""
      }
    },
    {
      "type": "Feature",
      "geometry": {
        "type": "Point",
        "coordinates": [
          131.068644,
          31.46784
        ]
      },
      "properties": {
        "NO": "668",
        "共通ID": "E4622100005111",
        "施設・場所名": "一丁田公民館",
        "住所": "鹿児島県志布志市志布志町安楽6142-19",
        "指定緊急避難場所との住所同一": "1",
        "その他市町村長が必要と認める事項": null,
        "受入対象者": null,
        "備考": ""
      }
    },
    {
      "type": "Feature",
      "geometry": {
        "type": "Point",
        "coordinates": [
          131.135802,
          31.46909
        ]
      },
      "properties": {
        "NO": "669",
        "共通ID": "E4622100006111",
        "施設・場所名": "夏井地区公民館",
        "住所": "鹿児島県志布志市志布志町夏井485",
        "指定緊急避難場所との住所同一": "1",
        "その他市町村長が必要と認める事項": null,
        "受入対象者": null,
        "備考": ""
      }
    },
    {
      "type": "Feature",
      "geometry": {
        "type": "Point",
        "coordinates": [
          131.099759,
          31.477313
        ]
      },
      "properties": {
        "NO": "670",
        "共通ID": "E4622100007111",
        "施設・場所名": "志布志市役所",
        "住所": "鹿児島県志布志市志布志町志布志2-1-1",
        "指定緊急避難場所との住所同一": "1",
        "その他市町村長が必要と認める事項": null,
        "受入対象者": null,
        "備考": ""
      }
    },
    {
      "type": "Feature",
      "geometry": {
        "type": "Point",
        "coordinates": [
          131.099024,
          31.478684
        ]
      },
      "properties": {
        "NO": "671",
        "共通ID": "E4622100008121",
        "施設・場所名": "志布志市文化会館",
        "住所": "鹿児島県志布志市志布志町志布志2238-1",
        "指定緊急避難場所との住所同一": "1",
        "その他市町村長が必要と認める事項": null,
        "受入対象者": "高齢者・障害者等",
        "備考": ""
      }
    },
    {
      "type": "Feature",
      "geometry": {
        "type": "Point",
        "coordinates": [
          131.099024,
          31.478684
        ]
      },
      "properties": {
        "NO": "672",
        "共通ID": "E4622100008111",
        "施設・場所名": "志布志市文化会館",
        "住所": "鹿児島県志布志市志布志町志布志2238-1",
        "指定緊急避難場所との住所同一": "1",
        "その他市町村長が必要と認める事項": null,
        "受入対象者": null,
        "備考": ""
      }
    },
    {
      "type": "Feature",
      "geometry": {
        "type": "Point",
        "coordinates": [
          131.092843,
          31.46861
        ]
      },
      "properties": {
        "NO": "673",
        "共通ID": "E4622100010111",
        "施設・場所名": "香月地区公民館",
        "住所": "鹿児島県志布志市志布志町志布志3-28-6",
        "指定緊急避難場所との住所同一": "1",
        "その他市町村長が必要と認める事項": null,
        "受入対象者": null,
        "備考": ""
      }
    },
    {
      "type": "Feature",
      "geometry": {
        "type": "Point",
        "coordinates": [
          131.099183,
          31.471696
        ]
      },
      "properties": {
        "NO": "674",
        "共通ID": "E4622100009121",
        "施設・場所名": "志布志市健康ふれあいプラザ",
        "住所": "鹿児島県志布志市志布志町志布志3222-1",
        "指定緊急避難場所との住所同一": "1",
        "その他市町村長が必要と認める事項": null,
        "受入対象者": "高齢者・障害者等",
        "備考": ""
      }
    },
    {
      "type": "Feature",
      "geometry": {
        "type": "Point",
        "coordinates": [
          131.099183,
          31.471696
        ]
      },
      "properties": {
        "NO": "675",
        "共通ID": "E4622100009111",
        "施設・場所名": "志布志市健康ふれあいプラザ",
        "住所": "鹿児島県志布志市志布志町志布志3222-1",
        "指定緊急避難場所との住所同一": "1",
        "その他市町村長が必要と認める事項": null,
        "受入対象者": null,
        "備考": ""
      }
    },
    {
      "type": "Feature",
      "geometry": {
        "type": "Point",
        "coordinates": [
          131.150245,
          31.513752
        ]
      },
      "properties": {
        "NO": "676",
        "共通ID": "E4622100011111",
        "施設・場所名": "潤ケ野小学校",
        "住所": "鹿児島県志布志市志布志町帖10638",
        "指定緊急避難場所との住所同一": "1",
        "その他市町村長が必要と認める事項": null,
        "受入対象者": null,
        "備考": ""
      }
    },
    {
      "type": "Feature",
      "geometry": {
        "type": "Point",
        "coordinates": [
          131.102135,
          31.480705
        ]
      },
      "properties": {
        "NO": "677",
        "共通ID": "E4622100013111",
        "施設・場所名": "志布志中学校",
        "住所": "鹿児島県志布志市志布志町帖3389",
        "指定緊急避難場所との住所同一": "1",
        "その他市町村長が必要と認める事項": null,
        "受入対象者": null,
        "備考": ""
      }
    },
    {
      "type": "Feature",
      "geometry": {
        "type": "Point",
        "coordinates": [
          131.096211,
          31.506493
        ]
      },
      "properties": {
        "NO": "678",
        "共通ID": "E4622100014111",
        "施設・場所名": "帖五区農産加工研修センター",
        "住所": "鹿児島県志布志市志布志町帖4789-2",
        "指定緊急避難場所との住所同一": "1",
        "その他市町村長が必要と認める事項": null,
        "受入対象者": null,
        "備考": ""
      }
    },
    {
      "type": "Feature",
      "geometry": {
        "type": "Point",
        "coordinates": [
          131.107101,
          31.481415
        ]
      },
      "properties": {
        "NO": "679",
        "共通ID": "E4622100015111",
        "施設・場所名": "志布志小学校",
        "住所": "鹿児島県志布志市志布志町帖6390-3",
        "指定緊急避難場所との住所同一": "1",
        "その他市町村長が必要と認める事項": null,
        "受入対象者": null,
        "備考": ""
      }
    },
    {
      "type": "Feature",
      "geometry": {
        "type": "Point",
        "coordinates": [
          131.111163,
          31.48145
        ]
      },
      "properties": {
        "NO": "680",
        "共通ID": "E4622100012111",
        "施設・場所名": "天神地域ふれあいセンター（旧老人憩いの家）",
        "住所": "鹿児島県志布志市志布志町帖6571-9",
        "指定緊急避難場所との住所同一": "1",
        "その他市町村長が必要と認める事項": null,
        "受入対象者": null,
        "備考": ""
      }
    },
    {
      "type": "Feature",
      "geometry": {
        "type": "Point",
        "coordinates": [
          131.140031,
          31.588749
        ]
      },
      "properties": {
        "NO": "681",
        "共通ID": "E4622100017111",
        "施設・場所名": "上田之浦地区山村研修センター",
        "住所": "鹿児島県志布志市志布志町田之浦1684-4",
        "指定緊急避難場所との住所同一": "1",
        "その他市町村長が必要と認める事項": null,
        "受入対象者": null,
        "備考": ""
      }
    },
    {
      "type": "Feature",
      "geometry": {
        "type": "Point",
        "coordinates": [
          131.133609,
          31.561263
        ]
      },
      "properties": {
        "NO": "682",
        "共通ID": "E4622100018111",
        "施設・場所名": "旧田之浦中学校",
        "住所": "鹿児島県志布志市志布志町田之浦2018",
        "指定緊急避難場所との住所同一": "1",
        "その他市町村長が必要と認める事項": null,
        "受入対象者": null,
        "備考": ""
      }
    },
    {
      "type": "Feature",
      "geometry": {
        "type": "Point",
        "coordinates": [
          131.132429,
          31.558894
        ]
      },
      "properties": {
        "NO": "683",
        "共通ID": "E4622100019111",
        "施設・場所名": "田之浦ふるさと交流館",
        "住所": "鹿児島県志布志市志布志町田之浦2038",
        "指定緊急避難場所との住所同一": "1",
        "その他市町村長が必要と認める事項": null,
        "受入対象者": null,
        "備考": ""
      }
    },
    {
      "type": "Feature",
      "geometry": {
        "type": "Point",
        "coordinates": [
          131.135265,
          31.531831
        ]
      },
      "properties": {
        "NO": "684",
        "共通ID": "E4622100020111",
        "施設・場所名": "森山小学校",
        "住所": "鹿児島県志布志市志布志町内之倉1642-2",
        "指定緊急避難場所との住所同一": "1",
        "その他市町村長が必要と認める事項": null,
        "受入対象者": null,
        "備考": ""
      }
    },
    {
      "type": "Feature",
      "geometry": {
        "type": "Point",
        "coordinates": [
          131.152092,
          31.515387
        ]
      },
      "properties": {
        "NO": "685",
        "共通ID": "E4622100021111",
        "施設・場所名": "潤ケ野地区営農研修センター",
        "住所": "鹿児島県志布志市志布志町内之倉3452-4",
        "指定緊急避難場所との住所同一": "1",
        "その他市町村長が必要と認める事項": null,
        "受入対象者": null,
        "備考": ""
      }
    },
    {
      "type": "Feature",
      "geometry": {
        "type": "Point",
        "coordinates": [
          131.15146,
          31.518545
        ]
      },
      "properties": {
        "NO": "686",
        "共通ID": "E4622100022111",
        "施設・場所名": "旧出水中学校",
        "住所": "鹿児島県志布志市志布志町内之倉3500-4",
        "指定緊急避難場所との住所同一": "1",
        "その他市町村長が必要と認める事項": null,
        "受入対象者": null,
        "備考": ""
      }
    },
    {
      "type": "Feature",
      "geometry": {
        "type": "Point",
        "coordinates": [
          131.184963,
          31.535827
        ]
      },
      "properties": {
        "NO": "687",
        "共通ID": "E4622100023111",
        "施設・場所名": "八野地区農業構造改善センター",
        "住所": "鹿児島県志布志市志布志町内之倉4525",
        "指定緊急避難場所との住所同一": "1",
        "その他市町村長が必要と認める事項": null,
        "受入対象者": null,
        "備考": ""
      }
    },
    {
      "type": "Feature",
      "geometry": {
        "type": "Point",
        "coordinates": [
          131.185996,
          31.536663
        ]
      },
      "properties": {
        "NO": "688",
        "共通ID": "E4622100024111",
        "施設・場所名": "旧八野小学校",
        "住所": "鹿児島県志布志市志布志町内之倉5450",
        "指定緊急避難場所との住所同一": "1",
        "その他市町村長が必要と認める事項": null,
        "受入対象者": null,
        "備考": ""
      }
    },
    {
      "type": "Feature",
      "geometry": {
        "type": "Point",
        "coordinates": [
          131.182091,
          31.577734
        ]
      },
      "properties": {
        "NO": "689",
        "共通ID": "E4622100025112",
        "施設・場所名": "四浦地域ふれあいセンター",
        "住所": "鹿児島県志布志市志布志町内之倉7185",
        "指定緊急避難場所との住所同一": "1",
        "その他市町村長が必要と認める事項": null,
        "受入対象者": null,
        "備考": ""
      }
    },
    {
      "type": "Feature",
      "geometry": {
        "type": "Point",
        "coordinates": [
          131.182224,
          31.577747
        ]
      },
      "properties": {
        "NO": "690",
        "共通ID": "E4622100025111",
        "施設・場所名": "旧四浦小学校",
        "住所": "鹿児島県志布志市志布志町内之倉7185",
        "指定緊急避難場所との住所同一": "1",
        "その他市町村長が必要と認める事項": null,
        "受入対象者": null,
        "備考": ""
      }
    },
    {
      "type": "Feature",
      "geometry": {
        "type": "Point",
        "coordinates": [
          131.043955,
          31.579761
        ]
      },
      "properties": {
        "NO": "691",
        "共通ID": "E4622100026111",
        "施設・場所名": "松山小学校",
        "住所": "鹿児島県志布志市松山町新橋1502",
        "指定緊急避難場所との住所同一": "1",
        "その他市町村長が必要と認める事項": null,
        "受入対象者": null,
        "備考": ""
      }
    },
    {
      "type": "Feature",
      "geometry": {
        "type": "Point",
        "coordinates": [
          131.04076,
          31.576914
        ]
      },
      "properties": {
        "NO": "692",
        "共通ID": "E4622100027121",
        "施設・場所名": "老人福祉センター",
        "住所": "鹿児島県志布志市松山町新橋268",
        "指定緊急避難場所との住所同一": "1",
        "その他市町村長が必要と認める事項": null,
        "受入対象者": "高齢者・障害者等",
        "備考": ""
      }
    },
    {
      "type": "Feature",
      "geometry": {
        "type": "Point",
        "coordinates": [
          131.04076,
          31.576914
        ]
      },
      "properties": {
        "NO": "693",
        "共通ID": "E4622100027111",
        "施設・場所名": "老人福祉センター",
        "住所": "鹿児島県志布志市松山町新橋268",
        "指定緊急避難場所との住所同一": "1",
        "その他市町村長が必要と認める事項": null,
        "受入対象者": null,
        "備考": ""
      }
    },
    {
      "type": "Feature",
      "geometry": {
        "type": "Point",
        "coordinates": [
          131.081486,
          31.574591
        ]
      },
      "properties": {
        "NO": "694",
        "共通ID": "E4622100047121",
        "施設・場所名": "特別養護老人ホーム　やっちく",
        "住所": "鹿児島県志布志市松山町泰野1111",
        "指定緊急避難場所との住所同一": "",
        "その他市町村長が必要と認める事項": null,
        "受入対象者": "要配慮者",
        "備考": ""
      }
    },
    {
      "type": "Feature",
      "geometry": {
        "type": "Point",
        "coordinates": [
          131.080289,
          31.564948
        ]
      },
      "properties": {
        "NO": "695",
        "共通ID": "E4622100028111",
        "施設・場所名": "やっちくふれあいセンター",
        "住所": "鹿児島県志布志市松山町泰野3410",
        "指定緊急避難場所との住所同一": "1",
        "その他市町村長が必要と認める事項": null,
        "受入対象者": null,
        "備考": ""
      }
    },
    {
      "type": "Feature",
      "geometry": {
        "type": "Point",
        "coordinates": [
          131.074451,
          31.567943
        ]
      },
      "properties": {
        "NO": "696",
        "共通ID": "E4622100029111",
        "施設・場所名": "泰野小学校",
        "住所": "鹿児島県志布志市松山町泰野3743",
        "指定緊急避難場所との住所同一": "1",
        "その他市町村長が必要と認める事項": null,
        "受入対象者": null,
        "備考": ""
      }
    },
    {
      "type": "Feature",
      "geometry": {
        "type": "Point",
        "coordinates": [
          131.071233,
          31.569771
        ]
      },
      "properties": {
        "NO": "697",
        "共通ID": "E4622100030111",
        "施設・場所名": "松山中学校",
        "住所": "鹿児島県志布志市松山町泰野3870",
        "指定緊急避難場所との住所同一": "1",
        "その他市町村長が必要と認める事項": null,
        "受入対象者": null,
        "備考": ""
      }
    },
    {
      "type": "Feature",
      "geometry": {
        "type": "Point",
        "coordinates": [
          131.100265,
          31.553023
        ]
      },
      "properties": {
        "NO": "698",
        "共通ID": "E4622100031111",
        "施設・場所名": "尾野見小学校",
        "住所": "鹿児島県志布志市松山町尾野見36-1",
        "指定緊急避難場所との住所同一": "1",
        "その他市町村長が必要と認める事項": null,
        "受入対象者": null,
        "備考": ""
      }
    },
    {
      "type": "Feature",
      "geometry": {
        "type": "Point",
        "coordinates": [
          131.100272,
          31.55118
        ]
      },
      "properties": {
        "NO": "699",
        "共通ID": "E4622100032111",
        "施設・場所名": "尾野見地区公民館",
        "住所": "鹿児島県志布志市松山町尾野見44-3",
        "指定緊急避難場所との住所同一": "1",
        "その他市町村長が必要と認める事項": null,
        "受入対象者": null,
        "備考": ""
      }
    },
    {
      "type": "Feature",
      "geometry": {
        "type": "Point",
        "coordinates": [
          131.051968,
          31.531477
        ]
      },
      "properties": {
        "NO": "700",
        "共通ID": "E4622100034111",
        "施設・場所名": "伊﨑田地区公民館",
        "住所": "鹿児島県志布志市有明町伊﨑田8846",
        "指定緊急避難場所との住所同一": "1",
        "その他市町村長が必要と認める事項": null,
        "受入対象者": null,
        "備考": ""
      }
    },
    {
      "type": "Feature",
      "geometry": {
        "type": "Point",
        "coordinates": [
          131.051123,
          31.533217
        ]
      },
      "properties": {
        "NO": "701",
        "共通ID": "E4622100035111",
        "施設・場所名": "伊﨑田中学校",
        "住所": "鹿児島県志布志市有明町伊﨑田8866",
        "指定緊急避難場所との住所同一": "1",
        "その他市町村長が必要と認める事項": null,
        "受入対象者": null,
        "備考": ""
      }
    },
    {
      "type": "Feature",
      "geometry": {
        "type": "Point",
        "coordinates": [
          131.007674,
          31.480561
        ]
      },
      "properties": {
        "NO": "702",
        "共通ID": "E4622100036111",
        "施設・場所名": "宇都中学校",
        "住所": "鹿児島県志布志市有明町原田2256-1",
        "指定緊急避難場所との住所同一": "1",
        "その他市町村長が必要と認める事項": null,
        "受入対象者": null,
        "備考": ""
      }
    },
    {
      "type": "Feature",
      "geometry": {
        "type": "Point",
        "coordinates": [
          130.99715,
          31.461993
        ]
      },
      "properties": {
        "NO": "703",
        "共通ID": "E4622100037111",
        "施設・場所名": "原田小学校",
        "住所": "鹿児島県志布志市有明町原田529-2",
        "指定緊急避難場所との住所同一": "1",
        "その他市町村長が必要と認める事項": null,
        "受入対象者": null,
        "備考": ""
      }
    },
    {
      "type": "Feature",
      "geometry": {
        "type": "Point",
        "coordinates": [
          130.984498,
          31.524843
        ]
      },
      "properties": {
        "NO": "704",
        "共通ID": "E4622100038111",
        "施設・場所名": "山重小学校",
        "住所": "鹿児島県志布志市有明町山重10873-2",
        "指定緊急避難場所との住所同一": "1",
        "その他市町村長が必要と認める事項": null,
        "受入対象者": null,
        "備考": ""
      }
    },
    {
      "type": "Feature",
      "geometry": {
        "type": "Point",
        "coordinates": [
          131.005787,
          31.484035
        ]
      },
      "properties": {
        "NO": "705",
        "共通ID": "E4622100033111",
        "施設・場所名": "川西地区公民館",
        "住所": "鹿児島県志布志市有明町蓬原2249-1",
        "指定緊急避難場所との住所同一": "1",
        "その他市町村長が必要と認める事項": null,
        "受入対象者": null,
        "備考": ""
      }
    },
    {
      "type": "Feature",
      "geometry": {
        "type": "Point",
        "coordinates": [
          131.02844,
          31.481262
        ]
      },
      "properties": {
        "NO": "706",
        "共通ID": "E4622100040111",
        "施設・場所名": "蓬原小学校",
        "住所": "鹿児島県志布志市有明町蓬原815",
        "指定緊急避難場所との住所同一": "1",
        "その他市町村長が必要と認める事項": null,
        "受入対象者": null,
        "備考": ""
      }
    },
    {
      "type": "Feature",
      "geometry": {
        "type": "Point",
        "coordinates": [
          131.054365,
          31.492263
        ]
      },
      "properties": {
        "NO": "707",
        "共通ID": "E4622100041111",
        "施設・場所名": "有明小学校",
        "住所": "鹿児島県志布志市有明町野井倉1182",
        "指定緊急避難場所との住所同一": "1",
        "その他市町村長が必要と認める事項": null,
        "受入対象者": null,
        "備考": ""
      }
    },
    {
      "type": "Feature",
      "geometry": {
        "type": "Point",
        "coordinates": [
          131.053292,
          31.490446
        ]
      },
      "properties": {
        "NO": "708",
        "共通ID": "E4622100042111",
        "施設・場所名": "有明中学校",
        "住所": "鹿児島県志布志市有明町野井倉1582",
        "指定緊急避難場所との住所同一": "1",
        "その他市町村長が必要と認める事項": null,
        "受入対象者": null,
        "備考": ""
      }
    },
    {
      "type": "Feature",
      "geometry": {
        "type": "Point",
        "coordinates": [
          131.046038,
          31.495458
        ]
      },
      "properties": {
        "NO": "709",
        "共通ID": "E4622100043111",
        "施設・場所名": "有明地区公民館",
        "住所": "鹿児島県志布志市有明町野井倉1756",
        "指定緊急避難場所との住所同一": "1",
        "その他市町村長が必要と認める事項": null,
        "受入対象者": null,
        "備考": ""
      }
    },
    {
      "type": "Feature",
      "geometry": {
        "type": "Point",
        "coordinates": [
          131.046038,
          31.495458
        ]
      },
      "properties": {
        "NO": "710",
        "共通ID": "E4622100043121",
        "施設・場所名": "有明地区公民館",
        "住所": "鹿児島県志布志市有明町野井倉1756",
        "指定緊急避難場所との住所同一": "1",
        "その他市町村長が必要と認める事項": null,
        "受入対象者": "高齢者・障害者等",
        "備考": ""
      }
    },
    {
      "type": "Feature",
      "geometry": {
        "type": "Point",
        "coordinates": [
          131.046646,
          31.497828
        ]
      },
      "properties": {
        "NO": "711",
        "共通ID": "E4622100044111",
        "施設・場所名": "有明総合体育館",
        "住所": "鹿児島県志布志市有明町野井倉1760-6",
        "指定緊急避難場所との住所同一": "1",
        "その他市町村長が必要と認める事項": null,
        "受入対象者": null,
        "備考": ""
      }
    },
    {
      "type": "Feature",
      "geometry": {
        "type": "Point",
        "coordinates": [
          131.062597,
          31.455052
        ]
      },
      "properties": {
        "NO": "712",
        "共通ID": "E4622100045111",
        "施設・場所名": "通山小学校",
        "住所": "鹿児島県志布志市有明町野井倉8304-4",
        "指定緊急避難場所との住所同一": "1",
        "その他市町村長が必要と認める事項": null,
        "受入対象者": null,
        "備考": ""
      }
    },
    {
      "type": "Feature",
      "geometry": {
        "type": "Point",
        "coordinates": [
          130.988442,
          31.492094
        ]
      },
      "properties": {
        "NO": "713",
        "共通ID": "E4622100046111",
        "施設・場所名": "野神小学校",
        "住所": "鹿児島県志布志市有明町野神3139",
        "指定緊急避難場所との住所同一": "1",
        "その他市町村長が必要と認める事項": null,
        "受入対象者": null,
        "備考": ""
      }
    },
    {
      "type": "Feature",
      "geometry": {
        "type": "Point",
        "coordinates": [
          130.535495,
          31.206481
        ]
      },
      "properties": {
        "NO": "714",
        "共通ID": "E4621000001111",
        "施設・場所名": "開聞小学校",
        "住所": "鹿児島県指宿市開聞十町2399",
        "指定緊急避難場所との住所同一": "1",
        "その他市町村長が必要と認める事項": null,
        "受入対象者": null,
        "備考": ""
      }
    },
    {
      "type": "Feature",
      "geometry": {
        "type": "Point",
        "coordinates": [
          130.538125,
          31.199157
        ]
      },
      "properties": {
        "NO": "715",
        "共通ID": "E4621000002111",
        "施設・場所名": "開聞中学校",
        "住所": "鹿児島県指宿市開聞十町2561",
        "指定緊急避難場所との住所同一": "",
        "その他市町村長が必要と認める事項": null,
        "受入対象者": null,
        "備考": ""
      }
    },
    {
      "type": "Feature",
      "geometry": {
        "type": "Point",
        "coordinates": [
          130.533747,
          31.198126
        ]
      },
      "properties": {
        "NO": "716",
        "共通ID": "E4621000003111",
        "施設・場所名": "開聞総合体育館",
        "住所": "鹿児島県指宿市開聞十町2613",
        "指定緊急避難場所との住所同一": "",
        "その他市町村長が必要と認める事項": null,
        "受入対象者": null,
        "備考": ""
      }
    },
    {
      "type": "Feature",
      "geometry": {
        "type": "Point",
        "coordinates": [
          130.537122,
          31.203913
        ]
      },
      "properties": {
        "NO": "717",
        "共通ID": "E4621000005111",
        "施設・場所名": "開聞コミュニティ消防センター",
        "住所": "鹿児島県指宿市開聞十町2867",
        "指定緊急避難場所との住所同一": "",
        "その他市町村長が必要と認める事項": null,
        "受入対象者": null,
        "備考": ""
      }
    },
    {
      "type": "Feature",
      "geometry": {
        "type": "Point",
        "coordinates": [
          130.537636,
          31.203588
        ]
      },
      "properties": {
        "NO": "718",
        "共通ID": "E4621000005112",
        "施設・場所名": "指宿市役所　開聞支所",
        "住所": "鹿児島県指宿市開聞十町2867",
        "指定緊急避難場所との住所同一": "",
        "その他市町村長が必要と認める事項": null,
        "受入対象者": null,
        "備考": ""
      }
    },
    {
      "type": "Feature",
      "geometry": {
        "type": "Point",
        "coordinates": [
          130.519016,
          31.198263
        ]
      },
      "properties": {
        "NO": "719",
        "共通ID": "E4621000006111",
        "施設・場所名": "脇浦公民館",
        "住所": "鹿児島県指宿市開聞十町4502",
        "指定緊急避難場所との住所同一": "",
        "その他市町村長が必要と認める事項": null,
        "受入対象者": null,
        "備考": ""
      }
    },
    {
      "type": "Feature",
      "geometry": {
        "type": "Point",
        "coordinates": [
          130.51773,
          31.203637
        ]
      },
      "properties": {
        "NO": "720",
        "共通ID": "E4621000007111",
        "施設・場所名": "十町西部地区営農研修センター",
        "住所": "鹿児島県指宿市開聞十町4811-3",
        "指定緊急避難場所との住所同一": "",
        "その他市町村長が必要と認める事項": null,
        "受入対象者": null,
        "備考": ""
      }
    },
    {
      "type": "Feature",
      "geometry": {
        "type": "Point",
        "coordinates": [
          130.510714,
          31.213245
        ]
      },
      "properties": {
        "NO": "721",
        "共通ID": "E4621000008111",
        "施設・場所名": "物袋青少年研修センター",
        "住所": "鹿児島県指宿市開聞十町5208-2",
        "指定緊急避難場所との住所同一": "",
        "その他市町村長が必要と認める事項": null,
        "受入対象者": null,
        "備考": ""
      }
    },
    {
      "type": "Feature",
      "geometry": {
        "type": "Point",
        "coordinates": [
          130.560622,
          31.215089
        ]
      },
      "properties": {
        "NO": "722",
        "共通ID": "E4621000009111",
        "施設・場所名": "上野地区営農研修館",
        "住所": "鹿児島県指宿市開聞上野1774",
        "指定緊急避難場所との住所同一": "",
        "その他市町村長が必要と認める事項": null,
        "受入対象者": null,
        "備考": ""
      }
    },
    {
      "type": "Feature",
      "geometry": {
        "type": "Point",
        "coordinates": [
          130.547705,
          31.214701
        ]
      },
      "properties": {
        "NO": "723",
        "共通ID": "E4621000081111",
        "施設・場所名": "下吉構造改善センター",
        "住所": "鹿児島県指宿市開聞仙田1989-4",
        "指定緊急避難場所との住所同一": "",
        "その他市町村長が必要と認める事項": null,
        "受入対象者": null,
        "備考": ""
      }
    },
    {
      "type": "Feature",
      "geometry": {
        "type": "Point",
        "coordinates": [
          130.550042,
          31.20779
        ]
      },
      "properties": {
        "NO": "724",
        "共通ID": "E4621000011111",
        "施設・場所名": "下仙田地区農村研修センター",
        "住所": "鹿児島県指宿市開聞仙田2270-6",
        "指定緊急避難場所との住所同一": "",
        "その他市町村長が必要と認める事項": null,
        "受入対象者": null,
        "備考": ""
      }
    },
    {
      "type": "Feature",
      "geometry": {
        "type": "Point",
        "coordinates": [
          130.562925,
          31.183498
        ]
      },
      "properties": {
        "NO": "725",
        "共通ID": "E4621000013111",
        "施設・場所名": "川尻ふれあい交流館",
        "住所": "鹿児島県指宿市開聞川尻4985",
        "指定緊急避難場所との住所同一": "1",
        "その他市町村長が必要と認める事項": null,
        "受入対象者": null,
        "備考": ""
      }
    },
    {
      "type": "Feature",
      "geometry": {
        "type": "Point",
        "coordinates": [
          130.56064,
          31.180941
        ]
      },
      "properties": {
        "NO": "726",
        "共通ID": "E4621000014111",
        "施設・場所名": "川尻小学校",
        "住所": "鹿児島県指宿市開聞川尻5530",
        "指定緊急避難場所との住所同一": "",
        "その他市町村長が必要と認める事項": null,
        "受入対象者": null,
        "備考": ""
      }
    },
    {
      "type": "Feature",
      "geometry": {
        "type": "Point",
        "coordinates": [
          130.595741,
          31.293509
        ]
      },
      "properties": {
        "NO": "727",
        "共通ID": "E4621000015111",
        "施設・場所名": "今和泉小学校",
        "住所": "鹿児島県指宿市岩本2739",
        "指定緊急避難場所との住所同一": "",
        "その他市町村長が必要と認める事項": null,
        "受入対象者": null,
        "備考": ""
      }
    },
    {
      "type": "Feature",
      "geometry": {
        "type": "Point",
        "coordinates": [
          130.59545,
          31.292834
        ]
      },
      "properties": {
        "NO": "728",
        "共通ID": "E4621000016111",
        "施設・場所名": "指宿商業高校",
        "住所": "鹿児島県指宿市岩本2747",
        "指定緊急避難場所との住所同一": "",
        "その他市町村長が必要と認める事項": null,
        "受入対象者": null,
        "備考": ""
      }
    },
    {
      "type": "Feature",
      "geometry": {
        "type": "Point",
        "coordinates": [
          130.597623,
          31.291761
        ]
      },
      "properties": {
        "NO": "729",
        "共通ID": "E4621000017111",
        "施設・場所名": "今和泉校区公民館",
        "住所": "鹿児島県指宿市岩本2822-1",
        "指定緊急避難場所との住所同一": "",
        "その他市町村長が必要と認める事項": null,
        "受入対象者": null,
        "備考": ""
      }
    },
    {
      "type": "Feature",
      "geometry": {
        "type": "Point",
        "coordinates": [
          130.604285,
          31.291321
        ]
      },
      "properties": {
        "NO": "730",
        "共通ID": "E4621000018111",
        "施設・場所名": "岩本漁村センター",
        "住所": "鹿児島県指宿市岩本50",
        "指定緊急避難場所との住所同一": "",
        "その他市町村長が必要と認める事項": null,
        "受入対象者": null,
        "備考": ""
      }
    },
    {
      "type": "Feature",
      "geometry": {
        "type": "Point",
        "coordinates": [
          130.611627,
          31.204882
        ]
      },
      "properties": {
        "NO": "731",
        "共通ID": "E4621000080111",
        "施設・場所名": "山川高等学校",
        "住所": "鹿児島県指宿市山川3423",
        "指定緊急避難場所との住所同一": "",
        "その他市町村長が必要と認める事項": null,
        "受入対象者": null,
        "備考": ""
      }
    },
    {
      "type": "Feature",
      "geometry": {
        "type": "Point",
        "coordinates": [
          130.609809,
          31.184283
        ]
      },
      "properties": {
        "NO": "732",
        "共通ID": "E4621000079111",
        "施設・場所名": "山川老人福祉センター",
        "住所": "鹿児島県指宿市山川3581",
        "指定緊急避難場所との住所同一": "",
        "その他市町村長が必要と認める事項": null,
        "受入対象者": null,
        "備考": ""
      }
    },
    {
      "type": "Feature",
      "geometry": {
        "type": "Point",
        "coordinates": [
          130.588256,
          31.180335
        ]
      },
      "properties": {
        "NO": "733",
        "共通ID": "E4621000020111",
        "施設・場所名": "旧徳光小学校",
        "住所": "鹿児島県指宿市山川岡児ケ水218-1",
        "指定緊急避難場所との住所同一": "",
        "その他市町村長が必要と認める事項": null,
        "受入対象者": null,
        "備考": ""
      }
    },
    {
      "type": "Feature",
      "geometry": {
        "type": "Point",
        "coordinates": [
          130.588115,
          31.179492
        ]
      },
      "properties": {
        "NO": "734",
        "共通ID": "E4621000021111",
        "施設・場所名": "徳光公民館",
        "住所": "鹿児島県指宿市山川岡児ケ水331",
        "指定緊急避難場所との住所同一": "",
        "その他市町村長が必要と認める事項": null,
        "受入対象者": null,
        "備考": ""
      }
    },
    {
      "type": "Feature",
      "geometry": {
        "type": "Point",
        "coordinates": [
          130.600839,
          31.201145
        ]
      },
      "properties": {
        "NO": "735",
        "共通ID": "E4621000022111",
        "施設・場所名": "小川区集落センター",
        "住所": "鹿児島県指宿市山川小川210",
        "指定緊急避難場所との住所同一": "",
        "その他市町村長が必要と認める事項": null,
        "受入対象者": null,
        "備考": ""
      }
    },
    {
      "type": "Feature",
      "geometry": {
        "type": "Point",
        "coordinates": [
          130.602162,
          31.203961
        ]
      },
      "properties": {
        "NO": "736",
        "共通ID": "E4621000023111",
        "施設・場所名": "ＪＡいぶすき農協小川購買店舗",
        "住所": "鹿児島県指宿市山川小川577",
        "指定緊急避難場所との住所同一": "",
        "その他市町村長が必要と認める事項": null,
        "受入対象者": null,
        "備考": ""
      }
    },
    {
      "type": "Feature",
      "geometry": {
        "type": "Point",
        "coordinates": [
          130.639468,
          31.204433
        ]
      },
      "properties": {
        "NO": "737",
        "共通ID": "E4621000025111",
        "施設・場所名": "山川文化ホール",
        "住所": "鹿児島県指宿市山川新生町35",
        "指定緊急避難場所との住所同一": "",
        "その他市町村長が必要と認める事項": null,
        "受入対象者": null,
        "備考": ""
      }
    },
    {
      "type": "Feature",
      "geometry": {
        "type": "Point",
        "coordinates": [
          130.639235,
          31.202874
        ]
      },
      "properties": {
        "NO": "738",
        "共通ID": "E4621000026111",
        "施設・場所名": "福元公民館",
        "住所": "鹿児島県指宿市山川新生町57",
        "指定緊急避難場所との住所同一": "",
        "その他市町村長が必要と認める事項": null,
        "受入対象者": null,
        "備考": ""
      }
    },
    {
      "type": "Feature",
      "geometry": {
        "type": "Point",
        "coordinates": [
          130.62044,
          31.210753
        ]
      },
      "properties": {
        "NO": "739",
        "共通ID": "E4621000028111",
        "施設・場所名": "成川区民センター",
        "住所": "鹿児島県指宿市山川成川1182-1",
        "指定緊急避難場所との住所同一": "1",
        "その他市町村長が必要と認める事項": null,
        "受入対象者": null,
        "備考": ""
      }
    },
    {
      "type": "Feature",
      "geometry": {
        "type": "Point",
        "coordinates": [
          130.618574,
          31.203665
        ]
      },
      "properties": {
        "NO": "740",
        "共通ID": "E4621000029111",
        "施設・場所名": "山川中学校",
        "住所": "鹿児島県指宿市山川成川2350",
        "指定緊急避難場所との住所同一": "",
        "その他市町村長が必要と認める事項": null,
        "受入対象者": null,
        "備考": ""
      }
    },
    {
      "type": "Feature",
      "geometry": {
        "type": "Point",
        "coordinates": [
          130.617726,
          31.206454
        ]
      },
      "properties": {
        "NO": "741",
        "共通ID": "E4621000030111",
        "施設・場所名": "山川武道館",
        "住所": "鹿児島県指宿市山川成川2615",
        "指定緊急避難場所との住所同一": "",
        "その他市町村長が必要と認める事項": null,
        "受入対象者": null,
        "備考": ""
      }
    },
    {
      "type": "Feature",
      "geometry": {
        "type": "Point",
        "coordinates": [
          130.618132,
          31.206548
        ]
      },
      "properties": {
        "NO": "742",
        "共通ID": "E4621000031111",
        "施設・場所名": "山川勤労者体育センター",
        "住所": "鹿児島県指宿市山川成川2618-1",
        "指定緊急避難場所との住所同一": "",
        "その他市町村長が必要と認める事項": null,
        "受入対象者": null,
        "備考": ""
      }
    },
    {
      "type": "Feature",
      "geometry": {
        "type": "Point",
        "coordinates": [
          130.614731,
          31.204627
        ]
      },
      "properties": {
        "NO": "743",
        "共通ID": "E4621000032111",
        "施設・場所名": "山川図書館",
        "住所": "鹿児島県指宿市山川成川2685",
        "指定緊急避難場所との住所同一": "",
        "その他市町村長が必要と認める事項": null,
        "受入対象者": null,
        "備考": ""
      }
    },
    {
      "type": "Feature",
      "geometry": {
        "type": "Point",
        "coordinates": [
          130.609747,
          31.206291
        ]
      },
      "properties": {
        "NO": "744",
        "共通ID": "E4621000033111",
        "施設・場所名": "山川小学校",
        "住所": "鹿児島県指宿市山川成川3260",
        "指定緊急避難場所との住所同一": "",
        "その他市町村長が必要と認める事項": null,
        "受入対象者": null,
        "備考": ""
      }
    },
    {
      "type": "Feature",
      "geometry": {
        "type": "Point",
        "coordinates": [
          130.611342,
          31.227096
        ]
      },
      "properties": {
        "NO": "745",
        "共通ID": "E4621000034111",
        "施設・場所名": "鰻地区避難施設",
        "住所": "鹿児島県指宿市山川成川6303",
        "指定緊急避難場所との住所同一": "",
        "その他市町村長が必要と認める事項": null,
        "受入対象者": null,
        "備考": ""
      }
    },
    {
      "type": "Feature",
      "geometry": {
        "type": "Point",
        "coordinates": [
          130.596305,
          31.201498
        ]
      },
      "properties": {
        "NO": "746",
        "共通ID": "E4621000035111",
        "施設・場所名": "ＪＡいぶすき中央配送センター",
        "住所": "鹿児島県指宿市山川大山3332",
        "指定緊急避難場所との住所同一": "",
        "その他市町村長が必要と認める事項": null,
        "受入対象者": null,
        "備考": ""
      }
    },
    {
      "type": "Feature",
      "geometry": {
        "type": "Point",
        "coordinates": [
          130.596346,
          31.201226
        ]
      },
      "properties": {
        "NO": "747",
        "共通ID": "E4621000036111",
        "施設・場所名": "大山集落センター",
        "住所": "鹿児島県指宿市山川大山3333",
        "指定緊急避難場所との住所同一": "",
        "その他市町村長が必要と認める事項": null,
        "受入対象者": null,
        "備考": ""
      }
    },
    {
      "type": "Feature",
      "geometry": {
        "type": "Point",
        "coordinates": [
          130.636266,
          31.204703
        ]
      },
      "properties": {
        "NO": "748",
        "共通ID": "E4621000078111",
        "施設・場所名": "町区公民館",
        "住所": "鹿児島県指宿市山川入船町11",
        "指定緊急避難場所との住所同一": "",
        "その他市町村長が必要と認める事項": null,
        "受入対象者": null,
        "備考": ""
      }
    },
    {
      "type": "Feature",
      "geometry": {
        "type": "Point",
        "coordinates": [
          130.595204,
          31.182793
        ]
      },
      "properties": {
        "NO": "749",
        "共通ID": "E4621000037111",
        "施設・場所名": "浜児ヶ水集落センター",
        "住所": "鹿児島県指宿市山川浜児ケ水250",
        "指定緊急避難場所との住所同一": "",
        "その他市町村長が必要と認める事項": null,
        "受入対象者": null,
        "備考": ""
      }
    },
    {
      "type": "Feature",
      "geometry": {
        "type": "Point",
        "coordinates": [
          130.637309,
          31.198069
        ]
      },
      "properties": {
        "NO": "750",
        "共通ID": "E4621000040111",
        "施設・場所名": "旧山川小学校",
        "住所": "鹿児島県指宿市山川福元558-1",
        "指定緊急避難場所との住所同一": "",
        "その他市町村長が必要と認める事項": null,
        "受入対象者": null,
        "備考": ""
      }
    },
    {
      "type": "Feature",
      "geometry": {
        "type": "Point",
        "coordinates": [
          130.585951,
          31.230124
        ]
      },
      "properties": {
        "NO": "751",
        "共通ID": "E4621000041111",
        "施設・場所名": "尾下公民館",
        "住所": "鹿児島県指宿市山川利永1349",
        "指定緊急避難場所との住所同一": "",
        "その他市町村長が必要と認める事項": null,
        "受入対象者": null,
        "備考": ""
      }
    },
    {
      "type": "Feature",
      "geometry": {
        "type": "Point",
        "coordinates": [
          130.570331,
          31.20705
        ]
      },
      "properties": {
        "NO": "752",
        "共通ID": "E4621000042111",
        "施設・場所名": "旧利永小学校",
        "住所": "鹿児島県指宿市山川利永172-2",
        "指定緊急避難場所との住所同一": "",
        "その他市町村長が必要と認める事項": null,
        "受入対象者": null,
        "備考": ""
      }
    },
    {
      "type": "Feature",
      "geometry": {
        "type": "Point",
        "coordinates": [
          130.575291,
          31.20728
        ]
      },
      "properties": {
        "NO": "753",
        "共通ID": "E4621000043111",
        "施設・場所名": "利永集落センター",
        "住所": "鹿児島県指宿市山川利永468",
        "指定緊急避難場所との住所同一": "",
        "その他市町村長が必要と認める事項": null,
        "受入対象者": null,
        "備考": ""
      }
    },
    {
      "type": "Feature",
      "geometry": {
        "type": "Point",
        "coordinates": [
          130.628348,
          31.253923
        ]
      },
      "properties": {
        "NO": "754",
        "共通ID": "E4621000044111",
        "施設・場所名": "柳田校区公民館",
        "住所": "鹿児島県指宿市十町169-2",
        "指定緊急避難場所との住所同一": "",
        "その他市町村長が必要と認める事項": null,
        "受入対象者": null,
        "備考": ""
      }
    },
    {
      "type": "Feature",
      "geometry": {
        "type": "Point",
        "coordinates": [
          130.629076,
          31.251457
        ]
      },
      "properties": {
        "NO": "755",
        "共通ID": "E4621000045111",
        "施設・場所名": "指宿高等学校",
        "住所": "鹿児島県指宿市十町236",
        "指定緊急避難場所との住所同一": "",
        "その他市町村長が必要と認める事項": null,
        "受入対象者": null,
        "備考": ""
      }
    },
    {
      "type": "Feature",
      "geometry": {
        "type": "Point",
        "coordinates": [
          130.633195,
          31.252483
        ]
      },
      "properties": {
        "NO": "756",
        "共通ID": "E4621000046114",
        "施設・場所名": "指宿市役所",
        "住所": "鹿児島県指宿市十町2424",
        "指定緊急避難場所との住所同一": "",
        "その他市町村長が必要と認める事項": null,
        "受入対象者": null,
        "備考": ""
      }
    },
    {
      "type": "Feature",
      "geometry": {
        "type": "Point",
        "coordinates": [
          130.632644,
          31.253811
        ]
      },
      "properties": {
        "NO": "757",
        "共通ID": "E4621000046111",
        "施設・場所名": "指宿保健センター",
        "住所": "鹿児島県指宿市十町2424",
        "指定緊急避難場所との住所同一": "",
        "その他市町村長が必要と認める事項": null,
        "受入対象者": null,
        "備考": ""
      }
    },
    {
      "type": "Feature",
      "geometry": {
        "type": "Point",
        "coordinates": [
          130.632082,
          31.252954
        ]
      },
      "properties": {
        "NO": "758",
        "共通ID": "E4621000046112",
        "施設・場所名": "指宿老人福祉センター",
        "住所": "鹿児島県指宿市十町2424",
        "指定緊急避難場所との住所同一": "",
        "その他市町村長が必要と認める事項": null,
        "受入対象者": null,
        "備考": ""
      }
    },
    {
      "type": "Feature",
      "geometry": {
        "type": "Point",
        "coordinates": [
          130.630473,
          31.253347
        ]
      },
      "properties": {
        "NO": "759",
        "共通ID": "E4621000047111",
        "施設・場所名": "柳田小学校",
        "住所": "鹿児島県指宿市十町2454",
        "指定緊急避難場所との住所同一": "",
        "その他市町村長が必要と認める事項": null,
        "受入対象者": null,
        "備考": ""
      }
    },
    {
      "type": "Feature",
      "geometry": {
        "type": "Point",
        "coordinates": [
          130.641196,
          31.235513
        ]
      },
      "properties": {
        "NO": "760",
        "共通ID": "E4621000048111",
        "施設・場所名": "指宿図書館",
        "住所": "鹿児島県指宿市十二町2190",
        "指定緊急避難場所との住所同一": "",
        "その他市町村長が必要と認める事項": null,
        "受入対象者": null,
        "備考": ""
      }
    },
    {
      "type": "Feature",
      "geometry": {
        "type": "Point",
        "coordinates": [
          130.644124,
          31.232054
        ]
      },
      "properties": {
        "NO": "761",
        "共通ID": "E4621000049111",
        "施設・場所名": "時遊館ＣＯＣＣＯはしむれ",
        "住所": "鹿児島県指宿市十二町2290",
        "指定緊急避難場所との住所同一": "",
        "その他市町村長が必要と認める事項": null,
        "受入対象者": null,
        "備考": ""
      }
    },
    {
      "type": "Feature",
      "geometry": {
        "type": "Point",
        "coordinates": [
          130.636168,
          31.235946
        ]
      },
      "properties": {
        "NO": "762",
        "共通ID": "E4621000050111",
        "施設・場所名": "ホワイトホールなかこうじ",
        "住所": "鹿児島県指宿市十二町2343-1",
        "指定緊急避難場所との住所同一": "",
        "その他市町村長が必要と認める事項": null,
        "受入対象者": null,
        "備考": ""
      }
    },
    {
      "type": "Feature",
      "geometry": {
        "type": "Point",
        "coordinates": [
          130.643148,
          31.227392
        ]
      },
      "properties": {
        "NO": "763",
        "共通ID": "E4621000051111",
        "施設・場所名": "丈六生活改善センター（丈六公民館）",
        "住所": "鹿児島県指宿市十二町3402",
        "指定緊急避難場所との住所同一": "",
        "その他市町村長が必要と認める事項": null,
        "受入対象者": null,
        "備考": ""
      }
    },
    {
      "type": "Feature",
      "geometry": {
        "type": "Point",
        "coordinates": [
          130.633756,
          31.238765
        ]
      },
      "properties": {
        "NO": "764",
        "共通ID": "E4621000052111",
        "施設・場所名": "南指宿中学校",
        "住所": "鹿児島県指宿市十二町420",
        "指定緊急避難場所との住所同一": "1",
        "その他市町村長が必要と認める事項": null,
        "受入対象者": null,
        "備考": ""
      }
    },
    {
      "type": "Feature",
      "geometry": {
        "type": "Point",
        "coordinates": [
          130.57972,
          31.299102
        ]
      },
      "properties": {
        "NO": "765",
        "共通ID": "E4621000053111",
        "施設・場所名": "小牧営農研修センター",
        "住所": "鹿児島県指宿市小牧524-5",
        "指定緊急避難場所との住所同一": "",
        "その他市町村長が必要と認める事項": null,
        "受入対象者": null,
        "備考": ""
      }
    },
    {
      "type": "Feature",
      "geometry": {
        "type": "Point",
        "coordinates": [
          130.59055,
          31.277942
        ]
      },
      "properties": {
        "NO": "766",
        "共通ID": "E4621000054111",
        "施設・場所名": "細田西集会施設（細田西公民館）",
        "住所": "鹿児島県指宿市新西方1355-4",
        "指定緊急避難場所との住所同一": "",
        "その他市町村長が必要と認める事項": null,
        "受入対象者": null,
        "備考": ""
      }
    },
    {
      "type": "Feature",
      "geometry": {
        "type": "Point",
        "coordinates": [
          130.586504,
          31.275086
        ]
      },
      "properties": {
        "NO": "767",
        "共通ID": "E4621000055111",
        "施設・場所名": "西指宿中学校",
        "住所": "鹿児島県指宿市新西方1534-2",
        "指定緊急避難場所との住所同一": "1",
        "その他市町村長が必要と認める事項": null,
        "受入対象者": null,
        "備考": ""
      }
    },
    {
      "type": "Feature",
      "geometry": {
        "type": "Point",
        "coordinates": [
          130.623546,
          31.268281
        ]
      },
      "properties": {
        "NO": "768",
        "共通ID": "E4621000056111",
        "施設・場所名": "北指宿中学校",
        "住所": "鹿児島県指宿市西方2329",
        "指定緊急避難場所との住所同一": "1",
        "その他市町村長が必要と認める事項": null,
        "受入対象者": null,
        "備考": ""
      }
    },
    {
      "type": "Feature",
      "geometry": {
        "type": "Point",
        "coordinates": [
          130.61646,
          31.270793
        ]
      },
      "properties": {
        "NO": "769",
        "共通ID": "E4621000057111",
        "施設・場所名": "指宿校区公民館",
        "住所": "鹿児島県指宿市西方2458",
        "指定緊急避難場所との住所同一": "",
        "その他市町村長が必要と認める事項": null,
        "受入対象者": null,
        "備考": ""
      }
    },
    {
      "type": "Feature",
      "geometry": {
        "type": "Point",
        "coordinates": [
          130.639025,
          31.266439
        ]
      },
      "properties": {
        "NO": "770",
        "共通ID": "E4621000058111",
        "施設・場所名": "魚見校区公民館",
        "住所": "鹿児島県指宿市西方3246-1",
        "指定緊急避難場所との住所同一": "",
        "その他市町村長が必要と認める事項": null,
        "受入対象者": null,
        "備考": ""
      }
    },
    {
      "type": "Feature",
      "geometry": {
        "type": "Point",
        "coordinates": [
          130.631845,
          31.270526
        ]
      },
      "properties": {
        "NO": "771",
        "共通ID": "E4621000059111",
        "施設・場所名": "下吹越集会施設（下吹越公民館）",
        "住所": "鹿児島県指宿市西方4100-2",
        "指定緊急避難場所との住所同一": "",
        "その他市町村長が必要と認める事項": null,
        "受入対象者": null,
        "備考": ""
      }
    },
    {
      "type": "Feature",
      "geometry": {
        "type": "Point",
        "coordinates": [
          130.6173,
          31.279365
        ]
      },
      "properties": {
        "NO": "772",
        "共通ID": "E4621000060111",
        "施設・場所名": "指宿小学校",
        "住所": "鹿児島県指宿市西方4692-1",
        "指定緊急避難場所との住所同一": "",
        "その他市町村長が必要と認める事項": null,
        "受入対象者": null,
        "備考": ""
      }
    },
    {
      "type": "Feature",
      "geometry": {
        "type": "Point",
        "coordinates": [
          130.609506,
          31.273998
        ]
      },
      "properties": {
        "NO": "773",
        "共通ID": "E4621000061111",
        "施設・場所名": "宮之前営農研修センター（宮之前公民館）",
        "住所": "鹿児島県指宿市西方5114-1",
        "指定緊急避難場所との住所同一": "",
        "その他市町村長が必要と認める事項": null,
        "受入対象者": null,
        "備考": ""
      }
    },
    {
      "type": "Feature",
      "geometry": {
        "type": "Point",
        "coordinates": [
          130.60449,
          31.27199
        ]
      },
      "properties": {
        "NO": "774",
        "共通ID": "E4621000062111",
        "施設・場所名": "垂門集会施設（垂門公民館）",
        "住所": "鹿児島県指宿市西方6158-1",
        "指定緊急避難場所との住所同一": "",
        "その他市町村長が必要と認める事項": null,
        "受入対象者": null,
        "備考": ""
      }
    },
    {
      "type": "Feature",
      "geometry": {
        "type": "Point",
        "coordinates": [
          130.596899,
          31.273652
        ]
      },
      "properties": {
        "NO": "775",
        "共通ID": "E4621000063111",
        "施設・場所名": "久保集会施設（久保公民館）",
        "住所": "鹿児島県指宿市西方8195-1",
        "指定緊急避難場所との住所同一": "",
        "その他市町村長が必要と認める事項": null,
        "受入対象者": null,
        "備考": ""
      }
    },
    {
      "type": "Feature",
      "geometry": {
        "type": "Point",
        "coordinates": [
          130.570798,
          31.268833
        ]
      },
      "properties": {
        "NO": "776",
        "共通ID": "E4621000064111",
        "施設・場所名": "下門地区農村総合管理施設（下門公民館）",
        "住所": "鹿児島県指宿市池田361-1",
        "指定緊急避難場所との住所同一": "",
        "その他市町村長が必要と認める事項": null,
        "受入対象者": null,
        "備考": ""
      }
    },
    {
      "type": "Feature",
      "geometry": {
        "type": "Point",
        "coordinates": [
          130.560854,
          31.263983
        ]
      },
      "properties": {
        "NO": "777",
        "共通ID": "E4621000065111",
        "施設・場所名": "池田小学校",
        "住所": "鹿児島県指宿市池田3980",
        "指定緊急避難場所との住所同一": "",
        "その他市町村長が必要と認める事項": null,
        "受入対象者": null,
        "備考": ""
      }
    },
    {
      "type": "Feature",
      "geometry": {
        "type": "Point",
        "coordinates": [
          130.561561,
          31.264417
        ]
      },
      "properties": {
        "NO": "778",
        "共通ID": "E4621000066111",
        "施設・場所名": "池田校区公民館",
        "住所": "鹿児島県指宿市池田3986",
        "指定緊急避難場所との住所同一": "",
        "その他市町村長が必要と認める事項": null,
        "受入対象者": null,
        "備考": ""
      }
    },
    {
      "type": "Feature",
      "geometry": {
        "type": "Point",
        "coordinates": [
          130.547377,
          31.248049
        ]
      },
      "properties": {
        "NO": "779",
        "共通ID": "E4621000067111",
        "施設・場所名": "中浜営農研修センター（中浜公民館）",
        "住所": "鹿児島県指宿市池田5264-4",
        "指定緊急避難場所との住所同一": "",
        "その他市町村長が必要と認める事項": null,
        "受入対象者": null,
        "備考": ""
      }
    },
    {
      "type": "Feature",
      "geometry": {
        "type": "Point",
        "coordinates": [
          130.639492,
          31.26593
        ]
      },
      "properties": {
        "NO": "780",
        "共通ID": "E4621000068111",
        "施設・場所名": "魚見小学校",
        "住所": "鹿児島県指宿市東方11017",
        "指定緊急避難場所との住所同一": "",
        "その他市町村長が必要と認める事項": null,
        "受入対象者": null,
        "備考": ""
      }
    },
    {
      "type": "Feature",
      "geometry": {
        "type": "Point",
        "coordinates": [
          130.656017,
          31.257618
        ]
      },
      "properties": {
        "NO": "781",
        "共通ID": "E4621000069112",
        "施設・場所名": "指宿総合体育館",
        "住所": "鹿児島県指宿市東方12000",
        "指定緊急避難場所との住所同一": "",
        "その他市町村長が必要と認める事項": null,
        "受入対象者": null,
        "備考": ""
      }
    },
    {
      "type": "Feature",
      "geometry": {
        "type": "Point",
        "coordinates": [
          130.629532,
          31.246927
        ]
      },
      "properties": {
        "NO": "782",
        "共通ID": "E4621000070111",
        "施設・場所名": "玉利公民館",
        "住所": "鹿児島県指宿市東方168-2",
        "指定緊急避難場所との住所同一": "",
        "その他市町村長が必要と認める事項": null,
        "受入対象者": null,
        "備考": ""
      }
    },
    {
      "type": "Feature",
      "geometry": {
        "type": "Point",
        "coordinates": [
          130.610839,
          31.258754
        ]
      },
      "properties": {
        "NO": "783",
        "共通ID": "E4621000071111",
        "施設・場所名": "田之畑営農研修センター（田之畑公民館）",
        "住所": "鹿児島県指宿市東方1944-3",
        "指定緊急避難場所との住所同一": "",
        "その他市町村長が必要と認める事項": null,
        "受入対象者": null,
        "備考": ""
      }
    },
    {
      "type": "Feature",
      "geometry": {
        "type": "Point",
        "coordinates": [
          130.647907,
          31.254327
        ]
      },
      "properties": {
        "NO": "784",
        "共通ID": "E4621000077111",
        "施設・場所名": "ふれあいプラザなのはな館",
        "住所": "鹿児島県指宿市東方9300-1",
        "指定緊急避難場所との住所同一": "",
        "その他市町村長が必要と認める事項": null,
        "受入対象者": null,
        "備考": ""
      }
    },
    {
      "type": "Feature",
      "geometry": {
        "type": "Point",
        "coordinates": [
          130.64459,
          31.236642
        ]
      },
      "properties": {
        "NO": "785",
        "共通ID": "E4621000072111",
        "施設・場所名": "丹波校区公民館",
        "住所": "鹿児島県指宿市湯の浜1-4-14",
        "指定緊急避難場所との住所同一": "",
        "その他市町村長が必要と認める事項": null,
        "受入対象者": null,
        "備考": ""
      }
    },
    {
      "type": "Feature",
      "geometry": {
        "type": "Point",
        "coordinates": [
          130.645739,
          31.233622
        ]
      },
      "properties": {
        "NO": "786",
        "共通ID": "E4621000073111",
        "施設・場所名": "丹波小学校",
        "住所": "鹿児島県指宿市湯の浜3-2-6",
        "指定緊急避難場所との住所同一": "",
        "その他市町村長が必要と認める事項": null,
        "受入対象者": null,
        "備考": ""
      }
    },
    {
      "type": "Feature",
      "geometry": {
        "type": "Point",
        "coordinates": [
          130.651963,
          31.229843
        ]
      },
      "properties": {
        "NO": "787",
        "共通ID": "E4621000074111",
        "施設・場所名": "砂むし会館　砂楽",
        "住所": "鹿児島県指宿市湯の浜5-25-18",
        "指定緊急避難場所との住所同一": "",
        "その他市町村長が必要と認める事項": null,
        "受入対象者": null,
        "備考": ""
      }
    },
    {
      "type": "Feature",
      "geometry": {
        "type": "Point",
        "coordinates": [
          130.646354,
          31.238417
        ]
      },
      "properties": {
        "NO": "788",
        "共通ID": "E4621000075111",
        "施設・場所名": "ビジターセンター",
        "住所": "鹿児島県指宿市湊2-5-33",
        "指定緊急避難場所との住所同一": "",
        "その他市町村長が必要と認める事項": null,
        "受入対象者": null,
        "備考": ""
      }
    },
    {
      "type": "Feature",
      "geometry": {
        "type": "Point",
        "coordinates": [
          130.645016,
          31.242327
        ]
      },
      "properties": {
        "NO": "789",
        "共通ID": "E4621000076111",
        "施設・場所名": "大牟礼地区公民館",
        "住所": "鹿児島県指宿市湊4-2-19",
        "指定緊急避難場所との住所同一": "",
        "その他市町村長が必要と認める事項": null,
        "受入対象者": null,
        "備考": ""
      }
    },
    {
      "type": "Feature",
      "geometry": {
        "type": "Point",
        "coordinates": [
          130.83261,
          31.349284
        ]
      },
      "properties": {
        "NO": "790",
        "共通ID": "E4620300002111",
        "施設・場所名": "横山集落センター",
        "住所": "鹿児島県鹿屋市横山町2263-1",
        "指定緊急避難場所との住所同一": "",
        "その他市町村長が必要と認める事項": null,
        "受入対象者": null,
        "備考": ""
      }
    },
    {
      "type": "Feature",
      "geometry": {
        "type": "Point",
        "coordinates": [
          130.880664,
          31.460833
        ]
      },
      "properties": {
        "NO": "791",
        "共通ID": "E4620300003111",
        "施設・場所名": "大黒小体育館",
        "住所": "鹿児島県鹿屋市下高隈町4623",
        "指定緊急避難場所との住所同一": "1",
        "その他市町村長が必要と認める事項": null,
        "受入対象者": null,
        "備考": ""
      }
    },
    {
      "type": "Feature",
      "geometry": {
        "type": "Point",
        "coordinates": [
          130.879675,
          31.48875
        ]
      },
      "properties": {
        "NO": "792",
        "共通ID": "E4620300004111",
        "施設・場所名": "高隈中武道館",
        "住所": "鹿児島県鹿屋市下高隈町568",
        "指定緊急避難場所との住所同一": "1",
        "その他市町村長が必要と認める事項": null,
        "受入対象者": null,
        "備考": ""
      }
    },
    {
      "type": "Feature",
      "geometry": {
        "type": "Point",
        "coordinates": [
          130.847701,
          31.353528
        ]
      },
      "properties": {
        "NO": "793",
        "共通ID": "E4620300005111",
        "施設・場所名": "下堀町公民館",
        "住所": "鹿児島県鹿屋市下堀町2975-2",
        "指定緊急避難場所との住所同一": "",
        "その他市町村長が必要と認める事項": null,
        "受入対象者": null,
        "備考": ""
      }
    },
    {
      "type": "Feature",
      "geometry": {
        "type": "Point",
        "coordinates": [
          130.774093,
          31.413469
        ]
      },
      "properties": {
        "NO": "794",
        "共通ID": "E4620300006111",
        "施設・場所名": "旧鶴羽小体育館",
        "住所": "鹿児島県鹿屋市花岡町4250",
        "指定緊急避難場所との住所同一": "1",
        "その他市町村長が必要と認める事項": null,
        "受入対象者": null,
        "備考": ""
      }
    },
    {
      "type": "Feature",
      "geometry": {
        "type": "Point",
        "coordinates": [
          130.881178,
          31.397619
        ]
      },
      "properties": {
        "NO": "795",
        "共通ID": "E4620300009111",
        "施設・場所名": "鹿屋東中体育館",
        "住所": "鹿児島県鹿屋市笠之原町2902",
        "指定緊急避難場所との住所同一": "1",
        "その他市町村長が必要と認める事項": null,
        "受入対象者": null,
        "備考": ""
      }
    },
    {
      "type": "Feature",
      "geometry": {
        "type": "Point",
        "coordinates": [
          130.890004,
          31.38533
        ]
      },
      "properties": {
        "NO": "796",
        "共通ID": "E4620300010111",
        "施設・場所名": "笠野原小体育館",
        "住所": "鹿児島県鹿屋市笠之原町43-6",
        "指定緊急避難場所との住所同一": "1",
        "その他市町村長が必要と認める事項": null,
        "受入対象者": null,
        "備考": ""
      }
    },
    {
      "type": "Feature",
      "geometry": {
        "type": "Point",
        "coordinates": [
          130.906613,
          31.522235
        ]
      },
      "properties": {
        "NO": "797",
        "共通ID": "E4620300094111",
        "施設・場所名": "三原研修館",
        "住所": "鹿児島県鹿屋市輝北町下百引760-5",
        "指定緊急避難場所との住所同一": "",
        "その他市町村長が必要と認める事項": "",
        "受入対象者": "",
        "備考": ""
      }
    },
    {
      "type": "Feature",
      "geometry": {
        "type": "Point",
        "coordinates": [
          130.857016,
          31.589731
        ]
      },
      "properties": {
        "NO": "798",
        "共通ID": "E4620300012111",
        "施設・場所名": "市成地区公民館",
        "住所": "鹿児島県鹿屋市輝北町市成1120-1",
        "指定緊急避難場所との住所同一": "",
        "その他市町村長が必要と認める事項": "",
        "受入対象者": "",
        "備考": ""
      }
    },
    {
      "type": "Feature",
      "geometry": {
        "type": "Point",
        "coordinates": [
          130.886963,
          31.572067
        ]
      },
      "properties": {
        "NO": "799",
        "共通ID": "E4620300016111",
        "施設・場所名": "高尾地区公民館",
        "住所": "鹿児島県鹿屋市輝北町市成4099-3",
        "指定緊急避難場所との住所同一": "",
        "その他市町村長が必要と認める事項": "",
        "受入対象者": "",
        "備考": ""
      }
    },
    {
      "type": "Feature",
      "geometry": {
        "type": "Point",
        "coordinates": [
          130.876927,
          31.548805
        ]
      },
      "properties": {
        "NO": "800",
        "共通ID": "E4620300017111",
        "施設・場所名": "輝北ふれあいセンター",
        "住所": "鹿児島県鹿屋市輝北町上百引2100-1",
        "指定緊急避難場所との住所同一": "",
        "その他市町村長が必要と認める事項": "",
        "受入対象者": "",
        "備考": ""
      }
    },
    {
      "type": "Feature",
      "geometry": {
        "type": "Point",
        "coordinates": [
          130.876927,
          31.548805
        ]
      },
      "properties": {
        "NO": "801",
        "共通ID": "E4620300017121",
        "施設・場所名": "輝北ふれあいセンター",
        "住所": "鹿児島県鹿屋市輝北町上百引2100-1",
        "指定緊急避難場所との住所同一": "",
        "その他市町村長が必要と認める事項": null,
        "受入対象者": "要配慮者",
        "備考": ""
      }
    },
    {
      "type": "Feature",
      "geometry": {
        "type": "Point",
        "coordinates": [
          130.867659,
          31.541855
        ]
      },
      "properties": {
        "NO": "802",
        "共通ID": "E4620300019111",
        "施設・場所名": "百引地区公民館",
        "住所": "鹿児島県鹿屋市輝北町上百引3406-5",
        "指定緊急避難場所との住所同一": "",
        "その他市町村長が必要と認める事項": "",
        "受入対象者": "",
        "備考": ""
      }
    },
    {
      "type": "Feature",
      "geometry": {
        "type": "Point",
        "coordinates": [
          130.957621,
          31.392435
        ]
      },
      "properties": {
        "NO": "803",
        "共通ID": "E4620300022112",
        "施設・場所名": "串良小学校体育館",
        "住所": "鹿児島県鹿屋市串良町岡崎2110",
        "指定緊急避難場所との住所同一": "1",
        "その他市町村長が必要と認める事項": null,
        "受入対象者": null,
        "備考": ""
      }
    },
    {
      "type": "Feature",
      "geometry": {
        "type": "Point",
        "coordinates": [
          130.957868,
          31.392167
        ]
      },
      "properties": {
        "NO": "804",
        "共通ID": "E4620300022111",
        "施設・場所名": "串良小学校多目的ホール",
        "住所": "鹿児島県鹿屋市串良町岡崎2110",
        "指定緊急避難場所との住所同一": "1",
        "その他市町村長が必要と認める事項": null,
        "受入対象者": null,
        "備考": ""
      }
    },
    {
      "type": "Feature",
      "geometry": {
        "type": "Point",
        "coordinates": [
          130.951789,
          31.394343
        ]
      },
      "properties": {
        "NO": "805",
        "共通ID": "E4620300023111",
        "施設・場所名": "串良中学校体育館",
        "住所": "鹿児島県鹿屋市串良町岡崎2542",
        "指定緊急避難場所との住所同一": "",
        "その他市町村長が必要と認める事項": null,
        "受入対象者": null,
        "備考": ""
      }
    },
    {
      "type": "Feature",
      "geometry": {
        "type": "Point",
        "coordinates": [
          130.936109,
          31.382379
        ]
      },
      "properties": {
        "NO": "806",
        "共通ID": "E4620300025111",
        "施設・場所名": "肝属地区清掃センター",
        "住所": "鹿児島県鹿屋市串良町下小原3893-8",
        "指定緊急避難場所との住所同一": "",
        "その他市町村長が必要と認める事項": null,
        "受入対象者": null,
        "備考": ""
      }
    },
    {
      "type": "Feature",
      "geometry": {
        "type": "Point",
        "coordinates": [
          130.924606,
          31.442462
        ]
      },
      "properties": {
        "NO": "807",
        "共通ID": "E4620300026111",
        "施設・場所名": "細山田小学校体育館",
        "住所": "鹿児島県鹿屋市串良町細山田4781-2",
        "指定緊急避難場所との住所同一": "1",
        "その他市町村長が必要と認める事項": null,
        "受入対象者": null,
        "備考": ""
      }
    },
    {
      "type": "Feature",
      "geometry": {
        "type": "Point",
        "coordinates": [
          130.915483,
          31.438961
        ]
      },
      "properties": {
        "NO": "808",
        "共通ID": "E4620300028111",
        "施設・場所名": "細山田分館（細山田校区公民館）",
        "住所": "鹿児島県鹿屋市串良町細山田4945-1",
        "指定緊急避難場所との住所同一": "1",
        "その他市町村長が必要と認める事項": null,
        "受入対象者": null,
        "備考": ""
      }
    },
    {
      "type": "Feature",
      "geometry": {
        "type": "Point",
        "coordinates": [
          130.917755,
          31.39469
        ]
      },
      "properties": {
        "NO": "809",
        "共通ID": "E4620300029111",
        "施設・場所名": "串良農村環境改善センター",
        "住所": "鹿児島県鹿屋市串良町上小原2619-4",
        "指定緊急避難場所との住所同一": "1",
        "その他市町村長が必要と認める事項": null,
        "受入対象者": null,
        "備考": ""
      }
    },
    {
      "type": "Feature",
      "geometry": {
        "type": "Point",
        "coordinates": [
          130.916766,
          31.386663
        ]
      },
      "properties": {
        "NO": "810",
        "共通ID": "E4620300030111",
        "施設・場所名": "上小原小学校体育館",
        "住所": "鹿児島県鹿屋市串良町上小原3473",
        "指定緊急避難場所との住所同一": "1",
        "その他市町村長が必要と認める事項": null,
        "受入対象者": null,
        "備考": ""
      }
    },
    {
      "type": "Feature",
      "geometry": {
        "type": "Point",
        "coordinates": [
          130.931172,
          31.413663
        ]
      },
      "properties": {
        "NO": "811",
        "共通ID": "E4620300032111",
        "施設・場所名": "串良平和アリーナ",
        "住所": "鹿児島県鹿屋市串良町有里4831-3",
        "指定緊急避難場所との住所同一": "",
        "その他市町村長が必要と認める事項": null,
        "受入対象者": null,
        "備考": ""
      }
    },
    {
      "type": "Feature",
      "geometry": {
        "type": "Point",
        "coordinates": [
          130.931172,
          31.413663
        ]
      },
      "properties": {
        "NO": "812",
        "共通ID": "E4620300032121",
        "施設・場所名": "串良平和アリーナ",
        "住所": "鹿児島県鹿屋市串良町有里4831-3",
        "指定緊急避難場所との住所同一": "",
        "その他市町村長が必要と認める事項": null,
        "受入対象者": "要配慮者",
        "備考": ""
      }
    },
    {
      "type": "Feature",
      "geometry": {
        "type": "Point",
        "coordinates": [
          130.779541,
          31.397665
        ]
      },
      "properties": {
        "NO": "813",
        "共通ID": "E4620300036111",
        "施設・場所名": "花岡地区公民館",
        "住所": "鹿児島県鹿屋市古里町208-1",
        "指定緊急避難場所との住所同一": "",
        "その他市町村長が必要と認める事項": null,
        "受入対象者": null,
        "備考": ""
      }
    },
    {
      "type": "Feature",
      "geometry": {
        "type": "Point",
        "coordinates": [
          130.780686,
          31.398891
        ]
      },
      "properties": {
        "NO": "814",
        "共通ID": "E4620300037111",
        "施設・場所名": "花岡学園体育館",
        "住所": "鹿児島県鹿屋市古里町99",
        "指定緊急避難場所との住所同一": "1",
        "その他市町村長が必要と認める事項": null,
        "受入対象者": null,
        "備考": ""
      }
    },
    {
      "type": "Feature",
      "geometry": {
        "type": "Point",
        "coordinates": [
          130.900195,
          31.348998
        ]
      },
      "properties": {
        "NO": "815",
        "共通ID": "E4620300038111",
        "施設・場所名": "下名小学校体育館",
        "住所": "鹿児島県鹿屋市吾平町下名3062",
        "指定緊急避難場所との住所同一": "1",
        "その他市町村長が必要と認める事項": null,
        "受入対象者": null,
        "備考": ""
      }
    },
    {
      "type": "Feature",
      "geometry": {
        "type": "Point",
        "coordinates": [
          130.892294,
          31.298674
        ]
      },
      "properties": {
        "NO": "816",
        "共通ID": "E4620300040111",
        "施設・場所名": "鶴峰西地区ふれあいセンター",
        "住所": "鹿児島県鹿屋市吾平町上名3771-7",
        "指定緊急避難場所との住所同一": "1",
        "その他市町村長が必要と認める事項": null,
        "受入対象者": null,
        "備考": ""
      }
    },
    {
      "type": "Feature",
      "geometry": {
        "type": "Point",
        "coordinates": [
          130.902186,
          31.332571
        ]
      },
      "properties": {
        "NO": "817",
        "共通ID": "E4620300045121",
        "施設・場所名": "吾平保健センター",
        "住所": "鹿児島県鹿屋市吾平町麓2973-1",
        "指定緊急避難場所との住所同一": "",
        "その他市町村長が必要と認める事項": null,
        "受入対象者": "要配慮者",
        "備考": ""
      }
    },
    {
      "type": "Feature",
      "geometry": {
        "type": "Point",
        "coordinates": [
          130.902186,
          31.332571
        ]
      },
      "properties": {
        "NO": "818",
        "共通ID": "E4620300045111",
        "施設・場所名": "吾平保健センター",
        "住所": "鹿児島県鹿屋市吾平町麓2973-1",
        "指定緊急避難場所との住所同一": "",
        "その他市町村長が必要と認める事項": null,
        "受入対象者": null,
        "備考": ""
      }
    },
    {
      "type": "Feature",
      "geometry": {
        "type": "Point",
        "coordinates": [
          130.899724,
          31.329591
        ]
      },
      "properties": {
        "NO": "819",
        "共通ID": "E4620300046111",
        "施設・場所名": "コミュニティセンター吾平振興会館",
        "住所": "鹿児島県鹿屋市吾平町麓3408-1",
        "指定緊急避難場所との住所同一": "1",
        "その他市町村長が必要と認める事項": null,
        "受入対象者": null,
        "備考": ""
      }
    },
    {
      "type": "Feature",
      "geometry": {
        "type": "Point",
        "coordinates": [
          130.895466,
          31.330935
        ]
      },
      "properties": {
        "NO": "820",
        "共通ID": "E4620300047111",
        "施設・場所名": "吾平小学校体育館",
        "住所": "鹿児島県鹿屋市吾平町麓3630",
        "指定緊急避難場所との住所同一": "1",
        "その他市町村長が必要と認める事項": null,
        "受入対象者": null,
        "備考": ""
      }
    },
    {
      "type": "Feature",
      "geometry": {
        "type": "Point",
        "coordinates": [
          130.913594,
          31.271415
        ]
      },
      "properties": {
        "NO": "821",
        "共通ID": "E4620300048111",
        "施設・場所名": "神野地区ふれあいセンター",
        "住所": "鹿児島県鹿屋市吾平町麓5290",
        "指定緊急避難場所との住所同一": "1",
        "その他市町村長が必要と認める事項": null,
        "受入対象者": null,
        "備考": ""
      }
    },
    {
      "type": "Feature",
      "geometry": {
        "type": "Point",
        "coordinates": [
          130.851334,
          31.382471
        ]
      },
      "properties": {
        "NO": "822",
        "共通ID": "E4620300050111",
        "施設・場所名": "市消防センター",
        "住所": "鹿児島県鹿屋市向江町27-11",
        "指定緊急避難場所との住所同一": "",
        "その他市町村長が必要と認める事項": null,
        "受入対象者": null,
        "備考": ""
      }
    },
    {
      "type": "Feature",
      "geometry": {
        "type": "Point",
        "coordinates": [
          130.848067,
          31.382695
        ]
      },
      "properties": {
        "NO": "823",
        "共通ID": "E4620300051111",
        "施設・場所名": "市武道館",
        "住所": "鹿児島県鹿屋市向江町29-1",
        "指定緊急避難場所との住所同一": "1",
        "その他市町村長が必要と認める事項": null,
        "受入対象者": null,
        "備考": ""
      }
    },
    {
      "type": "Feature",
      "geometry": {
        "type": "Point",
        "coordinates": [
          130.799635,
          31.347351
        ]
      },
      "properties": {
        "NO": "824",
        "共通ID": "E4620300052111",
        "施設・場所名": "旧高須中体育館",
        "住所": "鹿児島県鹿屋市高須町1250",
        "指定緊急避難場所との住所同一": "1",
        "その他市町村長が必要と認める事項": null,
        "受入対象者": null,
        "備考": ""
      }
    },
    {
      "type": "Feature",
      "geometry": {
        "type": "Point",
        "coordinates": [
          130.79494,
          31.346154
        ]
      },
      "properties": {
        "NO": "825",
        "共通ID": "E4620300053111",
        "施設・場所名": "高須地区学習センター",
        "住所": "鹿児島県鹿屋市高須町1490-3",
        "指定緊急避難場所との住所同一": "",
        "その他市町村長が必要と認める事項": null,
        "受入対象者": null,
        "備考": ""
      }
    },
    {
      "type": "Feature",
      "geometry": {
        "type": "Point",
        "coordinates": [
          130.821433,
          31.383152
        ]
      },
      "properties": {
        "NO": "826",
        "共通ID": "E4620300054111",
        "施設・場所名": "西原台小体育館",
        "住所": "鹿児島県鹿屋市今坂町12560-2",
        "指定緊急避難場所との住所同一": "1",
        "その他市町村長が必要と認める事項": null,
        "受入対象者": null,
        "備考": ""
      }
    },
    {
      "type": "Feature",
      "geometry": {
        "type": "Point",
        "coordinates": [
          130.872104,
          31.391506
        ]
      },
      "properties": {
        "NO": "827",
        "共通ID": "E4620300055111",
        "施設・場所名": "寿北小体育館",
        "住所": "鹿児島県鹿屋市札元1-17-10",
        "指定緊急避難場所との住所同一": "",
        "その他市町村長が必要と認める事項": null,
        "受入対象者": null,
        "備考": ""
      }
    },
    {
      "type": "Feature",
      "geometry": {
        "type": "Point",
        "coordinates": [
          130.871085,
          31.395665
        ]
      },
      "properties": {
        "NO": "828",
        "共通ID": "E4620300056112",
        "施設・場所名": "農業研修センター",
        "住所": "鹿児島県鹿屋市札元1-21-7",
        "指定緊急避難場所との住所同一": "1",
        "その他市町村長が必要と認める事項": null,
        "受入対象者": null,
        "備考": ""
      }
    },
    {
      "type": "Feature",
      "geometry": {
        "type": "Point",
        "coordinates": [
          130.871662,
          31.395337
        ]
      },
      "properties": {
        "NO": "829",
        "共通ID": "E4620300056111",
        "施設・場所名": "勤労者交流センター",
        "住所": "鹿児島県鹿屋市札元1-21-7",
        "指定緊急避難場所との住所同一": "1",
        "その他市町村長が必要と認める事項": null,
        "受入対象者": null,
        "備考": ""
      }
    },
    {
      "type": "Feature",
      "geometry": {
        "type": "Point",
        "coordinates": [
          130.862567,
          31.384816
        ]
      },
      "properties": {
        "NO": "830",
        "共通ID": "E4620300057111",
        "施設・場所名": "寿小体育館",
        "住所": "鹿児島県鹿屋市寿5-20-2",
        "指定緊急避難場所との住所同一": "1",
        "その他市町村長が必要と認める事項": null,
        "受入対象者": null,
        "備考": ""
      }
    },
    {
      "type": "Feature",
      "geometry": {
        "type": "Point",
        "coordinates": [
          130.872283,
          31.487026
        ]
      },
      "properties": {
        "NO": "831",
        "共通ID": "E4620300058111",
        "施設・場所名": "高隈地区交流促進センター",
        "住所": "鹿児島県鹿屋市上高隈町262-1",
        "指定緊急避難場所との住所同一": "",
        "その他市町村長が必要と認める事項": null,
        "受入対象者": null,
        "備考": ""
      }
    },
    {
      "type": "Feature",
      "geometry": {
        "type": "Point",
        "coordinates": [
          130.843694,
          31.52606
        ]
      },
      "properties": {
        "NO": "832",
        "共通ID": "E4620300059111",
        "施設・場所名": "柏木多目的集会所",
        "住所": "鹿児島県鹿屋市上高隈町3879-16",
        "指定緊急避難場所との住所同一": "",
        "その他市町村長が必要と認める事項": null,
        "受入対象者": null,
        "備考": ""
      }
    },
    {
      "type": "Feature",
      "geometry": {
        "type": "Point",
        "coordinates": [
          130.820151,
          31.372184
        ]
      },
      "properties": {
        "NO": "833",
        "共通ID": "E4620300061111",
        "施設・場所名": "野里小体育館",
        "住所": "鹿児島県鹿屋市上野町4155",
        "指定緊急避難場所との住所同一": "1",
        "その他市町村長が必要と認める事項": null,
        "受入対象者": null,
        "備考": ""
      }
    },
    {
      "type": "Feature",
      "geometry": {
        "type": "Point",
        "coordinates": [
          130.876633,
          31.379631
        ]
      },
      "properties": {
        "NO": "834",
        "共通ID": "E4620300063111",
        "施設・場所名": "鹿屋東地区学習センター",
        "住所": "鹿児島県鹿屋市新川町114-1",
        "指定緊急避難場所との住所同一": "",
        "その他市町村長が必要と認める事項": null,
        "受入対象者": null,
        "備考": ""
      }
    },
    {
      "type": "Feature",
      "geometry": {
        "type": "Point",
        "coordinates": [
          130.840056,
          31.388247
        ]
      },
      "properties": {
        "NO": "835",
        "共通ID": "E4620300065111",
        "施設・場所名": "西原小体育館",
        "住所": "鹿児島県鹿屋市西原1-15-3",
        "指定緊急避難場所との住所同一": "1",
        "その他市町村長が必要と認める事項": null,
        "受入対象者": null,
        "備考": ""
      }
    },
    {
      "type": "Feature",
      "geometry": {
        "type": "Point",
        "coordinates": [
          130.83929,
          31.385372
        ]
      },
      "properties": {
        "NO": "836",
        "共通ID": "E4620300066111",
        "施設・場所名": "鹿屋女子校体育館",
        "住所": "鹿児島県鹿屋市西原1-24-35",
        "指定緊急避難場所との住所同一": "1",
        "その他市町村長が必要と認める事項": null,
        "受入対象者": null,
        "備考": ""
      }
    },
    {
      "type": "Feature",
      "geometry": {
        "type": "Point",
        "coordinates": [
          130.834957,
          31.385863
        ]
      },
      "properties": {
        "NO": "837",
        "共通ID": "E4620300067111",
        "施設・場所名": "第一鹿屋中体育館",
        "住所": "鹿児島県鹿屋市西原2-1-2",
        "指定緊急避難場所との住所同一": "1",
        "その他市町村長が必要と認める事項": null,
        "受入対象者": null,
        "備考": ""
      }
    },
    {
      "type": "Feature",
      "geometry": {
        "type": "Point",
        "coordinates": [
          130.833459,
          31.385555
        ]
      },
      "properties": {
        "NO": "838",
        "共通ID": "E4620300068111",
        "施設・場所名": "西原地区学習センター",
        "住所": "鹿児島県鹿屋市西原2-2-3",
        "指定緊急避難場所との住所同一": "1",
        "その他市町村長が必要と認める事項": null,
        "受入対象者": null,
        "備考": ""
      }
    },
    {
      "type": "Feature",
      "geometry": {
        "type": "Point",
        "coordinates": [
          130.867281,
          31.357561
        ]
      },
      "properties": {
        "NO": "839",
        "共通ID": "E4620300070111",
        "施設・場所名": "田崎地区学習センター",
        "住所": "鹿児島県鹿屋市川西町3603-1",
        "指定緊急避難場所との住所同一": "",
        "その他市町村長が必要と認める事項": null,
        "受入対象者": null,
        "備考": ""
      }
    },
    {
      "type": "Feature",
      "geometry": {
        "type": "Point",
        "coordinates": [
          130.876407,
          31.365274
        ]
      },
      "properties": {
        "NO": "840",
        "共通ID": "E4620300071111",
        "施設・場所名": "田崎小体育館",
        "住所": "鹿児島県鹿屋市川西町4780",
        "指定緊急避難場所との住所同一": "",
        "その他市町村長が必要と認める事項": null,
        "受入対象者": null,
        "備考": ""
      }
    },
    {
      "type": "Feature",
      "geometry": {
        "type": "Point",
        "coordinates": [
          130.853672,
          31.400154
        ]
      },
      "properties": {
        "NO": "841",
        "共通ID": "E4620300075111",
        "施設・場所名": "鹿屋中体育館",
        "住所": "鹿児島県鹿屋市打馬2-24-1",
        "指定緊急避難場所との住所同一": "1",
        "その他市町村長が必要と認める事項": "",
        "受入対象者": "",
        "備考": ""
      }
    },
    {
      "type": "Feature",
      "geometry": {
        "type": "Point",
        "coordinates": [
          130.839274,
          31.405409
        ]
      },
      "properties": {
        "NO": "842",
        "共通ID": "E4620300076111",
        "施設・場所名": "県立鹿屋特別支援学校",
        "住所": "鹿児島県鹿屋市大浦町14000",
        "指定緊急避難場所との住所同一": "",
        "その他市町村長が必要と認める事項": "",
        "受入対象者": "",
        "備考": ""
      }
    },
    {
      "type": "Feature",
      "geometry": {
        "type": "Point",
        "coordinates": [
          130.851169,
          31.389009
        ]
      },
      "properties": {
        "NO": "843",
        "共通ID": "E4620300077121",
        "施設・場所名": "市民交流センター福祉プラザ",
        "住所": "鹿児島県鹿屋市大手町1-1",
        "指定緊急避難場所との住所同一": "",
        "その他市町村長が必要と認める事項": null,
        "受入対象者": "要配慮者",
        "備考": ""
      }
    },
    {
      "type": "Feature",
      "geometry": {
        "type": "Point",
        "coordinates": [
          130.851169,
          31.389009
        ]
      },
      "properties": {
        "NO": "844",
        "共通ID": "E4620300077111",
        "施設・場所名": "市民交流センター福祉プラザ",
        "住所": "鹿児島県鹿屋市大手町1-1",
        "指定緊急避難場所との住所同一": "",
        "その他市町村長が必要と認める事項": null,
        "受入対象者": null,
        "備考": ""
      }
    },
    {
      "type": "Feature",
      "geometry": {
        "type": "Point",
        "coordinates": [
          130.77979,
          31.373016
        ]
      },
      "properties": {
        "NO": "845",
        "共通ID": "E4620300078111",
        "施設・場所名": "旧菅原小（ユクサおおすみ海の学校）",
        "住所": "鹿児島県鹿屋市天神町3629-1",
        "指定緊急避難場所との住所同一": "",
        "その他市町村長が必要と認める事項": "",
        "受入対象者": "",
        "備考": ""
      }
    },
    {
      "type": "Feature",
      "geometry": {
        "type": "Point",
        "coordinates": [
          130.859468,
          31.362652
        ]
      },
      "properties": {
        "NO": "846",
        "共通ID": "E4620300079111",
        "施設・場所名": "上田崎コミュニティセンター",
        "住所": "鹿児島県鹿屋市田崎町2349-1",
        "指定緊急避難場所との住所同一": "",
        "その他市町村長が必要と認める事項": null,
        "受入対象者": null,
        "備考": ""
      }
    },
    {
      "type": "Feature",
      "geometry": {
        "type": "Point",
        "coordinates": [
          130.834117,
          31.337766
        ]
      },
      "properties": {
        "NO": "847",
        "共通ID": "E4620300080111",
        "施設・場所名": "大姶良小体育館",
        "住所": "鹿児島県鹿屋市田淵町1950",
        "指定緊急避難場所との住所同一": "1",
        "その他市町村長が必要と認める事項": null,
        "受入対象者": null,
        "備考": ""
      }
    },
    {
      "type": "Feature",
      "geometry": {
        "type": "Point",
        "coordinates": [
          130.839873,
          31.338869
        ]
      },
      "properties": {
        "NO": "848",
        "共通ID": "E4620300081111",
        "施設・場所名": "大姶良中体育館",
        "住所": "鹿児島県鹿屋市田淵町987",
        "指定緊急避難場所との住所同一": "1",
        "その他市町村長が必要と認める事項": null,
        "受入対象者": null,
        "備考": ""
      }
    },
    {
      "type": "Feature",
      "geometry": {
        "type": "Point",
        "coordinates": [
          130.838809,
          31.337976
        ]
      },
      "properties": {
        "NO": "849",
        "共通ID": "E4620300082111",
        "施設・場所名": "大姶良地区学習センター",
        "住所": "鹿児島県鹿屋市田淵町987-2",
        "指定緊急避難場所との住所同一": "",
        "その他市町村長が必要と認める事項": null,
        "受入対象者": null,
        "備考": ""
      }
    },
    {
      "type": "Feature",
      "geometry": {
        "type": "Point",
        "coordinates": [
          130.883087,
          31.425178
        ]
      },
      "properties": {
        "NO": "850",
        "共通ID": "E4620300083111",
        "施設・場所名": "東原小体育館",
        "住所": "鹿児島県鹿屋市東原町5964-1",
        "指定緊急避難場所との住所同一": "1",
        "その他市町村長が必要と認める事項": null,
        "受入対象者": null,
        "備考": ""
      }
    },
    {
      "type": "Feature",
      "geometry": {
        "type": "Point",
        "coordinates": [
          130.863824,
          31.327803
        ]
      },
      "properties": {
        "NO": "851",
        "共通ID": "E4620300086111",
        "施設・場所名": "南町集落センター",
        "住所": "鹿児島県鹿屋市南町3421",
        "指定緊急避難場所との住所同一": "1",
        "その他市町村長が必要と認める事項": null,
        "受入対象者": null,
        "備考": ""
      }
    },
    {
      "type": "Feature",
      "geometry": {
        "type": "Point",
        "coordinates": [
          130.876295,
          31.33554
        ]
      },
      "properties": {
        "NO": "852",
        "共通ID": "E4620300087111",
        "施設・場所名": "西俣小体育館",
        "住所": "鹿児島県鹿屋市飯隈町2976",
        "指定緊急避難場所との住所同一": "1",
        "その他市町村長が必要と認める事項": null,
        "受入対象者": null,
        "備考": ""
      }
    },
    {
      "type": "Feature",
      "geometry": {
        "type": "Point",
        "coordinates": [
          130.805022,
          31.333143
        ]
      },
      "properties": {
        "NO": "853",
        "共通ID": "E4620300089111",
        "施設・場所名": "浜田ふれあい館",
        "住所": "鹿児島県鹿屋市浜田町646-3",
        "指定緊急避難場所との住所同一": "",
        "その他市町村長が必要と認める事項": null,
        "受入対象者": null,
        "備考": ""
      }
    },
    {
      "type": "Feature",
      "geometry": {
        "type": "Point",
        "coordinates": [
          130.845957,
          31.388763
        ]
      },
      "properties": {
        "NO": "854",
        "共通ID": "E4620300091111",
        "施設・場所名": "市保健相談センター",
        "住所": "鹿児島県鹿屋市北田町11-6",
        "指定緊急避難場所との住所同一": "",
        "その他市町村長が必要と認める事項": null,
        "受入対象者": null,
        "備考": ""
      }
    },
    {
      "type": "Feature",
      "geometry": {
        "type": "Point",
        "coordinates": [
          130.845957,
          31.388763
        ]
      },
      "properties": {
        "NO": "855",
        "共通ID": "E4620300091121",
        "施設・場所名": "市保健相談センター",
        "住所": "鹿児島県鹿屋市北田町11-6",
        "指定緊急避難場所との住所同一": "",
        "その他市町村長が必要と認める事項": null,
        "受入対象者": "要配慮者",
        "備考": ""
      }
    },
    {
      "type": "Feature",
      "geometry": {
        "type": "Point",
        "coordinates": [
          130.84619,
          31.392283
        ]
      },
      "properties": {
        "NO": "856",
        "共通ID": "E4620300090111",
        "施設・場所名": "市中央公民館",
        "住所": "鹿児島県鹿屋市北田町11103",
        "指定緊急避難場所との住所同一": "",
        "その他市町村長が必要と認める事項": "",
        "受入対象者": "",
        "備考": ""
      }
    },
    {
      "type": "Feature",
      "geometry": {
        "type": "Point",
        "coordinates": [
          130.821891,
          31.358346
        ]
      },
      "properties": {
        "NO": "857",
        "共通ID": "E4620300092111",
        "施設・場所名": "野里食品加工実習センター",
        "住所": "鹿児島県鹿屋市野里町3614",
        "指定緊急避難場所との住所同一": "",
        "その他市町村長が必要と認める事項": null,
        "受入対象者": null,
        "備考": ""
      }
    },
    {
      "type": "Feature",
      "geometry": {
        "type": "Point",
        "coordinates": [
          130.527915,
          31.627505
        ]
      },
      "properties": {
        "NO": "858",
        "共通ID": "E4620100003111",
        "施設・場所名": "伊敷小学校",
        "住所": "鹿児島県鹿児島市伊敷5-19-1",
        "指定緊急避難場所との住所同一": "1",
        "その他市町村長が必要と認める事項": "",
        "受入対象者": "",
        "備考": ""
      }
    },
    {
      "type": "Feature",
      "geometry": {
        "type": "Point",
        "coordinates": [
          130.5242,
          31.626003
        ]
      },
      "properties": {
        "NO": "859",
        "共通ID": "E4620100005111",
        "施設・場所名": "伊敷公民館",
        "住所": "鹿児島県鹿児島市伊敷5-7-40",
        "指定緊急避難場所との住所同一": "1",
        "その他市町村長が必要と認める事項": "",
        "受入対象者": "",
        "備考": ""
      }
    },
    {
      "type": "Feature",
      "geometry": {
        "type": "Point",
        "coordinates": [
          130.53547,
          31.624907
        ]
      },
      "properties": {
        "NO": "860",
        "共通ID": "E4620100007111",
        "施設・場所名": "伊敷台福祉館",
        "住所": "鹿児島県鹿児島市伊敷台1-31-8",
        "指定緊急避難場所との住所同一": "1",
        "その他市町村長が必要と認める事項": "",
        "受入対象者": "",
        "備考": ""
      }
    },
    {
      "type": "Feature",
      "geometry": {
        "type": "Point",
        "coordinates": [
          130.538715,
          31.631854
        ]
      },
      "properties": {
        "NO": "861",
        "共通ID": "E4620100013111",
        "施設・場所名": "伊敷台小学校",
        "住所": "鹿児島県鹿児島市伊敷台4-20-1",
        "指定緊急避難場所との住所同一": "1",
        "その他市町村長が必要と認める事項": "",
        "受入対象者": "",
        "備考": ""
      }
    },
    {
      "type": "Feature",
      "geometry": {
        "type": "Point",
        "coordinates": [
          130.566903,
          31.612069
        ]
      },
      "properties": {
        "NO": "862",
        "共通ID": "E4620100021111",
        "施設・場所名": "清水中学校",
        "住所": "鹿児島県鹿児島市稲荷町36-29",
        "指定緊急避難場所との住所同一": "1",
        "その他市町村長が必要と認める事項": "",
        "受入対象者": "",
        "備考": ""
      }
    },
    {
      "type": "Feature",
      "geometry": {
        "type": "Point",
        "coordinates": [
          130.539035,
          31.544934
        ]
      },
      "properties": {
        "NO": "863",
        "共通ID": "E4620100024111",
        "施設・場所名": "宇宿福祉館",
        "住所": "鹿児島県鹿児島市宇宿1-56-10",
        "指定緊急避難場所との住所同一": "1",
        "その他市町村長が必要と認める事項": "",
        "受入対象者": "",
        "備考": ""
      }
    },
    {
      "type": "Feature",
      "geometry": {
        "type": "Point",
        "coordinates": [
          130.536726,
          31.545172
        ]
      },
      "properties": {
        "NO": "864",
        "共通ID": "E4620100027111",
        "施設・場所名": "宇宿小学校",
        "住所": "鹿児島県鹿児島市宇宿4-21-7",
        "指定緊急避難場所との住所同一": "1",
        "その他市町村長が必要と認める事項": "",
        "受入対象者": "",
        "備考": ""
      }
    },
    {
      "type": "Feature",
      "geometry": {
        "type": "Point",
        "coordinates": [
          130.527206,
          31.552952
        ]
      },
      "properties": {
        "NO": "865",
        "共通ID": "E4620100031111",
        "施設・場所名": "宇宿中間福祉館",
        "住所": "鹿児島県鹿児島市宇宿7-14-25",
        "指定緊急避難場所との住所同一": "1",
        "その他市町村長が必要と認める事項": "",
        "受入対象者": "",
        "備考": ""
      }
    },
    {
      "type": "Feature",
      "geometry": {
        "type": "Point",
        "coordinates": [
          130.535405,
          31.601361
        ]
      },
      "properties": {
        "NO": "866",
        "共通ID": "E4620100037111",
        "施設・場所名": "鹿児島アリーナ",
        "住所": "鹿児島県鹿児島市永吉1-30-1",
        "指定緊急避難場所との住所同一": "1",
        "その他市町村長が必要と認める事項": "",
        "受入対象者": "",
        "備考": ""
      }
    },
    {
      "type": "Feature",
      "geometry": {
        "type": "Point",
        "coordinates": [
          130.53543,
          31.612302
        ]
      },
      "properties": {
        "NO": "867",
        "共通ID": "E4620100706121",
        "施設・場所名": "高齢者福祉センター伊敷",
        "住所": "鹿児島県鹿児島市下伊敷1-10-3",
        "指定緊急避難場所との住所同一": "",
        "その他市町村長が必要と認める事項": "",
        "受入対象者": "避難行動要支援者およびその家族等",
        "備考": ""
      }
    },
    {
      "type": "Feature",
      "geometry": {
        "type": "Point",
        "coordinates": [
          130.533831,
          31.612293
        ]
      },
      "properties": {
        "NO": "868",
        "共通ID": "E4620100042111",
        "施設・場所名": "玉江小学校",
        "住所": "鹿児島県鹿児島市下伊敷1-35-1",
        "指定緊急避難場所との住所同一": "1",
        "その他市町村長が必要と認める事項": "",
        "受入対象者": "",
        "備考": ""
      }
    },
    {
      "type": "Feature",
      "geometry": {
        "type": "Point",
        "coordinates": [
          130.538348,
          31.620315
        ]
      },
      "properties": {
        "NO": "869",
        "共通ID": "E4620100046111",
        "施設・場所名": "日当平住宅集会所",
        "住所": "鹿児島県鹿児島市下伊敷2-21-10",
        "指定緊急避難場所との住所同一": "1",
        "その他市町村長が必要と認める事項": "",
        "受入対象者": "",
        "備考": ""
      }
    },
    {
      "type": "Feature",
      "geometry": {
        "type": "Point",
        "coordinates": [
          130.559847,
          31.574793
        ]
      },
      "properties": {
        "NO": "870",
        "共通ID": "E4620100048111",
        "施設・場所名": "天保山中学校",
        "住所": "鹿児島県鹿児島市下荒田2-31-15",
        "指定緊急避難場所との住所同一": "1",
        "その他市町村長が必要と認める事項": "",
        "受入対象者": "",
        "備考": ""
      }
    },
    {
      "type": "Feature",
      "geometry": {
        "type": "Point",
        "coordinates": [
          130.553591,
          31.574784
        ]
      },
      "properties": {
        "NO": "871",
        "共通ID": "E4620100050111",
        "施設・場所名": "八幡福祉館",
        "住所": "鹿児島県鹿児島市下荒田2-7-33",
        "指定緊急避難場所との住所同一": "1",
        "その他市町村長が必要と認める事項": "",
        "受入対象者": "",
        "備考": ""
      }
    },
    {
      "type": "Feature",
      "geometry": {
        "type": "Point",
        "coordinates": [
          130.554636,
          31.570512
        ]
      },
      "properties": {
        "NO": "872",
        "共通ID": "E4620100051111",
        "施設・場所名": "八幡小学校",
        "住所": "鹿児島県鹿児島市下荒田3-25-1",
        "指定緊急避難場所との住所同一": "1",
        "その他市町村長が必要と認める事項": "",
        "受入対象者": "",
        "備考": ""
      }
    },
    {
      "type": "Feature",
      "geometry": {
        "type": "Point",
        "coordinates": [
          130.501753,
          31.48254
        ]
      },
      "properties": {
        "NO": "873",
        "共通ID": "E4620100058111",
        "施設・場所名": "福平福祉館",
        "住所": "鹿児島県鹿児島市下福元町7587-1",
        "指定緊急避難場所との住所同一": "1",
        "その他市町村長が必要と認める事項": "",
        "受入対象者": "",
        "備考": ""
      }
    },
    {
      "type": "Feature",
      "geometry": {
        "type": "Point",
        "coordinates": [
          130.453476,
          31.495821
        ]
      },
      "properties": {
        "NO": "874",
        "共通ID": "E4620100060111",
        "施設・場所名": "錫山小中学校",
        "住所": "鹿児島県鹿児島市下福元町9856",
        "指定緊急避難場所との住所同一": "1",
        "その他市町村長が必要と認める事項": "",
        "受入対象者": "",
        "備考": ""
      }
    },
    {
      "type": "Feature",
      "geometry": {
        "type": "Point",
        "coordinates": [
          130.560506,
          31.604464
        ]
      },
      "properties": {
        "NO": "875",
        "共通ID": "E4620100062111",
        "施設・場所名": "たてばば福祉館",
        "住所": "鹿児島県鹿児島市下竜尾町10-30",
        "指定緊急避難場所との住所同一": "1",
        "その他市町村長が必要と認める事項": "",
        "受入対象者": "",
        "備考": ""
      }
    },
    {
      "type": "Feature",
      "geometry": {
        "type": "Point",
        "coordinates": [
          130.549645,
          31.585596
        ]
      },
      "properties": {
        "NO": "876",
        "共通ID": "E4620100063111",
        "施設・場所名": "鹿児島中央高校",
        "住所": "鹿児島県鹿児島市加治屋町10-1",
        "指定緊急避難場所との住所同一": "1",
        "その他市町村長が必要と認める事項": "",
        "受入対象者": "",
        "備考": ""
      }
    },
    {
      "type": "Feature",
      "geometry": {
        "type": "Point",
        "coordinates": [
          130.492599,
          31.705036
        ]
      },
      "properties": {
        "NO": "877",
        "共通ID": "E4620100065111",
        "施設・場所名": "花尾小学校（校舎）",
        "住所": "鹿児島県鹿児島市花尾町170",
        "指定緊急避難場所との住所同一": "1",
        "その他市町村長が必要と認める事項": "",
        "受入対象者": "",
        "備考": ""
      }
    },
    {
      "type": "Feature",
      "geometry": {
        "type": "Point",
        "coordinates": [
          130.500793,
          31.705707
        ]
      },
      "properties": {
        "NO": "878",
        "共通ID": "E4620100698111",
        "施設・場所名": "花尾地区コミュニティセンター",
        "住所": "鹿児島県鹿児島市花尾町4043",
        "指定緊急避難場所との住所同一": "1",
        "その他市町村長が必要と認める事項": "",
        "受入対象者": "",
        "備考": ""
      }
    },
    {
      "type": "Feature",
      "geometry": {
        "type": "Point",
        "coordinates": [
          130.51637,
          31.703047
        ]
      },
      "properties": {
        "NO": "879",
        "共通ID": "E4620100066111",
        "施設・場所名": "丸山公民館",
        "住所": "鹿児島県鹿児島市花尾町4479-1",
        "指定緊急避難場所との住所同一": "1",
        "その他市町村長が必要と認める事項": "",
        "受入対象者": "",
        "備考": ""
      }
    },
    {
      "type": "Feature",
      "geometry": {
        "type": "Point",
        "coordinates": [
          130.52874,
          31.647421
        ]
      },
      "properties": {
        "NO": "880",
        "共通ID": "E4620100068111",
        "施設・場所名": "花野小学校",
        "住所": "鹿児島県鹿児島市花野光ヶ丘1-1-1",
        "指定緊急避難場所との住所同一": "1",
        "その他市町村長が必要と認める事項": "",
        "受入対象者": "",
        "備考": ""
      }
    },
    {
      "type": "Feature",
      "geometry": {
        "type": "Point",
        "coordinates": [
          130.52804,
          31.651932
        ]
      },
      "properties": {
        "NO": "881",
        "共通ID": "E4620100072111",
        "施設・場所名": "花野福祉館",
        "住所": "鹿児島県鹿児島市花野光ヶ丘1-31-2",
        "指定緊急避難場所との住所同一": "1",
        "その他市町村長が必要と認める事項": "",
        "受入対象者": "",
        "備考": ""
      }
    },
    {
      "type": "Feature",
      "geometry": {
        "type": "Point",
        "coordinates": [
          130.51873,
          31.670406
        ]
      },
      "properties": {
        "NO": "882",
        "共通ID": "E4620100079111",
        "施設・場所名": "皆与志小学校",
        "住所": "鹿児島県鹿児島市皆与志町4307",
        "指定緊急避難場所との住所同一": "1",
        "その他市町村長が必要と認める事項": "",
        "受入対象者": "",
        "備考": ""
      }
    },
    {
      "type": "Feature",
      "geometry": {
        "type": "Point",
        "coordinates": [
          130.551028,
          31.565839
        ]
      },
      "properties": {
        "NO": "883",
        "共通ID": "E4620100081111",
        "施設・場所名": "鴨池福祉館",
        "住所": "鹿児島県鹿児島市鴨池2-19-17",
        "指定緊急避難場所との住所同一": "1",
        "その他市町村長が必要と認める事項": "",
        "受入対象者": "",
        "備考": ""
      }
    },
    {
      "type": "Feature",
      "geometry": {
        "type": "Point",
        "coordinates": [
          130.555374,
          31.563199
        ]
      },
      "properties": {
        "NO": "884",
        "共通ID": "E4620100084111",
        "施設・場所名": "鴨池公民館",
        "住所": "鹿児島県鹿児島市鴨池2-32-6",
        "指定緊急避難場所との住所同一": "1",
        "その他市町村長が必要と認める事項": "",
        "受入対象者": "",
        "備考": ""
      }
    },
    {
      "type": "Feature",
      "geometry": {
        "type": "Point",
        "coordinates": [
          130.522146,
          31.351612
        ]
      },
      "properties": {
        "NO": "885",
        "共通ID": "E4620100087111",
        "施設・場所名": "一倉校区公民館",
        "住所": "鹿児島県鹿児島市喜入一倉町5334-1",
        "指定緊急避難場所との住所同一": "1",
        "その他市町村長が必要と認める事項": "",
        "受入対象者": "",
        "備考": ""
      }
    },
    {
      "type": "Feature",
      "geometry": {
        "type": "Point",
        "coordinates": [
          130.522893,
          31.351353
        ]
      },
      "properties": {
        "NO": "886",
        "共通ID": "E4620100088111",
        "施設・場所名": "一倉小学校",
        "住所": "鹿児島県鹿児島市喜入一倉町5335",
        "指定緊急避難場所との住所同一": "1",
        "その他市町村長が必要と認める事項": "",
        "受入対象者": "",
        "備考": ""
      }
    },
    {
      "type": "Feature",
      "geometry": {
        "type": "Point",
        "coordinates": [
          130.521468,
          31.421998
        ]
      },
      "properties": {
        "NO": "887",
        "共通ID": "E4620100089111",
        "施設・場所名": "瀬々串校区公民館",
        "住所": "鹿児島県鹿児島市喜入瀬々串町3021-3",
        "指定緊急避難場所との住所同一": "1",
        "その他市町村長が必要と認める事項": "",
        "受入対象者": "",
        "備考": ""
      }
    },
    {
      "type": "Feature",
      "geometry": {
        "type": "Point",
        "coordinates": [
          130.509957,
          31.432374
        ]
      },
      "properties": {
        "NO": "888",
        "共通ID": "E4620100091111",
        "施設・場所名": "星和コミュニティセンター",
        "住所": "鹿児島県鹿児島市喜入瀬々串町604-339",
        "指定緊急避難場所との住所同一": "1",
        "その他市町村長が必要と認める事項": "",
        "受入対象者": "",
        "備考": ""
      }
    },
    {
      "type": "Feature",
      "geometry": {
        "type": "Point",
        "coordinates": [
          130.574028,
          31.309583
        ]
      },
      "properties": {
        "NO": "889",
        "共通ID": "E4620100094111",
        "施設・場所名": "森満多目的共同施設",
        "住所": "鹿児島県鹿児島市喜入生見町2631-4",
        "指定緊急避難場所との住所同一": "1",
        "その他市町村長が必要と認める事項": "",
        "受入対象者": "",
        "備考": ""
      }
    },
    {
      "type": "Feature",
      "geometry": {
        "type": "Point",
        "coordinates": [
          130.581088,
          31.305582
        ]
      },
      "properties": {
        "NO": "890",
        "共通ID": "E4620100095111",
        "施設・場所名": "田貫えびす館",
        "住所": "鹿児島県鹿児島市喜入生見町2848",
        "指定緊急避難場所との住所同一": "1",
        "その他市町村長が必要と認める事項": "",
        "受入対象者": "",
        "備考": ""
      }
    },
    {
      "type": "Feature",
      "geometry": {
        "type": "Point",
        "coordinates": [
          130.573256,
          31.303775
        ]
      },
      "properties": {
        "NO": "891",
        "共通ID": "E4620100096111",
        "施設・場所名": "古久川集落センター",
        "住所": "鹿児島県鹿児島市喜入生見町3421",
        "指定緊急避難場所との住所同一": "1",
        "その他市町村長が必要と認める事項": "",
        "受入対象者": "",
        "備考": ""
      }
    },
    {
      "type": "Feature",
      "geometry": {
        "type": "Point",
        "coordinates": [
          130.550432,
          31.342764
        ]
      },
      "properties": {
        "NO": "892",
        "共通ID": "E4620100097111",
        "施設・場所名": "前之浜校区公民館",
        "住所": "鹿児島県鹿児島市喜入前之浜町7023",
        "指定緊急避難場所との住所同一": "1",
        "その他市町村長が必要と認める事項": "",
        "受入対象者": "",
        "備考": ""
      }
    },
    {
      "type": "Feature",
      "geometry": {
        "type": "Point",
        "coordinates": [
          130.551677,
          31.344062
        ]
      },
      "properties": {
        "NO": "893",
        "共通ID": "E4620100098111",
        "施設・場所名": "前之浜小学校",
        "住所": "鹿児島県鹿児島市喜入前之浜町7036",
        "指定緊急避難場所との住所同一": "1",
        "その他市町村長が必要と認める事項": "",
        "受入対象者": "",
        "備考": ""
      }
    },
    {
      "type": "Feature",
      "geometry": {
        "type": "Point",
        "coordinates": [
          130.532655,
          31.391199
        ]
      },
      "properties": {
        "NO": "894",
        "共通ID": "E4620100099111",
        "施設・場所名": "中名小学校",
        "住所": "鹿児島県鹿児島市喜入中名町1079",
        "指定緊急避難場所との住所同一": "1",
        "その他市町村長が必要と認める事項": "",
        "受入対象者": "",
        "備考": ""
      }
    },
    {
      "type": "Feature",
      "geometry": {
        "type": "Point",
        "coordinates": [
          130.533849,
          31.39232
        ]
      },
      "properties": {
        "NO": "895",
        "共通ID": "E4620100100111",
        "施設・場所名": "中名校区公民館",
        "住所": "鹿児島県鹿児島市喜入中名町1122",
        "指定緊急避難場所との住所同一": "1",
        "その他市町村長が必要と認める事項": "",
        "受入対象者": "",
        "備考": ""
      }
    },
    {
      "type": "Feature",
      "geometry": {
        "type": "Point",
        "coordinates": [
          130.544451,
          31.378958
        ]
      },
      "properties": {
        "NO": "896",
        "共通ID": "E4620100711121",
        "施設・場所名": "喜入地区保健センター",
        "住所": "鹿児島県鹿児島市喜入町6100",
        "指定緊急避難場所との住所同一": "",
        "その他市町村長が必要と認める事項": "",
        "受入対象者": "避難行動要支援者およびその家族等",
        "備考": ""
      }
    },
    {
      "type": "Feature",
      "geometry": {
        "type": "Point",
        "coordinates": [
          130.542988,
          31.374563
        ]
      },
      "properties": {
        "NO": "897",
        "共通ID": "E4620100103111",
        "施設・場所名": "喜入公民館",
        "住所": "鹿児島県鹿児島市喜入町7000",
        "指定緊急避難場所との住所同一": "1",
        "その他市町村長が必要と認める事項": "",
        "受入対象者": "",
        "備考": ""
      }
    },
    {
      "type": "Feature",
      "geometry": {
        "type": "Point",
        "coordinates": [
          130.535836,
          31.371881
        ]
      },
      "properties": {
        "NO": "898",
        "共通ID": "E4620100105111",
        "施設・場所名": "喜入中学校",
        "住所": "鹿児島県鹿児島市喜入町7143",
        "指定緊急避難場所との住所同一": "1",
        "その他市町村長が必要と認める事項": "",
        "受入対象者": "",
        "備考": ""
      }
    },
    {
      "type": "Feature",
      "geometry": {
        "type": "Point",
        "coordinates": [
          130.53485,
          31.3749
        ]
      },
      "properties": {
        "NO": "899",
        "共通ID": "E4620100106111",
        "施設・場所名": "きいれの丘",
        "住所": "鹿児島県鹿児島市喜入町8462",
        "指定緊急避難場所との住所同一": "1",
        "その他市町村長が必要と認める事項": "",
        "受入対象者": "",
        "備考": ""
      }
    },
    {
      "type": "Feature",
      "geometry": {
        "type": "Point",
        "coordinates": [
          130.572484,
          31.60399
        ]
      },
      "properties": {
        "NO": "900",
        "共通ID": "E4620100109111",
        "施設・場所名": "福祉コミュニティセンター",
        "住所": "鹿児島県鹿児島市祇園之洲町1-2",
        "指定緊急避難場所との住所同一": "1",
        "その他市町村長が必要と認める事項": "",
        "受入対象者": "",
        "備考": ""
      }
    },
    {
      "type": "Feature",
      "geometry": {
        "type": "Point",
        "coordinates": [
          130.572475,
          31.603929
        ]
      },
      "properties": {
        "NO": "901",
        "共通ID": "E4620100109121",
        "施設・場所名": "福祉コミュニティセンター",
        "住所": "鹿児島県鹿児島市祇園之洲町1-2",
        "指定緊急避難場所との住所同一": "1",
        "その他市町村長が必要と認める事項": "",
        "受入対象者": "避難行動要支援者およびその家族等",
        "備考": ""
      }
    },
    {
      "type": "Feature",
      "geometry": {
        "type": "Point",
        "coordinates": [
          130.569008,
          31.63556
        ]
      },
      "properties": {
        "NO": "902",
        "共通ID": "E4620100115111",
        "施設・場所名": "吉野福祉館",
        "住所": "鹿児島県鹿児島市吉野町2051-2",
        "指定緊急避難場所との住所同一": "1",
        "その他市町村長が必要と認める事項": "",
        "受入対象者": "",
        "備考": ""
      }
    },
    {
      "type": "Feature",
      "geometry": {
        "type": "Point",
        "coordinates": [
          130.565424,
          31.638856
        ]
      },
      "properties": {
        "NO": "903",
        "共通ID": "E4620100116111",
        "施設・場所名": "吉野小学校",
        "住所": "鹿児島県鹿児島市吉野町2472",
        "指定緊急避難場所との住所同一": "1",
        "その他市町村長が必要と認める事項": "",
        "受入対象者": "",
        "備考": ""
      }
    },
    {
      "type": "Feature",
      "geometry": {
        "type": "Point",
        "coordinates": [
          130.572821,
          31.646386
        ]
      },
      "properties": {
        "NO": "904",
        "共通ID": "E4620100117111",
        "施設・場所名": "吉野中学校",
        "住所": "鹿児島県鹿児島市吉野町3074",
        "指定緊急避難場所との住所同一": "1",
        "その他市町村長が必要と認める事項": "",
        "受入対象者": "",
        "備考": ""
      }
    },
    {
      "type": "Feature",
      "geometry": {
        "type": "Point",
        "coordinates": [
          130.572447,
          31.641227
        ]
      },
      "properties": {
        "NO": "905",
        "共通ID": "E4620100704121",
        "施設・場所名": "高齢者福祉センター吉野",
        "住所": "鹿児島県鹿児島市吉野町3275-3",
        "指定緊急避難場所との住所同一": "",
        "その他市町村長が必要と認める事項": "",
        "受入対象者": "避難行動要支援者およびその家族等",
        "備考": ""
      }
    },
    {
      "type": "Feature",
      "geometry": {
        "type": "Point",
        "coordinates": [
          130.584203,
          31.647568
        ]
      },
      "properties": {
        "NO": "906",
        "共通ID": "E4620100123111",
        "施設・場所名": "吉野東福祉館",
        "住所": "鹿児島県鹿児島市吉野町5192-5",
        "指定緊急避難場所との住所同一": "1",
        "その他市町村長が必要と認める事項": "",
        "受入対象者": "",
        "備考": ""
      }
    },
    {
      "type": "Feature",
      "geometry": {
        "type": "Point",
        "coordinates": [
          130.586176,
          31.648847
        ]
      },
      "properties": {
        "NO": "907",
        "共通ID": "E4620100124111",
        "施設・場所名": "吉野東小学校",
        "住所": "鹿児島県鹿児島市吉野町5968-1",
        "指定緊急避難場所との住所同一": "1",
        "その他市町村長が必要と認める事項": "",
        "受入対象者": "",
        "備考": ""
      }
    },
    {
      "type": "Feature",
      "geometry": {
        "type": "Point",
        "coordinates": [
          130.575018,
          31.615008
        ]
      },
      "properties": {
        "NO": "908",
        "共通ID": "E4620100129111",
        "施設・場所名": "磯ビーチハウス",
        "住所": "鹿児島県鹿児島市吉野町9684-2",
        "指定緊急避難場所との住所同一": "1",
        "その他市町村長が必要と認める事項": null,
        "受入対象者": null,
        "備考": ""
      }
    },
    {
      "type": "Feature",
      "geometry": {
        "type": "Point",
        "coordinates": [
          130.566085,
          31.676641
        ]
      },
      "properties": {
        "NO": "909",
        "共通ID": "E4620100130111",
        "施設・場所名": "宮西公民館",
        "住所": "鹿児島県鹿児島市宮之浦町1947-20",
        "指定緊急避難場所との住所同一": "1",
        "その他市町村長が必要と認める事項": "",
        "受入対象者": "",
        "備考": ""
      }
    },
    {
      "type": "Feature",
      "geometry": {
        "type": "Point",
        "coordinates": [
          130.564978,
          31.677023
        ]
      },
      "properties": {
        "NO": "910",
        "共通ID": "E4620100131111",
        "施設・場所名": "宮小学校",
        "住所": "鹿児島県鹿児島市宮之浦町1953",
        "指定緊急避難場所との住所同一": "1",
        "その他市町村長が必要と認める事項": "",
        "受入対象者": "",
        "備考": ""
      }
    },
    {
      "type": "Feature",
      "geometry": {
        "type": "Point",
        "coordinates": [
          130.562815,
          31.688169
        ]
      },
      "properties": {
        "NO": "911",
        "共通ID": "E4620100132111",
        "施設・場所名": "吉水公民館",
        "住所": "鹿児島県鹿児島市宮之浦町252-1",
        "指定緊急避難場所との住所同一": "1",
        "その他市町村長が必要と認める事項": "",
        "受入対象者": "",
        "備考": ""
      }
    },
    {
      "type": "Feature",
      "geometry": {
        "type": "Point",
        "coordinates": [
          130.566947,
          31.670315
        ]
      },
      "properties": {
        "NO": "912",
        "共通ID": "E4620100133111",
        "施設・場所名": "宮東公民館",
        "住所": "鹿児島県鹿児島市宮之浦町3160-2",
        "指定緊急避難場所との住所同一": "1",
        "その他市町村長が必要と認める事項": "",
        "受入対象者": "",
        "備考": ""
      }
    },
    {
      "type": "Feature",
      "geometry": {
        "type": "Point",
        "coordinates": [
          130.523889,
          31.540881
        ]
      },
      "properties": {
        "NO": "913",
        "共通ID": "E4620100136111",
        "施設・場所名": "東谷山小学校",
        "住所": "鹿児島県鹿児島市魚見町124-1",
        "指定緊急避難場所との住所同一": "1",
        "その他市町村長が必要と認める事項": "",
        "受入対象者": "",
        "備考": ""
      }
    },
    {
      "type": "Feature",
      "geometry": {
        "type": "Point",
        "coordinates": [
          130.542518,
          31.618804
        ]
      },
      "properties": {
        "NO": "914",
        "共通ID": "E4620100143111",
        "施設・場所名": "玉里団地福祉館",
        "住所": "鹿児島県鹿児島市玉里団地1-79-50",
        "指定緊急避難場所との住所同一": "1",
        "その他市町村長が必要と認める事項": "",
        "受入対象者": "",
        "備考": ""
      }
    },
    {
      "type": "Feature",
      "geometry": {
        "type": "Point",
        "coordinates": [
          130.548428,
          31.622704
        ]
      },
      "properties": {
        "NO": "915",
        "共通ID": "E4620100146111",
        "施設・場所名": "坂元中学校",
        "住所": "鹿児島県鹿児島市玉里団地3-45-2",
        "指定緊急避難場所との住所同一": "1",
        "その他市町村長が必要と認める事項": "",
        "受入対象者": "",
        "備考": ""
      }
    },
    {
      "type": "Feature",
      "geometry": {
        "type": "Point",
        "coordinates": [
          130.540053,
          31.612323
        ]
      },
      "properties": {
        "NO": "916",
        "共通ID": "E4620100148111",
        "施設・場所名": "鹿児島女子高校",
        "住所": "鹿児島県鹿児島市玉里町27-1",
        "指定緊急避難場所との住所同一": "1",
        "その他市町村長が必要と認める事項": "",
        "受入対象者": "",
        "備考": ""
      }
    },
    {
      "type": "Feature",
      "geometry": {
        "type": "Point",
        "coordinates": [
          130.494422,
          31.499708
        ]
      },
      "properties": {
        "NO": "917",
        "共通ID": "E4620100150111",
        "施設・場所名": "錦江台小学校",
        "住所": "鹿児島県鹿児島市錦江台1-70-1",
        "指定緊急避難場所との住所同一": "1",
        "その他市町村長が必要と認める事項": "",
        "受入対象者": "",
        "備考": ""
      }
    },
    {
      "type": "Feature",
      "geometry": {
        "type": "Point",
        "coordinates": [
          130.54515,
          31.568572
        ]
      },
      "properties": {
        "NO": "918",
        "共通ID": "E4620100153111",
        "施設・場所名": "鹿児島大学（第２体育館）",
        "住所": "鹿児島県鹿児島市郡元1-21-24",
        "指定緊急避難場所との住所同一": "1",
        "その他市町村長が必要と認める事項": "",
        "受入対象者": "",
        "備考": ""
      }
    },
    {
      "type": "Feature",
      "geometry": {
        "type": "Point",
        "coordinates": [
          130.546085,
          31.563417
        ]
      },
      "properties": {
        "NO": "919",
        "共通ID": "E4620100154111",
        "施設・場所名": "中郡小学校",
        "住所": "鹿児島県鹿児島市郡元2-4-6",
        "指定緊急避難場所との住所同一": "1",
        "その他市町村長が必要と認める事項": "",
        "受入対象者": "",
        "備考": ""
      }
    },
    {
      "type": "Feature",
      "geometry": {
        "type": "Point",
        "coordinates": [
          130.442155,
          31.706267
        ]
      },
      "properties": {
        "NO": "920",
        "共通ID": "E4620100155111",
        "施設・場所名": "本岳ふれあいセンター",
        "住所": "鹿児島県鹿児島市郡山岳町2385-1",
        "指定緊急避難場所との住所同一": "1",
        "その他市町村長が必要と認める事項": "",
        "受入対象者": "",
        "備考": ""
      }
    },
    {
      "type": "Feature",
      "geometry": {
        "type": "Point",
        "coordinates": [
          130.453198,
          31.683498
        ]
      },
      "properties": {
        "NO": "921",
        "共通ID": "E4620100156111",
        "施設・場所名": "里岳公民館",
        "住所": "鹿児島県鹿児島市郡山岳町440-1",
        "指定緊急避難場所との住所同一": "1",
        "その他市町村長が必要と認める事項": "",
        "受入対象者": "",
        "備考": ""
      }
    },
    {
      "type": "Feature",
      "geometry": {
        "type": "Point",
        "coordinates": [
          130.469035,
          31.679669
        ]
      },
      "properties": {
        "NO": "922",
        "共通ID": "E4620100159111",
        "施設・場所名": "郡山中学校",
        "住所": "鹿児島県鹿児島市郡山町1500",
        "指定緊急避難場所との住所同一": "1",
        "その他市町村長が必要と認める事項": "",
        "受入対象者": "",
        "備考": ""
      }
    },
    {
      "type": "Feature",
      "geometry": {
        "type": "Point",
        "coordinates": [
          130.477047,
          31.679694
        ]
      },
      "properties": {
        "NO": "923",
        "共通ID": "E4620100161121",
        "施設・場所名": "郡山公民館",
        "住所": "鹿児島県鹿児島市郡山町168",
        "指定緊急避難場所との住所同一": "1",
        "その他市町村長が必要と認める事項": "",
        "受入対象者": "避難行動要支援者およびその家族等",
        "備考": ""
      }
    },
    {
      "type": "Feature",
      "geometry": {
        "type": "Point",
        "coordinates": [
          130.477025,
          31.679705
        ]
      },
      "properties": {
        "NO": "924",
        "共通ID": "E4620100161111",
        "施設・場所名": "郡山公民館",
        "住所": "鹿児島県鹿児島市郡山町168",
        "指定緊急避難場所との住所同一": "1",
        "その他市町村長が必要と認める事項": "",
        "受入対象者": "",
        "備考": ""
      }
    },
    {
      "type": "Feature",
      "geometry": {
        "type": "Point",
        "coordinates": [
          130.467346,
          31.680611
        ]
      },
      "properties": {
        "NO": "925",
        "共通ID": "E4620100163111",
        "施設・場所名": "郡山小学校",
        "住所": "鹿児島県鹿児島市郡山町2080",
        "指定緊急避難場所との住所同一": "1",
        "その他市町村長が必要と認める事項": "",
        "受入対象者": "",
        "備考": ""
      }
    },
    {
      "type": "Feature",
      "geometry": {
        "type": "Point",
        "coordinates": [
          130.466316,
          31.688875
        ]
      },
      "properties": {
        "NO": "926",
        "共通ID": "E4620100164111",
        "施設・場所名": "甲突コミュニティセンター",
        "住所": "鹿児島県鹿児島市郡山町2572-1",
        "指定緊急避難場所との住所同一": "1",
        "その他市町村長が必要と認める事項": "",
        "受入対象者": "",
        "備考": ""
      }
    },
    {
      "type": "Feature",
      "geometry": {
        "type": "Point",
        "coordinates": [
          130.459221,
          31.69746
        ]
      },
      "properties": {
        "NO": "927",
        "共通ID": "E4620100165111",
        "施設・場所名": "常盤集落センター",
        "住所": "鹿児島県鹿児島市郡山町3158",
        "指定緊急避難場所との住所同一": "1",
        "その他市町村長が必要と認める事項": "",
        "受入対象者": "",
        "備考": ""
      }
    },
    {
      "type": "Feature",
      "geometry": {
        "type": "Point",
        "coordinates": [
          130.465476,
          31.715652
        ]
      },
      "properties": {
        "NO": "928",
        "共通ID": "E4620100166111",
        "施設・場所名": "大浦構造改善センター",
        "住所": "鹿児島県鹿児島市郡山町4419-1",
        "指定緊急避難場所との住所同一": "1",
        "その他市町村長が必要と認める事項": "",
        "受入対象者": "",
        "備考": ""
      }
    },
    {
      "type": "Feature",
      "geometry": {
        "type": "Point",
        "coordinates": [
          130.47211,
          31.616226
        ]
      },
      "properties": {
        "NO": "929",
        "共通ID": "E4620100168111",
        "施設・場所名": "萩別府公民館",
        "住所": "鹿児島県鹿児島市犬迫町10862",
        "指定緊急避難場所との住所同一": "1",
        "その他市町村長が必要と認める事項": "",
        "受入対象者": "",
        "備考": ""
      }
    },
    {
      "type": "Feature",
      "geometry": {
        "type": "Point",
        "coordinates": [
          130.48128,
          31.63703
        ]
      },
      "properties": {
        "NO": "930",
        "共通ID": "E4620100170111",
        "施設・場所名": "都市農業センター",
        "住所": "鹿児島県鹿児島市犬迫町4705",
        "指定緊急避難場所との住所同一": "1",
        "その他市町村長が必要と認める事項": "",
        "受入対象者": "",
        "備考": ""
      }
    },
    {
      "type": "Feature",
      "geometry": {
        "type": "Point",
        "coordinates": [
          130.503296,
          31.644936
        ]
      },
      "properties": {
        "NO": "931",
        "共通ID": "E4620100172111",
        "施設・場所名": "かごしま健康の森公園",
        "住所": "鹿児島県鹿児島市犬迫町825",
        "指定緊急避難場所との住所同一": "1",
        "その他市町村長が必要と認める事項": "",
        "受入対象者": "",
        "備考": ""
      }
    },
    {
      "type": "Feature",
      "geometry": {
        "type": "Point",
        "coordinates": [
          130.535765,
          31.597599
        ]
      },
      "properties": {
        "NO": "932",
        "共通ID": "E4620100175111",
        "施設・場所名": "原良小学校",
        "住所": "鹿児島県鹿児島市原良2-1-1",
        "指定緊急避難場所との住所同一": "1",
        "その他市町村長が必要と認める事項": "",
        "受入対象者": "",
        "備考": ""
      }
    },
    {
      "type": "Feature",
      "geometry": {
        "type": "Point",
        "coordinates": [
          130.649655,
          31.551011
        ]
      },
      "properties": {
        "NO": "933",
        "共通ID": "E4620100184111",
        "施設・場所名": "改新交流センター",
        "住所": "鹿児島県鹿児島市古里町262",
        "指定緊急避難場所との住所同一": "1",
        "その他市町村長が必要と認める事項": "",
        "受入対象者": "",
        "備考": ""
      }
    },
    {
      "type": "Feature",
      "geometry": {
        "type": "Point",
        "coordinates": [
          130.521884,
          31.565282
        ]
      },
      "properties": {
        "NO": "934",
        "共通ID": "E4620100192111",
        "施設・場所名": "広木小学校（校舎）",
        "住所": "鹿児島県鹿児島市広木1-4-1",
        "指定緊急避難場所との住所同一": "1",
        "その他市町村長が必要と認める事項": "",
        "受入対象者": "",
        "備考": ""
      }
    },
    {
      "type": "Feature",
      "geometry": {
        "type": "Point",
        "coordinates": [
          130.495447,
          31.561421
        ]
      },
      "properties": {
        "NO": "935",
        "共通ID": "E4620100199111",
        "施設・場所名": "皇徳寺福祉館",
        "住所": "鹿児島県鹿児島市皇徳寺台2-2-2",
        "指定緊急避難場所との住所同一": "1",
        "その他市町村長が必要と認める事項": "",
        "受入対象者": "",
        "備考": ""
      }
    },
    {
      "type": "Feature",
      "geometry": {
        "type": "Point",
        "coordinates": [
          130.492159,
          31.557126
        ]
      },
      "properties": {
        "NO": "936",
        "共通ID": "E4620100201111",
        "施設・場所名": "皇徳寺小学校",
        "住所": "鹿児島県鹿児島市皇徳寺台2-50-1",
        "指定緊急避難場所との住所同一": "1",
        "その他市町村長が必要と認める事項": "",
        "受入対象者": "",
        "備考": ""
      }
    },
    {
      "type": "Feature",
      "geometry": {
        "type": "Point",
        "coordinates": [
          130.487308,
          31.563017
        ]
      },
      "properties": {
        "NO": "937",
        "共通ID": "E4620100204111",
        "施設・場所名": "皇徳寺中学校",
        "住所": "鹿児島県鹿児島市皇徳寺台3-35-1",
        "指定緊急避難場所との住所同一": "1",
        "その他市町村長が必要と認める事項": "",
        "受入対象者": "",
        "備考": ""
      }
    },
    {
      "type": "Feature",
      "geometry": {
        "type": "Point",
        "coordinates": [
          130.483399,
          31.563399
        ]
      },
      "properties": {
        "NO": "938",
        "共通ID": "E4620100208111",
        "施設・場所名": "宮川小学校",
        "住所": "鹿児島県鹿児島市皇徳寺台4-26-1",
        "指定緊急避難場所との住所同一": "1",
        "その他市町村長が必要と認める事項": "",
        "受入対象者": "",
        "備考": ""
      }
    },
    {
      "type": "Feature",
      "geometry": {
        "type": "Point",
        "coordinates": [
          130.548859,
          31.575596
        ]
      },
      "properties": {
        "NO": "939",
        "共通ID": "E4620100213111",
        "施設・場所名": "荒田小学校",
        "住所": "鹿児島県鹿児島市荒田1-30-27",
        "指定緊急避難場所との住所同一": "1",
        "その他市町村長が必要と認める事項": "",
        "受入対象者": "",
        "備考": ""
      }
    },
    {
      "type": "Feature",
      "geometry": {
        "type": "Point",
        "coordinates": [
          130.549809,
          31.579452
        ]
      },
      "properties": {
        "NO": "940",
        "共通ID": "E4620100229111",
        "施設・場所名": "甲南中学校",
        "住所": "鹿児島県鹿児島市高麗町36-32",
        "指定緊急避難場所との住所同一": "1",
        "その他市町村長が必要と認める事項": "",
        "受入対象者": "",
        "備考": ""
      }
    },
    {
      "type": "Feature",
      "geometry": {
        "type": "Point",
        "coordinates": [
          130.708016,
          31.593188
        ]
      },
      "properties": {
        "NO": "941",
        "共通ID": "E4620100231111",
        "施設・場所名": "黒神小学校",
        "住所": "鹿児島県鹿児島市黒神町2561",
        "指定緊急避難場所との住所同一": "1",
        "その他市町村長が必要と認める事項": "",
        "受入対象者": "",
        "備考": ""
      }
    },
    {
      "type": "Feature",
      "geometry": {
        "type": "Point",
        "coordinates": [
          130.70583,
          31.584445
        ]
      },
      "properties": {
        "NO": "942",
        "共通ID": "E4620100233111",
        "施設・場所名": "黒神中学校",
        "住所": "鹿児島県鹿児島市黒神町647",
        "指定緊急避難場所との住所同一": "1",
        "その他市町村長が必要と認める事項": "",
        "受入対象者": "",
        "備考": ""
      }
    },
    {
      "type": "Feature",
      "geometry": {
        "type": "Point",
        "coordinates": [
          130.552239,
          31.636972
        ]
      },
      "properties": {
        "NO": "943",
        "共通ID": "E4620100240111",
        "施設・場所名": "鹿銀行友会館体育館",
        "住所": "鹿児島県鹿児島市坂元町1058",
        "指定緊急避難場所との住所同一": "1",
        "その他市町村長が必要と認める事項": "",
        "受入対象者": "",
        "備考": ""
      }
    },
    {
      "type": "Feature",
      "geometry": {
        "type": "Point",
        "coordinates": [
          130.515444,
          31.503804
        ]
      },
      "properties": {
        "NO": "944",
        "共通ID": "E4620100242111",
        "施設・場所名": "市民体育館",
        "住所": "鹿児島県鹿児島市坂之上1-21-1",
        "指定緊急避難場所との住所同一": "1",
        "その他市町村長が必要と認める事項": "",
        "受入対象者": "",
        "備考": ""
      }
    },
    {
      "type": "Feature",
      "geometry": {
        "type": "Point",
        "coordinates": [
          130.505795,
          31.497762
        ]
      },
      "properties": {
        "NO": "945",
        "共通ID": "E4620100243111",
        "施設・場所名": "坂之上福祉館",
        "住所": "鹿児島県鹿児島市坂之上4-15-2",
        "指定緊急避難場所との住所同一": "1",
        "その他市町村長が必要と認める事項": "",
        "受入対象者": "",
        "備考": ""
      }
    },
    {
      "type": "Feature",
      "geometry": {
        "type": "Point",
        "coordinates": [
          130.494375,
          31.495049
        ]
      },
      "properties": {
        "NO": "946",
        "共通ID": "E4620100244111",
        "施設・場所名": "鹿児島国際大学",
        "住所": "鹿児島県鹿児島市坂之上8-34-1",
        "指定緊急避難場所との住所同一": "1",
        "その他市町村長が必要と認める事項": "",
        "受入対象者": "",
        "備考": ""
      }
    },
    {
      "type": "Feature",
      "geometry": {
        "type": "Point",
        "coordinates": [
          130.510902,
          31.553732
        ]
      },
      "properties": {
        "NO": "947",
        "共通ID": "E4620100250111",
        "施設・場所名": "桜丘西小学校",
        "住所": "鹿児島県鹿児島市桜ヶ丘2-35",
        "指定緊急避難場所との住所同一": "1",
        "その他市町村長が必要と認める事項": "",
        "受入対象者": "",
        "備考": ""
      }
    },
    {
      "type": "Feature",
      "geometry": {
        "type": "Point",
        "coordinates": [
          130.51559,
          31.548991
        ]
      },
      "properties": {
        "NO": "948",
        "共通ID": "E4620100256111",
        "施設・場所名": "桜ヶ丘福祉館",
        "住所": "鹿児島県鹿児島市桜ヶ丘5-34-2",
        "指定緊急避難場所との住所同一": "1",
        "その他市町村長が必要と認める事項": "",
        "受入対象者": "",
        "備考": ""
      }
    },
    {
      "type": "Feature",
      "geometry": {
        "type": "Point",
        "coordinates": [
          130.521836,
          31.547386
        ]
      },
      "properties": {
        "NO": "949",
        "共通ID": "E4620100258111",
        "施設・場所名": "桜丘東小学校",
        "住所": "鹿児島県鹿児島市桜ヶ丘6-13",
        "指定緊急避難場所との住所同一": "1",
        "その他市町村長が必要と認める事項": "",
        "受入対象者": "",
        "備考": ""
      }
    },
    {
      "type": "Feature",
      "geometry": {
        "type": "Point",
        "coordinates": [
          130.600071,
          31.592618
        ]
      },
      "properties": {
        "NO": "950",
        "共通ID": "E4620100267111",
        "施設・場所名": "桜島港フェリーターミナル",
        "住所": "鹿児島県鹿児島市桜島横山町61-4",
        "指定緊急避難場所との住所同一": "1",
        "その他市町村長が必要と認める事項": "",
        "受入対象者": "",
        "備考": ""
      }
    },
    {
      "type": "Feature",
      "geometry": {
        "type": "Point",
        "coordinates": [
          130.60647,
          31.597307
        ]
      },
      "properties": {
        "NO": "951",
        "共通ID": "E4620100272111",
        "施設・場所名": "小池公民館",
        "住所": "鹿児島県鹿児島市桜島小池町29-6",
        "指定緊急避難場所との住所同一": "1",
        "その他市町村長が必要と認める事項": "",
        "受入対象者": "",
        "備考": ""
      }
    },
    {
      "type": "Feature",
      "geometry": {
        "type": "Point",
        "coordinates": [
          130.60858,
          31.597003
        ]
      },
      "properties": {
        "NO": "952",
        "共通ID": "E4620100273111",
        "施設・場所名": "桜洲小学校",
        "住所": "鹿児島県鹿児島市桜島小池町55",
        "指定緊急避難場所との住所同一": "1",
        "その他市町村長が必要と認める事項": "",
        "受入対象者": "",
        "備考": ""
      }
    },
    {
      "type": "Feature",
      "geometry": {
        "type": "Point",
        "coordinates": [
          130.644424,
          31.620684
        ]
      },
      "properties": {
        "NO": "953",
        "共通ID": "E4620100277111",
        "施設・場所名": "桜峰小学校",
        "住所": "鹿児島県鹿児島市桜島松浦町355",
        "指定緊急避難場所との住所同一": "1",
        "その他市町村長が必要と認める事項": "",
        "受入対象者": "",
        "備考": ""
      }
    },
    {
      "type": "Feature",
      "geometry": {
        "type": "Point",
        "coordinates": [
          130.609743,
          31.572919
        ]
      },
      "properties": {
        "NO": "954",
        "共通ID": "E4620100283111",
        "施設・場所名": "赤水公民館（赤水退避舎）",
        "住所": "鹿児島県鹿児島市桜島赤水町1166",
        "指定緊急避難場所との住所同一": "1",
        "その他市町村長が必要と認める事項": "",
        "受入対象者": "",
        "備考": ""
      }
    },
    {
      "type": "Feature",
      "geometry": {
        "type": "Point",
        "coordinates": [
          130.60917,
          31.602165
        ]
      },
      "properties": {
        "NO": "955",
        "共通ID": "E4620100289111",
        "施設・場所名": "赤生原公民館",
        "住所": "鹿児島県鹿児島市桜島赤生原町173",
        "指定緊急避難場所との住所同一": "1",
        "その他市町村長が必要と認める事項": "",
        "受入対象者": "",
        "備考": ""
      }
    },
    {
      "type": "Feature",
      "geometry": {
        "type": "Point",
        "coordinates": [
          130.632103,
          31.620406
        ]
      },
      "properties": {
        "NO": "956",
        "共通ID": "E4620100294111",
        "施設・場所名": "桜島中学校",
        "住所": "鹿児島県鹿児島市桜島藤野町1342",
        "指定緊急避難場所との住所同一": "1",
        "その他市町村長が必要と認める事項": "",
        "受入対象者": "",
        "備考": ""
      }
    },
    {
      "type": "Feature",
      "geometry": {
        "type": "Point",
        "coordinates": [
          130.633751,
          31.619931
        ]
      },
      "properties": {
        "NO": "957",
        "共通ID": "E4620100710121",
        "施設・場所名": "桜島地区保健センター",
        "住所": "鹿児島県鹿児島市桜島藤野町1456-1",
        "指定緊急避難場所との住所同一": "",
        "その他市町村長が必要と認める事項": "",
        "受入対象者": "避難行動要支援者およびその家族等",
        "備考": ""
      }
    },
    {
      "type": "Feature",
      "geometry": {
        "type": "Point",
        "coordinates": [
          130.658566,
          31.625563
        ]
      },
      "properties": {
        "NO": "958",
        "共通ID": "E4620100297111",
        "施設・場所名": "二俣公民館",
        "住所": "鹿児島県鹿児島市桜島二俣町224-1",
        "指定緊急避難場所との住所同一": "1",
        "その他市町村長が必要と認める事項": "",
        "受入対象者": "",
        "備考": ""
      }
    },
    {
      "type": "Feature",
      "geometry": {
        "type": "Point",
        "coordinates": [
          130.665193,
          31.625884
        ]
      },
      "properties": {
        "NO": "959",
        "共通ID": "E4620100302111",
        "施設・場所名": "西白浜公民館",
        "住所": "鹿児島県鹿児島市桜島白浜町1128",
        "指定緊急避難場所との住所同一": "1",
        "その他市町村長が必要と認める事項": "",
        "受入対象者": "",
        "備考": ""
      }
    },
    {
      "type": "Feature",
      "geometry": {
        "type": "Point",
        "coordinates": [
          130.661992,
          31.625916
        ]
      },
      "properties": {
        "NO": "960",
        "共通ID": "E4620100303111",
        "施設・場所名": "さくらじま白浜温泉センター",
        "住所": "鹿児島県鹿児島市桜島白浜町1269",
        "指定緊急避難場所との住所同一": "1",
        "その他市町村長が必要と認める事項": "",
        "受入対象者": "",
        "備考": ""
      }
    },
    {
      "type": "Feature",
      "geometry": {
        "type": "Point",
        "coordinates": [
          130.668922,
          31.625004
        ]
      },
      "properties": {
        "NO": "961",
        "共通ID": "E4620100306111",
        "施設・場所名": "東白浜公民館",
        "住所": "鹿児島県鹿児島市桜島白浜町967-2",
        "指定緊急避難場所との住所同一": "1",
        "その他市町村長が必要と認める事項": "",
        "受入対象者": "",
        "備考": ""
      }
    },
    {
      "type": "Feature",
      "geometry": {
        "type": "Point",
        "coordinates": [
          130.618697,
          31.613406
        ]
      },
      "properties": {
        "NO": "962",
        "共通ID": "E4620100310111",
        "施設・場所名": "武公民館",
        "住所": "鹿児島県鹿児島市桜島武町344-1",
        "指定緊急避難場所との住所同一": "1",
        "その他市町村長が必要と認める事項": "",
        "受入対象者": "",
        "備考": ""
      }
    },
    {
      "type": "Feature",
      "geometry": {
        "type": "Point",
        "coordinates": [
          130.620744,
          31.61173
        ]
      },
      "properties": {
        "NO": "963",
        "共通ID": "E4620100313111",
        "施設・場所名": "桜島保育園",
        "住所": "鹿児島県鹿児島市桜島武町648",
        "指定緊急避難場所との住所同一": "1",
        "その他市町村長が必要と認める事項": "",
        "受入対象者": "",
        "備考": ""
      }
    },
    {
      "type": "Feature",
      "geometry": {
        "type": "Point",
        "coordinates": [
          130.554447,
          31.595326
        ]
      },
      "properties": {
        "NO": "964",
        "共通ID": "E4620100316111",
        "施設・場所名": "中央公民館",
        "住所": "鹿児島県鹿児島市山下町5-9",
        "指定緊急避難場所との住所同一": "1",
        "その他市町村長が必要と認める事項": "",
        "受入対象者": "",
        "備考": ""
      }
    },
    {
      "type": "Feature",
      "geometry": {
        "type": "Point",
        "coordinates": [
          130.555001,
          31.596254
        ]
      },
      "properties": {
        "NO": "965",
        "共通ID": "E4620100317111",
        "施設・場所名": "名山小学校",
        "住所": "鹿児島県鹿児島市山下町6-43",
        "指定緊急避難場所との住所同一": "1",
        "その他市町村長が必要と認める事項": "",
        "受入対象者": "",
        "備考": ""
      }
    },
    {
      "type": "Feature",
      "geometry": {
        "type": "Point",
        "coordinates": [
          130.504342,
          31.563784
        ]
      },
      "properties": {
        "NO": "966",
        "共通ID": "E4620100319111",
        "施設・場所名": "谷山北福祉館",
        "住所": "鹿児島県鹿児島市山田町2034",
        "指定緊急避難場所との住所同一": "1",
        "その他市町村長が必要と認める事項": "",
        "受入対象者": "",
        "備考": ""
      }
    },
    {
      "type": "Feature",
      "geometry": {
        "type": "Point",
        "coordinates": [
          130.504903,
          31.563108
        ]
      },
      "properties": {
        "NO": "967",
        "共通ID": "E4620100712111",
        "施設・場所名": "谷山北中学校",
        "住所": "鹿児島県鹿児島市山田町292",
        "指定緊急避難場所との住所同一": "",
        "その他市町村長が必要と認める事項": "",
        "受入対象者": "",
        "備考": ""
      }
    },
    {
      "type": "Feature",
      "geometry": {
        "type": "Point",
        "coordinates": [
          130.537258,
          31.559572
        ]
      },
      "properties": {
        "NO": "968",
        "共通ID": "E4620100322111",
        "施設・場所名": "紫原小学校",
        "住所": "鹿児島県鹿児島市紫原2-36-50",
        "指定緊急避難場所との住所同一": "1",
        "その他市町村長が必要と認める事項": "",
        "受入対象者": "",
        "備考": ""
      }
    },
    {
      "type": "Feature",
      "geometry": {
        "type": "Point",
        "coordinates": [
          130.532534,
          31.556394
        ]
      },
      "properties": {
        "NO": "969",
        "共通ID": "E4620100326111",
        "施設・場所名": "西紫原小学校",
        "住所": "鹿児島県鹿児島市紫原4-16-4",
        "指定緊急避難場所との住所同一": "1",
        "その他市町村長が必要と認める事項": "",
        "受入対象者": "",
        "備考": ""
      }
    },
    {
      "type": "Feature",
      "geometry": {
        "type": "Point",
        "coordinates": [
          130.527962,
          31.55981
        ]
      },
      "properties": {
        "NO": "970",
        "共通ID": "E4620100328111",
        "施設・場所名": "西紫原福祉館",
        "住所": "鹿児島県鹿児島市紫原4-37-2",
        "指定緊急避難場所との住所同一": "1",
        "その他市町村長が必要と認める事項": "",
        "受入対象者": "",
        "備考": ""
      }
    },
    {
      "type": "Feature",
      "geometry": {
        "type": "Point",
        "coordinates": [
          130.532008,
          31.561172
        ]
      },
      "properties": {
        "NO": "971",
        "共通ID": "E4620100331111",
        "施設・場所名": "紫原福祉館",
        "住所": "鹿児島県鹿児島市紫原6-14-1",
        "指定緊急避難場所との住所同一": "1",
        "その他市町村長が必要と認める事項": "",
        "受入対象者": "",
        "備考": ""
      }
    },
    {
      "type": "Feature",
      "geometry": {
        "type": "Point",
        "coordinates": [
          130.528456,
          31.56409
        ]
      },
      "properties": {
        "NO": "972",
        "共通ID": "E4620100332111",
        "施設・場所名": "紫原中学校",
        "住所": "鹿児島県鹿児島市紫原6-31-19",
        "指定緊急避難場所との住所同一": "1",
        "その他市町村長が必要と認める事項": "",
        "受入対象者": "",
        "備考": ""
      }
    },
    {
      "type": "Feature",
      "geometry": {
        "type": "Point",
        "coordinates": [
          130.455674,
          31.57657
        ]
      },
      "properties": {
        "NO": "973",
        "共通ID": "E4620100349111",
        "施設・場所名": "春山地域公民館",
        "住所": "鹿児島県鹿児島市春山町1020-2",
        "指定緊急避難場所との住所同一": "1",
        "その他市町村長が必要と認める事項": "",
        "受入対象者": "",
        "備考": ""
      }
    },
    {
      "type": "Feature",
      "geometry": {
        "type": "Point",
        "coordinates": [
          130.457646,
          31.58369
        ]
      },
      "properties": {
        "NO": "974",
        "共通ID": "E4620100351111",
        "施設・場所名": "春山小学校",
        "住所": "鹿児島県鹿児島市春山町1824-2",
        "指定緊急避難場所との住所同一": "1",
        "その他市町村長が必要と認める事項": "",
        "受入対象者": "",
        "備考": ""
      }
    },
    {
      "type": "Feature",
      "geometry": {
        "type": "Point",
        "coordinates": [
          130.497644,
          31.657803
        ]
      },
      "properties": {
        "NO": "975",
        "共通ID": "E4620100352111",
        "施設・場所名": "稲村下公民館",
        "住所": "鹿児島県鹿児島市小山田町10503",
        "指定緊急避難場所との住所同一": "1",
        "その他市町村長が必要と認める事項": "",
        "受入対象者": "",
        "備考": ""
      }
    },
    {
      "type": "Feature",
      "geometry": {
        "type": "Point",
        "coordinates": [
          130.501207,
          31.656219
        ]
      },
      "properties": {
        "NO": "976",
        "共通ID": "E4620100354111",
        "施設・場所名": "蒲ヶ原公民館",
        "住所": "鹿児島県鹿児島市小山田町328",
        "指定緊急避難場所との住所同一": "1",
        "その他市町村長が必要と認める事項": "",
        "受入対象者": "",
        "備考": ""
      }
    },
    {
      "type": "Feature",
      "geometry": {
        "type": "Point",
        "coordinates": [
          130.484466,
          31.667806
        ]
      },
      "properties": {
        "NO": "977",
        "共通ID": "E4620100355111",
        "施設・場所名": "中ノ甲公民館",
        "住所": "鹿児島県鹿児島市小山田町6777-3",
        "指定緊急避難場所との住所同一": "1",
        "その他市町村長が必要と認める事項": "",
        "受入対象者": "",
        "備考": ""
      }
    },
    {
      "type": "Feature",
      "geometry": {
        "type": "Point",
        "coordinates": [
          130.490045,
          31.663521
        ]
      },
      "properties": {
        "NO": "978",
        "共通ID": "E4620100356111",
        "施設・場所名": "小山田小学校",
        "住所": "鹿児島県鹿児島市小山田町9398",
        "指定緊急避難場所との住所同一": "1",
        "その他市町村長が必要と認める事項": "",
        "受入対象者": "",
        "備考": ""
      }
    },
    {
      "type": "Feature",
      "geometry": {
        "type": "Point",
        "coordinates": [
          130.530031,
          31.534232
        ]
      },
      "properties": {
        "NO": "979",
        "共通ID": "E4620100358111",
        "施設・場所名": "小松原市民館",
        "住所": "鹿児島県鹿児島市小松原1-48-6",
        "指定緊急避難場所との住所同一": "1",
        "その他市町村長が必要と認める事項": "",
        "受入対象者": "",
        "備考": ""
      }
    },
    {
      "type": "Feature",
      "geometry": {
        "type": "Point",
        "coordinates": [
          130.527275,
          31.530551
        ]
      },
      "properties": {
        "NO": "980",
        "共通ID": "E4620100361111",
        "施設・場所名": "ラ・サール高校",
        "住所": "鹿児島県鹿児島市小松原2-10-1",
        "指定緊急避難場所との住所同一": "1",
        "その他市町村長が必要と認める事項": "",
        "受入対象者": "",
        "備考": ""
      }
    },
    {
      "type": "Feature",
      "geometry": {
        "type": "Point",
        "coordinates": [
          130.558019,
          31.600438
        ]
      },
      "properties": {
        "NO": "981",
        "共通ID": "E4620100364111",
        "施設・場所名": "長田中学校",
        "住所": "鹿児島県鹿児島市小川町3-10",
        "指定緊急避難場所との住所同一": "1",
        "その他市町村長が必要と認める事項": "",
        "受入対象者": "",
        "備考": ""
      }
    },
    {
      "type": "Feature",
      "geometry": {
        "type": "Point",
        "coordinates": [
          130.523078,
          31.612354
        ]
      },
      "properties": {
        "NO": "982",
        "共通ID": "E4620100365111",
        "施設・場所名": "小野市民館",
        "住所": "鹿児島県鹿児島市小野3-13-7",
        "指定緊急避難場所との住所同一": "1",
        "その他市町村長が必要と認める事項": "",
        "受入対象者": "",
        "備考": ""
      }
    },
    {
      "type": "Feature",
      "geometry": {
        "type": "Point",
        "coordinates": [
          130.556981,
          31.586254
        ]
      },
      "properties": {
        "NO": "983",
        "共通ID": "E4620100367111",
        "施設・場所名": "松原福祉館",
        "住所": "鹿児島県鹿児島市松原町2-24",
        "指定緊急避難場所との住所同一": "1",
        "その他市町村長が必要と認める事項": "",
        "受入対象者": "",
        "備考": ""
      }
    },
    {
      "type": "Feature",
      "geometry": {
        "type": "Point",
        "coordinates": [
          130.434165,
          31.604824
        ]
      },
      "properties": {
        "NO": "984",
        "共通ID": "E4620100373111",
        "施設・場所名": "松元地区保健センター",
        "住所": "鹿児島県鹿児島市上谷口町2883",
        "指定緊急避難場所との住所同一": "1",
        "その他市町村長が必要と認める事項": "",
        "受入対象者": "",
        "備考": ""
      }
    },
    {
      "type": "Feature",
      "geometry": {
        "type": "Point",
        "coordinates": [
          130.434152,
          31.604821
        ]
      },
      "properties": {
        "NO": "985",
        "共通ID": "E4620100373121",
        "施設・場所名": "松元地区保健センター",
        "住所": "鹿児島県鹿児島市上谷口町2883",
        "指定緊急避難場所との住所同一": "1",
        "その他市町村長が必要と認める事項": "",
        "受入対象者": "避難行動要支援者およびその家族等",
        "備考": ""
      }
    },
    {
      "type": "Feature",
      "geometry": {
        "type": "Point",
        "coordinates": [
          130.43412,
          31.600403
        ]
      },
      "properties": {
        "NO": "986",
        "共通ID": "E4620100374111",
        "施設・場所名": "松元中学校",
        "住所": "鹿児島県鹿児島市上谷口町2994-2",
        "指定緊急避難場所との住所同一": "1",
        "その他市町村長が必要と認める事項": "",
        "受入対象者": "",
        "備考": ""
      }
    },
    {
      "type": "Feature",
      "geometry": {
        "type": "Point",
        "coordinates": [
          130.428545,
          31.595717
        ]
      },
      "properties": {
        "NO": "987",
        "共通ID": "E4620100375111",
        "施設・場所名": "あいハウジングアリーナ松元（松元平野岡体育館）",
        "住所": "鹿児島県鹿児島市上谷口町3400",
        "指定緊急避難場所との住所同一": "1",
        "その他市町村長が必要と認める事項": "",
        "受入対象者": "",
        "備考": ""
      }
    },
    {
      "type": "Feature",
      "geometry": {
        "type": "Point",
        "coordinates": [
          130.434802,
          31.606511
        ]
      },
      "properties": {
        "NO": "988",
        "共通ID": "E4620100376111",
        "施設・場所名": "松元小学校",
        "住所": "鹿児島県鹿児島市上谷口町956-1",
        "指定緊急避難場所との住所同一": "1",
        "その他市町村長が必要と認める事項": "",
        "受入対象者": "",
        "備考": ""
      }
    },
    {
      "type": "Feature",
      "geometry": {
        "type": "Point",
        "coordinates": [
          130.547142,
          31.580429
        ]
      },
      "properties": {
        "NO": "989",
        "共通ID": "E4620100377111",
        "施設・場所名": "甲南福祉館",
        "住所": "鹿児島県鹿児島市上之園町20-15",
        "指定緊急避難場所との住所同一": "1",
        "その他市町村長が必要と認める事項": "",
        "受入対象者": "",
        "備考": ""
      }
    },
    {
      "type": "Feature",
      "geometry": {
        "type": "Point",
        "coordinates": [
          130.54584,
          31.578201
        ]
      },
      "properties": {
        "NO": "990",
        "共通ID": "E4620100379111",
        "施設・場所名": "甲南高校",
        "住所": "鹿児島県鹿児島市上之園町23-1",
        "指定緊急避難場所との住所同一": "1",
        "その他市町村長が必要と認める事項": "",
        "受入対象者": "",
        "備考": ""
      }
    },
    {
      "type": "Feature",
      "geometry": {
        "type": "Point",
        "coordinates": [
          130.543726,
          31.580166
        ]
      },
      "properties": {
        "NO": "991",
        "共通ID": "E4620100380111",
        "施設・場所名": "中洲小学校",
        "住所": "鹿児島県鹿児島市上之園町28-1",
        "指定緊急避難場所との住所同一": "1",
        "その他市町村長が必要と認める事項": "",
        "受入対象者": "",
        "備考": ""
      }
    },
    {
      "type": "Feature",
      "geometry": {
        "type": "Point",
        "coordinates": [
          130.504573,
          31.528736
        ]
      },
      "properties": {
        "NO": "992",
        "共通ID": "E4620100383111",
        "施設・場所名": "西谷山福祉館",
        "住所": "鹿児島県鹿児島市上福元町5740-2",
        "指定緊急避難場所との住所同一": "1",
        "その他市町村長が必要と認める事項": "",
        "受入対象者": "",
        "備考": ""
      }
    },
    {
      "type": "Feature",
      "geometry": {
        "type": "Point",
        "coordinates": [
          130.50054,
          31.524134
        ]
      },
      "properties": {
        "NO": "993",
        "共通ID": "E4620100385111",
        "施設・場所名": "西谷山小学校",
        "住所": "鹿児島県鹿児島市上福元町6464-1",
        "指定緊急避難場所との住所同一": "1",
        "その他市町村長が必要と認める事項": "",
        "受入対象者": "",
        "備考": ""
      }
    },
    {
      "type": "Feature",
      "geometry": {
        "type": "Point",
        "coordinates": [
          130.546887,
          31.603087
        ]
      },
      "properties": {
        "NO": "994",
        "共通ID": "E4620100388111",
        "施設・場所名": "草牟田小学校",
        "住所": "鹿児島県鹿児島市城山2-3-1",
        "指定緊急避難場所との住所同一": "1",
        "その他市町村長が必要と認める事項": "",
        "受入対象者": "",
        "備考": ""
      }
    },
    {
      "type": "Feature",
      "geometry": {
        "type": "Point",
        "coordinates": [
          130.538647,
          31.595394
        ]
      },
      "properties": {
        "NO": "995",
        "共通ID": "E4620100390111",
        "施設・場所名": "城西中学校",
        "住所": "鹿児島県鹿児島市城西2-3-12",
        "指定緊急避難場所との住所同一": "1",
        "その他市町村長が必要と認める事項": "",
        "受入対象者": "",
        "備考": ""
      }
    },
    {
      "type": "Feature",
      "geometry": {
        "type": "Point",
        "coordinates": [
          130.561844,
          31.582202
        ]
      },
      "properties": {
        "NO": "996",
        "共通ID": "E4620100391111",
        "施設・場所名": "城南小学校",
        "住所": "鹿児島県鹿児島市城南町1-1",
        "指定緊急避難場所との住所同一": "1",
        "その他市町村長が必要と認める事項": "",
        "受入対象者": "",
        "備考": ""
      }
    },
    {
      "type": "Feature",
      "geometry": {
        "type": "Point",
        "coordinates": [
          130.556168,
          31.581793
        ]
      },
      "properties": {
        "NO": "997",
        "共通ID": "E4620100396111",
        "施設・場所名": "甲東福祉館",
        "住所": "鹿児島県鹿児島市新屋敷町6-35",
        "指定緊急避難場所との住所同一": "1",
        "その他市町村長が必要と認める事項": "",
        "受入対象者": "",
        "備考": ""
      }
    },
    {
      "type": "Feature",
      "geometry": {
        "type": "Point",
        "coordinates": [
          130.721598,
          31.618826
        ]
      },
      "properties": {
        "NO": "998",
        "共通ID": "E4620100397111",
        "施設・場所名": "桜峰校区公民館新島分館",
        "住所": "鹿児島県鹿児島市新島町",
        "指定緊急避難場所との住所同一": "1",
        "その他市町村長が必要と認める事項": "",
        "受入対象者": "",
        "備考": ""
      }
    },
    {
      "type": "Feature",
      "geometry": {
        "type": "Point",
        "coordinates": [
          130.554687,
          31.55661
        ]
      },
      "properties": {
        "NO": "999",
        "共通ID": "E4620100399111",
        "施設・場所名": "真砂福祉館",
        "住所": "鹿児島県鹿児島市真砂本町50-7",
        "指定緊急避難場所との住所同一": "1",
        "その他市町村長が必要と認める事項": "",
        "受入対象者": "",
        "備考": ""
      }
    },
    {
      "type": "Feature",
      "geometry": {
        "type": "Point",
        "coordinates": [
          130.555206,
          31.552769
        ]
      },
      "properties": {
        "NO": "1000",
        "共通ID": "E4620100707121",
        "施設・場所名": "心身障害者総合福祉センター",
        "住所": "鹿児島県鹿児島市真砂本町58-30",
        "指定緊急避難場所との住所同一": "",
        "その他市町村長が必要と認める事項": "",
        "受入対象者": "避難行動要支援者およびその家族等",
        "備考": ""
      }
    },
    {
      "type": "Feature",
      "geometry": {
        "type": "Point",
        "coordinates": [
          130.552692,
          31.55323
        ]
      },
      "properties": {
        "NO": "1001",
        "共通ID": "E4620100400111",
        "施設・場所名": "鴨池中学校",
        "住所": "鹿児島県鹿児島市真砂本町58-58",
        "指定緊急避難場所との住所同一": "1",
        "その他市町村長が必要と認める事項": "",
        "受入対象者": "",
        "備考": ""
      }
    },
    {
      "type": "Feature",
      "geometry": {
        "type": "Point",
        "coordinates": [
          130.551543,
          31.554846
        ]
      },
      "properties": {
        "NO": "1002",
        "共通ID": "E4620100401111",
        "施設・場所名": "鴨池小学校",
        "住所": "鹿児島県鹿児島市真砂本町59-28",
        "指定緊急避難場所との住所同一": "1",
        "その他市町村長が必要と認める事項": "",
        "受入対象者": "",
        "備考": ""
      }
    },
    {
      "type": "Feature",
      "geometry": {
        "type": "Point",
        "coordinates": [
          130.50397,
          31.573197
        ]
      },
      "properties": {
        "NO": "1003",
        "共通ID": "E4620100405111",
        "施設・場所名": "星峯東小学校",
        "住所": "鹿児島県鹿児島市星ヶ峯1-17-1",
        "指定緊急避難場所との住所同一": "1",
        "その他市町村長が必要と認める事項": "",
        "受入対象者": "",
        "備考": ""
      }
    },
    {
      "type": "Feature",
      "geometry": {
        "type": "Point",
        "coordinates": [
          130.500177,
          31.575367
        ]
      },
      "properties": {
        "NO": "1004",
        "共通ID": "E4620100708121",
        "施設・場所名": "知的障害者福祉センター",
        "住所": "鹿児島県鹿児島市星ヶ峯2-1-1",
        "指定緊急避難場所との住所同一": "",
        "その他市町村長が必要と認める事項": "",
        "受入対象者": "避難行動要支援者およびその家族等",
        "備考": ""
      }
    },
    {
      "type": "Feature",
      "geometry": {
        "type": "Point",
        "coordinates": [
          130.494105,
          31.576404
        ]
      },
      "properties": {
        "NO": "1005",
        "共通ID": "E4620100410111",
        "施設・場所名": "星ヶ峯福祉館",
        "住所": "鹿児島県鹿児島市星ヶ峯2-26-6",
        "指定緊急避難場所との住所同一": "1",
        "その他市町村長が必要と認める事項": "",
        "受入対象者": "",
        "備考": ""
      }
    },
    {
      "type": "Feature",
      "geometry": {
        "type": "Point",
        "coordinates": [
          130.493889,
          31.578051
        ]
      },
      "properties": {
        "NO": "1006",
        "共通ID": "E4620100420111",
        "施設・場所名": "星峯西小学校",
        "住所": "鹿児島県鹿児島市星ヶ峯4-9-1",
        "指定緊急避難場所との住所同一": "1",
        "その他市町村長が必要と認める事項": "",
        "受入対象者": "",
        "備考": ""
      }
    },
    {
      "type": "Feature",
      "geometry": {
        "type": "Point",
        "coordinates": [
          130.566661,
          31.609343
        ]
      },
      "properties": {
        "NO": "1007",
        "共通ID": "E4620100434111",
        "施設・場所名": "上町福祉館",
        "住所": "鹿児島県鹿児島市清水町6-27",
        "指定緊急避難場所との住所同一": "1",
        "その他市町村長が必要と認める事項": "",
        "受入対象者": "",
        "備考": ""
      }
    },
    {
      "type": "Feature",
      "geometry": {
        "type": "Point",
        "coordinates": [
          130.510157,
          31.534773
        ]
      },
      "properties": {
        "NO": "1008",
        "共通ID": "E4620100436111",
        "施設・場所名": "清和小学校",
        "住所": "鹿児島県鹿児島市清和3-7-1",
        "指定緊急避難場所との住所同一": "1",
        "その他市町村長が必要と認める事項": "",
        "受入対象者": "",
        "備考": ""
      }
    },
    {
      "type": "Feature",
      "geometry": {
        "type": "Point",
        "coordinates": [
          130.530552,
          31.640966
        ]
      },
      "properties": {
        "NO": "1009",
        "共通ID": "E4620100439111",
        "施設・場所名": "西伊敷福祉館",
        "住所": "鹿児島県鹿児島市西伊敷3-16-17",
        "指定緊急避難場所との住所同一": "1",
        "その他市町村長が必要と認める事項": "",
        "受入対象者": "",
        "備考": ""
      }
    },
    {
      "type": "Feature",
      "geometry": {
        "type": "Point",
        "coordinates": [
          130.53689,
          31.639929
        ]
      },
      "properties": {
        "NO": "1010",
        "共通ID": "E4620100440111",
        "施設・場所名": "西伊敷小学校",
        "住所": "鹿児島県鹿児島市西伊敷4-12-1",
        "指定緊急避難場所との住所同一": "1",
        "その他市町村長が必要と認める事項": "",
        "受入対象者": "",
        "備考": ""
      }
    },
    {
      "type": "Feature",
      "geometry": {
        "type": "Point",
        "coordinates": [
          130.5672,
          31.737815
        ]
      },
      "properties": {
        "NO": "1011",
        "共通ID": "E4620100441111",
        "施設・場所名": "吉田北中学校",
        "住所": "鹿児島県鹿児島市西佐多町269",
        "指定緊急避難場所との住所同一": "1",
        "その他市町村長が必要と認める事項": "",
        "受入対象者": "",
        "備考": ""
      }
    },
    {
      "type": "Feature",
      "geometry": {
        "type": "Point",
        "coordinates": [
          130.550172,
          31.73028
        ]
      },
      "properties": {
        "NO": "1012",
        "共通ID": "E4620100442111",
        "施設・場所名": "提水流公民館",
        "住所": "鹿児島県鹿児島市西佐多町3362",
        "指定緊急避難場所との住所同一": "1",
        "その他市町村長が必要と認める事項": "",
        "受入対象者": "",
        "備考": ""
      }
    },
    {
      "type": "Feature",
      "geometry": {
        "type": "Point",
        "coordinates": [
          130.55307,
          31.614739
        ]
      },
      "properties": {
        "NO": "1013",
        "共通ID": "E4620100444111",
        "施設・場所名": "鹿児島商業高校",
        "住所": "鹿児島県鹿児島市西坂元町58-1",
        "指定緊急避難場所との住所同一": "1",
        "その他市町村長が必要と認める事項": "",
        "受入対象者": "",
        "備考": ""
      }
    },
    {
      "type": "Feature",
      "geometry": {
        "type": "Point",
        "coordinates": [
          130.551966,
          31.616292
        ]
      },
      "properties": {
        "NO": "1014",
        "共通ID": "E4620100445111",
        "施設・場所名": "坂元台小学校",
        "住所": "鹿児島県鹿児島市西坂元町58-2",
        "指定緊急避難場所との住所同一": "1",
        "その他市町村長が必要と認める事項": "",
        "受入対象者": "",
        "備考": ""
      }
    },
    {
      "type": "Feature",
      "geometry": {
        "type": "Point",
        "coordinates": [
          130.527263,
          31.558335
        ]
      },
      "properties": {
        "NO": "1015",
        "共通ID": "E4620100447111",
        "施設・場所名": "西紫原中学校",
        "住所": "鹿児島県鹿児島市西紫原町26-1",
        "指定緊急避難場所との住所同一": "1",
        "その他市町村長が必要と認める事項": "",
        "受入対象者": "",
        "備考": ""
      }
    },
    {
      "type": "Feature",
      "geometry": {
        "type": "Point",
        "coordinates": [
          130.551135,
          31.590406
        ]
      },
      "properties": {
        "NO": "1016",
        "共通ID": "E4620100449111",
        "施設・場所名": "山下小学校",
        "住所": "鹿児島県鹿児島市西千石町15-5",
        "指定緊急避難場所との住所同一": "1",
        "その他市町村長が必要と認める事項": "",
        "受入対象者": "",
        "備考": ""
      }
    },
    {
      "type": "Feature",
      "geometry": {
        "type": "Point",
        "coordinates": [
          130.508575,
          31.526072
        ]
      },
      "properties": {
        "NO": "1017",
        "共通ID": "E4620100705121",
        "施設・場所名": "高齢者福祉センター谷山",
        "住所": "鹿児島県鹿児島市西谷山1-1-7",
        "指定緊急避難場所との住所同一": "",
        "その他市町村長が必要と認める事項": "",
        "受入対象者": "避難行動要支援者およびその家族等",
        "備考": ""
      }
    },
    {
      "type": "Feature",
      "geometry": {
        "type": "Point",
        "coordinates": [
          130.504048,
          31.591751
        ]
      },
      "properties": {
        "NO": "1018",
        "共通ID": "E4620100456111",
        "施設・場所名": "武・田上公民館",
        "住所": "鹿児島県鹿児島市西別府町3116-127",
        "指定緊急避難場所との住所同一": "1",
        "その他市町村長が必要と認める事項": "",
        "受入対象者": "",
        "備考": ""
      }
    },
    {
      "type": "Feature",
      "geometry": {
        "type": "Point",
        "coordinates": [
          130.45592,
          31.678737
        ]
      },
      "properties": {
        "NO": "1019",
        "共通ID": "E4620100458111",
        "施設・場所名": "西有里研修館",
        "住所": "鹿児島県鹿児島市西俣町2948",
        "指定緊急避難場所との住所同一": "1",
        "その他市町村長が必要と認める事項": "",
        "受入対象者": "",
        "備考": ""
      }
    },
    {
      "type": "Feature",
      "geometry": {
        "type": "Point",
        "coordinates": [
          130.517019,
          31.579279
        ]
      },
      "properties": {
        "NO": "1020",
        "共通ID": "E4620100459111",
        "施設・場所名": "西陵小学校",
        "住所": "鹿児島県鹿児島市西陵1-11-1",
        "指定緊急避難場所との住所同一": "1",
        "その他市町村長が必要と認める事項": "",
        "受入対象者": "",
        "備考": ""
      }
    },
    {
      "type": "Feature",
      "geometry": {
        "type": "Point",
        "coordinates": [
          130.504918,
          31.582808
        ]
      },
      "properties": {
        "NO": "1021",
        "共通ID": "E4620100467111",
        "施設・場所名": "西陵中学校",
        "住所": "鹿児島県鹿児島市西陵5-13-1",
        "指定緊急避難場所との住所同一": "1",
        "その他市町村長が必要と認める事項": "",
        "受入対象者": "",
        "備考": ""
      }
    },
    {
      "type": "Feature",
      "geometry": {
        "type": "Point",
        "coordinates": [
          130.506221,
          31.579716
        ]
      },
      "properties": {
        "NO": "1022",
        "共通ID": "E4620100469111",
        "施設・場所名": "西陵福祉館",
        "住所": "鹿児島県鹿児島市西陵6-10-10",
        "指定緊急避難場所との住所同一": "1",
        "その他市町村長が必要と認める事項": "",
        "受入対象者": "",
        "備考": ""
      }
    },
    {
      "type": "Feature",
      "geometry": {
        "type": "Point",
        "coordinates": [
          130.460018,
          31.613026
        ]
      },
      "properties": {
        "NO": "1023",
        "共通ID": "E4620100475111",
        "施設・場所名": "石谷小学校",
        "住所": "鹿児島県鹿児島市石谷町1360",
        "指定緊急避難場所との住所同一": "1",
        "その他市町村長が必要と認める事項": "",
        "受入対象者": "",
        "備考": ""
      }
    },
    {
      "type": "Feature",
      "geometry": {
        "type": "Point",
        "coordinates": [
          130.524413,
          31.638235
        ]
      },
      "properties": {
        "NO": "1024",
        "共通ID": "E4620100479111",
        "施設・場所名": "千年公民館",
        "住所": "鹿児島県鹿児島市千年2-2-2",
        "指定緊急避難場所との住所同一": "1",
        "その他市町村長が必要と認める事項": "",
        "受入対象者": "",
        "備考": ""
      }
    },
    {
      "type": "Feature",
      "geometry": {
        "type": "Point",
        "coordinates": [
          130.553983,
          31.653091
        ]
      },
      "properties": {
        "NO": "1025",
        "共通ID": "E4620100483111",
        "施設・場所名": "川上福祉館",
        "住所": "鹿児島県鹿児島市川上町17-2",
        "指定緊急避難場所との住所同一": "1",
        "その他市町村長が必要と認める事項": "",
        "受入対象者": "",
        "備考": ""
      }
    },
    {
      "type": "Feature",
      "geometry": {
        "type": "Point",
        "coordinates": [
          130.554851,
          31.652117
        ]
      },
      "properties": {
        "NO": "1026",
        "共通ID": "E4620100485111",
        "施設・場所名": "川上小学校",
        "住所": "鹿児島県鹿児島市川上町322",
        "指定緊急避難場所との住所同一": "1",
        "その他市町村長が必要と認める事項": "",
        "受入対象者": "",
        "備考": ""
      }
    },
    {
      "type": "Feature",
      "geometry": {
        "type": "Point",
        "coordinates": [
          130.504874,
          31.678306
        ]
      },
      "properties": {
        "NO": "1027",
        "共通ID": "E4620100486111",
        "施設・場所名": "南方小学校",
        "住所": "鹿児島県鹿児島市川田町1415",
        "指定緊急避難場所との住所同一": "1",
        "その他市町村長が必要と認める事項": "",
        "受入対象者": "",
        "備考": ""
      }
    },
    {
      "type": "Feature",
      "geometry": {
        "type": "Point",
        "coordinates": [
          130.5411,
          31.602524
        ]
      },
      "properties": {
        "NO": "1028",
        "共通ID": "E4620100489111",
        "施設・場所名": "城西公民館",
        "住所": "鹿児島県鹿児島市草牟田1-21-8",
        "指定緊急避難場所との住所同一": "1",
        "その他市町村長が必要と認める事項": "",
        "受入対象者": "",
        "備考": ""
      }
    },
    {
      "type": "Feature",
      "geometry": {
        "type": "Point",
        "coordinates": [
          130.539229,
          31.608179
        ]
      },
      "properties": {
        "NO": "1029",
        "共通ID": "E4620100490111",
        "施設・場所名": "鹿児島工業高校",
        "住所": "鹿児島県鹿児島市草牟田2-57-1",
        "指定緊急避難場所との住所同一": "1",
        "その他市町村長が必要と認める事項": "",
        "受入対象者": "",
        "備考": ""
      }
    },
    {
      "type": "Feature",
      "geometry": {
        "type": "Point",
        "coordinates": [
          130.565439,
          31.628373
        ]
      },
      "properties": {
        "NO": "1030",
        "共通ID": "E4620100492111",
        "施設・場所名": "大明丘小学校",
        "住所": "鹿児島県鹿児島市大明丘1-18-1",
        "指定緊急避難場所との住所同一": "1",
        "その他市町村長が必要と認める事項": "",
        "受入対象者": "",
        "備考": ""
      }
    },
    {
      "type": "Feature",
      "geometry": {
        "type": "Point",
        "coordinates": [
          130.56343,
          31.606368
        ]
      },
      "properties": {
        "NO": "1031",
        "共通ID": "E4620100494111",
        "施設・場所名": "大龍小学校",
        "住所": "鹿児島県鹿児島市大竜町11-44",
        "指定緊急避難場所との住所同一": "1",
        "その他市町村長が必要と認める事項": "",
        "受入対象者": "",
        "備考": ""
      }
    },
    {
      "type": "Feature",
      "geometry": {
        "type": "Point",
        "coordinates": [
          130.516689,
          31.522313
        ]
      },
      "properties": {
        "NO": "1032",
        "共通ID": "E4620100496111",
        "施設・場所名": "谷山小学校",
        "住所": "鹿児島県鹿児島市谷山中央1-4962",
        "指定緊急避難場所との住所同一": "1",
        "その他市町村長が必要と認める事項": "",
        "受入対象者": "",
        "備考": ""
      }
    },
    {
      "type": "Feature",
      "geometry": {
        "type": "Point",
        "coordinates": [
          130.520413,
          31.524148
        ]
      },
      "properties": {
        "NO": "1033",
        "共通ID": "E4620100498111",
        "施設・場所名": "鹿児島キャリアデザイン専門学校（マルチホール）",
        "住所": "鹿児島県鹿児島市谷山中央2-4460-3",
        "指定緊急避難場所との住所同一": "1",
        "その他市町村長が必要と認める事項": "",
        "受入対象者": "",
        "備考": ""
      }
    },
    {
      "type": "Feature",
      "geometry": {
        "type": "Point",
        "coordinates": [
          130.520294,
          31.5188
        ]
      },
      "properties": {
        "NO": "1034",
        "共通ID": "E4620100500111",
        "施設・場所名": "谷山市民会館",
        "住所": "鹿児島県鹿児島市谷山中央3-383-16",
        "指定緊急避難場所との住所同一": "1",
        "その他市町村長が必要と認める事項": "",
        "受入対象者": "",
        "備考": ""
      }
    },
    {
      "type": "Feature",
      "geometry": {
        "type": "Point",
        "coordinates": [
          130.511769,
          31.521797
        ]
      },
      "properties": {
        "NO": "1035",
        "共通ID": "E4620100508111",
        "施設・場所名": "谷山福祉館",
        "住所": "鹿児島県鹿児島市谷山中央7-33-17",
        "指定緊急避難場所との住所同一": "1",
        "その他市町村長が必要と認める事項": "",
        "受入対象者": "",
        "備考": ""
      }
    },
    {
      "type": "Feature",
      "geometry": {
        "type": "Point",
        "coordinates": [
          130.510058,
          31.524636
        ]
      },
      "properties": {
        "NO": "1036",
        "共通ID": "E4620100510111",
        "施設・場所名": "谷山中学校",
        "住所": "鹿児島県鹿児島市谷山中央8-20-5",
        "指定緊急避難場所との住所同一": "1",
        "その他市町村長が必要と認める事項": "",
        "受入対象者": "",
        "備考": ""
      }
    },
    {
      "type": "Feature",
      "geometry": {
        "type": "Point",
        "coordinates": [
          130.562298,
          31.610289
        ]
      },
      "properties": {
        "NO": "1037",
        "共通ID": "E4620100511111",
        "施設・場所名": "鹿児島玉龍高校",
        "住所": "鹿児島県鹿児島市池之上町20-57",
        "指定緊急避難場所との住所同一": "1",
        "その他市町村長が必要と認める事項": "",
        "受入対象者": "",
        "備考": ""
      }
    },
    {
      "type": "Feature",
      "geometry": {
        "type": "Point",
        "coordinates": [
          130.544695,
          31.584216
        ]
      },
      "properties": {
        "NO": "1038",
        "共通ID": "E4620100699111",
        "施設・場所名": "鹿児島市勤労者交流センター（よかセンター）",
        "住所": "鹿児島県鹿児島市中央町10",
        "指定緊急避難場所との住所同一": "1",
        "その他市町村長が必要と認める事項": "",
        "受入対象者": "",
        "備考": ""
      }
    },
    {
      "type": "Feature",
      "geometry": {
        "type": "Point",
        "coordinates": [
          130.503273,
          31.549614
        ]
      },
      "properties": {
        "NO": "1039",
        "共通ID": "E4620100517111",
        "施設・場所名": "中山小学校",
        "住所": "鹿児島県鹿児島市中山2-30-3",
        "指定緊急避難場所との住所同一": "1",
        "その他市町村長が必要と認める事項": "",
        "受入対象者": "",
        "備考": ""
      }
    },
    {
      "type": "Feature",
      "geometry": {
        "type": "Point",
        "coordinates": [
          130.497812,
          31.547172
        ]
      },
      "properties": {
        "NO": "1040",
        "共通ID": "E4620100523111",
        "施設・場所名": "鹿児島県医療法人協会立看護専門学校",
        "住所": "鹿児島県鹿児島市中山町878-1",
        "指定緊急避難場所との住所同一": "1",
        "その他市町村長が必要と認める事項": "",
        "受入対象者": "",
        "備考": ""
      }
    },
    {
      "type": "Feature",
      "geometry": {
        "type": "Point",
        "coordinates": [
          130.416294,
          31.584586
        ]
      },
      "properties": {
        "NO": "1041",
        "共通ID": "E4620100526111",
        "施設・場所名": "東昌小学校",
        "住所": "鹿児島県鹿児島市直木町4307-1",
        "指定緊急避難場所との住所同一": "1",
        "その他市町村長が必要と認める事項": "",
        "受入対象者": "",
        "備考": ""
      }
    },
    {
      "type": "Feature",
      "geometry": {
        "type": "Point",
        "coordinates": [
          130.528306,
          31.576569
        ]
      },
      "properties": {
        "NO": "1042",
        "共通ID": "E4620100530111",
        "施設・場所名": "田上福祉館",
        "住所": "鹿児島県鹿児島市田上1-29-9",
        "指定緊急避難場所との住所同一": "1",
        "その他市町村長が必要と認める事項": "",
        "受入対象者": "",
        "備考": ""
      }
    },
    {
      "type": "Feature",
      "geometry": {
        "type": "Point",
        "coordinates": [
          130.526292,
          31.579168
        ]
      },
      "properties": {
        "NO": "1043",
        "共通ID": "E4620100532111",
        "施設・場所名": "田上小学校",
        "住所": "鹿児島県鹿児島市田上5-12-1",
        "指定緊急避難場所との住所同一": "1",
        "その他市町村長が必要と認める事項": "",
        "受入対象者": "",
        "備考": ""
      }
    },
    {
      "type": "Feature",
      "geometry": {
        "type": "Point",
        "coordinates": [
          130.522005,
          31.570349
        ]
      },
      "properties": {
        "NO": "1044",
        "共通ID": "E4620100536111",
        "施設・場所名": "田上台福祉館",
        "住所": "鹿児島県鹿児島市田上台2-40-2",
        "指定緊急避難場所との住所同一": "1",
        "その他市町村長が必要と認める事項": "",
        "受入対象者": "",
        "備考": ""
      }
    },
    {
      "type": "Feature",
      "geometry": {
        "type": "Point",
        "coordinates": [
          130.517018,
          31.572632
        ]
      },
      "properties": {
        "NO": "1045",
        "共通ID": "E4620100538111",
        "施設・場所名": "田上団地公民館",
        "住所": "鹿児島県鹿児島市田上台4-18-1",
        "指定緊急避難場所との住所同一": "1",
        "その他市町村長が必要と認める事項": "",
        "受入対象者": "",
        "備考": ""
      }
    },
    {
      "type": "Feature",
      "geometry": {
        "type": "Point",
        "coordinates": [
          130.53791,
          31.567856
        ]
      },
      "properties": {
        "NO": "1046",
        "共通ID": "E4620100545111",
        "施設・場所名": "唐湊公民館",
        "住所": "鹿児島県鹿児島市唐湊3-5-6",
        "指定緊急避難場所との住所同一": "1",
        "その他市町村長が必要と認める事項": "",
        "受入対象者": "",
        "備考": ""
      }
    },
    {
      "type": "Feature",
      "geometry": {
        "type": "Point",
        "coordinates": [
          130.537538,
          31.565396
        ]
      },
      "properties": {
        "NO": "1047",
        "共通ID": "E4620100546111",
        "施設・場所名": "鹿児島純心女子高校",
        "住所": "鹿児島県鹿児島市唐湊4-22-2",
        "指定緊急避難場所との住所同一": "1",
        "その他市町村長が必要と認める事項": "",
        "受入対象者": "",
        "備考": ""
      }
    },
    {
      "type": "Feature",
      "geometry": {
        "type": "Point",
        "coordinates": [
          130.54741,
          31.552863
        ]
      },
      "properties": {
        "NO": "1048",
        "共通ID": "E4620100548111",
        "施設・場所名": "南小学校",
        "住所": "鹿児島県鹿児島市東郡元町13-22",
        "指定緊急避難場所との住所同一": "1",
        "その他市町村長が必要と認める事項": "",
        "受入対象者": "",
        "備考": ""
      }
    },
    {
      "type": "Feature",
      "geometry": {
        "type": "Point",
        "coordinates": [
          130.556781,
          31.619388
        ]
      },
      "properties": {
        "NO": "1049",
        "共通ID": "E4620100555111",
        "施設・場所名": "坂元福祉館",
        "住所": "鹿児島県鹿児島市東坂元2-6-2",
        "指定緊急避難場所との住所同一": "1",
        "その他市町村長が必要と認める事項": "",
        "受入対象者": "",
        "備考": ""
      }
    },
    {
      "type": "Feature",
      "geometry": {
        "type": "Point",
        "coordinates": [
          130.563791,
          31.622158
        ]
      },
      "properties": {
        "NO": "1050",
        "共通ID": "E4620100556111",
        "施設・場所名": "鹿児島東高校",
        "住所": "鹿児島県鹿児島市東坂元3-28-1",
        "指定緊急避難場所との住所同一": "1",
        "その他市町村長が必要と認める事項": "",
        "受入対象者": "",
        "備考": ""
      }
    },
    {
      "type": "Feature",
      "geometry": {
        "type": "Point",
        "coordinates": [
          130.629799,
          31.557368
        ]
      },
      "properties": {
        "NO": "1051",
        "共通ID": "E4620100560111",
        "施設・場所名": "東桜島小学校",
        "住所": "鹿児島県鹿児島市東桜島町17",
        "指定緊急避難場所との住所同一": "1",
        "その他市町村長が必要と認める事項": "",
        "受入対象者": "",
        "備考": ""
      }
    },
    {
      "type": "Feature",
      "geometry": {
        "type": "Point",
        "coordinates": [
          130.633915,
          31.551393
        ]
      },
      "properties": {
        "NO": "1052",
        "共通ID": "E4620100703121",
        "施設・場所名": "高齢者福祉センター東桜島",
        "住所": "鹿児島県鹿児島市東桜島町720",
        "指定緊急避難場所との住所同一": "",
        "その他市町村長が必要と認める事項": "",
        "受入対象者": "避難行動要支援者およびその家族等",
        "備考": ""
      }
    },
    {
      "type": "Feature",
      "geometry": {
        "type": "Point",
        "coordinates": [
          130.637325,
          31.551622
        ]
      },
      "properties": {
        "NO": "1053",
        "共通ID": "E4620100565111",
        "施設・場所名": "桜島支所（東桜島地区）",
        "住所": "鹿児島県鹿児島市東桜島町863-1",
        "指定緊急避難場所との住所同一": "1",
        "その他市町村長が必要と認める事項": "",
        "受入対象者": "",
        "備考": ""
      }
    },
    {
      "type": "Feature",
      "geometry": {
        "type": "Point",
        "coordinates": [
          130.524488,
          31.533782
        ]
      },
      "properties": {
        "NO": "1054",
        "共通ID": "E4620100573111",
        "施設・場所名": "ＪＡ鹿児島みらい谷山東部支店",
        "住所": "鹿児島県鹿児島市東谷山2-22-23",
        "指定緊急避難場所との住所同一": "1",
        "その他市町村長が必要と認める事項": "",
        "受入対象者": "",
        "備考": ""
      }
    },
    {
      "type": "Feature",
      "geometry": {
        "type": "Point",
        "coordinates": [
          130.519673,
          31.534853
        ]
      },
      "properties": {
        "NO": "1055",
        "共通ID": "E4620100582111",
        "施設・場所名": "東谷山福祉館",
        "住所": "鹿児島県鹿児島市東谷山6-45-18",
        "指定緊急避難場所との住所同一": "1",
        "その他市町村長が必要と認める事項": "",
        "受入対象者": "",
        "備考": ""
      }
    },
    {
      "type": "Feature",
      "geometry": {
        "type": "Point",
        "coordinates": [
          130.491516,
          31.678333
        ]
      },
      "properties": {
        "NO": "1056",
        "共通ID": "E4620100697111",
        "施設・場所名": "郡山体育館",
        "住所": "鹿児島県鹿児島市東俣町1464",
        "指定緊急避難場所との住所同一": "1",
        "その他市町村長が必要と認める事項": "",
        "受入対象者": "",
        "備考": ""
      }
    },
    {
      "type": "Feature",
      "geometry": {
        "type": "Point",
        "coordinates": [
          130.500042,
          31.69079
        ]
      },
      "properties": {
        "NO": "1057",
        "共通ID": "E4620100586111",
        "施設・場所名": "郡山東部研修館",
        "住所": "鹿児島県鹿児島市東俣町305",
        "指定緊急避難場所との住所同一": "1",
        "その他市町村長が必要と認める事項": "",
        "受入対象者": "",
        "備考": ""
      }
    },
    {
      "type": "Feature",
      "geometry": {
        "type": "Point",
        "coordinates": [
          130.559645,
          31.585312
        ]
      },
      "properties": {
        "NO": "1058",
        "共通ID": "E4620100591111",
        "施設・場所名": "松原小学校",
        "住所": "鹿児島県鹿児島市南林寺町2-18",
        "指定緊急避難場所との住所同一": "1",
        "その他市町村長が必要と認める事項": "",
        "受入対象者": "",
        "備考": ""
      }
    },
    {
      "type": "Feature",
      "geometry": {
        "type": "Point",
        "coordinates": [
          130.410121,
          31.590476
        ]
      },
      "properties": {
        "NO": "1059",
        "共通ID": "E4620100592111",
        "施設・場所名": "入佐営農研修センター",
        "住所": "鹿児島県鹿児島市入佐町279",
        "指定緊急避難場所との住所同一": "1",
        "その他市町村長が必要と認める事項": "",
        "受入対象者": "",
        "備考": ""
      }
    },
    {
      "type": "Feature",
      "geometry": {
        "type": "Point",
        "coordinates": [
          130.553793,
          31.585302
        ]
      },
      "properties": {
        "NO": "1060",
        "共通ID": "E4620100594111",
        "施設・場所名": "甲東中学校",
        "住所": "鹿児島県鹿児島市樋之口町4-38",
        "指定緊急避難場所との住所同一": "1",
        "その他市町村長が必要と認める事項": "",
        "受入対象者": "",
        "備考": ""
      }
    },
    {
      "type": "Feature",
      "geometry": {
        "type": "Point",
        "coordinates": [
          130.539084,
          31.581702
        ]
      },
      "properties": {
        "NO": "1061",
        "共通ID": "E4620100596111",
        "施設・場所名": "武町公民館",
        "住所": "鹿児島県鹿児島市武1-12-15",
        "指定緊急避難場所との住所同一": "1",
        "その他市町村長が必要と認める事項": "",
        "受入対象者": "",
        "備考": ""
      }
    },
    {
      "type": "Feature",
      "geometry": {
        "type": "Point",
        "coordinates": [
          130.537834,
          31.577673
        ]
      },
      "properties": {
        "NO": "1062",
        "共通ID": "E4620100598111",
        "施設・場所名": "武小学校",
        "住所": "鹿児島県鹿児島市武1-35-31",
        "指定緊急避難場所との住所同一": "1",
        "その他市町村長が必要と認める事項": "",
        "受入対象者": "",
        "備考": ""
      }
    },
    {
      "type": "Feature",
      "geometry": {
        "type": "Point",
        "coordinates": [
          130.536753,
          31.583684
        ]
      },
      "properties": {
        "NO": "1063",
        "共通ID": "E4620100600111",
        "施設・場所名": "武福祉館",
        "住所": "鹿児島県鹿児島市武2-28-7",
        "指定緊急避難場所との住所同一": "1",
        "その他市町村長が必要と認める事項": "",
        "受入対象者": "",
        "備考": ""
      }
    },
    {
      "type": "Feature",
      "geometry": {
        "type": "Point",
        "coordinates": [
          130.532582,
          31.580783
        ]
      },
      "properties": {
        "NO": "1064",
        "共通ID": "E4620100603111",
        "施設・場所名": "武中学校",
        "住所": "鹿児島県鹿児島市武3-42-1",
        "指定緊急避難場所との住所同一": "1",
        "その他市町村長が必要と認める事項": "",
        "受入対象者": "",
        "備考": ""
      }
    },
    {
      "type": "Feature",
      "geometry": {
        "type": "Point",
        "coordinates": [
          130.517032,
          31.591213
        ]
      },
      "properties": {
        "NO": "1065",
        "共通ID": "E4620100610111",
        "施設・場所名": "武岡小学校",
        "住所": "鹿児島県鹿児島市武岡2-30-1",
        "指定緊急避難場所との住所同一": "1",
        "その他市町村長が必要と認める事項": "",
        "受入対象者": "",
        "備考": ""
      }
    },
    {
      "type": "Feature",
      "geometry": {
        "type": "Point",
        "coordinates": [
          130.510322,
          31.596682
        ]
      },
      "properties": {
        "NO": "1066",
        "共通ID": "E4620100616111",
        "施設・場所名": "武岡福祉館",
        "住所": "鹿児島県鹿児島市武岡5-3-8",
        "指定緊急避難場所との住所同一": "1",
        "その他市町村長が必要と認める事項": "",
        "受入対象者": "",
        "備考": ""
      }
    },
    {
      "type": "Feature",
      "geometry": {
        "type": "Point",
        "coordinates": [
          130.507907,
          31.600007
        ]
      },
      "properties": {
        "NO": "1067",
        "共通ID": "E4620100619111",
        "施設・場所名": "武岡中学校",
        "住所": "鹿児島県鹿児島市武岡5-50-1",
        "指定緊急避難場所との住所同一": "1",
        "その他市町村長が必要と認める事項": "",
        "受入対象者": "",
        "備考": ""
      }
    },
    {
      "type": "Feature",
      "geometry": {
        "type": "Point",
        "coordinates": [
          130.515605,
          31.595665
        ]
      },
      "properties": {
        "NO": "1068",
        "共通ID": "E4620100620111",
        "施設・場所名": "武岡台小学校",
        "住所": "鹿児島県鹿児島市武岡6-1-1",
        "指定緊急避難場所との住所同一": "1",
        "その他市町村長が必要と認める事項": "",
        "受入対象者": "",
        "備考": ""
      }
    },
    {
      "type": "Feature",
      "geometry": {
        "type": "Point",
        "coordinates": [
          130.45256,
          31.598739
        ]
      },
      "properties": {
        "NO": "1069",
        "共通ID": "E4620100621111",
        "施設・場所名": "松陽高校",
        "住所": "鹿児島県鹿児島市福山町573",
        "指定緊急避難場所との住所同一": "1",
        "その他市町村長が必要と認める事項": "",
        "受入対象者": "",
        "備考": ""
      }
    },
    {
      "type": "Feature",
      "geometry": {
        "type": "Point",
        "coordinates": [
          130.512891,
          31.450704
        ]
      },
      "properties": {
        "NO": "1070",
        "共通ID": "E4620100623111",
        "施設・場所名": "平川福祉館",
        "住所": "鹿児島県鹿児島市平川町3511-1",
        "指定緊急避難場所との住所同一": "1",
        "その他市町村長が必要と認める事項": "",
        "受入対象者": "",
        "備考": ""
      }
    },
    {
      "type": "Feature",
      "geometry": {
        "type": "Point",
        "coordinates": [
          130.513995,
          31.449444
        ]
      },
      "properties": {
        "NO": "1071",
        "共通ID": "E4620100624111",
        "施設・場所名": "平川小学校",
        "住所": "鹿児島県鹿児島市平川町3795",
        "指定緊急避難場所との住所同一": "1",
        "その他市町村長が必要と認める事項": "",
        "受入対象者": "",
        "備考": ""
      }
    },
    {
      "type": "Feature",
      "geometry": {
        "type": "Point",
        "coordinates": [
          130.506877,
          31.433308
        ]
      },
      "properties": {
        "NO": "1072",
        "共通ID": "E4620100625111",
        "施設・場所名": "鹿児島医療技術専門学校",
        "住所": "鹿児島県鹿児島市平川町5417-1",
        "指定緊急避難場所との住所同一": "1",
        "その他市町村長が必要と認める事項": "",
        "受入対象者": "",
        "備考": ""
      }
    },
    {
      "type": "Feature",
      "geometry": {
        "type": "Point",
        "coordinates": [
          130.496929,
          31.477492
        ]
      },
      "properties": {
        "NO": "1073",
        "共通ID": "E4620100626111",
        "施設・場所名": "福平中学校",
        "住所": "鹿児島県鹿児島市平川町6004",
        "指定緊急避難場所との住所同一": "1",
        "その他市町村長が必要と認める事項": "",
        "受入対象者": "",
        "備考": ""
      }
    },
    {
      "type": "Feature",
      "geometry": {
        "type": "Point",
        "coordinates": [
          130.501423,
          31.477996
        ]
      },
      "properties": {
        "NO": "1074",
        "共通ID": "E4620100627111",
        "施設・場所名": "福平小学校",
        "住所": "鹿児島県鹿児島市平川町819-3",
        "指定緊急避難場所との住所同一": "1",
        "その他市町村長が必要と認める事項": "",
        "受入対象者": "",
        "備考": ""
      }
    },
    {
      "type": "Feature",
      "geometry": {
        "type": "Point",
        "coordinates": [
          130.429249,
          31.553889
        ]
      },
      "properties": {
        "NO": "1075",
        "共通ID": "E4620100628111",
        "施設・場所名": "平田地域公民館",
        "住所": "鹿児島県鹿児島市平田町6364-2",
        "指定緊急避難場所との住所同一": "1",
        "その他市町村長が必要と認める事項": "",
        "受入対象者": "",
        "備考": ""
      }
    },
    {
      "type": "Feature",
      "geometry": {
        "type": "Point",
        "coordinates": [
          130.559931,
          31.711406
        ]
      },
      "properties": {
        "NO": "1076",
        "共通ID": "E4620100709121",
        "施設・場所名": "吉田福祉センター",
        "住所": "鹿児島県鹿児島市本城町1687-2",
        "指定緊急避難場所との住所同一": "",
        "その他市町村長が必要と認める事項": "",
        "受入対象者": "避難行動要支援者およびその家族等",
        "備考": ""
      }
    },
    {
      "type": "Feature",
      "geometry": {
        "type": "Point",
        "coordinates": [
          130.55993,
          31.71142
        ]
      },
      "properties": {
        "NO": "1077",
        "共通ID": "E4620100709111",
        "施設・場所名": "吉田福祉センター",
        "住所": "鹿児島県鹿児島市本城町1687-2",
        "指定緊急避難場所との住所同一": "",
        "その他市町村長が必要と認める事項": "",
        "受入対象者": "",
        "備考": ""
      }
    },
    {
      "type": "Feature",
      "geometry": {
        "type": "Point",
        "coordinates": [
          130.555932,
          31.681986
        ]
      },
      "properties": {
        "NO": "1078",
        "共通ID": "E4620100633111",
        "施設・場所名": "石下谷公民館",
        "住所": "鹿児島県鹿児島市本名町1063-3",
        "指定緊急避難場所との住所同一": "1",
        "その他市町村長が必要と認める事項": "",
        "受入対象者": "",
        "備考": ""
      }
    },
    {
      "type": "Feature",
      "geometry": {
        "type": "Point",
        "coordinates": [
          130.543295,
          31.686727
        ]
      },
      "properties": {
        "NO": "1079",
        "共通ID": "E4620100635111",
        "施設・場所名": "飯山公民館",
        "住所": "鹿児島県鹿児島市本名町2115",
        "指定緊急避難場所との住所同一": "1",
        "その他市町村長が必要と認める事項": "",
        "受入対象者": "",
        "備考": ""
      }
    },
    {
      "type": "Feature",
      "geometry": {
        "type": "Point",
        "coordinates": [
          130.545704,
          31.69986
        ]
      },
      "properties": {
        "NO": "1080",
        "共通ID": "E4620100636111",
        "施設・場所名": "本名小学校",
        "住所": "鹿児島県鹿児島市本名町3579",
        "指定緊急避難場所との住所同一": "1",
        "その他市町村長が必要と認める事項": "",
        "受入対象者": "",
        "備考": ""
      }
    },
    {
      "type": "Feature",
      "geometry": {
        "type": "Point",
        "coordinates": [
          130.539063,
          31.704129
        ]
      },
      "properties": {
        "NO": "1081",
        "共通ID": "E4620100637111",
        "施設・場所名": "後中本公民館",
        "住所": "鹿児島県鹿児島市本名町4415",
        "指定緊急避難場所との住所同一": "1",
        "その他市町村長が必要と認める事項": "",
        "受入対象者": "",
        "備考": ""
      }
    },
    {
      "type": "Feature",
      "geometry": {
        "type": "Point",
        "coordinates": [
          130.548875,
          31.688867
        ]
      },
      "properties": {
        "NO": "1082",
        "共通ID": "E4620100638111",
        "施設・場所名": "吉田南中学校",
        "住所": "鹿児島県鹿児島市本名町565",
        "指定緊急避難場所との住所同一": "1",
        "その他市町村長が必要と認める事項": "",
        "受入対象者": "",
        "備考": ""
      }
    },
    {
      "type": "Feature",
      "geometry": {
        "type": "Point",
        "coordinates": [
          130.583211,
          31.674402
        ]
      },
      "properties": {
        "NO": "1083",
        "共通ID": "E4620100641111",
        "施設・場所名": "牟礼岡校区コミュニティセンター",
        "住所": "鹿児島県鹿児島市牟礼岡1-24-5",
        "指定緊急避難場所との住所同一": "1",
        "その他市町村長が必要と認める事項": "",
        "受入対象者": "",
        "備考": ""
      }
    },
    {
      "type": "Feature",
      "geometry": {
        "type": "Point",
        "coordinates": [
          130.587889,
          31.673618
        ]
      },
      "properties": {
        "NO": "1084",
        "共通ID": "E4620100644111",
        "施設・場所名": "牧公民館",
        "住所": "鹿児島県鹿児島市牟礼岡2-30-5",
        "指定緊急避難場所との住所同一": "1",
        "その他市町村長が必要と認める事項": "",
        "受入対象者": "",
        "備考": ""
      }
    },
    {
      "type": "Feature",
      "geometry": {
        "type": "Point",
        "coordinates": [
          130.52195,
          31.603074
        ]
      },
      "properties": {
        "NO": "1085",
        "共通ID": "E4620100649111",
        "施設・場所名": "明和福祉館",
        "住所": "鹿児島県鹿児島市明和1-27-2",
        "指定緊急避難場所との住所同一": "1",
        "その他市町村長が必要と認める事項": "",
        "受入対象者": "",
        "備考": ""
      }
    },
    {
      "type": "Feature",
      "geometry": {
        "type": "Point",
        "coordinates": [
          130.521462,
          31.601667
        ]
      },
      "properties": {
        "NO": "1086",
        "共通ID": "E4620100653111",
        "施設・場所名": "明和小学校",
        "住所": "鹿児島県鹿児島市明和2-1-1",
        "指定緊急避難場所との住所同一": "1",
        "その他市町村長が必要と認める事項": "",
        "受入対象者": "",
        "備考": ""
      }
    },
    {
      "type": "Feature",
      "geometry": {
        "type": "Point",
        "coordinates": [
          130.538593,
          31.589444
        ]
      },
      "properties": {
        "NO": "1087",
        "共通ID": "E4620100670111",
        "施設・場所名": "鶴丸高校",
        "住所": "鹿児島県鹿児島市薬師2-1-1",
        "指定緊急避難場所との住所同一": "1",
        "その他市町村長が必要と認める事項": "",
        "受入対象者": "",
        "備考": ""
      }
    },
    {
      "type": "Feature",
      "geometry": {
        "type": "Point",
        "coordinates": [
          130.535899,
          31.590312
        ]
      },
      "properties": {
        "NO": "1088",
        "共通ID": "E4620100671111",
        "施設・場所名": "西田小学校",
        "住所": "鹿児島県鹿児島市薬師2-31-1",
        "指定緊急避難場所との住所同一": "1",
        "その他市町村長が必要と認める事項": "",
        "受入対象者": "",
        "備考": ""
      }
    },
    {
      "type": "Feature",
      "geometry": {
        "type": "Point",
        "coordinates": [
          130.533606,
          31.593478
        ]
      },
      "properties": {
        "NO": "1089",
        "共通ID": "E4620100672111",
        "施設・場所名": "城西福祉館",
        "住所": "鹿児島県鹿児島市薬師2-41-11",
        "指定緊急避難場所との住所同一": "1",
        "その他市町村長が必要と認める事項": "",
        "受入対象者": "",
        "備考": ""
      }
    },
    {
      "type": "Feature",
      "geometry": {
        "type": "Point",
        "coordinates": [
          130.562814,
          31.602756
        ]
      },
      "properties": {
        "NO": "1090",
        "共通ID": "E4620100673111",
        "施設・場所名": "柳町福祉館",
        "住所": "鹿児島県鹿児島市柳町3-22",
        "指定緊急避難場所との住所同一": "1",
        "その他市町村長が必要と認める事項": "",
        "受入対象者": "",
        "備考": ""
      }
    },
    {
      "type": "Feature",
      "geometry": {
        "type": "Point",
        "coordinates": [
          130.665995,
          31.555568
        ]
      },
      "properties": {
        "NO": "1091",
        "共通ID": "E4620100675111",
        "施設・場所名": "有村退避舎",
        "住所": "鹿児島県鹿児島市有村町62-4",
        "指定緊急避難場所との住所同一": "1",
        "その他市町村長が必要と認める事項": "",
        "受入対象者": "",
        "備考": ""
      }
    },
    {
      "type": "Feature",
      "geometry": {
        "type": "Point",
        "coordinates": [
          130.566666,
          31.570478
        ]
      },
      "properties": {
        "NO": "1092",
        "共通ID": "E4620100702121",
        "施設・場所名": "高齢者福祉センター与次郎",
        "住所": "鹿児島県鹿児島市与次郎1-10-6",
        "指定緊急避難場所との住所同一": "",
        "その他市町村長が必要と認める事項": "",
        "受入対象者": "避難行動要支援者およびその家族等",
        "備考": ""
      }
    },
    {
      "type": "Feature",
      "geometry": {
        "type": "Point",
        "coordinates": [
          130.563461,
          31.566483
        ]
      },
      "properties": {
        "NO": "1093",
        "共通ID": "E4620100700111",
        "施設・場所名": "川商ホール（鹿児島市民文化ホール）",
        "住所": "鹿児島県鹿児島市与次郎2-3-1",
        "指定緊急避難場所との住所同一": "1",
        "その他市町村長が必要と認める事項": "",
        "受入対象者": "",
        "備考": ""
      }
    },
    {
      "type": "Feature",
      "geometry": {
        "type": "Point",
        "coordinates": [
          130.543245,
          31.656189
        ]
      },
      "properties": {
        "NO": "1094",
        "共通ID": "E4620100679111",
        "施設・場所名": "緑丘中学校",
        "住所": "鹿児島県鹿児島市緑ヶ丘町46-1",
        "指定緊急避難場所との住所同一": "1",
        "その他市町村長が必要と認める事項": "",
        "受入対象者": "",
        "備考": ""
      }
    },
    {
      "type": "Feature",
      "geometry": {
        "type": "Point",
        "coordinates": [
          130.510072,
          31.51157
        ]
      },
      "properties": {
        "NO": "1095",
        "共通ID": "E4620100683111",
        "施設・場所名": "和田福祉館",
        "住所": "鹿児島県鹿児島市和田1-43-23",
        "指定緊急避難場所との住所同一": "1",
        "その他市町村長が必要と認める事項": "",
        "受入対象者": "",
        "備考": ""
      }
    },
    {
      "type": "Feature",
      "geometry": {
        "type": "Point",
        "coordinates": [
          130.51127,
          31.509903
        ]
      },
      "properties": {
        "NO": "1096",
        "共通ID": "E4620100685111",
        "施設・場所名": "和田小学校",
        "住所": "鹿児島県鹿児島市和田2-2-10",
        "指定緊急避難場所との住所同一": "1",
        "その他市町村長が必要と認める事項": "",
        "受入対象者": "",
        "備考": ""
      }
    },
    {
      "type": "Feature",
      "geometry": {
        "type": "Point",
        "coordinates": [
          130.509362,
          31.506941
        ]
      },
      "properties": {
        "NO": "1097",
        "共通ID": "E4620100687111",
        "施設・場所名": "和田中学校",
        "住所": "鹿児島県鹿児島市和田2-44-3",
        "指定緊急避難場所との住所同一": "1",
        "その他市町村長が必要と認める事項": "",
        "受入対象者": "",
        "備考": ""
      }
    },
    {
      "type": "Feature",
      "geometry": {
        "type": "Point",
        "coordinates": [
          129.203462,
          29.157099
        ]
      },
      "properties": {
        "NO": "1098",
        "共通ID": "E4630400001111",
        "施設・場所名": "宝島避難施設",
        "住所": "鹿児島県十島村",
        "指定緊急避難場所との住所同一": "",
        "その他市町村長が必要と認める事項": null,
        "受入対象者": null,
        "備考": ""
      }
    },
    {
      "type": "Feature",
      "geometry": {
        "type": "Point",
        "coordinates": [
          129.601171,
          29.451271
        ]
      },
      "properties": {
        "NO": "1099",
        "共通ID": "E4630400002111",
        "施設・場所名": "悪石島コミュニティセンター",
        "住所": "鹿児島県十島村大字悪石島108-35",
        "指定緊急避難場所との住所同一": "1",
        "その他市町村長が必要と認める事項": null,
        "受入対象者": null,
        "備考": ""
      }
    },
    {
      "type": "Feature",
      "geometry": {
        "type": "Point",
        "coordinates": [
          129.604397,
          29.450501
        ]
      },
      "properties": {
        "NO": "1100",
        "共通ID": "E4630400003111",
        "施設・場所名": "悪石島小中学校",
        "住所": "鹿児島県十島村大字悪石島64-1",
        "指定緊急避難場所との住所同一": "1",
        "その他市町村長が必要と認める事項": null,
        "受入対象者": null,
        "備考": ""
      }
    },
    {
      "type": "Feature",
      "geometry": {
        "type": "Point",
        "coordinates": [
          129.603515,
          29.449942
        ]
      },
      "properties": {
        "NO": "1101",
        "共通ID": "E4630400004111",
        "施設・場所名": "悪石島コミューン",
        "住所": "鹿児島県十島村大字悪石島65-26",
        "指定緊急避難場所との住所同一": "",
        "その他市町村長が必要と認める事項": null,
        "受入対象者": null,
        "備考": ""
      }
    },
    {
      "type": "Feature",
      "geometry": {
        "type": "Point",
        "coordinates": [
          129.919181,
          29.988141
        ]
      },
      "properties": {
        "NO": "1102",
        "共通ID": "E4630400005111",
        "施設・場所名": "口之島地区コミュニティセンター",
        "住所": "鹿児島県十島村大字口之島19",
        "指定緊急避難場所との住所同一": "1",
        "その他市町村長が必要と認める事項": null,
        "受入対象者": null,
        "備考": ""
      }
    },
    {
      "type": "Feature",
      "geometry": {
        "type": "Point",
        "coordinates": [
          129.328636,
          29.222401
        ]
      },
      "properties": {
        "NO": "1103",
        "共通ID": "E4630400006111",
        "施設・場所名": "小宝島小中学校",
        "住所": "鹿児島県十島村大字小宝島21-23",
        "指定緊急避難場所との住所同一": "1",
        "その他市町村長が必要と認める事項": null,
        "受入対象者": null,
        "備考": ""
      }
    },
    {
      "type": "Feature",
      "geometry": {
        "type": "Point",
        "coordinates": [
          129.328858,
          29.222541
        ]
      },
      "properties": {
        "NO": "1104",
        "共通ID": "E4630400007111",
        "施設・場所名": "小宝島公民館",
        "住所": "鹿児島県十島村大字小宝島3-5",
        "指定緊急避難場所との住所同一": "1",
        "その他市町村長が必要と認める事項": null,
        "受入対象者": null,
        "備考": ""
      }
    },
    {
      "type": "Feature",
      "geometry": {
        "type": "Point",
        "coordinates": [
          129.329329,
          29.223169
        ]
      },
      "properties": {
        "NO": "1105",
        "共通ID": "E4630400008111",
        "施設・場所名": "小宝島防災活動拠点施設",
        "住所": "鹿児島県十島村大字小宝島4-15",
        "指定緊急避難場所との住所同一": "1",
        "その他市町村長が必要と認める事項": null,
        "受入対象者": null,
        "備考": ""
      }
    },
    {
      "type": "Feature",
      "geometry": {
        "type": "Point",
        "coordinates": [
          129.703964,
          29.613321
        ]
      },
      "properties": {
        "NO": "1106",
        "共通ID": "E4630400010111",
        "施設・場所名": "諏訪之瀬島防災活動拠点施設",
        "住所": "鹿児島県十島村大字諏訪之瀬島265",
        "指定緊急避難場所との住所同一": "1",
        "その他市町村長が必要と認める事項": null,
        "受入対象者": null,
        "備考": ""
      }
    },
    {
      "type": "Feature",
      "geometry": {
        "type": "Point",
        "coordinates": [
          129.703669,
          29.613087
        ]
      },
      "properties": {
        "NO": "1107",
        "共通ID": "E4630400011111",
        "施設・場所名": "諏訪之瀬島公民館",
        "住所": "鹿児島県十島村大字諏訪之瀬島279",
        "指定緊急避難場所との住所同一": "1",
        "その他市町村長が必要と認める事項": null,
        "受入対象者": null,
        "備考": ""
      }
    },
    {
      "type": "Feature",
      "geometry": {
        "type": "Point",
        "coordinates": [
          129.69936,
          29.611445
        ]
      },
      "properties": {
        "NO": "1108",
        "共通ID": "E4630400012111",
        "施設・場所名": "諏訪之瀬島小中学校",
        "住所": "鹿児島県十島村大字諏訪之瀬島90",
        "指定緊急避難場所との住所同一": "1",
        "その他市町村長が必要と認める事項": null,
        "受入対象者": null,
        "備考": ""
      }
    },
    {
      "type": "Feature",
      "geometry": {
        "type": "Point",
        "coordinates": [
          129.854303,
          29.832815
        ]
      },
      "properties": {
        "NO": "1109",
        "共通ID": "E4630400013112",
        "施設・場所名": "中之島小中学校",
        "住所": "鹿児島県十島村大字中之島131",
        "指定緊急避難場所との住所同一": "1",
        "その他市町村長が必要と認める事項": null,
        "受入対象者": null,
        "備考": ""
      }
    },
    {
      "type": "Feature",
      "geometry": {
        "type": "Point",
        "coordinates": [
          129.854062,
          29.832513
        ]
      },
      "properties": {
        "NO": "1110",
        "共通ID": "E4630400013111",
        "施設・場所名": "中之島東区住民生活センター",
        "住所": "鹿児島県十島村大字中之島131",
        "指定緊急避難場所との住所同一": "1",
        "その他市町村長が必要と認める事項": null,
        "受入対象者": null,
        "備考": ""
      }
    },
    {
      "type": "Feature",
      "geometry": {
        "type": "Point",
        "coordinates": [
          129.864762,
          29.839421
        ]
      },
      "properties": {
        "NO": "1111",
        "共通ID": "E4630400015111",
        "施設・場所名": "十島開発総合センター",
        "住所": "鹿児島県十島村大字中之島150-317",
        "指定緊急避難場所との住所同一": "1",
        "その他市町村長が必要と認める事項": null,
        "受入対象者": null,
        "備考": ""
      }
    },
    {
      "type": "Feature",
      "geometry": {
        "type": "Point",
        "coordinates": [
          129.852964,
          29.837616
        ]
      },
      "properties": {
        "NO": "1112",
        "共通ID": "E4630400018111",
        "施設・場所名": "中之島地区コミュニティセンター",
        "住所": "鹿児島県十島村大字中之島27-9",
        "指定緊急避難場所との住所同一": "1",
        "その他市町村長が必要と認める事項": null,
        "受入対象者": null,
        "備考": ""
      }
    },
    {
      "type": "Feature",
      "geometry": {
        "type": "Point",
        "coordinates": [
          129.530431,
          29.688883
        ]
      },
      "properties": {
        "NO": "1113",
        "共通ID": "E4630400020111",
        "施設・場所名": "平島小中学校",
        "住所": "鹿児島県十島村大字平島120",
        "指定緊急避難場所との住所同一": "1",
        "その他市町村長が必要と認める事項": null,
        "受入対象者": null,
        "備考": ""
      }
    },
    {
      "type": "Feature",
      "geometry": {
        "type": "Point",
        "coordinates": [
          129.529586,
          29.686733
        ]
      },
      "properties": {
        "NO": "1114",
        "共通ID": "E4630400021111",
        "施設・場所名": "平島地区コミュニティセンター",
        "住所": "鹿児島県十島村大字平島293",
        "指定緊急避難場所との住所同一": "1",
        "その他市町村長が必要と認める事項": null,
        "受入対象者": null,
        "備考": ""
      }
    },
    {
      "type": "Feature",
      "geometry": {
        "type": "Point",
        "coordinates": [
          129.205467,
          29.150883
        ]
      },
      "properties": {
        "NO": "1115",
        "共通ID": "E4630400023111",
        "施設・場所名": "宝島小中学校",
        "住所": "鹿児島県十島村大字宝島78",
        "指定緊急避難場所との住所同一": "1",
        "その他市町村長が必要と認める事項": null,
        "受入対象者": null,
        "備考": ""
      }
    },
    {
      "type": "Feature",
      "geometry": {
        "type": "Point",
        "coordinates": [
          129.204639,
          29.152766
        ]
      },
      "properties": {
        "NO": "1116",
        "共通ID": "E4630400024111",
        "施設・場所名": "宝島高齢者コミュニティセンター",
        "住所": "鹿児島県十島村大字宝島923",
        "指定緊急避難場所との住所同一": "1",
        "その他市町村長が必要と認める事項": null,
        "受入対象者": null,
        "備考": ""
      }
    },
    {
      "type": "Feature",
      "geometry": {
        "type": "Point",
        "coordinates": [
          130.343334,
          32.119925
        ]
      },
      "properties": {
        "NO": "1117",
        "共通ID": "E4620800001111",
        "施設・場所名": "米ノ津東小学校",
        "住所": "鹿児島県出水市下鯖町584",
        "指定緊急避難場所との住所同一": "1",
        "その他市町村長が必要と認める事項": null,
        "受入対象者": null,
        "備考": ""
      }
    },
    {
      "type": "Feature",
      "geometry": {
        "type": "Point",
        "coordinates": [
          130.324684,
          32.107577
        ]
      },
      "properties": {
        "NO": "1118",
        "共通ID": "E4620800002111",
        "施設・場所名": "米ノ津小学校",
        "住所": "鹿児島県出水市下知識町1584",
        "指定緊急避難場所との住所同一": "1",
        "その他市町村長が必要と認める事項": null,
        "受入対象者": null,
        "備考": ""
      }
    },
    {
      "type": "Feature",
      "geometry": {
        "type": "Point",
        "coordinates": [
          130.326009,
          32.099889
        ]
      },
      "properties": {
        "NO": "1119",
        "共通ID": "E4620800003111",
        "施設・場所名": "津山自治公民館",
        "住所": "鹿児島県出水市下知識町918",
        "指定緊急避難場所との住所同一": "1",
        "その他市町村長が必要と認める事項": null,
        "受入対象者": null,
        "備考": ""
      }
    },
    {
      "type": "Feature",
      "geometry": {
        "type": "Point",
        "coordinates": [
          130.364442,
          32.155497
        ]
      },
      "properties": {
        "NO": "1120",
        "共通ID": "E4620800004111",
        "施設・場所名": "切通小学校",
        "住所": "鹿児島県出水市境町1286",
        "指定緊急避難場所との住所同一": "1",
        "その他市町村長が必要と認める事項": null,
        "受入対象者": null,
        "備考": ""
      }
    },
    {
      "type": "Feature",
      "geometry": {
        "type": "Point",
        "coordinates": [
          130.29916,
          32.087142
        ]
      },
      "properties": {
        "NO": "1121",
        "共通ID": "E4620800006111",
        "施設・場所名": "下水流農業者トレーニングセンター",
        "住所": "鹿児島県出水市高尾野町下水流3164-15",
        "指定緊急避難場所との住所同一": "1",
        "その他市町村長が必要と認める事項": null,
        "受入対象者": null,
        "備考": ""
      }
    },
    {
      "type": "Feature",
      "geometry": {
        "type": "Point",
        "coordinates": [
          130.298838,
          32.087953
        ]
      },
      "properties": {
        "NO": "1122",
        "共通ID": "E4620800007111",
        "施設・場所名": "下水流小学校",
        "住所": "鹿児島県出水市高尾野町下水流3164-7",
        "指定緊急避難場所との住所同一": "1",
        "その他市町村長が必要と認める事項": null,
        "受入対象者": null,
        "備考": ""
      }
    },
    {
      "type": "Feature",
      "geometry": {
        "type": "Point",
        "coordinates": [
          130.25222,
          32.096065
        ]
      },
      "properties": {
        "NO": "1123",
        "共通ID": "E4620800008111",
        "施設・場所名": "江内カントリーコア",
        "住所": "鹿児島県出水市高尾野町江内3377",
        "指定緊急避難場所との住所同一": "1",
        "その他市町村長が必要と認める事項": null,
        "受入対象者": null,
        "備考": ""
      }
    },
    {
      "type": "Feature",
      "geometry": {
        "type": "Point",
        "coordinates": [
          130.252219,
          32.098792
        ]
      },
      "properties": {
        "NO": "1124",
        "共通ID": "E4620800010111",
        "施設・場所名": "江内小学校",
        "住所": "鹿児島県出水市高尾野町江内7631",
        "指定緊急避難場所との住所同一": "1",
        "その他市町村長が必要と認める事項": null,
        "受入対象者": null,
        "備考": ""
      }
    },
    {
      "type": "Feature",
      "geometry": {
        "type": "Point",
        "coordinates": [
          130.296465,
          32.061891
        ]
      },
      "properties": {
        "NO": "1125",
        "共通ID": "E4620800011111",
        "施設・場所名": "高尾野小学校",
        "住所": "鹿児島県出水市高尾野町柴引1559",
        "指定緊急避難場所との住所同一": "1",
        "その他市町村長が必要と認める事項": null,
        "受入対象者": null,
        "備考": ""
      }
    },
    {
      "type": "Feature",
      "geometry": {
        "type": "Point",
        "coordinates": [
          130.298518,
          32.058821
        ]
      },
      "properties": {
        "NO": "1126",
        "共通ID": "E4620800012111",
        "施設・場所名": "高尾野中学校",
        "住所": "鹿児島県出水市高尾野町柴引2143",
        "指定緊急避難場所との住所同一": "1",
        "その他市町村長が必要と認める事項": null,
        "受入対象者": null,
        "備考": ""
      }
    },
    {
      "type": "Feature",
      "geometry": {
        "type": "Point",
        "coordinates": [
          130.30405,
          32.061432
        ]
      },
      "properties": {
        "NO": "1127",
        "共通ID": "E4620800048111",
        "施設・場所名": "高尾野体育館",
        "住所": "鹿児島県出水市高尾野町大久保158-1",
        "指定緊急避難場所との住所同一": "1",
        "その他市町村長が必要と認める事項": "",
        "受入対象者": "",
        "備考": ""
      }
    },
    {
      "type": "Feature",
      "geometry": {
        "type": "Point",
        "coordinates": [
          130.311909,
          32.060655
        ]
      },
      "properties": {
        "NO": "1128",
        "共通ID": "E4620800013111",
        "施設・場所名": "高尾野農業者健康管理センター",
        "住所": "鹿児島県出水市高尾野町大久保3816-29",
        "指定緊急避難場所との住所同一": "1",
        "その他市町村長が必要と認める事項": null,
        "受入対象者": null,
        "備考": ""
      }
    },
    {
      "type": "Feature",
      "geometry": {
        "type": "Point",
        "coordinates": [
          130.310608,
          32.06264
        ]
      },
      "properties": {
        "NO": "1129",
        "共通ID": "E4620800014111",
        "施設・場所名": "高尾野地域交流スペース",
        "住所": "鹿児島県出水市高尾野町大久保600",
        "指定緊急避難場所との住所同一": "1",
        "その他市町村長が必要と認める事項": null,
        "受入対象者": null,
        "備考": ""
      }
    },
    {
      "type": "Feature",
      "geometry": {
        "type": "Point",
        "coordinates": [
          130.304424,
          32.060951
        ]
      },
      "properties": {
        "NO": "1130",
        "共通ID": "E4620800015111",
        "施設・場所名": "高尾野市民交流センター",
        "住所": "鹿児島県出水市高尾野町大久保7",
        "指定緊急避難場所との住所同一": "1",
        "その他市町村長が必要と認める事項": null,
        "受入対象者": null,
        "備考": ""
      }
    },
    {
      "type": "Feature",
      "geometry": {
        "type": "Point",
        "coordinates": [
          130.355651,
          32.086926
        ]
      },
      "properties": {
        "NO": "1131",
        "共通ID": "E4620800016111",
        "施設・場所名": "ＮＴＴ出水ビル",
        "住所": "鹿児島県出水市昭和町43-24",
        "指定緊急避難場所との住所同一": "1",
        "その他市町村長が必要と認める事項": null,
        "受入対象者": null,
        "備考": ""
      }
    },
    {
      "type": "Feature",
      "geometry": {
        "type": "Point",
        "coordinates": [
          130.367776,
          32.080232
        ]
      },
      "properties": {
        "NO": "1132",
        "共通ID": "E4620800017111",
        "施設・場所名": "東出水小学校",
        "住所": "鹿児島県出水市上鯖渕1866",
        "指定緊急避難場所との住所同一": "1",
        "その他市町村長が必要と認める事項": null,
        "受入対象者": null,
        "備考": ""
      }
    },
    {
      "type": "Feature",
      "geometry": {
        "type": "Point",
        "coordinates": [
          130.476813,
          32.102583
        ]
      },
      "properties": {
        "NO": "1133",
        "共通ID": "E4620800018111",
        "施設・場所名": "上場小学校",
        "住所": "鹿児島県出水市上大川内2580-27",
        "指定緊急避難場所との住所同一": "1",
        "その他市町村長が必要と認める事項": null,
        "受入対象者": null,
        "備考": ""
      }
    },
    {
      "type": "Feature",
      "geometry": {
        "type": "Point",
        "coordinates": [
          130.474622,
          32.10125
        ]
      },
      "properties": {
        "NO": "1134",
        "共通ID": "E4620800019111",
        "施設・場所名": "上場活性化施設　秋桜館",
        "住所": "鹿児島県出水市上大川内2648-4",
        "指定緊急避難場所との住所同一": "1",
        "その他市町村長が必要と認める事項": null,
        "受入対象者": null,
        "備考": ""
      }
    },
    {
      "type": "Feature",
      "geometry": {
        "type": "Point",
        "coordinates": [
          130.441883,
          32.072861
        ]
      },
      "properties": {
        "NO": "1135",
        "共通ID": "E4620800020111",
        "施設・場所名": "大川内農業者トレーニングセンター",
        "住所": "鹿児島県出水市上大川内807-1",
        "指定緊急避難場所との住所同一": "1",
        "その他市町村長が必要と認める事項": null,
        "受入対象者": null,
        "備考": ""
      }
    },
    {
      "type": "Feature",
      "geometry": {
        "type": "Point",
        "coordinates": [
          130.441951,
          32.071785
        ]
      },
      "properties": {
        "NO": "1136",
        "共通ID": "E4620800021111",
        "施設・場所名": "大川内中学校",
        "住所": "鹿児島県出水市上大川内823",
        "指定緊急避難場所との住所同一": "1",
        "その他市町村長が必要と認める事項": null,
        "受入対象者": null,
        "備考": ""
      }
    },
    {
      "type": "Feature",
      "geometry": {
        "type": "Point",
        "coordinates": [
          130.341323,
          32.074244
        ]
      },
      "properties": {
        "NO": "1137",
        "共通ID": "E4620800022111",
        "施設・場所名": "西出水小学校",
        "住所": "鹿児島県出水市西出水町1045",
        "指定緊急避難場所との住所同一": "1",
        "その他市町村長が必要と認める事項": null,
        "受入対象者": null,
        "備考": ""
      }
    },
    {
      "type": "Feature",
      "geometry": {
        "type": "Point",
        "coordinates": [
          130.280287,
          32.085999
        ]
      },
      "properties": {
        "NO": "1138",
        "共通ID": "E4620800023111",
        "施設・場所名": "鶴荘学園",
        "住所": "鹿児島県出水市荘1748",
        "指定緊急避難場所との住所同一": "1",
        "その他市町村長が必要と認める事項": null,
        "受入対象者": null,
        "備考": ""
      }
    },
    {
      "type": "Feature",
      "geometry": {
        "type": "Point",
        "coordinates": [
          130.347836,
          32.081959
        ]
      },
      "properties": {
        "NO": "1139",
        "共通ID": "E4620800024111",
        "施設・場所名": "出水中学校",
        "住所": "鹿児島県出水市中央町1262",
        "指定緊急避難場所との住所同一": "1",
        "その他市町村長が必要と認める事項": null,
        "受入対象者": null,
        "備考": ""
      }
    },
    {
      "type": "Feature",
      "geometry": {
        "type": "Point",
        "coordinates": [
          130.344667,
          32.08612
        ]
      },
      "properties": {
        "NO": "1140",
        "共通ID": "E4620800025111",
        "施設・場所名": "屋内ゲートボール場",
        "住所": "鹿児島県出水市中央町198",
        "指定緊急避難場所との住所同一": "1",
        "その他市町村長が必要と認める事項": null,
        "受入対象者": null,
        "備考": ""
      }
    },
    {
      "type": "Feature",
      "geometry": {
        "type": "Point",
        "coordinates": [
          130.344961,
          32.08726
        ]
      },
      "properties": {
        "NO": "1141",
        "共通ID": "E4620800026111",
        "施設・場所名": "総合武道場",
        "住所": "鹿児島県出水市中央町29",
        "指定緊急避難場所との住所同一": "1",
        "その他市町村長が必要と認める事項": null,
        "受入対象者": null,
        "備考": ""
      }
    },
    {
      "type": "Feature",
      "geometry": {
        "type": "Point",
        "coordinates": [
          130.348043,
          32.054479
        ]
      },
      "properties": {
        "NO": "1142",
        "共通ID": "E4620800027111",
        "施設・場所名": "青年の家　小原山体育館",
        "住所": "鹿児島県出水市武本1044",
        "指定緊急避難場所との住所同一": "1",
        "その他市町村長が必要と認める事項": null,
        "受入対象者": null,
        "備考": ""
      }
    },
    {
      "type": "Feature",
      "geometry": {
        "type": "Point",
        "coordinates": [
          130.343053,
          32.091069
        ]
      },
      "properties": {
        "NO": "1143",
        "共通ID": "E4620800028121",
        "施設・場所名": "鹿児島県立出水養護学校",
        "住所": "鹿児島県出水市文化町966",
        "指定緊急避難場所との住所同一": "",
        "その他市町村長が必要と認める事項": null,
        "受入対象者": "市内在住の出水養護学校在校生及び卒業生と同居する家族のみ",
        "備考": ""
      }
    },
    {
      "type": "Feature",
      "geometry": {
        "type": "Point",
        "coordinates": [
          130.330144,
          32.087277
        ]
      },
      "properties": {
        "NO": "1144",
        "共通ID": "E4620800029111",
        "施設・場所名": "高齢者ふれあいセンター",
        "住所": "鹿児島県出水市平和町72",
        "指定緊急避難場所との住所同一": "1",
        "その他市町村長が必要と認める事項": null,
        "受入対象者": null,
        "備考": ""
      }
    },
    {
      "type": "Feature",
      "geometry": {
        "type": "Point",
        "coordinates": [
          130.357274,
          32.081762
        ]
      },
      "properties": {
        "NO": "1145",
        "共通ID": "E4620800030111",
        "施設・場所名": "出水市民交流センター",
        "住所": "鹿児島県出水市本町7-16",
        "指定緊急避難場所との住所同一": "1",
        "その他市町村長が必要と認める事項": null,
        "受入対象者": null,
        "備考": ""
      }
    },
    {
      "type": "Feature",
      "geometry": {
        "type": "Point",
        "coordinates": [
          130.335452,
          32.113553
        ]
      },
      "properties": {
        "NO": "1146",
        "共通ID": "E4620800031111",
        "施設・場所名": "米ノ津中学校",
        "住所": "鹿児島県出水市明神町100",
        "指定緊急避難場所との住所同一": "1",
        "その他市町村長が必要と認める事項": null,
        "受入対象者": null,
        "備考": ""
      }
    },
    {
      "type": "Feature",
      "geometry": {
        "type": "Point",
        "coordinates": [
          130.268845,
          32.078944
        ]
      },
      "properties": {
        "NO": "1147",
        "共通ID": "E4620800032111",
        "施設・場所名": "屋地自治公民館",
        "住所": "鹿児島県出水市野田町下名1817",
        "指定緊急避難場所との住所同一": "1",
        "その他市町村長が必要と認める事項": null,
        "受入対象者": null,
        "備考": ""
      }
    },
    {
      "type": "Feature",
      "geometry": {
        "type": "Point",
        "coordinates": [
          130.244888,
          32.072243
        ]
      },
      "properties": {
        "NO": "1148",
        "共通ID": "E4620800033111",
        "施設・場所名": "餅井自治公民館",
        "住所": "鹿児島県出水市野田町下名3477-1",
        "指定緊急避難場所との住所同一": "1",
        "その他市町村長が必要と認める事項": null,
        "受入対象者": null,
        "備考": ""
      }
    },
    {
      "type": "Feature",
      "geometry": {
        "type": "Point",
        "coordinates": [
          130.267263,
          32.064788
        ]
      },
      "properties": {
        "NO": "1149",
        "共通ID": "E4620800034111",
        "施設・場所名": "野田女子高等学校",
        "住所": "鹿児島県出水市野田町下名5454",
        "指定緊急避難場所との住所同一": "1",
        "その他市町村長が必要と認める事項": null,
        "受入対象者": null,
        "備考": ""
      }
    },
    {
      "type": "Feature",
      "geometry": {
        "type": "Point",
        "coordinates": [
          130.273184,
          32.045509
        ]
      },
      "properties": {
        "NO": "1150",
        "共通ID": "E4620800035111",
        "施設・場所名": "青木原自治公民館",
        "住所": "鹿児島県出水市野田町上名1800-5",
        "指定緊急避難場所との住所同一": "1",
        "その他市町村長が必要と認める事項": null,
        "受入対象者": null,
        "備考": ""
      }
    },
    {
      "type": "Feature",
      "geometry": {
        "type": "Point",
        "coordinates": [
          130.268165,
          32.058229
        ]
      },
      "properties": {
        "NO": "1151",
        "共通ID": "E4620800036111",
        "施設・場所名": "野田小学校",
        "住所": "鹿児島県出水市野田町上名375",
        "指定緊急避難場所との住所同一": "1",
        "その他市町村長が必要と認める事項": null,
        "受入対象者": null,
        "備考": ""
      }
    },
    {
      "type": "Feature",
      "geometry": {
        "type": "Point",
        "coordinates": [
          130.26639,
          32.057752
        ]
      },
      "properties": {
        "NO": "1152",
        "共通ID": "E4620800038111",
        "施設・場所名": "野田保健センター",
        "住所": "鹿児島県出水市野田町上名6031",
        "指定緊急避難場所との住所同一": "1",
        "その他市町村長が必要と認める事項": null,
        "受入対象者": null,
        "備考": ""
      }
    },
    {
      "type": "Feature",
      "geometry": {
        "type": "Point",
        "coordinates": [
          130.265755,
          32.057892
        ]
      },
      "properties": {
        "NO": "1153",
        "共通ID": "E4620800039111",
        "施設・場所名": "野田市民交流センター",
        "住所": "鹿児島県出水市野田町上名6034-1",
        "指定緊急避難場所との住所同一": "1",
        "その他市町村長が必要と認める事項": null,
        "受入対象者": null,
        "備考": ""
      }
    },
    {
      "type": "Feature",
      "geometry": {
        "type": "Point",
        "coordinates": [
          130.265889,
          32.059481
        ]
      },
      "properties": {
        "NO": "1154",
        "共通ID": "E4620800040111",
        "施設・場所名": "野田農村環境改善センター",
        "住所": "鹿児島県出水市野田町上名6113",
        "指定緊急避難場所との住所同一": "1",
        "その他市町村長が必要と認める事項": null,
        "受入対象者": null,
        "備考": ""
      }
    },
    {
      "type": "Feature",
      "geometry": {
        "type": "Point",
        "coordinates": [
          130.353171,
          32.090197
        ]
      },
      "properties": {
        "NO": "1155",
        "共通ID": "E4620800044111",
        "施設・場所名": "出水市役所",
        "住所": "鹿児島県出水市緑町1-3",
        "指定緊急避難場所との住所同一": "1",
        "その他市町村長が必要と認める事項": null,
        "受入対象者": null,
        "備考": ""
      }
    },
    {
      "type": "Feature",
      "geometry": {
        "type": "Point",
        "coordinates": [
          130.353021,
          32.09319
        ]
      },
      "properties": {
        "NO": "1156",
        "共通ID": "E4620800045111",
        "施設・場所名": "出水保健センター",
        "住所": "鹿児島県出水市緑町50-1",
        "指定緊急避難場所との住所同一": "1",
        "その他市町村長が必要と認める事項": null,
        "受入対象者": null,
        "備考": ""
      }
    },
    {
      "type": "Feature",
      "geometry": {
        "type": "Point",
        "coordinates": [
          130.35868,
          32.075008
        ]
      },
      "properties": {
        "NO": "1157",
        "共通ID": "E4620800046111",
        "施設・場所名": "出水小学校",
        "住所": "鹿児島県出水市麓町9-13",
        "指定緊急避難場所との住所同一": "1",
        "その他市町村長が必要と認める事項": null,
        "受入対象者": null,
        "備考": ""
      }
    },
    {
      "type": "Feature",
      "geometry": {
        "type": "Point",
        "coordinates": [
          130.69904,
          31.489393
        ]
      },
      "properties": {
        "NO": "1158",
        "共通ID": "E4621400001111",
        "施設・場所名": "垂水市市民館",
        "住所": "鹿児島県垂水市旭町61-2",
        "指定緊急避難場所との住所同一": "1",
        "その他市町村長が必要と認める事項": null,
        "受入対象者": null,
        "備考": ""
      }
    },
    {
      "type": "Feature",
      "geometry": {
        "type": "Point",
        "coordinates": [
          130.700537,
          31.523256
        ]
      },
      "properties": {
        "NO": "1159",
        "共通ID": "E4621400002111",
        "施設・場所名": "協和地区公民館",
        "住所": "鹿児島県垂水市海潟18",
        "指定緊急避難場所との住所同一": "1",
        "その他市町村長が必要と認める事項": null,
        "受入対象者": null,
        "備考": ""
      }
    },
    {
      "type": "Feature",
      "geometry": {
        "type": "Point",
        "coordinates": [
          130.795856,
          31.609592
        ]
      },
      "properties": {
        "NO": "1160",
        "共通ID": "E4621400004111",
        "施設・場所名": "境小学校体育館",
        "住所": "鹿児島県垂水市牛根境1211-8",
        "指定緊急避難場所との住所同一": "1",
        "その他市町村長が必要と認める事項": null,
        "受入対象者": null,
        "備考": ""
      }
    },
    {
      "type": "Feature",
      "geometry": {
        "type": "Point",
        "coordinates": [
          130.745006,
          31.558802
        ]
      },
      "properties": {
        "NO": "1161",
        "共通ID": "E4621400006111",
        "施設・場所名": "道の駅たるみず",
        "住所": "鹿児島県垂水市牛根麓1038-1",
        "指定緊急避難場所との住所同一": "1",
        "その他市町村長が必要と認める事項": null,
        "受入対象者": null,
        "備考": ""
      }
    },
    {
      "type": "Feature",
      "geometry": {
        "type": "Point",
        "coordinates": [
          130.745302,
          31.438181
        ]
      },
      "properties": {
        "NO": "1162",
        "共通ID": "E4621400009111",
        "施設・場所名": "南地区老人憩の家",
        "住所": "鹿児島県垂水市新城3451",
        "指定緊急避難場所との住所同一": "1",
        "その他市町村長が必要と認める事項": null,
        "受入対象者": null,
        "備考": ""
      }
    },
    {
      "type": "Feature",
      "geometry": {
        "type": "Point",
        "coordinates": [
          130.745131,
          31.437709
        ]
      },
      "properties": {
        "NO": "1163",
        "共通ID": "E4621400010111",
        "施設・場所名": "新城地区公民館",
        "住所": "鹿児島県垂水市新城3452",
        "指定緊急避難場所との住所同一": "1",
        "その他市町村長が必要と認める事項": null,
        "受入対象者": null,
        "備考": ""
      }
    },
    {
      "type": "Feature",
      "geometry": {
        "type": "Point",
        "coordinates": [
          130.746599,
          31.436847
        ]
      },
      "properties": {
        "NO": "1164",
        "共通ID": "E4621400011111",
        "施設・場所名": "新城小学校体育館",
        "住所": "鹿児島県垂水市新城3548",
        "指定緊急避難場所との住所同一": "1",
        "その他市町村長が必要と認める事項": null,
        "受入対象者": null,
        "備考": ""
      }
    },
    {
      "type": "Feature",
      "geometry": {
        "type": "Point",
        "coordinates": [
          130.750693,
          31.430384
        ]
      },
      "properties": {
        "NO": "1165",
        "共通ID": "E4621400012111",
        "施設・場所名": "国立大隅青少年自然の家新城海の家",
        "住所": "鹿児島県垂水市新城4011-5",
        "指定緊急避難場所との住所同一": "",
        "その他市町村長が必要と認める事項": null,
        "受入対象者": null,
        "備考": ""
      }
    },
    {
      "type": "Feature",
      "geometry": {
        "type": "Point",
        "coordinates": [
          130.699982,
          31.520651
        ]
      },
      "properties": {
        "NO": "1166",
        "共通ID": "E4621400014111",
        "施設・場所名": "旧協和中学校体育館",
        "住所": "鹿児島県垂水市中俣302",
        "指定緊急避難場所との住所同一": "1",
        "その他市町村長が必要と認める事項": null,
        "受入対象者": null,
        "備考": ""
      }
    },
    {
      "type": "Feature",
      "geometry": {
        "type": "Point",
        "coordinates": [
          130.700257,
          31.518197
        ]
      },
      "properties": {
        "NO": "1167",
        "共通ID": "E4621400015111",
        "施設・場所名": "中俣自治公民館",
        "住所": "鹿児島県垂水市中俣404-2",
        "指定緊急避難場所との住所同一": "1",
        "その他市町村長が必要と認める事項": null,
        "受入対象者": null,
        "備考": ""
      }
    },
    {
      "type": "Feature",
      "geometry": {
        "type": "Point",
        "coordinates": [
          130.705652,
          31.49289
        ]
      },
      "properties": {
        "NO": "1168",
        "共通ID": "E4621400017111",
        "施設・場所名": "垂水小学校体育館",
        "住所": "鹿児島県垂水市田神144",
        "指定緊急避難場所との住所同一": "1",
        "その他市町村長が必要と認める事項": null,
        "受入対象者": null,
        "備考": ""
      }
    },
    {
      "type": "Feature",
      "geometry": {
        "type": "Point",
        "coordinates": [
          130.701982,
          31.486285
        ]
      },
      "properties": {
        "NO": "1169",
        "共通ID": "E4621400019111",
        "施設・場所名": "垂水中央運動公園体育館",
        "住所": "鹿児島県垂水市田神3000",
        "指定緊急避難場所との住所同一": "1",
        "その他市町村長が必要と認める事項": null,
        "受入対象者": null,
        "備考": ""
      }
    },
    {
      "type": "Feature",
      "geometry": {
        "type": "Point",
        "coordinates": [
          130.780628,
          31.513474
        ]
      },
      "properties": {
        "NO": "1170",
        "共通ID": "E4621400020111",
        "施設・場所名": "大野地区公民館",
        "住所": "鹿児島県垂水市田神3688",
        "指定緊急避難場所との住所同一": "1",
        "その他市町村長が必要と認める事項": null,
        "受入対象者": null,
        "備考": ""
      }
    },
    {
      "type": "Feature",
      "geometry": {
        "type": "Point",
        "coordinates": [
          130.785115,
          31.581612
        ]
      },
      "properties": {
        "NO": "1171",
        "共通ID": "E4621400024111",
        "施設・場所名": "牛根小学校体育館",
        "住所": "鹿児島県垂水市二川519-1",
        "指定緊急避難場所との住所同一": "1",
        "その他市町村長が必要と認める事項": null,
        "受入対象者": null,
        "備考": ""
      }
    },
    {
      "type": "Feature",
      "geometry": {
        "type": "Point",
        "coordinates": [
          130.784045,
          31.582685
        ]
      },
      "properties": {
        "NO": "1172",
        "共通ID": "E4621400025111",
        "施設・場所名": "垂水市消防署牛根分遣所",
        "住所": "鹿児島県垂水市二川552-7",
        "指定緊急避難場所との住所同一": "",
        "その他市町村長が必要と認める事項": null,
        "受入対象者": null,
        "備考": ""
      }
    },
    {
      "type": "Feature",
      "geometry": {
        "type": "Point",
        "coordinates": [
          130.784302,
          31.582486
        ]
      },
      "properties": {
        "NO": "1173",
        "共通ID": "E4621400026111",
        "施設・場所名": "牛根地区公民館",
        "住所": "鹿児島県垂水市二川553-1",
        "指定緊急避難場所との住所同一": "1",
        "その他市町村長が必要と認める事項": null,
        "受入対象者": null,
        "備考": ""
      }
    },
    {
      "type": "Feature",
      "geometry": {
        "type": "Point",
        "coordinates": [
          130.71401,
          31.457339
        ]
      },
      "properties": {
        "NO": "1174",
        "共通ID": "E4621400027111",
        "施設・場所名": "柊原地区公民館",
        "住所": "鹿児島県垂水市柊原3454",
        "指定緊急避難場所との住所同一": "1",
        "その他市町村長が必要と認める事項": null,
        "受入対象者": null,
        "備考": ""
      }
    },
    {
      "type": "Feature",
      "geometry": {
        "type": "Point",
        "coordinates": [
          130.706089,
          31.459291
        ]
      },
      "properties": {
        "NO": "1175",
        "共通ID": "E4621400028111",
        "施設・場所名": "柊原小学校体育館",
        "住所": "鹿児島県垂水市柊原390",
        "指定緊急避難場所との住所同一": "1",
        "その他市町村長が必要と認める事項": null,
        "受入対象者": null,
        "備考": ""
      }
    },
    {
      "type": "Feature",
      "geometry": {
        "type": "Point",
        "coordinates": [
          130.725165,
          31.483629
        ]
      },
      "properties": {
        "NO": "1176",
        "共通ID": "E4621400029111",
        "施設・場所名": "水之上地区公民館",
        "住所": "鹿児島県垂水市本城1355-1",
        "指定緊急避難場所との住所同一": "1",
        "その他市町村長が必要と認める事項": null,
        "受入対象者": null,
        "備考": ""
      }
    },
    {
      "type": "Feature",
      "geometry": {
        "type": "Point",
        "coordinates": [
          130.725071,
          31.4833
        ]
      },
      "properties": {
        "NO": "1177",
        "共通ID": "E4621400030111",
        "施設・場所名": "水之上体育館",
        "住所": "鹿児島県垂水市本城1359-4",
        "指定緊急避難場所との住所同一": "",
        "その他市町村長が必要と認める事項": null,
        "受入対象者": null,
        "備考": ""
      }
    },
    {
      "type": "Feature",
      "geometry": {
        "type": "Point",
        "coordinates": [
          130.70535,
          31.481928
        ]
      },
      "properties": {
        "NO": "1178",
        "共通ID": "E4621400031111",
        "施設・場所名": "垂水市環境センター",
        "住所": "鹿児島県垂水市本城3898-1",
        "指定緊急避難場所との住所同一": "1",
        "その他市町村長が必要と認める事項": null,
        "受入対象者": null,
        "備考": ""
      }
    },
    {
      "type": "Feature",
      "geometry": {
        "type": "Point",
        "coordinates": [
          130.721454,
          31.483013
        ]
      },
      "properties": {
        "NO": "1179",
        "共通ID": "E4621400032111",
        "施設・場所名": "水之上小学校体育館",
        "住所": "鹿児島県垂水市本城649-1",
        "指定緊急避難場所との住所同一": "1",
        "その他市町村長が必要と認める事項": null,
        "受入対象者": null,
        "備考": ""
      }
    },
    {
      "type": "Feature",
      "geometry": {
        "type": "Point",
        "coordinates": [
          129.294727,
          28.220525
        ]
      },
      "properties": {
        "NO": "1180",
        "共通ID": "E4652500001111",
        "施設・場所名": "阿室釜林業研修館",
        "住所": "鹿児島県瀬戸内町阿室釜4-13",
        "指定緊急避難場所との住所同一": "1",
        "その他市町村長が必要と認める事項": null,
        "受入対象者": null,
        "備考": ""
      }
    },
    {
      "type": "Feature",
      "geometry": {
        "type": "Point",
        "coordinates": [
          129.1987,
          28.152098
        ]
      },
      "properties": {
        "NO": "1181",
        "共通ID": "E4652500002111",
        "施設・場所名": "阿多地集会所",
        "住所": "鹿児島県瀬戸内町阿多地96",
        "指定緊急避難場所との住所同一": "1",
        "その他市町村長が必要と認める事項": null,
        "受入対象者": null,
        "備考": ""
      }
    },
    {
      "type": "Feature",
      "geometry": {
        "type": "Point",
        "coordinates": [
          129.290605,
          28.189575
        ]
      },
      "properties": {
        "NO": "1182",
        "共通ID": "E4652500003111",
        "施設・場所名": "阿鉄集会所",
        "住所": "鹿児島県瀬戸内町阿鉄725",
        "指定緊急避難場所との住所同一": "1",
        "その他市町村長が必要と認める事項": null,
        "受入対象者": null,
        "備考": ""
      }
    },
    {
      "type": "Feature",
      "geometry": {
        "type": "Point",
        "coordinates": [
          129.334104,
          28.167
        ]
      },
      "properties": {
        "NO": "1183",
        "共通ID": "E4652500004111",
        "施設・場所名": "阿木名集会所",
        "住所": "鹿児島県瀬戸内町阿木名17",
        "指定緊急避難場所との住所同一": "1",
        "その他市町村長が必要と認める事項": null,
        "受入対象者": null,
        "備考": ""
      }
    },
    {
      "type": "Feature",
      "geometry": {
        "type": "Point",
        "coordinates": [
          129.335833,
          28.170397
        ]
      },
      "properties": {
        "NO": "1184",
        "共通ID": "E4652500005111",
        "施設・場所名": "介護老人保健施設せとうち",
        "住所": "鹿児島県瀬戸内町阿木名1975",
        "指定緊急避難場所との住所同一": "1",
        "その他市町村長が必要と認める事項": null,
        "受入対象者": null,
        "備考": ""
      }
    },
    {
      "type": "Feature",
      "geometry": {
        "type": "Point",
        "coordinates": [
          129.337676,
          28.17074
        ]
      },
      "properties": {
        "NO": "1185",
        "共通ID": "E4652500006111",
        "施設・場所名": "阿木名小・中学校体育館",
        "住所": "鹿児島県瀬戸内町阿木名2141",
        "指定緊急避難場所との住所同一": "1",
        "その他市町村長が必要と認める事項": null,
        "受入対象者": null,
        "備考": ""
      }
    },
    {
      "type": "Feature",
      "geometry": {
        "type": "Point",
        "coordinates": [
          129.243693,
          28.108443
        ]
      },
      "properties": {
        "NO": "1186",
        "共通ID": "E4652500007111",
        "施設・場所名": "加計呂麻園",
        "住所": "鹿児島県瀬戸内町伊子茂187-1",
        "指定緊急避難場所との住所同一": "1",
        "その他市町村長が必要と認める事項": null,
        "受入対象者": null,
        "備考": ""
      }
    },
    {
      "type": "Feature",
      "geometry": {
        "type": "Point",
        "coordinates": [
          129.243708,
          28.107479
        ]
      },
      "properties": {
        "NO": "1187",
        "共通ID": "E4652500008111",
        "施設・場所名": "伊子茂小・中学校体育館",
        "住所": "鹿児島県瀬戸内町伊子茂207",
        "指定緊急避難場所との住所同一": "1",
        "その他市町村長が必要と認める事項": null,
        "受入対象者": null,
        "備考": ""
      }
    },
    {
      "type": "Feature",
      "geometry": {
        "type": "Point",
        "coordinates": [
          129.355834,
          28.150058
        ]
      },
      "properties": {
        "NO": "1188",
        "共通ID": "E4652500009111",
        "施設・場所名": "伊須集会所",
        "住所": "鹿児島県瀬戸内町伊須402-2",
        "指定緊急避難場所との住所同一": "1",
        "その他市町村長が必要と認める事項": null,
        "受入対象者": null,
        "備考": ""
      }
    },
    {
      "type": "Feature",
      "geometry": {
        "type": "Point",
        "coordinates": [
          129.249625,
          28.112424
        ]
      },
      "properties": {
        "NO": "1189",
        "共通ID": "E4652500010111",
        "施設・場所名": "於斉高齢者コミュニティーセンター",
        "住所": "鹿児島県瀬戸内町於斉205",
        "指定緊急避難場所との住所同一": "1",
        "その他市町村長が必要と認める事項": null,
        "受入対象者": null,
        "備考": ""
      }
    },
    {
      "type": "Feature",
      "geometry": {
        "type": "Point",
        "coordinates": [
          129.26648,
          28.088764
        ]
      },
      "properties": {
        "NO": "1190",
        "共通ID": "E4652500011111",
        "施設・場所名": "佐知克林業研修集会施設",
        "住所": "鹿児島県瀬戸内町於斉佐知克1844",
        "指定緊急避難場所との住所同一": "1",
        "その他市町村長が必要と認める事項": null,
        "受入対象者": null,
        "備考": ""
      }
    },
    {
      "type": "Feature",
      "geometry": {
        "type": "Point",
        "coordinates": [
          129.272969,
          28.113056
        ]
      },
      "properties": {
        "NO": "1191",
        "共通ID": "E4652500012111",
        "施設・場所名": "押角集会所",
        "住所": "鹿児島県瀬戸内町押角456-5",
        "指定緊急避難場所との住所同一": "1",
        "その他市町村長が必要と認める事項": null,
        "受入対象者": null,
        "備考": ""
      }
    },
    {
      "type": "Feature",
      "geometry": {
        "type": "Point",
        "coordinates": [
          129.343266,
          28.138662
        ]
      },
      "properties": {
        "NO": "1192",
        "共通ID": "E4652500013111",
        "施設・場所名": "嘉鉄集会所",
        "住所": "鹿児島県瀬戸内町嘉鉄322-2",
        "指定緊急避難場所との住所同一": "1",
        "その他市町村長が必要と認める事項": null,
        "受入対象者": null,
        "備考": ""
      }
    },
    {
      "type": "Feature",
      "geometry": {
        "type": "Point",
        "coordinates": [
          129.343986,
          28.138743
        ]
      },
      "properties": {
        "NO": "1193",
        "共通ID": "E4652500014111",
        "施設・場所名": "嘉鉄小学校体育館",
        "住所": "鹿児島県瀬戸内町嘉鉄353",
        "指定緊急避難場所との住所同一": "1",
        "その他市町村長が必要と認める事項": null,
        "受入対象者": null,
        "備考": ""
      }
    },
    {
      "type": "Feature",
      "geometry": {
        "type": "Point",
        "coordinates": [
          129.403769,
          28.193453
        ]
      },
      "properties": {
        "NO": "1194",
        "共通ID": "E4652500015111",
        "施設・場所名": "嘉徳集会所",
        "住所": "鹿児島県瀬戸内町嘉徳422",
        "指定緊急避難場所との住所同一": "1",
        "その他市町村長が必要と認める事項": null,
        "受入対象者": null,
        "備考": ""
      }
    },
    {
      "type": "Feature",
      "geometry": {
        "type": "Point",
        "coordinates": [
          129.218777,
          28.141507
        ]
      },
      "properties": {
        "NO": "1195",
        "共通ID": "E4652500016111",
        "施設・場所名": "嘉入離島住民生活センター",
        "住所": "鹿児島県瀬戸内町嘉入288",
        "指定緊急避難場所との住所同一": "1",
        "その他市町村長が必要と認める事項": null,
        "受入対象者": null,
        "備考": ""
      }
    },
    {
      "type": "Feature",
      "geometry": {
        "type": "Point",
        "coordinates": [
          129.216625,
          28.22956
        ]
      },
      "properties": {
        "NO": "1196",
        "共通ID": "E4652500017111",
        "施設・場所名": "旧花天分校",
        "住所": "鹿児島県瀬戸内町花天120",
        "指定緊急避難場所との住所同一": "1",
        "その他市町村長が必要と認める事項": null,
        "受入対象者": null,
        "備考": ""
      }
    },
    {
      "type": "Feature",
      "geometry": {
        "type": "Point",
        "coordinates": [
          129.239451,
          28.100102
        ]
      },
      "properties": {
        "NO": "1197",
        "共通ID": "E4652500018111",
        "施設・場所名": "花富集会所",
        "住所": "鹿児島県瀬戸内町花富117",
        "指定緊急避難場所との住所同一": "1",
        "その他市町村長が必要と認める事項": null,
        "受入対象者": null,
        "備考": ""
      }
    },
    {
      "type": "Feature",
      "geometry": {
        "type": "Point",
        "coordinates": [
          129.194272,
          28.228112
        ]
      },
      "properties": {
        "NO": "1198",
        "共通ID": "E4652500019111",
        "施設・場所名": "管鈍集会所",
        "住所": "鹿児島県瀬戸内町管鈍149-1",
        "指定緊急避難場所との住所同一": "1",
        "その他市町村長が必要と認める事項": null,
        "受入対象者": null,
        "備考": ""
      }
    },
    {
      "type": "Feature",
      "geometry": {
        "type": "Point",
        "coordinates": [
          129.297726,
          28.169945
        ]
      },
      "properties": {
        "NO": "1199",
        "共通ID": "E4652500020111",
        "施設・場所名": "久根津集会所",
        "住所": "鹿児島県瀬戸内町久根津413",
        "指定緊急避難場所との住所同一": "1",
        "その他市町村長が必要と認める事項": null,
        "受入対象者": null,
        "備考": ""
      }
    },
    {
      "type": "Feature",
      "geometry": {
        "type": "Point",
        "coordinates": [
          129.253389,
          28.233082
        ]
      },
      "properties": {
        "NO": "1200",
        "共通ID": "E4652500021111",
        "施設・場所名": "久慈小・中学校体育館",
        "住所": "鹿児島県瀬戸内町久慈253",
        "指定緊急避難場所との住所同一": "1",
        "その他市町村長が必要と認める事項": null,
        "受入対象者": null,
        "備考": ""
      }
    },
    {
      "type": "Feature",
      "geometry": {
        "type": "Point",
        "coordinates": [
          129.251662,
          28.229604
        ]
      },
      "properties": {
        "NO": "1201",
        "共通ID": "E4652500022111",
        "施設・場所名": "久慈集会所",
        "住所": "鹿児島県瀬戸内町久慈783",
        "指定緊急避難場所との住所同一": "1",
        "その他市町村長が必要と認める事項": null,
        "受入対象者": null,
        "備考": ""
      }
    },
    {
      "type": "Feature",
      "geometry": {
        "type": "Point",
        "coordinates": [
          129.276729,
          28.233233
        ]
      },
      "properties": {
        "NO": "1202",
        "共通ID": "E4652500023111",
        "施設・場所名": "古志集会所",
        "住所": "鹿児島県瀬戸内町古志緑1039",
        "指定緊急避難場所との住所同一": "1",
        "その他市町村長が必要と認める事項": null,
        "受入対象者": null,
        "備考": ""
      }
    },
    {
      "type": "Feature",
      "geometry": {
        "type": "Point",
        "coordinates": [
          129.313009,
          28.155324
        ]
      },
      "properties": {
        "NO": "1203",
        "共通ID": "E4652500025111",
        "施設・場所名": "高丘集会所",
        "住所": "鹿児島県瀬戸内町古仁屋233-3",
        "指定緊急避難場所との住所同一": "1",
        "その他市町村長が必要と認める事項": null,
        "受入対象者": null,
        "備考": ""
      }
    },
    {
      "type": "Feature",
      "geometry": {
        "type": "Point",
        "coordinates": [
          129.312072,
          28.151978
        ]
      },
      "properties": {
        "NO": "1204",
        "共通ID": "E4652500026111",
        "施設・場所名": "古仁屋高等学校体育館",
        "住所": "鹿児島県瀬戸内町古仁屋399-1",
        "指定緊急避難場所との住所同一": "1",
        "その他市町村長が必要と認める事項": null,
        "受入対象者": null,
        "備考": ""
      }
    },
    {
      "type": "Feature",
      "geometry": {
        "type": "Point",
        "coordinates": [
          129.314169,
          28.149568
        ]
      },
      "properties": {
        "NO": "1205",
        "共通ID": "E4652500027111",
        "施設・場所名": "古仁屋小学校体育館",
        "住所": "鹿児島県瀬戸内町古仁屋805",
        "指定緊急避難場所との住所同一": "1",
        "その他市町村長が必要と認める事項": null,
        "受入対象者": null,
        "備考": ""
      }
    },
    {
      "type": "Feature",
      "geometry": {
        "type": "Point",
        "coordinates": [
          129.316401,
          28.150282
        ]
      },
      "properties": {
        "NO": "1206",
        "共通ID": "E4652500028111",
        "施設・場所名": "古仁屋中学校体育館",
        "住所": "鹿児島県瀬戸内町古仁屋842-8",
        "指定緊急避難場所との住所同一": "1",
        "その他市町村長が必要と認める事項": null,
        "受入対象者": null,
        "備考": ""
      }
    },
    {
      "type": "Feature",
      "geometry": {
        "type": "Point",
        "coordinates": [
          129.320685,
          28.13847
        ]
      },
      "properties": {
        "NO": "1207",
        "共通ID": "E4652500029111",
        "施設・場所名": "奄美の園",
        "住所": "鹿児島県瀬戸内町古仁屋芦瀬原1283-27",
        "指定緊急避難場所との住所同一": "",
        "その他市町村長が必要と認める事項": null,
        "受入対象者": null,
        "備考": ""
      }
    },
    {
      "type": "Feature",
      "geometry": {
        "type": "Point",
        "coordinates": [
          129.318334,
          28.143761
        ]
      },
      "properties": {
        "NO": "1208",
        "共通ID": "E4652500030111",
        "施設・場所名": "瀬久井集会所",
        "住所": "鹿児島県瀬戸内町古仁屋瀬久井西15-1",
        "指定緊急避難場所との住所同一": "1",
        "その他市町村長が必要と認める事項": null,
        "受入対象者": null,
        "備考": ""
      }
    },
    {
      "type": "Feature",
      "geometry": {
        "type": "Point",
        "coordinates": [
          129.319972,
          28.144613
        ]
      },
      "properties": {
        "NO": "1209",
        "共通ID": "E4652500031111",
        "施設・場所名": "寿老園",
        "住所": "鹿児島県瀬戸内町古仁屋瀬久井西7-3",
        "指定緊急避難場所との住所同一": "1",
        "その他市町村長が必要と認める事項": null,
        "受入対象者": null,
        "備考": ""
      }
    },
    {
      "type": "Feature",
      "geometry": {
        "type": "Point",
        "coordinates": [
          129.314666,
          28.146519
        ]
      },
      "properties": {
        "NO": "1210",
        "共通ID": "E4652500032112",
        "施設・場所名": "瀬戸内町役場庁舎",
        "住所": "鹿児島県瀬戸内町古仁屋船津23",
        "指定緊急避難場所との住所同一": "1",
        "その他市町村長が必要と認める事項": null,
        "受入対象者": null,
        "備考": ""
      }
    },
    {
      "type": "Feature",
      "geometry": {
        "type": "Point",
        "coordinates": [
          129.314904,
          28.146309
        ]
      },
      "properties": {
        "NO": "1211",
        "共通ID": "E4652500032111",
        "施設・場所名": "すこやか福祉センター",
        "住所": "鹿児島県瀬戸内町古仁屋船津23",
        "指定緊急避難場所との住所同一": "1",
        "その他市町村長が必要と認める事項": null,
        "受入対象者": null,
        "備考": ""
      }
    },
    {
      "type": "Feature",
      "geometry": {
        "type": "Point",
        "coordinates": [
          129.315245,
          28.145782
        ]
      },
      "properties": {
        "NO": "1212",
        "共通ID": "E4652500033111",
        "施設・場所名": "瀬戸内町きゅら島交流館",
        "住所": "鹿児島県瀬戸内町古仁屋船津33",
        "指定緊急避難場所との住所同一": "1",
        "その他市町村長が必要と認める事項": null,
        "受入対象者": null,
        "備考": ""
      }
    },
    {
      "type": "Feature",
      "geometry": {
        "type": "Point",
        "coordinates": [
          129.308982,
          28.145297
        ]
      },
      "properties": {
        "NO": "1213",
        "共通ID": "E4652500034111",
        "施設・場所名": "古仁屋漁港ターミナルビル",
        "住所": "鹿児島県瀬戸内町古仁屋大湊26-14",
        "指定緊急避難場所との住所同一": "1",
        "その他市町村長が必要と認める事項": null,
        "受入対象者": null,
        "備考": ""
      }
    },
    {
      "type": "Feature",
      "geometry": {
        "type": "Point",
        "coordinates": [
          129.204444,
          28.178638
        ]
      },
      "properties": {
        "NO": "1214",
        "共通ID": "E4652500035111",
        "施設・場所名": "薩川中学校体育館",
        "住所": "鹿児島県瀬戸内町薩川150",
        "指定緊急避難場所との住所同一": "",
        "その他市町村長が必要と認める事項": null,
        "受入対象者": null,
        "備考": ""
      }
    },
    {
      "type": "Feature",
      "geometry": {
        "type": "Point",
        "coordinates": [
          129.202257,
          28.180469
        ]
      },
      "properties": {
        "NO": "1215",
        "共通ID": "E4652500036111",
        "施設・場所名": "薩川集会所",
        "住所": "鹿児島県瀬戸内町薩川189",
        "指定緊急避難場所との住所同一": "1",
        "その他市町村長が必要と認める事項": null,
        "受入対象者": null,
        "備考": ""
      }
    },
    {
      "type": "Feature",
      "geometry": {
        "type": "Point",
        "coordinates": [
          129.202729,
          28.180115
        ]
      },
      "properties": {
        "NO": "1216",
        "共通ID": "E4652500037111",
        "施設・場所名": "薩川小学校講堂",
        "住所": "鹿児島県瀬戸内町薩川211",
        "指定緊急避難場所との住所同一": "1",
        "その他市町村長が必要と認める事項": null,
        "受入対象者": null,
        "備考": ""
      }
    },
    {
      "type": "Feature",
      "geometry": {
        "type": "Point",
        "coordinates": [
          129.245131,
          28.149744
        ]
      },
      "properties": {
        "NO": "1217",
        "共通ID": "E4652500039111",
        "施設・場所名": "三浦集会所",
        "住所": "鹿児島県瀬戸内町三浦10",
        "指定緊急避難場所との住所同一": "1",
        "その他市町村長が必要と認める事項": null,
        "受入対象者": null,
        "備考": ""
      }
    },
    {
      "type": "Feature",
      "geometry": {
        "type": "Point",
        "coordinates": [
          129.18546,
          28.185952
        ]
      },
      "properties": {
        "NO": "1218",
        "共通ID": "E4652500040111",
        "施設・場所名": "実久集会所",
        "住所": "鹿児島県瀬戸内町実久179-2",
        "指定緊急避難場所との住所同一": "1",
        "その他市町村長が必要と認める事項": null,
        "受入対象者": null,
        "備考": ""
      }
    },
    {
      "type": "Feature",
      "geometry": {
        "type": "Point",
        "coordinates": [
          129.298552,
          28.222293
        ]
      },
      "properties": {
        "NO": "1219",
        "共通ID": "E4652500041111",
        "施設・場所名": "篠川小・中学校体育館",
        "住所": "鹿児島県瀬戸内町篠川150",
        "指定緊急避難場所との住所同一": "1",
        "その他市町村長が必要と認める事項": null,
        "受入対象者": null,
        "備考": ""
      }
    },
    {
      "type": "Feature",
      "geometry": {
        "type": "Point",
        "coordinates": [
          129.294799,
          28.222393
        ]
      },
      "properties": {
        "NO": "1220",
        "共通ID": "E4652500042111",
        "施設・場所名": "篠川地区振興センター",
        "住所": "鹿児島県瀬戸内町篠川567-1",
        "指定緊急避難場所との住所同一": "1",
        "その他市町村長が必要と認める事項": null,
        "受入対象者": null,
        "備考": ""
      }
    },
    {
      "type": "Feature",
      "geometry": {
        "type": "Point",
        "coordinates": [
          129.210342,
          28.192445
        ]
      },
      "properties": {
        "NO": "1221",
        "共通ID": "E4652500043111",
        "施設・場所名": "芝集会所",
        "住所": "鹿児島県瀬戸内町芝219",
        "指定緊急避難場所との住所同一": "1",
        "その他市町村長が必要と認める事項": null,
        "受入対象者": null,
        "備考": ""
      }
    },
    {
      "type": "Feature",
      "geometry": {
        "type": "Point",
        "coordinates": [
          129.297425,
          28.160946
        ]
      },
      "properties": {
        "NO": "1222",
        "共通ID": "E4652500044111",
        "施設・場所名": "手安集会所",
        "住所": "鹿児島県瀬戸内町手安153",
        "指定緊急避難場所との住所同一": "1",
        "その他市町村長が必要と認める事項": null,
        "受入対象者": null,
        "備考": ""
      }
    },
    {
      "type": "Feature",
      "geometry": {
        "type": "Point",
        "coordinates": [
          129.300329,
          28.151145
        ]
      },
      "properties": {
        "NO": "1223",
        "共通ID": "E4652500045111",
        "施設・場所名": "須手集会所",
        "住所": "鹿児島県瀬戸内町手安785-5",
        "指定緊急避難場所との住所同一": "1",
        "その他市町村長が必要と認める事項": null,
        "受入対象者": null,
        "備考": ""
      }
    },
    {
      "type": "Feature",
      "geometry": {
        "type": "Point",
        "coordinates": [
          129.282403,
          28.085576
        ]
      },
      "properties": {
        "NO": "1224",
        "共通ID": "E4652500046112",
        "施設・場所名": "秋徳小・中学校体育館",
        "住所": "鹿児島県瀬戸内町秋徳245",
        "指定緊急避難場所との住所同一": "1",
        "その他市町村長が必要と認める事項": null,
        "受入対象者": null,
        "備考": ""
      }
    },
    {
      "type": "Feature",
      "geometry": {
        "type": "Point",
        "coordinates": [
          129.282833,
          28.085425
        ]
      },
      "properties": {
        "NO": "1225",
        "共通ID": "E4652500046111",
        "施設・場所名": "秋徳小中学校",
        "住所": "鹿児島県瀬戸内町秋徳245",
        "指定緊急避難場所との住所同一": "1",
        "その他市町村長が必要と認める事項": null,
        "受入対象者": null,
        "備考": ""
      }
    },
    {
      "type": "Feature",
      "geometry": {
        "type": "Point",
        "coordinates": [
          129.284158,
          28.083954
        ]
      },
      "properties": {
        "NO": "1226",
        "共通ID": "E4652500047111",
        "施設・場所名": "秋徳離島住民生活センター",
        "住所": "鹿児島県瀬戸内町秋徳96-1",
        "指定緊急避難場所との住所同一": "1",
        "その他市町村長が必要と認める事項": null,
        "受入対象者": null,
        "備考": ""
      }
    },
    {
      "type": "Feature",
      "geometry": {
        "type": "Point",
        "coordinates": [
          129.314491,
          28.107926
        ]
      },
      "properties": {
        "NO": "1227",
        "共通ID": "E4652500048111",
        "施設・場所名": "諸数集会所",
        "住所": "鹿児島県瀬戸内町諸数252-1",
        "指定緊急避難場所との住所同一": "1",
        "その他市町村長が必要と認める事項": null,
        "受入対象者": null,
        "備考": ""
      }
    },
    {
      "type": "Feature",
      "geometry": {
        "type": "Point",
        "coordinates": [
          129.326103,
          28.091454
        ]
      },
      "properties": {
        "NO": "1228",
        "共通ID": "E4652500049111",
        "施設・場所名": "諸鈍離島住民生活センター",
        "住所": "鹿児島県瀬戸内町諸鈍295",
        "指定緊急避難場所との住所同一": "",
        "その他市町村長が必要と認める事項": null,
        "受入対象者": null,
        "備考": ""
      }
    },
    {
      "type": "Feature",
      "geometry": {
        "type": "Point",
        "coordinates": [
          129.325463,
          28.093541
        ]
      },
      "properties": {
        "NO": "1229",
        "共通ID": "E4652500051111",
        "施設・場所名": "加計呂麻島展示　体験交流館",
        "住所": "鹿児島県瀬戸内町諸鈍316",
        "指定緊急避難場所との住所同一": "1",
        "その他市町村長が必要と認める事項": null,
        "受入対象者": null,
        "備考": ""
      }
    },
    {
      "type": "Feature",
      "geometry": {
        "type": "Point",
        "coordinates": [
          129.326098,
          28.094596
        ]
      },
      "properties": {
        "NO": "1230",
        "共通ID": "E4652500052111",
        "施設・場所名": "諸鈍小・中学校体育館",
        "住所": "鹿児島県瀬戸内町諸鈍371",
        "指定緊急避難場所との住所同一": "1",
        "その他市町村長が必要と認める事項": null,
        "受入対象者": null,
        "備考": ""
      }
    },
    {
      "type": "Feature",
      "geometry": {
        "type": "Point",
        "coordinates": [
          129.346848,
          28.174954
        ]
      },
      "properties": {
        "NO": "1231",
        "共通ID": "E4652500054111",
        "施設・場所名": "勝浦集会所",
        "住所": "鹿児島県瀬戸内町勝浦177",
        "指定緊急避難場所との住所同一": "",
        "その他市町村長が必要と認める事項": null,
        "受入対象者": null,
        "備考": ""
      }
    },
    {
      "type": "Feature",
      "geometry": {
        "type": "Point",
        "coordinates": [
          129.295327,
          28.107356
        ]
      },
      "properties": {
        "NO": "1232",
        "共通ID": "E4652500055111",
        "施設・場所名": "勝能離島住民生活センター",
        "住所": "鹿児島県瀬戸内町勝能887-2",
        "指定緊急避難場所との住所同一": "1",
        "その他市町村長が必要と認める事項": null,
        "受入対象者": null,
        "備考": ""
      }
    },
    {
      "type": "Feature",
      "geometry": {
        "type": "Point",
        "coordinates": [
          129.280714,
          28.196209
        ]
      },
      "properties": {
        "NO": "1233",
        "共通ID": "E4652500056111",
        "施設・場所名": "小名瀬林業研修館",
        "住所": "鹿児島県瀬戸内町小名瀬122",
        "指定緊急避難場所との住所同一": "1",
        "その他市町村長が必要と認める事項": null,
        "受入対象者": null,
        "備考": ""
      }
    },
    {
      "type": "Feature",
      "geometry": {
        "type": "Point",
        "coordinates": [
          129.210956,
          28.146254
        ]
      },
      "properties": {
        "NO": "1234",
        "共通ID": "E4652500057111",
        "施設・場所名": "須子茂集会所",
        "住所": "鹿児島県瀬戸内町須子茂62",
        "指定緊急避難場所との住所同一": "1",
        "その他市町村長が必要と認める事項": null,
        "受入対象者": null,
        "備考": ""
      }
    },
    {
      "type": "Feature",
      "geometry": {
        "type": "Point",
        "coordinates": [
          129.244651,
          28.12289
        ]
      },
      "properties": {
        "NO": "1235",
        "共通ID": "E4652500058111",
        "施設・場所名": "瀬相集会所",
        "住所": "鹿児島県瀬戸内町瀬相92-1",
        "指定緊急避難場所との住所同一": "1",
        "その他市町村長が必要と認める事項": null,
        "受入対象者": null,
        "備考": ""
      }
    },
    {
      "type": "Feature",
      "geometry": {
        "type": "Point",
        "coordinates": [
          129.209962,
          28.165899
        ]
      },
      "properties": {
        "NO": "1236",
        "共通ID": "E4652500059111",
        "施設・場所名": "瀬武集会所",
        "住所": "鹿児島県瀬戸内町瀬武115",
        "指定緊急避難場所との住所同一": "1",
        "その他市町村長が必要と認める事項": null,
        "受入対象者": null,
        "備考": ""
      }
    },
    {
      "type": "Feature",
      "geometry": {
        "type": "Point",
        "coordinates": [
          129.328142,
          28.135807
        ]
      },
      "properties": {
        "NO": "1237",
        "共通ID": "E4652500060111",
        "施設・場所名": "ゼログラビティ",
        "住所": "鹿児島県瀬戸内町清水122",
        "指定緊急避難場所との住所同一": "1",
        "その他市町村長が必要と認める事項": null,
        "受入対象者": null,
        "備考": ""
      }
    },
    {
      "type": "Feature",
      "geometry": {
        "type": "Point",
        "coordinates": [
          129.328886,
          28.135919
        ]
      },
      "properties": {
        "NO": "1238",
        "共通ID": "E4652500061111",
        "施設・場所名": "清水集会所",
        "住所": "鹿児島県瀬戸内町清水137",
        "指定緊急避難場所との住所同一": "1",
        "その他市町村長が必要と認める事項": null,
        "受入対象者": null,
        "備考": ""
      }
    },
    {
      "type": "Feature",
      "geometry": {
        "type": "Point",
        "coordinates": [
          129.328547,
          28.141119
        ]
      },
      "properties": {
        "NO": "1239",
        "共通ID": "E4652500062111",
        "施設・場所名": "清水公園総合　体育館",
        "住所": "鹿児島県瀬戸内町清水392",
        "指定緊急避難場所との住所同一": "1",
        "その他市町村長が必要と認める事項": null,
        "受入対象者": null,
        "備考": ""
      }
    },
    {
      "type": "Feature",
      "geometry": {
        "type": "Point",
        "coordinates": [
          129.325362,
          28.105419
        ]
      },
      "properties": {
        "NO": "1240",
        "共通ID": "E4652500063111",
        "施設・場所名": "生間林業研修館",
        "住所": "鹿児島県瀬戸内町生間167-1",
        "指定緊急避難場所との住所同一": "1",
        "その他市町村長が必要と認める事項": null,
        "受入対象者": null,
        "備考": ""
      }
    },
    {
      "type": "Feature",
      "geometry": {
        "type": "Point",
        "coordinates": [
          129.222101,
          28.111738
        ]
      },
      "properties": {
        "NO": "1241",
        "共通ID": "E4652500064111",
        "施設・場所名": "西阿室小学校",
        "住所": "鹿児島県瀬戸内町西阿室135",
        "指定緊急避難場所との住所同一": "1",
        "その他市町村長が必要と認める事項": null,
        "受入対象者": null,
        "備考": ""
      }
    },
    {
      "type": "Feature",
      "geometry": {
        "type": "Point",
        "coordinates": [
          129.222299,
          28.111559
        ]
      },
      "properties": {
        "NO": "1242",
        "共通ID": "E4652500064112",
        "施設・場所名": "西阿室小学校体育館",
        "住所": "鹿児島県瀬戸内町西阿室135",
        "指定緊急避難場所との住所同一": "1",
        "その他市町村長が必要と認める事項": null,
        "受入対象者": null,
        "備考": ""
      }
    },
    {
      "type": "Feature",
      "geometry": {
        "type": "Point",
        "coordinates": [
          129.22238,
          28.111275
        ]
      },
      "properties": {
        "NO": "1243",
        "共通ID": "E4652500065111",
        "施設・場所名": "西阿室離島住民生活センター",
        "住所": "鹿児島県瀬戸内町西阿室146-5",
        "指定緊急避難場所との住所同一": "1",
        "その他市町村長が必要と認める事項": null,
        "受入対象者": null,
        "備考": ""
      }
    },
    {
      "type": "Feature",
      "geometry": {
        "type": "Point",
        "coordinates": [
          129.171415,
          28.240876
        ]
      },
      "properties": {
        "NO": "1244",
        "共通ID": "E4652500066111",
        "施設・場所名": "西古見防災コミュニティセンター",
        "住所": "鹿児島県瀬戸内町西古見603-1",
        "指定緊急避難場所との住所同一": "1",
        "その他市町村長が必要と認める事項": null,
        "受入対象者": null,
        "備考": ""
      }
    },
    {
      "type": "Feature",
      "geometry": {
        "type": "Point",
        "coordinates": [
          129.254162,
          28.028547
        ]
      },
      "properties": {
        "NO": "1245",
        "共通ID": "E4652500067111",
        "施設・場所名": "請阿室集会所",
        "住所": "鹿児島県瀬戸内町請阿室401-1",
        "指定緊急避難場所との住所同一": "1",
        "その他市町村長が必要と認める事項": null,
        "受入対象者": null,
        "備考": ""
      }
    },
    {
      "type": "Feature",
      "geometry": {
        "type": "Point",
        "coordinates": [
          129.380265,
          28.166478
        ]
      },
      "properties": {
        "NO": "1246",
        "共通ID": "E4652500068111",
        "施設・場所名": "節子集会所",
        "住所": "鹿児島県瀬戸内町節子1201",
        "指定緊急避難場所との住所同一": "1",
        "その他市町村長が必要と認める事項": null,
        "受入対象者": null,
        "備考": ""
      }
    },
    {
      "type": "Feature",
      "geometry": {
        "type": "Point",
        "coordinates": [
          129.359949,
          28.135818
        ]
      },
      "properties": {
        "NO": "1247",
        "共通ID": "E4652500069111",
        "施設・場所名": "蘇刈集会所",
        "住所": "鹿児島県瀬戸内町蘇刈447",
        "指定緊急避難場所との住所同一": "1",
        "その他市町村長が必要と認める事項": null,
        "受入対象者": null,
        "備考": ""
      }
    },
    {
      "type": "Feature",
      "geometry": {
        "type": "Point",
        "coordinates": [
          129.238192,
          28.030108
        ]
      },
      "properties": {
        "NO": "1248",
        "共通ID": "E4652500070111",
        "施設・場所名": "池地小学校体育館",
        "住所": "鹿児島県瀬戸内町池地329",
        "指定緊急避難場所との住所同一": "1",
        "その他市町村長が必要と認める事項": null,
        "受入対象者": null,
        "備考": ""
      }
    },
    {
      "type": "Feature",
      "geometry": {
        "type": "Point",
        "coordinates": [
          129.232479,
          28.030729
        ]
      },
      "properties": {
        "NO": "1249",
        "共通ID": "E4652500071111",
        "施設・場所名": "池地集会所",
        "住所": "鹿児島県瀬戸内町池地638",
        "指定緊急避難場所との住所同一": "1",
        "その他市町村長が必要と認める事項": null,
        "受入対象者": null,
        "備考": ""
      }
    },
    {
      "type": "Feature",
      "geometry": {
        "type": "Point",
        "coordinates": [
          129.339579,
          28.111702
        ]
      },
      "properties": {
        "NO": "1250",
        "共通ID": "E4652500074111",
        "施設・場所名": "渡連集会所",
        "住所": "鹿児島県瀬戸内町度連227",
        "指定緊急避難場所との住所同一": "",
        "その他市町村長が必要と認める事項": null,
        "受入対象者": null,
        "備考": ""
      }
    },
    {
      "type": "Feature",
      "geometry": {
        "type": "Point",
        "coordinates": [
          129.345909,
          28.107571
        ]
      },
      "properties": {
        "NO": "1251",
        "共通ID": "E4652500075111",
        "施設・場所名": "安脚場集会所",
        "住所": "鹿児島県瀬戸内町度連896",
        "指定緊急避難場所との住所同一": "",
        "その他市町村長が必要と認める事項": null,
        "受入対象者": null,
        "備考": ""
      }
    },
    {
      "type": "Feature",
      "geometry": {
        "type": "Point",
        "coordinates": [
          129.328587,
          28.074249
        ]
      },
      "properties": {
        "NO": "1252",
        "共通ID": "E4652500076111",
        "施設・場所名": "徳浜離島住民生活センター",
        "住所": "鹿児島県瀬戸内町徳浜1170",
        "指定緊急避難場所との住所同一": "1",
        "その他市町村長が必要と認める事項": null,
        "受入対象者": null,
        "備考": ""
      }
    },
    {
      "type": "Feature",
      "geometry": {
        "type": "Point",
        "coordinates": [
          129.239173,
          28.135637
        ]
      },
      "properties": {
        "NO": "1253",
        "共通ID": "E4652500077111",
        "施設・場所名": "俵中学校体育館",
        "住所": "鹿児島県瀬戸内町俵1126",
        "指定緊急避難場所との住所同一": "1",
        "その他市町村長が必要と認める事項": null,
        "受入対象者": null,
        "備考": ""
      }
    },
    {
      "type": "Feature",
      "geometry": {
        "type": "Point",
        "coordinates": [
          129.241515,
          28.135999
        ]
      },
      "properties": {
        "NO": "1254",
        "共通ID": "E4652500079111",
        "施設・場所名": "俵コミュニティーセンター",
        "住所": "鹿児島県瀬戸内町俵23",
        "指定緊急避難場所との住所同一": "1",
        "その他市町村長が必要と認める事項": null,
        "受入対象者": null,
        "備考": ""
      }
    },
    {
      "type": "Feature",
      "geometry": {
        "type": "Point",
        "coordinates": [
          129.232848,
          28.153453
        ]
      },
      "properties": {
        "NO": "1255",
        "共通ID": "E4652500080111",
        "施設・場所名": "武名離島住民生活センター",
        "住所": "鹿児島県瀬戸内町武名39",
        "指定緊急避難場所との住所同一": "1",
        "その他市町村長が必要と認める事項": null,
        "受入対象者": null,
        "備考": ""
      }
    },
    {
      "type": "Feature",
      "geometry": {
        "type": "Point",
        "coordinates": [
          129.263365,
          28.163232
        ]
      },
      "properties": {
        "NO": "1256",
        "共通ID": "E4652500081111",
        "施設・場所名": "知之浦集会所",
        "住所": "鹿児島県瀬戸内町武名前田原579",
        "指定緊急避難場所との住所同一": "1",
        "その他市町村長が必要と認める事項": null,
        "受入対象者": null,
        "備考": ""
      }
    },
    {
      "type": "Feature",
      "geometry": {
        "type": "Point",
        "coordinates": [
          129.36227,
          28.169579
        ]
      },
      "properties": {
        "NO": "1257",
        "共通ID": "E4652500082111",
        "施設・場所名": "網野子集会所",
        "住所": "鹿児島県瀬戸内町網野子189",
        "指定緊急避難場所との住所同一": "1",
        "その他市町村長が必要と認める事項": null,
        "受入対象者": null,
        "備考": ""
      }
    },
    {
      "type": "Feature",
      "geometry": {
        "type": "Point",
        "coordinates": [
          129.220097,
          28.158565
        ]
      },
      "properties": {
        "NO": "1258",
        "共通ID": "E4652500083111",
        "施設・場所名": "木慈集会所",
        "住所": "鹿児島県瀬戸内町木慈113",
        "指定緊急避難場所との住所同一": "1",
        "その他市町村長が必要と認める事項": null,
        "受入対象者": null,
        "備考": ""
      }
    },
    {
      "type": "Feature",
      "geometry": {
        "type": "Point",
        "coordinates": [
          129.29123,
          28.094189
        ]
      },
      "properties": {
        "NO": "1259",
        "共通ID": "E4652500084111",
        "施設・場所名": "野見山青少年研修センター",
        "住所": "鹿児島県瀬戸内町野見山361",
        "指定緊急避難場所との住所同一": "1",
        "その他市町村長が必要と認める事項": null,
        "受入対象者": null,
        "備考": ""
      }
    },
    {
      "type": "Feature",
      "geometry": {
        "type": "Point",
        "coordinates": [
          129.292964,
          28.182492
        ]
      },
      "properties": {
        "NO": "1260",
        "共通ID": "E4652500085111",
        "施設・場所名": "油井集会所",
        "住所": "鹿児島県瀬戸内町油井602",
        "指定緊急避難場所との住所同一": "1",
        "その他市町村長が必要と認める事項": null,
        "受入対象者": null,
        "備考": ""
      }
    },
    {
      "type": "Feature",
      "geometry": {
        "type": "Point",
        "coordinates": [
          129.293379,
          28.182304
        ]
      },
      "properties": {
        "NO": "1261",
        "共通ID": "E4652500086111",
        "施設・場所名": "油井小・中学校体育館",
        "住所": "鹿児島県瀬戸内町油井603-1",
        "指定緊急避難場所との住所同一": "1",
        "その他市町村長が必要と認める事項": null,
        "受入対象者": null,
        "備考": ""
      }
    },
    {
      "type": "Feature",
      "geometry": {
        "type": "Point",
        "coordinates": [
          129.164091,
          28.044443
        ]
      },
      "properties": {
        "NO": "1262",
        "共通ID": "E4652500087111",
        "施設・場所名": "与路離島住民生活センター",
        "住所": "鹿児島県瀬戸内町与路383",
        "指定緊急避難場所との住所同一": "1",
        "その他市町村長が必要と認める事項": null,
        "受入対象者": null,
        "備考": ""
      }
    },
    {
      "type": "Feature",
      "geometry": {
        "type": "Point",
        "coordinates": [
          129.163649,
          28.044602
        ]
      },
      "properties": {
        "NO": "1263",
        "共通ID": "E4652500088111",
        "施設・場所名": "与路小・中学校体育館",
        "住所": "鹿児島県瀬戸内町与路484",
        "指定緊急避難場所との住所同一": "1",
        "その他市町村長が必要と認める事項": null,
        "受入対象者": null,
        "備考": ""
      }
    },
    {
      "type": "Feature",
      "geometry": {
        "type": "Point",
        "coordinates": [
          131.043995,
          30.652252
        ]
      },
      "properties": {
        "NO": "1264",
        "共通ID": "E4621300001111",
        "施設・場所名": "安城小学校",
        "住所": "鹿児島県西之表市安城1006",
        "指定緊急避難場所との住所同一": "",
        "その他市町村長が必要と認める事項": null,
        "受入対象者": null,
        "備考": ""
      }
    },
    {
      "type": "Feature",
      "geometry": {
        "type": "Point",
        "coordinates": [
          131.046371,
          30.612537
        ]
      },
      "properties": {
        "NO": "1265",
        "共通ID": "E4621300004111",
        "施設・場所名": "立山小学校",
        "住所": "鹿児島県西之表市安城2959",
        "指定緊急避難場所との住所同一": "",
        "その他市町村長が必要と認める事項": null,
        "受入対象者": null,
        "備考": ""
      }
    },
    {
      "type": "Feature",
      "geometry": {
        "type": "Point",
        "coordinates": [
          130.99757,
          30.609133
        ]
      },
      "properties": {
        "NO": "1266",
        "共通ID": "E4621300006111",
        "施設・場所名": "（旧）鴻峰小学校",
        "住所": "鹿児島県西之表市安城3517",
        "指定緊急避難場所との住所同一": "1",
        "その他市町村長が必要と認める事項": null,
        "受入対象者": null,
        "備考": ""
      }
    },
    {
      "type": "Feature",
      "geometry": {
        "type": "Point",
        "coordinates": [
          131.061176,
          30.7309
        ]
      },
      "properties": {
        "NO": "1267",
        "共通ID": "E4621300007111",
        "施設・場所名": "安納小学校",
        "住所": "鹿児島県西之表市安納976",
        "指定緊急避難場所との住所同一": "1",
        "その他市町村長が必要と認める事項": null,
        "受入対象者": null,
        "備考": ""
      }
    },
    {
      "type": "Feature",
      "geometry": {
        "type": "Point",
        "coordinates": [
          131.069798,
          30.770472
        ]
      },
      "properties": {
        "NO": "1268",
        "共通ID": "E4621300009111",
        "施設・場所名": "伊関小学校",
        "住所": "鹿児島県西之表市伊関461-1",
        "指定緊急避難場所との住所同一": "1",
        "その他市町村長が必要と認める事項": null,
        "受入対象者": null,
        "備考": ""
      }
    },
    {
      "type": "Feature",
      "geometry": {
        "type": "Point",
        "coordinates": [
          130.992889,
          30.724413
        ]
      },
      "properties": {
        "NO": "1269",
        "共通ID": "E4621300010111",
        "施設・場所名": "市民体育館",
        "住所": "鹿児島県西之表市鴨女町242",
        "指定緊急避難場所との住所同一": "1",
        "その他市町村長が必要と認める事項": null,
        "受入対象者": null,
        "備考": ""
      }
    },
    {
      "type": "Feature",
      "geometry": {
        "type": "Point",
        "coordinates": [
          131.064727,
          30.69559
        ]
      },
      "properties": {
        "NO": "1270",
        "共通ID": "E4621300011111",
        "施設・場所名": "（旧）現和中学校",
        "住所": "鹿児島県西之表市現和2922",
        "指定緊急避難場所との住所同一": "",
        "その他市町村長が必要と認める事項": null,
        "受入対象者": null,
        "備考": ""
      }
    },
    {
      "type": "Feature",
      "geometry": {
        "type": "Point",
        "coordinates": [
          131.058344,
          30.697161
        ]
      },
      "properties": {
        "NO": "1271",
        "共通ID": "E4621300012111",
        "施設・場所名": "現和小学校",
        "住所": "鹿児島県西之表市現和6232",
        "指定緊急避難場所との住所同一": "",
        "その他市町村長が必要と認める事項": null,
        "受入対象者": null,
        "備考": ""
      }
    },
    {
      "type": "Feature",
      "geometry": {
        "type": "Point",
        "coordinates": [
          131.003987,
          30.658238
        ]
      },
      "properties": {
        "NO": "1272",
        "共通ID": "E4621300014111",
        "施設・場所名": "（旧）古田中学校",
        "住所": "鹿児島県西之表市古田1225",
        "指定緊急避難場所との住所同一": "1",
        "その他市町村長が必要と認める事項": null,
        "受入対象者": null,
        "備考": ""
      }
    },
    {
      "type": "Feature",
      "geometry": {
        "type": "Point",
        "coordinates": [
          131.004026,
          30.65829
        ]
      },
      "properties": {
        "NO": "1273",
        "共通ID": "E4621300014112",
        "施設・場所名": "古田小学校",
        "住所": "鹿児島県西之表市古田1225",
        "指定緊急避難場所との住所同一": "1",
        "その他市町村長が必要と認める事項": null,
        "受入対象者": null,
        "備考": ""
      }
    },
    {
      "type": "Feature",
      "geometry": {
        "type": "Point",
        "coordinates": [
          131.036527,
          30.80898
        ]
      },
      "properties": {
        "NO": "1274",
        "共通ID": "E4621300016111",
        "施設・場所名": "国上小学校",
        "住所": "鹿児島県西之表市国上2181",
        "指定緊急避難場所との住所同一": "",
        "その他市町村長が必要と認める事項": null,
        "受入対象者": null,
        "備考": ""
      }
    },
    {
      "type": "Feature",
      "geometry": {
        "type": "Point",
        "coordinates": [
          131.006855,
          30.737086
        ]
      },
      "properties": {
        "NO": "1275",
        "共通ID": "E4621300017111",
        "施設・場所名": "老人福祉センター",
        "住所": "鹿児島県西之表市桜が丘7779-94",
        "指定緊急避難場所との住所同一": "1",
        "その他市町村長が必要と認める事項": null,
        "受入対象者": null,
        "備考": ""
      }
    },
    {
      "type": "Feature",
      "geometry": {
        "type": "Point",
        "coordinates": [
          130.947526,
          30.669188
        ]
      },
      "properties": {
        "NO": "1276",
        "共通ID": "E4621300018111",
        "施設・場所名": "住吉小学校",
        "住所": "鹿児島県西之表市住吉3551",
        "指定緊急避難場所との住所同一": "1",
        "その他市町村長が必要と認める事項": null,
        "受入対象者": null,
        "備考": ""
      }
    },
    {
      "type": "Feature",
      "geometry": {
        "type": "Point",
        "coordinates": [
          130.995533,
          30.723196
        ]
      },
      "properties": {
        "NO": "1277",
        "共通ID": "E4621300019111",
        "施設・場所名": "かもめ児童館",
        "住所": "鹿児島県西之表市西之表14414-2",
        "指定緊急避難場所との住所同一": "",
        "その他市町村長が必要と認める事項": null,
        "受入対象者": null,
        "備考": ""
      }
    },
    {
      "type": "Feature",
      "geometry": {
        "type": "Point",
        "coordinates": [
          130.99059,
          30.722811
        ]
      },
      "properties": {
        "NO": "1278",
        "共通ID": "E4621300020111",
        "施設・場所名": "勤労青少年ホーム",
        "住所": "鹿児島県西之表市西之表15128-1",
        "指定緊急避難場所との住所同一": "",
        "その他市町村長が必要と認める事項": null,
        "受入対象者": null,
        "備考": ""
      }
    },
    {
      "type": "Feature",
      "geometry": {
        "type": "Point",
        "coordinates": [
          130.988138,
          30.719191
        ]
      },
      "properties": {
        "NO": "1279",
        "共通ID": "E4621300021111",
        "施設・場所名": "下西小学校",
        "住所": "鹿児島県西之表市西之表15358",
        "指定緊急避難場所との住所同一": "1",
        "その他市町村長が必要と認める事項": null,
        "受入対象者": null,
        "備考": ""
      }
    },
    {
      "type": "Feature",
      "geometry": {
        "type": "Point",
        "coordinates": [
          131.001601,
          30.742548
        ]
      },
      "properties": {
        "NO": "1280",
        "共通ID": "E4621300022111",
        "施設・場所名": "美浜児童センター",
        "住所": "鹿児島県西之表市西之表6386-3",
        "指定緊急避難場所との住所同一": "",
        "その他市町村長が必要と認める事項": null,
        "受入対象者": null,
        "備考": ""
      }
    },
    {
      "type": "Feature",
      "geometry": {
        "type": "Point",
        "coordinates": [
          130.998217,
          30.737255
        ]
      },
      "properties": {
        "NO": "1281",
        "共通ID": "E4621300023111",
        "施設・場所名": "種子島中学校",
        "住所": "鹿児島県西之表市西之表7376",
        "指定緊急避難場所との住所同一": "",
        "その他市町村長が必要と認める事項": null,
        "受入対象者": null,
        "備考": ""
      }
    },
    {
      "type": "Feature",
      "geometry": {
        "type": "Point",
        "coordinates": [
          131.000565,
          30.734141
        ]
      },
      "properties": {
        "NO": "1282",
        "共通ID": "E4621300024111",
        "施設・場所名": "榕城小学校",
        "住所": "鹿児島県西之表市西之表7545",
        "指定緊急避難場所との住所同一": "",
        "その他市町村長が必要と認める事項": null,
        "受入対象者": null,
        "備考": ""
      }
    },
    {
      "type": "Feature",
      "geometry": {
        "type": "Point",
        "coordinates": [
          130.996924,
          30.732947
        ]
      },
      "properties": {
        "NO": "1283",
        "共通ID": "E4621300025111",
        "施設・場所名": "市民会館",
        "住所": "鹿児島県西之表市西之表7600",
        "指定緊急避難場所との住所同一": "1",
        "その他市町村長が必要と認める事項": null,
        "受入対象者": null,
        "備考": ""
      }
    },
    {
      "type": "Feature",
      "geometry": {
        "type": "Point",
        "coordinates": [
          130.997607,
          30.732762
        ]
      },
      "properties": {
        "NO": "1284",
        "共通ID": "E4621300026111",
        "施設・場所名": "保健センターすこやか",
        "住所": "鹿児島県西之表市西之表7612",
        "指定緊急避難場所との住所同一": "1",
        "その他市町村長が必要と認める事項": null,
        "受入対象者": null,
        "備考": ""
      }
    },
    {
      "type": "Feature",
      "geometry": {
        "type": "Point",
        "coordinates": [
          130.999405,
          30.734222
        ]
      },
      "properties": {
        "NO": "1285",
        "共通ID": "E4621300027111",
        "施設・場所名": "（旧）榕城中学校",
        "住所": "鹿児島県西之表市西之表7617-4",
        "指定緊急避難場所との住所同一": "",
        "その他市町村長が必要と認める事項": null,
        "受入対象者": null,
        "備考": ""
      }
    },
    {
      "type": "Feature",
      "geometry": {
        "type": "Point",
        "coordinates": [
          131.008833,
          30.751815
        ]
      },
      "properties": {
        "NO": "1286",
        "共通ID": "E4621300028111",
        "施設・場所名": "上西小学校",
        "住所": "鹿児島県西之表市西之表874",
        "指定緊急避難場所との住所同一": "",
        "その他市町村長が必要と認める事項": null,
        "受入対象者": null,
        "備考": ""
      }
    },
    {
      "type": "Feature",
      "geometry": {
        "type": "Point",
        "coordinates": [
          131.011479,
          31.741692
        ]
      },
      "properties": {
        "NO": "1287",
        "共通ID": "E4621700001121",
        "施設・場所名": "財部温泉健康センター",
        "住所": "鹿児島県曽於市財部町下財部357-1",
        "指定緊急避難場所との住所同一": "",
        "その他市町村長が必要と認める事項": null,
        "受入対象者": "高齢者及び障害者等市が必要だと判断する者",
        "備考": ""
      }
    },
    {
      "type": "Feature",
      "geometry": {
        "type": "Point",
        "coordinates": [
          130.974638,
          31.77375
        ]
      },
      "properties": {
        "NO": "1288",
        "共通ID": "E4621700002111",
        "施設・場所名": "曽於市立中谷小学校体育館",
        "住所": "鹿児島県曽於市財部町下財部5084",
        "指定緊急避難場所との住所同一": "1",
        "その他市町村長が必要と認める事項": null,
        "受入対象者": null,
        "備考": ""
      }
    },
    {
      "type": "Feature",
      "geometry": {
        "type": "Point",
        "coordinates": [
          130.979988,
          31.769133
        ]
      },
      "properties": {
        "NO": "1289",
        "共通ID": "E4621700003111",
        "施設・場所名": "中谷地区公民館",
        "住所": "鹿児島県曽於市財部町下財部5086-2",
        "指定緊急避難場所との住所同一": "1",
        "その他市町村長が必要と認める事項": null,
        "受入対象者": null,
        "備考": ""
      }
    },
    {
      "type": "Feature",
      "geometry": {
        "type": "Point",
        "coordinates": [
          130.925135,
          31.771012
        ]
      },
      "properties": {
        "NO": "1290",
        "共通ID": "E4621700004111",
        "施設・場所名": "財部北地区生活改善センター",
        "住所": "鹿児島県曽於市財部町下財部6650",
        "指定緊急避難場所との住所同一": "1",
        "その他市町村長が必要と認める事項": null,
        "受入対象者": null,
        "備考": ""
      }
    },
    {
      "type": "Feature",
      "geometry": {
        "type": "Point",
        "coordinates": [
          130.991699,
          31.725154
        ]
      },
      "properties": {
        "NO": "1291",
        "共通ID": "E4621700005112",
        "施設・場所名": "財部中央公民館",
        "住所": "鹿児島県曽於市財部町南俣460-1",
        "指定緊急避難場所との住所同一": "1",
        "その他市町村長が必要と認める事項": null,
        "受入対象者": null,
        "備考": ""
      }
    },
    {
      "type": "Feature",
      "geometry": {
        "type": "Point",
        "coordinates": [
          130.991973,
          31.724889
        ]
      },
      "properties": {
        "NO": "1292",
        "共通ID": "E4621700005111",
        "施設・場所名": "財部きらめきセンター",
        "住所": "鹿児島県曽於市財部町南俣460-1",
        "指定緊急避難場所との住所同一": "1",
        "その他市町村長が必要と認める事項": null,
        "受入対象者": null,
        "備考": ""
      }
    },
    {
      "type": "Feature",
      "geometry": {
        "type": "Point",
        "coordinates": [
          130.992266,
          31.723396
        ]
      },
      "properties": {
        "NO": "1293",
        "共通ID": "E4621700006111",
        "施設・場所名": "財部保健福祉センター",
        "住所": "鹿児島県曽於市財部町南俣504-1",
        "指定緊急避難場所との住所同一": "1",
        "その他市町村長が必要と認める事項": null,
        "受入対象者": null,
        "備考": ""
      }
    },
    {
      "type": "Feature",
      "geometry": {
        "type": "Point",
        "coordinates": [
          130.992266,
          31.723396
        ]
      },
      "properties": {
        "NO": "1294",
        "共通ID": "E4621700006122",
        "施設・場所名": "財部保健福祉センター",
        "住所": "鹿児島県曽於市財部町南俣504-1",
        "指定緊急避難場所との住所同一": "1",
        "その他市町村長が必要と認める事項": null,
        "受入対象者": "高齢者及び障害者等市が必要だと判断する者",
        "備考": ""
      }
    },
    {
      "type": "Feature",
      "geometry": {
        "type": "Point",
        "coordinates": [
          130.992235,
          31.723406
        ]
      },
      "properties": {
        "NO": "1295",
        "共通ID": "E4621700006121",
        "施設・場所名": "財部子育て支援センター",
        "住所": "鹿児島県曽於市財部町南俣504-1",
        "指定緊急避難場所との住所同一": "1",
        "その他市町村長が必要と認める事項": null,
        "受入対象者": "高齢者及び障害者等市が必要だと判断する者",
        "備考": ""
      }
    },
    {
      "type": "Feature",
      "geometry": {
        "type": "Point",
        "coordinates": [
          130.940116,
          31.69813
        ]
      },
      "properties": {
        "NO": "1296",
        "共通ID": "E4621700007111",
        "施設・場所名": "曽於市立財部南小学校体育館",
        "住所": "鹿児島県曽於市財部町南俣5322",
        "指定緊急避難場所との住所同一": "1",
        "その他市町村長が必要と認める事項": null,
        "受入対象者": null,
        "備考": ""
      }
    },
    {
      "type": "Feature",
      "geometry": {
        "type": "Point",
        "coordinates": [
          130.940745,
          31.699007
        ]
      },
      "properties": {
        "NO": "1297",
        "共通ID": "E4621700008111",
        "施設・場所名": "財部南地区公民館",
        "住所": "鹿児島県曽於市財部町南俣5323",
        "指定緊急避難場所との住所同一": "1",
        "その他市町村長が必要と認める事項": null,
        "受入対象者": null,
        "備考": ""
      }
    },
    {
      "type": "Feature",
      "geometry": {
        "type": "Point",
        "coordinates": [
          130.981598,
          31.726405
        ]
      },
      "properties": {
        "NO": "1298",
        "共通ID": "E4621700010111",
        "施設・場所名": "財部農業者トレーニングセンター",
        "住所": "鹿児島県曽於市財部町北俣10553-2",
        "指定緊急避難場所との住所同一": "1",
        "その他市町村長が必要と認める事項": null,
        "受入対象者": null,
        "備考": ""
      }
    },
    {
      "type": "Feature",
      "geometry": {
        "type": "Point",
        "coordinates": [
          130.989369,
          31.727193
        ]
      },
      "properties": {
        "NO": "1299",
        "共通ID": "E4621700012111",
        "施設・場所名": "曽於市立財部小学校体育館",
        "住所": "鹿児島県曽於市財部町北俣10882",
        "指定緊急避難場所との住所同一": "1",
        "その他市町村長が必要と認める事項": null,
        "受入対象者": null,
        "備考": ""
      }
    },
    {
      "type": "Feature",
      "geometry": {
        "type": "Point",
        "coordinates": [
          130.928354,
          31.762893
        ]
      },
      "properties": {
        "NO": "1300",
        "共通ID": "E4621700013111",
        "施設・場所名": "旧財部北中学校体育館",
        "住所": "鹿児島県曽於市財部町北俣5410-1",
        "指定緊急避難場所との住所同一": "",
        "その他市町村長が必要と認める事項": null,
        "受入対象者": null,
        "備考": ""
      }
    },
    {
      "type": "Feature",
      "geometry": {
        "type": "Point",
        "coordinates": [
          130.929663,
          31.760809
        ]
      },
      "properties": {
        "NO": "1301",
        "共通ID": "E4621700014111",
        "施設・場所名": "曽於市立財部北小学校体育館",
        "住所": "鹿児島県曽於市財部町北俣5521",
        "指定緊急避難場所との住所同一": "1",
        "その他市町村長が必要と認める事項": null,
        "受入対象者": null,
        "備考": ""
      }
    },
    {
      "type": "Feature",
      "geometry": {
        "type": "Point",
        "coordinates": [
          130.988805,
          31.731461
        ]
      },
      "properties": {
        "NO": "1302",
        "共通ID": "E4621700015111",
        "施設・場所名": "曽於市立財部中学校体育館",
        "住所": "鹿児島県曽於市財部町北俣814",
        "指定緊急避難場所との住所同一": "1",
        "その他市町村長が必要と認める事項": null,
        "受入対象者": null,
        "備考": ""
      }
    },
    {
      "type": "Feature",
      "geometry": {
        "type": "Point",
        "coordinates": [
          131.002027,
          31.58322
        ]
      },
      "properties": {
        "NO": "1303",
        "共通ID": "E4621700016111",
        "施設・場所名": "大隅農産加工センター",
        "住所": "鹿児島県曽於市大隅町下窪町30",
        "指定緊急避難場所との住所同一": "1",
        "その他市町村長が必要と認める事項": null,
        "受入対象者": null,
        "備考": ""
      }
    },
    {
      "type": "Feature",
      "geometry": {
        "type": "Point",
        "coordinates": [
          130.957642,
          31.620197
        ]
      },
      "properties": {
        "NO": "1304",
        "共通ID": "E4621700017111",
        "施設・場所名": "大隅農村環境改善センター",
        "住所": "鹿児島県曽於市大隅町岩川2828-3",
        "指定緊急避難場所との住所同一": "1",
        "その他市町村長が必要と認める事項": null,
        "受入対象者": null,
        "備考": ""
      }
    },
    {
      "type": "Feature",
      "geometry": {
        "type": "Point",
        "coordinates": [
          130.957621,
          31.619528
        ]
      },
      "properties": {
        "NO": "1305",
        "共通ID": "E4621700018111",
        "施設・場所名": "菅牟田小学校特別教室",
        "住所": "鹿児島県曽於市大隅町岩川2856-1",
        "指定緊急避難場所との住所同一": "1",
        "その他市町村長が必要と認める事項": null,
        "受入対象者": null,
        "備考": ""
      }
    },
    {
      "type": "Feature",
      "geometry": {
        "type": "Point",
        "coordinates": [
          130.956809,
          31.619247
        ]
      },
      "properties": {
        "NO": "1306",
        "共通ID": "E4621700018112",
        "施設・場所名": "曽於市立菅牟田小学校体育館",
        "住所": "鹿児島県曽於市大隅町岩川2856-1",
        "指定緊急避難場所との住所同一": "1",
        "その他市町村長が必要と認める事項": null,
        "受入対象者": null,
        "備考": ""
      }
    },
    {
      "type": "Feature",
      "geometry": {
        "type": "Point",
        "coordinates": [
          130.986694,
          31.593622
        ]
      },
      "properties": {
        "NO": "1307",
        "共通ID": "E4621700019111",
        "施設・場所名": "曽於市立岩川小学校体育館",
        "住所": "鹿児島県曽於市大隅町岩川5069",
        "指定緊急避難場所との住所同一": "1",
        "その他市町村長が必要と認める事項": null,
        "受入対象者": null,
        "備考": ""
      }
    },
    {
      "type": "Feature",
      "geometry": {
        "type": "Point",
        "coordinates": [
          130.984844,
          31.595485
        ]
      },
      "properties": {
        "NO": "1308",
        "共通ID": "E4621700020111",
        "施設・場所名": "曽於市立大隅中学校体育館",
        "住所": "鹿児島県曽於市大隅町岩川5146",
        "指定緊急避難場所との住所同一": "1",
        "その他市町村長が必要と認める事項": null,
        "受入対象者": null,
        "備考": ""
      }
    },
    {
      "type": "Feature",
      "geometry": {
        "type": "Point",
        "coordinates": [
          130.990973,
          31.593311
        ]
      },
      "properties": {
        "NO": "1309",
        "共通ID": "E4621700021121",
        "施設・場所名": "大隅デイサービスセンター",
        "住所": "鹿児島県曽於市大隅町岩川6134-1",
        "指定緊急避難場所との住所同一": "",
        "その他市町村長が必要と認める事項": null,
        "受入対象者": "高齢者及び障害者等市が必要だと判断する者",
        "備考": ""
      }
    },
    {
      "type": "Feature",
      "geometry": {
        "type": "Point",
        "coordinates": [
          130.991507,
          31.593185
        ]
      },
      "properties": {
        "NO": "1310",
        "共通ID": "E4621700021122",
        "施設・場所名": "大隅弥五郎伝説の里",
        "住所": "鹿児島県曽於市大隅町岩川6134-1",
        "指定緊急避難場所との住所同一": "",
        "その他市町村長が必要と認める事項": null,
        "受入対象者": "高齢者及び障害者等市が必要だと判断する者",
        "備考": ""
      }
    },
    {
      "type": "Feature",
      "geometry": {
        "type": "Point",
        "coordinates": [
          131.002571,
          31.560662
        ]
      },
      "properties": {
        "NO": "1311",
        "共通ID": "E4621700022111",
        "施設・場所名": "広津田自治公民館",
        "住所": "鹿児島県曽於市大隅町月野3735",
        "指定緊急避難場所との住所同一": "1",
        "その他市町村長が必要と認める事項": null,
        "受入対象者": null,
        "備考": ""
      }
    },
    {
      "type": "Feature",
      "geometry": {
        "type": "Point",
        "coordinates": [
          130.998188,
          31.562308
        ]
      },
      "properties": {
        "NO": "1312",
        "共通ID": "E4621700023111",
        "施設・場所名": "曽於市立月野小学校体育館",
        "住所": "鹿児島県曽於市大隅町月野7133-1",
        "指定緊急避難場所との住所同一": "1",
        "その他市町村長が必要と認める事項": null,
        "受入対象者": null,
        "備考": ""
      }
    },
    {
      "type": "Feature",
      "geometry": {
        "type": "Point",
        "coordinates": [
          130.99762,
          31.562191
        ]
      },
      "properties": {
        "NO": "1313",
        "共通ID": "E4621700024111",
        "施設・場所名": "月野地区公民館",
        "住所": "鹿児島県曽於市大隅町月野7146-3",
        "指定緊急避難場所との住所同一": "1",
        "その他市町村長が必要と認める事項": null,
        "受入対象者": null,
        "備考": ""
      }
    },
    {
      "type": "Feature",
      "geometry": {
        "type": "Point",
        "coordinates": [
          130.956584,
          31.565437
        ]
      },
      "properties": {
        "NO": "1314",
        "共通ID": "E4621700025111",
        "施設・場所名": "大隅南地区農業構造改善センター",
        "住所": "鹿児島県曽於市大隅町月野8949-1",
        "指定緊急避難場所との住所同一": "1",
        "その他市町村長が必要と認める事項": null,
        "受入対象者": null,
        "備考": ""
      }
    },
    {
      "type": "Feature",
      "geometry": {
        "type": "Point",
        "coordinates": [
          130.952725,
          31.561158
        ]
      },
      "properties": {
        "NO": "1315",
        "共通ID": "E4621700026111",
        "施設・場所名": "旧大隅南小学校体育館",
        "住所": "鹿児島県曽於市大隅町月野9054",
        "指定緊急避難場所との住所同一": "1",
        "その他市町村長が必要と認める事項": null,
        "受入対象者": null,
        "備考": ""
      }
    },
    {
      "type": "Feature",
      "geometry": {
        "type": "Point",
        "coordinates": [
          130.909318,
          31.596764
        ]
      },
      "properties": {
        "NO": "1316",
        "共通ID": "E4621700027111",
        "施設・場所名": "曽於市立恒吉小学校体育館",
        "住所": "鹿児島県曽於市大隅町恒吉2767-1",
        "指定緊急避難場所との住所同一": "1",
        "その他市町村長が必要と認める事項": null,
        "受入対象者": null,
        "備考": ""
      }
    },
    {
      "type": "Feature",
      "geometry": {
        "type": "Point",
        "coordinates": [
          130.907047,
          31.587355
        ]
      },
      "properties": {
        "NO": "1317",
        "共通ID": "E4621700028111",
        "施設・場所名": "恒吉地区公民館",
        "住所": "鹿児島県曽於市大隅町恒吉599",
        "指定緊急避難場所との住所同一": "1",
        "その他市町村長が必要と認める事項": null,
        "受入対象者": null,
        "備考": ""
      }
    },
    {
      "type": "Feature",
      "geometry": {
        "type": "Point",
        "coordinates": [
          130.907552,
          31.610081
        ]
      },
      "properties": {
        "NO": "1318",
        "共通ID": "E4621700029111",
        "施設・場所名": "神牟礼地区集会施設",
        "住所": "鹿児島県曽於市大隅町坂元4046",
        "指定緊急避難場所との住所同一": "1",
        "その他市町村長が必要と認める事項": null,
        "受入対象者": null,
        "備考": ""
      }
    },
    {
      "type": "Feature",
      "geometry": {
        "type": "Point",
        "coordinates": [
          130.896672,
          31.650108
        ]
      },
      "properties": {
        "NO": "1319",
        "共通ID": "E4621700030111",
        "施設・場所名": "大隅北地区公民館",
        "住所": "鹿児島県曽於市大隅町坂元473-3",
        "指定緊急避難場所との住所同一": "1",
        "その他市町村長が必要と認める事項": null,
        "受入対象者": null,
        "備考": ""
      }
    },
    {
      "type": "Feature",
      "geometry": {
        "type": "Point",
        "coordinates": [
          130.884234,
          31.608382
        ]
      },
      "properties": {
        "NO": "1320",
        "共通ID": "E4621700031111",
        "施設・場所名": "須田木地区青少年館",
        "住所": "鹿児島県曽於市大隅町須田木1416",
        "指定緊急避難場所との住所同一": "1",
        "その他市町村長が必要と認める事項": null,
        "受入対象者": null,
        "備考": ""
      }
    },
    {
      "type": "Feature",
      "geometry": {
        "type": "Point",
        "coordinates": [
          130.932053,
          31.584907
        ]
      },
      "properties": {
        "NO": "1321",
        "共通ID": "E4621700032111",
        "施設・場所名": "大谷地区青少年館",
        "住所": "鹿児島県曽於市大隅町大谷4211-1",
        "指定緊急避難場所との住所同一": "1",
        "その他市町村長が必要と認める事項": null,
        "受入対象者": null,
        "備考": ""
      }
    },
    {
      "type": "Feature",
      "geometry": {
        "type": "Point",
        "coordinates": [
          130.903396,
          31.650365
        ]
      },
      "properties": {
        "NO": "1322",
        "共通ID": "E4621700033111",
        "施設・場所名": "曽於市立大隅北小学校体育館",
        "住所": "鹿児島県曽於市大隅町中之内3701-1",
        "指定緊急避難場所との住所同一": "1",
        "その他市町村長が必要と認める事項": null,
        "受入対象者": null,
        "備考": ""
      }
    },
    {
      "type": "Feature",
      "geometry": {
        "type": "Point",
        "coordinates": [
          130.96679,
          31.630982
        ]
      },
      "properties": {
        "NO": "1323",
        "共通ID": "E4621700034111",
        "施設・場所名": "曽於市立笠木小学校体育館",
        "住所": "鹿児島県曽於市大隅町中之内5762",
        "指定緊急避難場所との住所同一": "1",
        "その他市町村長が必要と認める事項": null,
        "受入対象者": null,
        "備考": ""
      }
    },
    {
      "type": "Feature",
      "geometry": {
        "type": "Point",
        "coordinates": [
          130.970367,
          31.62884
        ]
      },
      "properties": {
        "NO": "1324",
        "共通ID": "E4621700035111",
        "施設・場所名": "笠木地区公民館",
        "住所": "鹿児島県曽於市大隅町中之内6080-1",
        "指定緊急避難場所との住所同一": "1",
        "その他市町村長が必要と認める事項": null,
        "受入対象者": null,
        "備考": ""
      }
    },
    {
      "type": "Feature",
      "geometry": {
        "type": "Point",
        "coordinates": [
          130.992457,
          31.597717
        ]
      },
      "properties": {
        "NO": "1325",
        "共通ID": "E4621700036112",
        "施設・場所名": "岩川地区農業構造改善センター",
        "住所": "鹿児島県曽於市大隅町中之内9146",
        "指定緊急避難場所との住所同一": "1",
        "その他市町村長が必要と認める事項": null,
        "受入対象者": null,
        "備考": ""
      }
    },
    {
      "type": "Feature",
      "geometry": {
        "type": "Point",
        "coordinates": [
          130.992869,
          31.597739
        ]
      },
      "properties": {
        "NO": "1326",
        "共通ID": "E4621700036111",
        "施設・場所名": "大隅文化会館",
        "住所": "鹿児島県曽於市大隅町中之内9146",
        "指定緊急避難場所との住所同一": "1",
        "その他市町村長が必要と認める事項": null,
        "受入対象者": null,
        "備考": ""
      }
    },
    {
      "type": "Feature",
      "geometry": {
        "type": "Point",
        "coordinates": [
          131.009379,
          31.620964
        ]
      },
      "properties": {
        "NO": "1327",
        "共通ID": "E4621700039111",
        "施設・場所名": "岩北地区公民館",
        "住所": "鹿児島県曽於市末吉町岩﨑3661-1",
        "指定緊急避難場所との住所同一": "1",
        "その他市町村長が必要と認める事項": null,
        "受入対象者": null,
        "備考": ""
      }
    },
    {
      "type": "Feature",
      "geometry": {
        "type": "Point",
        "coordinates": [
          131.003587,
          31.618042
        ]
      },
      "properties": {
        "NO": "1328",
        "共通ID": "E4621700040111",
        "施設・場所名": "祝井谷連合公民館",
        "住所": "鹿児島県曽於市末吉町岩﨑532-1",
        "指定緊急避難場所との住所同一": "1",
        "その他市町村長が必要と認める事項": null,
        "受入対象者": null,
        "備考": ""
      }
    },
    {
      "type": "Feature",
      "geometry": {
        "type": "Point",
        "coordinates": [
          130.997712,
          31.612616
        ]
      },
      "properties": {
        "NO": "1329",
        "共通ID": "E4621700041111",
        "施設・場所名": "岩﨑地区農業研修センター",
        "住所": "鹿児島県曽於市末吉町岩﨑647",
        "指定緊急避難場所との住所同一": "1",
        "その他市町村長が必要と認める事項": null,
        "受入対象者": null,
        "備考": ""
      }
    },
    {
      "type": "Feature",
      "geometry": {
        "type": "Point",
        "coordinates": [
          131.002951,
          31.595018
        ]
      },
      "properties": {
        "NO": "1330",
        "共通ID": "E4621700037111",
        "施設・場所名": "曽於市立岩南小学校体育館",
        "住所": "鹿児島県曽於市末吉町岩崎2087-1",
        "指定緊急避難場所との住所同一": "1",
        "その他市町村長が必要と認める事項": null,
        "受入対象者": null,
        "備考": ""
      }
    },
    {
      "type": "Feature",
      "geometry": {
        "type": "Point",
        "coordinates": [
          131.007922,
          31.621096
        ]
      },
      "properties": {
        "NO": "1331",
        "共通ID": "E4621700038111",
        "施設・場所名": "曽於市立岩北小学校体育館",
        "住所": "鹿児島県曽於市末吉町岩崎3675-2",
        "指定緊急避難場所との住所同一": "1",
        "その他市町村長が必要と認める事項": null,
        "受入対象者": null,
        "備考": ""
      }
    },
    {
      "type": "Feature",
      "geometry": {
        "type": "Point",
        "coordinates": [
          131.019578,
          31.650277
        ]
      },
      "properties": {
        "NO": "1332",
        "共通ID": "E4621700042111",
        "施設・場所名": "曽於市立末吉小学校体育館",
        "住所": "鹿児島県曽於市末吉町上町7-1-1",
        "指定緊急避難場所との住所同一": "1",
        "その他市町村長が必要と認める事項": null,
        "受入対象者": null,
        "備考": ""
      }
    },
    {
      "type": "Feature",
      "geometry": {
        "type": "Point",
        "coordinates": [
          131.008516,
          31.697804
        ]
      },
      "properties": {
        "NO": "1333",
        "共通ID": "E4621700043112",
        "施設・場所名": "柳迫地区公民館",
        "住所": "鹿児島県曽於市末吉町深川3669-5",
        "指定緊急避難場所との住所同一": "1",
        "その他市町村長が必要と認める事項": null,
        "受入対象者": null,
        "備考": ""
      }
    },
    {
      "type": "Feature",
      "geometry": {
        "type": "Point",
        "coordinates": [
          131.008307,
          31.697837
        ]
      },
      "properties": {
        "NO": "1334",
        "共通ID": "E4621700043111",
        "施設・場所名": "曽於市立柳迫小学校体育館",
        "住所": "鹿児島県曽於市末吉町深川3669-5",
        "指定緊急避難場所との住所同一": "1",
        "その他市町村長が必要と認める事項": null,
        "受入対象者": null,
        "備考": ""
      }
    },
    {
      "type": "Feature",
      "geometry": {
        "type": "Point",
        "coordinates": [
          130.99758,
          31.681965
        ]
      },
      "properties": {
        "NO": "1335",
        "共通ID": "E4621700044111",
        "施設・場所名": "深川地区公民館",
        "住所": "鹿児島県曽於市末吉町深川7549",
        "指定緊急避難場所との住所同一": "1",
        "その他市町村長が必要と認める事項": null,
        "受入対象者": null,
        "備考": ""
      }
    },
    {
      "type": "Feature",
      "geometry": {
        "type": "Point",
        "coordinates": [
          130.99796,
          31.682109
        ]
      },
      "properties": {
        "NO": "1336",
        "共通ID": "E4621700044112",
        "施設・場所名": "曽於市立深川小学校体育館",
        "住所": "鹿児島県曽於市末吉町深川7549",
        "指定緊急避難場所との住所同一": "1",
        "その他市町村長が必要と認める事項": null,
        "受入対象者": null,
        "備考": ""
      }
    },
    {
      "type": "Feature",
      "geometry": {
        "type": "Point",
        "coordinates": [
          130.999073,
          31.679298
        ]
      },
      "properties": {
        "NO": "1337",
        "共通ID": "E4621700045111",
        "施設・場所名": "深川地区農業研修センター",
        "住所": "鹿児島県曽於市末吉町深川7615",
        "指定緊急避難場所との住所同一": "1",
        "その他市町村長が必要と認める事項": null,
        "受入対象者": null,
        "備考": ""
      }
    },
    {
      "type": "Feature",
      "geometry": {
        "type": "Point",
        "coordinates": [
          131.000281,
          31.662934
        ]
      },
      "properties": {
        "NO": "1338",
        "共通ID": "E4621700046111",
        "施設・場所名": "諏訪地区農業研修センター",
        "住所": "鹿児島県曽於市末吉町諏訪方10245-3",
        "指定緊急避難場所との住所同一": "1",
        "その他市町村長が必要と認める事項": null,
        "受入対象者": null,
        "備考": ""
      }
    },
    {
      "type": "Feature",
      "geometry": {
        "type": "Point",
        "coordinates": [
          131.001519,
          31.662125
        ]
      },
      "properties": {
        "NO": "1339",
        "共通ID": "E4621700047111",
        "施設・場所名": "曽於市立諏訪小学校体育館",
        "住所": "鹿児島県曽於市末吉町諏訪方10278-1",
        "指定緊急避難場所との住所同一": "1",
        "その他市町村長が必要と認める事項": null,
        "受入対象者": null,
        "備考": ""
      }
    },
    {
      "type": "Feature",
      "geometry": {
        "type": "Point",
        "coordinates": [
          130.930107,
          31.675152
        ]
      },
      "properties": {
        "NO": "1340",
        "共通ID": "E4621700048111",
        "施設・場所名": "光神地区公民館",
        "住所": "鹿児島県曽於市末吉町諏訪方282",
        "指定緊急避難場所との住所同一": "1",
        "その他市町村長が必要と認める事項": null,
        "受入対象者": null,
        "備考": ""
      }
    },
    {
      "type": "Feature",
      "geometry": {
        "type": "Point",
        "coordinates": [
          130.928953,
          31.67627
        ]
      },
      "properties": {
        "NO": "1341",
        "共通ID": "E4621700049111",
        "施設・場所名": "曽於市立光神小学校体育館",
        "住所": "鹿児島県曽於市末吉町諏訪方290-1",
        "指定緊急避難場所との住所同一": "1",
        "その他市町村長が必要と認める事項": null,
        "受入対象者": null,
        "備考": ""
      }
    },
    {
      "type": "Feature",
      "geometry": {
        "type": "Point",
        "coordinates": [
          131.012665,
          31.655733
        ]
      },
      "properties": {
        "NO": "1342",
        "共通ID": "E4621700060111",
        "施設・場所名": "末吉総合センター",
        "住所": "鹿児島県曽於市末吉町諏訪方8127",
        "指定緊急避難場所との住所同一": "1",
        "その他市町村長が必要と認める事項": "",
        "受入対象者": "",
        "備考": ""
      }
    },
    {
      "type": "Feature",
      "geometry": {
        "type": "Point",
        "coordinates": [
          131.015475,
          31.656325
        ]
      },
      "properties": {
        "NO": "1343",
        "共通ID": "E4621700050111",
        "施設・場所名": "末吉総合体育館",
        "住所": "鹿児島県曽於市末吉町諏訪方8478-1",
        "指定緊急避難場所との住所同一": "1",
        "その他市町村長が必要と認める事項": null,
        "受入対象者": null,
        "備考": ""
      }
    },
    {
      "type": "Feature",
      "geometry": {
        "type": "Point",
        "coordinates": [
          131.015946,
          31.658951
        ]
      },
      "properties": {
        "NO": "1344",
        "共通ID": "E4621700051111",
        "施設・場所名": "末吉中央公民館",
        "住所": "鹿児島県曽於市末吉町諏訪方8598",
        "指定緊急避難場所との住所同一": "1",
        "その他市町村長が必要と認める事項": null,
        "受入対象者": null,
        "備考": ""
      }
    },
    {
      "type": "Feature",
      "geometry": {
        "type": "Point",
        "coordinates": [
          131.110026,
          31.617758
        ]
      },
      "properties": {
        "NO": "1345",
        "共通ID": "E4621700052111",
        "施設・場所名": "曽於市立高岡小学校体育館",
        "住所": "鹿児島県曽於市末吉町南之郷10150-1",
        "指定緊急避難場所との住所同一": "1",
        "その他市町村長が必要と認める事項": null,
        "受入対象者": null,
        "備考": ""
      }
    },
    {
      "type": "Feature",
      "geometry": {
        "type": "Point",
        "coordinates": [
          131.063775,
          31.624406
        ]
      },
      "properties": {
        "NO": "1346",
        "共通ID": "E4621700053111",
        "施設・場所名": "曽於市立檍小学校体育館",
        "住所": "鹿児島県曽於市末吉町南之郷4060-1",
        "指定緊急避難場所との住所同一": "1",
        "その他市町村長が必要と認める事項": null,
        "受入対象者": null,
        "備考": ""
      }
    },
    {
      "type": "Feature",
      "geometry": {
        "type": "Point",
        "coordinates": [
          131.083632,
          31.61668
        ]
      },
      "properties": {
        "NO": "1347",
        "共通ID": "E4621700054111",
        "施設・場所名": "南之郷地区体育館運動施設（旧南之郷中学校体育館）",
        "住所": "鹿児島県曽於市末吉町南之郷8130-6",
        "指定緊急避難場所との住所同一": "1",
        "その他市町村長が必要と認める事項": null,
        "受入対象者": null,
        "備考": ""
      }
    },
    {
      "type": "Feature",
      "geometry": {
        "type": "Point",
        "coordinates": [
          131.021861,
          31.656014
        ]
      },
      "properties": {
        "NO": "1348",
        "共通ID": "E4621700056111",
        "施設・場所名": "曽於市立末吉中学校体育館",
        "住所": "鹿児島県曽於市末吉町二之方2101",
        "指定緊急避難場所との住所同一": "1",
        "その他市町村長が必要と認める事項": null,
        "受入対象者": null,
        "備考": ""
      }
    },
    {
      "type": "Feature",
      "geometry": {
        "type": "Point",
        "coordinates": [
          131.025122,
          31.647643
        ]
      },
      "properties": {
        "NO": "1349",
        "共通ID": "E4621700057111",
        "施設・場所名": "そお生きいき健康センター",
        "住所": "鹿児島県曽於市末吉町二之方2342-2",
        "指定緊急避難場所との住所同一": "1",
        "その他市町村長が必要と認める事項": null,
        "受入対象者": null,
        "備考": ""
      }
    },
    {
      "type": "Feature",
      "geometry": {
        "type": "Point",
        "coordinates": [
          131.025122,
          31.647643
        ]
      },
      "properties": {
        "NO": "1350",
        "共通ID": "E4621700057121",
        "施設・場所名": "そお生きいき健康センター",
        "住所": "鹿児島県曽於市末吉町二之方2342-2",
        "指定緊急避難場所との住所同一": "1",
        "その他市町村長が必要と認める事項": null,
        "受入対象者": "高齢者及び障害者等市が必要だと判断する者",
        "備考": ""
      }
    },
    {
      "type": "Feature",
      "geometry": {
        "type": "Point",
        "coordinates": [
          131.03581,
          31.637491
        ]
      },
      "properties": {
        "NO": "1351",
        "共通ID": "E4621700058121",
        "施設・場所名": "メセナ住吉交流センター",
        "住所": "鹿児島県曽於市末吉町二之方2971-1",
        "指定緊急避難場所との住所同一": "",
        "その他市町村長が必要と認める事項": null,
        "受入対象者": "高齢者及び障害者等市が必要だと判断する者",
        "備考": ""
      }
    },
    {
      "type": "Feature",
      "geometry": {
        "type": "Point",
        "coordinates": [
          131.041102,
          31.631478
        ]
      },
      "properties": {
        "NO": "1352",
        "共通ID": "E4621700059121",
        "施設・場所名": "末吉デイサービスセンター",
        "住所": "鹿児島県曽於市末吉町二之方3990-3",
        "指定緊急避難場所との住所同一": "",
        "その他市町村長が必要と認める事項": null,
        "受入対象者": "高齢者及び障害者等市が必要だと判断する者",
        "備考": ""
      }
    },
    {
      "type": "Feature",
      "geometry": {
        "type": "Point",
        "coordinates": [
          131.041,
          31.631639
        ]
      },
      "properties": {
        "NO": "1353",
        "共通ID": "E4621700059122",
        "施設・場所名": "養護老人ホーム清寿園",
        "住所": "鹿児島県曽於市末吉町二之方3990-3",
        "指定緊急避難場所との住所同一": "",
        "その他市町村長が必要と認める事項": null,
        "受入対象者": "高齢者及び障害者等市が必要だと判断する者",
        "備考": ""
      }
    },
    {
      "type": "Feature",
      "geometry": {
        "type": "Point",
        "coordinates": [
          131.02303,
          31.406763
        ]
      },
      "properties": {
        "NO": "1354",
        "共通ID": "E4646800002111",
        "施設・場所名": "大丸地区農業構造改善センター",
        "住所": "鹿児島県大崎町横瀬1652-1",
        "指定緊急避難場所との住所同一": "",
        "その他市町村長が必要と認める事項": null,
        "受入対象者": null,
        "備考": ""
      }
    },
    {
      "type": "Feature",
      "geometry": {
        "type": "Point",
        "coordinates": [
          130.977732,
          31.45678
        ]
      },
      "properties": {
        "NO": "1355",
        "共通ID": "E4646800003111",
        "施設・場所名": "持留地区農業構造改善センター",
        "住所": "鹿児島県大崎町岡別府922-2",
        "指定緊急避難場所との住所同一": "1",
        "その他市町村長が必要と認める事項": null,
        "受入対象者": null,
        "備考": ""
      }
    },
    {
      "type": "Feature",
      "geometry": {
        "type": "Point",
        "coordinates": [
          131.033827,
          31.436275
        ]
      },
      "properties": {
        "NO": "1356",
        "共通ID": "E4646800010111",
        "施設・場所名": "大崎町総合体育館",
        "住所": "鹿児島県大崎町神領2488-1",
        "指定緊急避難場所との住所同一": "1",
        "その他市町村長が必要と認める事項": null,
        "受入対象者": null,
        "備考": ""
      }
    },
    {
      "type": "Feature",
      "geometry": {
        "type": "Point",
        "coordinates": [
          131.04126,
          31.445417
        ]
      },
      "properties": {
        "NO": "1357",
        "共通ID": "E4646800011111",
        "施設・場所名": "ジャパンアスリートトレーニングセンター大隅",
        "住所": "鹿児島県大崎町菱田1441",
        "指定緊急避難場所との住所同一": "1",
        "その他市町村長が必要と認める事項": null,
        "受入対象者": null,
        "備考": ""
      }
    },
    {
      "type": "Feature",
      "geometry": {
        "type": "Point",
        "coordinates": [
          131.038243,
          31.439967
        ]
      },
      "properties": {
        "NO": "1358",
        "共通ID": "E4646800013111",
        "施設・場所名": "菱田農村環境改善センター",
        "住所": "鹿児島県大崎町菱田2571",
        "指定緊急避難場所との住所同一": "1",
        "その他市町村長が必要と認める事項": null,
        "受入対象者": null,
        "備考": ""
      }
    },
    {
      "type": "Feature",
      "geometry": {
        "type": "Point",
        "coordinates": [
          131.019987,
          31.456852
        ]
      },
      "properties": {
        "NO": "1359",
        "共通ID": "E4646800014111",
        "施設・場所名": "中沖地区公民館",
        "住所": "鹿児島県大崎町菱田3093-3",
        "指定緊急避難場所との住所同一": "1",
        "その他市町村長が必要と認める事項": null,
        "受入対象者": null,
        "備考": ""
      }
    },
    {
      "type": "Feature",
      "geometry": {
        "type": "Point",
        "coordinates": [
          130.948833,
          31.51039
        ]
      },
      "properties": {
        "NO": "1360",
        "共通ID": "E4646800018111",
        "施設・場所名": "野方農村環境改善センター",
        "住所": "鹿児島県大崎町野方6122-1",
        "指定緊急避難場所との住所同一": "1",
        "その他市町村長が必要と認める事項": null,
        "受入対象者": null,
        "備考": ""
      }
    },
    {
      "type": "Feature",
      "geometry": {
        "type": "Point",
        "coordinates": [
          131.005838,
          31.429846
        ]
      },
      "properties": {
        "NO": "1361",
        "共通ID": "E4646800019112",
        "施設・場所名": "大崎町中央公民館",
        "住所": "鹿児島県大崎町假宿1029",
        "指定緊急避難場所との住所同一": "",
        "その他市町村長が必要と認める事項": null,
        "受入対象者": null,
        "備考": ""
      }
    },
    {
      "type": "Feature",
      "geometry": {
        "type": "Point",
        "coordinates": [
          131.005865,
          31.428777
        ]
      },
      "properties": {
        "NO": "1362",
        "共通ID": "E4646800019121",
        "施設・場所名": "大崎町保健センター",
        "住所": "鹿児島県大崎町假宿1029",
        "指定緊急避難場所との住所同一": "",
        "その他市町村長が必要と認める事項": null,
        "受入対象者": "妊産婦，乳幼児",
        "備考": ""
      }
    },
    {
      "type": "Feature",
      "geometry": {
        "type": "Point",
        "coordinates": [
          131.005858,
          31.428791
        ]
      },
      "properties": {
        "NO": "1363",
        "共通ID": "E4646800019111",
        "施設・場所名": "保健センター",
        "住所": "鹿児島県大崎町假宿1029",
        "指定緊急避難場所との住所同一": "",
        "その他市町村長が必要と認める事項": null,
        "受入対象者": null,
        "備考": ""
      }
    },
    {
      "type": "Feature",
      "geometry": {
        "type": "Point",
        "coordinates": [
          131.012409,
          31.431386
        ]
      },
      "properties": {
        "NO": "1364",
        "共通ID": "E4646800020111",
        "施設・場所名": "老人福祉センター",
        "住所": "鹿児島県大崎町假宿1870",
        "指定緊急避難場所との住所同一": "",
        "その他市町村長が必要と認める事項": null,
        "受入対象者": null,
        "備考": ""
      }
    },
    {
      "type": "Feature",
      "geometry": {
        "type": "Point",
        "coordinates": [
          129.315897,
          28.346846
        ]
      },
      "properties": {
        "NO": "1365",
        "共通ID": "E4652300001121",
        "施設・場所名": "大和村老人福祉センター",
        "住所": "鹿児島県大和村戸円1882-3",
        "指定緊急避難場所との住所同一": "1",
        "その他市町村長が必要と認める事項": null,
        "受入対象者": "高齢者・身体障害者等",
        "備考": ""
      }
    },
    {
      "type": "Feature",
      "geometry": {
        "type": "Point",
        "coordinates": [
          129.315897,
          28.346846
        ]
      },
      "properties": {
        "NO": "1366",
        "共通ID": "E4652300001111",
        "施設・場所名": "大和村老人福祉センター",
        "住所": "鹿児島県大和村戸円1882-3",
        "指定緊急避難場所との住所同一": "1",
        "その他市町村長が必要と認める事項": null,
        "受入対象者": null,
        "備考": ""
      }
    },
    {
      "type": "Feature",
      "geometry": {
        "type": "Point",
        "coordinates": [
          129.314976,
          28.3473
        ]
      },
      "properties": {
        "NO": "1367",
        "共通ID": "E4652300002111",
        "施設・場所名": "特別養護老人ホーム大和の園",
        "住所": "鹿児島県大和村戸円1903",
        "指定緊急避難場所との住所同一": "",
        "その他市町村長が必要と認める事項": null,
        "受入対象者": null,
        "備考": ""
      }
    },
    {
      "type": "Feature",
      "geometry": {
        "type": "Point",
        "coordinates": [
          129.329856,
          28.350437
        ]
      },
      "properties": {
        "NO": "1368",
        "共通ID": "E4652300003111",
        "施設・場所名": "大和村高齢者避難所",
        "住所": "鹿児島県大和村戸円452-1",
        "指定緊急避難場所との住所同一": "1",
        "その他市町村長が必要と認める事項": null,
        "受入対象者": null,
        "備考": ""
      }
    },
    {
      "type": "Feature",
      "geometry": {
        "type": "Point",
        "coordinates": [
          129.329856,
          28.350437
        ]
      },
      "properties": {
        "NO": "1369",
        "共通ID": "E4652300003121",
        "施設・場所名": "大和村高齢者避難所",
        "住所": "鹿児島県大和村戸円452-1",
        "指定緊急避難場所との住所同一": "1",
        "その他市町村長が必要と認める事項": null,
        "受入対象者": "高齢者・身体障害者等",
        "備考": ""
      }
    },
    {
      "type": "Feature",
      "geometry": {
        "type": "Point",
        "coordinates": [
          129.329808,
          28.350706
        ]
      },
      "properties": {
        "NO": "1370",
        "共通ID": "E4652300004111",
        "施設・場所名": "戸円公民館",
        "住所": "鹿児島県大和村戸円452-2",
        "指定緊急避難場所との住所同一": "1",
        "その他市町村長が必要と認める事項": null,
        "受入対象者": null,
        "備考": ""
      }
    },
    {
      "type": "Feature",
      "geometry": {
        "type": "Point",
        "coordinates": [
          129.407018,
          28.371952
        ]
      },
      "properties": {
        "NO": "1371",
        "共通ID": "E4652300005111",
        "施設・場所名": "国直公民館",
        "住所": "鹿児島県大和村国直106-2",
        "指定緊急避難場所との住所同一": "1",
        "その他市町村長が必要と認める事項": null,
        "受入対象者": null,
        "備考": ""
      }
    },
    {
      "type": "Feature",
      "geometry": {
        "type": "Point",
        "coordinates": [
          129.27509,
          28.325341
        ]
      },
      "properties": {
        "NO": "1372",
        "共通ID": "E4652300007111",
        "施設・場所名": "今里公民館",
        "住所": "鹿児島県大和村今里498",
        "指定緊急避難場所との住所同一": "1",
        "その他市町村長が必要と認める事項": null,
        "受入対象者": null,
        "備考": ""
      }
    },
    {
      "type": "Feature",
      "geometry": {
        "type": "Point",
        "coordinates": [
          129.278678,
          28.326209
        ]
      },
      "properties": {
        "NO": "1373",
        "共通ID": "E4652300006111",
        "施設・場所名": "今里小学校",
        "住所": "鹿児島県大和村今里３６１－イ",
        "指定緊急避難場所との住所同一": "1",
        "その他市町村長が必要と認める事項": null,
        "受入対象者": null,
        "備考": ""
      }
    },
    {
      "type": "Feature",
      "geometry": {
        "type": "Point",
        "coordinates": [
          129.290627,
          28.327088
        ]
      },
      "properties": {
        "NO": "1374",
        "共通ID": "E4652300008111",
        "施設・場所名": "志戸勘公民館",
        "住所": "鹿児島県大和村志戸勘398-3",
        "指定緊急避難場所との住所同一": "1",
        "その他市町村長が必要と認める事項": null,
        "受入対象者": null,
        "備考": ""
      }
    },
    {
      "type": "Feature",
      "geometry": {
        "type": "Point",
        "coordinates": [
          129.395167,
          28.35505
        ]
      },
      "properties": {
        "NO": "1375",
        "共通ID": "E4652300009111",
        "施設・場所名": "思勝コミュニティセンター",
        "住所": "鹿児島県大和村思勝363-3",
        "指定緊急避難場所との住所同一": "1",
        "その他市町村長が必要と認める事項": null,
        "受入対象者": null,
        "備考": ""
      }
    },
    {
      "type": "Feature",
      "geometry": {
        "type": "Point",
        "coordinates": [
          129.39522,
          28.355704
        ]
      },
      "properties": {
        "NO": "1376",
        "共通ID": "E4652300010111",
        "施設・場所名": "大和中学校",
        "住所": "鹿児島県大和村思勝370",
        "指定緊急避難場所との住所同一": "1",
        "その他市町村長が必要と認める事項": null,
        "受入対象者": null,
        "備考": ""
      }
    },
    {
      "type": "Feature",
      "geometry": {
        "type": "Point",
        "coordinates": [
          129.395494,
          28.355468
        ]
      },
      "properties": {
        "NO": "1377",
        "共通ID": "E4652300010112",
        "施設・場所名": "大和小学校",
        "住所": "鹿児島県大和村思勝370",
        "指定緊急避難場所との住所同一": "1",
        "その他市町村長が必要と認める事項": null,
        "受入対象者": null,
        "備考": ""
      }
    },
    {
      "type": "Feature",
      "geometry": {
        "type": "Point",
        "coordinates": [
          129.394053,
          28.356985
        ]
      },
      "properties": {
        "NO": "1378",
        "共通ID": "E4652300011111",
        "施設・場所名": "大和村防災センター",
        "住所": "鹿児島県大和村思勝477-1",
        "指定緊急避難場所との住所同一": "1",
        "その他市町村長が必要と認める事項": null,
        "受入対象者": null,
        "備考": ""
      }
    },
    {
      "type": "Feature",
      "geometry": {
        "type": "Point",
        "coordinates": [
          129.393506,
          28.356839
        ]
      },
      "properties": {
        "NO": "1379",
        "共通ID": "E4652300012111",
        "施設・場所名": "大和村体育館",
        "住所": "鹿児島県大和村思勝485",
        "指定緊急避難場所との住所同一": "1",
        "その他市町村長が必要と認める事項": null,
        "受入対象者": null,
        "備考": ""
      }
    },
    {
      "type": "Feature",
      "geometry": {
        "type": "Point",
        "coordinates": [
          129.350747,
          28.361291
        ]
      },
      "properties": {
        "NO": "1380",
        "共通ID": "E4652300013111",
        "施設・場所名": "大金久防災会館",
        "住所": "鹿児島県大和村大金久312-1",
        "指定緊急避難場所との住所同一": "1",
        "その他市町村長が必要と認める事項": null,
        "受入対象者": null,
        "備考": ""
      }
    },
    {
      "type": "Feature",
      "geometry": {
        "type": "Point",
        "coordinates": [
          129.359612,
          28.357224
        ]
      },
      "properties": {
        "NO": "1381",
        "共通ID": "E4652300014111",
        "施設・場所名": "大棚公民館",
        "住所": "鹿児島県大和村大棚108-11",
        "指定緊急避難場所との住所同一": "1",
        "その他市町村長が必要と認める事項": null,
        "受入対象者": null,
        "備考": ""
      }
    },
    {
      "type": "Feature",
      "geometry": {
        "type": "Point",
        "coordinates": [
          129.359368,
          28.355833
        ]
      },
      "properties": {
        "NO": "1382",
        "共通ID": "E4652300015111",
        "施設・場所名": "大棚小学校",
        "住所": "鹿児島県大和村大棚78-1",
        "指定緊急避難場所との住所同一": "1",
        "その他市町村長が必要と認める事項": null,
        "受入対象者": null,
        "備考": ""
      }
    },
    {
      "type": "Feature",
      "geometry": {
        "type": "Point",
        "coordinates": [
          129.395257,
          28.358028
        ]
      },
      "properties": {
        "NO": "1383",
        "共通ID": "E4652300016112",
        "施設・場所名": "大和村役場",
        "住所": "鹿児島県大和村大和浜100",
        "指定緊急避難場所との住所同一": "",
        "その他市町村長が必要と認める事項": null,
        "受入対象者": null,
        "備考": ""
      }
    },
    {
      "type": "Feature",
      "geometry": {
        "type": "Point",
        "coordinates": [
          129.395269,
          28.357627
        ]
      },
      "properties": {
        "NO": "1384",
        "共通ID": "E4652300016111",
        "施設・場所名": "大和村産業振興総合センター（２階多目的ホール）",
        "住所": "鹿児島県大和村大和浜100",
        "指定緊急避難場所との住所同一": "",
        "その他市町村長が必要と認める事項": null,
        "受入対象者": null,
        "備考": ""
      }
    },
    {
      "type": "Feature",
      "geometry": {
        "type": "Point",
        "coordinates": [
          129.397209,
          28.35904
        ]
      },
      "properties": {
        "NO": "1385",
        "共通ID": "E4652300017111",
        "施設・場所名": "大和浜公民館",
        "住所": "鹿児島県大和村大和浜17-29",
        "指定緊急避難場所との住所同一": "1",
        "その他市町村長が必要と認める事項": null,
        "受入対象者": null,
        "備考": ""
      }
    },
    {
      "type": "Feature",
      "geometry": {
        "type": "Point",
        "coordinates": [
          129.400754,
          28.355284
        ]
      },
      "properties": {
        "NO": "1386",
        "共通ID": "E4652300018111",
        "施設・場所名": "津名久防災会館",
        "住所": "鹿児島県大和村津名久65-1",
        "指定緊急避難場所との住所同一": "1",
        "その他市町村長が必要と認める事項": null,
        "受入対象者": null,
        "備考": ""
      }
    },
    {
      "type": "Feature",
      "geometry": {
        "type": "Point",
        "coordinates": [
          129.411999,
          28.364483
        ]
      },
      "properties": {
        "NO": "1387",
        "共通ID": "E4652300019111",
        "施設・場所名": "大和小学校湯湾釜分校",
        "住所": "鹿児島県大和村湯湾釜184",
        "指定緊急避難場所との住所同一": "1",
        "その他市町村長が必要と認める事項": null,
        "受入対象者": null,
        "備考": ""
      }
    },
    {
      "type": "Feature",
      "geometry": {
        "type": "Point",
        "coordinates": [
          129.41215,
          28.364233
        ]
      },
      "properties": {
        "NO": "1388",
        "共通ID": "E4652300020111",
        "施設・場所名": "湯湾釜公民館",
        "住所": "鹿児島県大和村湯湾釜213",
        "指定緊急避難場所との住所同一": "1",
        "その他市町村長が必要と認める事項": null,
        "受入対象者": null,
        "備考": ""
      }
    },
    {
      "type": "Feature",
      "geometry": {
        "type": "Point",
        "coordinates": [
          129.335959,
          28.315821
        ]
      },
      "properties": {
        "NO": "1389",
        "共通ID": "E4652300021111",
        "施設・場所名": "奄美フォレストポリス",
        "住所": "鹿児島県大和村名音1476",
        "指定緊急避難場所との住所同一": "1",
        "その他市町村長が必要と認める事項": null,
        "受入対象者": null,
        "備考": ""
      }
    },
    {
      "type": "Feature",
      "geometry": {
        "type": "Point",
        "coordinates": [
          129.314015,
          28.335679
        ]
      },
      "properties": {
        "NO": "1390",
        "共通ID": "E4652300022111",
        "施設・場所名": "名音生活館",
        "住所": "鹿児島県大和村名音368",
        "指定緊急避難場所との住所同一": "1",
        "その他市町村長が必要と認める事項": null,
        "受入対象者": null,
        "備考": ""
      }
    },
    {
      "type": "Feature",
      "geometry": {
        "type": "Point",
        "coordinates": [
          129.315586,
          28.334582
        ]
      },
      "properties": {
        "NO": "1391",
        "共通ID": "E4652300023111",
        "施設・場所名": "名音小学校",
        "住所": "鹿児島県大和村名音６０３－イ",
        "指定緊急避難場所との住所同一": "1",
        "その他市町村長が必要と認める事項": null,
        "受入対象者": null,
        "備考": ""
      }
    },
    {
      "type": "Feature",
      "geometry": {
        "type": "Point",
        "coordinates": [
          128.591845,
          27.351702
        ]
      },
      "properties": {
        "NO": "1392",
        "共通ID": "E4653400001111",
        "施設・場所名": "芦清良生活館",
        "住所": "鹿児島県知名町芦清良2230",
        "指定緊急避難場所との住所同一": "",
        "その他市町村長が必要と認める事項": null,
        "受入対象者": null,
        "備考": ""
      }
    },
    {
      "type": "Feature",
      "geometry": {
        "type": "Point",
        "coordinates": [
          128.553563,
          27.337817
        ]
      },
      "properties": {
        "NO": "1393",
        "共通ID": "E4653400002111",
        "施設・場所名": "村づくり屋子母公民館",
        "住所": "鹿児島県知名町屋子母441",
        "指定緊急避難場所との住所同一": "1",
        "その他市町村長が必要と認める事項": null,
        "受入対象者": null,
        "備考": ""
      }
    },
    {
      "type": "Feature",
      "geometry": {
        "type": "Point",
        "coordinates": [
          128.602069,
          27.35557
        ]
      },
      "properties": {
        "NO": "1394",
        "共通ID": "E4653400003111",
        "施設・場所名": "屋者構造改善センター",
        "住所": "鹿児島県知名町屋者43",
        "指定緊急避難場所との住所同一": "",
        "その他市町村長が必要と認める事項": null,
        "受入対象者": null,
        "備考": ""
      }
    },
    {
      "type": "Feature",
      "geometry": {
        "type": "Point",
        "coordinates": [
          128.562407,
          27.382768
        ]
      },
      "properties": {
        "NO": "1395",
        "共通ID": "E4653400004111",
        "施設・場所名": "下城公民館",
        "住所": "鹿児島県知名町下城1155-2",
        "指定緊急避難場所との住所同一": "",
        "その他市町村長が必要と認める事項": null,
        "受入対象者": null,
        "備考": ""
      }
    },
    {
      "type": "Feature",
      "geometry": {
        "type": "Point",
        "coordinates": [
          128.600001,
          27.35807
        ]
      },
      "properties": {
        "NO": "1396",
        "共通ID": "E4653400005111",
        "施設・場所名": "下平川小学校",
        "住所": "鹿児島県知名町下平川412",
        "指定緊急避難場所との住所同一": "",
        "その他市町村長が必要と認める事項": null,
        "受入対象者": null,
        "備考": ""
      }
    },
    {
      "type": "Feature",
      "geometry": {
        "type": "Point",
        "coordinates": [
          128.601188,
          27.359096
        ]
      },
      "properties": {
        "NO": "1397",
        "共通ID": "E4653400006111",
        "施設・場所名": "下平川生活館",
        "住所": "鹿児島県知名町下平川428",
        "指定緊急避難場所との住所同一": "",
        "その他市町村長が必要と認める事項": null,
        "受入対象者": null,
        "備考": ""
      }
    },
    {
      "type": "Feature",
      "geometry": {
        "type": "Point",
        "coordinates": [
          128.61119,
          27.3688
        ]
      },
      "properties": {
        "NO": "1398",
        "共通ID": "E4653400007111",
        "施設・場所名": "竿津公民館",
        "住所": "鹿児島県知名町竿津1964-3",
        "指定緊急避難場所との住所同一": "",
        "その他市町村長が必要と認める事項": null,
        "受入対象者": null,
        "備考": ""
      }
    },
    {
      "type": "Feature",
      "geometry": {
        "type": "Point",
        "coordinates": [
          128.598036,
          27.371566
        ]
      },
      "properties": {
        "NO": "1399",
        "共通ID": "E4653400008111",
        "施設・場所名": "久志検構造改善センター",
        "住所": "鹿児島県知名町久志検1171",
        "指定緊急避難場所との住所同一": "",
        "その他市町村長が必要と認める事項": null,
        "受入対象者": null,
        "備考": ""
      }
    },
    {
      "type": "Feature",
      "geometry": {
        "type": "Point",
        "coordinates": [
          128.587232,
          27.346073
        ]
      },
      "properties": {
        "NO": "1400",
        "共通ID": "E4653400009111",
        "施設・場所名": "黒貫公民館",
        "住所": "鹿児島県知名町黒貫1760",
        "指定緊急避難場所との住所同一": "1",
        "その他市町村長が必要と認める事項": null,
        "受入対象者": null,
        "備考": ""
      }
    },
    {
      "type": "Feature",
      "geometry": {
        "type": "Point",
        "coordinates": [
          128.536156,
          27.363046
        ]
      },
      "properties": {
        "NO": "1401",
        "共通ID": "E4653400010111",
        "施設・場所名": "住吉小学校",
        "住所": "鹿児島県知名町住吉1760",
        "指定緊急避難場所との住所同一": "",
        "その他市町村長が必要と認める事項": null,
        "受入対象者": null,
        "備考": ""
      }
    },
    {
      "type": "Feature",
      "geometry": {
        "type": "Point",
        "coordinates": [
          128.533206,
          27.365148
        ]
      },
      "properties": {
        "NO": "1402",
        "共通ID": "E4653400011111",
        "施設・場所名": "住吉地区振興センター",
        "住所": "鹿児島県知名町住吉2549-3",
        "指定緊急避難場所との住所同一": "",
        "その他市町村長が必要と認める事項": null,
        "受入対象者": null,
        "備考": ""
      }
    },
    {
      "type": "Feature",
      "geometry": {
        "type": "Point",
        "coordinates": [
          128.569428,
          27.384229
        ]
      },
      "properties": {
        "NO": "1403",
        "共通ID": "E4653400012111",
        "施設・場所名": "上城小学校",
        "住所": "鹿児島県知名町上城220",
        "指定緊急避難場所との住所同一": "",
        "その他市町村長が必要と認める事項": null,
        "受入対象者": null,
        "備考": ""
      }
    },
    {
      "type": "Feature",
      "geometry": {
        "type": "Point",
        "coordinates": [
          128.570636,
          27.383787
        ]
      },
      "properties": {
        "NO": "1404",
        "共通ID": "E4653400013111",
        "施設・場所名": "上城へき地保健福祉館",
        "住所": "鹿児島県知名町上城871-1",
        "指定緊急避難場所との住所同一": "",
        "その他市町村長が必要と認める事項": null,
        "受入対象者": null,
        "備考": ""
      }
    },
    {
      "type": "Feature",
      "geometry": {
        "type": "Point",
        "coordinates": [
          128.597803,
          27.365182
        ]
      },
      "properties": {
        "NO": "1405",
        "共通ID": "E4653400014111",
        "施設・場所名": "上平川へき地保健福祉館",
        "住所": "鹿児島県知名町上平川132-1",
        "指定緊急避難場所との住所同一": "",
        "その他市町村長が必要と認める事項": null,
        "受入対象者": null,
        "備考": ""
      }
    },
    {
      "type": "Feature",
      "geometry": {
        "type": "Point",
        "coordinates": [
          128.568066,
          27.393996
        ]
      },
      "properties": {
        "NO": "1406",
        "共通ID": "E4653400015111",
        "施設・場所名": "新城生活館",
        "住所": "鹿児島県知名町新城1636-1",
        "指定緊急避難場所との住所同一": "",
        "その他市町村長が必要と認める事項": null,
        "受入対象者": null,
        "備考": ""
      }
    },
    {
      "type": "Feature",
      "geometry": {
        "type": "Point",
        "coordinates": [
          128.579971,
          27.338395
        ]
      },
      "properties": {
        "NO": "1407",
        "共通ID": "E4653400016111",
        "施設・場所名": "瀬利覚コミュニティ消防センター",
        "住所": "鹿児島県知名町瀬利覚1297",
        "指定緊急避難場所との住所同一": "1",
        "その他市町村長が必要と認める事項": null,
        "受入対象者": null,
        "備考": ""
      }
    },
    {
      "type": "Feature",
      "geometry": {
        "type": "Point",
        "coordinates": [
          128.580554,
          27.333419
        ]
      },
      "properties": {
        "NO": "1408",
        "共通ID": "E4653400017111",
        "施設・場所名": "町民体育館",
        "住所": "鹿児島県知名町瀬利覚2046",
        "指定緊急避難場所との住所同一": "",
        "その他市町村長が必要と認める事項": null,
        "受入対象者": null,
        "備考": ""
      }
    },
    {
      "type": "Feature",
      "geometry": {
        "type": "Point",
        "coordinates": [
          128.574885,
          27.336791
        ]
      },
      "properties": {
        "NO": "1409",
        "共通ID": "E4653400018111",
        "施設・場所名": "おきえらぶ文化ホール「あしびの郷・ちな」",
        "住所": "鹿児島県知名町瀬利覚2362",
        "指定緊急避難場所との住所同一": "1",
        "その他市町村長が必要と認める事項": null,
        "受入対象者": null,
        "備考": ""
      }
    },
    {
      "type": "Feature",
      "geometry": {
        "type": "Point",
        "coordinates": [
          128.584541,
          27.341399
        ]
      },
      "properties": {
        "NO": "1410",
        "共通ID": "E4653400019111",
        "施設・場所名": "知名町老人福祉センター",
        "住所": "鹿児島県知名町瀬利覚287",
        "指定緊急避難場所との住所同一": "1",
        "その他市町村長が必要と認める事項": null,
        "受入対象者": null,
        "備考": ""
      }
    },
    {
      "type": "Feature",
      "geometry": {
        "type": "Point",
        "coordinates": [
          128.585488,
          27.340626
        ]
      },
      "properties": {
        "NO": "1411",
        "共通ID": "E4653400020111",
        "施設・場所名": "知名中学校",
        "住所": "鹿児島県知名町瀬利覚536",
        "指定緊急避難場所との住所同一": "",
        "その他市町村長が必要と認める事項": null,
        "受入対象者": null,
        "備考": ""
      }
    },
    {
      "type": "Feature",
      "geometry": {
        "type": "Point",
        "coordinates": [
          128.532553,
          27.369881
        ]
      },
      "properties": {
        "NO": "1412",
        "共通ID": "E4653400021111",
        "施設・場所名": "正名生活館",
        "住所": "鹿児島県知名町正名1105",
        "指定緊急避難場所との住所同一": "",
        "その他市町村長が必要と認める事項": null,
        "受入対象者": null,
        "備考": ""
      }
    },
    {
      "type": "Feature",
      "geometry": {
        "type": "Point",
        "coordinates": [
          128.604802,
          27.372833
        ]
      },
      "properties": {
        "NO": "1413",
        "共通ID": "E4653400022111",
        "施設・場所名": "村づくり赤嶺公民館",
        "住所": "鹿児島県知名町赤嶺713",
        "指定緊急避難場所との住所同一": "",
        "その他市町村長が必要と認める事項": null,
        "受入対象者": null,
        "備考": ""
      }
    },
    {
      "type": "Feature",
      "geometry": {
        "type": "Point",
        "coordinates": [
          128.546531,
          27.349581
        ]
      },
      "properties": {
        "NO": "1414",
        "共通ID": "E4653400023111",
        "施設・場所名": "大津勘構造改善センター",
        "住所": "鹿児島県知名町大津勘805-2",
        "指定緊急避難場所との住所同一": "",
        "その他市町村長が必要と認める事項": null,
        "受入対象者": null,
        "備考": ""
      }
    },
    {
      "type": "Feature",
      "geometry": {
        "type": "Point",
        "coordinates": [
          128.575791,
          27.332947
        ]
      },
      "properties": {
        "NO": "1415",
        "共通ID": "E4653400024111",
        "施設・場所名": "中央防災センター",
        "住所": "鹿児島県知名町知名312",
        "指定緊急避難場所との住所同一": "",
        "その他市町村長が必要と認める事項": null,
        "受入対象者": null,
        "備考": ""
      }
    },
    {
      "type": "Feature",
      "geometry": {
        "type": "Point",
        "coordinates": [
          128.574879,
          27.332548
        ]
      },
      "properties": {
        "NO": "1416",
        "共通ID": "E4653400025111",
        "施設・場所名": "知名小学校",
        "住所": "鹿児島県知名町知名333",
        "指定緊急避難場所との住所同一": "",
        "その他市町村長が必要と認める事項": null,
        "受入対象者": null,
        "備考": ""
      }
    },
    {
      "type": "Feature",
      "geometry": {
        "type": "Point",
        "coordinates": [
          128.573439,
          27.332205
        ]
      },
      "properties": {
        "NO": "1417",
        "共通ID": "E4653400026111",
        "施設・場所名": "知名町中央公民館",
        "住所": "鹿児島県知名町知名411",
        "指定緊急避難場所との住所同一": "",
        "その他市町村長が必要と認める事項": null,
        "受入対象者": null,
        "備考": ""
      }
    },
    {
      "type": "Feature",
      "geometry": {
        "type": "Point",
        "coordinates": [
          128.567661,
          27.334447
        ]
      },
      "properties": {
        "NO": "1418",
        "共通ID": "E4653400027111",
        "施設・場所名": "知名生活館",
        "住所": "鹿児島県知名町知名817",
        "指定緊急避難場所との住所同一": "1",
        "その他市町村長が必要と認める事項": null,
        "受入対象者": null,
        "備考": ""
      }
    },
    {
      "type": "Feature",
      "geometry": {
        "type": "Point",
        "coordinates": [
          128.542887,
          27.38684
        ]
      },
      "properties": {
        "NO": "1419",
        "共通ID": "E4653400028111",
        "施設・場所名": "田皆小学校",
        "住所": "鹿児島県知名町田皆1653",
        "指定緊急避難場所との住所同一": "",
        "その他市町村長が必要と認める事項": null,
        "受入対象者": null,
        "備考": ""
      }
    },
    {
      "type": "Feature",
      "geometry": {
        "type": "Point",
        "coordinates": [
          128.54373,
          27.386571
        ]
      },
      "properties": {
        "NO": "1420",
        "共通ID": "E4653400029111",
        "施設・場所名": "田皆中学校",
        "住所": "鹿児島県知名町田皆1661",
        "指定緊急避難場所との住所同一": "",
        "その他市町村長が必要と認める事項": null,
        "受入対象者": null,
        "備考": ""
      }
    },
    {
      "type": "Feature",
      "geometry": {
        "type": "Point",
        "coordinates": [
          128.539488,
          27.387456
        ]
      },
      "properties": {
        "NO": "1421",
        "共通ID": "E4653400030111",
        "施設・場所名": "田皆コミュニティセンター",
        "住所": "鹿児島県知名町田皆5",
        "指定緊急避難場所との住所同一": "",
        "その他市町村長が必要と認める事項": null,
        "受入対象者": null,
        "備考": ""
      }
    },
    {
      "type": "Feature",
      "geometry": {
        "type": "Point",
        "coordinates": [
          128.543701,
          27.352318
        ]
      },
      "properties": {
        "NO": "1422",
        "共通ID": "E4653400031111",
        "施設・場所名": "村づくり徳時公民館",
        "住所": "鹿児島県知名町徳時1319",
        "指定緊急避難場所との住所同一": "",
        "その他市町村長が必要と認める事項": null,
        "受入対象者": null,
        "備考": ""
      }
    },
    {
      "type": "Feature",
      "geometry": {
        "type": "Point",
        "coordinates": [
          128.610137,
          27.361043
        ]
      },
      "properties": {
        "NO": "1423",
        "共通ID": "E4653400032111",
        "施設・場所名": "余多コミュニティセンター",
        "住所": "鹿児島県知名町余多945-1",
        "指定緊急避難場所との住所同一": "",
        "その他市町村長が必要と認める事項": null,
        "受入対象者": null,
        "備考": ""
      }
    },
    {
      "type": "Feature",
      "geometry": {
        "type": "Point",
        "coordinates": [
          130.938251,
          30.479373
        ]
      },
      "properties": {
        "NO": "1424",
        "共通ID": "E4650100001111",
        "施設・場所名": "南界小学校",
        "住所": "鹿児島県中種子町坂井3530",
        "指定緊急避難場所との住所同一": "",
        "その他市町村長が必要と認める事項": null,
        "受入対象者": null,
        "備考": ""
      }
    },
    {
      "type": "Feature",
      "geometry": {
        "type": "Point",
        "coordinates": [
          130.893304,
          30.491566
        ]
      },
      "properties": {
        "NO": "1425",
        "共通ID": "E4650100002111",
        "施設・場所名": "岩岡小学校",
        "住所": "鹿児島県中種子町坂井969",
        "指定緊急避難場所との住所同一": "",
        "その他市町村長が必要と認める事項": null,
        "受入対象者": null,
        "備考": ""
      }
    },
    {
      "type": "Feature",
      "geometry": {
        "type": "Point",
        "coordinates": [
          130.996513,
          30.554218
        ]
      },
      "properties": {
        "NO": "1426",
        "共通ID": "E4650100004111",
        "施設・場所名": "増田小学校",
        "住所": "鹿児島県中種子町増田3969",
        "指定緊急避難場所との住所同一": "",
        "その他市町村長が必要と認める事項": null,
        "受入対象者": null,
        "備考": ""
      }
    },
    {
      "type": "Feature",
      "geometry": {
        "type": "Point",
        "coordinates": [
          130.946345,
          30.559802
        ]
      },
      "properties": {
        "NO": "1427",
        "共通ID": "E4650100006111",
        "施設・場所名": "納官小学校",
        "住所": "鹿児島県中種子町納官500",
        "指定緊急避難場所との住所同一": "",
        "その他市町村長が必要と認める事項": null,
        "受入対象者": null,
        "備考": ""
      }
    },
    {
      "type": "Feature",
      "geometry": {
        "type": "Point",
        "coordinates": [
          130.950269,
          30.610275
        ]
      },
      "properties": {
        "NO": "1428",
        "共通ID": "E4650100007111",
        "施設・場所名": "星原小学校",
        "住所": "鹿児島県中種子町納官6425",
        "指定緊急避難場所との住所同一": "",
        "その他市町村長が必要と認める事項": null,
        "受入対象者": null,
        "備考": ""
      }
    },
    {
      "type": "Feature",
      "geometry": {
        "type": "Point",
        "coordinates": [
          130.959037,
          30.53293
        ]
      },
      "properties": {
        "NO": "1429",
        "共通ID": "E4650100008111",
        "施設・場所名": "中央公民館",
        "住所": "鹿児島県中種子町野間5186",
        "指定緊急避難場所との住所同一": "",
        "その他市町村長が必要と認める事項": null,
        "受入対象者": null,
        "備考": ""
      }
    },
    {
      "type": "Feature",
      "geometry": {
        "type": "Point",
        "coordinates": [
          130.95719,
          30.5351
        ]
      },
      "properties": {
        "NO": "1430",
        "共通ID": "E4650100009111",
        "施設・場所名": "中種子中学校",
        "住所": "鹿児島県中種子町野間5208-1",
        "指定緊急避難場所との住所同一": "",
        "その他市町村長が必要と認める事項": null,
        "受入対象者": null,
        "備考": ""
      }
    },
    {
      "type": "Feature",
      "geometry": {
        "type": "Point",
        "coordinates": [
          130.968811,
          30.528731
        ]
      },
      "properties": {
        "NO": "1431",
        "共通ID": "E4650100010111",
        "施設・場所名": "中央運動公園",
        "住所": "鹿児島県中種子町野間5936",
        "指定緊急避難場所との住所同一": "",
        "その他市町村長が必要と認める事項": null,
        "受入対象者": null,
        "備考": ""
      }
    },
    {
      "type": "Feature",
      "geometry": {
        "type": "Point",
        "coordinates": [
          130.954707,
          30.520081
        ]
      },
      "properties": {
        "NO": "1432",
        "共通ID": "E4650100011111",
        "施設・場所名": "福祉センター",
        "住所": "鹿児島県中種子町野間6584-2",
        "指定緊急避難場所との住所同一": "",
        "その他市町村長が必要と認める事項": null,
        "受入対象者": null,
        "備考": ""
      }
    },
    {
      "type": "Feature",
      "geometry": {
        "type": "Point",
        "coordinates": [
          130.960034,
          30.499423
        ]
      },
      "properties": {
        "NO": "1433",
        "共通ID": "E4650100012111",
        "施設・場所名": "油久小学校",
        "住所": "鹿児島県中種子町油久2340",
        "指定緊急避難場所との住所同一": "",
        "その他市町村長が必要と認める事項": null,
        "受入対象者": null,
        "備考": ""
      }
    },
    {
      "type": "Feature",
      "geometry": {
        "type": "Point",
        "coordinates": [
          130.15908,
          32.132121
        ]
      },
      "properties": {
        "NO": "1434",
        "共通ID": "E4640400014111",
        "施設・場所名": "山門野コミュニティセンター",
        "住所": "鹿児島県長島町山門野1362",
        "指定緊急避難場所との住所同一": "1",
        "その他市町村長が必要と認める事項": null,
        "受入対象者": null,
        "備考": ""
      }
    },
    {
      "type": "Feature",
      "geometry": {
        "type": "Point",
        "coordinates": [
          130.111565,
          32.163392
        ]
      },
      "properties": {
        "NO": "1435",
        "共通ID": "E4640400021111",
        "施設・場所名": "長島町文化ホール",
        "住所": "鹿児島県長島町指江1545",
        "指定緊急避難場所との住所同一": "",
        "その他市町村長が必要と認める事項": null,
        "受入対象者": null,
        "備考": ""
      }
    },
    {
      "type": "Feature",
      "geometry": {
        "type": "Point",
        "coordinates": [
          130.121396,
          32.156199
        ]
      },
      "properties": {
        "NO": "1436",
        "共通ID": "E4640400023111",
        "施設・場所名": "長島中学校",
        "住所": "鹿児島県長島町指江548",
        "指定緊急避難場所との住所同一": "1",
        "その他市町村長が必要と認める事項": null,
        "受入対象者": null,
        "備考": ""
      }
    },
    {
      "type": "Feature",
      "geometry": {
        "type": "Point",
        "coordinates": [
          130.119058,
          32.153327
        ]
      },
      "properties": {
        "NO": "1437",
        "共通ID": "E4640400024121",
        "施設・場所名": "長生園",
        "住所": "鹿児島県長島町指江756-2",
        "指定緊急避難場所との住所同一": "",
        "その他市町村長が必要と認める事項": null,
        "受入対象者": "要配慮者",
        "備考": ""
      }
    },
    {
      "type": "Feature",
      "geometry": {
        "type": "Point",
        "coordinates": [
          130.216445,
          32.278911
        ]
      },
      "properties": {
        "NO": "1438",
        "共通ID": "E4640400025111",
        "施設・場所名": "獅子島小中学校",
        "住所": "鹿児島県長島町獅子島118",
        "指定緊急避難場所との住所同一": "1",
        "その他市町村長が必要と認める事項": null,
        "受入対象者": null,
        "備考": ""
      }
    },
    {
      "type": "Feature",
      "geometry": {
        "type": "Point",
        "coordinates": [
          130.231462,
          32.288397
        ]
      },
      "properties": {
        "NO": "1439",
        "共通ID": "E4640400032111",
        "施設・場所名": "旧獅子島小学校",
        "住所": "鹿児島県長島町獅子島4348-1",
        "指定緊急避難場所との住所同一": "1",
        "その他市町村長が必要と認める事項": null,
        "受入対象者": null,
        "備考": ""
      }
    },
    {
      "type": "Feature",
      "geometry": {
        "type": "Point",
        "coordinates": [
          130.218235,
          32.276776
        ]
      },
      "properties": {
        "NO": "1440",
        "共通ID": "E4640400035121",
        "施設・場所名": "獅子島アイランドセンター",
        "住所": "鹿児島県長島町獅子島689-8",
        "指定緊急避難場所との住所同一": "",
        "その他市町村長が必要と認める事項": null,
        "受入対象者": "要配慮者",
        "備考": ""
      }
    },
    {
      "type": "Feature",
      "geometry": {
        "type": "Point",
        "coordinates": [
          130.218235,
          32.276776
        ]
      },
      "properties": {
        "NO": "1441",
        "共通ID": "E4640400035111",
        "施設・場所名": "獅子島アイランドセンター",
        "住所": "鹿児島県長島町獅子島689-8",
        "指定緊急避難場所との住所同一": "",
        "その他市町村長が必要と認める事項": null,
        "受入対象者": null,
        "備考": ""
      }
    },
    {
      "type": "Feature",
      "geometry": {
        "type": "Point",
        "coordinates": [
          130.171255,
          32.241603
        ]
      },
      "properties": {
        "NO": "1442",
        "共通ID": "E4640400039111",
        "施設・場所名": "旧本浦小学校",
        "住所": "鹿児島県長島町諸浦541",
        "指定緊急避難場所との住所同一": "1",
        "その他市町村長が必要と認める事項": null,
        "受入対象者": null,
        "備考": ""
      }
    },
    {
      "type": "Feature",
      "geometry": {
        "type": "Point",
        "coordinates": [
          130.118525,
          32.147087
        ]
      },
      "properties": {
        "NO": "1443",
        "共通ID": "E4640400044111",
        "施設・場所名": "城川内小学校",
        "住所": "鹿児島県長島町城川内870",
        "指定緊急避難場所との住所同一": "1",
        "その他市町村長が必要と認める事項": null,
        "受入対象者": null,
        "備考": ""
      }
    },
    {
      "type": "Feature",
      "geometry": {
        "type": "Point",
        "coordinates": [
          130.166456,
          32.144642
        ]
      },
      "properties": {
        "NO": "1444",
        "共通ID": "E4640400045111",
        "施設・場所名": "川床小学校",
        "住所": "鹿児島県長島町川床1133-2",
        "指定緊急避難場所との住所同一": "",
        "その他市町村長が必要と認める事項": null,
        "受入対象者": null,
        "備考": ""
      }
    },
    {
      "type": "Feature",
      "geometry": {
        "type": "Point",
        "coordinates": [
          130.171664,
          32.145273
        ]
      },
      "properties": {
        "NO": "1445",
        "共通ID": "E4640400048111",
        "施設・場所名": "川床コミュニティセンター",
        "住所": "鹿児島県長島町川床1550-2",
        "指定緊急避難場所との住所同一": "",
        "その他市町村長が必要と認める事項": null,
        "受入対象者": null,
        "備考": ""
      }
    },
    {
      "type": "Feature",
      "geometry": {
        "type": "Point",
        "coordinates": [
          130.106071,
          32.179493
        ]
      },
      "properties": {
        "NO": "1446",
        "共通ID": "E4640400055111",
        "施設・場所名": "蔵之元小学校",
        "住所": "鹿児島県長島町蔵之元1631-2",
        "指定緊急避難場所との住所同一": "1",
        "その他市町村長が必要と認める事項": null,
        "受入対象者": null,
        "備考": ""
      }
    },
    {
      "type": "Feature",
      "geometry": {
        "type": "Point",
        "coordinates": [
          130.175118,
          32.19381
        ]
      },
      "properties": {
        "NO": "1447",
        "共通ID": "E4640400059111",
        "施設・場所名": "鷹巣中学校",
        "住所": "鹿児島県長島町鷹巣1687",
        "指定緊急避難場所との住所同一": "1",
        "その他市町村長が必要と認める事項": null,
        "受入対象者": null,
        "備考": ""
      }
    },
    {
      "type": "Feature",
      "geometry": {
        "type": "Point",
        "coordinates": [
          130.177377,
          32.199406
        ]
      },
      "properties": {
        "NO": "1448",
        "共通ID": "E4640400060111",
        "施設・場所名": "長島町開発総合センター",
        "住所": "鹿児島県長島町鷹巣1877-3",
        "指定緊急避難場所との住所同一": "",
        "その他市町村長が必要と認める事項": null,
        "受入対象者": null,
        "備考": ""
      }
    },
    {
      "type": "Feature",
      "geometry": {
        "type": "Point",
        "coordinates": [
          130.177222,
          32.200336
        ]
      },
      "properties": {
        "NO": "1449",
        "共通ID": "E4640400061111",
        "施設・場所名": "鷹巣小学校",
        "住所": "鹿児島県長島町鷹巣1888",
        "指定緊急避難場所との住所同一": "1",
        "その他市町村長が必要と認める事項": null,
        "受入対象者": null,
        "備考": ""
      }
    },
    {
      "type": "Feature",
      "geometry": {
        "type": "Point",
        "coordinates": [
          130.191471,
          32.193844
        ]
      },
      "properties": {
        "NO": "1450",
        "共通ID": "E4640400064111",
        "施設・場所名": "太陽の里",
        "住所": "鹿児島県長島町鷹巣333-19",
        "指定緊急避難場所との住所同一": "",
        "その他市町村長が必要と認める事項": null,
        "受入対象者": null,
        "備考": ""
      }
    },
    {
      "type": "Feature",
      "geometry": {
        "type": "Point",
        "coordinates": [
          130.179763,
          32.198806
        ]
      },
      "properties": {
        "NO": "1451",
        "共通ID": "E4640400066111",
        "施設・場所名": "長島町多目的ホール",
        "住所": "鹿児島県長島町鷹巣3650-1",
        "指定緊急避難場所との住所同一": "",
        "その他市町村長が必要と認める事項": null,
        "受入対象者": null,
        "備考": ""
      }
    },
    {
      "type": "Feature",
      "geometry": {
        "type": "Point",
        "coordinates": [
          130.179902,
          32.198356
        ]
      },
      "properties": {
        "NO": "1452",
        "共通ID": "E4640400067111",
        "施設・場所名": "長島町民総合体育館",
        "住所": "鹿児島県長島町鷹巣3653",
        "指定緊急避難場所との住所同一": "",
        "その他市町村長が必要と認める事項": null,
        "受入対象者": null,
        "備考": ""
      }
    },
    {
      "type": "Feature",
      "geometry": {
        "type": "Point",
        "coordinates": [
          130.185683,
          32.198739
        ]
      },
      "properties": {
        "NO": "1453",
        "共通ID": "E4640400068111",
        "施設・場所名": "日本マンダリンセンター",
        "住所": "鹿児島県長島町鷹巣3786-14",
        "指定緊急避難場所との住所同一": "",
        "その他市町村長が必要と認める事項": null,
        "受入対象者": null,
        "備考": ""
      }
    },
    {
      "type": "Feature",
      "geometry": {
        "type": "Point",
        "coordinates": [
          130.206157,
          32.216856
        ]
      },
      "properties": {
        "NO": "1454",
        "共通ID": "E4640400069111",
        "施設・場所名": "伊唐アイランドセンター",
        "住所": "鹿児島県長島町鷹巣4254-11",
        "指定緊急避難場所との住所同一": "",
        "その他市町村長が必要と認める事項": null,
        "受入対象者": null,
        "備考": ""
      }
    },
    {
      "type": "Feature",
      "geometry": {
        "type": "Point",
        "coordinates": [
          130.206999,
          32.213779
        ]
      },
      "properties": {
        "NO": "1455",
        "共通ID": "E4640400070111",
        "施設・場所名": "伊唐小学校",
        "住所": "鹿児島県長島町鷹巣4263",
        "指定緊急避難場所との住所同一": "1",
        "その他市町村長が必要と認める事項": null,
        "受入対象者": null,
        "備考": ""
      }
    },
    {
      "type": "Feature",
      "geometry": {
        "type": "Point",
        "coordinates": [
          130.144765,
          32.193549
        ]
      },
      "properties": {
        "NO": "1456",
        "共通ID": "E4640400079111",
        "施設・場所名": "平尾中学校",
        "住所": "鹿児島県長島町平尾5719",
        "指定緊急避難場所との住所同一": "1",
        "その他市町村長が必要と認める事項": null,
        "受入対象者": null,
        "備考": ""
      }
    },
    {
      "type": "Feature",
      "geometry": {
        "type": "Point",
        "coordinates": [
          128.895299,
          27.840702
        ]
      },
      "properties": {
        "NO": "1457",
        "共通ID": "E4653100002111",
        "施設・場所名": "岡前生活館",
        "住所": "鹿児島県天城町岡前1409",
        "指定緊急避難場所との住所同一": "",
        "その他市町村長が必要と認める事項": null,
        "受入対象者": null,
        "備考": ""
      }
    },
    {
      "type": "Feature",
      "geometry": {
        "type": "Point",
        "coordinates": [
          128.901377,
          27.843194
        ]
      },
      "properties": {
        "NO": "1458",
        "共通ID": "E4653100004111",
        "施設・場所名": "前野福祉館",
        "住所": "鹿児島県天城町岡前1791",
        "指定緊急避難場所との住所同一": "",
        "その他市町村長が必要と認める事項": null,
        "受入対象者": null,
        "備考": ""
      }
    },
    {
      "type": "Feature",
      "geometry": {
        "type": "Point",
        "coordinates": [
          128.902814,
          27.79901
        ]
      },
      "properties": {
        "NO": "1459",
        "共通ID": "E4653100006111",
        "施設・場所名": "兼久自治公民館",
        "住所": "鹿児島県天城町兼久1183",
        "指定緊急避難場所との住所同一": "",
        "その他市町村長が必要と認める事項": null,
        "受入対象者": null,
        "備考": ""
      }
    },
    {
      "type": "Feature",
      "geometry": {
        "type": "Point",
        "coordinates": [
          128.900129,
          27.848292
        ]
      },
      "properties": {
        "NO": "1460",
        "共通ID": "E4653100007111",
        "施設・場所名": "松原上区公民館",
        "住所": "鹿児島県天城町松原1922-2",
        "指定緊急避難場所との住所同一": "",
        "その他市町村長が必要と認める事項": null,
        "受入対象者": null,
        "備考": ""
      }
    },
    {
      "type": "Feature",
      "geometry": {
        "type": "Point",
        "coordinates": [
          128.894108,
          27.858116
        ]
      },
      "properties": {
        "NO": "1461",
        "共通ID": "E4653100008111",
        "施設・場所名": "松原西区公民館",
        "住所": "鹿児島県天城町松原62-1",
        "指定緊急避難場所との住所同一": "",
        "その他市町村長が必要と認める事項": null,
        "受入対象者": null,
        "備考": ""
      }
    },
    {
      "type": "Feature",
      "geometry": {
        "type": "Point",
        "coordinates": [
          128.909798,
          27.771531
        ]
      },
      "properties": {
        "NO": "1462",
        "共通ID": "E4653100011111",
        "施設・場所名": "農業センター",
        "住所": "鹿児島県天城町瀬滝1405-1",
        "指定緊急避難場所との住所同一": "",
        "その他市町村長が必要と認める事項": null,
        "受入対象者": null,
        "備考": ""
      }
    },
    {
      "type": "Feature",
      "geometry": {
        "type": "Point",
        "coordinates": [
          128.909861,
          27.779903
        ]
      },
      "properties": {
        "NO": "1463",
        "共通ID": "E4653100012111",
        "施設・場所名": "瀬滝構造改善センター",
        "住所": "鹿児島県天城町瀬滝981-1",
        "指定緊急避難場所との住所同一": "",
        "その他市町村長が必要と認める事項": null,
        "受入対象者": null,
        "備考": ""
      }
    },
    {
      "type": "Feature",
      "geometry": {
        "type": "Point",
        "coordinates": [
          128.950205,
          27.771958
        ]
      },
      "properties": {
        "NO": "1464",
        "共通ID": "E4653100014111",
        "施設・場所名": "三京公民館",
        "住所": "鹿児島県天城町西阿木名1353-37",
        "指定緊急避難場所との住所同一": "",
        "その他市町村長が必要と認める事項": null,
        "受入対象者": null,
        "備考": ""
      }
    },
    {
      "type": "Feature",
      "geometry": {
        "type": "Point",
        "coordinates": [
          128.918059,
          27.753234
        ]
      },
      "properties": {
        "NO": "1465",
        "共通ID": "E4653100016111",
        "施設・場所名": "西阿木名振興センター",
        "住所": "鹿児島県天城町西阿木名334",
        "指定緊急避難場所との住所同一": "",
        "その他市町村長が必要と認める事項": null,
        "受入対象者": null,
        "備考": ""
      }
    },
    {
      "type": "Feature",
      "geometry": {
        "type": "Point",
        "coordinates": [
          128.884368,
          27.838969
        ]
      },
      "properties": {
        "NO": "1466",
        "共通ID": "E4653100017111",
        "施設・場所名": "天城町Ｂ＆Ｇ海洋センター",
        "住所": "鹿児島県天城町浅間177-15",
        "指定緊急避難場所との住所同一": "",
        "その他市町村長が必要と認める事項": null,
        "受入対象者": null,
        "備考": ""
      }
    },
    {
      "type": "Feature",
      "geometry": {
        "type": "Point",
        "coordinates": [
          128.888943,
          27.82949
        ]
      },
      "properties": {
        "NO": "1467",
        "共通ID": "E4653100019111",
        "施設・場所名": "浅間福祉館",
        "住所": "鹿児島県天城町浅間670-37",
        "指定緊急避難場所との住所同一": "",
        "その他市町村長が必要と認める事項": null,
        "受入対象者": null,
        "備考": ""
      }
    },
    {
      "type": "Feature",
      "geometry": {
        "type": "Point",
        "coordinates": [
          128.907289,
          27.78971
        ]
      },
      "properties": {
        "NO": "1468",
        "共通ID": "E4653100020111",
        "施設・場所名": "南部保育所",
        "住所": "鹿児島県天城町大津川751-1",
        "指定緊急避難場所との住所同一": "",
        "その他市町村長が必要と認める事項": null,
        "受入対象者": null,
        "備考": ""
      }
    },
    {
      "type": "Feature",
      "geometry": {
        "type": "Point",
        "coordinates": [
          128.894422,
          27.816358
        ]
      },
      "properties": {
        "NO": "1469",
        "共通ID": "E4653100021111",
        "施設・場所名": "天城町防災センター",
        "住所": "鹿児島県天城町天城427",
        "指定緊急避難場所との住所同一": "1",
        "その他市町村長が必要と認める事項": null,
        "受入対象者": null,
        "備考": ""
      }
    },
    {
      "type": "Feature",
      "geometry": {
        "type": "Point",
        "coordinates": [
          128.895183,
          27.816274
        ]
      },
      "properties": {
        "NO": "1470",
        "共通ID": "E4653100022121",
        "施設・場所名": "天城町保健センター",
        "住所": "鹿児島県天城町天城431",
        "指定緊急避難場所との住所同一": "",
        "その他市町村長が必要と認める事項": null,
        "受入対象者": "要配慮者",
        "備考": ""
      }
    },
    {
      "type": "Feature",
      "geometry": {
        "type": "Point",
        "coordinates": [
          128.894231,
          27.815251
        ]
      },
      "properties": {
        "NO": "1471",
        "共通ID": "E4653100023111",
        "施設・場所名": "天城町社会福祉協議会",
        "住所": "鹿児島県天城町天城462",
        "指定緊急避難場所との住所同一": "",
        "その他市町村長が必要と認める事項": null,
        "受入対象者": null,
        "備考": ""
      }
    },
    {
      "type": "Feature",
      "geometry": {
        "type": "Point",
        "coordinates": [
          128.897056,
          27.81612
        ]
      },
      "properties": {
        "NO": "1472",
        "共通ID": "E4653100025111",
        "施設・場所名": "天城自治公民館",
        "住所": "鹿児島県天城町天城626",
        "指定緊急避難場所との住所同一": "",
        "その他市町村長が必要と認める事項": null,
        "受入対象者": null,
        "備考": ""
      }
    },
    {
      "type": "Feature",
      "geometry": {
        "type": "Point",
        "coordinates": [
          128.936272,
          27.789617
        ]
      },
      "properties": {
        "NO": "1473",
        "共通ID": "E4653100026111",
        "施設・場所名": "当部公民館（旧当部分校）",
        "住所": "鹿児島県天城町当部57-1",
        "指定緊急避難場所との住所同一": "",
        "その他市町村長が必要と認める事項": null,
        "受入対象者": null,
        "備考": ""
      }
    },
    {
      "type": "Feature",
      "geometry": {
        "type": "Point",
        "coordinates": [
          128.89615,
          27.811629
        ]
      },
      "properties": {
        "NO": "1474",
        "共通ID": "E4653100028111",
        "施設・場所名": "平土野児童館",
        "住所": "鹿児島県天城町平土野18-2",
        "指定緊急避難場所との住所同一": "",
        "その他市町村長が必要と認める事項": null,
        "受入対象者": null,
        "備考": ""
      }
    },
    {
      "type": "Feature",
      "geometry": {
        "type": "Point",
        "coordinates": [
          128.89433,
          27.879595
        ]
      },
      "properties": {
        "NO": "1475",
        "共通ID": "E4653100029111",
        "施設・場所名": "与名間生涯学習センター",
        "住所": "鹿児島県天城町与名間282",
        "指定緊急避難場所との住所同一": "",
        "その他市町村長が必要と認める事項": null,
        "受入対象者": null,
        "備考": ""
      }
    },
    {
      "type": "Feature",
      "geometry": {
        "type": "Point",
        "coordinates": [
          130.985589,
          31.385423
        ]
      },
      "properties": {
        "NO": "1476",
        "共通ID": "E4648200001111",
        "施設・場所名": "東串良町総合体育館",
        "住所": "鹿児島県東串良町新川西1850",
        "指定緊急避難場所との住所同一": "1",
        "その他市町村長が必要と認める事項": null,
        "受入対象者": null,
        "備考": ""
      }
    },
    {
      "type": "Feature",
      "geometry": {
        "type": "Point",
        "coordinates": [
          130.973347,
          31.385233
        ]
      },
      "properties": {
        "NO": "1477",
        "共通ID": "E4648200003111",
        "施設・場所名": "東串良町保健センター",
        "住所": "鹿児島県東串良町川西1543",
        "指定緊急避難場所との住所同一": "1",
        "その他市町村長が必要と認める事項": null,
        "受入対象者": null,
        "備考": ""
      }
    },
    {
      "type": "Feature",
      "geometry": {
        "type": "Point",
        "coordinates": [
          130.999276,
          31.390549
        ]
      },
      "properties": {
        "NO": "1478",
        "共通ID": "E4648200006111",
        "施設・場所名": "溜水構造改善センター",
        "住所": "鹿児島県東串良町川東1535",
        "指定緊急避難場所との住所同一": "1",
        "その他市町村長が必要と認める事項": null,
        "受入対象者": null,
        "備考": ""
      }
    },
    {
      "type": "Feature",
      "geometry": {
        "type": "Point",
        "coordinates": [
          131.012252,
          31.395786
        ]
      },
      "properties": {
        "NO": "1479",
        "共通ID": "E4648200009111",
        "施設・場所名": "東串良町防災センター",
        "住所": "鹿児島県東串良町川東4770-3",
        "指定緊急避難場所との住所同一": "1",
        "その他市町村長が必要と認める事項": null,
        "受入対象者": null,
        "備考": ""
      }
    },
    {
      "type": "Feature",
      "geometry": {
        "type": "Point",
        "coordinates": [
          131.013599,
          31.36028
        ]
      },
      "properties": {
        "NO": "1480",
        "共通ID": "E4648200010111",
        "施設・場所名": "東串良町農村環境改善センター",
        "住所": "鹿児島県東串良町川東4989-6",
        "指定緊急避難場所との住所同一": "1",
        "その他市町村長が必要と認める事項": null,
        "受入対象者": null,
        "備考": ""
      }
    },
    {
      "type": "Feature",
      "geometry": {
        "type": "Point",
        "coordinates": [
          130.985348,
          31.395146
        ]
      },
      "properties": {
        "NO": "1481",
        "共通ID": "E4648200012111",
        "施設・場所名": "東串良町高齢者福祉センター",
        "住所": "鹿児島県東串良町池之原2157",
        "指定緊急避難場所との住所同一": "1",
        "その他市町村長が必要と認める事項": null,
        "受入対象者": null,
        "備考": ""
      }
    },
    {
      "type": "Feature",
      "geometry": {
        "type": "Point",
        "coordinates": [
          130.967224,
          31.39189
        ]
      },
      "properties": {
        "NO": "1482",
        "共通ID": "E4648200016111",
        "施設・場所名": "東串良町総合センター",
        "住所": "鹿児島県東串良町池之原995-1",
        "指定緊急避難場所との住所同一": "",
        "その他市町村長が必要と認める事項": null,
        "受入対象者": null,
        "備考": ""
      }
    },
    {
      "type": "Feature",
      "geometry": {
        "type": "Point",
        "coordinates": [
          129.004347,
          27.780285
        ]
      },
      "properties": {
        "NO": "1483",
        "共通ID": "E4653000001111",
        "施設・場所名": "旭ヶ丘公民館",
        "住所": "鹿児島県徳之島町井之川2236-103",
        "指定緊急避難場所との住所同一": "",
        "その他市町村長が必要と認める事項": null,
        "受入対象者": null,
        "備考": ""
      }
    },
    {
      "type": "Feature",
      "geometry": {
        "type": "Point",
        "coordinates": [
          129.020182,
          27.776724
        ]
      },
      "properties": {
        "NO": "1484",
        "共通ID": "E4653000002111",
        "施設・場所名": "井之川公民館",
        "住所": "鹿児島県徳之島町井之川849",
        "指定緊急避難場所との住所同一": "",
        "その他市町村長が必要と認める事項": null,
        "受入対象者": null,
        "備考": ""
      }
    },
    {
      "type": "Feature",
      "geometry": {
        "type": "Point",
        "coordinates": [
          129.004613,
          27.796017
        ]
      },
      "properties": {
        "NO": "1485",
        "共通ID": "E4653000004111",
        "施設・場所名": "下久志分校",
        "住所": "鹿児島県徳之島町下久志",
        "指定緊急避難場所との住所同一": "1",
        "その他市町村長が必要と認める事項": null,
        "受入対象者": null,
        "備考": ""
      }
    },
    {
      "type": "Feature",
      "geometry": {
        "type": "Point",
        "coordinates": [
          129.00132,
          27.798168
        ]
      },
      "properties": {
        "NO": "1486",
        "共通ID": "E4653000005111",
        "施設・場所名": "下久志青少年会館",
        "住所": "鹿児島県徳之島町下久志870-2",
        "指定緊急避難場所との住所同一": "",
        "その他市町村長が必要と認める事項": null,
        "受入対象者": null,
        "備考": ""
      }
    },
    {
      "type": "Feature",
      "geometry": {
        "type": "Point",
        "coordinates": [
          128.961546,
          27.826717
        ]
      },
      "properties": {
        "NO": "1487",
        "共通ID": "E4653000007111",
        "施設・場所名": "上花徳農業研修館",
        "住所": "鹿児島県徳之島町花徳2210-2",
        "指定緊急避難場所との住所同一": "1",
        "その他市町村長が必要と認める事項": null,
        "受入対象者": null,
        "備考": ""
      }
    },
    {
      "type": "Feature",
      "geometry": {
        "type": "Point",
        "coordinates": [
          128.9598,
          27.824141
        ]
      },
      "properties": {
        "NO": "1488",
        "共通ID": "E4653000008111",
        "施設・場所名": "花徳生活館",
        "住所": "鹿児島県徳之島町花徳2860",
        "指定緊急避難場所との住所同一": "1",
        "その他市町村長が必要と認める事項": null,
        "受入対象者": null,
        "備考": ""
      }
    },
    {
      "type": "Feature",
      "geometry": {
        "type": "Point",
        "coordinates": [
          128.961268,
          27.821172
        ]
      },
      "properties": {
        "NO": "1489",
        "共通ID": "E4653000009111",
        "施設・場所名": "花徳小学校",
        "住所": "鹿児島県徳之島町花徳2983",
        "指定緊急避難場所との住所同一": "",
        "その他市町村長が必要と認める事項": null,
        "受入対象者": null,
        "備考": ""
      }
    },
    {
      "type": "Feature",
      "geometry": {
        "type": "Point",
        "coordinates": [
          128.963925,
          27.824446
        ]
      },
      "properties": {
        "NO": "1490",
        "共通ID": "E4653000011111",
        "施設・場所名": "新村公民館",
        "住所": "鹿児島県徳之島町花徳3279",
        "指定緊急避難場所との住所同一": "",
        "その他市町村長が必要と認める事項": null,
        "受入対象者": null,
        "備考": ""
      }
    },
    {
      "type": "Feature",
      "geometry": {
        "type": "Point",
        "coordinates": [
          128.966262,
          27.819816
        ]
      },
      "properties": {
        "NO": "1491",
        "共通ID": "E4653000012121",
        "施設・場所名": "南風園",
        "住所": "鹿児島県徳之島町花徳620",
        "指定緊急避難場所との住所同一": "",
        "その他市町村長が必要と認める事項": null,
        "受入対象者": "要配慮者",
        "備考": ""
      }
    },
    {
      "type": "Feature",
      "geometry": {
        "type": "Point",
        "coordinates": [
          129.022418,
          27.735955
        ]
      },
      "properties": {
        "NO": "1492",
        "共通ID": "E4653000013112",
        "施設・場所名": "保健センター",
        "住所": "鹿児島県徳之島町亀津",
        "指定緊急避難場所との住所同一": "1",
        "その他市町村長が必要と認める事項": null,
        "受入対象者": null,
        "備考": ""
      }
    },
    {
      "type": "Feature",
      "geometry": {
        "type": "Point",
        "coordinates": [
          128.966628,
          27.73933
        ]
      },
      "properties": {
        "NO": "1493",
        "共通ID": "E4653000013111",
        "施設・場所名": "大原第２団地公民館",
        "住所": "鹿児島県徳之島町亀津",
        "指定緊急避難場所との住所同一": "1",
        "その他市町村長が必要と認める事項": null,
        "受入対象者": null,
        "備考": ""
      }
    },
    {
      "type": "Feature",
      "geometry": {
        "type": "Point",
        "coordinates": [
          129.017242,
          27.731095
        ]
      },
      "properties": {
        "NO": "1494",
        "共通ID": "E4653000014111",
        "施設・場所名": "北区公民館",
        "住所": "鹿児島県徳之島町亀津1020",
        "指定緊急避難場所との住所同一": "",
        "その他市町村長が必要と認める事項": null,
        "受入対象者": null,
        "備考": ""
      }
    },
    {
      "type": "Feature",
      "geometry": {
        "type": "Point",
        "coordinates": [
          129.016344,
          27.731457
        ]
      },
      "properties": {
        "NO": "1495",
        "共通ID": "E4653000015111",
        "施設・場所名": "亀津小学校",
        "住所": "鹿児島県徳之島町亀津137-1",
        "指定緊急避難場所との住所同一": "",
        "その他市町村長が必要と認める事項": null,
        "受入対象者": null,
        "備考": ""
      }
    },
    {
      "type": "Feature",
      "geometry": {
        "type": "Point",
        "coordinates": [
          128.977762,
          27.746477
        ]
      },
      "properties": {
        "NO": "1496",
        "共通ID": "E4653000016111",
        "施設・場所名": "大原第１団地公民館",
        "住所": "鹿児島県徳之島町亀津2256-286",
        "指定緊急避難場所との住所同一": "",
        "その他市町村長が必要と認める事項": null,
        "受入対象者": null,
        "備考": ""
      }
    },
    {
      "type": "Feature",
      "geometry": {
        "type": "Point",
        "coordinates": [
          129.015313,
          27.730626
        ]
      },
      "properties": {
        "NO": "1497",
        "共通ID": "E4653000017111",
        "施設・場所名": "亀津中学校",
        "住所": "鹿児島県徳之島町亀津2840",
        "指定緊急避難場所との住所同一": "",
        "その他市町村長が必要と認める事項": null,
        "受入対象者": null,
        "備考": ""
      }
    },
    {
      "type": "Feature",
      "geometry": {
        "type": "Point",
        "coordinates": [
          129.016968,
          27.729559
        ]
      },
      "properties": {
        "NO": "1498",
        "共通ID": "E4653000018111",
        "施設・場所名": "中区公民館",
        "住所": "鹿児島県徳之島町亀津2875",
        "指定緊急避難場所との住所同一": "",
        "その他市町村長が必要と認める事項": null,
        "受入対象者": null,
        "備考": ""
      }
    },
    {
      "type": "Feature",
      "geometry": {
        "type": "Point",
        "coordinates": [
          129.01785,
          27.72876
        ]
      },
      "properties": {
        "NO": "1499",
        "共通ID": "E4653000019111",
        "施設・場所名": "生涯学習センター",
        "住所": "鹿児島県徳之島町亀津2918",
        "指定緊急避難場所との住所同一": "",
        "その他市町村長が必要と認める事項": null,
        "受入対象者": null,
        "備考": ""
      }
    },
    {
      "type": "Feature",
      "geometry": {
        "type": "Point",
        "coordinates": [
          129.016554,
          27.727063
        ]
      },
      "properties": {
        "NO": "1500",
        "共通ID": "E4653000020111",
        "施設・場所名": "南区公民館",
        "住所": "鹿児島県徳之島町亀津3026-3",
        "指定緊急避難場所との住所同一": "",
        "その他市町村長が必要と認める事項": null,
        "受入対象者": null,
        "備考": ""
      }
    },
    {
      "type": "Feature",
      "geometry": {
        "type": "Point",
        "coordinates": [
          129.015275,
          27.717446
        ]
      },
      "properties": {
        "NO": "1501",
        "共通ID": "E4653000021121",
        "施設・場所名": "白寿苑",
        "住所": "鹿児島県徳之島町亀津5350",
        "指定緊急避難場所との住所同一": "",
        "その他市町村長が必要と認める事項": null,
        "受入対象者": "要配慮者",
        "備考": ""
      }
    },
    {
      "type": "Feature",
      "geometry": {
        "type": "Point",
        "coordinates": [
          129.005403,
          27.72184
        ]
      },
      "properties": {
        "NO": "1502",
        "共通ID": "E4653000022121",
        "施設・場所名": "徳寿園",
        "住所": "鹿児島県徳之島町亀津5546-1",
        "指定緊急避難場所との住所同一": "",
        "その他市町村長が必要と認める事項": null,
        "受入対象者": "要配慮者",
        "備考": ""
      }
    },
    {
      "type": "Feature",
      "geometry": {
        "type": "Point",
        "coordinates": [
          129.018833,
          27.728158
        ]
      },
      "properties": {
        "NO": "1503",
        "共通ID": "E4653000024121",
        "施設・場所名": "サザンコート",
        "住所": "鹿児島県徳之島町亀津7268",
        "指定緊急避難場所との住所同一": "",
        "その他市町村長が必要と認める事項": null,
        "受入対象者": "要配慮者",
        "備考": ""
      }
    },
    {
      "type": "Feature",
      "geometry": {
        "type": "Point",
        "coordinates": [
          129.019861,
          27.732518
        ]
      },
      "properties": {
        "NO": "1504",
        "共通ID": "E4653000025111",
        "施設・場所名": "東区公民館",
        "住所": "鹿児島県徳之島町亀津7466",
        "指定緊急避難場所との住所同一": "",
        "その他市町村長が必要と認める事項": null,
        "受入対象者": null,
        "備考": ""
      }
    },
    {
      "type": "Feature",
      "geometry": {
        "type": "Point",
        "coordinates": [
          129.022502,
          27.736377
        ]
      },
      "properties": {
        "NO": "1505",
        "共通ID": "E4653000026121",
        "施設・場所名": "地域福祉センター",
        "住所": "鹿児島県徳之島町亀津7674",
        "指定緊急避難場所との住所同一": "",
        "その他市町村長が必要と認める事項": null,
        "受入対象者": "要配慮者",
        "備考": ""
      }
    },
    {
      "type": "Feature",
      "geometry": {
        "type": "Point",
        "coordinates": [
          129.022502,
          27.736377
        ]
      },
      "properties": {
        "NO": "1506",
        "共通ID": "E4653000026111",
        "施設・場所名": "地域福祉センター",
        "住所": "鹿児島県徳之島町亀津7674",
        "指定緊急避難場所との住所同一": "",
        "その他市町村長が必要と認める事項": null,
        "受入対象者": null,
        "備考": ""
      }
    },
    {
      "type": "Feature",
      "geometry": {
        "type": "Point",
        "coordinates": [
          129.022418,
          27.735955
        ]
      },
      "properties": {
        "NO": "1507",
        "共通ID": "E4653000027121",
        "施設・場所名": "保健センター",
        "住所": "鹿児島県徳之島町亀津7681",
        "指定緊急避難場所との住所同一": "",
        "その他市町村長が必要と認める事項": null,
        "受入対象者": "要配慮者",
        "備考": ""
      }
    },
    {
      "type": "Feature",
      "geometry": {
        "type": "Point",
        "coordinates": [
          129.018651,
          27.733664
        ]
      },
      "properties": {
        "NO": "1508",
        "共通ID": "E4653000028111",
        "施設・場所名": "県立徳之島高校",
        "住所": "鹿児島県徳之島町亀津784",
        "指定緊急避難場所との住所同一": "1",
        "その他市町村長が必要と認める事項": null,
        "受入対象者": null,
        "備考": ""
      }
    },
    {
      "type": "Feature",
      "geometry": {
        "type": "Point",
        "coordinates": [
          129.019778,
          27.744997
        ]
      },
      "properties": {
        "NO": "1509",
        "共通ID": "E4653000031111",
        "施設・場所名": "亀徳小学校",
        "住所": "鹿児島県徳之島町亀徳196",
        "指定緊急避難場所との住所同一": "",
        "その他市町村長が必要と認める事項": null,
        "受入対象者": null,
        "備考": ""
      }
    },
    {
      "type": "Feature",
      "geometry": {
        "type": "Point",
        "coordinates": [
          129.023902,
          27.743716
        ]
      },
      "properties": {
        "NO": "1510",
        "共通ID": "E4653000032111",
        "施設・場所名": "亀徳地区振興センター",
        "住所": "鹿児島県徳之島町亀徳2184-74",
        "指定緊急避難場所との住所同一": "",
        "その他市町村長が必要と認める事項": null,
        "受入対象者": null,
        "備考": ""
      }
    },
    {
      "type": "Feature",
      "geometry": {
        "type": "Point",
        "coordinates": [
          129.016552,
          27.752271
        ]
      },
      "properties": {
        "NO": "1511",
        "共通ID": "E4653000033121",
        "施設・場所名": "徳州園",
        "住所": "鹿児島県徳之島町亀徳3345",
        "指定緊急避難場所との住所同一": "",
        "その他市町村長が必要と認める事項": null,
        "受入対象者": "要配慮者",
        "備考": ""
      }
    },
    {
      "type": "Feature",
      "geometry": {
        "type": "Point",
        "coordinates": [
          128.968048,
          27.849604
        ]
      },
      "properties": {
        "NO": "1512",
        "共通ID": "E4653000036111",
        "施設・場所名": "畦集落センター",
        "住所": "鹿児島県徳之島町畦1354-79",
        "指定緊急避難場所との住所同一": "",
        "その他市町村長が必要と認める事項": null,
        "受入対象者": null,
        "備考": ""
      }
    },
    {
      "type": "Feature",
      "geometry": {
        "type": "Point",
        "coordinates": [
          128.935981,
          27.831883
        ]
      },
      "properties": {
        "NO": "1513",
        "共通ID": "E4653000037111",
        "施設・場所名": "轟木公民館",
        "住所": "鹿児島県徳之島町轟木1069-1",
        "指定緊急避難場所との住所同一": "",
        "その他市町村長が必要と認める事項": null,
        "受入対象者": null,
        "備考": ""
      }
    },
    {
      "type": "Feature",
      "geometry": {
        "type": "Point",
        "coordinates": [
          128.962548,
          27.869215
        ]
      },
      "properties": {
        "NO": "1514",
        "共通ID": "E4653000039111",
        "施設・場所名": "山中学校",
        "住所": "鹿児島県徳之島町山2177-3",
        "指定緊急避難場所との住所同一": "",
        "その他市町村長が必要と認める事項": null,
        "受入対象者": null,
        "備考": ""
      }
    },
    {
      "type": "Feature",
      "geometry": {
        "type": "Point",
        "coordinates": [
          128.95644,
          27.864823
        ]
      },
      "properties": {
        "NO": "1515",
        "共通ID": "E4653000040111",
        "施設・場所名": "山公民館",
        "住所": "鹿児島県徳之島町山3354-1",
        "指定緊急避難場所との住所同一": "",
        "その他市町村長が必要と認める事項": null,
        "受入対象者": null,
        "備考": ""
      }
    },
    {
      "type": "Feature",
      "geometry": {
        "type": "Point",
        "coordinates": [
          128.955847,
          27.869043
        ]
      },
      "properties": {
        "NO": "1516",
        "共通ID": "E4653000041111",
        "施設・場所名": "山里公民館",
        "住所": "鹿児島県徳之島町山3387",
        "指定緊急避難場所との住所同一": "",
        "その他市町村長が必要と認める事項": null,
        "受入対象者": null,
        "備考": ""
      }
    },
    {
      "type": "Feature",
      "geometry": {
        "type": "Point",
        "coordinates": [
          128.93174,
          27.884951
        ]
      },
      "properties": {
        "NO": "1517",
        "共通ID": "E4653000042111",
        "施設・場所名": "手々福祉会館",
        "住所": "鹿児島県徳之島町手々1494",
        "指定緊急避難場所との住所同一": "1",
        "その他市町村長が必要と認める事項": null,
        "受入対象者": null,
        "備考": ""
      }
    },
    {
      "type": "Feature",
      "geometry": {
        "type": "Point",
        "coordinates": [
          128.935135,
          27.887588
        ]
      },
      "properties": {
        "NO": "1518",
        "共通ID": "E4653000043111",
        "施設・場所名": "手々小中学校",
        "住所": "鹿児島県徳之島町手々2975-8",
        "指定緊急避難場所との住所同一": "1",
        "その他市町村長が必要と認める事項": null,
        "受入対象者": null,
        "備考": ""
      }
    },
    {
      "type": "Feature",
      "geometry": {
        "type": "Point",
        "coordinates": [
          129.026631,
          27.763648
        ]
      },
      "properties": {
        "NO": "1519",
        "共通ID": "E4653000044111",
        "施設・場所名": "諸田公民館",
        "住所": "鹿児島県徳之島町諸田866",
        "指定緊急避難場所との住所同一": "",
        "その他市町村長が必要と認める事項": null,
        "受入対象者": null,
        "備考": ""
      }
    },
    {
      "type": "Feature",
      "geometry": {
        "type": "Point",
        "coordinates": [
          129.028461,
          27.771503
        ]
      },
      "properties": {
        "NO": "1520",
        "共通ID": "E4653000045111",
        "施設・場所名": "神之嶺小学校",
        "住所": "鹿児島県徳之島町神之嶺391",
        "指定緊急避難場所との住所同一": "",
        "その他市町村長が必要と認める事項": null,
        "受入対象者": null,
        "備考": ""
      }
    },
    {
      "type": "Feature",
      "geometry": {
        "type": "Point",
        "coordinates": [
          129.026856,
          27.771621
        ]
      },
      "properties": {
        "NO": "1521",
        "共通ID": "E4653000046111",
        "施設・場所名": "神之嶺公民館",
        "住所": "鹿児島県徳之島町神之嶺4706",
        "指定緊急避難場所との住所同一": "",
        "その他市町村長が必要と認める事項": null,
        "受入対象者": null,
        "備考": ""
      }
    },
    {
      "type": "Feature",
      "geometry": {
        "type": "Point",
        "coordinates": [
          129.023098,
          27.75952
        ]
      },
      "properties": {
        "NO": "1522",
        "共通ID": "E4653000047111",
        "施設・場所名": "徳和瀬公民館",
        "住所": "鹿児島県徳之島町徳和瀬380",
        "指定緊急避難場所との住所同一": "",
        "その他市町村長が必要と認める事項": null,
        "受入対象者": null,
        "備考": ""
      }
    },
    {
      "type": "Feature",
      "geometry": {
        "type": "Point",
        "coordinates": [
          128.988358,
          27.715546
        ]
      },
      "properties": {
        "NO": "1523",
        "共通ID": "E4653000049111",
        "施設・場所名": "尾母公民館",
        "住所": "鹿児島県徳之島町尾母258-1",
        "指定緊急避難場所との住所同一": "",
        "その他市町村長が必要と認める事項": null,
        "受入対象者": null,
        "備考": ""
      }
    },
    {
      "type": "Feature",
      "geometry": {
        "type": "Point",
        "coordinates": [
          128.988804,
          27.71524
        ]
      },
      "properties": {
        "NO": "1524",
        "共通ID": "E4653000050111",
        "施設・場所名": "尾母小中学校",
        "住所": "鹿児島県徳之島町尾母300",
        "指定緊急避難場所との住所同一": "1",
        "その他市町村長が必要と認める事項": null,
        "受入対象者": null,
        "備考": ""
      }
    },
    {
      "type": "Feature",
      "geometry": {
        "type": "Point",
        "coordinates": [
          128.973911,
          27.814677
        ]
      },
      "properties": {
        "NO": "1525",
        "共通ID": "E4653000052111",
        "施設・場所名": "花時名公民館",
        "住所": "鹿児島県徳之島町母間11819",
        "指定緊急避難場所との住所同一": "",
        "その他市町村長が必要と認める事項": null,
        "受入対象者": null,
        "備考": ""
      }
    },
    {
      "type": "Feature",
      "geometry": {
        "type": "Point",
        "coordinates": [
          128.98393,
          27.805958
        ]
      },
      "properties": {
        "NO": "1526",
        "共通ID": "E4653000053111",
        "施設・場所名": "反川公民館",
        "住所": "鹿児島県徳之島町母間8040",
        "指定緊急避難場所との住所同一": "",
        "その他市町村長が必要と認める事項": null,
        "受入対象者": null,
        "備考": ""
      }
    },
    {
      "type": "Feature",
      "geometry": {
        "type": "Point",
        "coordinates": [
          128.982667,
          27.80952
        ]
      },
      "properties": {
        "NO": "1527",
        "共通ID": "E4653000054111",
        "施設・場所名": "大当公民館",
        "住所": "鹿児島県徳之島町母間8993-1",
        "指定緊急避難場所との住所同一": "",
        "その他市町村長が必要と認める事項": null,
        "受入対象者": null,
        "備考": ""
      }
    },
    {
      "type": "Feature",
      "geometry": {
        "type": "Point",
        "coordinates": [
          128.992979,
          27.803315
        ]
      },
      "properties": {
        "NO": "1528",
        "共通ID": "E4653000055111",
        "施設・場所名": "池間福祉会館",
        "住所": "鹿児島県徳之島町母間926",
        "指定緊急避難場所との住所同一": "1",
        "その他市町村長が必要と認める事項": null,
        "受入対象者": null,
        "備考": ""
      }
    },
    {
      "type": "Feature",
      "geometry": {
        "type": "Point",
        "coordinates": [
          128.981686,
          27.810263
        ]
      },
      "properties": {
        "NO": "1529",
        "共通ID": "E4653000056111",
        "施設・場所名": "母間小学校",
        "住所": "鹿児島県徳之島町母間9375",
        "指定緊急避難場所との住所同一": "",
        "その他市町村長が必要と認める事項": null,
        "受入対象者": null,
        "備考": ""
      }
    },
    {
      "type": "Feature",
      "geometry": {
        "type": "Point",
        "coordinates": [
          130.306375,
          31.440625
        ]
      },
      "properties": {
        "NO": "1530",
        "共通ID": "E4622000001111",
        "施設・場所名": "畦杭公民館",
        "住所": "鹿児島県南さつま市加世田益山5900-1",
        "指定緊急避難場所との住所同一": "1",
        "その他市町村長が必要と認める事項": null,
        "受入対象者": null,
        "備考": ""
      }
    },
    {
      "type": "Feature",
      "geometry": {
        "type": "Point",
        "coordinates": [
          130.313854,
          31.431699
        ]
      },
      "properties": {
        "NO": "1531",
        "共通ID": "E4622000003111",
        "施設・場所名": "益山小学校",
        "住所": "鹿児島県南さつま市加世田宮原1260",
        "指定緊急避難場所との住所同一": "1",
        "その他市町村長が必要と認める事項": null,
        "受入対象者": null,
        "備考": ""
      }
    },
    {
      "type": "Feature",
      "geometry": {
        "type": "Point",
        "coordinates": [
          130.305354,
          31.4297
        ]
      },
      "properties": {
        "NO": "1532",
        "共通ID": "E4622000005111",
        "施設・場所名": "春公民館",
        "住所": "鹿児島県南さつま市加世田宮原2855-2",
        "指定緊急避難場所との住所同一": "1",
        "その他市町村長が必要と認める事項": null,
        "受入対象者": null,
        "備考": ""
      }
    },
    {
      "type": "Feature",
      "geometry": {
        "type": "Point",
        "coordinates": [
          130.314684,
          31.431331
        ]
      },
      "properties": {
        "NO": "1533",
        "共通ID": "E4622000006111",
        "施設・場所名": "益山地区公民館",
        "住所": "鹿児島県南さつま市加世田宮原767-1",
        "指定緊急避難場所との住所同一": "1",
        "その他市町村長が必要と認める事項": null,
        "受入対象者": null,
        "備考": ""
      }
    },
    {
      "type": "Feature",
      "geometry": {
        "type": "Point",
        "coordinates": [
          130.293807,
          31.437541
        ]
      },
      "properties": {
        "NO": "1534",
        "共通ID": "E4622000007111",
        "施設・場所名": "海浜温泉ゆうらく",
        "住所": "鹿児島県南さつま市加世田高橋1952-2",
        "指定緊急避難場所との住所同一": "1",
        "その他市町村長が必要と認める事項": null,
        "受入対象者": null,
        "備考": ""
      }
    },
    {
      "type": "Feature",
      "geometry": {
        "type": "Point",
        "coordinates": [
          130.2802,
          31.419366
        ]
      },
      "properties": {
        "NO": "1535",
        "共通ID": "E4622000009111",
        "施設・場所名": "相星西公民館",
        "住所": "鹿児島県南さつま市加世田小湊2484",
        "指定緊急避難場所との住所同一": "1",
        "その他市町村長が必要と認める事項": null,
        "受入対象者": null,
        "備考": ""
      }
    },
    {
      "type": "Feature",
      "geometry": {
        "type": "Point",
        "coordinates": [
          130.260763,
          31.415851
        ]
      },
      "properties": {
        "NO": "1536",
        "共通ID": "E4622000013111",
        "施設・場所名": "中央公民館",
        "住所": "鹿児島県南さつま市加世田小湊7719",
        "指定緊急避難場所との住所同一": "1",
        "その他市町村長が必要と認める事項": null,
        "受入対象者": null,
        "備考": ""
      }
    },
    {
      "type": "Feature",
      "geometry": {
        "type": "Point",
        "coordinates": [
          130.257051,
          31.413145
        ]
      },
      "properties": {
        "NO": "1537",
        "共通ID": "E4622000014111",
        "施設・場所名": "小湊地区公民館",
        "住所": "鹿児島県南さつま市加世田小湊8504-1",
        "指定緊急避難場所との住所同一": "1",
        "その他市町村長が必要と認める事項": null,
        "受入対象者": null,
        "備考": ""
      }
    },
    {
      "type": "Feature",
      "geometry": {
        "type": "Point",
        "coordinates": [
          130.322,
          31.415722
        ]
      },
      "properties": {
        "NO": "1538",
        "共通ID": "E4622000017111",
        "施設・場所名": "ふれあいかせだ",
        "住所": "鹿児島県南さつま市加世田川畑2614-2",
        "指定緊急避難場所との住所同一": "1",
        "その他市町村長が必要と認める事項": null,
        "受入対象者": null,
        "備考": ""
      }
    },
    {
      "type": "Feature",
      "geometry": {
        "type": "Point",
        "coordinates": [
          130.321856,
          31.415675
        ]
      },
      "properties": {
        "NO": "1539",
        "共通ID": "E4622000018121",
        "施設・場所名": "ふれあいかせだ",
        "住所": "鹿児島県南さつま市加世田川畑2641-2",
        "指定緊急避難場所との住所同一": "",
        "その他市町村長が必要と認める事項": null,
        "受入対象者": "要配慮者",
        "備考": ""
      }
    },
    {
      "type": "Feature",
      "geometry": {
        "type": "Point",
        "coordinates": [
          130.322762,
          31.416954
        ]
      },
      "properties": {
        "NO": "1540",
        "共通ID": "E4622000019111",
        "施設・場所名": "防災センター",
        "住所": "鹿児島県南さつま市加世田川畑2648",
        "指定緊急避難場所との住所同一": "1",
        "その他市町村長が必要と認める事項": null,
        "受入対象者": null,
        "備考": ""
      }
    },
    {
      "type": "Feature",
      "geometry": {
        "type": "Point",
        "coordinates": [
          130.325219,
          31.407758
        ]
      },
      "properties": {
        "NO": "1541",
        "共通ID": "E4622000020111",
        "施設・場所名": "加世田高校体育館",
        "住所": "鹿児島県南さつま市加世田川畑3200",
        "指定緊急避難場所との住所同一": "1",
        "その他市町村長が必要と認める事項": null,
        "受入対象者": null,
        "備考": ""
      }
    },
    {
      "type": "Feature",
      "geometry": {
        "type": "Point",
        "coordinates": [
          130.327663,
          31.413211
        ]
      },
      "properties": {
        "NO": "1542",
        "共通ID": "E4622000021111",
        "施設・場所名": "向江公民館",
        "住所": "鹿児島県南さつま市加世田川畑3602-3",
        "指定緊急避難場所との住所同一": "1",
        "その他市町村長が必要と認める事項": null,
        "受入対象者": null,
        "備考": ""
      }
    },
    {
      "type": "Feature",
      "geometry": {
        "type": "Point",
        "coordinates": [
          130.33655,
          31.413078
        ]
      },
      "properties": {
        "NO": "1543",
        "共通ID": "E4622000022111",
        "施設・場所名": "川畑小学校",
        "住所": "鹿児島県南さつま市加世田川畑4257",
        "指定緊急避難場所との住所同一": "1",
        "その他市町村長が必要と認める事項": null,
        "受入対象者": null,
        "備考": ""
      }
    },
    {
      "type": "Feature",
      "geometry": {
        "type": "Point",
        "coordinates": [
          130.335193,
          31.409704
        ]
      },
      "properties": {
        "NO": "1544",
        "共通ID": "E4622000023111",
        "施設・場所名": "川畑地区公民館",
        "住所": "鹿児島県南さつま市加世田川畑4414",
        "指定緊急避難場所との住所同一": "1",
        "その他市町村長が必要と認める事項": null,
        "受入対象者": null,
        "備考": ""
      }
    },
    {
      "type": "Feature",
      "geometry": {
        "type": "Point",
        "coordinates": [
          130.333285,
          31.393313
        ]
      },
      "properties": {
        "NO": "1545",
        "共通ID": "E4622000024111",
        "施設・場所名": "舞敷野地区多目的共同利用施設",
        "住所": "鹿児島県南さつま市加世田川畑6852-2",
        "指定緊急避難場所との住所同一": "1",
        "その他市町村長が必要と認める事項": null,
        "受入対象者": null,
        "備考": ""
      }
    },
    {
      "type": "Feature",
      "geometry": {
        "type": "Point",
        "coordinates": [
          130.350517,
          31.403033
        ]
      },
      "properties": {
        "NO": "1546",
        "共通ID": "E4622000025111",
        "施設・場所名": "高倉公民館",
        "住所": "鹿児島県南さつま市加世田川畑9186-2",
        "指定緊急避難場所との住所同一": "1",
        "その他市町村長が必要と認める事項": null,
        "受入対象者": null,
        "備考": ""
      }
    },
    {
      "type": "Feature",
      "geometry": {
        "type": "Point",
        "coordinates": [
          130.329955,
          31.423712
        ]
      },
      "properties": {
        "NO": "1547",
        "共通ID": "E4622000026111",
        "施設・場所名": "村原公民館",
        "住所": "鹿児島県南さつま市加世田村原2-24-1",
        "指定緊急避難場所との住所同一": "1",
        "その他市町村長が必要と認める事項": null,
        "受入対象者": null,
        "備考": ""
      }
    },
    {
      "type": "Feature",
      "geometry": {
        "type": "Point",
        "coordinates": [
          130.322558,
          31.425718
        ]
      },
      "properties": {
        "NO": "1548",
        "共通ID": "E4622000028111",
        "施設・場所名": "地頭所公民館",
        "住所": "鹿児島県南さつま市加世田地頭所町17-3",
        "指定緊急避難場所との住所同一": "1",
        "その他市町村長が必要と認める事項": null,
        "受入対象者": null,
        "備考": ""
      }
    },
    {
      "type": "Feature",
      "geometry": {
        "type": "Point",
        "coordinates": [
          130.271671,
          31.338342
        ]
      },
      "properties": {
        "NO": "1549",
        "共通ID": "E4622000029111",
        "施設・場所名": "久木野地区公民館",
        "住所": "鹿児島県南さつま市加世田津貫15340",
        "指定緊急避難場所との住所同一": "1",
        "その他市町村長が必要と認める事項": null,
        "受入対象者": null,
        "備考": ""
      }
    },
    {
      "type": "Feature",
      "geometry": {
        "type": "Point",
        "coordinates": [
          130.257836,
          31.316075
        ]
      },
      "properties": {
        "NO": "1550",
        "共通ID": "E4622000030111",
        "施設・場所名": "中山地区集会施設",
        "住所": "鹿児島県南さつま市加世田津貫17670-2",
        "指定緊急避難場所との住所同一": "1",
        "その他市町村長が必要と認める事項": null,
        "受入対象者": null,
        "備考": ""
      }
    },
    {
      "type": "Feature",
      "geometry": {
        "type": "Point",
        "coordinates": [
          130.243758,
          31.329358
        ]
      },
      "properties": {
        "NO": "1551",
        "共通ID": "E4622000031111",
        "施設・場所名": "小原地区公民館",
        "住所": "鹿児島県南さつま市加世田津貫25146-2",
        "指定緊急避難場所との住所同一": "1",
        "その他市町村長が必要と認める事項": null,
        "受入対象者": null,
        "備考": ""
      }
    },
    {
      "type": "Feature",
      "geometry": {
        "type": "Point",
        "coordinates": [
          130.285163,
          31.36068
        ]
      },
      "properties": {
        "NO": "1552",
        "共通ID": "E4622000032111",
        "施設・場所名": "津貫地区公民館",
        "住所": "鹿児島県南さつま市加世田津貫5970",
        "指定緊急避難場所との住所同一": "1",
        "その他市町村長が必要と認める事項": null,
        "受入対象者": null,
        "備考": ""
      }
    },
    {
      "type": "Feature",
      "geometry": {
        "type": "Point",
        "coordinates": [
          130.291275,
          31.37418
        ]
      },
      "properties": {
        "NO": "1553",
        "共通ID": "E4622000033111",
        "施設・場所名": "干河区公民館",
        "住所": "鹿児島県南さつま市加世田津貫618-1",
        "指定緊急避難場所との住所同一": "1",
        "その他市町村長が必要と認める事項": null,
        "受入対象者": null,
        "備考": ""
      }
    },
    {
      "type": "Feature",
      "geometry": {
        "type": "Point",
        "coordinates": [
          130.287121,
          31.358638
        ]
      },
      "properties": {
        "NO": "1554",
        "共通ID": "E4622000034111",
        "施設・場所名": "津貫地区第２体育館（旧津貫小体育館）",
        "住所": "鹿児島県南さつま市加世田津貫6568",
        "指定緊急避難場所との住所同一": "",
        "その他市町村長が必要と認める事項": null,
        "受入対象者": null,
        "備考": ""
      }
    },
    {
      "type": "Feature",
      "geometry": {
        "type": "Point",
        "coordinates": [
          130.292435,
          31.354455
        ]
      },
      "properties": {
        "NO": "1555",
        "共通ID": "E4622000035111",
        "施設・場所名": "中間上公民館",
        "住所": "鹿児島県南さつま市加世田津貫7521-1",
        "指定緊急避難場所との住所同一": "1",
        "その他市町村長が必要と認める事項": null,
        "受入対象者": null,
        "備考": ""
      }
    },
    {
      "type": "Feature",
      "geometry": {
        "type": "Point",
        "coordinates": [
          130.287346,
          31.359074
        ]
      },
      "properties": {
        "NO": "1556",
        "共通ID": "E4622000036111",
        "施設・場所名": "旧津貫小学校",
        "住所": "鹿児島県南さつま市加世田津貫8186",
        "指定緊急避難場所との住所同一": "1",
        "その他市町村長が必要と認める事項": null,
        "受入対象者": null,
        "備考": ""
      }
    },
    {
      "type": "Feature",
      "geometry": {
        "type": "Point",
        "coordinates": [
          130.312449,
          31.421903
        ]
      },
      "properties": {
        "NO": "1557",
        "共通ID": "E4622000037111",
        "施設・場所名": "鳳凰高校体育館",
        "住所": "鹿児島県南さつま市加世田唐仁原1202",
        "指定緊急避難場所との住所同一": "1",
        "その他市町村長が必要と認める事項": null,
        "受入対象者": null,
        "備考": ""
      }
    },
    {
      "type": "Feature",
      "geometry": {
        "type": "Point",
        "coordinates": [
          130.293693,
          31.425845
        ]
      },
      "properties": {
        "NO": "1558",
        "共通ID": "E4622000039111",
        "施設・場所名": "万世地区公民館",
        "住所": "鹿児島県南さつま市加世田唐仁原6050",
        "指定緊急避難場所との住所同一": "1",
        "その他市町村長が必要と認める事項": null,
        "受入対象者": null,
        "備考": ""
      }
    },
    {
      "type": "Feature",
      "geometry": {
        "type": "Point",
        "coordinates": [
          130.293975,
          31.421923
        ]
      },
      "properties": {
        "NO": "1559",
        "共通ID": "E4622000040111",
        "施設・場所名": "万世小学校",
        "住所": "鹿児島県南さつま市加世田唐仁原6410-2",
        "指定緊急避難場所との住所同一": "1",
        "その他市町村長が必要と認める事項": null,
        "受入対象者": null,
        "備考": ""
      }
    },
    {
      "type": "Feature",
      "geometry": {
        "type": "Point",
        "coordinates": [
          130.308695,
          31.368492
        ]
      },
      "properties": {
        "NO": "1560",
        "共通ID": "E4622000041111",
        "施設・場所名": "田之野公民館",
        "住所": "鹿児島県南さつま市加世田内山田11710",
        "指定緊急避難場所との住所同一": "1",
        "その他市町村長が必要と認める事項": null,
        "受入対象者": null,
        "備考": ""
      }
    },
    {
      "type": "Feature",
      "geometry": {
        "type": "Point",
        "coordinates": [
          130.316949,
          31.348172
        ]
      },
      "properties": {
        "NO": "1561",
        "共通ID": "E4622000043111",
        "施設・場所名": "鉄山地区構造改善センター",
        "住所": "鹿児島県南さつま市加世田内山田15302-1",
        "指定緊急避難場所との住所同一": "1",
        "その他市町村長が必要と認める事項": null,
        "受入対象者": null,
        "備考": ""
      }
    },
    {
      "type": "Feature",
      "geometry": {
        "type": "Point",
        "coordinates": [
          130.332092,
          31.369409
        ]
      },
      "properties": {
        "NO": "1562",
        "共通ID": "E4622000044111",
        "施設・場所名": "東山地区集会施設",
        "住所": "鹿児島県南さつま市加世田内山田17427-3",
        "指定緊急避難場所との住所同一": "1",
        "その他市町村長が必要と認める事項": null,
        "受入対象者": null,
        "備考": ""
      }
    },
    {
      "type": "Feature",
      "geometry": {
        "type": "Point",
        "coordinates": [
          130.316117,
          31.392076
        ]
      },
      "properties": {
        "NO": "1563",
        "共通ID": "E4622000045111",
        "施設・場所名": "内山田地区公民館",
        "住所": "鹿児島県南さつま市加世田内山田2538-1",
        "指定緊急避難場所との住所同一": "1",
        "その他市町村長が必要と認める事項": null,
        "受入対象者": null,
        "備考": ""
      }
    },
    {
      "type": "Feature",
      "geometry": {
        "type": "Point",
        "coordinates": [
          130.304197,
          31.392102
        ]
      },
      "properties": {
        "NO": "1564",
        "共通ID": "E4622000046111",
        "施設・場所名": "中村公民館",
        "住所": "鹿児島県南さつま市加世田内山田4097",
        "指定緊急避難場所との住所同一": "1",
        "その他市町村長が必要と認める事項": null,
        "受入対象者": null,
        "備考": ""
      }
    },
    {
      "type": "Feature",
      "geometry": {
        "type": "Point",
        "coordinates": [
          130.313954,
          31.384492
        ]
      },
      "properties": {
        "NO": "1565",
        "共通ID": "E4622000048111",
        "施設・場所名": "内山田小学校",
        "住所": "鹿児島県南さつま市加世田内山田7316-2",
        "指定緊急避難場所との住所同一": "1",
        "その他市町村長が必要と認める事項": null,
        "受入対象者": null,
        "備考": ""
      }
    },
    {
      "type": "Feature",
      "geometry": {
        "type": "Point",
        "coordinates": [
          130.314342,
          31.419008
        ]
      },
      "properties": {
        "NO": "1566",
        "共通ID": "E4622000049111",
        "施設・場所名": "白亀公民館",
        "住所": "鹿児島県南さつま市加世田白亀1305-2",
        "指定緊急避難場所との住所同一": "1",
        "その他市町村長が必要と認める事項": null,
        "受入対象者": null,
        "備考": ""
      }
    },
    {
      "type": "Feature",
      "geometry": {
        "type": "Point",
        "coordinates": [
          130.301843,
          31.401913
        ]
      },
      "properties": {
        "NO": "1567",
        "共通ID": "E4622000050111",
        "施設・場所名": "アルテンハイム加世田（地域交流研修センター）",
        "住所": "鹿児島県南さつま市加世田武田13877",
        "指定緊急避難場所との住所同一": "1",
        "その他市町村長が必要と認める事項": null,
        "受入対象者": null,
        "備考": ""
      }
    },
    {
      "type": "Feature",
      "geometry": {
        "type": "Point",
        "coordinates": [
          130.307989,
          31.408212
        ]
      },
      "properties": {
        "NO": "1568",
        "共通ID": "E4622000051111",
        "施設・場所名": "加世田常潤高校体育館",
        "住所": "鹿児島県南さつま市加世田武田14863",
        "指定緊急避難場所との住所同一": "1",
        "その他市町村長が必要と認める事項": null,
        "受入対象者": null,
        "備考": ""
      }
    },
    {
      "type": "Feature",
      "geometry": {
        "type": "Point",
        "coordinates": [
          130.316784,
          31.408745
        ]
      },
      "properties": {
        "NO": "1569",
        "共通ID": "E4622000052111",
        "施設・場所名": "加世田中学校",
        "住所": "鹿児島県南さつま市加世田武田15533",
        "指定緊急避難場所との住所同一": "1",
        "その他市町村長が必要と認める事項": null,
        "受入対象者": null,
        "備考": ""
      }
    },
    {
      "type": "Feature",
      "geometry": {
        "type": "Point",
        "coordinates": [
          130.319759,
          31.412911
        ]
      },
      "properties": {
        "NO": "1570",
        "共通ID": "E4622000055111",
        "施設・場所名": "加世田地区公民館",
        "住所": "鹿児島県南さつま市加世田武田17835-1",
        "指定緊急避難場所との住所同一": "1",
        "その他市町村長が必要と認める事項": null,
        "受入対象者": null,
        "備考": ""
      }
    },
    {
      "type": "Feature",
      "geometry": {
        "type": "Point",
        "coordinates": [
          130.31472,
          31.412841
        ]
      },
      "properties": {
        "NO": "1571",
        "共通ID": "E4622000056111",
        "施設・場所名": "加世田運動公園体育館・武道館",
        "住所": "鹿児島県南さつま市加世田武田18100",
        "指定緊急避難場所との住所同一": "1",
        "その他市町村長が必要と認める事項": null,
        "受入対象者": null,
        "備考": ""
      }
    },
    {
      "type": "Feature",
      "geometry": {
        "type": "Point",
        "coordinates": [
          130.304505,
          31.392311
        ]
      },
      "properties": {
        "NO": "1572",
        "共通ID": "E4622000057111",
        "施設・場所名": "武田上公会堂",
        "住所": "鹿児島県南さつま市加世田武田5547-6",
        "指定緊急避難場所との住所同一": "",
        "その他市町村長が必要と認める事項": null,
        "受入対象者": null,
        "備考": ""
      }
    },
    {
      "type": "Feature",
      "geometry": {
        "type": "Point",
        "coordinates": [
          130.298741,
          31.399218
        ]
      },
      "properties": {
        "NO": "1573",
        "共通ID": "E4622000059111",
        "施設・場所名": "長屋地区公民館",
        "住所": "鹿児島県南さつま市加世田武田6868",
        "指定緊急避難場所との住所同一": "1",
        "その他市町村長が必要と認める事項": null,
        "受入対象者": null,
        "備考": ""
      }
    },
    {
      "type": "Feature",
      "geometry": {
        "type": "Point",
        "coordinates": [
          130.298617,
          31.400514
        ]
      },
      "properties": {
        "NO": "1574",
        "共通ID": "E4622000060111",
        "施設・場所名": "長屋小学校体育館",
        "住所": "鹿児島県南さつま市加世田武田6923-1",
        "指定緊急避難場所との住所同一": "",
        "その他市町村長が必要と認める事項": null,
        "受入対象者": null,
        "備考": ""
      }
    },
    {
      "type": "Feature",
      "geometry": {
        "type": "Point",
        "coordinates": [
          130.285847,
          31.40131
        ]
      },
      "properties": {
        "NO": "1575",
        "共通ID": "E4622000061111",
        "施設・場所名": "内布地区集会施設",
        "住所": "鹿児島県南さつま市加世田武田8298-2",
        "指定緊急避難場所との住所同一": "1",
        "その他市町村長が必要と認める事項": null,
        "受入対象者": null,
        "備考": ""
      }
    },
    {
      "type": "Feature",
      "geometry": {
        "type": "Point",
        "coordinates": [
          130.321357,
          31.419006
        ]
      },
      "properties": {
        "NO": "1576",
        "共通ID": "E4622000062111",
        "施設・場所名": "本町公民館",
        "住所": "鹿児島県南さつま市加世田本町22-9",
        "指定緊急避難場所との住所同一": "1",
        "その他市町村長が必要と認める事項": null,
        "受入対象者": null,
        "備考": ""
      }
    },
    {
      "type": "Feature",
      "geometry": {
        "type": "Point",
        "coordinates": [
          130.207939,
          31.394343
        ]
      },
      "properties": {
        "NO": "1577",
        "共通ID": "E4622000063111",
        "施設・場所名": "赤生木地区公民館",
        "住所": "鹿児島県南さつま市笠沙赤生木274",
        "指定緊急避難場所との住所同一": "1",
        "その他市町村長が必要と認める事項": null,
        "受入対象者": null,
        "備考": ""
      }
    },
    {
      "type": "Feature",
      "geometry": {
        "type": "Point",
        "coordinates": [
          130.207333,
          31.393281
        ]
      },
      "properties": {
        "NO": "1578",
        "共通ID": "E4622000064111",
        "施設・場所名": "並木コミュニティハウス",
        "住所": "鹿児島県南さつま市笠沙町赤生木11372-416",
        "指定緊急避難場所との住所同一": "1",
        "その他市町村長が必要と認める事項": null,
        "受入対象者": null,
        "備考": ""
      }
    },
    {
      "type": "Feature",
      "geometry": {
        "type": "Point",
        "coordinates": [
          130.199827,
          31.39887
        ]
      },
      "properties": {
        "NO": "1579",
        "共通ID": "E4622000065111",
        "施設・場所名": "清水公民館",
        "住所": "鹿児島県南さつま市笠沙町赤生木1518",
        "指定緊急避難場所との住所同一": "1",
        "その他市町村長が必要と認める事項": null,
        "受入対象者": null,
        "備考": ""
      }
    },
    {
      "type": "Feature",
      "geometry": {
        "type": "Point",
        "coordinates": [
          130.199265,
          31.388576
        ]
      },
      "properties": {
        "NO": "1580",
        "共通ID": "E4622000066111",
        "施設・場所名": "松木場公民館",
        "住所": "鹿児島県南さつま市笠沙町赤生木2065-2",
        "指定緊急避難場所との住所同一": "1",
        "その他市町村長が必要と認める事項": null,
        "受入対象者": null,
        "備考": ""
      }
    },
    {
      "type": "Feature",
      "geometry": {
        "type": "Point",
        "coordinates": [
          130.172578,
          31.386319
        ]
      },
      "properties": {
        "NO": "1581",
        "共通ID": "E4622000069111",
        "施設・場所名": "黒瀬公民館",
        "住所": "鹿児島県南さつま市笠沙町赤生木5075-1",
        "指定緊急避難場所との住所同一": "1",
        "その他市町村長が必要と認める事項": null,
        "受入対象者": null,
        "備考": ""
      }
    },
    {
      "type": "Feature",
      "geometry": {
        "type": "Point",
        "coordinates": [
          130.18935,
          31.410236
        ]
      },
      "properties": {
        "NO": "1582",
        "共通ID": "E4622000071111",
        "施設・場所名": "小浦公民館",
        "住所": "鹿児島県南さつま市笠沙町片浦1148-2",
        "指定緊急避難場所との住所同一": "1",
        "その他市町村長が必要と認める事項": null,
        "受入対象者": null,
        "備考": ""
      }
    },
    {
      "type": "Feature",
      "geometry": {
        "type": "Point",
        "coordinates": [
          130.137369,
          31.415
        ]
      },
      "properties": {
        "NO": "1583",
        "共通ID": "E4622000072111",
        "施設・場所名": "笠沙地区公民館",
        "住所": "鹿児島県南さつま市笠沙町片浦14895",
        "指定緊急避難場所との住所同一": "1",
        "その他市町村長が必要と認める事項": null,
        "受入対象者": null,
        "備考": ""
      }
    },
    {
      "type": "Feature",
      "geometry": {
        "type": "Point",
        "coordinates": [
          130.132473,
          31.412569
        ]
      },
      "properties": {
        "NO": "1584",
        "共通ID": "E4622000075111",
        "施設・場所名": "野間池公民館",
        "住所": "鹿児島県南さつま市笠沙町片浦15377",
        "指定緊急避難場所との住所同一": "1",
        "その他市町村長が必要と認める事項": null,
        "受入対象者": null,
        "備考": ""
      }
    },
    {
      "type": "Feature",
      "geometry": {
        "type": "Point",
        "coordinates": [
          130.131906,
          31.415157
        ]
      },
      "properties": {
        "NO": "1585",
        "共通ID": "E4622000076111",
        "施設・場所名": "岬公民館",
        "住所": "鹿児島県南さつま市笠沙町片浦15432-4",
        "指定緊急避難場所との住所同一": "1",
        "その他市町村長が必要と認める事項": null,
        "受入対象者": null,
        "備考": ""
      }
    },
    {
      "type": "Feature",
      "geometry": {
        "type": "Point",
        "coordinates": [
          130.147671,
          31.399445
        ]
      },
      "properties": {
        "NO": "1586",
        "共通ID": "E4622000078111",
        "施設・場所名": "太郎木場公民館",
        "住所": "鹿児島県南さつま市笠沙町片浦16932-1",
        "指定緊急避難場所との住所同一": "1",
        "その他市町村長が必要と認める事項": null,
        "受入対象者": null,
        "備考": ""
      }
    },
    {
      "type": "Feature",
      "geometry": {
        "type": "Point",
        "coordinates": [
          130.185207,
          31.409723
        ]
      },
      "properties": {
        "NO": "1587",
        "共通ID": "E4622000080111",
        "施設・場所名": "笠沙小学校体育館",
        "住所": "鹿児島県南さつま市笠沙町片浦2362",
        "指定緊急避難場所との住所同一": "1",
        "その他市町村長が必要と認める事項": null,
        "受入対象者": null,
        "備考": ""
      }
    },
    {
      "type": "Feature",
      "geometry": {
        "type": "Point",
        "coordinates": [
          130.18114,
          31.420077
        ]
      },
      "properties": {
        "NO": "1588",
        "共通ID": "E4622000082111",
        "施設・場所名": "笠沙町漁業協同組合漁民研修室",
        "住所": "鹿児島県南さつま市笠沙町片浦6510-8",
        "指定緊急避難場所との住所同一": "1",
        "その他市町村長が必要と認める事項": null,
        "受入対象者": null,
        "備考": ""
      }
    },
    {
      "type": "Feature",
      "geometry": {
        "type": "Point",
        "coordinates": [
          130.169714,
          31.419328
        ]
      },
      "properties": {
        "NO": "1589",
        "共通ID": "E4622000084111",
        "施設・場所名": "大当公民館",
        "住所": "鹿児島県南さつま市笠沙町片浦7670-4",
        "指定緊急避難場所との住所同一": "1",
        "その他市町村長が必要と認める事項": null,
        "受入対象者": null,
        "備考": ""
      }
    },
    {
      "type": "Feature",
      "geometry": {
        "type": "Point",
        "coordinates": [
          130.191122,
          31.406801
        ]
      },
      "properties": {
        "NO": "1590",
        "共通ID": "E4622000085111",
        "施設・場所名": "笠沙保健センター・潮風の里",
        "住所": "鹿児島県南さつま市笠沙町片浦808",
        "指定緊急避難場所との住所同一": "1",
        "その他市町村長が必要と認める事項": null,
        "受入対象者": null,
        "備考": ""
      }
    },
    {
      "type": "Feature",
      "geometry": {
        "type": "Point",
        "coordinates": [
          130.191092,
          31.406801
        ]
      },
      "properties": {
        "NO": "1591",
        "共通ID": "E4622000085121",
        "施設・場所名": "笠沙保健センター",
        "住所": "鹿児島県南さつま市笠沙町片浦808",
        "指定緊急避難場所との住所同一": "1",
        "その他市町村長が必要と認める事項": null,
        "受入対象者": "要配慮者",
        "備考": ""
      }
    },
    {
      "type": "Feature",
      "geometry": {
        "type": "Point",
        "coordinates": [
          130.184634,
          31.397913
        ]
      },
      "properties": {
        "NO": "1592",
        "共通ID": "E4622000086111",
        "施設・場所名": "椎木公民館",
        "住所": "鹿児島県南さつま市笠沙片浦2189-3",
        "指定緊急避難場所との住所同一": "1",
        "その他市町村長が必要と認める事項": null,
        "受入対象者": null,
        "備考": ""
      }
    },
    {
      "type": "Feature",
      "geometry": {
        "type": "Point",
        "coordinates": [
          130.357673,
          31.453897
        ]
      },
      "properties": {
        "NO": "1593",
        "共通ID": "E4622000087111",
        "施設・場所名": "ちよまる集会所",
        "住所": "鹿児島県南さつま市金峰町浦之名257-2",
        "指定緊急避難場所との住所同一": "1",
        "その他市町村長が必要と認める事項": null,
        "受入対象者": null,
        "備考": ""
      }
    },
    {
      "type": "Feature",
      "geometry": {
        "type": "Point",
        "coordinates": [
          130.383464,
          31.443687
        ]
      },
      "properties": {
        "NO": "1594",
        "共通ID": "E4622000088111",
        "施設・場所名": "浦之名消防コミュニティセンター",
        "住所": "鹿児島県南さつま市金峰町浦之名3297",
        "指定緊急避難場所との住所同一": "1",
        "その他市町村長が必要と認める事項": null,
        "受入対象者": null,
        "備考": ""
      }
    },
    {
      "type": "Feature",
      "geometry": {
        "type": "Point",
        "coordinates": [
          130.362051,
          31.451204
        ]
      },
      "properties": {
        "NO": "1595",
        "共通ID": "E4622000089111",
        "施設・場所名": "浦之名西公民館",
        "住所": "鹿児島県南さつま市金峰町浦之名579-1",
        "指定緊急避難場所との住所同一": "1",
        "その他市町村長が必要と認める事項": null,
        "受入対象者": null,
        "備考": ""
      }
    },
    {
      "type": "Feature",
      "geometry": {
        "type": "Point",
        "coordinates": [
          130.341369,
          31.422734
        ]
      },
      "properties": {
        "NO": "1596",
        "共通ID": "E4622000090111",
        "施設・場所名": "花瀬広報研修センター",
        "住所": "鹿児島県南さつま市金峰町花瀬2172",
        "指定緊急避難場所との住所同一": "1",
        "その他市町村長が必要と認める事項": null,
        "受入対象者": null,
        "備考": ""
      }
    },
    {
      "type": "Feature",
      "geometry": {
        "type": "Point",
        "coordinates": [
          130.33704,
          31.437588
        ]
      },
      "properties": {
        "NO": "1597",
        "共通ID": "E4622000091111",
        "施設・場所名": "阿多小学校体育館",
        "住所": "鹿児島県南さつま市金峰町宮崎2566-1",
        "指定緊急避難場所との住所同一": "",
        "その他市町村長が必要と認める事項": null,
        "受入対象者": null,
        "備考": ""
      }
    },
    {
      "type": "Feature",
      "geometry": {
        "type": "Point",
        "coordinates": [
          130.325729,
          31.443005
        ]
      },
      "properties": {
        "NO": "1598",
        "共通ID": "E4622000092111",
        "施設・場所名": "日吉広報研修センター",
        "住所": "鹿児島県南さつま市金峰町宮崎3548",
        "指定緊急避難場所との住所同一": "1",
        "その他市町村長が必要と認める事項": null,
        "受入対象者": null,
        "備考": ""
      }
    },
    {
      "type": "Feature",
      "geometry": {
        "type": "Point",
        "coordinates": [
          130.336983,
          31.435598
        ]
      },
      "properties": {
        "NO": "1599",
        "共通ID": "E4622000093111",
        "施設・場所名": "阿多地区公民館",
        "住所": "鹿児島県南さつま市金峰町宮崎4104-1",
        "指定緊急避難場所との住所同一": "1",
        "その他市町村長が必要と認める事項": null,
        "受入対象者": null,
        "備考": ""
      }
    },
    {
      "type": "Feature",
      "geometry": {
        "type": "Point",
        "coordinates": [
          130.320502,
          31.454844
        ]
      },
      "properties": {
        "NO": "1600",
        "共通ID": "E4622000095111",
        "施設・場所名": "高橋公民館",
        "住所": "鹿児島県南さつま市金峰町高橋2868",
        "指定緊急避難場所との住所同一": "1",
        "その他市町村長が必要と認める事項": null,
        "受入対象者": null,
        "備考": ""
      }
    },
    {
      "type": "Feature",
      "geometry": {
        "type": "Point",
        "coordinates": [
          130.391973,
          31.446949
        ]
      },
      "properties": {
        "NO": "1601",
        "共通ID": "E4622000099111",
        "施設・場所名": "扇山消防コミュニティ消防センター",
        "住所": "鹿児島県南さつま市金峰町大坂12796-3",
        "指定緊急避難場所との住所同一": "1",
        "その他市町村長が必要と認める事項": null,
        "受入対象者": null,
        "備考": ""
      }
    },
    {
      "type": "Feature",
      "geometry": {
        "type": "Point",
        "coordinates": [
          130.403805,
          31.47421
        ]
      },
      "properties": {
        "NO": "1602",
        "共通ID": "E4622000100111",
        "施設・場所名": "大坂地区体育館",
        "住所": "鹿児島県南さつま市金峰町大坂3430",
        "指定緊急避難場所との住所同一": "",
        "その他市町村長が必要と認める事項": null,
        "受入対象者": null,
        "備考": ""
      }
    },
    {
      "type": "Feature",
      "geometry": {
        "type": "Point",
        "coordinates": [
          130.403503,
          31.474436
        ]
      },
      "properties": {
        "NO": "1603",
        "共通ID": "E4622000101111",
        "施設・場所名": "大坂地区公民館",
        "住所": "鹿児島県南さつま市金峰町大坂3437",
        "指定緊急避難場所との住所同一": "1",
        "その他市町村長が必要と認める事項": null,
        "受入対象者": null,
        "備考": ""
      }
    },
    {
      "type": "Feature",
      "geometry": {
        "type": "Point",
        "coordinates": [
          130.443172,
          31.483041
        ]
      },
      "properties": {
        "NO": "1604",
        "共通ID": "E4622000102111",
        "施設・場所名": "長谷コミュニティ消防センター",
        "住所": "鹿児島県南さつま市金峰町大坂6834-2",
        "指定緊急避難場所との住所同一": "1",
        "その他市町村長が必要と認める事項": null,
        "受入対象者": null,
        "備考": ""
      }
    },
    {
      "type": "Feature",
      "geometry": {
        "type": "Point",
        "coordinates": [
          130.328559,
          31.47541
        ]
      },
      "properties": {
        "NO": "1605",
        "共通ID": "E4622000103111",
        "施設・場所名": "京田農村振興研修センター",
        "住所": "鹿児島県南さつま市金峰町大野1030-1",
        "指定緊急避難場所との住所同一": "1",
        "その他市町村長が必要と認める事項": null,
        "受入対象者": null,
        "備考": ""
      }
    },
    {
      "type": "Feature",
      "geometry": {
        "type": "Point",
        "coordinates": [
          130.352448,
          31.475688
        ]
      },
      "properties": {
        "NO": "1606",
        "共通ID": "E4622000105111",
        "施設・場所名": "下馬場研修センター",
        "住所": "鹿児島県南さつま市金峰町大野4114-3",
        "指定緊急避難場所との住所同一": "1",
        "その他市町村長が必要と認める事項": null,
        "受入対象者": null,
        "備考": ""
      }
    },
    {
      "type": "Feature",
      "geometry": {
        "type": "Point",
        "coordinates": [
          130.348841,
          31.474941
        ]
      },
      "properties": {
        "NO": "1607",
        "共通ID": "E4622000106111",
        "施設・場所名": "上馬場研修センター",
        "住所": "鹿児島県南さつま市金峰町大野4225-2",
        "指定緊急避難場所との住所同一": "1",
        "その他市町村長が必要と認める事項": null,
        "受入対象者": null,
        "備考": ""
      }
    },
    {
      "type": "Feature",
      "geometry": {
        "type": "Point",
        "coordinates": [
          130.356939,
          31.472957
        ]
      },
      "properties": {
        "NO": "1608",
        "共通ID": "E4622000107111",
        "施設・場所名": "前平消防コミュニティ消防センター",
        "住所": "鹿児島県南さつま市金峰町大野4947-1",
        "指定緊急避難場所との住所同一": "1",
        "その他市町村長が必要と認める事項": null,
        "受入対象者": null,
        "備考": ""
      }
    },
    {
      "type": "Feature",
      "geometry": {
        "type": "Point",
        "coordinates": [
          130.344503,
          31.451321
        ]
      },
      "properties": {
        "NO": "1609",
        "共通ID": "E4622000112111",
        "施設・場所名": "金峰老人福祉センター",
        "住所": "鹿児島県南さつま市金峰町中津野625",
        "指定緊急避難場所との住所同一": "1",
        "その他市町村長が必要と認める事項": null,
        "受入対象者": null,
        "備考": ""
      }
    },
    {
      "type": "Feature",
      "geometry": {
        "type": "Point",
        "coordinates": [
          130.354384,
          31.449623
        ]
      },
      "properties": {
        "NO": "1610",
        "共通ID": "E4622000113111",
        "施設・場所名": "大田地区体育館",
        "住所": "鹿児島県南さつま市金峰町中津野905",
        "指定緊急避難場所との住所同一": "1",
        "その他市町村長が必要と認める事項": null,
        "受入対象者": null,
        "備考": ""
      }
    },
    {
      "type": "Feature",
      "geometry": {
        "type": "Point",
        "coordinates": [
          130.373615,
          31.414597
        ]
      },
      "properties": {
        "NO": "1611",
        "共通ID": "E4622000114111",
        "施設・場所名": "白川青少年研修会館",
        "住所": "鹿児島県南さつま市金峰町白川2670",
        "指定緊急避難場所との住所同一": "1",
        "その他市町村長が必要と認める事項": null,
        "受入対象者": null,
        "備考": ""
      }
    },
    {
      "type": "Feature",
      "geometry": {
        "type": "Point",
        "coordinates": [
          130.371404,
          31.427496
        ]
      },
      "properties": {
        "NO": "1612",
        "共通ID": "E4622000115111",
        "施設・場所名": "白川地区体育館",
        "住所": "鹿児島県南さつま市金峰町白川3111",
        "指定緊急避難場所との住所同一": "1",
        "その他市町村長が必要と認める事項": null,
        "受入対象者": null,
        "備考": ""
      }
    },
    {
      "type": "Feature",
      "geometry": {
        "type": "Point",
        "coordinates": [
          130.372111,
          31.426555
        ]
      },
      "properties": {
        "NO": "1613",
        "共通ID": "E4622000115112",
        "施設・場所名": "白川地区公民館",
        "住所": "鹿児島県南さつま市金峰町白川3111",
        "指定緊急避難場所との住所同一": "1",
        "その他市町村長が必要と認める事項": null,
        "受入対象者": null,
        "備考": ""
      }
    },
    {
      "type": "Feature",
      "geometry": {
        "type": "Point",
        "coordinates": [
          130.364252,
          31.417209
        ]
      },
      "properties": {
        "NO": "1614",
        "共通ID": "E4622000116111",
        "施設・場所名": "白川消防コミュニティセンター",
        "住所": "鹿児島県南さつま市金峰町白川4352-18",
        "指定緊急避難場所との住所同一": "1",
        "その他市町村長が必要と認める事項": null,
        "受入対象者": null,
        "備考": ""
      }
    },
    {
      "type": "Feature",
      "geometry": {
        "type": "Point",
        "coordinates": [
          130.378028,
          31.434798
        ]
      },
      "properties": {
        "NO": "1615",
        "共通ID": "E4622000117111",
        "施設・場所名": "白川東研修センター",
        "住所": "鹿児島県南さつま市金峰町白川639",
        "指定緊急避難場所との住所同一": "1",
        "その他市町村長が必要と認める事項": null,
        "受入対象者": null,
        "備考": ""
      }
    },
    {
      "type": "Feature",
      "geometry": {
        "type": "Point",
        "coordinates": [
          130.34035,
          31.454379
        ]
      },
      "properties": {
        "NO": "1616",
        "共通ID": "E4622000118111",
        "施設・場所名": "金峰文化センター",
        "住所": "鹿児島県南さつま市金峰町尾下1655",
        "指定緊急避難場所との住所同一": "1",
        "その他市町村長が必要と認める事項": null,
        "受入対象者": null,
        "備考": ""
      }
    },
    {
      "type": "Feature",
      "geometry": {
        "type": "Point",
        "coordinates": [
          130.340383,
          31.454424
        ]
      },
      "properties": {
        "NO": "1617",
        "共通ID": "E4622000118121",
        "施設・場所名": "金峰保健センター",
        "住所": "鹿児島県南さつま市金峰町尾下1655",
        "指定緊急避難場所との住所同一": "1",
        "その他市町村長が必要と認める事項": null,
        "受入対象者": "要配慮者",
        "備考": ""
      }
    },
    {
      "type": "Feature",
      "geometry": {
        "type": "Point",
        "coordinates": [
          130.340448,
          31.456697
        ]
      },
      "properties": {
        "NO": "1618",
        "共通ID": "E4622000121111",
        "施設・場所名": "尾下研修センター",
        "住所": "鹿児島県南さつま市金峰町尾下2205-1",
        "指定緊急避難場所との住所同一": "1",
        "その他市町村長が必要と認める事項": null,
        "受入対象者": null,
        "備考": ""
      }
    },
    {
      "type": "Feature",
      "geometry": {
        "type": "Point",
        "coordinates": [
          130.228066,
          31.367388
        ]
      },
      "properties": {
        "NO": "1619",
        "共通ID": "E4622000122111",
        "施設・場所名": "永田運動広場",
        "住所": "鹿児島県南さつま市大浦町10093-1",
        "指定緊急避難場所との住所同一": "",
        "その他市町村長が必要と認める事項": null,
        "受入対象者": null,
        "備考": ""
      }
    },
    {
      "type": "Feature",
      "geometry": {
        "type": "Point",
        "coordinates": [
          130.229085,
          31.362693
        ]
      },
      "properties": {
        "NO": "1620",
        "共通ID": "E4622000123111",
        "施設・場所名": "原運動広場",
        "住所": "鹿児島県南さつま市大浦町10513",
        "指定緊急避難場所との住所同一": "",
        "その他市町村長が必要と認める事項": null,
        "受入対象者": null,
        "備考": ""
      }
    },
    {
      "type": "Feature",
      "geometry": {
        "type": "Point",
        "coordinates": [
          130.229192,
          31.357894
        ]
      },
      "properties": {
        "NO": "1621",
        "共通ID": "E4622000124111",
        "施設・場所名": "柴内公民館",
        "住所": "鹿児島県南さつま市大浦町11724",
        "指定緊急避難場所との住所同一": "1",
        "その他市町村長が必要と認める事項": null,
        "受入対象者": null,
        "備考": ""
      }
    },
    {
      "type": "Feature",
      "geometry": {
        "type": "Point",
        "coordinates": [
          130.232002,
          31.358692
        ]
      },
      "properties": {
        "NO": "1622",
        "共通ID": "E4622000125111",
        "施設・場所名": "久保公民館",
        "住所": "鹿児島県南さつま市大浦町11875",
        "指定緊急避難場所との住所同一": "",
        "その他市町村長が必要と認める事項": null,
        "受入対象者": null,
        "備考": ""
      }
    },
    {
      "type": "Feature",
      "geometry": {
        "type": "Point",
        "coordinates": [
          130.231041,
          31.356003
        ]
      },
      "properties": {
        "NO": "1623",
        "共通ID": "E4622000126111",
        "施設・場所名": "南部グラウンド",
        "住所": "鹿児島県南さつま市大浦町12162",
        "指定緊急避難場所との住所同一": "",
        "その他市町村長が必要と認める事項": null,
        "受入対象者": null,
        "備考": ""
      }
    },
    {
      "type": "Feature",
      "geometry": {
        "type": "Point",
        "coordinates": [
          130.237125,
          31.358269
        ]
      },
      "properties": {
        "NO": "1624",
        "共通ID": "E4622000127111",
        "施設・場所名": "九玉運動広場",
        "住所": "鹿児島県南さつま市大浦町14840-3",
        "指定緊急避難場所との住所同一": "",
        "その他市町村長が必要と認める事項": null,
        "受入対象者": null,
        "備考": ""
      }
    },
    {
      "type": "Feature",
      "geometry": {
        "type": "Point",
        "coordinates": [
          130.23537,
          31.361057
        ]
      },
      "properties": {
        "NO": "1625",
        "共通ID": "E4622000128111",
        "施設・場所名": "九玉公民館",
        "住所": "鹿児島県南さつま市大浦町14843-3",
        "指定緊急避難場所との住所同一": "1",
        "その他市町村長が必要と認める事項": null,
        "受入対象者": null,
        "備考": ""
      }
    },
    {
      "type": "Feature",
      "geometry": {
        "type": "Point",
        "coordinates": [
          130.244036,
          31.358965
        ]
      },
      "properties": {
        "NO": "1626",
        "共通ID": "E4622000130111",
        "施設・場所名": "大木場公民館",
        "住所": "鹿児島県南さつま市大浦町19126",
        "指定緊急避難場所との住所同一": "1",
        "その他市町村長が必要と認める事項": null,
        "受入対象者": null,
        "備考": ""
      }
    },
    {
      "type": "Feature",
      "geometry": {
        "type": "Point",
        "coordinates": [
          130.224303,
          31.378374
        ]
      },
      "properties": {
        "NO": "1627",
        "共通ID": "E4622000131111",
        "施設・場所名": "大浦保健センター",
        "住所": "鹿児島県南さつま市大浦町2046",
        "指定緊急避難場所との住所同一": "1",
        "その他市町村長が必要と認める事項": null,
        "受入対象者": null,
        "備考": ""
      }
    },
    {
      "type": "Feature",
      "geometry": {
        "type": "Point",
        "coordinates": [
          130.224303,
          31.378374
        ]
      },
      "properties": {
        "NO": "1628",
        "共通ID": "E4622000131121",
        "施設・場所名": "大浦保健センター",
        "住所": "鹿児島県南さつま市大浦町2046",
        "指定緊急避難場所との住所同一": "1",
        "その他市町村長が必要と認める事項": null,
        "受入対象者": "要配慮者",
        "備考": ""
      }
    },
    {
      "type": "Feature",
      "geometry": {
        "type": "Point",
        "coordinates": [
          130.225192,
          31.378552
        ]
      },
      "properties": {
        "NO": "1629",
        "共通ID": "E4622000132111",
        "施設・場所名": "大浦地区公民館",
        "住所": "鹿児島県南さつま市大浦町2071",
        "指定緊急避難場所との住所同一": "1",
        "その他市町村長が必要と認める事項": null,
        "受入対象者": null,
        "備考": ""
      }
    },
    {
      "type": "Feature",
      "geometry": {
        "type": "Point",
        "coordinates": [
          130.236198,
          31.39265
        ]
      },
      "properties": {
        "NO": "1630",
        "共通ID": "E4622000137111",
        "施設・場所名": "榊研修館",
        "住所": "鹿児島県南さつま市大浦町25238",
        "指定緊急避難場所との住所同一": "1",
        "その他市町村長が必要と認める事項": null,
        "受入対象者": null,
        "備考": ""
      }
    },
    {
      "type": "Feature",
      "geometry": {
        "type": "Point",
        "coordinates": [
          130.221097,
          31.376606
        ]
      },
      "properties": {
        "NO": "1631",
        "共通ID": "E4622000138111",
        "施設・場所名": "上之門公民館",
        "住所": "鹿児島県南さつま市大浦町2545",
        "指定緊急避難場所との住所同一": "1",
        "その他市町村長が必要と認める事項": null,
        "受入対象者": null,
        "備考": ""
      }
    },
    {
      "type": "Feature",
      "geometry": {
        "type": "Point",
        "coordinates": [
          130.229492,
          31.397677
        ]
      },
      "properties": {
        "NO": "1632",
        "共通ID": "E4622000143111",
        "施設・場所名": "越路公民館",
        "住所": "鹿児島県南さつま市大浦町30118-1",
        "指定緊急避難場所との住所同一": "1",
        "その他市町村長が必要と認める事項": null,
        "受入対象者": null,
        "備考": ""
      }
    },
    {
      "type": "Feature",
      "geometry": {
        "type": "Point",
        "coordinates": [
          130.218857,
          31.385875
        ]
      },
      "properties": {
        "NO": "1633",
        "共通ID": "E4622000144111",
        "施設・場所名": "干拓公民館",
        "住所": "鹿児島県南さつま市大浦町30173-41",
        "指定緊急避難場所との住所同一": "1",
        "その他市町村長が必要と認める事項": null,
        "受入対象者": null,
        "備考": ""
      }
    },
    {
      "type": "Feature",
      "geometry": {
        "type": "Point",
        "coordinates": [
          130.22517,
          31.375983
        ]
      },
      "properties": {
        "NO": "1634",
        "共通ID": "E4622000147111",
        "施設・場所名": "大浦小学校体育館",
        "住所": "鹿児島県南さつま市大浦町7182",
        "指定緊急避難場所との住所同一": "1",
        "その他市町村長が必要と認める事項": null,
        "受入対象者": null,
        "備考": ""
      }
    },
    {
      "type": "Feature",
      "geometry": {
        "type": "Point",
        "coordinates": [
          130.226517,
          31.377677
        ]
      },
      "properties": {
        "NO": "1635",
        "共通ID": "E4622000148111",
        "施設・場所名": "木連口公民館",
        "住所": "鹿児島県南さつま市大浦町7487",
        "指定緊急避難場所との住所同一": "1",
        "その他市町村長が必要と認める事項": null,
        "受入対象者": null,
        "備考": ""
      }
    },
    {
      "type": "Feature",
      "geometry": {
        "type": "Point",
        "coordinates": [
          130.229424,
          31.363029
        ]
      },
      "properties": {
        "NO": "1636",
        "共通ID": "E4622000150111",
        "施設・場所名": "原公民館",
        "住所": "鹿児島県南さつま市大浦町8470",
        "指定緊急避難場所との住所同一": "",
        "その他市町村長が必要と認める事項": null,
        "受入対象者": null,
        "備考": ""
      }
    },
    {
      "type": "Feature",
      "geometry": {
        "type": "Point",
        "coordinates": [
          130.225203,
          31.36813
        ]
      },
      "properties": {
        "NO": "1637",
        "共通ID": "E4622000151111",
        "施設・場所名": "永田公民館",
        "住所": "鹿児島県南さつま市大浦町9878-1",
        "指定緊急避難場所との住所同一": "1",
        "その他市町村長が必要と認める事項": null,
        "受入対象者": null,
        "備考": ""
      }
    },
    {
      "type": "Feature",
      "geometry": {
        "type": "Point",
        "coordinates": [
          130.209189,
          31.340243
        ]
      },
      "properties": {
        "NO": "1638",
        "共通ID": "E4622000153111",
        "施設・場所名": "平崎集会所",
        "住所": "鹿児島県南さつま市坊津町久志10120-9",
        "指定緊急避難場所との住所同一": "1",
        "その他市町村長が必要と認める事項": null,
        "受入対象者": null,
        "備考": ""
      }
    },
    {
      "type": "Feature",
      "geometry": {
        "type": "Point",
        "coordinates": [
          130.221968,
          31.298183
        ]
      },
      "properties": {
        "NO": "1639",
        "共通ID": "E4622000155111",
        "施設・場所名": "博多集会施設",
        "住所": "鹿児島県南さつま市坊津町久志1765",
        "指定緊急避難場所との住所同一": "1",
        "その他市町村長が必要と認める事項": null,
        "受入対象者": null,
        "備考": ""
      }
    },
    {
      "type": "Feature",
      "geometry": {
        "type": "Point",
        "coordinates": [
          130.225522,
          31.312425
        ]
      },
      "properties": {
        "NO": "1640",
        "共通ID": "E4622000158111",
        "施設・場所名": "仁田川営農研修館",
        "住所": "鹿児島県南さつま市坊津町久志4350-12",
        "指定緊急避難場所との住所同一": "1",
        "その他市町村長が必要と認める事項": null,
        "受入対象者": null,
        "備考": ""
      }
    },
    {
      "type": "Feature",
      "geometry": {
        "type": "Point",
        "coordinates": [
          130.225788,
          31.311384
        ]
      },
      "properties": {
        "NO": "1641",
        "共通ID": "E4622000159111",
        "施設・場所名": "久志地区公民館",
        "住所": "鹿児島県南さつま市坊津町久志4358",
        "指定緊急避難場所との住所同一": "1",
        "その他市町村長が必要と認める事項": null,
        "受入対象者": null,
        "備考": ""
      }
    },
    {
      "type": "Feature",
      "geometry": {
        "type": "Point",
        "coordinates": [
          130.230699,
          31.314689
        ]
      },
      "properties": {
        "NO": "1642",
        "共通ID": "E4622000160111",
        "施設・場所名": "山口共伸営農研修館",
        "住所": "鹿児島県南さつま市坊津町久志4424-1",
        "指定緊急避難場所との住所同一": "",
        "その他市町村長が必要と認める事項": null,
        "受入対象者": null,
        "備考": ""
      }
    },
    {
      "type": "Feature",
      "geometry": {
        "type": "Point",
        "coordinates": [
          130.244684,
          31.327257
        ]
      },
      "properties": {
        "NO": "1643",
        "共通ID": "E4622000161111",
        "施設・場所名": "上野集会所",
        "住所": "鹿児島県南さつま市坊津町久志5167",
        "指定緊急避難場所との住所同一": "1",
        "その他市町村長が必要と認める事項": null,
        "受入対象者": null,
        "備考": ""
      }
    },
    {
      "type": "Feature",
      "geometry": {
        "type": "Point",
        "coordinates": [
          130.221299,
          31.313184
        ]
      },
      "properties": {
        "NO": "1644",
        "共通ID": "E4622000163111",
        "施設・場所名": "塩屋営農研修館",
        "住所": "鹿児島県南さつま市坊津町久志6516-1",
        "指定緊急避難場所との住所同一": "1",
        "その他市町村長が必要と認める事項": null,
        "受入対象者": null,
        "備考": ""
      }
    },
    {
      "type": "Feature",
      "geometry": {
        "type": "Point",
        "coordinates": [
          130.212118,
          31.325957
        ]
      },
      "properties": {
        "NO": "1645",
        "共通ID": "E4622000165111",
        "施設・場所名": "今岳集会所",
        "住所": "鹿児島県南さつま市坊津町久志7867-4",
        "指定緊急避難場所との住所同一": "1",
        "その他市町村長が必要と認める事項": null,
        "受入対象者": null,
        "備考": ""
      }
    },
    {
      "type": "Feature",
      "geometry": {
        "type": "Point",
        "coordinates": [
          130.19904,
          31.358376
        ]
      },
      "properties": {
        "NO": "1646",
        "共通ID": "E4622000166111",
        "施設・場所名": "秋目集会所",
        "住所": "鹿児島県南さつま市坊津町秋目1182-6",
        "指定緊急避難場所との住所同一": "1",
        "その他市町村長が必要と認める事項": null,
        "受入対象者": null,
        "備考": ""
      }
    },
    {
      "type": "Feature",
      "geometry": {
        "type": "Point",
        "coordinates": [
          130.199545,
          31.360009
        ]
      },
      "properties": {
        "NO": "1647",
        "共通ID": "E4622000169111",
        "施設・場所名": "秋目診療所",
        "住所": "鹿児島県南さつま市坊津町秋目805",
        "指定緊急避難場所との住所同一": "1",
        "その他市町村長が必要と認める事項": null,
        "受入対象者": null,
        "備考": ""
      }
    },
    {
      "type": "Feature",
      "geometry": {
        "type": "Point",
        "coordinates": [
          130.228317,
          31.278119
        ]
      },
      "properties": {
        "NO": "1648",
        "共通ID": "E4622000170111",
        "施設・場所名": "漁民センター",
        "住所": "鹿児島県南さつま市坊津町泊161-2",
        "指定緊急避難場所との住所同一": "1",
        "その他市町村長が必要と認める事項": null,
        "受入対象者": null,
        "備考": ""
      }
    },
    {
      "type": "Feature",
      "geometry": {
        "type": "Point",
        "coordinates": [
          130.230591,
          31.27636
        ]
      },
      "properties": {
        "NO": "1649",
        "共通ID": "E4622000171111",
        "施設・場所名": "泊地区体育館",
        "住所": "鹿児島県南さつま市坊津町泊186",
        "指定緊急避難場所との住所同一": "1",
        "その他市町村長が必要と認める事項": null,
        "受入対象者": null,
        "備考": ""
      }
    },
    {
      "type": "Feature",
      "geometry": {
        "type": "Point",
        "coordinates": [
          130.231183,
          31.281981
        ]
      },
      "properties": {
        "NO": "1650",
        "共通ID": "E4622000173111",
        "施設・場所名": "泊集会施設",
        "住所": "鹿児島県南さつま市坊津町泊579-3",
        "指定緊急避難場所との住所同一": "1",
        "その他市町村長が必要と認める事項": null,
        "受入対象者": null,
        "備考": ""
      }
    },
    {
      "type": "Feature",
      "geometry": {
        "type": "Point",
        "coordinates": [
          130.241825,
          31.287919
        ]
      },
      "properties": {
        "NO": "1651",
        "共通ID": "E4622000174111",
        "施設・場所名": "清原地区体育館",
        "住所": "鹿児島県南さつま市坊津町泊6068-3",
        "指定緊急避難場所との住所同一": "1",
        "その他市町村長が必要と認める事項": null,
        "受入対象者": null,
        "備考": ""
      }
    },
    {
      "type": "Feature",
      "geometry": {
        "type": "Point",
        "coordinates": [
          130.241668,
          31.287435
        ]
      },
      "properties": {
        "NO": "1652",
        "共通ID": "E4622000175111",
        "施設・場所名": "清原地区公民館",
        "住所": "鹿児島県南さつま市坊津町泊6076",
        "指定緊急避難場所との住所同一": "1",
        "その他市町村長が必要と認める事項": null,
        "受入対象者": null,
        "備考": ""
      }
    },
    {
      "type": "Feature",
      "geometry": {
        "type": "Point",
        "coordinates": [
          130.23004,
          31.286267
        ]
      },
      "properties": {
        "NO": "1653",
        "共通ID": "E4622000176111",
        "施設・場所名": "坊津学園",
        "住所": "鹿児島県南さつま市坊津町泊8748",
        "指定緊急避難場所との住所同一": "1",
        "その他市町村長が必要と認める事項": null,
        "受入対象者": null,
        "備考": ""
      }
    },
    {
      "type": "Feature",
      "geometry": {
        "type": "Point",
        "coordinates": [
          130.23004,
          31.286267
        ]
      },
      "properties": {
        "NO": "1654",
        "共通ID": "E4622000176121",
        "施設・場所名": "坊津学園",
        "住所": "鹿児島県南さつま市坊津町泊8748",
        "指定緊急避難場所との住所同一": "1",
        "その他市町村長が必要と認める事項": null,
        "受入対象者": "要配慮者",
        "備考": ""
      }
    },
    {
      "type": "Feature",
      "geometry": {
        "type": "Point",
        "coordinates": [
          130.256543,
          31.265077
        ]
      },
      "properties": {
        "NO": "1655",
        "共通ID": "E4622000177111",
        "施設・場所名": "栗野地区公民館",
        "住所": "鹿児島県南さつま市坊津町坊2352-1",
        "指定緊急避難場所との住所同一": "1",
        "その他市町村長が必要と認める事項": null,
        "受入対象者": null,
        "備考": ""
      }
    },
    {
      "type": "Feature",
      "geometry": {
        "type": "Point",
        "coordinates": [
          130.253385,
          31.267222
        ]
      },
      "properties": {
        "NO": "1656",
        "共通ID": "E4622000178111",
        "施設・場所名": "栗野地区体育館",
        "住所": "鹿児島県南さつま市坊津町坊2648-2",
        "指定緊急避難場所との住所同一": "1",
        "その他市町村長が必要と認める事項": null,
        "受入対象者": null,
        "備考": ""
      }
    },
    {
      "type": "Feature",
      "geometry": {
        "type": "Point",
        "coordinates": [
          130.23232,
          31.266539
        ]
      },
      "properties": {
        "NO": "1657",
        "共通ID": "E4622000181111",
        "施設・場所名": "上之坊公民館",
        "住所": "鹿児島県南さつま市坊津町坊6741",
        "指定緊急避難場所との住所同一": "1",
        "その他市町村長が必要と認める事項": null,
        "受入対象者": null,
        "備考": ""
      }
    },
    {
      "type": "Feature",
      "geometry": {
        "type": "Point",
        "coordinates": [
          130.228528,
          31.26739
        ]
      },
      "properties": {
        "NO": "1658",
        "共通ID": "E4622000183111",
        "施設・場所名": "坊泊地区公民館",
        "住所": "鹿児島県南さつま市坊津町坊6899-1",
        "指定緊急避難場所との住所同一": "1",
        "その他市町村長が必要と認める事項": null,
        "受入対象者": null,
        "備考": ""
      }
    },
    {
      "type": "Feature",
      "geometry": {
        "type": "Point",
        "coordinates": [
          130.23971,
          31.266805
        ]
      },
      "properties": {
        "NO": "1659",
        "共通ID": "E4622000184111",
        "施設・場所名": "松ケ迫コミュニティセンター",
        "住所": "鹿児島県南さつま市坊津町坊7472-109",
        "指定緊急避難場所との住所同一": "1",
        "その他市町村長が必要と認める事項": null,
        "受入対象者": null,
        "備考": ""
      }
    },
    {
      "type": "Feature",
      "geometry": {
        "type": "Point",
        "coordinates": [
          130.231661,
          31.27192
        ]
      },
      "properties": {
        "NO": "1660",
        "共通ID": "E4622000185111",
        "施設・場所名": "坊地区体育館",
        "住所": "鹿児島県南さつま市坊津町坊8971",
        "指定緊急避難場所との住所同一": "1",
        "その他市町村長が必要と認める事項": null,
        "受入対象者": null,
        "備考": ""
      }
    },
    {
      "type": "Feature",
      "geometry": {
        "type": "Point",
        "coordinates": [
          130.507928,
          31.216789
        ]
      },
      "properties": {
        "NO": "1661",
        "共通ID": "E4622300001111",
        "施設・場所名": "長崎集落センター",
        "住所": "鹿児島県南九州市頴娃町郡10652-1",
        "指定緊急避難場所との住所同一": "",
        "その他市町村長が必要と認める事項": null,
        "受入対象者": null,
        "備考": ""
      }
    },
    {
      "type": "Feature",
      "geometry": {
        "type": "Point",
        "coordinates": [
          130.498251,
          31.240997
        ]
      },
      "properties": {
        "NO": "1662",
        "共通ID": "E4622300002111",
        "施設・場所名": "頴娃中学校",
        "住所": "鹿児島県南九州市頴娃町郡1442-1",
        "指定緊急避難場所との住所同一": "1",
        "その他市町村長が必要と認める事項": null,
        "受入対象者": null,
        "備考": ""
      }
    },
    {
      "type": "Feature",
      "geometry": {
        "type": "Point",
        "coordinates": [
          130.506319,
          31.234657
        ]
      },
      "properties": {
        "NO": "1663",
        "共通ID": "E4622300003111",
        "施設・場所名": "頴娃小学校",
        "住所": "鹿児島県南九州市頴娃町郡9201",
        "指定緊急避難場所との住所同一": "1",
        "その他市町村長が必要と認める事項": null,
        "受入対象者": null,
        "備考": ""
      }
    },
    {
      "type": "Feature",
      "geometry": {
        "type": "Point",
        "coordinates": [
          130.504462,
          31.234625
        ]
      },
      "properties": {
        "NO": "1664",
        "共通ID": "E4622300004111",
        "施設・場所名": "郡地区公民館",
        "住所": "鹿児島県南九州市頴娃町郡9278",
        "指定緊急避難場所との住所同一": "",
        "その他市町村長が必要と認める事項": null,
        "受入対象者": null,
        "備考": ""
      }
    },
    {
      "type": "Feature",
      "geometry": {
        "type": "Point",
        "coordinates": [
          130.478509,
          31.252743
        ]
      },
      "properties": {
        "NO": "1665",
        "共通ID": "E4622300005111",
        "施設・場所名": "九玉小学校",
        "住所": "鹿児島県南九州市頴娃町御領3434-1",
        "指定緊急避難場所との住所同一": "1",
        "その他市町村長が必要と認める事項": null,
        "受入対象者": null,
        "備考": ""
      }
    },
    {
      "type": "Feature",
      "geometry": {
        "type": "Point",
        "coordinates": [
          130.473408,
          31.251089
        ]
      },
      "properties": {
        "NO": "1666",
        "共通ID": "E4622300006111",
        "施設・場所名": "御領地区公民館",
        "住所": "鹿児島県南九州市頴娃町御領670",
        "指定緊急避難場所との住所同一": "",
        "その他市町村長が必要と認める事項": null,
        "受入対象者": null,
        "備考": ""
      }
    },
    {
      "type": "Feature",
      "geometry": {
        "type": "Point",
        "coordinates": [
          130.506379,
          31.316795
        ]
      },
      "properties": {
        "NO": "1667",
        "共通ID": "E4622300007111",
        "施設・場所名": "新牧公民館",
        "住所": "鹿児島県南九州市頴娃町上別府2889-1",
        "指定緊急避難場所との住所同一": "1",
        "その他市町村長が必要と認める事項": null,
        "受入対象者": null,
        "備考": ""
      }
    },
    {
      "type": "Feature",
      "geometry": {
        "type": "Point",
        "coordinates": [
          130.465746,
          31.296641
        ]
      },
      "properties": {
        "NO": "1668",
        "共通ID": "E4622300008111",
        "施設・場所名": "上別府地区公民館",
        "住所": "鹿児島県南九州市頴娃町上別府4539-1",
        "指定緊急避難場所との住所同一": "",
        "その他市町村長が必要と認める事項": null,
        "受入対象者": null,
        "備考": ""
      }
    },
    {
      "type": "Feature",
      "geometry": {
        "type": "Point",
        "coordinates": [
          130.464806,
          31.296966
        ]
      },
      "properties": {
        "NO": "1669",
        "共通ID": "E4622300009111",
        "施設・場所名": "青戸小学校",
        "住所": "鹿児島県南九州市頴娃町上別府4541",
        "指定緊急避難場所との住所同一": "1",
        "その他市町村長が必要と認める事項": null,
        "受入対象者": null,
        "備考": ""
      }
    },
    {
      "type": "Feature",
      "geometry": {
        "type": "Point",
        "coordinates": [
          130.435305,
          31.257099
        ]
      },
      "properties": {
        "NO": "1670",
        "共通ID": "E4622300011111",
        "施設・場所名": "別府地区公民館",
        "住所": "鹿児島県南九州市頴娃町別府3261-1",
        "指定緊急避難場所との住所同一": "",
        "その他市町村長が必要と認める事項": null,
        "受入対象者": null,
        "備考": ""
      }
    },
    {
      "type": "Feature",
      "geometry": {
        "type": "Point",
        "coordinates": [
          130.433149,
          31.251964
        ]
      },
      "properties": {
        "NO": "1671",
        "共通ID": "E4622300012111",
        "施設・場所名": "別府小学校",
        "住所": "鹿児島県南九州市頴娃町別府5140-1",
        "指定緊急避難場所との住所同一": "1",
        "その他市町村長が必要と認める事項": null,
        "受入対象者": null,
        "備考": ""
      }
    },
    {
      "type": "Feature",
      "geometry": {
        "type": "Point",
        "coordinates": [
          130.416907,
          31.254046
        ]
      },
      "properties": {
        "NO": "1672",
        "共通ID": "E4622300013111",
        "施設・場所名": "大川公民館",
        "住所": "鹿児島県南九州市頴娃町別府6712",
        "指定緊急避難場所との住所同一": "",
        "その他市町村長が必要と認める事項": null,
        "受入対象者": null,
        "備考": ""
      }
    },
    {
      "type": "Feature",
      "geometry": {
        "type": "Point",
        "coordinates": [
          130.425857,
          31.268973
        ]
      },
      "properties": {
        "NO": "1673",
        "共通ID": "E4622300014111",
        "施設・場所名": "地域交流センターはやま（旧別府中）",
        "住所": "鹿児島県南九州市頴娃町別府8644",
        "指定緊急避難場所との住所同一": "1",
        "その他市町村長が必要と認める事項": null,
        "受入対象者": null,
        "備考": ""
      }
    },
    {
      "type": "Feature",
      "geometry": {
        "type": "Point",
        "coordinates": [
          130.415671,
          31.282912
        ]
      },
      "properties": {
        "NO": "1674",
        "共通ID": "E4622300016111",
        "施設・場所名": "耳原公民館",
        "住所": "鹿児島県南九州市頴娃町別府9645-1",
        "指定緊急避難場所との住所同一": "",
        "その他市町村長が必要と認める事項": null,
        "受入対象者": null,
        "備考": ""
      }
    },
    {
      "type": "Feature",
      "geometry": {
        "type": "Point",
        "coordinates": [
          130.489735,
          31.25054
        ]
      },
      "properties": {
        "NO": "1675",
        "共通ID": "E4622300017111",
        "施設・場所名": "宮脇小学校",
        "住所": "鹿児島県南九州市頴娃町牧之内1476",
        "指定緊急避難場所との住所同一": "1",
        "その他市町村長が必要と認める事項": null,
        "受入対象者": null,
        "備考": ""
      }
    },
    {
      "type": "Feature",
      "geometry": {
        "type": "Point",
        "coordinates": [
          130.493602,
          31.242359
        ]
      },
      "properties": {
        "NO": "1676",
        "共通ID": "E4622300018111",
        "施設・場所名": "頴娃高等学校",
        "住所": "鹿児島県南九州市頴娃町牧之内2000",
        "指定緊急避難場所との住所同一": "1",
        "その他市町村長が必要と認める事項": null,
        "受入対象者": null,
        "備考": ""
      }
    },
    {
      "type": "Feature",
      "geometry": {
        "type": "Point",
        "coordinates": [
          130.487233,
          31.239034
        ]
      },
      "properties": {
        "NO": "1677",
        "共通ID": "E4622300019111",
        "施設・場所名": "頴娃武道館",
        "住所": "鹿児島県南九州市頴娃町牧之内2538",
        "指定緊急避難場所との住所同一": "",
        "その他市町村長が必要と認める事項": null,
        "受入対象者": null,
        "備考": ""
      }
    },
    {
      "type": "Feature",
      "geometry": {
        "type": "Point",
        "coordinates": [
          130.488768,
          31.236468
        ]
      },
      "properties": {
        "NO": "1678",
        "共通ID": "E4622300020111",
        "施設・場所名": "頴娃文化会館",
        "住所": "鹿児島県南九州市頴娃町牧之内2606",
        "指定緊急避難場所との住所同一": "",
        "その他市町村長が必要と認める事項": null,
        "受入対象者": null,
        "備考": ""
      }
    },
    {
      "type": "Feature",
      "geometry": {
        "type": "Point",
        "coordinates": [
          130.491965,
          31.239221
        ]
      },
      "properties": {
        "NO": "1679",
        "共通ID": "E4622300021121",
        "施設・場所名": "頴娃保健センター",
        "住所": "鹿児島県南九州市頴娃町牧之内2830",
        "指定緊急避難場所との住所同一": "",
        "その他市町村長が必要と認める事項": null,
        "受入対象者": "要支援者",
        "備考": ""
      }
    },
    {
      "type": "Feature",
      "geometry": {
        "type": "Point",
        "coordinates": [
          130.491986,
          31.254401
        ]
      },
      "properties": {
        "NO": "1680",
        "共通ID": "E4622300022111",
        "施設・場所名": "宮脇地区公民館",
        "住所": "鹿児島県南九州市頴娃町牧之内5450",
        "指定緊急避難場所との住所同一": "",
        "その他市町村長が必要と認める事項": null,
        "受入対象者": null,
        "備考": ""
      }
    },
    {
      "type": "Feature",
      "geometry": {
        "type": "Point",
        "coordinates": [
          130.495095,
          31.273979
        ]
      },
      "properties": {
        "NO": "1681",
        "共通ID": "E4622300023111",
        "施設・場所名": "粟ケ窪地区公民館",
        "住所": "鹿児島県南九州市頴娃町牧之内9260",
        "指定緊急避難場所との住所同一": "",
        "その他市町村長が必要と認める事項": null,
        "受入対象者": null,
        "備考": ""
      }
    },
    {
      "type": "Feature",
      "geometry": {
        "type": "Point",
        "coordinates": [
          130.494819,
          31.276864
        ]
      },
      "properties": {
        "NO": "1682",
        "共通ID": "E4622300024111",
        "施設・場所名": "粟ヶ窪小学校",
        "住所": "鹿児島県南九州市頴娃町牧之内9444",
        "指定緊急避難場所との住所同一": "1",
        "その他市町村長が必要と認める事項": null,
        "受入対象者": null,
        "備考": ""
      }
    },
    {
      "type": "Feature",
      "geometry": {
        "type": "Point",
        "coordinates": [
          130.381414,
          31.369379
        ]
      },
      "properties": {
        "NO": "1683",
        "共通ID": "E4622300025111",
        "施設・場所名": "高田小学校",
        "住所": "鹿児島県南九州市川辺町高田2371",
        "指定緊急避難場所との住所同一": "1",
        "その他市町村長が必要と認める事項": null,
        "受入対象者": null,
        "備考": ""
      }
    },
    {
      "type": "Feature",
      "geometry": {
        "type": "Point",
        "coordinates": [
          130.380934,
          31.370537
        ]
      },
      "properties": {
        "NO": "1684",
        "共通ID": "E4622300026111",
        "施設・場所名": "高田地区公民館",
        "住所": "鹿児島県南九州市川辺町高田3030",
        "指定緊急避難場所との住所同一": "",
        "その他市町村長が必要と認める事項": null,
        "受入対象者": null,
        "備考": ""
      }
    },
    {
      "type": "Feature",
      "geometry": {
        "type": "Point",
        "coordinates": [
          130.353255,
          31.363512
        ]
      },
      "properties": {
        "NO": "1685",
        "共通ID": "E4622300027111",
        "施設・場所名": "勝目小学校",
        "住所": "鹿児島県南九州市川辺町上山田1884",
        "指定緊急避難場所との住所同一": "1",
        "その他市町村長が必要と認める事項": null,
        "受入対象者": null,
        "備考": ""
      }
    },
    {
      "type": "Feature",
      "geometry": {
        "type": "Point",
        "coordinates": [
          130.350257,
          31.356025
        ]
      },
      "properties": {
        "NO": "1686",
        "共通ID": "E4622300028111",
        "施設・場所名": "大丸分団拠点施設",
        "住所": "鹿児島県南九州市川辺町上山田2719-3",
        "指定緊急避難場所との住所同一": "1",
        "その他市町村長が必要と認める事項": null,
        "受入対象者": null,
        "備考": ""
      }
    },
    {
      "type": "Feature",
      "geometry": {
        "type": "Point",
        "coordinates": [
          130.342333,
          31.344912
        ]
      },
      "properties": {
        "NO": "1687",
        "共通ID": "E4622300029111",
        "施設・場所名": "大丸小学校",
        "住所": "鹿児島県南九州市川辺町上山田7607",
        "指定緊急避難場所との住所同一": "1",
        "その他市町村長が必要と認める事項": null,
        "受入対象者": null,
        "備考": ""
      }
    },
    {
      "type": "Feature",
      "geometry": {
        "type": "Point",
        "coordinates": [
          130.342651,
          31.345207
        ]
      },
      "properties": {
        "NO": "1688",
        "共通ID": "E4622300029112",
        "施設・場所名": "大丸地区公民館",
        "住所": "鹿児島県南九州市川辺町上山田7607",
        "指定緊急避難場所との住所同一": "1",
        "その他市町村長が必要と認める事項": null,
        "受入対象者": null,
        "備考": ""
      }
    },
    {
      "type": "Feature",
      "geometry": {
        "type": "Point",
        "coordinates": [
          130.419341,
          31.432111
        ]
      },
      "properties": {
        "NO": "1689",
        "共通ID": "E4622300030111",
        "施設・場所名": "旧神殿小学校",
        "住所": "鹿児島県南九州市川辺町神殿5686-1",
        "指定緊急避難場所との住所同一": "1",
        "その他市町村長が必要と認める事項": null,
        "受入対象者": null,
        "備考": ""
      }
    },
    {
      "type": "Feature",
      "geometry": {
        "type": "Point",
        "coordinates": [
          130.419723,
          31.432282
        ]
      },
      "properties": {
        "NO": "1690",
        "共通ID": "E4622300030112",
        "施設・場所名": "神殿地区公民館",
        "住所": "鹿児島県南九州市川辺町神殿5686-1",
        "指定緊急避難場所との住所同一": "1",
        "その他市町村長が必要と認める事項": null,
        "受入対象者": null,
        "備考": ""
      }
    },
    {
      "type": "Feature",
      "geometry": {
        "type": "Point",
        "coordinates": [
          130.415375,
          31.410617
        ]
      },
      "properties": {
        "NO": "1691",
        "共通ID": "E4622300031112",
        "施設・場所名": "清水地区公民館",
        "住所": "鹿児島県南九州市川辺町清水1531-1",
        "指定緊急避難場所との住所同一": "1",
        "その他市町村長が必要と認める事項": null,
        "受入対象者": null,
        "備考": ""
      }
    },
    {
      "type": "Feature",
      "geometry": {
        "type": "Point",
        "coordinates": [
          130.415788,
          31.410573
        ]
      },
      "properties": {
        "NO": "1692",
        "共通ID": "E4622300031111",
        "施設・場所名": "清水小学校",
        "住所": "鹿児島県南九州市川辺町清水1531-1",
        "指定緊急避難場所との住所同一": "1",
        "その他市町村長が必要と認める事項": null,
        "受入対象者": null,
        "備考": ""
      }
    },
    {
      "type": "Feature",
      "geometry": {
        "type": "Point",
        "coordinates": [
          130.433109,
          31.41261
        ]
      },
      "properties": {
        "NO": "1693",
        "共通ID": "E4622300032111",
        "施設・場所名": "川辺やすらぎの郷",
        "住所": "鹿児島県南九州市川辺町清水6910",
        "指定緊急避難場所との住所同一": "1",
        "その他市町村長が必要と認める事項": null,
        "受入対象者": null,
        "備考": ""
      }
    },
    {
      "type": "Feature",
      "geometry": {
        "type": "Point",
        "coordinates": [
          130.439016,
          31.419579
        ]
      },
      "properties": {
        "NO": "1694",
        "共通ID": "E4622300033111",
        "施設・場所名": "田代区公民館",
        "住所": "鹿児島県南九州市川辺町清水7153",
        "指定緊急避難場所との住所同一": "",
        "その他市町村長が必要と認める事項": null,
        "受入対象者": null,
        "備考": ""
      }
    },
    {
      "type": "Feature",
      "geometry": {
        "type": "Point",
        "coordinates": [
          130.438358,
          31.419923
        ]
      },
      "properties": {
        "NO": "1695",
        "共通ID": "E4622300034111",
        "施設・場所名": "旧田代小学校",
        "住所": "鹿児島県南九州市川辺町清水7181",
        "指定緊急避難場所との住所同一": "1",
        "その他市町村長が必要と認める事項": null,
        "受入対象者": null,
        "備考": ""
      }
    },
    {
      "type": "Feature",
      "geometry": {
        "type": "Point",
        "coordinates": [
          130.437659,
          31.418654
        ]
      },
      "properties": {
        "NO": "1696",
        "共通ID": "E4622300035111",
        "施設・場所名": "田代地区公民館",
        "住所": "鹿児島県南九州市川辺町清水7220",
        "指定緊急避難場所との住所同一": "",
        "その他市町村長が必要と認める事項": null,
        "受入対象者": null,
        "備考": ""
      }
    },
    {
      "type": "Feature",
      "geometry": {
        "type": "Point",
        "coordinates": [
          130.354132,
          31.369851
        ]
      },
      "properties": {
        "NO": "1697",
        "共通ID": "E4622300036111",
        "施設・場所名": "勝目地区公民館",
        "住所": "鹿児島県南九州市川辺町中山田1884-2",
        "指定緊急避難場所との住所同一": "1",
        "その他市町村長が必要と認める事項": null,
        "受入対象者": null,
        "備考": ""
      }
    },
    {
      "type": "Feature",
      "geometry": {
        "type": "Point",
        "coordinates": [
          130.388126,
          31.399104
        ]
      },
      "properties": {
        "NO": "1698",
        "共通ID": "E4622300037111",
        "施設・場所名": "川辺中学校",
        "住所": "鹿児島県南九州市川辺町田部田3880",
        "指定緊急避難場所との住所同一": "1",
        "その他市町村長が必要と認める事項": null,
        "受入対象者": null,
        "備考": ""
      }
    },
    {
      "type": "Feature",
      "geometry": {
        "type": "Point",
        "coordinates": [
          130.389003,
          31.393244
        ]
      },
      "properties": {
        "NO": "1699",
        "共通ID": "E4622300038111",
        "施設・場所名": "川辺高等学校",
        "住所": "鹿児島県南九州市川辺町田部田4150",
        "指定緊急避難場所との住所同一": "1",
        "その他市町村長が必要と認める事項": null,
        "受入対象者": null,
        "備考": ""
      }
    },
    {
      "type": "Feature",
      "geometry": {
        "type": "Point",
        "coordinates": [
          130.392938,
          31.394028
        ]
      },
      "properties": {
        "NO": "1700",
        "共通ID": "E4622300039112",
        "施設・場所名": "川辺地区公民館",
        "住所": "鹿児島県南九州市川辺町平山2890-1",
        "指定緊急避難場所との住所同一": "",
        "その他市町村長が必要と認める事項": null,
        "受入対象者": null,
        "備考": ""
      }
    },
    {
      "type": "Feature",
      "geometry": {
        "type": "Point",
        "coordinates": [
          130.392628,
          31.393897
        ]
      },
      "properties": {
        "NO": "1701",
        "共通ID": "E4622300039111",
        "施設・場所名": "川辺文化会館",
        "住所": "鹿児島県南九州市川辺町平山2890-1",
        "指定緊急避難場所との住所同一": "",
        "その他市町村長が必要と認める事項": null,
        "受入対象者": null,
        "備考": ""
      }
    },
    {
      "type": "Feature",
      "geometry": {
        "type": "Point",
        "coordinates": [
          130.399112,
          31.392972
        ]
      },
      "properties": {
        "NO": "1702",
        "共通ID": "E4622300040111",
        "施設・場所名": "市民交流センター",
        "住所": "鹿児島県南九州市川辺町平山6630",
        "指定緊急避難場所との住所同一": "",
        "その他市町村長が必要と認める事項": null,
        "受入対象者": null,
        "備考": ""
      }
    },
    {
      "type": "Feature",
      "geometry": {
        "type": "Point",
        "coordinates": [
          130.392022,
          31.393023
        ]
      },
      "properties": {
        "NO": "1703",
        "共通ID": "E4622300041121",
        "施設・場所名": "川辺保健センター",
        "住所": "鹿児島県南九州市川辺町平山6978",
        "指定緊急避難場所との住所同一": "",
        "その他市町村長が必要と認める事項": null,
        "受入対象者": "要支援者",
        "備考": ""
      }
    },
    {
      "type": "Feature",
      "geometry": {
        "type": "Point",
        "coordinates": [
          130.39856,
          31.393864
        ]
      },
      "properties": {
        "NO": "1704",
        "共通ID": "E4622300042111",
        "施設・場所名": "川辺小学校",
        "住所": "鹿児島県南九州市川辺町平山7086-2",
        "指定緊急避難場所との住所同一": "1",
        "その他市町村長が必要と認める事項": null,
        "受入対象者": null,
        "備考": ""
      }
    },
    {
      "type": "Feature",
      "geometry": {
        "type": "Point",
        "coordinates": [
          130.447154,
          31.346473
        ]
      },
      "properties": {
        "NO": "1705",
        "共通ID": "E4622300043111",
        "施設・場所名": "中福良小学校",
        "住所": "鹿児島県南九州市知覧町永里5326",
        "指定緊急避難場所との住所同一": "1",
        "その他市町村長が必要と認める事項": null,
        "受入対象者": null,
        "備考": ""
      }
    },
    {
      "type": "Feature",
      "geometry": {
        "type": "Point",
        "coordinates": [
          130.445907,
          31.343784
        ]
      },
      "properties": {
        "NO": "1706",
        "共通ID": "E4622300044111",
        "施設・場所名": "中福良地区公民館",
        "住所": "鹿児島県南九州市知覧町永里5677-1",
        "指定緊急避難場所との住所同一": "",
        "その他市町村長が必要と認める事項": null,
        "受入対象者": null,
        "備考": ""
      }
    },
    {
      "type": "Feature",
      "geometry": {
        "type": "Point",
        "coordinates": [
          130.397652,
          31.289145
        ]
      },
      "properties": {
        "NO": "1707",
        "共通ID": "E4622300045111",
        "施設・場所名": "松山小学校",
        "住所": "鹿児島県南九州市知覧町塩屋15026",
        "指定緊急避難場所との住所同一": "1",
        "その他市町村長が必要と認める事項": null,
        "受入対象者": null,
        "備考": ""
      }
    },
    {
      "type": "Feature",
      "geometry": {
        "type": "Point",
        "coordinates": [
          130.395791,
          31.288018
        ]
      },
      "properties": {
        "NO": "1708",
        "共通ID": "E4622300046111",
        "施設・場所名": "松山地区公民館",
        "住所": "鹿児島県南九州市知覧町塩屋15046",
        "指定緊急避難場所との住所同一": "1",
        "その他市町村長が必要と認める事項": null,
        "受入対象者": null,
        "備考": ""
      }
    },
    {
      "type": "Feature",
      "geometry": {
        "type": "Point",
        "coordinates": [
          130.375629,
          31.254132
        ]
      },
      "properties": {
        "NO": "1709",
        "共通ID": "E4622300049111",
        "施設・場所名": "西塩屋公民館",
        "住所": "鹿児島県南九州市知覧町塩屋28727-2",
        "指定緊急避難場所との住所同一": "",
        "その他市町村長が必要と認める事項": null,
        "受入対象者": null,
        "備考": ""
      }
    },
    {
      "type": "Feature",
      "geometry": {
        "type": "Point",
        "coordinates": [
          130.496279,
          31.395352
        ]
      },
      "properties": {
        "NO": "1710",
        "共通ID": "E4622300050111",
        "施設・場所名": "旧手蓑小学校",
        "住所": "鹿児島県南九州市知覧町郡10344",
        "指定緊急避難場所との住所同一": "",
        "その他市町村長が必要と認める事項": null,
        "受入対象者": null,
        "備考": ""
      }
    },
    {
      "type": "Feature",
      "geometry": {
        "type": "Point",
        "coordinates": [
          130.441333,
          31.379813
        ]
      },
      "properties": {
        "NO": "1711",
        "共通ID": "E4622300051111",
        "施設・場所名": "知覧地区公民館",
        "住所": "鹿児島県南九州市知覧町郡14110",
        "指定緊急避難場所との住所同一": "",
        "その他市町村長が必要と認める事項": null,
        "受入対象者": null,
        "備考": ""
      }
    },
    {
      "type": "Feature",
      "geometry": {
        "type": "Point",
        "coordinates": [
          130.440452,
          31.380111
        ]
      },
      "properties": {
        "NO": "1712",
        "共通ID": "E4622300052111",
        "施設・場所名": "知覧小学校",
        "住所": "鹿児島県南九州市知覧町郡14145-1",
        "指定緊急避難場所との住所同一": "1",
        "その他市町村長が必要と認める事項": null,
        "受入対象者": null,
        "備考": ""
      }
    },
    {
      "type": "Feature",
      "geometry": {
        "type": "Point",
        "coordinates": [
          130.433162,
          31.35538
        ]
      },
      "properties": {
        "NO": "1713",
        "共通ID": "E4622300053121",
        "施設・場所名": "知覧保健センター",
        "住所": "鹿児島県南九州市知覧町郡17530",
        "指定緊急避難場所との住所同一": "",
        "その他市町村長が必要と認める事項": null,
        "受入対象者": "要支援者",
        "備考": ""
      }
    },
    {
      "type": "Feature",
      "geometry": {
        "type": "Point",
        "coordinates": [
          130.433035,
          31.359493
        ]
      },
      "properties": {
        "NO": "1714",
        "共通ID": "E4622300054111",
        "施設・場所名": "知覧武道館",
        "住所": "鹿児島県南九州市知覧町郡17753-1",
        "指定緊急避難場所との住所同一": "1",
        "その他市町村長が必要と認める事項": null,
        "受入対象者": null,
        "備考": ""
      }
    },
    {
      "type": "Feature",
      "geometry": {
        "type": "Point",
        "coordinates": [
          130.433411,
          31.362934
        ]
      },
      "properties": {
        "NO": "1715",
        "共通ID": "E4622300055111",
        "施設・場所名": "知覧文化会館",
        "住所": "鹿児島県南九州市知覧町郡17880",
        "指定緊急避難場所との住所同一": "1",
        "その他市町村長が必要と認める事項": null,
        "受入対象者": null,
        "備考": ""
      }
    },
    {
      "type": "Feature",
      "geometry": {
        "type": "Point",
        "coordinates": [
          130.436818,
          31.374975
        ]
      },
      "properties": {
        "NO": "1716",
        "共通ID": "E4622300056111",
        "施設・場所名": "薩南工業高等学校",
        "住所": "鹿児島県南九州市知覧町郡5232",
        "指定緊急避難場所との住所同一": "1",
        "その他市町村長が必要と認める事項": null,
        "受入対象者": null,
        "備考": ""
      }
    },
    {
      "type": "Feature",
      "geometry": {
        "type": "Point",
        "coordinates": [
          130.440993,
          31.378522
        ]
      },
      "properties": {
        "NO": "1717",
        "共通ID": "E4622300057111",
        "施設・場所名": "ちらん夢郷館",
        "住所": "鹿児島県南九州市知覧町郡6209-1",
        "指定緊急避難場所との住所同一": "1",
        "その他市町村長が必要と認める事項": null,
        "受入対象者": null,
        "備考": ""
      }
    },
    {
      "type": "Feature",
      "geometry": {
        "type": "Point",
        "coordinates": [
          130.505869,
          31.402614
        ]
      },
      "properties": {
        "NO": "1718",
        "共通ID": "E4622300069111",
        "施設・場所名": "地域福祉交流プラザ敬和ホール",
        "住所": "鹿児島県南九州市知覧町郡9047",
        "指定緊急避難場所との住所同一": "",
        "その他市町村長が必要と認める事項": "",
        "受入対象者": "",
        "備考": ""
      }
    },
    {
      "type": "Feature",
      "geometry": {
        "type": "Point",
        "coordinates": [
          130.49757,
          31.397741
        ]
      },
      "properties": {
        "NO": "1719",
        "共通ID": "E4622300058111",
        "施設・場所名": "手蓑集落公民館",
        "住所": "鹿児島県南九州市知覧町郡9534-6",
        "指定緊急避難場所との住所同一": "1",
        "その他市町村長が必要と認める事項": null,
        "受入対象者": null,
        "備考": ""
      }
    },
    {
      "type": "Feature",
      "geometry": {
        "type": "Point",
        "coordinates": [
          130.440162,
          31.389915
        ]
      },
      "properties": {
        "NO": "1720",
        "共通ID": "E4622300059111",
        "施設・場所名": "厚地公民館",
        "住所": "鹿児島県南九州市知覧町厚地18-1",
        "指定緊急避難場所との住所同一": "",
        "その他市町村長が必要と認める事項": null,
        "受入対象者": null,
        "備考": ""
      }
    },
    {
      "type": "Feature",
      "geometry": {
        "type": "Point",
        "coordinates": [
          130.422499,
          31.346442
        ]
      },
      "properties": {
        "NO": "1721",
        "共通ID": "E4622300060111",
        "施設・場所名": "知覧中学校",
        "住所": "鹿児島県南九州市知覧町西元4160",
        "指定緊急避難場所との住所同一": "1",
        "その他市町村長が必要と認める事項": null,
        "受入対象者": null,
        "備考": ""
      }
    },
    {
      "type": "Feature",
      "geometry": {
        "type": "Point",
        "coordinates": [
          130.418287,
          31.339297
        ]
      },
      "properties": {
        "NO": "1722",
        "共通ID": "E4622300061111",
        "施設・場所名": "霜出地区公民館",
        "住所": "鹿児島県南九州市知覧町西元5496-1",
        "指定緊急避難場所との住所同一": "",
        "その他市町村長が必要と認める事項": null,
        "受入対象者": null,
        "備考": ""
      }
    },
    {
      "type": "Feature",
      "geometry": {
        "type": "Point",
        "coordinates": [
          130.417061,
          31.337066
        ]
      },
      "properties": {
        "NO": "1723",
        "共通ID": "E4622300062111",
        "施設・場所名": "霜出小学校",
        "住所": "鹿児島県南九州市知覧町西元5656-1",
        "指定緊急避難場所との住所同一": "1",
        "その他市町村長が必要と認める事項": null,
        "受入対象者": null,
        "備考": ""
      }
    },
    {
      "type": "Feature",
      "geometry": {
        "type": "Point",
        "coordinates": [
          130.441497,
          31.315445
        ]
      },
      "properties": {
        "NO": "1724",
        "共通ID": "E4622300063111",
        "施設・場所名": "浮辺小学校",
        "住所": "鹿児島県南九州市知覧町東別府9564",
        "指定緊急避難場所との住所同一": "1",
        "その他市町村長が必要と認める事項": null,
        "受入対象者": null,
        "備考": ""
      }
    },
    {
      "type": "Feature",
      "geometry": {
        "type": "Point",
        "coordinates": [
          130.442928,
          31.319209
        ]
      },
      "properties": {
        "NO": "1725",
        "共通ID": "E4622300064111",
        "施設・場所名": "浮辺地区公民館",
        "住所": "鹿児島県南九州市知覧町東別府9814",
        "指定緊急避難場所との住所同一": "1",
        "その他市町村長が必要と認める事項": null,
        "受入対象者": null,
        "備考": ""
      }
    },
    {
      "type": "Feature",
      "geometry": {
        "type": "Point",
        "coordinates": [
          130.40651,
          31.254276
        ]
      },
      "properties": {
        "NO": "1726",
        "共通ID": "E4622300065111",
        "施設・場所名": "門之浦公民館",
        "住所": "鹿児島県南九州市知覧町南別府22942-3",
        "指定緊急避難場所との住所同一": "1",
        "その他市町村長が必要と認める事項": null,
        "受入対象者": null,
        "備考": ""
      }
    },
    {
      "type": "Feature",
      "geometry": {
        "type": "Point",
        "coordinates": [
          130.393138,
          31.25756
        ]
      },
      "properties": {
        "NO": "1727",
        "共通ID": "E4622300066111",
        "施設・場所名": "松ヶ浦小学校",
        "住所": "鹿児島県南九州市知覧町南別府24941-1",
        "指定緊急避難場所との住所同一": "1",
        "その他市町村長が必要と認める事項": null,
        "受入対象者": null,
        "備考": ""
      }
    },
    {
      "type": "Feature",
      "geometry": {
        "type": "Point",
        "coordinates": [
          130.396412,
          31.256027
        ]
      },
      "properties": {
        "NO": "1728",
        "共通ID": "E4622300067111",
        "施設・場所名": "松ヶ浦地区公民館",
        "住所": "鹿児島県南九州市知覧町南別府25159",
        "指定緊急避難場所との住所同一": "1",
        "その他市町村長が必要と認める事項": null,
        "受入対象者": null,
        "備考": ""
      }
    },
    {
      "type": "Feature",
      "geometry": {
        "type": "Point",
        "coordinates": [
          130.384861,
          31.255453
        ]
      },
      "properties": {
        "NO": "1729",
        "共通ID": "E4622300068111",
        "施設・場所名": "塩屋分団拠点施設",
        "住所": "鹿児島県南九州市知覧町南別府26637-1",
        "指定緊急避難場所との住所同一": "1",
        "その他市町村長が必要と認める事項": null,
        "受入対象者": null,
        "備考": ""
      }
    },
    {
      "type": "Feature",
      "geometry": {
        "type": "Point",
        "coordinates": [
          130.943529,
          30.388485
        ]
      },
      "properties": {
        "NO": "1730",
        "共通ID": "E4650200001111",
        "施設・場所名": "茎永地区公民館",
        "住所": "鹿児島県南種子町茎永194-1",
        "指定緊急避難場所との住所同一": "1",
        "その他市町村長が必要と認める事項": null,
        "受入対象者": null,
        "備考": ""
      }
    },
    {
      "type": "Feature",
      "geometry": {
        "type": "Point",
        "coordinates": [
          130.942066,
          30.390884
        ]
      },
      "properties": {
        "NO": "1731",
        "共通ID": "E4650200002111",
        "施設・場所名": "茎南小学校",
        "住所": "鹿児島県南種子町茎永655",
        "指定緊急避難場所との住所同一": "1",
        "その他市町村長が必要と認める事項": null,
        "受入対象者": null,
        "備考": ""
      }
    },
    {
      "type": "Feature",
      "geometry": {
        "type": "Point",
        "coordinates": [
          130.88189,
          30.370859
        ]
      },
      "properties": {
        "NO": "1732",
        "共通ID": "E4650200003111",
        "施設・場所名": "西野小学校",
        "住所": "鹿児島県南種子町西之1667",
        "指定緊急避難場所との住所同一": "1",
        "その他市町村長が必要と認める事項": null,
        "受入対象者": null,
        "備考": ""
      }
    },
    {
      "type": "Feature",
      "geometry": {
        "type": "Point",
        "coordinates": [
          130.879699,
          30.371359
        ]
      },
      "properties": {
        "NO": "1733",
        "共通ID": "E4650200004111",
        "施設・場所名": "西之地区公民館",
        "住所": "鹿児島県南種子町西之1864-7",
        "指定緊急避難場所との住所同一": "1",
        "その他市町村長が必要と認める事項": null,
        "受入対象者": null,
        "備考": ""
      }
    },
    {
      "type": "Feature",
      "geometry": {
        "type": "Point",
        "coordinates": [
          130.910616,
          30.375175
        ]
      },
      "properties": {
        "NO": "1734",
        "共通ID": "E4650200005111",
        "施設・場所名": "花峰小学校",
        "住所": "鹿児島県南種子町中之下1173",
        "指定緊急避難場所との住所同一": "1",
        "その他市町村長が必要と認める事項": null,
        "受入対象者": null,
        "備考": ""
      }
    },
    {
      "type": "Feature",
      "geometry": {
        "type": "Point",
        "coordinates": [
          130.909763,
          30.374737
        ]
      },
      "properties": {
        "NO": "1735",
        "共通ID": "E4650200006111",
        "施設・場所名": "下中地区公民館",
        "住所": "鹿児島県南種子町中之下1191-1",
        "指定緊急避難場所との住所同一": "1",
        "その他市町村長が必要と認める事項": null,
        "受入対象者": null,
        "備考": ""
      }
    },
    {
      "type": "Feature",
      "geometry": {
        "type": "Point",
        "coordinates": [
          130.900341,
          30.401585
        ]
      },
      "properties": {
        "NO": "1736",
        "共通ID": "E4650200007111",
        "施設・場所名": "南種子中学校",
        "住所": "鹿児島県南種子町中之下1900",
        "指定緊急避難場所との住所同一": "1",
        "その他市町村長が必要と認める事項": null,
        "受入対象者": null,
        "備考": ""
      }
    },
    {
      "type": "Feature",
      "geometry": {
        "type": "Point",
        "coordinates": [
          130.914164,
          30.437333
        ]
      },
      "properties": {
        "NO": "1737",
        "共通ID": "E4650200008111",
        "施設・場所名": "公立種子島病院",
        "住所": "鹿児島県南種子町中之上1700-22",
        "指定緊急避難場所との住所同一": "1",
        "その他市町村長が必要と認める事項": null,
        "受入対象者": null,
        "備考": ""
      }
    },
    {
      "type": "Feature",
      "geometry": {
        "type": "Point",
        "coordinates": [
          130.91311,
          30.436316
        ]
      },
      "properties": {
        "NO": "1738",
        "共通ID": "E4650200024121",
        "施設・場所名": "特別養護老人ホーム　芙蓉苑",
        "住所": "鹿児島県南種子町中之上1702-4",
        "指定緊急避難場所との住所同一": "",
        "その他市町村長が必要と認める事項": "",
        "受入対象者": "高齢者",
        "備考": ""
      }
    },
    {
      "type": "Feature",
      "geometry": {
        "type": "Point",
        "coordinates": [
          130.913099,
          30.436302
        ]
      },
      "properties": {
        "NO": "1739",
        "共通ID": "E4650200024123",
        "施設・場所名": "グループホーム　あじさい",
        "住所": "鹿児島県南種子町中之上1702-4",
        "指定緊急避難場所との住所同一": "",
        "その他市町村長が必要と認める事項": "",
        "受入対象者": "高齢者",
        "備考": ""
      }
    },
    {
      "type": "Feature",
      "geometry": {
        "type": "Point",
        "coordinates": [
          130.913103,
          30.436372
        ]
      },
      "properties": {
        "NO": "1740",
        "共通ID": "E4650200024122",
        "施設・場所名": "特別養護老人ホーム　長谷の里",
        "住所": "鹿児島県南種子町中之上1702-4",
        "指定緊急避難場所との住所同一": "",
        "その他市町村長が必要と認める事項": "",
        "受入対象者": "高齢者",
        "備考": ""
      }
    },
    {
      "type": "Feature",
      "geometry": {
        "type": "Point",
        "coordinates": [
          130.907788,
          30.447964
        ]
      },
      "properties": {
        "NO": "1741",
        "共通ID": "E4650200009111",
        "施設・場所名": "長谷地区公民館",
        "住所": "鹿児島県南種子町中之上1794",
        "指定緊急避難場所との住所同一": "1",
        "その他市町村長が必要と認める事項": null,
        "受入対象者": null,
        "備考": ""
      }
    },
    {
      "type": "Feature",
      "geometry": {
        "type": "Point",
        "coordinates": [
          130.909512,
          30.4478
        ]
      },
      "properties": {
        "NO": "1742",
        "共通ID": "E4650200010111",
        "施設・場所名": "長谷小学校",
        "住所": "鹿児島県南種子町中之上1794-2",
        "指定緊急避難場所との住所同一": "1",
        "その他市町村長が必要と認める事項": null,
        "受入対象者": null,
        "備考": ""
      }
    },
    {
      "type": "Feature",
      "geometry": {
        "type": "Point",
        "coordinates": [
          130.903607,
          30.413349
        ]
      },
      "properties": {
        "NO": "1743",
        "共通ID": "E4650200011111",
        "施設・場所名": "町福祉センター",
        "住所": "鹿児島県南種子町中之上2283",
        "指定緊急避難場所との住所同一": "1",
        "その他市町村長が必要と認める事項": null,
        "受入対象者": null,
        "備考": ""
      }
    },
    {
      "type": "Feature",
      "geometry": {
        "type": "Point",
        "coordinates": [
          130.903532,
          30.412937
        ]
      },
      "properties": {
        "NO": "1744",
        "共通ID": "E4650200012111",
        "施設・場所名": "町トレーニングセンター",
        "住所": "鹿児島県南種子町中之上2293-5",
        "指定緊急避難場所との住所同一": "1",
        "その他市町村長が必要と認める事項": null,
        "受入対象者": null,
        "備考": ""
      }
    },
    {
      "type": "Feature",
      "geometry": {
        "type": "Point",
        "coordinates": [
          130.902197,
          30.413346
        ]
      },
      "properties": {
        "NO": "1745",
        "共通ID": "E4650200013111",
        "施設・場所名": "町中央公民館",
        "住所": "鹿児島県南種子町中之上2420-2",
        "指定緊急避難場所との住所同一": "1",
        "その他市町村長が必要と認める事項": "",
        "受入対象者": "",
        "備考": ""
      }
    },
    {
      "type": "Feature",
      "geometry": {
        "type": "Point",
        "coordinates": [
          130.902486,
          30.415898
        ]
      },
      "properties": {
        "NO": "1746",
        "共通ID": "E4650200014111",
        "施設・場所名": "中平小学校",
        "住所": "鹿児島県南種子町中之上2427",
        "指定緊急避難場所との住所同一": "1",
        "その他市町村長が必要と認める事項": null,
        "受入対象者": null,
        "備考": ""
      }
    },
    {
      "type": "Feature",
      "geometry": {
        "type": "Point",
        "coordinates": [
          130.918873,
          30.40656
        ]
      },
      "properties": {
        "NO": "1747",
        "共通ID": "E4650200016111",
        "施設・場所名": "河内温泉センター",
        "住所": "鹿児島県南種子町中之上341",
        "指定緊急避難場所との住所同一": "1",
        "その他市町村長が必要と認める事項": null,
        "受入対象者": null,
        "備考": ""
      }
    },
    {
      "type": "Feature",
      "geometry": {
        "type": "Point",
        "coordinates": [
          130.867083,
          30.418397
        ]
      },
      "properties": {
        "NO": "1748",
        "共通ID": "E4650200017111",
        "施設・場所名": "西海地区公民館",
        "住所": "鹿児島県南種子町中之上3672-2",
        "指定緊急避難場所との住所同一": "1",
        "その他市町村長が必要と認める事項": "",
        "受入対象者": "",
        "備考": ""
      }
    },
    {
      "type": "Feature",
      "geometry": {
        "type": "Point",
        "coordinates": [
          130.865613,
          30.418467
        ]
      },
      "properties": {
        "NO": "1749",
        "共通ID": "E4650200018111",
        "施設・場所名": "大川小学校",
        "住所": "鹿児島県南種子町中之上3698",
        "指定緊急避難場所との住所同一": "1",
        "その他市町村長が必要と認める事項": null,
        "受入対象者": null,
        "備考": ""
      }
    },
    {
      "type": "Feature",
      "geometry": {
        "type": "Point",
        "coordinates": [
          130.861578,
          30.463166
        ]
      },
      "properties": {
        "NO": "1750",
        "共通ID": "E4650200019111",
        "施設・場所名": "仲之町公民館",
        "住所": "鹿児島県南種子町島間175-2",
        "指定緊急避難場所との住所同一": "1",
        "その他市町村長が必要と認める事項": null,
        "受入対象者": null,
        "備考": ""
      }
    },
    {
      "type": "Feature",
      "geometry": {
        "type": "Point",
        "coordinates": [
          130.876709,
          30.467012
        ]
      },
      "properties": {
        "NO": "1751",
        "共通ID": "E4650200020111",
        "施設・場所名": "島間小学校",
        "住所": "鹿児島県南種子町島間3611",
        "指定緊急避難場所との住所同一": "1",
        "その他市町村長が必要と認める事項": null,
        "受入対象者": null,
        "備考": ""
      }
    },
    {
      "type": "Feature",
      "geometry": {
        "type": "Point",
        "coordinates": [
          130.871079,
          30.462254
        ]
      },
      "properties": {
        "NO": "1752",
        "共通ID": "E4650200021111",
        "施設・場所名": "町自然の家",
        "住所": "鹿児島県南種子町島間5660-14",
        "指定緊急避難場所との住所同一": "1",
        "その他市町村長が必要と認める事項": null,
        "受入対象者": null,
        "備考": ""
      }
    },
    {
      "type": "Feature",
      "geometry": {
        "type": "Point",
        "coordinates": [
          130.958132,
          30.434259
        ]
      },
      "properties": {
        "NO": "1753",
        "共通ID": "E4650200022111",
        "施設・場所名": "平山地区公民館",
        "住所": "鹿児島県南種子町平山153",
        "指定緊急避難場所との住所同一": "1",
        "その他市町村長が必要と認める事項": null,
        "受入対象者": null,
        "備考": ""
      }
    },
    {
      "type": "Feature",
      "geometry": {
        "type": "Point",
        "coordinates": [
          130.958967,
          30.434666
        ]
      },
      "properties": {
        "NO": "1754",
        "共通ID": "E4650200023111",
        "施設・場所名": "平山小学校",
        "住所": "鹿児島県南種子町平山1622",
        "指定緊急避難場所との住所同一": "1",
        "その他市町村長が必要と認める事項": null,
        "受入対象者": null,
        "備考": ""
      }
    },
    {
      "type": "Feature",
      "geometry": {
        "type": "Point",
        "coordinates": [
          130.803767,
          31.183226
        ]
      },
      "properties": {
        "NO": "1755",
        "共通ID": "E4649100001111",
        "施設・場所名": "横ビュー高原ふれあい館",
        "住所": "鹿児島県南大隅町根占横別府1920",
        "指定緊急避難場所との住所同一": "1",
        "その他市町村長が必要と認める事項": null,
        "受入対象者": null,
        "備考": ""
      }
    },
    {
      "type": "Feature",
      "geometry": {
        "type": "Point",
        "coordinates": [
          130.765651,
          31.189688
        ]
      },
      "properties": {
        "NO": "1756",
        "共通ID": "E4649100004111",
        "施設・場所名": "旧宮田小学校",
        "住所": "鹿児島県南大隅町根占山本7065",
        "指定緊急避難場所との住所同一": "1",
        "その他市町村長が必要と認める事項": null,
        "受入対象者": null,
        "備考": ""
      }
    },
    {
      "type": "Feature",
      "geometry": {
        "type": "Point",
        "coordinates": [
          130.778136,
          31.211486
        ]
      },
      "properties": {
        "NO": "1757",
        "共通ID": "E4649100005112",
        "施設・場所名": "老人福祉センター",
        "住所": "鹿児島県南大隅町根占川南3256-3",
        "指定緊急避難場所との住所同一": "1",
        "その他市町村長が必要と認める事項": null,
        "受入対象者": null,
        "備考": ""
      }
    },
    {
      "type": "Feature",
      "geometry": {
        "type": "Point",
        "coordinates": [
          130.7783,
          31.211777
        ]
      },
      "properties": {
        "NO": "1758",
        "共通ID": "E4649100005111",
        "施設・場所名": "川南地区集会施設",
        "住所": "鹿児島県南大隅町根占川南3256-3",
        "指定緊急避難場所との住所同一": "1",
        "その他市町村長が必要と認める事項": null,
        "受入対象者": null,
        "備考": ""
      }
    },
    {
      "type": "Feature",
      "geometry": {
        "type": "Point",
        "coordinates": [
          130.772099,
          31.21598
        ]
      },
      "properties": {
        "NO": "1759",
        "共通ID": "E4649100006111",
        "施設・場所名": "神山小学校",
        "住所": "鹿児島県南大隅町根占川北1250",
        "指定緊急避難場所との住所同一": "1",
        "その他市町村長が必要と認める事項": null,
        "受入対象者": null,
        "備考": ""
      }
    },
    {
      "type": "Feature",
      "geometry": {
        "type": "Point",
        "coordinates": [
          130.773673,
          31.213182
        ]
      },
      "properties": {
        "NO": "1760",
        "共通ID": "E4649100007111",
        "施設・場所名": "鹿児島きもつき農協根占支所",
        "住所": "鹿児島県南大隅町根占川北1729",
        "指定緊急避難場所との住所同一": "1",
        "その他市町村長が必要と認める事項": null,
        "受入対象者": null,
        "備考": ""
      }
    },
    {
      "type": "Feature",
      "geometry": {
        "type": "Point",
        "coordinates": [
          130.767256,
          31.217491
        ]
      },
      "properties": {
        "NO": "1761",
        "共通ID": "E4649100008111",
        "施設・場所名": "南大隅町体育館",
        "住所": "鹿児島県南大隅町根占川北199",
        "指定緊急避難場所との住所同一": "1",
        "その他市町村長が必要と認める事項": null,
        "受入対象者": null,
        "備考": ""
      }
    },
    {
      "type": "Feature",
      "geometry": {
        "type": "Point",
        "coordinates": [
          130.767982,
          31.217684
        ]
      },
      "properties": {
        "NO": "1762",
        "共通ID": "E4649100009111",
        "施設・場所名": "根占保健センター",
        "住所": "鹿児島県南大隅町根占川北226",
        "指定緊急避難場所との住所同一": "1",
        "その他市町村長が必要と認める事項": null,
        "受入対象者": null,
        "備考": ""
      }
    },
    {
      "type": "Feature",
      "geometry": {
        "type": "Point",
        "coordinates": [
          130.768463,
          31.216865
        ]
      },
      "properties": {
        "NO": "1763",
        "共通ID": "E4649100009112",
        "施設・場所名": "南大隅町武道館",
        "住所": "鹿児島県南大隅町根占川北226",
        "指定緊急避難場所との住所同一": "1",
        "その他市町村長が必要と認める事項": null,
        "受入対象者": null,
        "備考": ""
      }
    },
    {
      "type": "Feature",
      "geometry": {
        "type": "Point",
        "coordinates": [
          130.809426,
          31.222405
        ]
      },
      "properties": {
        "NO": "1764",
        "共通ID": "E4649100010111",
        "施設・場所名": "農村集落多目的共同利用施設",
        "住所": "鹿児島県南大隅町根占川北8284-1",
        "指定緊急避難場所との住所同一": "1",
        "その他市町村長が必要と認める事項": null,
        "受入対象者": null,
        "備考": ""
      }
    },
    {
      "type": "Feature",
      "geometry": {
        "type": "Point",
        "coordinates": [
          130.751257,
          31.139741
        ]
      },
      "properties": {
        "NO": "1765",
        "共通ID": "E4649100013111",
        "施設・場所名": "旧登尾小学校",
        "住所": "鹿児島県南大隅町根占辺田3310",
        "指定緊急避難場所との住所同一": "1",
        "その他市町村長が必要と認める事項": null,
        "受入対象者": null,
        "備考": ""
      }
    },
    {
      "type": "Feature",
      "geometry": {
        "type": "Point",
        "coordinates": [
          130.733789,
          31.118261
        ]
      },
      "properties": {
        "NO": "1766",
        "共通ID": "E4649100014111",
        "施設・場所名": "大川公民館",
        "住所": "鹿児島県南大隅町根占辺田4740-1",
        "指定緊急避難場所との住所同一": "1",
        "その他市町村長が必要と認める事項": null,
        "受入対象者": null,
        "備考": ""
      }
    },
    {
      "type": "Feature",
      "geometry": {
        "type": "Point",
        "coordinates": [
          130.755375,
          31.119821
        ]
      },
      "properties": {
        "NO": "1767",
        "共通ID": "E4649100015111",
        "施設・場所名": "旧辺田別府分校",
        "住所": "鹿児島県南大隅町根占辺田5878",
        "指定緊急避難場所との住所同一": "1",
        "その他市町村長が必要と認める事項": null,
        "受入対象者": null,
        "備考": ""
      }
    },
    {
      "type": "Feature",
      "geometry": {
        "type": "Point",
        "coordinates": [
          130.679369,
          31.064594
        ]
      },
      "properties": {
        "NO": "1768",
        "共通ID": "E4649100017111",
        "施設・場所名": "島泊体育館",
        "住所": "鹿児島県南大隅町佐多伊座敷315-3",
        "指定緊急避難場所との住所同一": "1",
        "その他市町村長が必要と認める事項": null,
        "受入対象者": null,
        "備考": ""
      }
    },
    {
      "type": "Feature",
      "geometry": {
        "type": "Point",
        "coordinates": [
          130.699636,
          31.089163
        ]
      },
      "properties": {
        "NO": "1769",
        "共通ID": "E4649100018111",
        "施設・場所名": "第一佐多中学校",
        "住所": "鹿児島県南大隅町佐多伊座敷3470",
        "指定緊急避難場所との住所同一": "1",
        "その他市町村長が必要と認める事項": null,
        "受入対象者": null,
        "備考": ""
      }
    },
    {
      "type": "Feature",
      "geometry": {
        "type": "Point",
        "coordinates": [
          130.698114,
          31.08898
        ]
      },
      "properties": {
        "NO": "1770",
        "共通ID": "E4649100019111",
        "施設・場所名": "佐多交流施設",
        "住所": "鹿児島県南大隅町佐多伊座敷3474",
        "指定緊急避難場所との住所同一": "1",
        "その他市町村長が必要と認める事項": null,
        "受入対象者": null,
        "備考": ""
      }
    },
    {
      "type": "Feature",
      "geometry": {
        "type": "Point",
        "coordinates": [
          130.695164,
          31.092021
        ]
      },
      "properties": {
        "NO": "1771",
        "共通ID": "E4649100020111",
        "施設・場所名": "佐多小学校",
        "住所": "鹿児島県南大隅町佐多伊座敷3531",
        "指定緊急避難場所との住所同一": "1",
        "その他市町村長が必要と認める事項": null,
        "受入対象者": null,
        "備考": ""
      }
    },
    {
      "type": "Feature",
      "geometry": {
        "type": "Point",
        "coordinates": [
          130.774053,
          31.111048
        ]
      },
      "properties": {
        "NO": "1772",
        "共通ID": "E4649100023111",
        "施設・場所名": "旧大中尾小学校",
        "住所": "鹿児島県南大隅町佐多伊座敷5929-405",
        "指定緊急避難場所との住所同一": "1",
        "その他市町村長が必要と認める事項": null,
        "受入対象者": null,
        "備考": ""
      }
    },
    {
      "type": "Feature",
      "geometry": {
        "type": "Point",
        "coordinates": [
          130.731729,
          31.066488
        ]
      },
      "properties": {
        "NO": "1773",
        "共通ID": "E4649100039111",
        "施設・場所名": "旧郡小学校",
        "住所": "鹿児島県南大隅町佐多郡1456",
        "指定緊急避難場所との住所同一": "1",
        "その他市町村長が必要と認める事項": "",
        "受入対象者": "",
        "備考": ""
      }
    },
    {
      "type": "Feature",
      "geometry": {
        "type": "Point",
        "coordinates": [
          130.722063,
          31.047865
        ]
      },
      "properties": {
        "NO": "1774",
        "共通ID": "E4649100040111",
        "施設・場所名": "旧竹之浦小学校",
        "住所": "鹿児島県南大隅町佐多郡405",
        "指定緊急避難場所との住所同一": "1",
        "その他市町村長が必要と認める事項": "",
        "受入対象者": "",
        "備考": ""
      }
    },
    {
      "type": "Feature",
      "geometry": {
        "type": "Point",
        "coordinates": [
          130.683625,
          31.025974
        ]
      },
      "properties": {
        "NO": "1775",
        "共通ID": "E4649100032111",
        "施設・場所名": "旧大泊小学校",
        "住所": "鹿児島県南大隅町佐多馬籠595",
        "指定緊急避難場所との住所同一": "",
        "その他市町村長が必要と認める事項": null,
        "受入対象者": null,
        "備考": ""
      }
    },
    {
      "type": "Feature",
      "geometry": {
        "type": "Point",
        "coordinates": [
          130.8272,
          31.095159
        ]
      },
      "properties": {
        "NO": "1776",
        "共通ID": "E4649100036111",
        "施設・場所名": "旧辺塚小学校",
        "住所": "鹿児島県南大隅町佐多辺塚441-1",
        "指定緊急避難場所との住所同一": "1",
        "その他市町村長が必要と認める事項": null,
        "受入対象者": null,
        "備考": ""
      }
    },
    {
      "type": "Feature",
      "geometry": {
        "type": "Point",
        "coordinates": [
          130.401993,
          31.652172
        ]
      },
      "properties": {
        "NO": "1777",
        "共通ID": "E4621600001111",
        "施設・場所名": "伊集院北地区公民館",
        "住所": "鹿児島県日置市伊集院町下神殿1147-1",
        "指定緊急避難場所との住所同一": "1",
        "その他市町村長が必要と認める事項": "",
        "受入対象者": "",
        "備考": ""
      }
    },
    {
      "type": "Feature",
      "geometry": {
        "type": "Point",
        "coordinates": [
          130.402331,
          31.652335
        ]
      },
      "properties": {
        "NO": "1778",
        "共通ID": "E4621600002111",
        "施設・場所名": "伊集院北中学校体育館",
        "住所": "鹿児島県日置市伊集院町下神殿1154",
        "指定緊急避難場所との住所同一": "1",
        "その他市町村長が必要と認める事項": null,
        "受入対象者": null,
        "備考": ""
      }
    },
    {
      "type": "Feature",
      "geometry": {
        "type": "Point",
        "coordinates": [
          130.416091,
          31.65418
        ]
      },
      "properties": {
        "NO": "1779",
        "共通ID": "E4621600003111",
        "施設・場所名": "伊集院北小学校体育館",
        "住所": "鹿児島県日置市伊集院町下神殿1995-1",
        "指定緊急避難場所との住所同一": "1",
        "その他市町村長が必要と認める事項": null,
        "受入対象者": null,
        "備考": ""
      }
    },
    {
      "type": "Feature",
      "geometry": {
        "type": "Point",
        "coordinates": [
          130.394711,
          31.623375
        ]
      },
      "properties": {
        "NO": "1780",
        "共通ID": "E4621600075111",
        "施設・場所名": "伊集院中学校体育館",
        "住所": "鹿児島県日置市伊集院町下谷口1547",
        "指定緊急避難場所との住所同一": "1",
        "その他市町村長が必要と認める事項": null,
        "受入対象者": null,
        "備考": ""
      }
    },
    {
      "type": "Feature",
      "geometry": {
        "type": "Point",
        "coordinates": [
          130.394664,
          31.625409
        ]
      },
      "properties": {
        "NO": "1781",
        "共通ID": "E4621600004111",
        "施設・場所名": "伊集院武道館",
        "住所": "鹿児島県日置市伊集院町下谷口1786",
        "指定緊急避難場所との住所同一": "1",
        "その他市町村長が必要と認める事項": null,
        "受入対象者": null,
        "備考": ""
      }
    },
    {
      "type": "Feature",
      "geometry": {
        "type": "Point",
        "coordinates": [
          130.394958,
          31.626562
        ]
      },
      "properties": {
        "NO": "1782",
        "共通ID": "E4621600005111",
        "施設・場所名": "伊集院小学校体育館",
        "住所": "鹿児島県日置市伊集院町下谷口1836-1",
        "指定緊急避難場所との住所同一": "1",
        "その他市町村長が必要と認める事項": null,
        "受入対象者": null,
        "備考": ""
      }
    },
    {
      "type": "Feature",
      "geometry": {
        "type": "Point",
        "coordinates": [
          130.394966,
          31.626212
        ]
      },
      "properties": {
        "NO": "1783",
        "共通ID": "E4621600006111",
        "施設・場所名": "伊集院地区公民館",
        "住所": "鹿児島県日置市伊集院町下谷口1857",
        "指定緊急避難場所との住所同一": "1",
        "その他市町村長が必要と認める事項": null,
        "受入対象者": null,
        "備考": ""
      }
    },
    {
      "type": "Feature",
      "geometry": {
        "type": "Point",
        "coordinates": [
          130.402803,
          31.634055
        ]
      },
      "properties": {
        "NO": "1784",
        "共通ID": "E4621600007111",
        "施設・場所名": "中央公民館",
        "住所": "鹿児島県日置市伊集院町郡1-100",
        "指定緊急避難場所との住所同一": "1",
        "その他市町村長が必要と認める事項": null,
        "受入対象者": null,
        "備考": ""
      }
    },
    {
      "type": "Feature",
      "geometry": {
        "type": "Point",
        "coordinates": [
          130.399531,
          31.635147
        ]
      },
      "properties": {
        "NO": "1785",
        "共通ID": "E4621600008111",
        "施設・場所名": "伊集院高等学校体育館",
        "住所": "鹿児島県日置市伊集院町郡1984",
        "指定緊急避難場所との住所同一": "1",
        "その他市町村長が必要と認める事項": null,
        "受入対象者": null,
        "備考": ""
      }
    },
    {
      "type": "Feature",
      "geometry": {
        "type": "Point",
        "coordinates": [
          130.411925,
          31.627076
        ]
      },
      "properties": {
        "NO": "1786",
        "共通ID": "E4621600009111",
        "施設・場所名": "鹿児島城西高等学校体育館",
        "住所": "鹿児島県日置市伊集院町清藤1938",
        "指定緊急避難場所との住所同一": "1",
        "その他市町村長が必要と認める事項": null,
        "受入対象者": null,
        "備考": ""
      }
    },
    {
      "type": "Feature",
      "geometry": {
        "type": "Point",
        "coordinates": [
          130.447736,
          31.63592
        ]
      },
      "properties": {
        "NO": "1787",
        "共通ID": "E4621600010111",
        "施設・場所名": "土橋中学校体育館",
        "住所": "鹿児島県日置市伊集院町土橋1350",
        "指定緊急避難場所との住所同一": "1",
        "その他市町村長が必要と認める事項": null,
        "受入対象者": null,
        "備考": ""
      }
    },
    {
      "type": "Feature",
      "geometry": {
        "type": "Point",
        "coordinates": [
          130.447249,
          31.639184
        ]
      },
      "properties": {
        "NO": "1788",
        "共通ID": "E4621600011111",
        "施設・場所名": "土橋小学校体育館",
        "住所": "鹿児島県日置市伊集院町土橋1377",
        "指定緊急避難場所との住所同一": "1",
        "その他市町村長が必要と認める事項": null,
        "受入対象者": null,
        "備考": ""
      }
    },
    {
      "type": "Feature",
      "geometry": {
        "type": "Point",
        "coordinates": [
          130.390932,
          31.606435
        ]
      },
      "properties": {
        "NO": "1789",
        "共通ID": "E4621600012111",
        "施設・場所名": "飯牟礼小学校体育館",
        "住所": "鹿児島県日置市伊集院町飯牟礼1049-1",
        "指定緊急避難場所との住所同一": "1",
        "その他市町村長が必要と認める事項": null,
        "受入対象者": null,
        "備考": ""
      }
    },
    {
      "type": "Feature",
      "geometry": {
        "type": "Point",
        "coordinates": [
          130.391573,
          31.604766
        ]
      },
      "properties": {
        "NO": "1790",
        "共通ID": "E4621600013111",
        "施設・場所名": "飯牟礼地区公民館",
        "住所": "鹿児島県日置市伊集院町飯牟礼910",
        "指定緊急避難場所との住所同一": "1",
        "その他市町村長が必要と認める事項": null,
        "受入対象者": null,
        "備考": ""
      }
    },
    {
      "type": "Feature",
      "geometry": {
        "type": "Point",
        "coordinates": [
          130.399692,
          31.645532
        ]
      },
      "properties": {
        "NO": "1791",
        "共通ID": "E4621600014111",
        "施設・場所名": "妙円寺小学校体育館",
        "住所": "鹿児島県日置市伊集院町妙円寺1-112",
        "指定緊急避難場所との住所同一": "1",
        "その他市町村長が必要と認める事項": null,
        "受入対象者": null,
        "備考": ""
      }
    },
    {
      "type": "Feature",
      "geometry": {
        "type": "Point",
        "coordinates": [
          130.395129,
          31.645654
        ]
      },
      "properties": {
        "NO": "1792",
        "共通ID": "E4621600015111",
        "施設・場所名": "妙円寺地区公民館",
        "住所": "鹿児島県日置市伊集院町妙円寺1-2200-793",
        "指定緊急避難場所との住所同一": "1",
        "その他市町村長が必要と認める事項": null,
        "受入対象者": null,
        "備考": ""
      }
    },
    {
      "type": "Feature",
      "geometry": {
        "type": "Point",
        "coordinates": [
          130.355056,
          31.55844
        ]
      },
      "properties": {
        "NO": "1793",
        "共通ID": "E4621600022111",
        "施設・場所名": "永吉地区公民館",
        "住所": "鹿児島県日置市吹上町永吉5947",
        "指定緊急避難場所との住所同一": "1",
        "その他市町村長が必要と認める事項": null,
        "受入対象者": null,
        "備考": ""
      }
    },
    {
      "type": "Feature",
      "geometry": {
        "type": "Point",
        "coordinates": [
          130.337222,
          31.511439
        ]
      },
      "properties": {
        "NO": "1794",
        "共通ID": "E4621600023111",
        "施設・場所名": "吹上高等学校体育館",
        "住所": "鹿児島県日置市吹上町今田1003",
        "指定緊急避難場所との住所同一": "1",
        "その他市町村長が必要と認める事項": null,
        "受入対象者": null,
        "備考": ""
      }
    },
    {
      "type": "Feature",
      "geometry": {
        "type": "Point",
        "coordinates": [
          130.336502,
          31.516206
        ]
      },
      "properties": {
        "NO": "1795",
        "共通ID": "E4621600025111",
        "施設・場所名": "吹上浜公園体育館",
        "住所": "鹿児島県日置市吹上町中原1352-1",
        "指定緊急避難場所との住所同一": "1",
        "その他市町村長が必要と認める事項": null,
        "受入対象者": null,
        "備考": ""
      }
    },
    {
      "type": "Feature",
      "geometry": {
        "type": "Point",
        "coordinates": [
          130.351452,
          31.521676
        ]
      },
      "properties": {
        "NO": "1796",
        "共通ID": "E4621600026111",
        "施設・場所名": "吹上中学校体育館",
        "住所": "鹿児島県日置市吹上町中原1691",
        "指定緊急避難場所との住所同一": "1",
        "その他市町村長が必要と認める事項": null,
        "受入対象者": null,
        "備考": ""
      }
    },
    {
      "type": "Feature",
      "geometry": {
        "type": "Point",
        "coordinates": [
          130.348143,
          31.510188
        ]
      },
      "properties": {
        "NO": "1797",
        "共通ID": "E4621600027111",
        "施設・場所名": "吹上中央公民館",
        "住所": "鹿児島県日置市吹上町中原2568",
        "指定緊急避難場所との住所同一": "1",
        "その他市町村長が必要と認める事項": null,
        "受入対象者": null,
        "備考": ""
      }
    },
    {
      "type": "Feature",
      "geometry": {
        "type": "Point",
        "coordinates": [
          130.344736,
          31.525348
        ]
      },
      "properties": {
        "NO": "1798",
        "共通ID": "E4621600029111",
        "施設・場所名": "花田小学校（校舎）",
        "住所": "鹿児島県日置市吹上町田尻239",
        "指定緊急避難場所との住所同一": "1",
        "その他市町村長が必要と認める事項": null,
        "受入対象者": null,
        "備考": ""
      }
    },
    {
      "type": "Feature",
      "geometry": {
        "type": "Point",
        "coordinates": [
          130.390875,
          31.553069
        ]
      },
      "properties": {
        "NO": "1799",
        "共通ID": "E4621600030111",
        "施設・場所名": "坊野防災備蓄倉庫",
        "住所": "鹿児島県日置市吹上町田尻4710-5",
        "指定緊急避難場所との住所同一": "1",
        "その他市町村長が必要と認める事項": null,
        "受入対象者": null,
        "備考": ""
      }
    },
    {
      "type": "Feature",
      "geometry": {
        "type": "Point",
        "coordinates": [
          130.368046,
          31.519094
        ]
      },
      "properties": {
        "NO": "1800",
        "共通ID": "E4621600031111",
        "施設・場所名": "野首地区公民館",
        "住所": "鹿児島県日置市吹上町田尻6037-1",
        "指定緊急避難場所との住所同一": "1",
        "その他市町村長が必要と認める事項": null,
        "受入対象者": null,
        "備考": ""
      }
    },
    {
      "type": "Feature",
      "geometry": {
        "type": "Point",
        "coordinates": [
          130.416336,
          31.50041
        ]
      },
      "properties": {
        "NO": "1801",
        "共通ID": "E4621600032111",
        "施設・場所名": "平鹿倉地区公民館",
        "住所": "鹿児島県日置市吹上町湯之浦5356-6",
        "指定緊急避難場所との住所同一": "1",
        "その他市町村長が必要と認める事項": null,
        "受入対象者": null,
        "備考": ""
      }
    },
    {
      "type": "Feature",
      "geometry": {
        "type": "Point",
        "coordinates": [
          130.356594,
          31.501901
        ]
      },
      "properties": {
        "NO": "1802",
        "共通ID": "E4621600033111",
        "施設・場所名": "吹上勤労者体育センター",
        "住所": "鹿児島県日置市吹上町湯之浦629-8",
        "指定緊急避難場所との住所同一": "1",
        "その他市町村長が必要と認める事項": "",
        "受入対象者": "",
        "備考": ""
      }
    },
    {
      "type": "Feature",
      "geometry": {
        "type": "Point",
        "coordinates": [
          130.335163,
          31.502741
        ]
      },
      "properties": {
        "NO": "1803",
        "共通ID": "E4621600034111",
        "施設・場所名": "吹上地区公民館",
        "住所": "鹿児島県日置市吹上町入来290",
        "指定緊急避難場所との住所同一": "1",
        "その他市町村長が必要と認める事項": null,
        "受入対象者": null,
        "備考": ""
      }
    },
    {
      "type": "Feature",
      "geometry": {
        "type": "Point",
        "coordinates": [
          130.411494,
          31.526768
        ]
      },
      "properties": {
        "NO": "1804",
        "共通ID": "E4621600038111",
        "施設・場所名": "藤元地区公民館",
        "住所": "鹿児島県日置市吹上町与倉3127-8",
        "指定緊急避難場所との住所同一": "1",
        "その他市町村長が必要と認める事項": null,
        "受入対象者": null,
        "備考": ""
      }
    },
    {
      "type": "Feature",
      "geometry": {
        "type": "Point",
        "coordinates": [
          130.355797,
          31.486279
        ]
      },
      "properties": {
        "NO": "1805",
        "共通ID": "E4621600039111",
        "施設・場所名": "和田小学校（校舎）",
        "住所": "鹿児島県日置市吹上町和田2104",
        "指定緊急避難場所との住所同一": "1",
        "その他市町村長が必要と認める事項": null,
        "受入対象者": null,
        "備考": ""
      }
    },
    {
      "type": "Feature",
      "geometry": {
        "type": "Point",
        "coordinates": [
          130.326404,
          31.648213
        ]
      },
      "properties": {
        "NO": "1806",
        "共通ID": "E4621600044111",
        "施設・場所名": "伊作田地区公民館",
        "住所": "鹿児島県日置市東市来町伊作田4318",
        "指定緊急避難場所との住所同一": "1",
        "その他市町村長が必要と認める事項": null,
        "受入対象者": null,
        "備考": ""
      }
    },
    {
      "type": "Feature",
      "geometry": {
        "type": "Point",
        "coordinates": [
          130.333654,
          31.625844
        ]
      },
      "properties": {
        "NO": "1807",
        "共通ID": "E4621600047111",
        "施設・場所名": "川原記念館",
        "住所": "鹿児島県日置市東市来町神之川78-1",
        "指定緊急避難場所との住所同一": "1",
        "その他市町村長が必要と認める事項": null,
        "受入対象者": null,
        "備考": ""
      }
    },
    {
      "type": "Feature",
      "geometry": {
        "type": "Point",
        "coordinates": [
          130.350091,
          31.659442
        ]
      },
      "properties": {
        "NO": "1808",
        "共通ID": "E4621600049111",
        "施設・場所名": "鶴丸小学校体育館",
        "住所": "鹿児島県日置市東市来町長里165-2",
        "指定緊急避難場所との住所同一": "1",
        "その他市町村長が必要と認める事項": null,
        "受入対象者": null,
        "備考": ""
      }
    },
    {
      "type": "Feature",
      "geometry": {
        "type": "Point",
        "coordinates": [
          130.34846,
          31.659061
        ]
      },
      "properties": {
        "NO": "1809",
        "共通ID": "E4621600050111",
        "施設・場所名": "東市来保健センター",
        "住所": "鹿児島県日置市東市来町長里185",
        "指定緊急避難場所との住所同一": "1",
        "その他市町村長が必要と認める事項": null,
        "受入対象者": null,
        "備考": ""
      }
    },
    {
      "type": "Feature",
      "geometry": {
        "type": "Point",
        "coordinates": [
          130.334155,
          31.671711
        ]
      },
      "properties": {
        "NO": "1810",
        "共通ID": "E4621600051111",
        "施設・場所名": "東市来総合福祉センター",
        "住所": "鹿児島県日置市東市来町湯田3264",
        "指定緊急避難場所との住所同一": "1",
        "その他市町村長が必要と認める事項": null,
        "受入対象者": null,
        "備考": ""
      }
    },
    {
      "type": "Feature",
      "geometry": {
        "type": "Point",
        "coordinates": [
          130.333793,
          31.670745
        ]
      },
      "properties": {
        "NO": "1811",
        "共通ID": "E4621600052111",
        "施設・場所名": "湯田地区公民館",
        "住所": "鹿児島県日置市東市来町湯田3299-1",
        "指定緊急避難場所との住所同一": "1",
        "その他市町村長が必要と認める事項": "",
        "受入対象者": "",
        "備考": ""
      }
    },
    {
      "type": "Feature",
      "geometry": {
        "type": "Point",
        "coordinates": [
          130.333109,
          31.675084
        ]
      },
      "properties": {
        "NO": "1812",
        "共通ID": "E4621600053111",
        "施設・場所名": "湯田小学校体育館",
        "住所": "鹿児島県日置市東市来町湯田4042-3",
        "指定緊急避難場所との住所同一": "1",
        "その他市町村長が必要と認める事項": null,
        "受入対象者": null,
        "備考": ""
      }
    },
    {
      "type": "Feature",
      "geometry": {
        "type": "Point",
        "coordinates": [
          130.361561,
          31.644125
        ]
      },
      "properties": {
        "NO": "1813",
        "共通ID": "E4621600055111",
        "施設・場所名": "美山地区公民館",
        "住所": "鹿児島県日置市東市来町美山1690-4",
        "指定緊急避難場所との住所同一": "1",
        "その他市町村長が必要と認める事項": null,
        "受入対象者": null,
        "備考": ""
      }
    },
    {
      "type": "Feature",
      "geometry": {
        "type": "Point",
        "coordinates": [
          130.393052,
          31.676393
        ]
      },
      "properties": {
        "NO": "1814",
        "共通ID": "E4621600056111",
        "施設・場所名": "上市来地区公民館",
        "住所": "鹿児島県日置市東市来町養母11393-1",
        "指定緊急避難場所との住所同一": "1",
        "その他市町村長が必要と認める事項": null,
        "受入対象者": null,
        "備考": ""
      }
    },
    {
      "type": "Feature",
      "geometry": {
        "type": "Point",
        "coordinates": [
          130.391466,
          31.676549
        ]
      },
      "properties": {
        "NO": "1815",
        "共通ID": "E4621600057111",
        "施設・場所名": "上市来小学校体育館",
        "住所": "鹿児島県日置市東市来町養母11421",
        "指定緊急避難場所との住所同一": "1",
        "その他市町村長が必要と認める事項": null,
        "受入対象者": null,
        "備考": ""
      }
    },
    {
      "type": "Feature",
      "geometry": {
        "type": "Point",
        "coordinates": [
          130.395153,
          31.713655
        ]
      },
      "properties": {
        "NO": "1816",
        "共通ID": "E4621600058111",
        "施設・場所名": "高山地区公民館",
        "住所": "鹿児島県日置市東市来町養母15819-4",
        "指定緊急避難場所との住所同一": "1",
        "その他市町村長が必要と認める事項": null,
        "受入対象者": null,
        "備考": ""
      }
    },
    {
      "type": "Feature",
      "geometry": {
        "type": "Point",
        "coordinates": [
          130.345456,
          31.57365
        ]
      },
      "properties": {
        "NO": "1817",
        "共通ID": "E4621600065111",
        "施設・場所名": "吉利地区公民館",
        "住所": "鹿児島県日置市日吉町吉利4329",
        "指定緊急避難場所との住所同一": "1",
        "その他市町村長が必要と認める事項": null,
        "受入対象者": null,
        "備考": ""
      }
    },
    {
      "type": "Feature",
      "geometry": {
        "type": "Point",
        "coordinates": [
          130.342368,
          31.603904
        ]
      },
      "properties": {
        "NO": "1818",
        "共通ID": "E4621600068111",
        "施設・場所名": "日新地区公民館",
        "住所": "鹿児島県日置市日吉町山田308-2",
        "指定緊急避難場所との住所同一": "1",
        "その他市町村長が必要と認める事項": null,
        "受入対象者": null,
        "備考": ""
      }
    },
    {
      "type": "Feature",
      "geometry": {
        "type": "Point",
        "coordinates": [
          130.344513,
          31.595549
        ]
      },
      "properties": {
        "NO": "1819",
        "共通ID": "E4621600070111",
        "施設・場所名": "日吉老人福祉センター",
        "住所": "鹿児島県日置市日吉町日置1132-1",
        "指定緊急避難場所との住所同一": "1",
        "その他市町村長が必要と認める事項": null,
        "受入対象者": null,
        "備考": ""
      }
    },
    {
      "type": "Feature",
      "geometry": {
        "type": "Point",
        "coordinates": [
          130.345751,
          31.589338
        ]
      },
      "properties": {
        "NO": "1820",
        "共通ID": "E4621600073111",
        "施設・場所名": "日吉中央公民館",
        "住所": "鹿児島県日置市日吉町日置377-1",
        "指定緊急避難場所との住所同一": "1",
        "その他市町村長が必要と認める事項": "",
        "受入対象者": "",
        "備考": ""
      }
    },
    {
      "type": "Feature",
      "geometry": {
        "type": "Point",
        "coordinates": [
          130.352672,
          31.58975
        ]
      },
      "properties": {
        "NO": "1821",
        "共通ID": "E4621600074111",
        "施設・場所名": "日吉研修棟（せっぺとべひよし館）",
        "住所": "鹿児島県日置市日吉町日置5302",
        "指定緊急避難場所との住所同一": "1",
        "その他市町村長が必要と認める事項": "",
        "受入対象者": "",
        "備考": ""
      }
    },
    {
      "type": "Feature",
      "geometry": {
        "type": "Point",
        "coordinates": [
          130.288373,
          31.278731
        ]
      },
      "properties": {
        "NO": "1822",
        "共通ID": "E4620400001111",
        "施設・場所名": "枕崎高校",
        "住所": "鹿児島県枕崎市岩崎町3",
        "指定緊急避難場所との住所同一": "1",
        "その他市町村長が必要と認める事項": "",
        "受入対象者": "",
        "備考": ""
      }
    },
    {
      "type": "Feature",
      "geometry": {
        "type": "Point",
        "coordinates": [
          130.291569,
          31.312446
        ]
      },
      "properties": {
        "NO": "1823",
        "共通ID": "E4620400002111",
        "施設・場所名": "旧金山小学校",
        "住所": "鹿児島県枕崎市金山町510",
        "指定緊急避難場所との住所同一": "1",
        "その他市町村長が必要と認める事項": "",
        "受入対象者": "",
        "備考": ""
      }
    },
    {
      "type": "Feature",
      "geometry": {
        "type": "Point",
        "coordinates": [
          130.29164,
          31.291776
        ]
      },
      "properties": {
        "NO": "1824",
        "共通ID": "E4620400003111",
        "施設・場所名": "桜山小学校",
        "住所": "鹿児島県枕崎市桜山町256",
        "指定緊急避難場所との住所同一": "1",
        "その他市町村長が必要と認める事項": "",
        "受入対象者": "",
        "備考": ""
      }
    },
    {
      "type": "Feature",
      "geometry": {
        "type": "Point",
        "coordinates": [
          130.290681,
          31.291355
        ]
      },
      "properties": {
        "NO": "1825",
        "共通ID": "E4620400004111",
        "施設・場所名": "城山センター",
        "住所": "鹿児島県枕崎市桜山町256-1",
        "指定緊急避難場所との住所同一": "1",
        "その他市町村長が必要と認める事項": "",
        "受入対象者": "",
        "備考": ""
      }
    },
    {
      "type": "Feature",
      "geometry": {
        "type": "Point",
        "coordinates": [
          130.290148,
          31.292123
        ]
      },
      "properties": {
        "NO": "1826",
        "共通ID": "E4620400005111",
        "施設・場所名": "桜山中学校",
        "住所": "鹿児島県枕崎市桜山町272",
        "指定緊急避難場所との住所同一": "1",
        "その他市町村長が必要と認める事項": "",
        "受入対象者": "",
        "備考": ""
      }
    },
    {
      "type": "Feature",
      "geometry": {
        "type": "Point",
        "coordinates": [
          130.292684,
          31.27706
        ]
      },
      "properties": {
        "NO": "1827",
        "共通ID": "E4620400006111",
        "施設・場所名": "枕崎中学校",
        "住所": "鹿児島県枕崎市桜木町478",
        "指定緊急避難場所との住所同一": "1",
        "その他市町村長が必要と認める事項": "",
        "受入対象者": "",
        "備考": ""
      }
    },
    {
      "type": "Feature",
      "geometry": {
        "type": "Point",
        "coordinates": [
          130.290628,
          31.270508
        ]
      },
      "properties": {
        "NO": "1828",
        "共通ID": "E4620400007111",
        "施設・場所名": "松之尾センター",
        "住所": "鹿児島県枕崎市汐見町260",
        "指定緊急避難場所との住所同一": "1",
        "その他市町村長が必要と認める事項": "",
        "受入対象者": "",
        "備考": ""
      }
    },
    {
      "type": "Feature",
      "geometry": {
        "type": "Point",
        "coordinates": [
          130.298271,
          31.285756
        ]
      },
      "properties": {
        "NO": "1829",
        "共通ID": "E4620400008111",
        "施設・場所名": "妙見センター",
        "住所": "鹿児島県枕崎市寿町186",
        "指定緊急避難場所との住所同一": "1",
        "その他市町村長が必要と認める事項": "",
        "受入対象者": "",
        "備考": ""
      }
    },
    {
      "type": "Feature",
      "geometry": {
        "type": "Point",
        "coordinates": [
          130.294886,
          31.27311
        ]
      },
      "properties": {
        "NO": "1830",
        "共通ID": "E4620400009111",
        "施設・場所名": "枕崎市市民会館",
        "住所": "鹿児島県枕崎市千代田町114",
        "指定緊急避難場所との住所同一": "1",
        "その他市町村長が必要と認める事項": "",
        "受入対象者": "",
        "備考": ""
      }
    },
    {
      "type": "Feature",
      "geometry": {
        "type": "Point",
        "coordinates": [
          130.29614,
          31.273777
        ]
      },
      "properties": {
        "NO": "1831",
        "共通ID": "E4620400010111",
        "施設・場所名": "枕崎小学校",
        "住所": "鹿児島県枕崎市千代田町124",
        "指定緊急避難場所との住所同一": "1",
        "その他市町村長が必要と認める事項": "",
        "受入対象者": "",
        "備考": ""
      }
    },
    {
      "type": "Feature",
      "geometry": {
        "type": "Point",
        "coordinates": [
          130.276953,
          31.268429
        ]
      },
      "properties": {
        "NO": "1832",
        "共通ID": "E4620400012111",
        "施設・場所名": "立神センター",
        "住所": "鹿児島県枕崎市大塚南町129",
        "指定緊急避難場所との住所同一": "1",
        "その他市町村長が必要と認める事項": "",
        "受入対象者": "",
        "備考": ""
      }
    },
    {
      "type": "Feature",
      "geometry": {
        "type": "Point",
        "coordinates": [
          130.274729,
          31.274359
        ]
      },
      "properties": {
        "NO": "1833",
        "共通ID": "E4620400013111",
        "施設・場所名": "立神中学校",
        "住所": "鹿児島県枕崎市大塚北町54",
        "指定緊急避難場所との住所同一": "1",
        "その他市町村長が必要と認める事項": "",
        "受入対象者": "",
        "備考": ""
      }
    },
    {
      "type": "Feature",
      "geometry": {
        "type": "Point",
        "coordinates": [
          130.279769,
          31.271811
        ]
      },
      "properties": {
        "NO": "1834",
        "共通ID": "E4620400014111",
        "施設・場所名": "立神小学校",
        "住所": "鹿児島県枕崎市中央町345",
        "指定緊急避難場所との住所同一": "1",
        "その他市町村長が必要と認める事項": "",
        "受入対象者": "",
        "備考": ""
      }
    },
    {
      "type": "Feature",
      "geometry": {
        "type": "Point",
        "coordinates": [
          130.288894,
          31.313402
        ]
      },
      "properties": {
        "NO": "1835",
        "共通ID": "E4620400015111",
        "施設・場所名": "金山センター",
        "住所": "鹿児島県枕崎市田布川町463",
        "指定緊急避難場所との住所同一": "1",
        "その他市町村長が必要と認める事項": "",
        "受入対象者": "",
        "備考": ""
      }
    },
    {
      "type": "Feature",
      "geometry": {
        "type": "Point",
        "coordinates": [
          130.302424,
          31.271934
        ]
      },
      "properties": {
        "NO": "1836",
        "共通ID": "E4620400016111",
        "施設・場所名": "枕崎市健康センター",
        "住所": "鹿児島県枕崎市日之出町231",
        "指定緊急避難場所との住所同一": "1",
        "その他市町村長が必要と認める事項": "",
        "受入対象者": "",
        "備考": ""
      }
    },
    {
      "type": "Feature",
      "geometry": {
        "type": "Point",
        "coordinates": [
          130.346449,
          31.274639
        ]
      },
      "properties": {
        "NO": "1837",
        "共通ID": "E4620400017111",
        "施設・場所名": "別府小学校",
        "住所": "鹿児島県枕崎市別府西町1",
        "指定緊急避難場所との住所同一": "1",
        "その他市町村長が必要と認める事項": "",
        "受入対象者": "",
        "備考": ""
      }
    },
    {
      "type": "Feature",
      "geometry": {
        "type": "Point",
        "coordinates": [
          130.350069,
          31.278473
        ]
      },
      "properties": {
        "NO": "1838",
        "共通ID": "E4620400018111",
        "施設・場所名": "別府中学校",
        "住所": "鹿児島県枕崎市別府東町543",
        "指定緊急避難場所との住所同一": "1",
        "その他市町村長が必要と認める事項": "",
        "受入対象者": "",
        "備考": ""
      }
    },
    {
      "type": "Feature",
      "geometry": {
        "type": "Point",
        "coordinates": [
          130.351196,
          31.278199
        ]
      },
      "properties": {
        "NO": "1839",
        "共通ID": "E4620400019111",
        "施設・場所名": "別府センター",
        "住所": "鹿児島県枕崎市別府東町574",
        "指定緊急避難場所との住所同一": "1",
        "その他市町村長が必要と認める事項": "",
        "受入対象者": "",
        "備考": ""
      }
    },
    {
      "type": "Feature",
      "geometry": {
        "type": "Point",
        "coordinates": [
          130.709867,
          31.873268
        ]
      },
      "properties": {
        "NO": "1840",
        "共通ID": "E4621800002111",
        "施設・場所名": "佐々木小学校（体育館）",
        "住所": "鹿児島県霧島市横川町下ノ920-6",
        "指定緊急避難場所との住所同一": "",
        "その他市町村長が必要と認める事項": "",
        "受入対象者": "",
        "備考": ""
      }
    },
    {
      "type": "Feature",
      "geometry": {
        "type": "Point",
        "coordinates": [
          130.647093,
          31.900584
        ]
      },
      "properties": {
        "NO": "1841",
        "共通ID": "E4621800003111",
        "施設・場所名": "山ケ野分団古城地区拠点施設",
        "住所": "鹿児島県霧島市横川町上ノ2891-1",
        "指定緊急避難場所との住所同一": "1",
        "その他市町村長が必要と認める事項": "",
        "受入対象者": "",
        "備考": ""
      }
    },
    {
      "type": "Feature",
      "geometry": {
        "type": "Point",
        "coordinates": [
          130.675024,
          31.889561
        ]
      },
      "properties": {
        "NO": "1842",
        "共通ID": "E4621800004111",
        "施設・場所名": "横川農業交流センター",
        "住所": "鹿児島県霧島市横川町上ノ3590-9",
        "指定緊急避難場所との住所同一": "1",
        "その他市町村長が必要と認める事項": "",
        "受入対象者": "",
        "備考": ""
      }
    },
    {
      "type": "Feature",
      "geometry": {
        "type": "Point",
        "coordinates": [
          130.661679,
          31.895273
        ]
      },
      "properties": {
        "NO": "1843",
        "共通ID": "E4621800005111",
        "施設・場所名": "安良小学校（体育館）",
        "住所": "鹿児島県霧島市横川町上ノ3760-1",
        "指定緊急避難場所との住所同一": "",
        "その他市町村長が必要と認める事項": "",
        "受入対象者": "",
        "備考": ""
      }
    },
    {
      "type": "Feature",
      "geometry": {
        "type": "Point",
        "coordinates": [
          130.642073,
          31.87993
        ]
      },
      "properties": {
        "NO": "1844",
        "共通ID": "E4621800006111",
        "施設・場所名": "安良分団横伏敷地区拠点施設",
        "住所": "鹿児島県霧島市横川町上ノ5057-3",
        "指定緊急避難場所との住所同一": "",
        "その他市町村長が必要と認める事項": "",
        "受入対象者": "",
        "備考": ""
      }
    },
    {
      "type": "Feature",
      "geometry": {
        "type": "Point",
        "coordinates": [
          130.634779,
          31.90961
        ]
      },
      "properties": {
        "NO": "1845",
        "共通ID": "E4621800007111",
        "施設・場所名": "山ケ野ふれあい交流館",
        "住所": "鹿児島県霧島市横川町上ノ776",
        "指定緊急避難場所との住所同一": "1",
        "その他市町村長が必要と認める事項": "",
        "受入対象者": "",
        "備考": ""
      }
    },
    {
      "type": "Feature",
      "geometry": {
        "type": "Point",
        "coordinates": [
          130.706117,
          31.903008
        ]
      },
      "properties": {
        "NO": "1846",
        "共通ID": "E4621800008111",
        "施設・場所名": "横川公民館",
        "住所": "鹿児島県霧島市横川町中ノ192-7",
        "指定緊急避難場所との住所同一": "",
        "その他市町村長が必要と認める事項": "",
        "受入対象者": "",
        "備考": ""
      }
    },
    {
      "type": "Feature",
      "geometry": {
        "type": "Point",
        "coordinates": [
          130.704532,
          31.903414
        ]
      },
      "properties": {
        "NO": "1847",
        "共通ID": "E4621800009111",
        "施設・場所名": "横川小学校（体育館）",
        "住所": "鹿児島県霧島市横川町中ノ206-1",
        "指定緊急避難場所との住所同一": "",
        "その他市町村長が必要と認める事項": "",
        "受入対象者": "",
        "備考": ""
      }
    },
    {
      "type": "Feature",
      "geometry": {
        "type": "Point",
        "coordinates": [
          130.702545,
          31.903627
        ]
      },
      "properties": {
        "NO": "1848",
        "共通ID": "E4621800010121",
        "施設・場所名": "横川健康温泉センター",
        "住所": "鹿児島県霧島市横川町中ノ254-1",
        "指定緊急避難場所との住所同一": "1",
        "その他市町村長が必要と認める事項": "",
        "受入対象者": "要配慮者",
        "備考": ""
      }
    },
    {
      "type": "Feature",
      "geometry": {
        "type": "Point",
        "coordinates": [
          130.70288,
          31.903223
        ]
      },
      "properties": {
        "NO": "1849",
        "共通ID": "E4621800010111",
        "施設・場所名": "横川健康温泉センター",
        "住所": "鹿児島県霧島市横川町中ノ254-1",
        "指定緊急避難場所との住所同一": "1",
        "その他市町村長が必要と認める事項": "",
        "受入対象者": "",
        "備考": ""
      }
    },
    {
      "type": "Feature",
      "geometry": {
        "type": "Point",
        "coordinates": [
          130.702807,
          31.777396
        ]
      },
      "properties": {
        "NO": "1850",
        "共通ID": "E4621800011111",
        "施設・場所名": "崎森地区公民館",
        "住所": "鹿児島県霧島市溝辺町崎森2718-1",
        "指定緊急避難場所との住所同一": "1",
        "その他市町村長が必要と認める事項": null,
        "受入対象者": null,
        "備考": ""
      }
    },
    {
      "type": "Feature",
      "geometry": {
        "type": "Point",
        "coordinates": [
          130.666201,
          31.855552
        ]
      },
      "properties": {
        "NO": "1851",
        "共通ID": "E4621800012111",
        "施設・場所名": "竹子集会センター",
        "住所": "鹿児島県霧島市溝辺町竹子638-3",
        "指定緊急避難場所との住所同一": "1",
        "その他市町村長が必要と認める事項": "",
        "受入対象者": "",
        "備考": ""
      }
    },
    {
      "type": "Feature",
      "geometry": {
        "type": "Point",
        "coordinates": [
          130.686195,
          31.834584
        ]
      },
      "properties": {
        "NO": "1852",
        "共通ID": "E4621800013111",
        "施設・場所名": "溝辺小学校（体育館）",
        "住所": "鹿児島県霧島市溝辺町有川196-1",
        "指定緊急避難場所との住所同一": "1",
        "その他市町村長が必要と認める事項": "",
        "受入対象者": "",
        "備考": ""
      }
    },
    {
      "type": "Feature",
      "geometry": {
        "type": "Point",
        "coordinates": [
          130.679752,
          31.83023
        ]
      },
      "properties": {
        "NO": "1853",
        "共通ID": "E4621800015122",
        "施設・場所名": "溝辺総合支所（溝辺保健福祉センター）",
        "住所": "鹿児島県霧島市溝辺町有川341",
        "指定緊急避難場所との住所同一": "1",
        "その他市町村長が必要と認める事項": "",
        "受入対象者": "要配慮者",
        "備考": ""
      }
    },
    {
      "type": "Feature",
      "geometry": {
        "type": "Point",
        "coordinates": [
          130.679681,
          31.830515
        ]
      },
      "properties": {
        "NO": "1854",
        "共通ID": "E4621800015111",
        "施設・場所名": "溝辺総合支所（溝辺保健福祉センター）",
        "住所": "鹿児島県霧島市溝辺町有川341",
        "指定緊急避難場所との住所同一": "1",
        "その他市町村長が必要と認める事項": "",
        "受入対象者": "",
        "備考": ""
      }
    },
    {
      "type": "Feature",
      "geometry": {
        "type": "Point",
        "coordinates": [
          130.709524,
          31.796574
        ]
      },
      "properties": {
        "NO": "1855",
        "共通ID": "E4621800016111",
        "施設・場所名": "陵南小学校（体育館）",
        "住所": "鹿児島県霧島市溝辺町麓1267-2",
        "指定緊急避難場所との住所同一": "1",
        "その他市町村長が必要と認める事項": "",
        "受入対象者": "",
        "備考": ""
      }
    },
    {
      "type": "Feature",
      "geometry": {
        "type": "Point",
        "coordinates": [
          130.702372,
          31.814618
        ]
      },
      "properties": {
        "NO": "1856",
        "共通ID": "E4621800017111",
        "施設・場所名": "石峯自治公民館",
        "住所": "鹿児島県霧島市溝辺町麓2541-3",
        "指定緊急避難場所との住所同一": "1",
        "その他市町村長が必要と認める事項": null,
        "受入対象者": null,
        "備考": ""
      }
    },
    {
      "type": "Feature",
      "geometry": {
        "type": "Point",
        "coordinates": [
          130.686966,
          31.825824
        ]
      },
      "properties": {
        "NO": "1857",
        "共通ID": "E4621800018111",
        "施設・場所名": "溝辺公民館（みそめ館）",
        "住所": "鹿児島県霧島市溝辺町麓3391",
        "指定緊急避難場所との住所同一": "",
        "その他市町村長が必要と認める事項": "",
        "受入対象者": "",
        "備考": ""
      }
    },
    {
      "type": "Feature",
      "geometry": {
        "type": "Point",
        "coordinates": [
          130.783226,
          31.717048
        ]
      },
      "properties": {
        "NO": "1858",
        "共通ID": "E4621800019111",
        "施設・場所名": "国分南中学校（体育館・武道館）",
        "住所": "鹿児島県霧島市国分下井817",
        "指定緊急避難場所との住所同一": "1",
        "その他市町村長が必要と認める事項": "",
        "受入対象者": "",
        "備考": ""
      }
    },
    {
      "type": "Feature",
      "geometry": {
        "type": "Point",
        "coordinates": [
          130.796829,
          31.763333
        ]
      },
      "properties": {
        "NO": "1859",
        "共通ID": "E4621800020111",
        "施設・場所名": "郡山公民館",
        "住所": "鹿児島県霧島市国分郡田1018-3",
        "指定緊急避難場所との住所同一": "1",
        "その他市町村長が必要と認める事項": null,
        "受入対象者": null,
        "備考": ""
      }
    },
    {
      "type": "Feature",
      "geometry": {
        "type": "Point",
        "coordinates": [
          130.785703,
          31.767831
        ]
      },
      "properties": {
        "NO": "1860",
        "共通ID": "E4621800021111",
        "施設・場所名": "青葉小学校（体育館）",
        "住所": "鹿児島県霧島市国分郡田315",
        "指定緊急避難場所との住所同一": "",
        "その他市町村長が必要と認める事項": "",
        "受入対象者": "",
        "備考": ""
      }
    },
    {
      "type": "Feature",
      "geometry": {
        "type": "Point",
        "coordinates": [
          130.848629,
          31.773094
        ]
      },
      "properties": {
        "NO": "1861",
        "共通ID": "E4621800022111",
        "施設・場所名": "木原公民館",
        "住所": "鹿児島県霧島市国分郡田3609-3",
        "指定緊急避難場所との住所同一": "1",
        "その他市町村長が必要と認める事項": null,
        "受入対象者": null,
        "備考": ""
      }
    },
    {
      "type": "Feature",
      "geometry": {
        "type": "Point",
        "coordinates": [
          130.760045,
          31.717539
        ]
      },
      "properties": {
        "NO": "1862",
        "共通ID": "E4621800023111",
        "施設・場所名": "国分児童体育館",
        "住所": "鹿児島県霧島市国分広瀬2-34-11",
        "指定緊急避難場所との住所同一": "",
        "その他市町村長が必要と認める事項": "",
        "受入対象者": "",
        "備考": ""
      }
    },
    {
      "type": "Feature",
      "geometry": {
        "type": "Point",
        "coordinates": [
          130.760296,
          31.717336
        ]
      },
      "properties": {
        "NO": "1863",
        "共通ID": "E4621800024111",
        "施設・場所名": "広瀬ふれあい館",
        "住所": "鹿児島県霧島市国分広瀬2-653-4",
        "指定緊急避難場所との住所同一": "1",
        "その他市町村長が必要と認める事項": "",
        "受入対象者": "",
        "備考": ""
      }
    },
    {
      "type": "Feature",
      "geometry": {
        "type": "Point",
        "coordinates": [
          130.773499,
          31.764869
        ]
      },
      "properties": {
        "NO": "1864",
        "共通ID": "E4621800025121",
        "施設・場所名": "いきいき国分交流センター",
        "住所": "鹿児島県霧島市国分重久19",
        "指定緊急避難場所との住所同一": "1",
        "その他市町村長が必要と認める事項": "",
        "受入対象者": "要配慮者",
        "備考": ""
      }
    },
    {
      "type": "Feature",
      "geometry": {
        "type": "Point",
        "coordinates": [
          130.773499,
          31.764869
        ]
      },
      "properties": {
        "NO": "1865",
        "共通ID": "E4621800025111",
        "施設・場所名": "いきいき国分交流センター",
        "住所": "鹿児島県霧島市国分重久19",
        "指定緊急避難場所との住所同一": "1",
        "その他市町村長が必要と認める事項": "",
        "受入対象者": "",
        "備考": ""
      }
    },
    {
      "type": "Feature",
      "geometry": {
        "type": "Point",
        "coordinates": [
          130.780415,
          31.769747
        ]
      },
      "properties": {
        "NO": "1866",
        "共通ID": "E4621800026111",
        "施設・場所名": "東その山公民館",
        "住所": "鹿児島県霧島市国分重久586-4",
        "指定緊急避難場所との住所同一": "1",
        "その他市町村長が必要と認める事項": null,
        "受入対象者": null,
        "備考": ""
      }
    },
    {
      "type": "Feature",
      "geometry": {
        "type": "Point",
        "coordinates": [
          130.753602,
          31.730793
        ]
      },
      "properties": {
        "NO": "1867",
        "共通ID": "E4621800027111",
        "施設・場所名": "松木公民館",
        "住所": "鹿児島県霧島市国分松木町29-17",
        "指定緊急避難場所との住所同一": "1",
        "その他市町村長が必要と認める事項": null,
        "受入対象者": null,
        "備考": ""
      }
    },
    {
      "type": "Feature",
      "geometry": {
        "type": "Point",
        "coordinates": [
          130.77408,
          31.724321
        ]
      },
      "properties": {
        "NO": "1868",
        "共通ID": "E4621800028111",
        "施設・場所名": "上小川公民館",
        "住所": "鹿児島県霧島市国分上小川844-2",
        "指定緊急避難場所との住所同一": "1",
        "その他市町村長が必要と認める事項": null,
        "受入対象者": null,
        "備考": ""
      }
    },
    {
      "type": "Feature",
      "geometry": {
        "type": "Point",
        "coordinates": [
          130.822714,
          31.704146
        ]
      },
      "properties": {
        "NO": "1869",
        "共通ID": "E4621800029111",
        "施設・場所名": "上之段公民館",
        "住所": "鹿児島県霧島市国分上之段1637",
        "指定緊急避難場所との住所同一": "1",
        "その他市町村長が必要と認める事項": null,
        "受入対象者": null,
        "備考": ""
      }
    },
    {
      "type": "Feature",
      "geometry": {
        "type": "Point",
        "coordinates": [
          130.862293,
          31.682265
        ]
      },
      "properties": {
        "NO": "1870",
        "共通ID": "E4621800030111",
        "施設・場所名": "塚脇公民館",
        "住所": "鹿児島県霧島市国分上之段2283-9",
        "指定緊急避難場所との住所同一": "1",
        "その他市町村長が必要と認める事項": null,
        "受入対象者": null,
        "備考": ""
      }
    },
    {
      "type": "Feature",
      "geometry": {
        "type": "Point",
        "coordinates": [
          130.76177,
          31.752104
        ]
      },
      "properties": {
        "NO": "1871",
        "共通ID": "E4621800031111",
        "施設・場所名": "新町公民館",
        "住所": "鹿児島県霧島市国分新町1-11-7",
        "指定緊急避難場所との住所同一": "1",
        "その他市町村長が必要と認める事項": null,
        "受入対象者": null,
        "備考": ""
      }
    },
    {
      "type": "Feature",
      "geometry": {
        "type": "Point",
        "coordinates": [
          130.778503,
          31.753784
        ]
      },
      "properties": {
        "NO": "1872",
        "共通ID": "E4621800032111",
        "施設・場所名": "清水公民館",
        "住所": "鹿児島県霧島市国分清水2-24-19-8",
        "指定緊急避難場所との住所同一": "1",
        "その他市町村長が必要と認める事項": null,
        "受入対象者": null,
        "備考": ""
      }
    },
    {
      "type": "Feature",
      "geometry": {
        "type": "Point",
        "coordinates": [
          130.778241,
          31.745801
        ]
      },
      "properties": {
        "NO": "1873",
        "共通ID": "E4621800107111",
        "施設・場所名": "国分多目的屋内運動場",
        "住所": "鹿児島県霧島市国分清水778-2",
        "指定緊急避難場所との住所同一": "1",
        "その他市町村長が必要と認める事項": "",
        "受入対象者": "",
        "備考": ""
      }
    },
    {
      "type": "Feature",
      "geometry": {
        "type": "Point",
        "coordinates": [
          130.822828,
          31.746407
        ]
      },
      "properties": {
        "NO": "1874",
        "共通ID": "E4621800034111",
        "施設・場所名": "川原公民館",
        "住所": "鹿児島県霧島市国分川原5026",
        "指定緊急避難場所との住所同一": "1",
        "その他市町村長が必要と認める事項": null,
        "受入対象者": null,
        "備考": ""
      }
    },
    {
      "type": "Feature",
      "geometry": {
        "type": "Point",
        "coordinates": [
          130.841434,
          31.709648
        ]
      },
      "properties": {
        "NO": "1875",
        "共通ID": "E4621800035111",
        "施設・場所名": "平山公民館",
        "住所": "鹿児島県霧島市国分川内3097-1",
        "指定緊急避難場所との住所同一": "1",
        "その他市町村長が必要と認める事項": null,
        "受入対象者": null,
        "備考": ""
      }
    },
    {
      "type": "Feature",
      "geometry": {
        "type": "Point",
        "coordinates": [
          130.891522,
          31.752951
        ]
      },
      "properties": {
        "NO": "1876",
        "共通ID": "E4621800036111",
        "施設・場所名": "本戸公民館",
        "住所": "鹿児島県霧島市国分川内4399-1",
        "指定緊急避難場所との住所同一": "1",
        "その他市町村長が必要と認める事項": null,
        "受入対象者": null,
        "備考": ""
      }
    },
    {
      "type": "Feature",
      "geometry": {
        "type": "Point",
        "coordinates": [
          130.794245,
          31.72217
        ]
      },
      "properties": {
        "NO": "1877",
        "共通ID": "E4621800037111",
        "施設・場所名": "川内地区コミュニティセンター",
        "住所": "鹿児島県霧島市国分川内587-1",
        "指定緊急避難場所との住所同一": "1",
        "その他市町村長が必要と認める事項": null,
        "受入対象者": null,
        "備考": ""
      }
    },
    {
      "type": "Feature",
      "geometry": {
        "type": "Point",
        "coordinates": [
          130.766565,
          31.745327
        ]
      },
      "properties": {
        "NO": "1878",
        "共通ID": "E4621800038111",
        "施設・場所名": "国分中央高等学校（精華アリーナ）",
        "住所": "鹿児島県霧島市国分中央1-10-1",
        "指定緊急避難場所との住所同一": "",
        "その他市町村長が必要と認める事項": "",
        "受入対象者": "",
        "備考": ""
      }
    },
    {
      "type": "Feature",
      "geometry": {
        "type": "Point",
        "coordinates": [
          130.772467,
          31.740574
        ]
      },
      "properties": {
        "NO": "1879",
        "共通ID": "E4621800039111",
        "施設・場所名": "国分ふれあいの郷",
        "住所": "鹿児島県霧島市国分中央2-4-3",
        "指定緊急避難場所との住所同一": "1",
        "その他市町村長が必要と認める事項": null,
        "受入対象者": null,
        "備考": ""
      }
    },
    {
      "type": "Feature",
      "geometry": {
        "type": "Point",
        "coordinates": [
          130.764577,
          31.739386
        ]
      },
      "properties": {
        "NO": "1880",
        "共通ID": "E4621800040121",
        "施設・場所名": "国分総合福祉センター",
        "住所": "鹿児島県霧島市国分中央3-33-10",
        "指定緊急避難場所との住所同一": "",
        "その他市町村長が必要と認める事項": "",
        "受入対象者": "要配慮者",
        "備考": ""
      }
    },
    {
      "type": "Feature",
      "geometry": {
        "type": "Point",
        "coordinates": [
          130.763732,
          31.7406
        ]
      },
      "properties": {
        "NO": "1881",
        "共通ID": "E4621800041111",
        "施設・場所名": "国分シビックセンター（国分公民館）",
        "住所": "鹿児島県霧島市国分中央3-45-1",
        "指定緊急避難場所との住所同一": "1",
        "その他市町村長が必要と認める事項": "",
        "受入対象者": "",
        "備考": ""
      }
    },
    {
      "type": "Feature",
      "geometry": {
        "type": "Point",
        "coordinates": [
          130.760467,
          31.746891
        ]
      },
      "properties": {
        "NO": "1882",
        "共通ID": "E4621800042111",
        "施設・場所名": "向花小学校　（体育館）",
        "住所": "鹿児島県霧島市国分府中町4-1",
        "指定緊急避難場所との住所同一": "1",
        "その他市町村長が必要と認める事項": null,
        "受入対象者": null,
        "備考": ""
      }
    },
    {
      "type": "Feature",
      "geometry": {
        "type": "Point",
        "coordinates": [
          130.749164,
          31.728423
        ]
      },
      "properties": {
        "NO": "1883",
        "共通ID": "E4621800043111",
        "施設・場所名": "天降川小学校（体育館）",
        "住所": "鹿児島県霧島市国分福島1-1-15",
        "指定緊急避難場所との住所同一": "",
        "その他市町村長が必要と認める事項": "",
        "受入対象者": "",
        "備考": ""
      }
    },
    {
      "type": "Feature",
      "geometry": {
        "type": "Point",
        "coordinates": [
          130.759754,
          31.72459
        ]
      },
      "properties": {
        "NO": "1884",
        "共通ID": "E4621800044111",
        "施設・場所名": "福島公民館",
        "住所": "鹿児島県霧島市国分福島2-31-20",
        "指定緊急避難場所との住所同一": "1",
        "その他市町村長が必要と認める事項": null,
        "受入対象者": null,
        "備考": ""
      }
    },
    {
      "type": "Feature",
      "geometry": {
        "type": "Point",
        "coordinates": [
          130.763444,
          31.72833
        ]
      },
      "properties": {
        "NO": "1885",
        "共通ID": "E4621800045111",
        "施設・場所名": "有下公民館",
        "住所": "鹿児島県霧島市国分福島3-24-18",
        "指定緊急避難場所との住所同一": "1",
        "その他市町村長が必要と認める事項": "",
        "受入対象者": "",
        "備考": ""
      }
    },
    {
      "type": "Feature",
      "geometry": {
        "type": "Point",
        "coordinates": [
          130.775234,
          31.716345
        ]
      },
      "properties": {
        "NO": "1886",
        "共通ID": "E4621800046111",
        "施設・場所名": "湊公民館",
        "住所": "鹿児島県霧島市国分湊226",
        "指定緊急避難場所との住所同一": "1",
        "その他市町村長が必要と認める事項": null,
        "受入対象者": null,
        "備考": ""
      }
    },
    {
      "type": "Feature",
      "geometry": {
        "type": "Point",
        "coordinates": [
          130.75169,
          31.736093
        ]
      },
      "properties": {
        "NO": "1887",
        "共通ID": "E4621800047111",
        "施設・場所名": "野口公民館",
        "住所": "鹿児島県霧島市国分野口町12-10",
        "指定緊急避難場所との住所同一": "1",
        "その他市町村長が必要と認める事項": null,
        "受入対象者": null,
        "備考": ""
      }
    },
    {
      "type": "Feature",
      "geometry": {
        "type": "Point",
        "coordinates": [
          130.731437,
          31.814439
        ]
      },
      "properties": {
        "NO": "1888",
        "共通ID": "E4621800048111",
        "施設・場所名": "中福良小学校（体育館）",
        "住所": "鹿児島県霧島市隼人町嘉例川1831-1",
        "指定緊急避難場所との住所同一": "1",
        "その他市町村長が必要と認める事項": "",
        "受入対象者": "",
        "備考": ""
      }
    },
    {
      "type": "Feature",
      "geometry": {
        "type": "Point",
        "coordinates": [
          130.722352,
          31.826582
        ]
      },
      "properties": {
        "NO": "1889",
        "共通ID": "E4621800049111",
        "施設・場所名": "中福良地区公民館",
        "住所": "鹿児島県霧島市隼人町嘉例川2174-4",
        "指定緊急避難場所との住所同一": "1",
        "その他市町村長が必要と認める事項": "",
        "受入対象者": "",
        "備考": ""
      }
    },
    {
      "type": "Feature",
      "geometry": {
        "type": "Point",
        "coordinates": [
          130.756423,
          31.81774
        ]
      },
      "properties": {
        "NO": "1890",
        "共通ID": "E4621800050111",
        "施設・場所名": "楽園荘",
        "住所": "鹿児島県霧島市隼人町嘉例川4363",
        "指定緊急避難場所との住所同一": "1",
        "その他市町村長が必要と認める事項": "",
        "受入対象者": "",
        "備考": ""
      }
    },
    {
      "type": "Feature",
      "geometry": {
        "type": "Point",
        "coordinates": [
          130.744396,
          31.726761
        ]
      },
      "properties": {
        "NO": "1891",
        "共通ID": "E4621800051111",
        "施設・場所名": "新川防災センター",
        "住所": "鹿児島県霧島市隼人町住吉520",
        "指定緊急避難場所との住所同一": "1",
        "その他市町村長が必要と認める事項": null,
        "受入対象者": null,
        "備考": ""
      }
    },
    {
      "type": "Feature",
      "geometry": {
        "type": "Point",
        "coordinates": [
          130.715202,
          31.741115
        ]
      },
      "properties": {
        "NO": "1892",
        "共通ID": "E4621800052111",
        "施設・場所名": "小野小学校（体育館）",
        "住所": "鹿児島県霧島市隼人町小田2400",
        "指定緊急避難場所との住所同一": "",
        "その他市町村長が必要と認める事項": "",
        "受入対象者": "",
        "備考": ""
      }
    },
    {
      "type": "Feature",
      "geometry": {
        "type": "Point",
        "coordinates": [
          130.715496,
          31.741581
        ]
      },
      "properties": {
        "NO": "1893",
        "共通ID": "E4621800053111",
        "施設・場所名": "小野地区公民館",
        "住所": "鹿児島県霧島市隼人町小田2468-3",
        "指定緊急避難場所との住所同一": "1",
        "その他市町村長が必要と認める事項": "",
        "受入対象者": "",
        "備考": ""
      }
    },
    {
      "type": "Feature",
      "geometry": {
        "type": "Point",
        "coordinates": [
          130.691468,
          31.734146
        ]
      },
      "properties": {
        "NO": "1894",
        "共通ID": "E4621800054111",
        "施設・場所名": "小浜地区公民館",
        "住所": "鹿児島県霧島市隼人町小浜215-1",
        "指定緊急避難場所との住所同一": "1",
        "その他市町村長が必要と認める事項": "",
        "受入対象者": "",
        "備考": ""
      }
    },
    {
      "type": "Feature",
      "geometry": {
        "type": "Point",
        "coordinates": [
          130.693141,
          31.736053
        ]
      },
      "properties": {
        "NO": "1895",
        "共通ID": "E4621800055111",
        "施設・場所名": "小浜小学校（体育館）",
        "住所": "鹿児島県霧島市隼人町小浜4774",
        "指定緊急避難場所との住所同一": "1",
        "その他市町村長が必要と認める事項": "",
        "受入対象者": "",
        "備考": ""
      }
    },
    {
      "type": "Feature",
      "geometry": {
        "type": "Point",
        "coordinates": [
          130.769067,
          31.784297
        ]
      },
      "properties": {
        "NO": "1896",
        "共通ID": "E4621800056111",
        "施設・場所名": "松永地区公民館",
        "住所": "鹿児島県霧島市隼人町松永1731-2",
        "指定緊急避難場所との住所同一": "1",
        "その他市町村長が必要と認める事項": "",
        "受入対象者": "",
        "備考": ""
      }
    },
    {
      "type": "Feature",
      "geometry": {
        "type": "Point",
        "coordinates": [
          130.736045,
          31.729051
        ]
      },
      "properties": {
        "NO": "1897",
        "共通ID": "E4621800057111",
        "施設・場所名": "富隈地区公民館",
        "住所": "鹿児島県霧島市隼人町真孝223",
        "指定緊急避難場所との住所同一": "1",
        "その他市町村長が必要と認める事項": "",
        "受入対象者": "",
        "備考": ""
      }
    },
    {
      "type": "Feature",
      "geometry": {
        "type": "Point",
        "coordinates": [
          130.719062,
          31.731961
        ]
      },
      "properties": {
        "NO": "1898",
        "共通ID": "E4621800058111",
        "施設・場所名": "隼人人権啓発センター",
        "住所": "鹿児島県霧島市隼人町真孝2490-11",
        "指定緊急避難場所との住所同一": "1",
        "その他市町村長が必要と認める事項": "",
        "受入対象者": "",
        "備考": ""
      }
    },
    {
      "type": "Feature",
      "geometry": {
        "type": "Point",
        "coordinates": [
          130.733983,
          31.727107
        ]
      },
      "properties": {
        "NO": "1899",
        "共通ID": "E4621800059111",
        "施設・場所名": "富隈小学校（体育館）",
        "住所": "鹿児島県霧島市隼人町真孝283-1",
        "指定緊急避難場所との住所同一": "",
        "その他市町村長が必要と認める事項": "",
        "受入対象者": "",
        "備考": ""
      }
    },
    {
      "type": "Feature",
      "geometry": {
        "type": "Point",
        "coordinates": [
          130.732156,
          31.731807
        ]
      },
      "properties": {
        "NO": "1900",
        "共通ID": "E4621800060111",
        "施設・場所名": "隼人中学校（体育館）",
        "住所": "鹿児島県霧島市隼人町真孝900-1",
        "指定緊急避難場所との住所同一": "",
        "その他市町村長が必要と認める事項": "",
        "受入対象者": "",
        "備考": ""
      }
    },
    {
      "type": "Feature",
      "geometry": {
        "type": "Point",
        "coordinates": [
          130.741535,
          31.752334
        ]
      },
      "properties": {
        "NO": "1901",
        "共通ID": "E4621800061111",
        "施設・場所名": "宮内小学校（体育館）",
        "住所": "鹿児島県霧島市隼人町神宮3-4-1",
        "指定緊急避難場所との住所同一": "",
        "その他市町村長が必要と認める事項": "",
        "受入対象者": "",
        "備考": ""
      }
    },
    {
      "type": "Feature",
      "geometry": {
        "type": "Point",
        "coordinates": [
          130.741236,
          31.753405
        ]
      },
      "properties": {
        "NO": "1902",
        "共通ID": "E4621800062111",
        "施設・場所名": "宮内地区公民館",
        "住所": "鹿児島県霧島市隼人町神宮3-4-18",
        "指定緊急避難場所との住所同一": "1",
        "その他市町村長が必要と認める事項": "",
        "受入対象者": "",
        "備考": ""
      }
    },
    {
      "type": "Feature",
      "geometry": {
        "type": "Point",
        "coordinates": [
          130.724427,
          31.782909
        ]
      },
      "properties": {
        "NO": "1903",
        "共通ID": "E4621800063111",
        "施設・場所名": "糸走地区共同利用施設",
        "住所": "鹿児島県霧島市隼人町西光寺2407-1",
        "指定緊急避難場所との住所同一": "1",
        "その他市町村長が必要と認める事項": "",
        "受入対象者": "",
        "備考": ""
      }
    },
    {
      "type": "Feature",
      "geometry": {
        "type": "Point",
        "coordinates": [
          130.750186,
          31.778519
        ]
      },
      "properties": {
        "NO": "1904",
        "共通ID": "E4621800064111",
        "施設・場所名": "湯田公民館",
        "住所": "鹿児島県霧島市隼人町西光寺445-2",
        "指定緊急避難場所との住所同一": "1",
        "その他市町村長が必要と認める事項": null,
        "受入対象者": null,
        "備考": ""
      }
    },
    {
      "type": "Feature",
      "geometry": {
        "type": "Point",
        "coordinates": [
          130.749361,
          31.773692
        ]
      },
      "properties": {
        "NO": "1905",
        "共通ID": "E4621800108111",
        "施設・場所名": "あいら農協　日当山施設　あいら共同株式会社　本社",
        "住所": "鹿児島県霧島市隼人町西光寺521-5",
        "指定緊急避難場所との住所同一": "1",
        "その他市町村長が必要と認める事項": "",
        "受入対象者": "",
        "備考": ""
      }
    },
    {
      "type": "Feature",
      "geometry": {
        "type": "Point",
        "coordinates": [
          130.755199,
          31.772214
        ]
      },
      "properties": {
        "NO": "1906",
        "共通ID": "E4621800066111",
        "施設・場所名": "日当山中学校（武道館）",
        "住所": "鹿児島県霧島市隼人町東郷1187-2",
        "指定緊急避難場所との住所同一": "1",
        "その他市町村長が必要と認める事項": "",
        "受入対象者": "",
        "備考": ""
      }
    },
    {
      "type": "Feature",
      "geometry": {
        "type": "Point",
        "coordinates": [
          130.756076,
          31.774006
        ]
      },
      "properties": {
        "NO": "1907",
        "共通ID": "E4621800067111",
        "施設・場所名": "日当山小学校（体育館）",
        "住所": "鹿児島県霧島市隼人町東郷1395-1",
        "指定緊急避難場所との住所同一": "",
        "その他市町村長が必要と認める事項": "",
        "受入対象者": "",
        "備考": ""
      }
    },
    {
      "type": "Feature",
      "geometry": {
        "type": "Point",
        "coordinates": [
          130.7532,
          31.767348
        ]
      },
      "properties": {
        "NO": "1908",
        "共通ID": "E4621800068111",
        "施設・場所名": "日当山地区公民館",
        "住所": "鹿児島県霧島市隼人町東郷161",
        "指定緊急避難場所との住所同一": "1",
        "その他市町村長が必要と認める事項": "",
        "受入対象者": "",
        "備考": ""
      }
    },
    {
      "type": "Feature",
      "geometry": {
        "type": "Point",
        "coordinates": [
          130.75271,
          31.757492
        ]
      },
      "properties": {
        "NO": "1909",
        "共通ID": "E4621800069111",
        "施設・場所名": "天降川地区共同利用施設",
        "住所": "鹿児島県霧島市隼人町内1054-1",
        "指定緊急避難場所との住所同一": "1",
        "その他市町村長が必要と認める事項": "",
        "受入対象者": "",
        "備考": ""
      }
    },
    {
      "type": "Feature",
      "geometry": {
        "type": "Point",
        "coordinates": [
          130.735898,
          31.744593
        ]
      },
      "properties": {
        "NO": "1910",
        "共通ID": "E4621800070111",
        "施設・場所名": "隼人農村環境改善センター",
        "住所": "鹿児島県霧島市隼人町内山田1-14-10",
        "指定緊急避難場所との住所同一": "1",
        "その他市町村長が必要と認める事項": "",
        "受入対象者": "",
        "備考": ""
      }
    },
    {
      "type": "Feature",
      "geometry": {
        "type": "Point",
        "coordinates": [
          130.735898,
          31.744593
        ]
      },
      "properties": {
        "NO": "1911",
        "共通ID": "E4621800070121",
        "施設・場所名": "隼人農村環境改善センター",
        "住所": "鹿児島県霧島市隼人町内山田1-14-10",
        "指定緊急避難場所との住所同一": "1",
        "その他市町村長が必要と認める事項": "",
        "受入対象者": "要配慮者",
        "備考": ""
      }
    },
    {
      "type": "Feature",
      "geometry": {
        "type": "Point",
        "coordinates": [
          130.758774,
          31.766651
        ]
      },
      "properties": {
        "NO": "1912",
        "共通ID": "E4621800071111",
        "施設・場所名": "隼人姫城地区公民館",
        "住所": "鹿児島県霧島市隼人町姫城2-206",
        "指定緊急避難場所との住所同一": "1",
        "その他市町村長が必要と認める事項": "",
        "受入対象者": "",
        "備考": ""
      }
    },
    {
      "type": "Feature",
      "geometry": {
        "type": "Point",
        "coordinates": [
          130.709391,
          31.736966
        ]
      },
      "properties": {
        "NO": "1913",
        "共通ID": "E4621800072111",
        "施設・場所名": "野久美田公民館",
        "住所": "鹿児島県霧島市隼人町野久美田278-2",
        "指定緊急避難場所との住所同一": "1",
        "その他市町村長が必要と認める事項": null,
        "受入対象者": null,
        "備考": ""
      }
    },
    {
      "type": "Feature",
      "geometry": {
        "type": "Point",
        "coordinates": [
          130.820714,
          31.645837
        ]
      },
      "properties": {
        "NO": "1914",
        "共通ID": "E4621800074111",
        "施設・場所名": "大廻地区体育館",
        "住所": "鹿児島県霧島市福山町福山109-1",
        "指定緊急避難場所との住所同一": "",
        "その他市町村長が必要と認める事項": null,
        "受入対象者": null,
        "備考": ""
      }
    },
    {
      "type": "Feature",
      "geometry": {
        "type": "Point",
        "coordinates": [
          130.816794,
          31.677401
        ]
      },
      "properties": {
        "NO": "1915",
        "共通ID": "E4621800076111",
        "施設・場所名": "福山小学校　（２Ｆ）",
        "住所": "鹿児島県霧島市福山町福山2962-1",
        "指定緊急避難場所との住所同一": "1",
        "その他市町村長が必要と認める事項": "",
        "受入対象者": "",
        "備考": ""
      }
    },
    {
      "type": "Feature",
      "geometry": {
        "type": "Point",
        "coordinates": [
          130.849387,
          31.671361
        ]
      },
      "properties": {
        "NO": "1916",
        "共通ID": "E4621800077111",
        "施設・場所名": "西牧之原地区公民館",
        "住所": "鹿児島県霧島市福山町福山4713-2",
        "指定緊急避難場所との住所同一": "1",
        "その他市町村長が必要と認める事項": null,
        "受入対象者": null,
        "備考": ""
      }
    },
    {
      "type": "Feature",
      "geometry": {
        "type": "Point",
        "coordinates": [
          130.865337,
          31.669764
        ]
      },
      "properties": {
        "NO": "1917",
        "共通ID": "E4621800078111",
        "施設・場所名": "下牧之原地区公民館",
        "住所": "鹿児島県霧島市福山町福山4912-28",
        "指定緊急避難場所との住所同一": "1",
        "その他市町村長が必要と認める事項": null,
        "受入対象者": null,
        "備考": ""
      }
    },
    {
      "type": "Feature",
      "geometry": {
        "type": "Point",
        "coordinates": [
          130.853838,
          31.670383
        ]
      },
      "properties": {
        "NO": "1918",
        "共通ID": "E4621800079112",
        "施設・場所名": "東牧之原地区公民館",
        "住所": "鹿児島県霧島市福山町福山5290-61",
        "指定緊急避難場所との住所同一": "1",
        "その他市町村長が必要と認める事項": null,
        "受入対象者": null,
        "備考": ""
      }
    },
    {
      "type": "Feature",
      "geometry": {
        "type": "Point",
        "coordinates": [
          130.851715,
          31.670164
        ]
      },
      "properties": {
        "NO": "1919",
        "共通ID": "E4621800079113",
        "施設・場所名": "福山体育館",
        "住所": "鹿児島県霧島市福山町福山5290-61",
        "指定緊急避難場所との住所同一": "1",
        "その他市町村長が必要と認める事項": "",
        "受入対象者": "",
        "備考": ""
      }
    },
    {
      "type": "Feature",
      "geometry": {
        "type": "Point",
        "coordinates": [
          130.852388,
          31.670607
        ]
      },
      "properties": {
        "NO": "1920",
        "共通ID": "E4621800079111",
        "施設・場所名": "福山総合支所会議室・福山農村青年の館",
        "住所": "鹿児島県霧島市福山町福山5290-61",
        "指定緊急避難場所との住所同一": "1",
        "その他市町村長が必要と認める事項": "",
        "受入対象者": "",
        "備考": ""
      }
    },
    {
      "type": "Feature",
      "geometry": {
        "type": "Point",
        "coordinates": [
          130.822812,
          31.651192
        ]
      },
      "properties": {
        "NO": "1921",
        "共通ID": "E4621800080111",
        "施設・場所名": "大廻地区公民館",
        "住所": "鹿児島県霧島市福山町福山556",
        "指定緊急避難場所との住所同一": "1",
        "その他市町村長が必要と認める事項": null,
        "受入対象者": null,
        "備考": ""
      }
    },
    {
      "type": "Feature",
      "geometry": {
        "type": "Point",
        "coordinates": [
          130.843498,
          31.661765
        ]
      },
      "properties": {
        "NO": "1922",
        "共通ID": "E4621800081121",
        "施設・場所名": "福山活性化センター",
        "住所": "鹿児島県霧島市福山町福山6268-64",
        "指定緊急避難場所との住所同一": "",
        "その他市町村長が必要と認める事項": "",
        "受入対象者": "要配慮者",
        "備考": ""
      }
    },
    {
      "type": "Feature",
      "geometry": {
        "type": "Point",
        "coordinates": [
          130.843498,
          31.661765
        ]
      },
      "properties": {
        "NO": "1923",
        "共通ID": "E4621800081111",
        "施設・場所名": "福山活性化センター",
        "住所": "鹿児島県霧島市福山町福山6268-64",
        "指定緊急避難場所との住所同一": "",
        "その他市町村長が必要と認める事項": "",
        "受入対象者": "",
        "備考": ""
      }
    },
    {
      "type": "Feature",
      "geometry": {
        "type": "Point",
        "coordinates": [
          130.824342,
          31.655244
        ]
      },
      "properties": {
        "NO": "1924",
        "共通ID": "E4621800082111",
        "施設・場所名": "オレンジ学園（管理棟５Ｆ）",
        "住所": "鹿児島県霧島市福山町福山838",
        "指定緊急避難場所との住所同一": "1",
        "その他市町村長が必要と認める事項": "",
        "受入対象者": "",
        "備考": ""
      }
    },
    {
      "type": "Feature",
      "geometry": {
        "type": "Point",
        "coordinates": [
          130.774858,
          31.830162
        ]
      },
      "properties": {
        "NO": "1925",
        "共通ID": "E4621800083111",
        "施設・場所名": "中津川地区公民館",
        "住所": "鹿児島県霧島市牧園町下中津川1296-5",
        "指定緊急避難場所との住所同一": "1",
        "その他市町村長が必要と認める事項": "",
        "受入対象者": "",
        "備考": ""
      }
    },
    {
      "type": "Feature",
      "geometry": {
        "type": "Point",
        "coordinates": [
          130.818574,
          31.885258
        ]
      },
      "properties": {
        "NO": "1926",
        "共通ID": "E4621800084111",
        "施設・場所名": "高千穂小学校（体育館）",
        "住所": "鹿児島県霧島市牧園町高千穂3855-55",
        "指定緊急避難場所との住所同一": "",
        "その他市町村長が必要と認める事項": "",
        "受入対象者": "",
        "備考": ""
      }
    },
    {
      "type": "Feature",
      "geometry": {
        "type": "Point",
        "coordinates": [
          130.818103,
          31.885556
        ]
      },
      "properties": {
        "NO": "1927",
        "共通ID": "E4621800085111",
        "施設・場所名": "高千穂地区公民館",
        "住所": "鹿児島県霧島市牧園町高千穂3864-393",
        "指定緊急避難場所との住所同一": "1",
        "その他市町村長が必要と認める事項": "",
        "受入対象者": "",
        "備考": ""
      }
    },
    {
      "type": "Feature",
      "geometry": {
        "type": "Point",
        "coordinates": [
          130.781693,
          31.883631
        ]
      },
      "properties": {
        "NO": "1928",
        "共通ID": "E4621800086112",
        "施設・場所名": "三体地区公民館",
        "住所": "鹿児島県霧島市牧園町三体堂1573",
        "指定緊急避難場所との住所同一": "1",
        "その他市町村長が必要と認める事項": "",
        "受入対象者": "",
        "備考": ""
      }
    },
    {
      "type": "Feature",
      "geometry": {
        "type": "Point",
        "coordinates": [
          130.80434,
          31.825182
        ]
      },
      "properties": {
        "NO": "1929",
        "共通ID": "E4621800087111",
        "施設・場所名": "持松小学校（体育館）",
        "住所": "鹿児島県霧島市牧園町持松11",
        "指定緊急避難場所との住所同一": "",
        "その他市町村長が必要と認める事項": "",
        "受入対象者": "",
        "備考": ""
      }
    },
    {
      "type": "Feature",
      "geometry": {
        "type": "Point",
        "coordinates": [
          130.807271,
          31.843596
        ]
      },
      "properties": {
        "NO": "1930",
        "共通ID": "E4621800088111",
        "施設・場所名": "持松地区公民館",
        "住所": "鹿児島県霧島市牧園町持松1350-1",
        "指定緊急避難場所との住所同一": "1",
        "その他市町村長が必要と認める事項": "",
        "受入対象者": "",
        "備考": ""
      }
    },
    {
      "type": "Feature",
      "geometry": {
        "type": "Point",
        "coordinates": [
          130.774347,
          31.85672
        ]
      },
      "properties": {
        "NO": "1931",
        "共通ID": "E4621800089111",
        "施設・場所名": "牧園アリーナ",
        "住所": "鹿児島県霧島市牧園町宿窪田2992",
        "指定緊急避難場所との住所同一": "",
        "その他市町村長が必要と認める事項": "",
        "受入対象者": "",
        "備考": ""
      }
    },
    {
      "type": "Feature",
      "geometry": {
        "type": "Point",
        "coordinates": [
          130.751573,
          31.856238
        ]
      },
      "properties": {
        "NO": "1932",
        "共通ID": "E4621800090111",
        "施設・場所名": "牧園小学校（体育館）",
        "住所": "鹿児島県霧島市牧園町宿窪田788-3",
        "指定緊急避難場所との住所同一": "",
        "その他市町村長が必要と認める事項": "",
        "受入対象者": "",
        "備考": ""
      }
    },
    {
      "type": "Feature",
      "geometry": {
        "type": "Point",
        "coordinates": [
          130.750364,
          31.856204
        ]
      },
      "properties": {
        "NO": "1933",
        "共通ID": "E4621800091111",
        "施設・場所名": "牧園農村活性化センター",
        "住所": "鹿児島県霧島市牧園町宿窪田813-11",
        "指定緊急避難場所との住所同一": "1",
        "その他市町村長が必要と認める事項": "",
        "受入対象者": "",
        "備考": ""
      }
    },
    {
      "type": "Feature",
      "geometry": {
        "type": "Point",
        "coordinates": [
          130.750364,
          31.856204
        ]
      },
      "properties": {
        "NO": "1934",
        "共通ID": "E4621800091121",
        "施設・場所名": "牧園農村活性化センター",
        "住所": "鹿児島県霧島市牧園町宿窪田813-11",
        "指定緊急避難場所との住所同一": "1",
        "その他市町村長が必要と認める事項": "",
        "受入対象者": "要配慮者",
        "備考": ""
      }
    },
    {
      "type": "Feature",
      "geometry": {
        "type": "Point",
        "coordinates": [
          130.782798,
          31.837551
        ]
      },
      "properties": {
        "NO": "1935",
        "共通ID": "E4621800092111",
        "施設・場所名": "中津川小学校（体育館）",
        "住所": "鹿児島県霧島市牧園町上中津川1282",
        "指定緊急避難場所との住所同一": "",
        "その他市町村長が必要と認める事項": "",
        "受入対象者": "",
        "備考": ""
      }
    },
    {
      "type": "Feature",
      "geometry": {
        "type": "Point",
        "coordinates": [
          130.749641,
          31.901694
        ]
      },
      "properties": {
        "NO": "1936",
        "共通ID": "E4621800093111",
        "施設・場所名": "万膳小学校（校舎南側・体育館）",
        "住所": "鹿児島県霧島市牧園町万膳673",
        "指定緊急避難場所との住所同一": "1",
        "その他市町村長が必要と認める事項": "",
        "受入対象者": "",
        "備考": ""
      }
    },
    {
      "type": "Feature",
      "geometry": {
        "type": "Point",
        "coordinates": [
          130.831142,
          31.804918
        ]
      },
      "properties": {
        "NO": "1937",
        "共通ID": "E4621800094111",
        "施設・場所名": "永水小学校（体育館）",
        "住所": "鹿児島県霧島市霧島永水3811",
        "指定緊急避難場所との住所同一": "",
        "その他市町村長が必要と認める事項": "",
        "受入対象者": "",
        "備考": ""
      }
    },
    {
      "type": "Feature",
      "geometry": {
        "type": "Point",
        "coordinates": [
          130.8619,
          31.84826
        ]
      },
      "properties": {
        "NO": "1938",
        "共通ID": "E4621800095111",
        "施設・場所名": "霧島小学校（体育館）",
        "住所": "鹿児島県霧島市霧島田口2255",
        "指定緊急避難場所との住所同一": "1",
        "その他市町村長が必要と認める事項": "",
        "受入対象者": "",
        "備考": ""
      }
    },
    {
      "type": "Feature",
      "geometry": {
        "type": "Point",
        "coordinates": [
          130.877682,
          31.853199
        ]
      },
      "properties": {
        "NO": "1939",
        "共通ID": "E4621800096111",
        "施設・場所名": "霧島緑の村（体育館）　※火山を除く",
        "住所": "鹿児島県霧島市霧島田口2583-13",
        "指定緊急避難場所との住所同一": "",
        "その他市町村長が必要と認める事項": "",
        "受入対象者": "",
        "備考": ""
      }
    },
    {
      "type": "Feature",
      "geometry": {
        "type": "Point",
        "coordinates": [
          130.839155,
          31.830299
        ]
      },
      "properties": {
        "NO": "1940",
        "共通ID": "E4621800097121",
        "施設・場所名": "霧島公民館",
        "住所": "鹿児島県霧島市霧島田口500",
        "指定緊急避難場所との住所同一": "1",
        "その他市町村長が必要と認める事項": "",
        "受入対象者": "要配慮者",
        "備考": ""
      }
    },
    {
      "type": "Feature",
      "geometry": {
        "type": "Point",
        "coordinates": [
          130.839155,
          31.830299
        ]
      },
      "properties": {
        "NO": "1941",
        "共通ID": "E4621800097111",
        "施設・場所名": "霧島公民館",
        "住所": "鹿児島県霧島市霧島田口500",
        "指定緊急避難場所との住所同一": "1",
        "その他市町村長が必要と認める事項": "",
        "受入対象者": "",
        "備考": ""
      }
    },
    {
      "type": "Feature",
      "geometry": {
        "type": "Point",
        "coordinates": [
          130.838954,
          31.829985
        ]
      },
      "properties": {
        "NO": "1942",
        "共通ID": "E4621800098111",
        "施設・場所名": "霧島温泉健康増進交流センター（神乃湯）",
        "住所": "鹿児島県霧島市霧島田口501",
        "指定緊急避難場所との住所同一": "",
        "その他市町村長が必要と認める事項": "",
        "受入対象者": "",
        "備考": ""
      }
    },
    {
      "type": "Feature",
      "geometry": {
        "type": "Point",
        "coordinates": [
          130.83676,
          31.821819
        ]
      },
      "properties": {
        "NO": "1943",
        "共通ID": "E4621800099111",
        "施設・場所名": "大田小学校（多目的ホール）",
        "住所": "鹿児島県霧島市霧島田口64",
        "指定緊急避難場所との住所同一": "",
        "その他市町村長が必要と認める事項": "",
        "受入対象者": "",
        "備考": ""
      }
    },
    {
      "type": "Feature",
      "geometry": {
        "type": "Point",
        "coordinates": [
          130.834557,
          31.819757
        ]
      },
      "properties": {
        "NO": "1944",
        "共通ID": "E4621800100111",
        "施設・場所名": "霧島総合支所",
        "住所": "鹿児島県霧島市霧島田口8-4",
        "指定緊急避難場所との住所同一": "1",
        "その他市町村長が必要と認める事項": null,
        "受入対象者": null,
        "備考": ""
      }
    },
    {
      "type": "Feature",
      "geometry": {
        "type": "Point",
        "coordinates": [
          130.67355,
          31.939544
        ]
      },
      "properties": {
        "NO": "1945",
        "共通ID": "E4645200006111",
        "施設・場所名": "幸田コミュニティセンター",
        "住所": "鹿児島県湧水町幸田1767-2",
        "指定緊急避難場所との住所同一": "1",
        "その他市町村長が必要と認める事項": "",
        "受入対象者": "",
        "備考": ""
      }
    },
    {
      "type": "Feature",
      "geometry": {
        "type": "Point",
        "coordinates": [
          130.689101,
          31.961989
        ]
      },
      "properties": {
        "NO": "1946",
        "共通ID": "E4645200024111",
        "施設・場所名": "轟小学校体育館",
        "住所": "鹿児島県湧水町恒次1043",
        "指定緊急避難場所との住所同一": "",
        "その他市町村長が必要と認める事項": "",
        "受入対象者": "",
        "備考": ""
      }
    },
    {
      "type": "Feature",
      "geometry": {
        "type": "Point",
        "coordinates": [
          130.740102,
          32.016154
        ]
      },
      "properties": {
        "NO": "1947",
        "共通ID": "E4645200016111",
        "施設・場所名": "吉松中央公民館",
        "住所": "鹿児島県湧水町川西845-1",
        "指定緊急避難場所との住所同一": "1",
        "その他市町村長が必要と認める事項": "",
        "受入対象者": "",
        "備考": ""
      }
    },
    {
      "type": "Feature",
      "geometry": {
        "type": "Point",
        "coordinates": [
          130.738589,
          32.011492
        ]
      },
      "properties": {
        "NO": "1948",
        "共通ID": "E4645200025111",
        "施設・場所名": "停車場地区コミュニティセンター",
        "住所": "鹿児島県湧水町川西935-12",
        "指定緊急避難場所との住所同一": "1",
        "その他市町村長が必要と認める事項": "",
        "受入対象者": "",
        "備考": ""
      }
    },
    {
      "type": "Feature",
      "geometry": {
        "type": "Point",
        "coordinates": [
          130.738589,
          32.011501
        ]
      },
      "properties": {
        "NO": "1949",
        "共通ID": "E4645200025121",
        "施設・場所名": "停車場地区コミュニティセンター",
        "住所": "鹿児島県湧水町川西935-12",
        "指定緊急避難場所との住所同一": "1",
        "その他市町村長が必要と認める事項": "",
        "受入対象者": "高齢者・障害者等",
        "備考": ""
      }
    },
    {
      "type": "Feature",
      "geometry": {
        "type": "Point",
        "coordinates": [
          130.745003,
          32.014822
        ]
      },
      "properties": {
        "NO": "1950",
        "共通ID": "E4645200015111",
        "施設・場所名": "吉松保健センター",
        "住所": "鹿児島県湧水町中津川603",
        "指定緊急避難場所との住所同一": "1",
        "その他市町村長が必要と認める事項": "",
        "受入対象者": "",
        "備考": ""
      }
    },
    {
      "type": "Feature",
      "geometry": {
        "type": "Point",
        "coordinates": [
          130.744997,
          32.014826
        ]
      },
      "properties": {
        "NO": "1951",
        "共通ID": "E4645200015121",
        "施設・場所名": "吉松保健センター",
        "住所": "鹿児島県湧水町中津川603",
        "指定緊急避難場所との住所同一": "1",
        "その他市町村長が必要と認める事項": "",
        "受入対象者": "高齢者・障害者等",
        "備考": ""
      }
    },
    {
      "type": "Feature",
      "geometry": {
        "type": "Point",
        "coordinates": [
          130.71507,
          31.950633
        ]
      },
      "properties": {
        "NO": "1952",
        "共通ID": "E4645200003121",
        "施設・場所名": "いきいきセンターくりの郷",
        "住所": "鹿児島県湧水町米永411-1",
        "指定緊急避難場所との住所同一": "1",
        "その他市町村長が必要と認める事項": "",
        "受入対象者": "高齢者・障害者等",
        "備考": ""
      }
    },
    {
      "type": "Feature",
      "geometry": {
        "type": "Point",
        "coordinates": [
          130.71508,
          31.950647
        ]
      },
      "properties": {
        "NO": "1953",
        "共通ID": "E4645200003111",
        "施設・場所名": "いきいきセンターくりの郷",
        "住所": "鹿児島県湧水町米永411-1",
        "指定緊急避難場所との住所同一": "1",
        "その他市町村長が必要と認める事項": "",
        "受入対象者": "",
        "備考": ""
      }
    },
    {
      "type": "Feature",
      "geometry": {
        "type": "Point",
        "coordinates": [
          130.717957,
          31.950405
        ]
      },
      "properties": {
        "NO": "1954",
        "共通ID": "E4645200002111",
        "施設・場所名": "栗野保健センター",
        "住所": "鹿児島県湧水町米永445-8",
        "指定緊急避難場所との住所同一": "1",
        "その他市町村長が必要と認める事項": "",
        "受入対象者": "",
        "備考": ""
      }
    },
    {
      "type": "Feature",
      "geometry": {
        "type": "Point",
        "coordinates": [
          130.717947,
          31.950396
        ]
      },
      "properties": {
        "NO": "1955",
        "共通ID": "E4645200002121",
        "施設・場所名": "栗野保健センター",
        "住所": "鹿児島県湧水町米永445-8",
        "指定緊急避難場所との住所同一": "1",
        "その他市町村長が必要と認める事項": "",
        "受入対象者": "高齢者・障害者等",
        "備考": ""
      }
    },
    {
      "type": "Feature",
      "geometry": {
        "type": "Point",
        "coordinates": [
          130.725783,
          31.925545
        ]
      },
      "properties": {
        "NO": "1956",
        "共通ID": "E4645200023111",
        "施設・場所名": "上場小学校体育館",
        "住所": "鹿児島県湧水町木場4115-1",
        "指定緊急避難場所との住所同一": "",
        "その他市町村長が必要と認める事項": "",
        "受入対象者": "",
        "備考": ""
      }
    },
    {
      "type": "Feature",
      "geometry": {
        "type": "Point",
        "coordinates": [
          130.726026,
          31.950123
        ]
      },
      "properties": {
        "NO": "1957",
        "共通ID": "E4645200005111",
        "施設・場所名": "栗野中学校体育館",
        "住所": "鹿児島県湧水町木場790",
        "指定緊急避難場所との住所同一": "",
        "その他市町村長が必要と認める事項": "",
        "受入対象者": "",
        "備考": ""
      }
    },
    {
      "type": "Feature",
      "geometry": {
        "type": "Point",
        "coordinates": [
          128.443788,
          27.046107
        ]
      },
      "properties": {
        "NO": "1958",
        "共通ID": "E4653500001111",
        "施設・場所名": "古里自治公民館",
        "住所": "鹿児島県与論町古里1403",
        "指定緊急避難場所との住所同一": "",
        "その他市町村長が必要と認める事項": "",
        "受入対象者": "",
        "備考": ""
      }
    },
    {
      "type": "Feature",
      "geometry": {
        "type": "Point",
        "coordinates": [
          128.420183,
          27.044234
        ]
      },
      "properties": {
        "NO": "1959",
        "共通ID": "E4653500004111",
        "施設・場所名": "中央公民館",
        "住所": "鹿児島県与論町茶花1013",
        "指定緊急避難場所との住所同一": "",
        "その他市町村長が必要と認める事項": null,
        "受入対象者": null,
        "備考": ""
      }
    },
    {
      "type": "Feature",
      "geometry": {
        "type": "Point",
        "coordinates": [
          128.421257,
          27.045167
        ]
      },
      "properties": {
        "NO": "1960",
        "共通ID": "E4653500005112",
        "施設・場所名": "保健センター",
        "住所": "鹿児島県与論町茶花1491",
        "指定緊急避難場所との住所同一": "",
        "その他市町村長が必要と認める事項": null,
        "受入対象者": null,
        "備考": ""
      }
    },
    {
      "type": "Feature",
      "geometry": {
        "type": "Point",
        "coordinates": [
          128.423679,
          27.05125
        ]
      },
      "properties": {
        "NO": "1961",
        "共通ID": "E4653500006111",
        "施設・場所名": "砂美地来館",
        "住所": "鹿児島県与論町茶花2045",
        "指定緊急避難場所との住所同一": "",
        "その他市町村長が必要と認める事項": "",
        "受入対象者": "",
        "備考": ""
      }
    },
    {
      "type": "Feature",
      "geometry": {
        "type": "Point",
        "coordinates": [
          128.423469,
          27.050556
        ]
      },
      "properties": {
        "NO": "1962",
        "共通ID": "E4653500007111",
        "施設・場所名": "防災センター",
        "住所": "鹿児島県与論町茶花2045-3",
        "指定緊急避難場所との住所同一": "",
        "その他市町村長が必要と認める事項": null,
        "受入対象者": null,
        "備考": ""
      }
    },
    {
      "type": "Feature",
      "geometry": {
        "type": "Point",
        "coordinates": [
          128.414952,
          27.050933
        ]
      },
      "properties": {
        "NO": "1963",
        "共通ID": "E4653500008111",
        "施設・場所名": "茶花自治公民館",
        "住所": "鹿児島県与論町茶花2325-3",
        "指定緊急避難場所との住所同一": "",
        "その他市町村長が必要と認める事項": "",
        "受入対象者": "",
        "備考": ""
      }
    },
    {
      "type": "Feature",
      "geometry": {
        "type": "Point",
        "coordinates": [
          128.424711,
          27.052726
        ]
      },
      "properties": {
        "NO": "1964",
        "共通ID": "E4653500010111",
        "施設・場所名": "多目的屋内運動場",
        "住所": "鹿児島県与論町茶花2666",
        "指定緊急避難場所との住所同一": "",
        "その他市町村長が必要と認める事項": null,
        "受入対象者": null,
        "備考": ""
      }
    },
    {
      "type": "Feature",
      "geometry": {
        "type": "Point",
        "coordinates": [
          128.41832,
          27.047069
        ]
      },
      "properties": {
        "NO": "1965",
        "共通ID": "E4653500011111",
        "施設・場所名": "茶花小学校",
        "住所": "鹿児島県与論町茶花298",
        "指定緊急避難場所との住所同一": "",
        "その他市町村長が必要と認める事項": null,
        "受入対象者": null,
        "備考": ""
      }
    },
    {
      "type": "Feature",
      "geometry": {
        "type": "Point",
        "coordinates": [
          128.431695,
          27.032899
        ]
      },
      "properties": {
        "NO": "1966",
        "共通ID": "E4653500012111",
        "施設・場所名": "与論中学校",
        "住所": "鹿児島県与論町朝戸1134",
        "指定緊急避難場所との住所同一": "",
        "その他市町村長が必要と認める事項": null,
        "受入対象者": null,
        "備考": ""
      }
    },
    {
      "type": "Feature",
      "geometry": {
        "type": "Point",
        "coordinates": [
          128.434975,
          27.03077
        ]
      },
      "properties": {
        "NO": "1967",
        "共通ID": "E4653500013111",
        "施設・場所名": "与論小学校",
        "住所": "鹿児島県与論町朝戸1445",
        "指定緊急避難場所との住所同一": "",
        "その他市町村長が必要と認める事項": null,
        "受入対象者": null,
        "備考": ""
      }
    },
    {
      "type": "Feature",
      "geometry": {
        "type": "Point",
        "coordinates": [
          128.434426,
          27.032811
        ]
      },
      "properties": {
        "NO": "1968",
        "共通ID": "E4653500014111",
        "施設・場所名": "朝戸自治公民館",
        "住所": "鹿児島県与論町朝戸1772",
        "指定緊急避難場所との住所同一": "",
        "その他市町村長が必要と認める事項": "",
        "受入対象者": "",
        "備考": ""
      }
    },
    {
      "type": "Feature",
      "geometry": {
        "type": "Point",
        "coordinates": [
          128.432007,
          27.046837
        ]
      },
      "properties": {
        "NO": "1969",
        "共通ID": "E4653500015111",
        "施設・場所名": "叶自治公民館",
        "住所": "鹿児島県与論町朝戸396-2",
        "指定緊急避難場所との住所同一": "",
        "その他市町村長が必要と認める事項": "",
        "受入対象者": "",
        "備考": ""
      }
    },
    {
      "type": "Feature",
      "geometry": {
        "type": "Point",
        "coordinates": [
          128.434571,
          27.052622
        ]
      },
      "properties": {
        "NO": "1970",
        "共通ID": "E4653500016111",
        "施設・場所名": "那間小学校",
        "住所": "鹿児島県与論町那間286",
        "指定緊急避難場所との住所同一": "",
        "その他市町村長が必要と認める事項": null,
        "受入対象者": null,
        "備考": ""
      }
    },
    {
      "type": "Feature",
      "geometry": {
        "type": "Point",
        "coordinates": [
          128.433425,
          27.052691
        ]
      },
      "properties": {
        "NO": "1971",
        "共通ID": "E4653500017111",
        "施設・場所名": "那間自治公民館",
        "住所": "鹿児島県与論町那間3347",
        "指定緊急避難場所との住所同一": "",
        "その他市町村長が必要と認める事項": "",
        "受入対象者": "",
        "備考": ""
      }
    },
    {
      "type": "Feature",
      "geometry": {
        "type": "Point",
        "coordinates": [
          128.443015,
          27.030743
        ]
      },
      "properties": {
        "NO": "1972",
        "共通ID": "E4653500018111",
        "施設・場所名": "東区自治公民館",
        "住所": "鹿児島県与論町麦屋1687",
        "指定緊急避難場所との住所同一": "",
        "その他市町村長が必要と認める事項": "",
        "受入対象者": "",
        "備考": ""
      }
    },
    {
      "type": "Feature",
      "geometry": {
        "type": "Point",
        "coordinates": [
          128.440235,
          27.031707
        ]
      },
      "properties": {
        "NO": "1973",
        "共通ID": "E4653500019111",
        "施設・場所名": "西区自治公民館",
        "住所": "鹿児島県与論町麦屋1904",
        "指定緊急避難場所との住所同一": "",
        "その他市町村長が必要と認める事項": "",
        "受入対象者": "",
        "備考": ""
      }
    },
    {
      "type": "Feature",
      "geometry": {
        "type": "Point",
        "coordinates": [
          128.43227,
          27.028473
        ]
      },
      "properties": {
        "NO": "1974",
        "共通ID": "E4653500020111",
        "施設・場所名": "城自治公民館",
        "住所": "鹿児島県与論町麦屋3405",
        "指定緊急避難場所との住所同一": "",
        "その他市町村長が必要と認める事項": "",
        "受入対象者": "",
        "備考": ""
      }
    },
    {
      "type": "Feature",
      "geometry": {
        "type": "Point",
        "coordinates": [
          128.413469,
          27.034098
        ]
      },
      "properties": {
        "NO": "1975",
        "共通ID": "E4653500021111",
        "施設・場所名": "立長コミュニティセンター",
        "住所": "鹿児島県与論町立長1769-2",
        "指定緊急避難場所との住所同一": "",
        "その他市町村長が必要と認める事項": null,
        "受入対象者": null,
        "備考": ""
      }
    },
    {
      "type": "Feature",
      "geometry": {
        "type": "Point",
        "coordinates": [
          128.420571,
          27.035551
        ]
      },
      "properties": {
        "NO": "1976",
        "共通ID": "E4653500022111",
        "施設・場所名": "立長公民館",
        "住所": "鹿児島県与論町立長2341",
        "指定緊急避難場所との住所同一": "",
        "その他市町村長が必要と認める事項": "",
        "受入対象者": "",
        "備考": ""
      }
    },
    {
      "type": "Feature",
      "geometry": {
        "type": "Point",
        "coordinates": [
          129.620309,
          28.412767
        ]
      },
      "properties": {
        "NO": "1977",
        "共通ID": "E4652700048111",
        "施設・場所名": "大島養護学校",
        "住所": "鹿児島県龍郷町芦徳1912-1",
        "指定緊急避難場所との住所同一": "",
        "その他市町村長が必要と認める事項": "",
        "受入対象者": "",
        "備考": ""
      }
    },
    {
      "type": "Feature",
      "geometry": {
        "type": "Point",
        "coordinates": [
          129.617847,
          28.424959
        ]
      },
      "properties": {
        "NO": "1978",
        "共通ID": "E4652700001111",
        "施設・場所名": "芦徳公民館",
        "住所": "鹿児島県龍郷町芦徳354-1",
        "指定緊急避難場所との住所同一": "1",
        "その他市町村長が必要と認める事項": null,
        "受入対象者": null,
        "備考": ""
      }
    },
    {
      "type": "Feature",
      "geometry": {
        "type": "Point",
        "coordinates": [
          129.610666,
          28.475557
        ]
      },
      "properties": {
        "NO": "1979",
        "共通ID": "E4652700002112",
        "施設・場所名": "安木屋場公民館",
        "住所": "鹿児島県龍郷町安木屋場2418-1",
        "指定緊急避難場所との住所同一": "1",
        "その他市町村長が必要と認める事項": "",
        "受入対象者": "",
        "備考": ""
      }
    },
    {
      "type": "Feature",
      "geometry": {
        "type": "Point",
        "coordinates": [
          129.609448,
          28.474331
        ]
      },
      "properties": {
        "NO": "1980",
        "共通ID": "E4652700040111",
        "施設・場所名": "安木屋場児童館",
        "住所": "鹿児島県龍郷町安木屋場2469-1",
        "指定緊急避難場所との住所同一": "",
        "その他市町村長が必要と認める事項": "",
        "受入対象者": "",
        "備考": ""
      }
    },
    {
      "type": "Feature",
      "geometry": {
        "type": "Point",
        "coordinates": [
          129.588041,
          28.408325
        ]
      },
      "properties": {
        "NO": "1981",
        "共通ID": "E4652700004111",
        "施設・場所名": "浦生活館",
        "住所": "鹿児島県龍郷町浦1809-1",
        "指定緊急避難場所との住所同一": "1",
        "その他市町村長が必要と認める事項": null,
        "受入対象者": null,
        "備考": ""
      }
    },
    {
      "type": "Feature",
      "geometry": {
        "type": "Point",
        "coordinates": [
          129.592828,
          28.410595
        ]
      },
      "properties": {
        "NO": "1982",
        "共通ID": "E4652700005111",
        "施設・場所名": "町体育・文化センターりゅうゆう館",
        "住所": "鹿児島県龍郷町浦1837",
        "指定緊急避難場所との住所同一": "1",
        "その他市町村長が必要と認める事項": null,
        "受入対象者": null,
        "備考": ""
      }
    },
    {
      "type": "Feature",
      "geometry": {
        "type": "Point",
        "coordinates": [
          129.586179,
          28.406871
        ]
      },
      "properties": {
        "NO": "1983",
        "共通ID": "E4652700006111",
        "施設・場所名": "龍南中学校",
        "住所": "鹿児島県龍郷町浦528",
        "指定緊急避難場所との住所同一": "1",
        "その他市町村長が必要と認める事項": null,
        "受入対象者": null,
        "備考": ""
      }
    },
    {
      "type": "Feature",
      "geometry": {
        "type": "Point",
        "coordinates": [
          129.587652,
          28.466168
        ]
      },
      "properties": {
        "NO": "1984",
        "共通ID": "E4652700007111",
        "施設・場所名": "円公民館",
        "住所": "鹿児島県龍郷町円447",
        "指定緊急避難場所との住所同一": "1",
        "その他市町村長が必要と認める事項": null,
        "受入対象者": null,
        "備考": ""
      }
    },
    {
      "type": "Feature",
      "geometry": {
        "type": "Point",
        "coordinates": [
          129.588004,
          28.463592
        ]
      },
      "properties": {
        "NO": "1985",
        "共通ID": "E4652700008111",
        "施設・場所名": "円小学校",
        "住所": "鹿児島県龍郷町円731",
        "指定緊急避難場所との住所同一": "1",
        "その他市町村長が必要と認める事項": null,
        "受入対象者": null,
        "備考": ""
      }
    },
    {
      "type": "Feature",
      "geometry": {
        "type": "Point",
        "coordinates": [
          129.569326,
          28.455477
        ]
      },
      "properties": {
        "NO": "1986",
        "共通ID": "E4652700041111",
        "施設・場所名": "嘉渡生活館",
        "住所": "鹿児島県龍郷町嘉渡457-2",
        "指定緊急避難場所との住所同一": "",
        "その他市町村長が必要と認める事項": "",
        "受入対象者": "",
        "備考": ""
      }
    },
    {
      "type": "Feature",
      "geometry": {
        "type": "Point",
        "coordinates": [
          129.566941,
          28.455802
        ]
      },
      "properties": {
        "NO": "1987",
        "共通ID": "E4652700011111",
        "施設・場所名": "龍北中学校",
        "住所": "鹿児島県龍郷町嘉渡487",
        "指定緊急避難場所との住所同一": "1",
        "その他市町村長が必要と認める事項": null,
        "受入対象者": null,
        "備考": ""
      }
    },
    {
      "type": "Feature",
      "geometry": {
        "type": "Point",
        "coordinates": [
          129.561744,
          28.448101
        ]
      },
      "properties": {
        "NO": "1988",
        "共通ID": "E4652700014111",
        "施設・場所名": "秋名小学校",
        "住所": "鹿児島県龍郷町幾里194",
        "指定緊急避難場所との住所同一": "1",
        "その他市町村長が必要と認める事項": null,
        "受入対象者": null,
        "備考": ""
      }
    },
    {
      "type": "Feature",
      "geometry": {
        "type": "Point",
        "coordinates": [
          129.561324,
          28.446257
        ]
      },
      "properties": {
        "NO": "1989",
        "共通ID": "E4652700015111",
        "施設・場所名": "秋名コミュニティーセンター",
        "住所": "鹿児島県龍郷町幾里421",
        "指定緊急避難場所との住所同一": "1",
        "その他市町村長が必要と認める事項": null,
        "受入対象者": null,
        "備考": ""
      }
    },
    {
      "type": "Feature",
      "geometry": {
        "type": "Point",
        "coordinates": [
          129.595591,
          28.435168
        ]
      },
      "properties": {
        "NO": "1990",
        "共通ID": "E4652700016111",
        "施設・場所名": "久場へき地集会場",
        "住所": "鹿児島県龍郷町久場664",
        "指定緊急避難場所との住所同一": "1",
        "その他市町村長が必要と認める事項": null,
        "受入対象者": null,
        "備考": ""
      }
    },
    {
      "type": "Feature",
      "geometry": {
        "type": "Point",
        "coordinates": [
          129.582343,
          28.370525
        ]
      },
      "properties": {
        "NO": "1991",
        "共通ID": "E4652700042111",
        "施設・場所名": "下戸口コミュニティセンター",
        "住所": "鹿児島県龍郷町戸口1496-1",
        "指定緊急避難場所との住所同一": "",
        "その他市町村長が必要と認める事項": "",
        "受入対象者": "",
        "備考": ""
      }
    },
    {
      "type": "Feature",
      "geometry": {
        "type": "Point",
        "coordinates": [
          129.583647,
          28.367179
        ]
      },
      "properties": {
        "NO": "1992",
        "共通ID": "E4652700043111",
        "施設・場所名": "戸口地区振興センター",
        "住所": "鹿児島県龍郷町戸口1782",
        "指定緊急避難場所との住所同一": "",
        "その他市町村長が必要と認める事項": "",
        "受入対象者": "",
        "備考": ""
      }
    },
    {
      "type": "Feature",
      "geometry": {
        "type": "Point",
        "coordinates": [
          129.582049,
          28.368526
        ]
      },
      "properties": {
        "NO": "1993",
        "共通ID": "E4652700019111",
        "施設・場所名": "戸口小学校",
        "住所": "鹿児島県龍郷町戸口1871",
        "指定緊急避難場所との住所同一": "1",
        "その他市町村長が必要と認める事項": null,
        "受入対象者": null,
        "備考": ""
      }
    },
    {
      "type": "Feature",
      "geometry": {
        "type": "Point",
        "coordinates": [
          129.580779,
          28.367331
        ]
      },
      "properties": {
        "NO": "1994",
        "共通ID": "E4652700020111",
        "施設・場所名": "中戸口公民館",
        "住所": "鹿児島県龍郷町戸口1959",
        "指定緊急避難場所との住所同一": "1",
        "その他市町村長が必要と認める事項": null,
        "受入対象者": null,
        "備考": ""
      }
    },
    {
      "type": "Feature",
      "geometry": {
        "type": "Point",
        "coordinates": [
          129.577272,
          28.365489
        ]
      },
      "properties": {
        "NO": "1995",
        "共通ID": "E4652700044111",
        "施設・場所名": "上戸口公民館",
        "住所": "鹿児島県龍郷町戸口2218-1",
        "指定緊急避難場所との住所同一": "",
        "その他市町村長が必要と認める事項": "",
        "受入対象者": "",
        "備考": ""
      }
    },
    {
      "type": "Feature",
      "geometry": {
        "type": "Point",
        "coordinates": [
          129.589126,
          28.416022
        ]
      },
      "properties": {
        "NO": "1996",
        "共通ID": "E4652700023111",
        "施設・場所名": "玉里コミュニティセンター",
        "住所": "鹿児島県龍郷町瀬留1575",
        "指定緊急避難場所との住所同一": "1",
        "その他市町村長が必要と認める事項": null,
        "受入対象者": null,
        "備考": ""
      }
    },
    {
      "type": "Feature",
      "geometry": {
        "type": "Point",
        "coordinates": [
          129.590077,
          28.424747
        ]
      },
      "properties": {
        "NO": "1997",
        "共通ID": "E4652700025111",
        "施設・場所名": "龍瀬小学校",
        "住所": "鹿児島県龍郷町瀬留293",
        "指定緊急避難場所との住所同一": "1",
        "その他市町村長が必要と認める事項": null,
        "受入対象者": null,
        "備考": ""
      }
    },
    {
      "type": "Feature",
      "geometry": {
        "type": "Point",
        "coordinates": [
          129.591142,
          28.422005
        ]
      },
      "properties": {
        "NO": "1998",
        "共通ID": "E4652700045111",
        "施設・場所名": "瀬留生活館",
        "住所": "鹿児島県龍郷町瀬留656",
        "指定緊急避難場所との住所同一": "",
        "その他市町村長が必要と認める事項": "",
        "受入対象者": "",
        "備考": ""
      }
    },
    {
      "type": "Feature",
      "geometry": {
        "type": "Point",
        "coordinates": [
          129.590371,
          28.411941
        ]
      },
      "properties": {
        "NO": "1999",
        "共通ID": "E4652700030111",
        "施設・場所名": "町保健福祉センターどぅくさや館",
        "住所": "鹿児島県龍郷町瀬留967",
        "指定緊急避難場所との住所同一": "1",
        "その他市町村長が必要と認める事項": null,
        "受入対象者": null,
        "備考": ""
      }
    },
    {
      "type": "Feature",
      "geometry": {
        "type": "Point",
        "coordinates": [
          129.619165,
          28.405276
        ]
      },
      "properties": {
        "NO": "2000",
        "共通ID": "E4652700031111",
        "施設・場所名": "手広地区振興センター",
        "住所": "鹿児島県龍郷町赤尾木1689-5",
        "指定緊急避難場所との住所同一": "1",
        "その他市町村長が必要と認める事項": "",
        "受入対象者": "",
        "備考": ""
      }
    },
    {
      "type": "Feature",
      "geometry": {
        "type": "Point",
        "coordinates": [
          129.629712,
          28.41299
        ]
      },
      "properties": {
        "NO": "2001",
        "共通ID": "E4652700032111",
        "施設・場所名": "赤尾木公民館",
        "住所": "鹿児島県龍郷町赤尾木199-1",
        "指定緊急避難場所との住所同一": "1",
        "その他市町村長が必要と認める事項": null,
        "受入対象者": null,
        "備考": ""
      }
    },
    {
      "type": "Feature",
      "geometry": {
        "type": "Point",
        "coordinates": [
          129.624747,
          28.415075
        ]
      },
      "properties": {
        "NO": "2002",
        "共通ID": "E4652700033111",
        "施設・場所名": "赤徳小中学校",
        "住所": "鹿児島県龍郷町赤尾木259",
        "指定緊急避難場所との住所同一": "1",
        "その他市町村長が必要と認める事項": null,
        "受入対象者": null,
        "備考": ""
      }
    },
    {
      "type": "Feature",
      "geometry": {
        "type": "Point",
        "coordinates": [
          129.584601,
          28.396224
        ]
      },
      "properties": {
        "NO": "2003",
        "共通ID": "E4652700034111",
        "施設・場所名": "大勝小学校",
        "住所": "鹿児島県龍郷町大勝1333",
        "指定緊急避難場所との住所同一": "1",
        "その他市町村長が必要と認める事項": null,
        "受入対象者": null,
        "備考": ""
      }
    },
    {
      "type": "Feature",
      "geometry": {
        "type": "Point",
        "coordinates": [
          129.575558,
          28.395755
        ]
      },
      "properties": {
        "NO": "2004",
        "共通ID": "E4652700046111",
        "施設・場所名": "川内へき地集会場",
        "住所": "鹿児島県龍郷町大勝1496",
        "指定緊急避難場所との住所同一": "",
        "その他市町村長が必要と認める事項": "",
        "受入対象者": "",
        "備考": ""
      }
    },
    {
      "type": "Feature",
      "geometry": {
        "type": "Point",
        "coordinates": [
          129.581758,
          28.395489
        ]
      },
      "properties": {
        "NO": "2005",
        "共通ID": "E4652700036111",
        "施設・場所名": "大勝生活館",
        "住所": "鹿児島県龍郷町大勝2238",
        "指定緊急避難場所との住所同一": "1",
        "その他市町村長が必要と認める事項": null,
        "受入対象者": null,
        "備考": ""
      }
    },
    {
      "type": "Feature",
      "geometry": {
        "type": "Point",
        "coordinates": [
          129.571243,
          28.384276
        ]
      },
      "properties": {
        "NO": "2006",
        "共通ID": "E4652700037111",
        "施設・場所名": "中勝公民館",
        "住所": "鹿児島県龍郷町中勝202-1",
        "指定緊急避難場所との住所同一": "1",
        "その他市町村長が必要と認める事項": null,
        "受入対象者": null,
        "備考": ""
      }
    },
    {
      "type": "Feature",
      "geometry": {
        "type": "Point",
        "coordinates": [
          129.604251,
          28.450789
        ]
      },
      "properties": {
        "NO": "2007",
        "共通ID": "E4652700047111",
        "施設・場所名": "龍郷保健福祉館",
        "住所": "鹿児島県龍郷町龍郷158",
        "指定緊急避難場所との住所同一": "",
        "その他市町村長が必要と認める事項": "",
        "受入対象者": "",
        "備考": ""
      }
    },
    {
      "type": "Feature",
      "geometry": {
        "type": "Point",
        "coordinates": [
          129.603605,
          28.45255
        ]
      },
      "properties": {
        "NO": "2008",
        "共通ID": "E4652700039111",
        "施設・場所名": "龍郷小学校",
        "住所": "鹿児島県龍郷町龍郷235",
        "指定緊急避難場所との住所同一": "1",
        "その他市町村長が必要と認める事項": null,
        "受入対象者": null,
        "備考": ""
      }
    },
    {
      "type": "Feature",
      "geometry": {
        "type": "Point",
        "coordinates": [
          128.642928,
          27.41153
        ]
      },
      "properties": {
        "NO": "2009",
        "共通ID": "E4653300001111",
        "施設・場所名": "伊延字公民館",
        "住所": "鹿児島県和泊町伊延1187-2",
        "指定緊急避難場所との住所同一": "",
        "その他市町村長が必要と認める事項": null,
        "受入対象者": null,
        "備考": ""
      }
    },
    {
      "type": "Feature",
      "geometry": {
        "type": "Point",
        "coordinates": [
          128.592345,
          27.390911
        ]
      },
      "properties": {
        "NO": "2010",
        "共通ID": "E4653300002111",
        "施設・場所名": "永嶺字公民館",
        "住所": "鹿児島県和泊町永嶺587-1",
        "指定緊急避難場所との住所同一": "",
        "その他市町村長が必要と認める事項": null,
        "受入対象者": null,
        "備考": ""
      }
    },
    {
      "type": "Feature",
      "geometry": {
        "type": "Point",
        "coordinates": [
          128.626713,
          27.37143
        ]
      },
      "properties": {
        "NO": "2011",
        "共通ID": "E4653300004111",
        "施設・場所名": "皆川字公民館",
        "住所": "鹿児島県和泊町皆川568-1",
        "指定緊急避難場所との住所同一": "",
        "その他市町村長が必要と認める事項": null,
        "受入対象者": null,
        "備考": ""
      }
    },
    {
      "type": "Feature",
      "geometry": {
        "type": "Point",
        "coordinates": [
          128.667249,
          27.40891
        ]
      },
      "properties": {
        "NO": "2012",
        "共通ID": "E4653300005111",
        "施設・場所名": "喜美留字公民館",
        "住所": "鹿児島県和泊町喜美留232-1",
        "指定緊急避難場所との住所同一": "",
        "その他市町村長が必要と認める事項": null,
        "受入対象者": null,
        "備考": ""
      }
    },
    {
      "type": "Feature",
      "geometry": {
        "type": "Point",
        "coordinates": [
          128.627776,
          27.385862
        ]
      },
      "properties": {
        "NO": "2013",
        "共通ID": "E4653300007111",
        "施設・場所名": "玉城字公民館",
        "住所": "鹿児島県和泊町玉城1069-3",
        "指定緊急避難場所との住所同一": "",
        "その他市町村長が必要と認める事項": null,
        "受入対象者": null,
        "備考": ""
      }
    },
    {
      "type": "Feature",
      "geometry": {
        "type": "Point",
        "coordinates": [
          128.636106,
          27.404615
        ]
      },
      "properties": {
        "NO": "2014",
        "共通ID": "E4653300008111",
        "施設・場所名": "畦布字公民館",
        "住所": "鹿児島県和泊町畦布316-3",
        "指定緊急避難場所との住所同一": "",
        "その他市町村長が必要と認める事項": null,
        "受入対象者": null,
        "備考": ""
      }
    },
    {
      "type": "Feature",
      "geometry": {
        "type": "Point",
        "coordinates": [
          128.625429,
          27.367575
        ]
      },
      "properties": {
        "NO": "2015",
        "共通ID": "E4653300009111",
        "施設・場所名": "古里字公民館",
        "住所": "鹿児島県和泊町古里329",
        "指定緊急避難場所との住所同一": "",
        "その他市町村長が必要と認める事項": null,
        "受入対象者": null,
        "備考": ""
      }
    },
    {
      "type": "Feature",
      "geometry": {
        "type": "Point",
        "coordinates": [
          128.593759,
          27.380364
        ]
      },
      "properties": {
        "NO": "2016",
        "共通ID": "E4653300011111",
        "施設・場所名": "後蘭字公民館",
        "住所": "鹿児島県和泊町後蘭248",
        "指定緊急避難場所との住所同一": "",
        "その他市町村長が必要と認める事項": null,
        "受入対象者": null,
        "備考": ""
      }
    },
    {
      "type": "Feature",
      "geometry": {
        "type": "Point",
        "coordinates": [
          128.683804,
          27.425331
        ]
      },
      "properties": {
        "NO": "2017",
        "共通ID": "E4653300013111",
        "施設・場所名": "国頭小学校",
        "住所": "鹿児島県和泊町国頭2904",
        "指定緊急避難場所との住所同一": "1",
        "その他市町村長が必要と認める事項": null,
        "受入対象者": null,
        "備考": ""
      }
    },
    {
      "type": "Feature",
      "geometry": {
        "type": "Point",
        "coordinates": [
          128.685574,
          27.427247
        ]
      },
      "properties": {
        "NO": "2018",
        "共通ID": "E4653300014111",
        "施設・場所名": "国頭字公民館",
        "住所": "鹿児島県和泊町国頭2969-1",
        "指定緊急避難場所との住所同一": "",
        "その他市町村長が必要と認める事項": null,
        "受入対象者": null,
        "備考": ""
      }
    },
    {
      "type": "Feature",
      "geometry": {
        "type": "Point",
        "coordinates": [
          128.614062,
          27.390511
        ]
      },
      "properties": {
        "NO": "2019",
        "共通ID": "E4653300015111",
        "施設・場所名": "研修センター",
        "住所": "鹿児島県和泊町根折1307-2",
        "指定緊急避難場所との住所同一": "",
        "その他市町村長が必要と認める事項": null,
        "受入対象者": null,
        "備考": ""
      }
    },
    {
      "type": "Feature",
      "geometry": {
        "type": "Point",
        "coordinates": [
          128.61897,
          27.395302
        ]
      },
      "properties": {
        "NO": "2020",
        "共通ID": "E4653300016111",
        "施設・場所名": "根折字公民館",
        "住所": "鹿児島県和泊町根折524-4",
        "指定緊急避難場所との住所同一": "",
        "その他市町村長が必要と認める事項": null,
        "受入対象者": null,
        "備考": ""
      }
    },
    {
      "type": "Feature",
      "geometry": {
        "type": "Point",
        "coordinates": [
          128.651311,
          27.40344
        ]
      },
      "properties": {
        "NO": "2021",
        "共通ID": "E4653300017111",
        "施設・場所名": "上手々知名字公民館",
        "住所": "鹿児島県和泊町手々知名1022-2",
        "指定緊急避難場所との住所同一": "",
        "その他市町村長が必要と認める事項": null,
        "受入対象者": null,
        "備考": ""
      }
    },
    {
      "type": "Feature",
      "geometry": {
        "type": "Point",
        "coordinates": [
          128.65963,
          27.399176
        ]
      },
      "properties": {
        "NO": "2022",
        "共通ID": "E4653300018111",
        "施設・場所名": "えらぶ長浜館",
        "住所": "鹿児島県和泊町手々知名483-1",
        "指定緊急避難場所との住所同一": "",
        "その他市町村長が必要と認める事項": null,
        "受入対象者": null,
        "備考": ""
      }
    },
    {
      "type": "Feature",
      "geometry": {
        "type": "Point",
        "coordinates": [
          128.653969,
          27.414044
        ]
      },
      "properties": {
        "NO": "2023",
        "共通ID": "E4653300019111",
        "施設・場所名": "出花字公民館",
        "住所": "鹿児島県和泊町出花799-1",
        "指定緊急避難場所との住所同一": "",
        "その他市町村長が必要と認める事項": null,
        "受入対象者": null,
        "備考": ""
      }
    },
    {
      "type": "Feature",
      "geometry": {
        "type": "Point",
        "coordinates": [
          128.580844,
          27.392583
        ]
      },
      "properties": {
        "NO": "2024",
        "共通ID": "E4653300020111",
        "施設・場所名": "仁志字公民館",
        "住所": "鹿児島県和泊町仁志255",
        "指定緊急避難場所との住所同一": "",
        "その他市町村長が必要と認める事項": null,
        "受入対象者": null,
        "備考": ""
      }
    },
    {
      "type": "Feature",
      "geometry": {
        "type": "Point",
        "coordinates": [
          128.604836,
          27.392228
        ]
      },
      "properties": {
        "NO": "2025",
        "共通ID": "E4653300022111",
        "施設・場所名": "瀬名字公民館",
        "住所": "鹿児島県和泊町瀬名1003",
        "指定緊急避難場所との住所同一": "",
        "その他市町村長が必要と認める事項": null,
        "受入対象者": null,
        "備考": ""
      }
    },
    {
      "type": "Feature",
      "geometry": {
        "type": "Point",
        "coordinates": [
          128.666492,
          27.420794
        ]
      },
      "properties": {
        "NO": "2026",
        "共通ID": "E4653300024111",
        "施設・場所名": "西原字公民館",
        "住所": "鹿児島県和泊町西原1091-1",
        "指定緊急避難場所との住所同一": "",
        "その他市町村長が必要と認める事項": null,
        "受入対象者": null,
        "備考": ""
      }
    },
    {
      "type": "Feature",
      "geometry": {
        "type": "Point",
        "coordinates": [
          128.662744,
          27.402076
        ]
      },
      "properties": {
        "NO": "2027",
        "共通ID": "E4653300025111",
        "施設・場所名": "和泊中学校",
        "住所": "鹿児島県和泊町大字手々知名130",
        "指定緊急避難場所との住所同一": "",
        "その他市町村長が必要と認める事項": null,
        "受入対象者": null,
        "備考": ""
      }
    },
    {
      "type": "Feature",
      "geometry": {
        "type": "Point",
        "coordinates": [
          128.651531,
          27.395201
        ]
      },
      "properties": {
        "NO": "2028",
        "共通ID": "E4653300026111",
        "施設・場所名": "やすらぎ館",
        "住所": "鹿児島県和泊町大字和泊727",
        "指定緊急避難場所との住所同一": "",
        "その他市町村長が必要と認める事項": null,
        "受入対象者": null,
        "備考": ""
      }
    },
    {
      "type": "Feature",
      "geometry": {
        "type": "Point",
        "coordinates": [
          128.621152,
          27.379205
        ]
      },
      "properties": {
        "NO": "2029",
        "共通ID": "E4653300027111",
        "施設・場所名": "大城字公民館",
        "住所": "鹿児島県和泊町大城358-2",
        "指定緊急避難場所との住所同一": "",
        "その他市町村長が必要と認める事項": null,
        "受入対象者": null,
        "備考": ""
      }
    },
    {
      "type": "Feature",
      "geometry": {
        "type": "Point",
        "coordinates": [
          128.624527,
          27.381013
        ]
      },
      "properties": {
        "NO": "2030",
        "共通ID": "E4653300028111",
        "施設・場所名": "大城小学校",
        "住所": "鹿児島県和泊町大城650-1",
        "指定緊急避難場所との住所同一": "",
        "その他市町村長が必要と認める事項": null,
        "受入対象者": null,
        "備考": ""
      }
    },
    {
      "type": "Feature",
      "geometry": {
        "type": "Point",
        "coordinates": [
          128.582712,
          27.382753
        ]
      },
      "properties": {
        "NO": "2031",
        "共通ID": "E4653300030111",
        "施設・場所名": "谷山字公民館",
        "住所": "鹿児島県和泊町谷山758",
        "指定緊急避難場所との住所同一": "",
        "その他市町村長が必要と認める事項": null,
        "受入対象者": null,
        "備考": ""
      }
    },
    {
      "type": "Feature",
      "geometry": {
        "type": "Point",
        "coordinates": [
          128.617814,
          27.382183
        ]
      },
      "properties": {
        "NO": "2032",
        "共通ID": "E4653300031111",
        "施設・場所名": "城ケ丘中学校",
        "住所": "鹿児島県和泊町内城161",
        "指定緊急避難場所との住所同一": "1",
        "その他市町村長が必要と認める事項": null,
        "受入対象者": null,
        "備考": ""
      }
    },
    {
      "type": "Feature",
      "geometry": {
        "type": "Point",
        "coordinates": [
          128.60534,
          27.382598
        ]
      },
      "properties": {
        "NO": "2033",
        "共通ID": "E4653300033111",
        "施設・場所名": "内城小学校",
        "住所": "鹿児島県和泊町内城516-1",
        "指定緊急避難場所との住所同一": "1",
        "その他市町村長が必要と認める事項": null,
        "受入対象者": null,
        "備考": ""
      }
    },
    {
      "type": "Feature",
      "geometry": {
        "type": "Point",
        "coordinates": [
          128.608753,
          27.382139
        ]
      },
      "properties": {
        "NO": "2034",
        "共通ID": "E4653300034111",
        "施設・場所名": "内城字公民館",
        "住所": "鹿児島県和泊町内城531",
        "指定緊急避難場所との住所同一": "",
        "その他市町村長が必要と認める事項": null,
        "受入対象者": null,
        "備考": ""
      }
    },
    {
      "type": "Feature",
      "geometry": {
        "type": "Point",
        "coordinates": [
          128.640687,
          27.394096
        ]
      },
      "properties": {
        "NO": "2035",
        "共通ID": "E4653300035111",
        "施設・場所名": "和字公民館",
        "住所": "鹿児島県和泊町和403-1",
        "指定緊急避難場所との住所同一": "",
        "その他市町村長が必要と認める事項": null,
        "受入対象者": null,
        "備考": ""
      }
    },
    {
      "type": "Feature",
      "geometry": {
        "type": "Point",
        "coordinates": [
          128.654129,
          27.391496
        ]
      },
      "properties": {
        "NO": "2036",
        "共通ID": "E4653300036121",
        "施設・場所名": "和泊町社会福祉センター",
        "住所": "鹿児島県和泊町和泊39-3",
        "指定緊急避難場所との住所同一": "",
        "その他市町村長が必要と認める事項": null,
        "受入対象者": "町が特定した要配慮者若干名及びその家族等",
        "備考": ""
      }
    },
    {
      "type": "Feature",
      "geometry": {
        "type": "Point",
        "coordinates": [
          128.650394,
          27.400652
        ]
      },
      "properties": {
        "NO": "2037",
        "共通ID": "E4653300038111",
        "施設・場所名": "和泊小学校",
        "住所": "鹿児島県和泊町和泊920-1",
        "指定緊急避難場所との住所同一": "",
        "その他市町村長が必要と認める事項": null,
        "受入対象者": null,
        "備考": ""
      }
    }
  ]
}